1780864326318 2.322040557861328 0
1780864326330 2.324266195297241 1
1780864326335 2.3022215366363525 2
1780864326342 2.2158894538879395 3
1780864326346 2.1763033866882324 4
1780864326351 2.2065041065216064 5
1780864326358 2.0385255813598633 6
1780864326363 2.091930627822876 7
1780864326368 2.101243495941162 8
1780864326372 1.9582728147506714 9
1780864326376 1.9729247093200684 10
1780864326380 1.8713642358779907 11
1780864326385 1.8125840425491333 12
1780864326390 1.729878306388855 13
1780864326394 1.8041541576385498 14
1780864326399 1.6033363342285156 15
1780864326403 1.5229721069335938 16
1780864326407 1.6072335243225098 17
1780864326413 1.320984959602356 18
1780864326417 1.4726629257202148 19
1780864326421 1.261207103729248 20
1780864326426 1.195754885673523 21
1780864326431 1.2207450866699219 22
1780864326435 1.1515883207321167 23
1780864326440 1.1902602910995483 24
1780864326445 1.1124323606491089 25
1780864326451 0.9908854365348816 26
1780864326455 1.1812063455581665 27
1780864326460 1.0981652736663818 28
1780864326465 0.8851956725120544 29
1780864326469 1.1151776313781738 30
1780864326477 0.842278242111206 31
1780864326486 0.9146447777748108 32
1780864326492 0.8808056116104126 33
1780864326498 1.1539899110794067 34
1780864326504 1.048764705657959 35
1780864326509 0.9378962516784668 36
1780864326514 0.8325868248939514 37
1780864326520 0.6449886560440063 38
1780864326526 0.8038443922996521 39
1780864326532 0.7902385592460632 40
1780864326537 0.6241347193717957 41
1780864326541 0.6527294516563416 42
1780864326546 0.6633337140083313 43
1780864326551 0.7277897596359253 44
1780864326555 0.6917442083358765 45
1780864326560 0.7646287083625793 46
1780864326565 0.7286181449890137 47
1780864326570 0.6376792192459106 48
1780864326575 0.714622974395752 49
1780864326579 0.4977109432220459 50
1780864326585 0.6238424181938171 51
1780864326589 0.6934662461280823 52
1780864326595 0.5311514735221863 53
1780864326601 0.8363866209983826 54
1780864326606 0.658090353012085 55
1780864326609 0.5581825971603394 56
1780864326614 0.5556941032409668 57
1780864326618 0.7067369818687439 58
1780864326622 0.4428769648075104 59
1780864326627 0.5529422760009766 60
1780864326633 0.6583343148231506 61
1780864326638 0.4001592695713043 62
1780864326643 0.527271568775177 63
1780864326648 0.6090366244316101 64
1780864326653 0.5050502419471741 65
1780864326659 0.4439372420310974 66
1780864326664 0.656471312046051 67
1780864326669 0.47768115997314453 68
1780864326674 0.6932635307312012 69
1780864326678 0.5377021431922913 70
1780864326686 0.5641031265258789 71
1780864326690 0.4586431086063385 72
1780864326695 0.34404703974723816 73
1780864326700 0.37812870740890503 74
1780864326706 0.43331193923950195 75
1780864326711 0.91311115026474 76
1780864326715 0.7242099046707153 77
1780864326719 0.3888256251811981 78
1780864326724 0.44083425402641296 79
1780864326731 0.4653331935405731 80
1780864326735 0.43617457151412964 81
1780864326740 0.6147603988647461 82
1780864326743 0.3921211063861847 83
1780864326747 0.552095353603363 84
1780864326752 0.5304868817329407 85
1780864326757 0.36286696791648865 86
1780864326762 0.34665077924728394 87
1780864326766 0.36976659297943115 88
1780864326771 0.5074764490127563 89
1780864326776 0.35561636090278625 90
1780864326781 0.3984280228614807 91
1780864326785 0.2912106513977051 92
1780864326790 0.5229582190513611 93
1780864326794 0.4894716739654541 94
1780864326801 0.4199412763118744 95
1780864326805 0.29919546842575073 96
1780864326811 0.25408393144607544 97
1780864326815 0.3936077356338501 98
1780864326820 0.5812860727310181 99
1780864326827 0.37976571917533875 100
1780864326830 0.3147325813770294 101
1780864326835 0.5196391940116882 102
1780864326840 0.6327915191650391 103
1780864326845 0.3742375373840332 104
1780864326851 0.33845654129981995 105
1780864326855 0.525334358215332 106
1780864326860 0.433342844247818 107
1780864326864 0.3265905976295471 108
1780864326869 0.5376769304275513 109
1780864326873 0.3127813935279846 110
1780864326879 0.43115925788879395 111
1780864326883 0.4658801853656769 112
1780864326887 0.5426161289215088 113
1780864326891 0.5792759656906128 114
1780864326896 0.4014439880847931 115
1780864326899 0.33397287130355835 116
1780864326904 0.414950966835022 117
1780864326908 0.40803012251853943 118
1780864326914 0.4016135036945343 119
1780864326919 0.5711753368377686 120
1780864326924 0.4101918935775757 121
1780864326929 0.5786262154579163 122
1780864326933 0.516285240650177 123
1780864326937 0.33302149176597595 124
1780864326944 0.5302714705467224 125
1780864326948 0.3231942057609558 126
1780864326952 0.4782950282096863 127
1780864326957 0.6018308401107788 128
1780864326962 0.3428298234939575 129
1780864326968 0.30025753378868103 130
1780864326972 0.29096919298171997 131
1780864326976 0.4103829264640808 132
1780864326980 0.3844386041164398 133
1780864326984 0.41884511709213257 134
1780864326989 0.3044024109840393 135
1780864326994 0.41724133491516113 136
1780864326998 0.176913782954216 137
1780864327003 0.40328094363212585 138
1780864327008 0.38488173484802246 139
1780864327013 0.5696092247962952 140
1780864327016 0.3016871213912964 141
1780864327021 0.926239013671875 142
1780864327025 0.45167040824890137 143
1780864327030 0.5612933039665222 144
1780864327036 0.35612964630126953 145
1780864327041 0.28857868909835815 146
1780864327047 0.3557659089565277 147
1780864327051 0.47801077365875244 148
1780864327055 0.4375986158847809 149
1780864327059 0.408395916223526 150
1780864327064 0.43934643268585205 151
1780864327069 0.23735229671001434 152
1780864327074 0.3389440178871155 153
1780864327078 0.790254533290863 154
1780864327083 0.31663620471954346 155
1780864327087 0.6422415971755981 156
1780864327092 0.4425402879714966 157
1780864327095 0.4608256220817566 158
1780864327102 0.31434476375579834 159
1780864327105 0.2863278388977051 160
1780864327110 0.3599439561367035 161
1780864327115 0.31806907057762146 162
1780864327120 0.36136630177497864 163
1780864327124 0.4054468870162964 164
1780864327130 0.373806893825531 165
1780864327135 0.5438269972801208 166
1780864327140 0.4235062599182129 167
1780864327143 0.446755588054657 168
1780864327147 0.20243903994560242 169
1780864327154 0.5363206267356873 170
1780864327157 0.41068369150161743 171
1780864327162 0.5800923109054565 172
1780864327167 0.40715572237968445 173
1780864327171 0.46998894214630127 174
1780864327176 0.272736519575119 175
1780864327181 0.382016658782959 176
1780864327187 0.3842920660972595 177
1780864327192 0.2039710432291031 178
1780864327196 0.4192676842212677 179
1780864327202 0.3180362582206726 180
1780864327206 0.38517048954963684 181
1780864327211 0.43026432394981384 182
1780864327217 0.3886093497276306 183
1780864327222 0.39079171419143677 184
1780864327227 0.281406432390213 185
1780864327232 0.4285944998264313 186
1780864327239 0.4217489957809448 187
1780864327244 0.45287248492240906 188
1780864327248 0.45750463008880615 189
1780864327255 0.48705360293388367 190
1780864327260 0.2713383734226227 191
1780864327266 0.27980369329452515 192
1780864327274 0.2537192702293396 193
1780864327278 0.3090375065803528 194
1780864327284 0.45099225640296936 195
1780864327289 0.39903971552848816 196
1780864327295 0.19787193834781647 197
1780864327305 0.3844496011734009 198
1780864327310 0.5960452556610107 199
1780864327318 0.3711513578891754 200
1780864327323 0.37708649039268494 201
1780864327328 0.3193504810333252 202
1780864327333 0.37495875358581543 203
1780864327337 0.21947260200977325 204
1780864327342 0.380064994096756 205
1780864327348 0.4390573799610138 206
1780864327353 0.3001997470855713 207
1780864327361 0.3546754717826843 208
1780864327365 0.25446176528930664 209
1780864327372 0.39567917585372925 210
1780864327380 0.2897094488143921 211
1780864327387 0.42754074931144714 212
1780864327393 0.43349242210388184 213
1780864327398 0.3176629841327667 214
1780864327406 0.435632586479187 215
1780864327412 0.22296741604804993 216
1780864327417 0.5637227892875671 217
1780864327423 0.2337452471256256 218
1780864327428 0.27631711959838867 219
1780864327434 0.2674798369407654 220
1780864327438 0.32402271032333374 221
1780864327443 0.4512670934200287 222
1780864327447 0.31735485792160034 223
1780864327454 0.34876006841659546 224
1780864327462 0.21226593852043152 225
1780864327469 0.4105200171470642 226
1780864327474 0.3246235251426697 227
1780864327480 0.42047253251075745 228
1780864327485 0.38010117411613464 229
1780864327490 0.733086347579956 230
1780864327494 0.4776592254638672 231
1780864327500 0.26972052454948425 232
1780864327504 0.45783549547195435 233
1780864327509 0.4241659939289093 234
1780864327514 0.15584835410118103 235
1780864327521 0.16301539540290833 236
1780864327526 0.3974035680294037 237
1780864327531 0.4705747961997986 238
1780864327539 0.35611170530319214 239
1780864327545 0.3639833927154541 240
1780864327550 0.4258241057395935 241
1780864327555 0.41109025478363037 242
1780864327559 0.34733787178993225 243
1780864327564 0.28528401255607605 244
1780864327568 0.6813657283782959 245
1780864327573 0.28281766176223755 246
1780864327577 0.286118745803833 247
1780864327582 0.4341872036457062 248
1780864327587 0.413140207529068 249
1780864327593 0.3223056197166443 250
1780864327597 0.18943864107131958 251
1780864327601 0.35571253299713135 252
1780864327606 0.21920840442180634 253
1780864327613 0.28432732820510864 254
1780864327618 0.29644104838371277 255
1780864327623 0.20027396082878113 256
1780864327627 0.22263598442077637 257
1780864327632 0.291251003742218 258
1780864327637 0.27157309651374817 259
1780864327642 0.37039247155189514 260
1780864327646 0.5977134704589844 261
1780864327652 0.5083791613578796 262
1780864327657 0.622613787651062 263
1780864327662 0.35620465874671936 264
1780864327667 0.31926509737968445 265
1780864327672 0.3653869926929474 266
1780864327675 0.6869024634361267 267
1780864327681 0.39376741647720337 268
1780864327686 0.4021912217140198 269
1780864327690 0.5246145129203796 270
1780864327696 0.39289647340774536 271
1780864327702 0.15153451263904572 272
1780864327706 0.3455665409564972 273
1780864327710 0.6637924313545227 274
1780864327716 0.4637987017631531 275
1780864327721 0.24576209485530853 276
1780864327728 0.2697015404701233 277
1780864327732 0.23231300711631775 278
1780864327737 0.38502049446105957 279
1780864327742 0.21841205656528473 280
1780864327745 0.5977994203567505 281
1780864327750 0.40872475504875183 282
1780864327754 0.48321619629859924 283
1780864327760 0.4752425253391266 284
1780864327766 0.3516697883605957 285
1780864327770 0.3023239076137543 286
1780864327774 0.23261097073554993 287
1780864327779 0.3542511761188507 288
1780864327784 0.3618171215057373 289
1780864327790 0.44302648305892944 290
1780864327795 0.38567784428596497 291
1780864327800 0.46311065554618835 292
1780864327806 0.4528692066669464 293
1780864327811 0.46746665239334106 294
1780864327817 0.39299893379211426 295
1780864327822 0.4393964409828186 296
1780864327826 0.5222036242485046 297
1780864327832 0.45992130041122437 298
1780864327837 0.3408135175704956 299
1780864327842 0.29995349049568176 300
1780864327847 0.3138611912727356 301
1780864327853 0.47550809383392334 302
1780864327858 0.33510127663612366 303
1780864327864 0.23954063653945923 304
1780864327869 0.3284337818622589 305
1780864327875 0.35661500692367554 306
1780864327881 0.455349326133728 307
1780864327887 0.4400072991847992 308
1780864327893 0.2728143036365509 309
1780864327898 0.2664276659488678 310
1780864327903 0.3069511353969574 311
1780864327908 0.31044623255729675 312
1780864327913 0.397948682308197 313
1780864327917 0.277326762676239 314
1780864327920 0.28503209352493286 315
1780864327928 0.2926771640777588 316
1780864327933 0.2372298687696457 317
1780864327937 0.38902348279953003 318
1780864327942 0.23627124726772308 319
1780864327948 0.35581642389297485 320
1780864327953 0.43769657611846924 321
1780864327961 0.33476290106773376 322
1780864327964 0.180624857544899 323
1780864327970 0.25028303265571594 324
1780864327976 0.26108962297439575 325
1780864327982 0.38664671778678894 326
1780864327986 0.3052254915237427 327
1780864327992 0.5500071048736572 328
1780864327997 0.28697633743286133 329
1780864328001 0.3645760118961334 330
1780864328007 0.23493853211402893 331
1780864328011 0.5635695457458496 332
1780864328017 0.2652186453342438 333
1780864328021 0.439971387386322 334
1780864328025 0.4548918306827545 335
1780864328029 0.28336936235427856 336
1780864328032 0.3341057002544403 337
1780864328036 0.21359330415725708 338
1780864328041 0.2722858786582947 339
1780864328047 0.36569279432296753 340
1780864328053 0.24037380516529083 341
1780864328059 0.28797096014022827 342
1780864328064 0.2938029170036316 343
1780864328071 0.3816806674003601 344
1780864328078 0.24613559246063232 345
1780864328082 0.13486315310001373 346
1780864328087 0.2990286648273468 347
1780864328091 0.33892062306404114 348
1780864328096 0.22626452147960663 349
1780864328102 0.2076096087694168 350
1780864328107 0.21395741403102875 351
1780864328112 0.34734827280044556 352
1780864328116 0.2363145649433136 353
1780864328121 0.23797915875911713 354
1780864328125 0.32317954301834106 355
1780864328132 0.30060121417045593 356
1780864328136 0.29186007380485535 357
1780864328141 0.2559390366077423 358
1780864328147 0.3175033628940582 359
1780864328153 0.318984717130661 360
1780864328157 0.2429584562778473 361
1780864328162 0.2780155539512634 362
1780864328168 0.19769592583179474 363
1780864328174 0.4737585783004761 364
1780864328179 0.2739928066730499 365
1780864328184 0.27663883566856384 366
1780864328190 0.43151336908340454 367
1780864328195 0.18983957171440125 368
1780864328199 0.31033581495285034 369
1780864328204 0.15155896544456482 370
1780864328211 0.2173251062631607 371
1780864328217 0.3777317702770233 372
1780864328224 0.1578894406557083 373
1780864328229 0.20524632930755615 374
1780864328234 0.5407297015190125 375
1780864328239 0.377754271030426 376
1780864328243 0.1809639036655426 377
1780864328248 0.1032501757144928 378
1780864328252 0.31198444962501526 379
1780864328257 0.2758323550224304 380
1780864328262 0.4636596143245697 381
1780864328266 0.47246384620666504 382
1780864328269 0.4702345132827759 383
1780864328273 0.20240874588489532 384
1780864328277 0.32751020789146423 385
1780864328283 0.30024027824401855 386
1780864328288 0.27987557649612427 387
1780864328291 0.279851496219635 388
1780864328297 0.1748533695936203 389
1780864328302 0.18254460394382477 390
1780864328305 0.276906818151474 391
1780864328310 0.42601439356803894 392
1780864328316 0.2029314637184143 393
1780864328322 0.19248732924461365 394
1780864328327 0.2170436978340149 395
1780864328332 0.10310795158147812 396
1780864328336 0.2045976221561432 397
1780864328342 0.14081302285194397 398
1780864328347 0.27695366740226746 399
1780864328352 0.3154410719871521 400
1780864328358 0.09744954854249954 401
1780864328363 0.28950515389442444 402
1780864328367 0.16336758434772491 403
1780864328373 0.25227218866348267 404
1780864328378 0.2895381450653076 405
1780864328382 0.18654125928878784 406
1780864328387 0.28161391615867615 407
1780864328393 0.3840785324573517 408
1780864328397 0.3203184902667999 409
1780864328401 0.21009568870067596 410
1780864328406 0.13068385422229767 411
1780864328411 0.19281522929668427 412
1780864328415 0.3073403835296631 413
1780864328419 0.19824883341789246 414
1780864328424 0.13898448646068573 415
1780864328430 0.4127035439014435 416
1780864328434 0.31058430671691895 417
1780864328439 0.21704614162445068 418
1780864328444 0.4433659613132477 419
1780864328450 0.23753347992897034 420
1780864328454 0.42436525225639343 421
1780864328459 0.22629836201667786 422
1780864328463 0.2128995954990387 423
1780864328466 0.12886320054531097 424
1780864328470 0.4540228843688965 425
1780864328475 0.35393673181533813 426
1780864328480 0.2092902958393097 427
1780864328486 0.3027397394180298 428
1780864328490 0.07066448777914047 429
1780864328495 0.395488977432251 430
1780864328500 0.147552952170372 431
1780864328505 0.3250477910041809 432
1780864328511 0.17848432064056396 433
1780864328515 0.46570706367492676 434
1780864328521 0.4623897969722748 435
1780864328526 0.23753584921360016 436
1780864328531 0.2990301847457886 437
1780864328537 0.11438768357038498 438
1780864328541 0.18953122198581696 439
1780864328547 0.1579262912273407 440
1780864328551 0.48398855328559875 441
1780864328556 0.12987762689590454 442
1780864328562 0.3064878582954407 443
1780864328566 0.2469760626554489 444
1780864328572 0.35660871863365173 445
1780864328578 0.22471430897712708 446
1780864328582 0.15129800140857697 447
1780864328586 0.2205040603876114 448
1780864328591 0.21398001909255981 449
1780864328597 0.17454765737056732 450
1780864328601 0.26044508814811707 451
1780864328606 0.147578164935112 452
1780864328611 0.2534385919570923 453
1780864328620 0.28706544637680054 454
1780864328625 0.11898070573806763 455
1780864328630 0.24529924988746643 456
1780864328634 0.22060522437095642 457
1780864328639 0.26675450801849365 458
1780864328644 0.338506281375885 459
1780864328650 0.119575634598732 460
1780864328654 0.5709652304649353 461
1780864328660 0.2168111950159073 462
1780864328664 0.41472312808036804 463
1780864328668 0.13449113070964813 464
1780864328672 0.3834700882434845 465
1780864328678 0.06575385481119156 466
1780864328683 0.45743921399116516 467
1780864328687 0.19883109629154205 468
1780864328692 0.17502443492412567 469
1780864328696 0.16832837462425232 470
1780864328701 0.3057132959365845 471
1780864328706 0.38378408551216125 472
1780864328711 0.2613391578197479 473
1780864328716 0.15938593447208405 474
1780864328721 0.2826516926288605 475
1780864328726 0.3215416669845581 476
1780864328731 0.22659629583358765 477
1780864328736 0.3284105658531189 478
1780864328741 0.17195962369441986 479
1780864328746 0.21118442714214325 480
1780864328751 0.3783828020095825 481
1780864328757 0.33241572976112366 482
1780864328762 0.08392535150051117 483
1780864328767 0.0726352408528328 484
1780864328771 0.49448826909065247 485
1780864328776 0.2115040123462677 486
1780864328782 0.17068363726139069 487
1780864328786 0.2735338807106018 488
1780864328792 0.22319285571575165 489
1780864328797 0.21571360528469086 490
1780864328801 0.2150692492723465 491
1780864328805 0.30076661705970764 492
1780864328812 0.21414659917354584 493
1780864328816 0.28164592385292053 494
1780864328821 0.19923044741153717 495
1780864328827 0.18065431714057922 496
1780864328831 0.4459013044834137 497
1780864328837 0.15715137124061584 498
1780864328842 0.18244269490242004 499
1780864328847 0.20304232835769653 500
1780864328851 0.29992812871932983 501
1780864328856 0.17952381074428558 502
1780864328862 0.22525005042552948 503
1780864328866 0.2867226302623749 504
1780864328871 0.2687245011329651 505
1780864328876 0.24380281567573547 506
1780864328881 0.15381717681884766 507
1780864328886 0.15040186047554016 508
1780864328890 0.23243194818496704 509
1780864328895 0.2255372703075409 510
1780864328901 0.15669865906238556 511
1780864328905 0.1839958280324936 512
1780864328911 0.1497495174407959 513
1780864328915 0.18228790163993835 514
1780864328920 0.2248070240020752 515
1780864328924 0.31966477632522583 516
1780864328929 0.17480042576789856 517
1780864328934 0.09048379957675934 518
1780864328940 0.4776809513568878 519
1780864328945 0.19018039107322693 520
1780864328949 0.21888306736946106 521
1780864328953 0.41168519854545593 522
1780864328957 0.1700965017080307 523
1780864328962 0.13653436303138733 524
1780864328967 0.14524412155151367 525
1780864328972 0.21979846060276031 526
1780864328976 0.2071053683757782 527
1780864328981 0.28370344638824463 528
1780864328985 0.16493022441864014 529
1780864328992 0.2939186096191406 530
1780864328996 0.15728157758712769 531
1780864329000 0.11426747590303421 532
1780864329004 0.14384454488754272 533
1780864329010 0.2745285928249359 534
1780864329014 0.20637112855911255 535
1780864329018 0.13339248299598694 536
1780864329022 0.24774225056171417 537
1780864329026 0.2773144841194153 538
1780864329030 0.23235352337360382 539
1780864329034 0.18568560481071472 540
1780864329038 0.20972880721092224 541
1780864329042 0.3979729413986206 542
1780864329045 0.2652323246002197 543
1780864329049 0.30089136958122253 544
1780864329056 0.21395228803157806 545
1780864329060 0.12963280081748962 546
1780864329064 0.21238169074058533 547
1780864329068 0.21949651837348938 548
1780864329072 0.08070866763591766 549
1780864329076 0.2838454842567444 550
1780864329080 0.17590957880020142 551
1780864329084 0.24355058372020721 552
1780864329088 0.15240275859832764 553
1780864329091 0.2576058804988861 554
1780864329096 0.16021691262722015 555
1780864329102 0.33594852685928345 556
1780864329105 0.20789822936058044 557
1780864329110 0.18599778413772583 558
1780864329115 0.2061384916305542 559
1780864329119 0.14943185448646545 560
1780864329124 0.15037545561790466 561
1780864329131 0.10319274663925171 562
1780864329134 0.19382242858409882 563
1780864329140 0.2510061264038086 564
1780864329144 0.11167969554662704 565
1780864329150 0.39576834440231323 566
1780864329154 0.13370920717716217 567
1780864329158 0.21719865500926971 568
1780864329163 0.1993580460548401 569
1780864329168 0.19408397376537323 570
1780864329174 0.1845817267894745 571
1780864329178 0.1494353860616684 572
1780864329184 0.22034260630607605 573
1780864329189 0.15197621285915375 574
1780864329194 0.26211655139923096 575
1780864329198 0.15670041739940643 576
1780864329204 0.3080257773399353 577
1780864329208 0.1812785565853119 578
1780864329211 0.1947159469127655 579
1780864329217 0.24969565868377686 580
1780864329223 0.15875957906246185 581
1780864329226 0.27732542157173157 582
1780864329230 0.16873443126678467 583
1780864329235 0.12680643796920776 584
1780864329240 0.40668627619743347 585
1780864329245 0.14802712202072144 586
1780864329248 0.3585360646247864 587
1780864329253 0.09870508313179016 588
1780864329257 0.2601609528064728 589
1780864329262 0.1796712875366211 590
1780864329267 0.208475723862648 591
1780864329271 0.35592812299728394 592
1780864329276 0.11388983577489853 593
1780864329280 0.20078672468662262 594
1780864329287 0.17586463689804077 595
1780864329291 0.2668026089668274 596
1780864329295 0.25571972131729126 597
1780864329300 0.32019904255867004 598
1780864329304 0.09514935314655304 599
1780864329308 0.21565720438957214 600
1780864329312 0.23100127279758453 601
1780864329316 0.14073292911052704 602
1780864329321 0.11762558668851852 603
1780864329325 0.3900819420814514 604
1780864329329 0.2520032823085785 605
1780864329336 0.18960601091384888 606
1780864329341 0.14500823616981506 607
1780864329346 0.3768772780895233 608
1780864329350 0.3771324157714844 609
1780864329354 0.5412966012954712 610
1780864329358 0.24561016261577606 611
1780864329363 0.16714756190776825 612
1780864329368 0.5852760672569275 613
1780864329373 0.2102583348751068 614
1780864329376 0.3043062686920166 615
1780864329381 0.1809137910604477 616
1780864329388 0.10428950935602188 617
1780864329393 0.255121648311615 618
1780864329397 0.5132779479026794 619
1780864329402 0.14954453706741333 620
1780864329408 0.28066694736480713 621
1780864329413 0.20304664969444275 622
1780864329417 0.20984932780265808 623
1780864329423 0.22124157845973969 624
1780864329427 0.28299739956855774 625
1780864329436 0.17272445559501648 626
1780864329442 0.3790540397167206 627
1780864329447 0.2804831564426422 628
1780864329452 0.23232440650463104 629
1780864329457 0.29528141021728516 630
1780864329462 0.2698577344417572 631
1780864329466 0.2717748284339905 632
1780864329474 0.29716649651527405 633
1780864329481 0.206636443734169 634
1780864329485 0.2912578880786896 635
1780864329490 0.2656698226928711 636
1780864329495 0.2336527556180954 637
1780864329500 0.41232767701148987 638
1780864329505 0.4484823942184448 639
1780864329511 0.5234848856925964 640
1780864329516 0.30319613218307495 641
1780864329521 0.2529684603214264 642
1780864329528 0.23423463106155396 643
1780864329534 0.21055330336093903 644
1780864329538 0.26127156615257263 645
1780864329543 0.34412479400634766 646
1780864329547 0.2257814258337021 647
1780864329552 0.19941408932209015 648
1780864329558 0.44194021821022034 649
1780864329563 0.1205773651599884 650
1780864329569 0.22009143233299255 651
1780864329575 0.25209322571754456 652
1780864329580 0.22189520299434662 653
1780864329585 0.24079503118991852 654
1780864329590 0.08499576151371002 655
1780864329595 0.36874812841415405 656
1780864329599 0.10106836259365082 657
1780864329604 0.24205264449119568 658
1780864329609 0.11728470027446747 659
1780864329614 0.07352147996425629 660
1780864329618 0.18444854021072388 661
1780864329623 0.19485948979854584 662
1780864329628 0.20441143214702606 663
1780864329632 0.41136059165000916 664
1780864329638 0.2877160310745239 665
1780864329643 0.26578161120414734 666
1780864329647 0.22844868898391724 667
1780864329652 0.13381244242191315 668
1780864329656 0.12332648783922195 669
1780864329663 0.17334209382534027 670
1780864329669 0.2275875210762024 671
1780864329673 0.08558529615402222 672
1780864329678 0.1712389439344406 673
1780864329683 0.27592167258262634 674
1780864329687 0.1058347299695015 675
1780864329694 0.3920471966266632 676
1780864329700 0.39416468143463135 677
1780864329707 0.2567090094089508 678
1780864329713 0.14916180074214935 679
1780864329720 0.15831859409809113 680
1780864329724 0.12560175359249115 681
1780864329730 0.19103829562664032 682
1780864329736 0.12914955615997314 683
1780864329740 0.25656208395957947 684
1780864329744 0.2140527218580246 685
1780864329749 0.06796547025442123 686
1780864329755 0.2557331621646881 687
1780864329759 0.09542109072208405 688
1780864329765 0.21432141959667206 689
1780864329769 0.16807523369789124 690
1780864329774 0.22568975389003754 691
1780864329780 0.2672368288040161 692
1780864329785 0.2414572536945343 693
1780864329789 0.2037276178598404 694
1780864329793 0.3309532701969147 695
1780864329800 0.11602537333965302 696
1780864329805 0.32466235756874084 697
1780864329810 0.17193233966827393 698
1780864329816 0.2216997742652893 699
1780864329821 0.18049503862857819 700
1780864329825 0.466918021440506 701
1780864329832 0.22052672505378723 702
1780864329838 0.320829838514328 703
1780864329842 0.2533564567565918 704
1780864329848 0.10043363273143768 705
1780864329852 0.38056764006614685 706
1780864329857 0.2343830019235611 707
1780864329862 0.21814362704753876 708
1780864329866 0.225677490234375 709
1780864329872 0.15079036355018616 710
1780864329876 0.10539799928665161 711
1780864329882 0.09869398921728134 712
1780864329886 0.24756431579589844 713
1780864329892 0.2009093016386032 714
1780864329897 0.21541981399059296 715
1780864329903 0.16989564895629883 716
1780864329908 0.07766225188970566 717
1780864329913 0.10211513936519623 718
1780864329919 0.2027236819267273 719
1780864329923 0.22451470792293549 720
1780864329928 0.09146924316883087 721
1780864329932 0.2307252585887909 722
1780864329938 0.18296118080615997 723
1780864329942 0.15749512612819672 724
1780864329946 0.22670303285121918 725
1780864329953 0.1042882427573204 726
1780864329959 0.08135966211557388 727
1780864329964 0.1992928385734558 728
1780864329969 0.22561302781105042 729
1780864329975 0.04924800246953964 730
1780864329979 0.19430221617221832 731
1780864329983 0.1841934472322464 732
1780864329988 0.14181292057037354 733
1780864329994 0.21538183093070984 734
1780864329999 0.12156329303979874 735
1780864330003 0.2588001787662506 736
1780864330007 0.20282965898513794 737
1780864330013 0.15276294946670532 738
1780864330018 0.09659206122159958 739
1780864330025 0.19202375411987305 740
1780864330029 0.4169413447380066 741
1780864330035 0.20693233609199524 742
1780864330040 0.15442708134651184 743
1780864330044 0.151615172624588 744
1780864330049 0.09342958778142929 745
1780864330056 0.17182044684886932 746
1780864330063 0.2463977038860321 747
1780864330068 0.21779291331768036 748
1780864330073 0.18590138852596283 749
1780864330079 0.21530430018901825 750
1780864330083 0.33929380774497986 751
1780864330089 0.30634215474128723 752
1780864330093 0.3034507632255554 753
1780864330098 0.09599609673023224 754
1780864330105 0.18907815217971802 755
1780864330109 0.2208281010389328 756
1780864330113 0.29018470644950867 757
1780864330119 0.1739051342010498 758
1780864330125 0.041510045528411865 759
1780864330128 0.3110423982143402 760
1780864330133 0.08835433423519135 761
1780864330140 0.20487858355045319 762
1780864330145 0.09519722312688828 763
1780864330151 0.20696091651916504 764
1780864330157 0.35074976086616516 765
1780864330161 0.2231067568063736 766
1780864330165 0.2471524029970169 767
1780864330170 0.10264917463064194 768
1780864330176 0.10716795921325684 769
1780864330180 0.3341512680053711 770
1780864330184 0.12132533639669418 771
1780864330190 0.08781681954860687 772
1780864330194 0.1711716502904892 773
1780864330199 0.2416515201330185 774
1780864330204 0.2699325680732727 775
1780864330208 0.2452583760023117 776
1780864330212 0.18117062747478485 777
1780864330218 0.21535366773605347 778
1780864330223 0.16485701501369476 779
1780864330226 0.26971435546875 780
1780864330230 0.2824406921863556 781
1780864330236 0.21440798044204712 782
1780864330241 0.19844481348991394 783
1780864330245 0.17118653655052185 784
1780864330250 0.20358404517173767 785
1780864330254 0.11305885761976242 786
1780864330259 0.24182789027690887 787
1780864330263 0.1397857964038849 788
1780864330268 0.18353977799415588 789
1780864330272 0.24188479781150818 790
1780864330277 0.129437655210495 791
1780864330281 0.1446903645992279 792
1780864330287 0.12276797741651535 793
1780864330294 0.3136560618877411 794
1780864330299 0.22372780740261078 795
1780864330303 0.08560118079185486 796
1780864330307 0.3118610680103302 797
1780864330312 0.20653191208839417 798
1780864330316 0.15243397653102875 799
1780864330320 0.24890552461147308 800
1780864330325 0.1220531165599823 801
1780864330329 0.16913959383964539 802
1780864330333 0.289229154586792 803
1780864330337 0.3696267902851105 804
1780864330341 0.278938889503479 805
1780864330346 0.10058152675628662 806
1780864330350 0.13100981712341309 807
1780864330355 0.13788703083992004 808
1780864330359 0.12332677096128464 809
1780864330363 0.227400004863739 810
1780864330368 0.22651293873786926 811
1780864330371 0.2720993161201477 812
1780864330376 0.3213854134082794 813
1780864330380 0.16634432971477509 814
1780864330384 0.2359708845615387 815
1780864330390 0.23450621962547302 816
1780864330395 0.18111605942249298 817
1780864330399 0.17760992050170898 818
1780864330403 0.18220598995685577 819
1780864330408 0.18704040348529816 820
1780864330414 0.11427570879459381 821
1780864330418 0.3364202678203583 822
1780864330421 0.17428548634052277 823
1780864330426 0.2184290736913681 824
1780864330432 0.2356678545475006 825
1780864330435 0.19373151659965515 826
1780864330439 0.12462328374385834 827
1780864330443 0.11727603524923325 828
1780864330449 0.24887818098068237 829
1780864330455 0.1321445256471634 830
1780864330459 0.13936826586723328 831
1780864330465 0.3503672182559967 832
1780864330470 0.22413045167922974 833
1780864330477 0.32927316427230835 834
1780864330482 0.26283302903175354 835
1780864330486 0.2588244378566742 836
1780864330490 0.2877311706542969 837
1780864330495 0.12648345530033112 838
1780864330499 0.362839013338089 839
1780864330503 0.17504896223545074 840
1780864330507 0.18877013027668 841
1780864330511 0.18682081997394562 842
1780864330515 0.13994380831718445 843
1780864330519 0.16007427871227264 844
1780864330525 0.1423010379076004 845
1780864330529 0.09554390609264374 846
1780864330536 0.249836727976799 847
1780864330540 0.07840977609157562 848
1780864330545 0.09002195298671722 849
1780864330550 0.057291336357593536 850
1780864330555 0.30098068714141846 851
1780864330562 0.0788561999797821 852
1780864330566 0.19839198887348175 853
1780864330571 0.21594315767288208 854
1780864330575 0.22209255397319794 855
1780864330580 0.16693556308746338 856
1780864330584 0.27122682332992554 857
1780864330588 0.24120576679706573 858
1780864330592 0.148330420255661 859
1780864330598 0.10526493191719055 860
1780864330602 0.16721050441265106 861
1780864330606 0.14701178669929504 862
1780864330611 0.06323688477277756 863
1780864330617 0.3002872169017792 864
1780864330621 0.3715859055519104 865
1780864330627 0.22352945804595947 866
1780864330631 0.22696684300899506 867
1780864330638 0.20153380930423737 868
1780864330643 0.07521989941596985 869
1780864330647 0.20640234649181366 870
1780864330651 0.16951967775821686 871
1780864330656 0.4856370687484741 872
1780864330661 0.10547888278961182 873
1780864330666 0.13926202058792114 874
1780864330671 0.19303598999977112 875
1780864330678 0.16305629909038544 876
1780864330682 0.2767219543457031 877
1780864330686 0.09488919377326965 878
1780864330693 0.08855819702148438 879
1780864330698 0.04624569043517113 880
1780864330704 0.2568555474281311 881
1780864330709 0.13822533190250397 882
1780864330716 0.20182223618030548 883
1780864330720 0.18128451704978943 884
1780864330725 0.09204252064228058 885
1780864330730 0.21630321443080902 886
1780864330735 0.1773122251033783 887
1780864330740 0.13558147847652435 888
1780864330747 0.32116374373435974 889
1780864330755 0.13409151136875153 890
1780864330761 0.17993012070655823 891
1780864330766 0.31302115321159363 892
1780864330772 0.19595570862293243 893
1780864330777 0.18203936517238617 894
1780864330782 0.11552511900663376 895
1780864330787 0.2075382024049759 896
1780864330794 0.24851958453655243 897
1780864330798 0.2020951509475708 898
1780864330802 0.10627449303865433 899
1780864330808 0.1835193634033203 900
1780864330815 0.08546259254217148 901
1780864330819 0.08431416749954224 902
1780864330824 0.241499125957489 903
1780864330830 0.14624617993831635 904
1780864330835 0.13792194426059723 905
1780864330841 0.22629757225513458 906
1780864330845 0.14325222373008728 907
1780864330850 0.24957053363323212 908
1780864330856 0.1504984349012375 909
1780864330862 0.10568336397409439 910
1780864330866 0.199444979429245 911
1780864330872 0.14903128147125244 912
1780864330876 0.08873430639505386 913
1780864330882 0.15362778306007385 914
1780864330887 0.09309451282024384 915
1780864330891 0.20266464352607727 916
1780864330896 0.1064210906624794 917
1780864330902 0.2078724354505539 918
1780864330906 0.055788855999708176 919
1780864330910 0.235007643699646 920
1780864330916 0.31513968110084534 921
1780864330921 0.23719443380832672 922
1780864330925 0.13442362844944 923
1780864330930 0.16569139063358307 924
1780864330935 0.38627389073371887 925
1780864330940 0.1688968390226364 926
1780864330944 0.06490713357925415 927
1780864330948 0.42592358589172363 928
1780864330954 0.15163066983222961 929
1780864330961 0.052990324795246124 930
1780864330966 0.11033712327480316 931
1780864330970 0.20485132932662964 932
1780864330977 0.07625463604927063 933
1780864330981 0.17043285071849823 934
1780864330986 0.15331541001796722 935
1780864330991 0.17325007915496826 936
1780864331186 0.09887728840112686 937
1780864331190 0.16952423751354218 938
1780864331194 0.13908657431602478 939
1780864331200 0.051023080945014954 940
1780864331206 0.16673091053962708 941
1780864331210 0.10531695187091827 942
1780864331213 0.22648537158966064 943
1780864331217 0.13851097226142883 944
1780864331223 0.07827087491750717 945
1780864331230 0.17560307681560516 946
1780864331234 0.1608385443687439 947
1780864331239 0.09927576780319214 948
1780864331244 0.07474637776613235 949
1780864331251 0.2801254093647003 950
1780864331256 0.11629633605480194 951
1780864331261 0.07921145856380463 952
1780864331267 0.14405372738838196 953
1780864331273 0.10383380949497223 954
1780864331277 0.1311737447977066 955
1780864331283 0.0835411548614502 956
1780864331286 0.1450900286436081 957
1780864331292 0.14483879506587982 958
1780864331296 0.19779297709465027 959
1780864331300 0.11034899950027466 960
1780864331306 0.13127312064170837 961
1780864331311 0.1358819454908371 962
1780864331316 0.1295347660779953 963
1780864331321 0.11494632810354233 964
1780864331326 0.07638641446828842 965
1780864331330 0.15926647186279297 966
1780864331336 0.12921351194381714 967
1780864331340 0.18441538512706757 968
1780864331346 0.0598556213080883 969
1780864331350 0.08949905633926392 970
1780864331355 0.09597957879304886 971
1780864331359 0.09890324622392654 972
1780864331363 0.10395778715610504 973
1780864331368 0.2471296489238739 974
1780864331375 0.2102869153022766 975
1780864331380 0.12728944420814514 976
1780864331385 0.19764138758182526 977
1780864331390 0.1079287901520729 978
1780864331395 0.26928621530532837 979
1780864331402 0.10276275128126144 980
1780864331407 0.11154306679964066 981
1780864331412 0.2039797455072403 982
1780864331416 0.24844247102737427 983
1780864331421 0.1098654642701149 984
1780864331426 0.13941897451877594 985
1780864331433 0.13936597108840942 986
1780864331439 0.11583562195301056 987
1780864331444 0.050783973187208176 988
1780864331450 0.1398995965719223 989
1780864331456 0.0752655416727066 990
1780864331461 0.2002195119857788 991
1780864331465 0.17693261802196503 992
1780864331469 0.24818766117095947 993
1780864331475 0.16304926574230194 994
1780864331480 0.20081225037574768 995
1780864331484 0.14280900359153748 996
1780864331488 0.10354924201965332 997
1780864331493 0.029358603060245514 998
1780864331499 0.21409444510936737 999
1780864331505 0.14506444334983826 1000
1780864331509 0.08617041260004044 1001
1780864331513 0.15454788506031036 1002
1780864331519 0.07755614072084427 1003
1780864331524 0.09324220567941666 1004
1780864331531 0.07255689799785614 1005
1780864331536 0.3475819230079651 1006
1780864331541 0.29009172320365906 1007
1780864331545 0.12437213957309723 1008
1780864331549 0.1121329814195633 1009
1780864331555 0.1483430415391922 1010
1780864331559 0.21897700428962708 1011
1780864331563 0.19104699790477753 1012
1780864331570 0.21085692942142487 1013
1780864331574 0.17985787987709045 1014
1780864331578 0.13435664772987366 1015
1780864331583 0.054111696779727936 1016
1780864331588 0.1376928687095642 1017
1780864331592 0.12355861067771912 1018
1780864331597 0.12955336272716522 1019
1780864331601 0.09400521218776703 1020
1780864331605 0.13406552374362946 1021
1780864331611 0.25248393416404724 1022
1780864331615 0.19436341524124146 1023
1780864331621 0.17678804695606232 1024
1780864331626 0.047208018600940704 1025
1780864331630 0.2206883728504181 1026
1780864331635 0.26253682374954224 1027
1780864331639 0.10441271215677261 1028
1780864331644 0.22726412117481232 1029
1780864331648 0.1261226087808609 1030
1780864331652 0.23452574014663696 1031
1780864331656 0.1389530599117279 1032
1780864331661 0.2736745774745941 1033
1780864331666 0.24608121812343597 1034
1780864331670 0.30000266432762146 1035
1780864331676 0.17023588716983795 1036
1780864331680 0.10492649674415588 1037
1780864331685 0.14792439341545105 1038
1780864331689 0.12620046734809875 1039
1780864331694 0.1280343383550644 1040
1780864331699 0.18432897329330444 1041
1780864331704 0.19241464138031006 1042
1780864331709 0.21853706240653992 1043
1780864331715 0.0688769742846489 1044
1780864331719 0.16148170828819275 1045
1780864331727 0.18194034695625305 1046
1780864331734 0.3118695616722107 1047
1780864331739 0.2576221823692322 1048
1780864331745 0.10915838927030563 1049
1780864331749 0.15112227201461792 1050
1780864331756 0.16474969685077667 1051
1780864331761 0.1254567950963974 1052
1780864331767 0.07322286814451218 1053
1780864331771 0.12990422546863556 1054
1780864331777 0.29387250542640686 1055
1780864331782 0.1891101449728012 1056
1780864331786 0.15055297315120697 1057
1780864331792 0.2719763219356537 1058
1780864331799 0.2731989026069641 1059
1780864331804 0.17990225553512573 1060
1780864331808 0.219200998544693 1061
1780864331813 0.22260883450508118 1062
1780864331817 0.07186705619096756 1063
1780864331822 0.10820922255516052 1064
1780864331828 0.17818531394004822 1065
1780864331833 0.16155388951301575 1066
1780864331838 0.12061651051044464 1067
1780864331843 0.19338135421276093 1068
1780864331848 0.17666000127792358 1069
1780864331853 0.19097355008125305 1070
1780864331859 0.07253386080265045 1071
1780864331865 0.20192992687225342 1072
1780864331871 0.1928664892911911 1073
1780864331875 0.3586309850215912 1074
1780864331883 0.2382659614086151 1075
1780864331888 0.11054491996765137 1076
1780864331895 0.27324092388153076 1077
1780864331899 0.21195141971111298 1078
1780864331904 0.1548275500535965 1079
1780864331909 0.11090299487113953 1080
1780864331914 0.08452438563108444 1081
1780864331919 0.10024306923151016 1082
1780864331923 0.08274567872285843 1083
1780864331928 0.1207897737622261 1084
1780864331934 0.15051287412643433 1085
1780864331939 0.08997561782598495 1086
1780864331944 0.06681714951992035 1087
1780864331949 0.07073266059160233 1088
1780864331955 0.22492718696594238 1089
1780864331959 0.3885892331600189 1090
1780864331965 0.22975406050682068 1091
1780864331969 0.20374087989330292 1092
1780864331976 0.10888542979955673 1093
1780864331980 0.09416709840297699 1094
1780864331987 0.04503177851438522 1095
1780864331993 0.20071817934513092 1096
1780864331997 0.2157953977584839 1097
1780864332002 0.17726241052150726 1098
1780864332006 0.13890254497528076 1099
1780864332011 0.18591554462909698 1100
1780864332017 0.28317034244537354 1101
1780864332022 0.12383337318897247 1102
1780864332025 0.03124052658677101 1103
1780864332030 0.20899105072021484 1104
1780864332035 0.294808566570282 1105
1780864332039 0.16153448820114136 1106
1780864332044 0.215084508061409 1107
1780864332049 0.05036342516541481 1108
1780864332055 0.11391368508338928 1109
1780864332060 0.13250480592250824 1110
1780864332065 0.12105576694011688 1111
1780864332069 0.1035751923918724 1112
1780864332073 0.0831490233540535 1113
1780864332077 0.24565283954143524 1114
1780864332083 0.2308112382888794 1115
1780864332087 0.0427541546523571 1116
1780864332092 0.1891641616821289 1117
1780864332097 0.17356108129024506 1118
1780864332102 0.06450837850570679 1119
1780864332106 0.13317066431045532 1120
1780864332112 0.20502105355262756 1121
1780864332116 0.17099128663539886 1122
1780864332122 0.05646723508834839 1123
1780864332128 0.23159128427505493 1124
1780864332134 0.0850408747792244 1125
1780864332138 0.03288988023996353 1126
1780864332142 0.07708129286766052 1127
1780864332147 0.20049521327018738 1128
1780864332153 0.03625466674566269 1129
1780864332158 0.25676125288009644 1130
1780864332162 0.16394707560539246 1131
1780864332167 0.20130980014801025 1132
1780864332171 0.17754583060741425 1133
1780864332176 0.18209755420684814 1134
1780864332180 0.14177142083644867 1135
1780864332185 0.04483957961201668 1136
1780864332191 0.20246174931526184 1137
1780864332196 0.14969420433044434 1138
1780864332200 0.17041820287704468 1139
1780864332206 0.3038283884525299 1140
1780864332212 0.19829848408699036 1141
1780864332218 0.15642476081848145 1142
1780864332222 0.04226478934288025 1143
1780864332227 0.059064775705337524 1144
1780864332232 0.163063645362854 1145
1780864332237 0.2651861011981964 1146
1780864332240 0.09837491810321808 1147
1780864332245 0.39302027225494385 1148
1780864332251 0.05737701803445816 1149
1780864332256 0.23748423159122467 1150
1780864332259 0.08172398060560226 1151
1780864332264 0.1465252786874771 1152
1780864332269 0.29843759536743164 1153
1780864332274 0.18660162389278412 1154
1780864332280 0.20439650118350983 1155
1780864332286 0.1293674260377884 1156
1780864332291 0.17615224421024323 1157
1780864332296 0.0968412458896637 1158
1780864332304 0.06535926461219788 1159
1780864332307 0.33611971139907837 1160
1780864332313 0.03887167572975159 1161
1780864332318 0.2160549759864807 1162
1780864332323 0.09597425162792206 1163
1780864332328 0.16879849135875702 1164
1780864332334 0.03103061020374298 1165
1780864332340 0.24888750910758972 1166
1780864332345 0.11111372709274292 1167
1780864332349 0.13056235015392303 1168
1780864332355 0.046771418303251266 1169
1780864332359 0.07286364585161209 1170
1780864332363 0.051561497151851654 1171
1780864332369 0.0631009042263031 1172
1780864332375 0.10709518194198608 1173
1780864332379 0.12452797591686249 1174
1780864332385 0.18997083604335785 1175
1780864332389 0.17550908029079437 1176
1780864332395 0.18576253950595856 1177
1780864332402 0.04450567066669464 1178
1780864332407 0.09435483813285828 1179
1780864332411 0.15077468752861023 1180
1780864332416 0.03246191889047623 1181
1780864332420 0.06951794028282166 1182
1780864332427 0.43214714527130127 1183
1780864332431 0.12445187568664551 1184
1780864332436 0.16555173695087433 1185
1780864332440 0.07910512387752533 1186
1780864332445 0.13632218539714813 1187
1780864332450 0.1548670530319214 1188
1780864332456 0.24274170398712158 1189
1780864332461 0.10238035023212433 1190
1780864332465 0.06878602504730225 1191
1780864332470 0.07399318367242813 1192
1780864332474 0.13231396675109863 1193
1780864332478 0.26566410064697266 1194
1780864332483 0.25917619466781616 1195
1780864332487 0.2621566653251648 1196
1780864332491 0.19082556664943695 1197
1780864332498 0.3857244849205017 1198
1780864332501 0.14767032861709595 1199
1780864332506 0.35296088457107544 1200
1780864332510 0.10520453006029129 1201
1780864332513 0.15101653337478638 1202
1780864332519 0.2728910446166992 1203
1780864332524 0.1346207559108734 1204
1780864332528 0.17619651556015015 1205
1780864332532 0.14364194869995117 1206
1780864332538 0.3338027596473694 1207
1780864332544 0.22687463462352753 1208
1780864332549 0.20661774277687073 1209
1780864332553 0.11486772447824478 1210
1780864332559 0.31547829508781433 1211
1780864332563 0.27634143829345703 1212
1780864332568 0.09006427973508835 1213
1780864332572 0.15559235215187073 1214
1780864332575 0.1501450538635254 1215
1780864332583 0.16418427228927612 1216
1780864332587 0.27699530124664307 1217
1780864332591 0.20320890843868256 1218
1780864332596 0.13735057413578033 1219
1780864332601 0.2234179526567459 1220
1780864332605 0.0978550910949707 1221
1780864332612 0.1598542034626007 1222
1780864332616 0.11851157993078232 1223
1780864332621 0.11723180115222931 1224
1780864332625 0.1569761037826538 1225
1780864332630 0.06155206263065338 1226
1780864332634 0.0601196363568306 1227
1780864332638 0.06944014877080917 1228
1780864332644 0.04464956000447273 1229
1780864332648 0.09555055946111679 1230
1780864332654 0.12544438242912292 1231
1780864332658 0.12808747589588165 1232
1780864332663 0.1059848815202713 1233
1780864332668 0.1405390352010727 1234
1780864332673 0.11046269536018372 1235
1780864332678 0.2263864129781723 1236
1780864332682 0.10899598896503448 1237
1780864332686 0.1040317714214325 1238
1780864332692 0.08278708904981613 1239
1780864332697 0.13594307005405426 1240
1780864332703 0.09579270333051682 1241
1780864332708 0.04246728494763374 1242
1780864332712 0.0980357751250267 1243
1780864332717 0.2729678452014923 1244
1780864332721 0.2557416260242462 1245
1780864332726 0.03342186287045479 1246
1780864332731 0.14399905502796173 1247
1780864332736 0.0985376387834549 1248
1780864332741 0.13897715508937836 1249
1780864332748 0.20964360237121582 1250
1780864332753 0.06375089287757874 1251
1780864332757 0.08728916198015213 1252
1780864332762 0.11421014368534088 1253
1780864332769 0.1721138209104538 1254
1780864332773 0.11381284892559052 1255
1780864332779 0.06916893273591995 1256
1780864332783 0.07190864533185959 1257
1780864332787 0.10364819318056107 1258
1780864332791 0.06788209080696106 1259
1780864332797 0.1269741803407669 1260
1780864332804 0.16258080303668976 1261
1780864332808 0.25082477927207947 1262
1780864332811 0.10420481115579605 1263
1780864332816 0.09713174402713776 1264
1780864332820 0.08514419943094254 1265
1780864332825 0.06905610859394073 1266
1780864332829 0.20141330361366272 1267
1780864332834 0.119118332862854 1268
1780864332838 0.18706803023815155 1269
1780864332843 0.11689834296703339 1270
1780864332850 0.18184448778629303 1271
1780864332855 0.09250304102897644 1272
1780864332859 0.12352132052183151 1273
1780864332863 0.1001686230301857 1274
1780864332868 0.17538079619407654 1275
1780864332875 0.18653158843517303 1276
1780864332881 0.19536100327968597 1277
1780864332886 0.08379008620977402 1278
1780864332890 0.1892852783203125 1279
1780864332895 0.07073929160833359 1280
1780864332900 0.1838034689426422 1281
1780864332905 0.15372122824192047 1282
1780864332910 0.20676755905151367 1283
1780864332916 0.06385355442762375 1284
1780864332921 0.09317027777433395 1285
1780864332925 0.3293023407459259 1286
1780864332930 0.11611413955688477 1287
1780864332933 0.41017988324165344 1288
1780864332938 0.09775816649198532 1289
1780864332943 0.12051606923341751 1290
1780864332948 0.07812321186065674 1291
1780864332953 0.07972874492406845 1292
1780864332957 0.16493229568004608 1293
1780864332961 0.15504425764083862 1294
1780864332967 0.08584887534379959 1295
1780864332972 0.09104037284851074 1296
1780864332976 0.1609305441379547 1297
1780864332980 0.22000890970230103 1298
1780864332985 0.16324500739574432 1299
1780864332989 0.05911931395530701 1300
1780864332995 0.22525934875011444 1301
1780864332998 0.11349263787269592 1302
1780864333003 0.30699023604393005 1303
1780864333008 0.16153018176555634 1304
1780864333012 0.05810858681797981 1305
1780864333016 0.18692553043365479 1306
1780864333021 0.16420400142669678 1307
1780864333025 0.1048048585653305 1308
1780864333031 0.17482344806194305 1309
1780864333036 0.19768323004245758 1310
1780864333041 0.12571385502815247 1311
1780864333046 0.16711179912090302 1312
1780864333051 0.03930873051285744 1313
1780864333056 0.11297005414962769 1314
1780864333061 0.29739609360694885 1315
1780864333066 0.09714439511299133 1316
1780864333071 0.28307077288627625 1317
1780864333076 0.045028187334537506 1318
1780864333080 0.09824914485216141 1319
1780864333084 0.0945691242814064 1320
1780864333090 0.3254747986793518 1321
1780864333095 0.24504457414150238 1322
1780864333099 0.27410486340522766 1323
1780864333103 0.14155326783657074 1324
1780864333108 0.1787247359752655 1325
1780864333113 0.4315688908100128 1326
1780864333118 0.18351486325263977 1327
1780864333125 0.1624210625886917 1328
1780864333128 0.19755294919013977 1329
1780864333133 0.17962658405303955 1330
1780864333138 0.26110437512397766 1331
1780864333143 0.2035691887140274 1332
1780864333149 0.11035913228988647 1333
1780864333154 0.18149816989898682 1334
1780864333159 0.06467738747596741 1335
1780864333163 0.1772063821554184 1336
1780864333170 0.30206435918807983 1337
1780864333175 0.10389702022075653 1338
1780864333179 0.13518770039081573 1339
1780864333185 0.17268157005310059 1340
1780864333190 0.13347551226615906 1341
1780864333195 0.15707430243492126 1342
1780864333199 0.3164791166782379 1343
1780864333204 0.11404384672641754 1344
1780864333210 0.13805478811264038 1345
1780864333215 0.19133004546165466 1346
1780864333221 0.16101843118667603 1347
1780864333226 0.24295353889465332 1348
1780864333230 0.09707631170749664 1349
1780864333236 0.11875130236148834 1350
1780864333242 0.1347322016954422 1351
1780864333247 0.14525529742240906 1352
1780864333252 0.13427472114562988 1353
1780864333257 0.0846862643957138 1354
1780864333263 0.1906438022851944 1355
1780864333267 0.16225531697273254 1356
1780864333274 0.06940458714962006 1357
1780864333278 0.06930239498615265 1358
1780864333284 0.2122139036655426 1359
1780864333287 0.11813800781965256 1360
1780864333292 0.16801871359348297 1361
1780864333296 0.1505121886730194 1362
1780864333300 0.02988550439476967 1363
1780864333307 0.18618570268154144 1364
1780864333311 0.10780149698257446 1365
1780864333317 0.1785072535276413 1366
1780864333320 0.22532875835895538 1367
1780864333324 0.15022161602973938 1368
1780864333328 0.05008946731686592 1369
1780864333332 0.16719403862953186 1370
1780864333337 0.23667673766613007 1371
1780864333342 0.1332434117794037 1372
1780864333347 0.1346675008535385 1373
1780864333352 0.19159065186977386 1374
1780864333357 0.11609267443418503 1375
1780864333362 0.2853298485279083 1376
1780864333368 0.09662356972694397 1377
1780864333372 0.137223020195961 1378
1780864333377 0.12799657881259918 1379
1780864333382 0.18516355752944946 1380
1780864333388 0.17101673781871796 1381
1780864333393 0.19190967082977295 1382
1780864333398 0.06462911516427994 1383
1780864333403 0.18764859437942505 1384
1780864333410 0.04763117805123329 1385
1780864333415 0.11863551288843155 1386
1780864333419 0.09697295725345612 1387
1780864333423 0.0535956546664238 1388
1780864333429 0.09946741908788681 1389
1780864333434 0.13482624292373657 1390
1780864333438 0.027792776003479958 1391
1780864333444 0.24838629364967346 1392
1780864333449 0.23384346067905426 1393
1780864333453 0.07246547937393188 1394
1780864333460 0.09198890626430511 1395
1780864333465 0.16274335980415344 1396
1780864333469 0.12389497458934784 1397
1780864333475 0.1256963610649109 1398
1780864333480 0.3348856568336487 1399
1780864333484 0.24068813025951385 1400
1780864333491 0.23822127282619476 1401
1780864333496 0.030845094472169876 1402
1780864333500 0.14116722345352173 1403
1780864333506 0.2516426146030426 1404
1780864333512 0.11677755415439606 1405
1780864333516 0.0705125704407692 1406
1780864333521 0.13101699948310852 1407
1780864333526 0.2178722620010376 1408
1780864333533 0.1507980227470398 1409
1780864333537 0.06931839883327484 1410
1780864333541 0.08192365616559982 1411
1780864333546 0.20573627948760986 1412
1780864333550 0.1624779999256134 1413
1780864333555 0.08825110644102097 1414
1780864333560 0.093877412378788 1415
1780864333565 0.20466993749141693 1416
1780864333570 0.1636757105588913 1417
1780864333574 0.22589759528636932 1418
1780864333579 0.3733545243740082 1419
1780864333585 0.13148654997348785 1420
1780864333589 0.1365562081336975 1421
1780864333595 0.19356581568717957 1422
1780864333600 0.33602175116539 1423
1780864333604 0.09981008619070053 1424
1780864333609 0.2005961835384369 1425
1780864333614 0.16938376426696777 1426
1780864333619 0.14307285845279694 1427
1780864333624 0.18656906485557556 1428
1780864333629 0.11516693234443665 1429
1780864333634 0.1453063189983368 1430
1780864333638 0.09461282193660736 1431
1780864333646 0.10304412990808487 1432
1780864333651 0.2092215120792389 1433
1780864333656 0.10865098983049393 1434
1780864333662 0.19731110334396362 1435
1780864333667 0.1637183576822281 1436
1780864333671 0.10098158568143845 1437
1780864333675 0.1738351285457611 1438
1780864333680 0.13032524287700653 1439
1780864333684 0.20726898312568665 1440
1780864333688 0.18145957589149475 1441
1780864333693 0.2346084862947464 1442
1780864333699 0.10057493299245834 1443
1780864333704 0.10685990005731583 1444
1780864333708 0.13332438468933105 1445
1780864333713 0.10373896360397339 1446
1780864333717 0.09283797442913055 1447
1780864333721 0.1917043775320053 1448
1780864333726 0.10189171135425568 1449
1780864333732 0.19198045134544373 1450
1780864333736 0.06366311758756638 1451
1780864333742 0.06409847736358643 1452
1780864333746 0.09975390881299973 1453
1780864333752 0.13203661143779755 1454
1780864333756 0.0750865787267685 1455
1780864333761 0.07583430409431458 1456
1780864333768 0.2834925353527069 1457
1780864333771 0.11252809315919876 1458
1780864333777 0.1260896474123001 1459
1780864333781 0.10948992520570755 1460
1780864333787 0.1518728882074356 1461
1780864333791 0.1388537585735321 1462
1780864333797 0.2435189038515091 1463
1780864333803 0.11699137091636658 1464
1780864333807 0.1909639984369278 1465
1780864333813 0.30719590187072754 1466
1780864333819 0.09767279773950577 1467
1780864333823 0.07363085448741913 1468
1780864333828 0.07161145657300949 1469
1780864333832 0.17406518757343292 1470
1780864333837 0.11382247507572174 1471
1780864333842 0.10125542432069778 1472
1780864333847 0.05101127177476883 1473
1780864333852 0.12756338715553284 1474
1780864333856 0.10590831935405731 1475
1780864333861 0.13544981181621552 1476
1780864333868 0.07502888888120651 1477
1780864333873 0.21188929677009583 1478
1780864333879 0.10005349665880203 1479
1780864333884 0.25272199511528015 1480
1780864333888 0.049589116126298904 1481
1780864333894 0.2594606876373291 1482
1780864333898 0.04102199152112007 1483
1780864333903 0.1436881572008133 1484
1780864333910 0.11693399399518967 1485
1780864333915 0.19762371480464935 1486
1780864333919 0.06622406095266342 1487
1780864333923 0.059323497116565704 1488
1780864333927 0.24161671102046967 1489
1780864333932 0.016212793067097664 1490
1780864333938 0.05923796072602272 1491
1780864333943 0.11366668343544006 1492
1780864333948 0.25076308846473694 1493
1780864333952 0.2828506529331207 1494
1780864333957 0.1716565191745758 1495
1780864333962 0.19365382194519043 1496
1780864333966 0.2781403064727783 1497
1780864333972 0.0863187164068222 1498
1780864333977 0.07410122454166412 1499
1780864333982 0.20664596557617188 1500
1780864333988 0.348499596118927 1501
1780864333993 0.09250330179929733 1502
1780864333999 0.22969655692577362 1503
1780864334005 0.08621218800544739 1504
1780864334013 0.13157859444618225 1505
1780864334017 0.06997985392808914 1506
1780864334024 0.10707797855138779 1507
1780864334029 0.18114915490150452 1508
1780864334034 0.09496353566646576 1509
1780864334039 0.23478132486343384 1510
1780864334047 0.1581588238477707 1511
1780864334052 0.08566015213727951 1512
1780864334056 0.2579719126224518 1513
1780864334061 0.12990429997444153 1514
1780864334066 0.07277500629425049 1515
1780864334072 0.14494290947914124 1516
1780864334077 0.08897692710161209 1517
1780864334081 0.06353848427534103 1518
1780864334087 0.12321702390909195 1519
1780864334092 0.22043153643608093 1520
1780864334097 0.056863922625780106 1521
1780864334103 0.12760743498802185 1522
1780864334107 0.10555221885442734 1523
1780864334112 0.06463640928268433 1524
1780864334116 0.28193655610084534 1525
1780864334121 0.13820868730545044 1526
1780864334126 0.3046964108943939 1527
1780864334131 0.1338719129562378 1528
1780864334136 0.3015928566455841 1529
1780864334142 0.31210440397262573 1530
1780864334148 0.18176604807376862 1531
1780864334153 0.15850871801376343 1532
1780864334158 0.0944773256778717 1533
1780864334163 0.09546378254890442 1534
1780864334168 0.20262236893177032 1535
1780864334173 0.17370176315307617 1536
1780864334177 0.3464101254940033 1537
1780864334182 0.34026849269866943 1538
1780864334186 0.056593529880046844 1539
1780864334191 0.15720759332180023 1540
1780864334196 0.07680162042379379 1541
1780864334201 0.1747438609600067 1542
1780864334205 0.1270436942577362 1543
1780864334209 0.14002013206481934 1544
1780864334217 0.18785502016544342 1545
1780864334221 0.2629185616970062 1546
1780864334227 0.1302269995212555 1547
1780864334233 0.1268581598997116 1548
1780864334237 0.05420871451497078 1549
1780864334242 0.09764543175697327 1550
1780864334248 0.10630835592746735 1551
1780864334253 0.1137923151254654 1552
1780864334258 0.06199543923139572 1553
1780864334265 0.1266622692346573 1554
1780864334269 0.03640538454055786 1555
1780864334274 0.04038812592625618 1556
1780864334278 0.17202046513557434 1557
1780864334284 0.10669984668493271 1558
1780864334289 0.0718993991613388 1559
1780864334294 0.17422108352184296 1560
1780864334299 0.06464291363954544 1561
1780864334304 0.1009359285235405 1562
1780864334308 0.04816269874572754 1563
1780864334313 0.08448249846696854 1564
1780864334317 0.1407219022512436 1565
1780864334321 0.21119540929794312 1566
1780864334325 0.31019118428230286 1567
1780864334331 0.182119220495224 1568
1780864334336 0.09776541590690613 1569
1780864334344 0.10483482480049133 1570
1780864334348 0.08767308294773102 1571
1780864334353 0.13145893812179565 1572
1780864334360 0.21661126613616943 1573
1780864334364 0.1632695496082306 1574
1780864334369 0.16640883684158325 1575
1780864334374 0.08012670278549194 1576
1780864334379 0.06876266002655029 1577
1780864334385 0.07899352163076401 1578
1780864334389 0.14498558640480042 1579
1780864334393 0.20291554927825928 1580
1780864334397 0.047544926404953 1581
1780864334402 0.13450482487678528 1582
1780864334406 0.1701880246400833 1583
1780864334412 0.10138002783060074 1584
1780864334417 0.18512383103370667 1585
1780864334421 0.1026495099067688 1586
1780864334428 0.22482523322105408 1587
1780864334432 0.17331580817699432 1588
1780864334438 0.18563194572925568 1589
1780864334443 0.09810284525156021 1590
1780864334448 0.14656615257263184 1591
1780864334452 0.28111469745635986 1592
1780864334457 0.14304865896701813 1593
1780864334464 0.18057654798030853 1594
1780864334467 0.01593862660229206 1595
1780864334472 0.1403352916240692 1596
1780864334477 0.34737628698349 1597
1780864334483 0.1336526721715927 1598
1780864334491 0.05618535354733467 1599
1780864334496 0.21447807550430298 1600
1780864334500 0.05539048835635185 1601
1780864334506 0.06799806654453278 1602
1780864334510 0.24035599827766418 1603
1780864334517 0.049202386289834976 1604
1780864334522 0.06782889366149902 1605
1780864334526 0.1107039749622345 1606
1780864334530 0.1054781898856163 1607
1780864334535 0.11085148900747299 1608
1780864334542 0.18331249058246613 1609
1780864334548 0.17730018496513367 1610
1780864334552 0.18291673064231873 1611
1780864334557 0.07575853168964386 1612
1780864334562 0.03344006836414337 1613
1780864334569 0.05175734683871269 1614
1780864334573 0.1911579817533493 1615
1780864334579 0.03989347815513611 1616
1780864334584 0.38020673394203186 1617
1780864334589 0.10852090269327164 1618
1780864334593 0.06479542702436447 1619
1780864334598 0.0887872651219368 1620
1780864334604 0.41821131110191345 1621
1780864334608 0.2093852311372757 1622
1780864334613 0.23821739852428436 1623
1780864334619 0.05946072190999985 1624
1780864334626 0.16398723423480988 1625
1780864334630 0.03065911866724491 1626
1780864334637 0.06126568093895912 1627
1780864334643 0.14324401319026947 1628
1780864334648 0.24968476593494415 1629
1780864334652 0.04301881045103073 1630
1780864334658 0.11981318145990372 1631
1780864334663 0.09202999621629715 1632
1780864334671 0.14365635812282562 1633
1780864334676 0.16232140362262726 1634
1780864334680 0.08152519911527634 1635
1780864334687 0.11649288237094879 1636
1780864334693 0.0796697735786438 1637
1780864334700 0.07308769226074219 1638
1780864334704 0.03668936342000961 1639
1780864334709 0.11357269436120987 1640
1780864334715 0.096231609582901 1641
1780864334719 0.09957536309957504 1642
1780864334724 0.19292448461055756 1643
1780864334730 0.18910905718803406 1644
1780864334736 0.07445591688156128 1645
1780864334742 0.18144118785858154 1646
1780864334747 0.0768769308924675 1647
1780864334752 0.25010842084884644 1648
1780864334757 0.13527525961399078 1649
1780864334762 0.11957647651433945 1650
1780864334767 0.10103420168161392 1651
1780864334772 0.20153135061264038 1652
1780864334780 0.05649267137050629 1653
1780864334788 0.0802161693572998 1654
1780864334792 0.027212826535105705 1655
1780864334798 0.055863577872514725 1656
1780864334803 0.23402070999145508 1657
1780864334809 0.1623840183019638 1658
1780864334814 0.18300551176071167 1659
1780864334818 0.18243522942066193 1660
1780864334823 0.17550669610500336 1661
1780864334828 0.22939753532409668 1662
1780864334835 0.17746126651763916 1663
1780864334840 0.14734245836734772 1664
1780864334845 0.04172370210289955 1665
1780864334850 0.16087459027767181 1666
1780864334856 0.14547882974147797 1667
1780864334861 0.10685034841299057 1668
1780864334869 0.11983149498701096 1669
1780864334874 0.16838957369327545 1670
1780864334878 0.20229285955429077 1671
1780864334883 0.07039346545934677 1672
1780864334889 0.19017799198627472 1673
1780864334894 0.11977417767047882 1674
1780864334899 0.13892674446105957 1675
1780864334905 0.1866460144519806 1676
1780864334910 0.22071801126003265 1677
1780864334916 0.09918206185102463 1678
1780864334922 0.08489120751619339 1679
1780864334927 0.2874448299407959 1680
1780864334931 0.10422882437705994 1681
1780864334938 0.10027182102203369 1682
1780864334943 0.08224564790725708 1683
1780864334947 0.15227317810058594 1684
1780864334953 0.09254851192235947 1685
1780864334958 0.10258699953556061 1686
1780864334963 0.06448172777891159 1687
1780864334969 0.06744582206010818 1688
1780864334975 0.13788266479969025 1689
1780864334980 0.08349601179361343 1690
1780864334985 0.1306215226650238 1691
1780864334992 0.03437385708093643 1692
1780864334995 0.24901512265205383 1693
1780864335002 0.1019325703382492 1694
1780864335006 0.068229541182518 1695
1780864335012 0.039503313601017 1696
1780864335017 0.11303886026144028 1697
1780864335024 0.14374154806137085 1698
1780864335029 0.050999946892261505 1699
1780864335034 0.20802919566631317 1700
1780864335038 0.19308537244796753 1701
1780864335045 0.30947381258010864 1702
1780864335051 0.08928188681602478 1703
1780864335056 0.1401475965976715 1704
1780864335062 0.20313046872615814 1705
1780864335067 0.29073452949523926 1706
1780864335072 0.25605010986328125 1707
1780864335080 0.12670256197452545 1708
1780864335084 0.043372489511966705 1709
1780864335089 0.21882623434066772 1710
1780864335096 0.061911869794130325 1711
1780864335102 0.17658080160617828 1712
1780864335107 0.0579548217356205 1713
1780864335111 0.027030466124415398 1714
1780864335117 0.18803909420967102 1715
1780864335121 0.06535337120294571 1716
1780864335126 0.09541972726583481 1717
1780864335132 0.17692898213863373 1718
1780864335137 0.20168280601501465 1719
1780864335145 0.1727273315191269 1720
1780864335151 0.09651407599449158 1721
1780864335156 0.04462837427854538 1722
1780864335161 0.0941806361079216 1723
1780864335169 0.1294829249382019 1724
1780864335174 0.10383093357086182 1725
1780864335181 0.2225741147994995 1726
1780864335186 0.07897328585386276 1727
1780864335191 0.2839867174625397 1728
1780864335197 0.18148772418498993 1729
1780864335202 0.10610780119895935 1730
1780864335206 0.12335452437400818 1731
1780864335210 0.07063525170087814 1732
1780864335215 0.2540932893753052 1733
1780864335221 0.026465216651558876 1734
1780864335225 0.15750807523727417 1735
1780864335234 0.30524128675460815 1736
1780864335241 0.10389016568660736 1737
1780864335246 0.08712372183799744 1738
1780864335254 0.31911247968673706 1739
1780864335260 0.05829271301627159 1740
1780864335266 0.16173428297042847 1741
1780864335270 0.0519568957388401 1742
1780864335277 0.23874691128730774 1743
1780864335282 0.12419148534536362 1744
1780864335287 0.16278347373008728 1745
1780864335291 0.23980922996997833 1746
1780864335296 0.052702270448207855 1747
1780864335303 0.12073865532875061 1748
1780864335309 0.08787402510643005 1749
1780864335313 0.08785607665777206 1750
1780864335318 0.09361802786588669 1751
1780864335324 0.05758710950613022 1752
1780864335329 0.10166832059621811 1753
1780864335337 0.0711592435836792 1754
1780864335344 0.07393155246973038 1755
1780864335349 0.17860758304595947 1756
1780864335355 0.22067797183990479 1757
1780864335362 0.2476518303155899 1758
1780864335367 0.1810818314552307 1759
1780864335372 0.045060716569423676 1760
1780864335377 0.11622790992259979 1761
1780864335381 0.20982255041599274 1762
1780864335387 0.03226310387253761 1763
1780864335391 0.25030580163002014 1764
1780864335397 0.08831199258565903 1765
1780864335403 0.27013081312179565 1766
1780864335408 0.055395498871803284 1767
1780864335416 0.04816629737615585 1768
1780864335421 0.11273770034313202 1769
1780864335425 0.18127496540546417 1770
1780864335431 0.16475430130958557 1771
1780864335437 0.14445704221725464 1772
1780864335441 0.16293112933635712 1773
1780864335447 0.024634579196572304 1774
1780864335453 0.1684752255678177 1775
1780864335458 0.09790210425853729 1776
1780864335462 0.06613122671842575 1777
1780864335468 0.1972617506980896 1778
1780864335475 0.07966890186071396 1779
1780864335479 0.2461116462945938 1780
1780864335485 0.09266757220029831 1781
1780864335489 0.06956838071346283 1782
1780864335494 0.13149729371070862 1783
1780864335500 0.1866838037967682 1784
1780864335506 0.1770203709602356 1785
1780864335511 0.1551942080259323 1786
1780864335517 0.06963443756103516 1787
1780864335522 0.32165977358818054 1788
1780864335527 0.16314639151096344 1789
1780864335532 0.07453843951225281 1790
1780864335538 0.09515875577926636 1791
1780864335542 0.13992488384246826 1792
1780864335547 0.09834513813257217 1793
1780864335552 0.08870355039834976 1794
1780864335556 0.08931616693735123 1795
1780864335560 0.18323549628257751 1796
1780864335564 0.1819210648536682 1797
1780864335569 0.16187436878681183 1798
1780864335574 0.1810941994190216 1799
1780864335579 0.14540673792362213 1800
1780864335586 0.0998394638299942 1801
1780864335591 0.0628223791718483 1802
1780864335596 0.2277432382106781 1803
1780864335602 0.09493847191333771 1804
1780864335607 0.12581191956996918 1805
1780864335612 0.06762475520372391 1806
1780864335617 0.160516619682312 1807
1780864335622 0.1330711841583252 1808
1780864335626 0.06646940112113953 1809
1780864335632 0.04569096490740776 1810
1780864335638 0.1434086412191391 1811
1780864335642 0.11847474426031113 1812
1780864335647 0.05471033975481987 1813
1780864335652 0.23624275624752045 1814
1780864335657 0.07708296924829483 1815
1780864335662 0.3384583592414856 1816
1780864335668 0.22775796055793762 1817
1780864335672 0.05096586421132088 1818
1780864335678 0.09592821449041367 1819
1780864335683 0.17886164784431458 1820
1780864335688 0.15448923408985138 1821
1780864335693 0.07098314166069031 1822
1780864335699 0.08752287924289703 1823
1780864335705 0.06870732456445694 1824
1780864335710 0.2275233417749405 1825
1780864335718 0.03147410601377487 1826
1780864335722 0.12002507597208023 1827
1780864335727 0.11834558099508286 1828
1780864335733 0.4022394120693207 1829
1780864335739 0.09228917211294174 1830
1780864335744 0.4808585047721863 1831
1780864335750 0.08412192761898041 1832
1780864335756 0.1371058225631714 1833
1780864335761 0.1304568499326706 1834
1780864335768 0.13533465564250946 1835
1780864335774 0.11019176989793777 1836
1780864335780 0.14590784907341003 1837
1780864335786 0.07695035636425018 1838
1780864335792 0.1146121546626091 1839
1780864335798 0.1337195485830307 1840
1780864335803 0.04577511548995972 1841
1780864335809 0.15747497975826263 1842
1780864335816 0.16533735394477844 1843
1780864335822 0.14049012959003448 1844
1780864335826 0.23094937205314636 1845
1780864335831 0.0586588978767395 1846
1780864335836 0.06042206287384033 1847
1780864335840 0.1090032160282135 1848
1780864335846 0.08392064273357391 1849
1780864335851 0.07472268491983414 1850
1780864335856 0.1531151980161667 1851
1780864335861 0.16115249693393707 1852
1780864335866 0.09441788494586945 1853
1780864335871 0.07796622812747955 1854
1780864335875 0.0910683199763298 1855
1780864335881 0.16037997603416443 1856
1780864335888 0.2013339400291443 1857
1780864335893 0.24390195310115814 1858
1780864335897 0.07720549404621124 1859
1780864335904 0.030821245163679123 1860
1780864335908 0.018939582630991936 1861
1780864335913 0.22013252973556519 1862
1780864335919 0.06654009222984314 1863
1780864335924 0.03305104002356529 1864
1780864335929 0.15431582927703857 1865
1780864335935 0.112824946641922 1866
1780864335940 0.10031254589557648 1867
1780864335945 0.06012721732258797 1868
1780864335950 0.3696329891681671 1869
1780864335955 0.0387929305434227 1870
1780864335960 0.11516612023115158 1871
1780864335965 0.35936516523361206 1872
1780864335972 0.04469890519976616 1873
1780864336181 0.18626628816127777 1874
1780864336186 0.04301070049405098 1875
1780864336191 0.15738815069198608 1876
1780864336198 0.146766796708107 1877
1780864336203 0.049288030713796616 1878
1780864336207 0.030414126813411713 1879
1780864336213 0.06750645488500595 1880
1780864336217 0.13277457654476166 1881
1780864336224 0.15165281295776367 1882
1780864336228 0.051744528114795685 1883
1780864336235 0.13509321212768555 1884
1780864336241 0.05950669199228287 1885
1780864336245 0.05199549347162247 1886
1780864336249 0.18179400265216827 1887
1780864336254 0.1462671160697937 1888
1780864336259 0.05445736274123192 1889
1780864336264 0.1165722906589508 1890
1780864336269 0.1851494163274765 1891
1780864336275 0.13588455319404602 1892
1780864336279 0.197346493601799 1893
1780864336285 0.34869182109832764 1894
1780864336290 0.11223851144313812 1895
1780864336297 0.24665023386478424 1896
1780864336302 0.30298691987991333 1897
1780864336309 0.07718923687934875 1898
1780864336315 0.05910796672105789 1899
1780864336320 0.12205170094966888 1900
1780864336326 0.052022553980350494 1901
1780864336333 0.1104879081249237 1902
1780864336338 0.08689677715301514 1903
1780864336342 0.09432365745306015 1904
1780864336347 0.18738926947116852 1905
1780864336352 0.027621766552329063 1906
1780864336357 0.028102919459342957 1907
1780864336363 0.1198960393667221 1908
1780864336369 0.22842055559158325 1909
1780864336375 0.18172651529312134 1910
1780864336380 0.08395574986934662 1911
1780864336386 0.08105533570051193 1912
1780864336392 0.09133157134056091 1913
1780864336397 0.17900259792804718 1914
1780864336402 0.1208345890045166 1915
1780864336407 0.10547978430986404 1916
1780864336414 0.23598520457744598 1917
1780864336420 0.10032934695482254 1918
1780864336426 0.1227356493473053 1919
1780864336433 0.050382159650325775 1920
1780864336438 0.1666855365037918 1921
1780864336444 0.1277405321598053 1922
1780864336449 0.09280919283628464 1923
1780864336454 0.27098649740219116 1924
1780864336459 0.1312495321035385 1925
1780864336465 0.05986712500452995 1926
1780864336472 0.07124129682779312 1927
1780864336478 0.08909273892641068 1928
1780864336484 0.12754175066947937 1929
1780864336489 0.1177876889705658 1930
1780864336495 0.023306014016270638 1931
1780864336500 0.05231630057096481 1932
1780864336506 0.10956083983182907 1933
1780864336510 0.046764981001615524 1934
1780864336517 0.10908926278352737 1935
1780864336522 0.25756481289863586 1936
1780864336527 0.06200147792696953 1937
1780864336532 0.06481775641441345 1938
1780864336538 0.04185492545366287 1939
1780864336543 0.05223774537444115 1940
1780864336549 0.02628902532160282 1941
1780864336555 0.15551626682281494 1942
1780864336559 0.05856208875775337 1943
1780864336564 0.17493084073066711 1944
1780864336571 0.10206291824579239 1945
1780864336577 0.060891252011060715 1946
1780864336582 0.1956021785736084 1947
1780864336587 0.02730371616780758 1948
1780864336594 0.07230772078037262 1949
1780864336600 0.156582310795784 1950
1780864336604 0.04525317624211311 1951
1780864336609 0.07081117480993271 1952
1780864336615 0.07788766175508499 1953
1780864336620 0.06739497929811478 1954
1780864336626 0.2005303055047989 1955
1780864336630 0.08186206221580505 1956
1780864336637 0.338201105594635 1957
1780864336642 0.19347432255744934 1958
1780864336647 0.04030958563089371 1959
1780864336653 0.12212269753217697 1960
1780864336657 0.04764006286859512 1961
1780864336661 0.09549655020236969 1962
1780864336665 0.10788188874721527 1963
1780864336670 0.10986767709255219 1964
1780864336674 0.21095328032970428 1965
1780864336679 0.2616592049598694 1966
1780864336684 0.0454309806227684 1967
1780864336688 0.16563521325588226 1968
1780864336693 0.05025637149810791 1969
1780864336699 0.1510140597820282 1970
1780864336703 0.1432555615901947 1971
1780864336708 0.0702035203576088 1972
1780864336715 0.2318766713142395 1973
1780864336719 0.15501873195171356 1974
1780864336725 0.2587949335575104 1975
1780864336729 0.12118078023195267 1976
1780864336735 0.15983465313911438 1977
1780864336740 0.06545252352952957 1978
1780864336746 0.15022535622119904 1979
1780864336752 0.12732049822807312 1980
1780864336757 0.059234168380498886 1981
1780864336763 0.2033054232597351 1982
1780864336768 0.13788914680480957 1983
1780864336775 0.061706844717264175 1984
1780864336784 0.18928104639053345 1985
1780864336789 0.14388315379619598 1986
1780864336794 0.07613486796617508 1987
1780864336801 0.10078892111778259 1988
1780864336806 0.19639518857002258 1989
1780864336811 0.04539705812931061 1990
1780864336816 0.0278522577136755 1991
1780864336822 0.17017070949077606 1992
1780864336828 0.09080417454242706 1993
1780864336833 0.1689860075712204 1994
1780864336838 0.10519393533468246 1995
1780864336843 0.14198438823223114 1996
1780864336849 0.11953973770141602 1997
1780864336855 0.03705036640167236 1998
1780864336860 0.2561267912387848 1999
1780864336866 0.05199218913912773 2000
1780864336871 0.1132202297449112 2001
1780864336876 0.07914263010025024 2002
1780864336881 0.11077547073364258 2003
1780864336886 0.07291774451732635 2004
1780864336890 0.04363792762160301 2005
1780864336895 0.08494748920202255 2006
1780864336900 0.16323290765285492 2007
1780864336905 0.11031264066696167 2008
1780864336912 0.17931412160396576 2009
1780864336916 0.21087846159934998 2010
1780864336921 0.10616149753332138 2011
1780864336926 0.019704323261976242 2012
1780864336931 0.01944389007985592 2013
1780864336937 0.2692965269088745 2014
1780864336942 0.2755487263202667 2015
1780864336947 0.04457104578614235 2016
1780864336951 0.06006902456283569 2017
1780864336955 0.11806771904230118 2018
1780864336959 0.1977108120918274 2019
1780864336964 0.18170912563800812 2020
1780864336970 0.06008639559149742 2021
1780864336975 0.08747720718383789 2022
1780864336979 0.11464127898216248 2023
1780864336983 0.31285160779953003 2024
1780864336987 0.1448199599981308 2025
1780864336992 0.08876610547304153 2026
1780864336996 0.18270646035671234 2027
1780864337001 0.10302076488733292 2028
1780864337007 0.09622460603713989 2029
1780864337012 0.022442415356636047 2030
1780864337018 0.1776629239320755 2031
1780864337022 0.162568137049675 2032
1780864337026 0.05986819416284561 2033
1780864337031 0.09928342700004578 2034
1780864337036 0.2199203372001648 2035
1780864337042 0.060329925268888474 2036
1780864337046 0.03054826706647873 2037
1780864337050 0.06402026116847992 2038
1780864337055 0.13448412716388702 2039
1780864337060 0.08784870058298111 2040
1780864337063 0.11483584344387054 2041
1780864337068 0.12985879182815552 2042
1780864337073 0.06406483054161072 2043
1780864337079 0.043534521013498306 2044
1780864337084 0.07515333592891693 2045
1780864337089 0.056201353669166565 2046
1780864337094 0.17747187614440918 2047
1780864337098 0.1476469188928604 2048
1780864337103 0.0897650346159935 2049
1780864337107 0.11315371841192245 2050
1780864337112 0.033960141241550446 2051
1780864337117 0.06300301849842072 2052
1780864337122 0.020176250487565994 2053
1780864337126 0.015123962424695492 2054
1780864337132 0.21251723170280457 2055
1780864337137 0.04198988154530525 2056
1780864337143 0.12793627381324768 2057
1780864337147 0.04980700463056564 2058
1780864337152 0.30458933115005493 2059
1780864337158 0.10356387495994568 2060
1780864337163 0.029900120571255684 2061
1780864337170 0.17170757055282593 2062
1780864337174 0.1363866627216339 2063
1780864337177 0.009037435986101627 2064
1780864337180 0.08183474093675613 2065
1780864337184 0.09807449579238892 2066
1780864337191 0.08557348698377609 2067
1780864337196 0.17452476918697357 2068
1780864337200 0.07386578619480133 2069
1780864337206 0.07943318039178848 2070
1780864337210 0.08463243395090103 2071
1780864337214 0.013464115560054779 2072
1780864337219 0.167867511510849 2073
1780864337223 0.09828308969736099 2074
1780864337229 0.19161802530288696 2075
1780864337235 0.1486096829175949 2076
1780864337240 0.23840779066085815 2077
1780864337246 0.06719432026147842 2078
1780864337250 0.034890905022621155 2079
1780864337254 0.18267877399921417 2080
1780864337259 0.09811687469482422 2081
1780864337265 0.17445939779281616 2082
1780864337270 0.0399966686964035 2083
1780864337276 0.14601656794548035 2084
1780864337280 0.062407877296209335 2085
1780864337285 0.08376585692167282 2086
1780864337290 0.08205278217792511 2087
1780864337293 0.02268194779753685 2088
1780864337299 0.09480202943086624 2089
1780864337305 0.0984882116317749 2090
1780864337309 0.12620511651039124 2091
1780864337316 0.08379219472408295 2092
1780864337321 0.1803317815065384 2093
1780864337328 0.07904864102602005 2094
1780864337332 0.14123626053333282 2095
1780864337337 0.09827587753534317 2096
1780864337343 0.06705069541931152 2097
1780864337348 0.014661820605397224 2098
1780864337354 0.07429467141628265 2099
1780864337359 0.08369262516498566 2100
1780864337363 0.09518052637577057 2101
1780864337367 0.09123460203409195 2102
1780864337373 0.09714233130216599 2103
1780864337379 0.06810557842254639 2104
1780864337383 0.2213601917028427 2105
1780864337387 0.16978849470615387 2106
1780864337391 0.09230824559926987 2107
1780864337396 0.07585268467664719 2108
1780864337400 0.06498130410909653 2109
1780864337405 0.21503694355487823 2110
1780864337409 0.06732532382011414 2111
1780864337413 0.06143787503242493 2112
1780864337417 0.11730033904314041 2113
1780864337421 0.2322668582201004 2114
1780864337425 0.1018858328461647 2115
1780864337428 0.178255096077919 2116
1780864337432 0.08371333032846451 2117
1780864337436 0.1308264434337616 2118
1780864337441 0.1298612654209137 2119
1780864337444 0.06571833044290543 2120
1780864337449 0.13403061032295227 2121
1780864337454 0.11921579390764236 2122
1780864337459 0.08495718985795975 2123
1780864337463 0.22078004479408264 2124
1780864337469 0.1467498391866684 2125
1780864337472 0.05290460214018822 2126
1780864337477 0.02983340062201023 2127
1780864337481 0.07835328578948975 2128
1780864337486 0.10049983114004135 2129
1780864337491 0.03231695666909218 2130
1780864337497 0.08554325997829437 2131
1780864337502 0.05612509697675705 2132
1780864337507 0.11569124460220337 2133
1780864337512 0.035243529826402664 2134
1780864337518 0.05718355253338814 2135
1780864337522 0.16758029162883759 2136
1780864337527 0.03779827803373337 2137
1780864337533 0.15144355595111847 2138
1780864337537 0.21008574962615967 2139
1780864337541 0.061336688697338104 2140
1780864337545 0.028786063194274902 2141
1780864337551 0.07954958826303482 2142
1780864337557 0.04742729291319847 2143
1780864337561 0.11425421386957169 2144
1780864337567 0.10270817577838898 2145
1780864337573 0.09187840670347214 2146
1780864337579 0.07363735139369965 2147
1780864337584 0.09192495793104172 2148
1780864337588 0.054150376468896866 2149
1780864337594 0.10980250686407089 2150
1780864337600 0.06035308539867401 2151
1780864337605 0.022633330896496773 2152
1780864337611 0.09380905330181122 2153
1780864337616 0.11707425862550735 2154
1780864337626 0.15155798196792603 2155
1780864337635 0.09634177386760712 2156
1780864337640 0.028094148263335228 2157
1780864337644 0.060196101665496826 2158
1780864337648 0.10746859014034271 2159
1780864337656 0.04912285506725311 2160
1780864337663 0.04749344661831856 2161
1780864337667 0.056532252579927444 2162
1780864337672 0.1920715719461441 2163
1780864337679 0.06917623430490494 2164
1780864337685 0.19012078642845154 2165
1780864337694 0.17145483195781708 2166
1780864337698 0.1167217418551445 2167
1780864337703 0.25206899642944336 2168
1780864337708 0.058023326098918915 2169
1780864337713 0.04425005614757538 2170
1780864337719 0.028943752869963646 2171
1780864337725 0.2670605480670929 2172
1780864337731 0.07343097031116486 2173
1780864337736 0.1878160536289215 2174
1780864337742 0.16124898195266724 2175
1780864337751 0.08474144339561462 2176
1780864337755 0.0752776563167572 2177
1780864337760 0.09084729105234146 2178
1780864337764 0.08869130164384842 2179
1780864337772 0.1672789454460144 2180
1780864337777 0.05310413986444473 2181
1780864337784 0.13753394782543182 2182
1780864337789 0.1123025193810463 2183
1780864337795 0.05958236753940582 2184
1780864337800 0.056141000241041183 2185
1780864337805 0.2040363997220993 2186
1780864337810 0.05725380405783653 2187
1780864337818 0.014728718437254429 2188
1780864337822 0.06751549988985062 2189
1780864337828 0.08240301162004471 2190
1780864337833 0.0792946144938469 2191
1780864337839 0.17765456438064575 2192
1780864337843 0.08284566551446915 2193
1780864337847 0.4011686146259308 2194
1780864337851 0.04746516793966293 2195
1780864337855 0.11746519804000854 2196
1780864337859 0.37312355637550354 2197
1780864337864 0.0673990547657013 2198
1780864337871 0.08620671927928925 2199
1780864337877 0.026906711980700493 2200
1780864337882 0.05018960312008858 2201
1780864337888 0.14455991983413696 2202
1780864337894 0.13299502432346344 2203
1780864337900 0.10903958976268768 2204
1780864337906 0.0971708744764328 2205
1780864337910 0.13124974071979523 2206
1780864337915 0.08719287067651749 2207
1780864337920 0.12177273631095886 2208
1780864337926 0.0490000918507576 2209
1780864337930 0.0303513091057539 2210
1780864337935 0.029519181698560715 2211
1780864337940 0.1068822368979454 2212
1780864337948 0.15280373394489288 2213
1780864337952 0.02309677191078663 2214
1780864337957 0.05317104980349541 2215
1780864337961 0.06506375968456268 2216
1780864337966 0.09000683575868607 2217
1780864337972 0.07096143811941147 2218
1780864337977 0.1399305909872055 2219
1780864337984 0.024164758622646332 2220
1780864337989 0.11724501103162766 2221
1780864337993 0.17790046334266663 2222
1780864337999 0.0780147835612297 2223
1780864338004 0.014778311364352703 2224
1780864338008 0.12366531044244766 2225
1780864338015 0.1959107369184494 2226
1780864338020 0.13602374494075775 2227
1780864338025 0.09849938750267029 2228
1780864338031 0.05946618318557739 2229
1780864338037 0.1391654759645462 2230
1780864338042 0.2470344603061676 2231
1780864338047 0.12257324904203415 2232
1780864338051 0.1824018359184265 2233
1780864338056 0.09947369247674942 2234
1780864338061 0.11790240556001663 2235
1780864338065 0.09029240161180496 2236
1780864338069 0.2160974144935608 2237
1780864338073 0.05578232184052467 2238
1780864338077 0.12964105606079102 2239
1780864338082 0.09071126580238342 2240
1780864338088 0.02274579182267189 2241
1780864338094 0.11679432541131973 2242
1780864338098 0.10998999327421188 2243
1780864338103 0.018566526472568512 2244
1780864338110 0.16404779255390167 2245
1780864338115 0.09530684351921082 2246
1780864338120 0.20176884531974792 2247
1780864338125 0.17869973182678223 2248
1780864338133 0.11960400640964508 2249
1780864338140 0.04751535877585411 2250
1780864338145 0.02396213635802269 2251
1780864338151 0.04599052295088768 2252
1780864338158 0.12473896890878677 2253
1780864338164 0.11122241616249084 2254
1780864338169 0.05508425086736679 2255
1780864338174 0.0226461049169302 2256
1780864338179 0.12795503437519073 2257
1780864338186 0.09306222945451736 2258
1780864338192 0.09967412054538727 2259
1780864338197 0.10067322850227356 2260
1780864338204 0.058242153376340866 2261
1780864338208 0.17499487102031708 2262
1780864338213 0.1422097533941269 2263
1780864338219 0.02793709561228752 2264
1780864338224 0.09648387134075165 2265
1780864338229 0.043243493884801865 2266
1780864338234 0.10137983411550522 2267
1780864338242 0.12675292789936066 2268
1780864338248 0.0667821392416954 2269
1780864338254 0.062398407608270645 2270
1780864338259 0.08145499974489212 2271
1780864338264 0.11842850595712662 2272
1780864338270 0.18177330493927002 2273
1780864338276 0.1896643489599228 2274
1780864338281 0.05601862818002701 2275
1780864338286 0.027105629444122314 2276
1780864338290 0.20289182662963867 2277
1780864338294 0.1994120180606842 2278
1780864338299 0.06157611310482025 2279
1780864338307 0.16534505784511566 2280
1780864338311 0.04743205010890961 2281
1780864338316 0.0826445147395134 2282
1780864338322 0.12921924889087677 2283
1780864338328 0.1554168164730072 2284
1780864338332 0.11942645907402039 2285
1780864338337 0.1877158135175705 2286
1780864338345 0.12185952812433243 2287
1780864338350 0.12924078106880188 2288
1780864338358 0.2783370912075043 2289
1780864338364 0.18542255461215973 2290
1780864338369 0.08538395166397095 2291
1780864338375 0.08627501130104065 2292
1780864338381 0.02389238029718399 2293
1780864338386 0.23065604269504547 2294
1780864338391 0.15121853351593018 2295
1780864338398 0.10133180767297745 2296
1780864338403 0.1292072832584381 2297
1780864338410 0.07191072404384613 2298
1780864338416 0.051725421100854874 2299
1780864338422 0.17791315913200378 2300
1780864338430 0.03386229649186134 2301
1780864338435 0.036123499274253845 2302
1780864338439 0.043153077363967896 2303
1780864338444 0.17097875475883484 2304
1780864338450 0.05301443487405777 2305
1780864338456 0.05146390572190285 2306
1780864338460 0.07021865993738174 2307
1780864338465 0.03868284821510315 2308
1780864338470 0.09186006337404251 2309
1780864338475 0.0686538815498352 2310
1780864338481 0.12658077478408813 2311
1780864338487 0.012399239465594292 2312
1780864338493 0.08074243366718292 2313
1780864338498 0.07344117015600204 2314
1780864338504 0.030081652104854584 2315
1780864338510 0.190955251455307 2316
1780864338515 0.07737577706575394 2317
1780864338520 0.09651245921850204 2318
1780864338526 0.18115124106407166 2319
1780864338532 0.1250828206539154 2320
1780864338537 0.12743085622787476 2321
1780864338541 0.12722869217395782 2322
1780864338547 0.11157884448766708 2323
1780864338552 0.09971971064805984 2324
1780864338558 0.1350484937429428 2325
1780864338564 0.18275906145572662 2326
1780864338570 0.06916764378547668 2327
1780864338575 0.07577268034219742 2328
1780864338579 0.12264806032180786 2329
1780864338583 0.03977285325527191 2330
1780864338589 0.040847547352313995 2331
1780864338593 0.22668835520744324 2332
1780864338597 0.08934184908866882 2333
1780864338601 0.030440863221883774 2334
1780864338610 0.38965868949890137 2335
1780864338616 0.10366877168416977 2336
1780864338622 0.07448586076498032 2337
1780864338629 0.02373451739549637 2338
1780864338634 0.14884428679943085 2339
1780864338639 0.06050068512558937 2340
1780864338643 0.14612054824829102 2341
1780864338649 0.07758565247058868 2342
1780864338654 0.1783706694841385 2343
1780864338659 0.1200127974152565 2344
1780864338666 0.08813191950321198 2345
1780864338671 0.08023608475923538 2346
1780864338676 0.03493296355009079 2347
1780864338685 0.018693363294005394 2348
1780864338689 0.11925742775201797 2349
1780864338694 0.07295175641775131 2350
1780864338699 0.15754328668117523 2351
1780864338704 0.049260154366493225 2352
1780864338710 0.13667303323745728 2353
1780864338714 0.06650790572166443 2354
1780864338720 0.09844724833965302 2355
1780864338725 0.11816374957561493 2356
1780864338730 0.058597542345523834 2357
1780864338737 0.05569251626729965 2358
1780864338743 0.06830726563930511 2359
1780864338747 0.09786102175712585 2360
1780864338754 0.1886366456747055 2361
1780864338759 0.21071979403495789 2362
1780864338765 0.08166138827800751 2363
1780864338771 0.17348241806030273 2364
1780864338775 0.04448398947715759 2365
1780864338781 0.03891327604651451 2366
1780864338786 0.08731129765510559 2367
1780864338793 0.08235431462526321 2368
1780864338799 0.07107368111610413 2369
1780864338804 0.1152452602982521 2370
1780864338809 0.07001244276762009 2371
1780864338815 0.29350781440734863 2372
1780864338822 0.10344237089157104 2373
1780864338826 0.040136661380529404 2374
1780864338831 0.0449567511677742 2375
1780864338837 0.1197989284992218 2376
1780864338845 0.07154561579227448 2377
1780864338850 0.07699976116418839 2378
1780864338857 0.0658121407032013 2379
1780864338864 0.06077796593308449 2380
1780864338870 0.0932745561003685 2381
1780864338875 0.14232201874256134 2382
1780864338880 0.07289831340312958 2383
1780864338888 0.08969520777463913 2384
1780864338893 0.031011484563350677 2385
1780864338898 0.10160105675458908 2386
1780864338903 0.1606570929288864 2387
1780864338908 0.07487960904836655 2388
1780864338912 0.08660878241062164 2389
1780864338919 0.1036493331193924 2390
1780864338924 0.17568761110305786 2391
1780864338929 0.28534436225891113 2392
1780864338934 0.034994859248399734 2393
1780864338938 0.14828266203403473 2394
1780864338945 0.11087193340063095 2395
1780864338950 0.03467352315783501 2396
1780864338954 0.039638951420784 2397
1780864338959 0.042685702443122864 2398
1780864338964 0.23407384753227234 2399
1780864338970 0.07631921023130417 2400
1780864338975 0.133799746632576 2401
1780864338980 0.09256342798471451 2402
1780864338985 0.18005254864692688 2403
1780864338991 0.06822557002305984 2404
1780864338995 0.13582132756710052 2405
1780864339002 0.05797213315963745 2406
1780864339007 0.03343421220779419 2407
1780864339011 0.05353652685880661 2408
1780864339017 0.05300869047641754 2409
1780864339022 0.11933297663927078 2410
1780864339027 0.17221812903881073 2411
1780864339033 0.045146021991968155 2412
1780864339037 0.11058160662651062 2413
1780864339043 0.07131791859865189 2414
1780864339048 0.20643848180770874 2415
1780864339055 0.14072994887828827 2416
1780864339060 0.2038540542125702 2417
1780864339065 0.021515190601348877 2418
1780864339070 0.06997407972812653 2419
1780864339075 0.16955696046352386 2420
1780864339079 0.11747661978006363 2421
1780864339083 0.058230411261320114 2422
1780864339088 0.02103285677731037 2423
1780864339092 0.07995808124542236 2424
1780864339098 0.0676763728260994 2425
1780864339103 0.09884139895439148 2426
1780864339108 0.039004627615213394 2427
1780864339114 0.013789924792945385 2428
1780864339118 0.11583143472671509 2429
1780864339124 0.10439492017030716 2430
1780864339130 0.06837766617536545 2431
1780864339136 0.10987983644008636 2432
1780864339140 0.08735188096761703 2433
1780864339148 0.24802298843860626 2434
1780864339153 0.19936130940914154 2435
1780864339158 0.09793717414140701 2436
1780864339163 0.13219980895519257 2437
1780864339171 0.06108264625072479 2438
1780864339176 0.03203580528497696 2439
1780864339185 0.02354394644498825 2440
1780864339190 0.19265949726104736 2441
1780864339195 0.14855869114398956 2442
1780864339202 0.10099947452545166 2443
1780864339208 0.15627074241638184 2444
1780864339214 0.1718989759683609 2445
1780864339220 0.1266813576221466 2446
1780864339226 0.07961168885231018 2447
1780864339232 0.029605193063616753 2448
1780864339238 0.23364725708961487 2449
1780864339242 0.12386805564165115 2450
1780864339249 0.043241292238235474 2451
1780864339255 0.1784244030714035 2452
1780864339260 0.16897732019424438 2453
1780864339265 0.16265439987182617 2454
1780864339271 0.21505644917488098 2455
1780864339276 0.2068633735179901 2456
1780864339280 0.08374211937189102 2457
1780864339285 0.04729567468166351 2458
1780864339291 0.1588398516178131 2459
1780864339295 0.12025384604930878 2460
1780864339300 0.12571941316127777 2461
1780864339308 0.07248447835445404 2462
1780864339313 0.1635187715291977 2463
1780864339319 0.021345313638448715 2464
1780864339324 0.17547687888145447 2465
1780864339328 0.10362385958433151 2466
1780864339335 0.0810442790389061 2467
1780864339340 0.04651106894016266 2468
1780864339345 0.043112266808748245 2469
1780864339351 0.15411414206027985 2470
1780864339356 0.2005356401205063 2471
1780864339361 0.28766459226608276 2472
1780864339368 0.1413617730140686 2473
1780864339375 0.09092090278863907 2474
1780864339379 0.17410200834274292 2475
1780864339386 0.23683591187000275 2476
1780864339392 0.051923949271440506 2477
1780864339396 0.09547342360019684 2478
1780864339401 0.1840885430574417 2479
1780864339408 0.02786780335009098 2480
1780864339412 0.16525328159332275 2481
1780864339417 0.11760319024324417 2482
1780864339422 0.1360696405172348 2483
1780864339427 0.029911650344729424 2484
1780864339433 0.11840483546257019 2485
1780864339437 0.06614039093255997 2486
1780864339442 0.07647857069969177 2487
1780864339449 0.1259198933839798 2488
1780864339454 0.1261342465877533 2489
1780864339460 0.03260070085525513 2490
1780864339466 0.026881244033575058 2491
1780864339471 0.1364946961402893 2492
1780864339476 0.10440139472484589 2493
1780864339482 0.11593296378850937 2494
1780864339488 0.055318478494882584 2495
1780864339493 0.08646759390830994 2496
1780864339497 0.14058858156204224 2497
1780864339502 0.16722245514392853 2498
1780864339507 0.13871723413467407 2499
1780864339512 0.24916648864746094 2500
1780864339518 0.11219726502895355 2501
1780864339523 0.130799800157547 2502
1780864339529 0.11337470263242722 2503
1780864339536 0.10376814752817154 2504
1780864339541 0.11546590924263 2505
1780864339546 0.11337099224328995 2506
1780864339551 0.1911197453737259 2507
1780864339556 0.2549106478691101 2508
1780864339562 0.1378999948501587 2509
1780864339567 0.0558658130466938 2510
1780864339573 0.01997607760131359 2511
1780864339578 0.10160234570503235 2512
1780864339584 0.03308303281664848 2513
1780864339589 0.16746188700199127 2514
1780864339594 0.08728208392858505 2515
1780864339600 0.08816352486610413 2516
1780864339604 0.16199728846549988 2517
1780864339610 0.020072514191269875 2518
1780864339616 0.06444759666919708 2519
1780864339624 0.05641356110572815 2520
1780864339631 0.06686931848526001 2521
1780864339635 0.20616765320301056 2522
1780864339641 0.054554350674152374 2523
1780864339647 0.11437729746103287 2524
1780864339653 0.06298312544822693 2525
1780864339658 0.25797799229621887 2526
1780864339663 0.20677226781845093 2527
1780864339669 0.134749174118042 2528
1780864339676 0.0718705877661705 2529
1780864339681 0.1181686595082283 2530
1780864339686 0.06767232716083527 2531
1780864339691 0.04590931162238121 2532
1780864339697 0.07662893086671829 2533
1780864339702 0.015976617112755775 2534
1780864339709 0.08615420758724213 2535
1780864339715 0.11035551130771637 2536
1780864339720 0.12711764872074127 2537
1780864339727 0.11991753429174423 2538
1780864339732 0.3309773802757263 2539
1780864339738 0.15441805124282837 2540
1780864339743 0.11492059379816055 2541
1780864339749 0.09145906567573547 2542
1780864339755 0.13955625891685486 2543
1780864339760 0.033991292119026184 2544
1780864339766 0.06221570074558258 2545
1780864339770 0.07444816082715988 2546
1780864339775 0.05421830713748932 2547
1780864339781 0.0946875736117363 2548
1780864339787 0.09070765972137451 2549
1780864339791 0.1771537959575653 2550
1780864339797 0.09348965436220169 2551
1780864339803 0.2777969539165497 2552
1780864339808 0.15192577242851257 2553
1780864339813 0.28737717866897583 2554
1780864339818 0.0415935218334198 2555
1780864339824 0.33138811588287354 2556
1780864339828 0.03683290630578995 2557
1780864339836 0.0969756692647934 2558
1780864339843 0.04649857059121132 2559
1780864339847 0.3485015034675598 2560
1780864339853 0.1411667764186859 2561
1780864339861 0.04287842661142349 2562
1780864339867 0.02759704738855362 2563
1780864339872 0.09306585788726807 2564
1780864339878 0.10387157648801804 2565
1780864339887 0.010656828060746193 2566
1780864339891 0.10434548556804657 2567
1780864339897 0.06557026505470276 2568
1780864339902 0.05676041543483734 2569
1780864339907 0.21772800385951996 2570
1780864339912 0.08059531450271606 2571
1780864339916 0.09052203595638275 2572
1780864339922 0.13216008245944977 2573
1780864339926 0.1553732007741928 2574
1780864339932 0.11114628612995148 2575
1780864339937 0.029320601373910904 2576
1780864339941 0.1371065229177475 2577
1780864339947 0.03962717205286026 2578
1780864339952 0.028812110424041748 2579
1780864339958 0.08419983834028244 2580
1780864339963 0.09333789348602295 2581
1780864339969 0.10103660076856613 2582
1780864339979 0.10547056794166565 2583
1780864339984 0.10763798654079437 2584
1780864339990 0.21722181141376495 2585
1780864339994 0.0782405361533165 2586
1780864339999 0.11506370455026627 2587
1780864340005 0.09691910445690155 2588
1780864340010 0.10665282607078552 2589
1780864340015 0.16548798978328705 2590
1780864340021 0.0905812457203865 2591
1780864340025 0.051433078944683075 2592
1780864340033 0.10083482414484024 2593
1780864340038 0.15096329152584076 2594
1780864340042 0.04427023604512215 2595
1780864340047 0.05279003083705902 2596
1780864340051 0.14241018891334534 2597
1780864340056 0.08814584463834763 2598
1780864340061 0.06743698567152023 2599
1780864340068 0.11833816766738892 2600
1780864340073 0.135218545794487 2601
1780864340078 0.18872395157814026 2602
1780864340084 0.10123931616544724 2603
1780864340089 0.07957547903060913 2604
1780864340095 0.1335444301366806 2605
1780864340101 0.19376620650291443 2606
1780864340106 0.060934729874134064 2607
1780864340110 0.016238588839769363 2608
1780864340116 0.14324429631233215 2609
1780864340122 0.101406030356884 2610
1780864340127 0.09881588816642761 2611
1780864340132 0.08470887690782547 2612
1780864340137 0.08234886080026627 2613
1780864340142 0.1302003413438797 2614
1780864340148 0.03972676023840904 2615
1780864340154 0.019764920696616173 2616
1780864340159 0.07936405390501022 2617
1780864340164 0.060244061052799225 2618
1780864340169 0.049870043992996216 2619
1780864340173 0.0899648368358612 2620
1780864340178 0.04574394226074219 2621
1780864340184 0.06825843453407288 2622
1780864340190 0.18709182739257812 2623
1780864340195 0.13532856106758118 2624
1780864340200 0.10034652054309845 2625
1780864340207 0.05388466268777847 2626
1780864340213 0.05740506574511528 2627
1780864340220 0.19179071485996246 2628
1780864340225 0.12219658493995667 2629
1780864340228 0.04987761750817299 2630
1780864340232 0.13907502591609955 2631
1780864340238 0.024652518332004547 2632
1780864340243 0.024283207952976227 2633
1780864340248 0.06997867673635483 2634
1780864340254 0.12932655215263367 2635
1780864340259 0.03366636484861374 2636
1780864340264 0.11033282428979874 2637
1780864340269 0.15894469618797302 2638
1780864340273 0.037036098539829254 2639
1780864340280 0.06323744356632233 2640
1780864340285 0.2030182182788849 2641
1780864340290 0.15781515836715698 2642
1780864340295 0.08833091706037521 2643
1780864340300 0.16553275287151337 2644
1780864340306 0.1011425033211708 2645
1780864340311 0.02241547778248787 2646
1780864340316 0.26420965790748596 2647
1780864340322 0.19394756853580475 2648
1780864340328 0.037881072610616684 2649
1780864340333 0.21579700708389282 2650
1780864340338 0.10859976708889008 2651
1780864340344 0.0859760046005249 2652
1780864340349 0.09495892375707626 2653
1780864340355 0.09989694505929947 2654
1780864340361 0.1294969916343689 2655
1780864340366 0.09799952059984207 2656
1780864340370 0.09458913654088974 2657
1780864340376 0.06542939692735672 2658
1780864340381 0.31697899103164673 2659
1780864340388 0.013959025032818317 2660
1780864340394 0.06562405079603195 2661
1780864340398 0.06925097852945328 2662
1780864340403 0.20581819117069244 2663
1780864340408 0.041152190417051315 2664
1780864340413 0.19443823397159576 2665
1780864340419 0.11524413526058197 2666
1780864340423 0.08317945897579193 2667
1780864340428 0.11181849986314774 2668
1780864340434 0.01565249264240265 2669
1780864340439 0.05714933201670647 2670
1780864340444 0.03745131567120552 2671
1780864340449 0.1290811151266098 2672
1780864340455 0.18391616642475128 2673
1780864340460 0.08255445212125778 2674
1780864340466 0.23421378433704376 2675
1780864340471 0.054764144122600555 2676
1780864340476 0.1566222757101059 2677
1780864340481 0.04788370430469513 2678
1780864340486 0.197944775223732 2679
1780864340491 0.10750099271535873 2680
1780864340498 0.15963402390480042 2681
1780864340504 0.25777775049209595 2682
1780864340511 0.17358839511871338 2683
1780864340518 0.09362904727458954 2684
1780864340523 0.06767918169498444 2685
1780864340529 0.025075813755393028 2686
1780864340534 0.10784304141998291 2687
1780864340540 0.09635179489850998 2688
1780864340545 0.0786287933588028 2689
1780864340550 0.25317156314849854 2690
1780864340554 0.07650520652532578 2691
1780864340560 0.21683984994888306 2692
1780864340565 0.24024434387683868 2693
1780864340572 0.03686844930052757 2694
1780864340577 0.05197766423225403 2695
1780864340583 0.11381454020738602 2696
1780864340587 0.1630384922027588 2697
1780864340591 0.25107473134994507 2698
1780864340596 0.16179919242858887 2699
1780864340601 0.1732313334941864 2700
1780864340608 0.10483666509389877 2701
1780864340615 0.301924467086792 2702
1780864340621 0.07398752868175507 2703
1780864340626 0.11175432056188583 2704
1780864340633 0.03423824906349182 2705
1780864340638 0.12393414229154587 2706
1780864340643 0.1387214958667755 2707
1780864340650 0.16929392516613007 2708
1780864340657 0.03217525780200958 2709
1780864340662 0.11705055087804794 2710
1780864340666 0.061565935611724854 2711
1780864340672 0.22672709822654724 2712
1780864340678 0.2196962982416153 2713
1780864340683 0.056172337383031845 2714
1780864340688 0.0571032352745533 2715
1780864340692 0.11282146722078323 2716
1780864340698 0.09503110498189926 2717
1780864340702 0.012476920150220394 2718
1780864340707 0.06254758685827255 2719
1780864340712 0.034806378185749054 2720
1780864340717 0.031155366450548172 2721
1780864340724 0.020595261827111244 2722
1780864340729 0.08571288734674454 2723
1780864340735 0.10255885124206543 2724
1780864340739 0.16349132359027863 2725
1780864340746 0.02505594864487648 2726
1780864340750 0.05704699084162712 2727
1780864340755 0.22166772186756134 2728
1780864340760 0.049594003707170486 2729
1780864340766 0.05460328981280327 2730
1780864340771 0.07336138188838959 2731
1780864340777 0.07082726061344147 2732
1780864340783 0.06988547742366791 2733
1780864340787 0.053047191351652145 2734
1780864340792 0.10743921250104904 2735
1780864340796 0.057138003408908844 2736
1780864340802 0.007673220708966255 2737
1780864340808 0.0821056216955185 2738
1780864340814 0.05327311158180237 2739
1780864340819 0.12160595506429672 2740
1780864340825 0.20027463138103485 2741
1780864340830 0.09814915806055069 2742
1780864340835 0.031413424760103226 2743
1780864340839 0.3358340561389923 2744
1780864340844 0.05426609888672829 2745
1780864340849 0.06875793635845184 2746
1780864340854 0.08562006801366806 2747
1780864340859 0.046494461596012115 2748
1780864340864 0.058356866240501404 2749
1780864340869 0.027768567204475403 2750
1780864340875 0.056540340185165405 2751
1780864340883 0.10912060737609863 2752
1780864340888 0.263886958360672 2753
1780864340893 0.07133454829454422 2754
1780864340898 0.03745971620082855 2755
1780864340904 0.0782383605837822 2756
1780864340909 0.2950674295425415 2757
1780864340915 0.07272028177976608 2758
1780864340922 0.07198915630578995 2759
1780864340927 0.1369287073612213 2760
1780864340932 0.2019362896680832 2761
1780864340936 0.18839031457901 2762
1780864340942 0.08481857925653458 2763
1780864340969 0.12809576094150543 2764
1780864340975 0.21270470321178436 2765
1780864340979 0.0582529716193676 2766
1780864340984 0.1674804538488388 2767
1780864340989 0.11489696800708771 2768
1780864340993 0.04309907555580139 2769
1780864340999 0.2023678719997406 2770
1780864341003 0.3195819556713104 2771
1780864341009 0.3610301613807678 2772
1780864341013 0.18241199851036072 2773
1780864341019 0.03284289687871933 2774
1780864341023 0.04147526994347572 2775
1780864341028 0.01961240917444229 2776
1780864341031 0.13510417938232422 2777
1780864341035 0.039542991667985916 2778
1780864341040 0.2611522674560547 2779
1780864341043 0.11735048145055771 2780
1780864341049 0.08631052076816559 2781
1780864341055 0.1128711998462677 2782
1780864341060 0.07884219288825989 2783
1780864341065 0.054058488458395004 2784
1780864341070 0.047467704862356186 2785
1780864341075 0.2482321560382843 2786
1780864341081 0.14471864700317383 2787
1780864341085 0.10564682632684708 2788
1780864341090 0.17633230984210968 2789
1780864341095 0.04419775679707527 2790
1780864341100 0.09463242441415787 2791
1780864341104 0.14046746492385864 2792
1780864341109 0.060796577483415604 2793
1780864341114 0.08488141745328903 2794
1780864341119 0.2638014256954193 2795
1780864341125 0.03920672833919525 2796
1780864341130 0.14431774616241455 2797
1780864341135 0.21148183941841125 2798
1780864341140 0.1154201403260231 2799
1780864341147 0.05855288356542587 2800
1780864341153 0.03953491896390915 2801
1780864341158 0.09231127053499222 2802
1780864341163 0.04859306290745735 2803
1780864341168 0.056558895856142044 2804
1780864341173 0.1697555035352707 2805
1780864341177 0.07365778833627701 2806
1780864341183 0.12889711558818817 2807
1780864341189 0.03543120250105858 2808
1780864341195 0.051537007093429565 2809
1780864341200 0.05744674801826477 2810
1780864341420 0.08911214023828506 2811
1780864341426 0.06677183508872986 2812
1780864341431 0.03571983799338341 2813
1780864341436 0.0842873826622963 2814
1780864341442 0.08064209669828415 2815
1780864341447 0.03340189903974533 2816
1780864341451 0.1889197826385498 2817
1780864341455 0.012062793597579002 2818
1780864341461 0.0328730046749115 2819
1780864341467 0.08622021973133087 2820
1780864341471 0.037425003945827484 2821
1780864341477 0.06943560391664505 2822
1780864341484 0.030132850632071495 2823
1780864341490 0.024638814851641655 2824
1780864341495 0.0433151014149189 2825
1780864341500 0.04019259661436081 2826
1780864341506 0.02428366057574749 2827
1780864341511 0.08418379724025726 2828
1780864341516 0.05405804142355919 2829
1780864341522 0.15864074230194092 2830
1780864341530 0.0428454652428627 2831
1780864341535 0.0600295327603817 2832
1780864341539 0.12744329869747162 2833
1780864341543 0.05651024356484413 2834
1780864341546 0.06366598606109619 2835
1780864341552 0.05337557941675186 2836
1780864341558 0.08598551899194717 2837
1780864341564 0.06833858042955399 2838
1780864341569 0.13464616239070892 2839
1780864341574 0.09677547216415405 2840
1780864341578 0.030848201364278793 2841
1780864341583 0.0960685983300209 2842
1780864341587 0.07300695031881332 2843
1780864341591 0.1405823826789856 2844
1780864341598 0.017903737723827362 2845
1780864341604 0.0643993616104126 2846
1780864341610 0.17454524338245392 2847
1780864341614 0.06544436514377594 2848
1780864341622 0.05739525333046913 2849
1780864341628 0.05256196856498718 2850
1780864341633 0.010072422213852406 2851
1780864341639 0.12380344420671463 2852
1780864341645 0.0499008372426033 2853
1780864341650 0.22158165276050568 2854
1780864341657 0.034842196851968765 2855
1780864341665 0.05917758867144585 2856
1780864341672 0.06779128313064575 2857
1780864341679 0.05044253170490265 2858
1780864341684 0.10998465120792389 2859
1780864341689 0.0469173789024353 2860
1780864341694 0.014130388386547565 2861
1780864341701 0.06644821912050247 2862
1780864341707 0.025257283821702003 2863
1780864341711 0.046724144369363785 2864
1780864341716 0.20440171658992767 2865
1780864341724 0.07079563289880753 2866
1780864341729 0.10781459510326385 2867
1780864341734 0.016925368458032608 2868
1780864341740 0.045505624264478683 2869
1780864341745 0.06404584646224976 2870
1780864341750 0.026565147563815117 2871
1780864341756 0.030222591012716293 2872
1780864341760 0.05994357168674469 2873
1780864341765 0.022480357438325882 2874
1780864341771 0.12076915055513382 2875
1780864341776 0.08918019384145737 2876
1780864341781 0.11439359188079834 2877
1780864341788 0.05360914394259453 2878
1780864341793 0.017570041120052338 2879
1780864341798 0.09638778120279312 2880
1780864341804 0.09945540130138397 2881
1780864341810 0.07556194067001343 2882
1780864341816 0.07436960935592651 2883
1780864341821 0.14498983323574066 2884
1780864341826 0.21477115154266357 2885
1780864341832 0.13256460428237915 2886
1780864341838 0.12516038119792938 2887
1780864341843 0.039277754724025726 2888
1780864341849 0.18971464037895203 2889
1780864341854 0.06272940337657928 2890
1780864341859 0.14564009010791779 2891
1780864341866 0.18689444661140442 2892
1780864341873 0.06844556331634521 2893
1780864341877 0.144590824842453 2894
1780864341882 0.02729005180299282 2895
1780864341887 0.013763606548309326 2896
1780864341892 0.1931847780942917 2897
1780864341897 0.05753803625702858 2898
1780864341901 0.0369076244533062 2899
1780864341907 0.02371840551495552 2900
1780864341912 0.0565069206058979 2901
1780864341916 0.10520711541175842 2902
1780864341924 0.07185307890176773 2903
1780864341928 0.07806526869535446 2904
1780864341935 0.10297854989767075 2905
1780864341940 0.03022773191332817 2906
1780864341944 0.04014275595545769 2907
1780864341951 0.017203809693455696 2908
1780864341957 0.1279585212469101 2909
1780864341964 0.12800757586956024 2910
1780864341969 0.05409060791134834 2911
1780864341974 0.20630903542041779 2912
1780864341979 0.231591135263443 2913
1780864341984 0.020846422761678696 2914
1780864341990 0.15877337753772736 2915
1780864341995 0.22422489523887634 2916
1780864341999 0.06409680843353271 2917
1780864342004 0.02830563113093376 2918
1780864342009 0.21505041420459747 2919
1780864342015 0.08354053646326065 2920
1780864342021 0.07477161288261414 2921
1780864342027 0.139150470495224 2922
1780864342031 0.06446380168199539 2923
1780864342038 0.11786045879125595 2924
1780864342043 0.13305029273033142 2925
1780864342049 0.055921681225299835 2926
1780864342055 0.1971645951271057 2927
1780864342060 0.06042531132698059 2928
1780864342068 0.015421847812831402 2929
1780864342073 0.0657602846622467 2930
1780864342078 0.05072963237762451 2931
1780864342083 0.13739095628261566 2932
1780864342092 0.09840059280395508 2933
1780864342096 0.10399957746267319 2934
1780864342101 0.0739884302020073 2935
1780864342107 0.2571207284927368 2936
1780864342112 0.10815183818340302 2937
1780864342119 0.011878055520355701 2938
1780864342124 0.19624190032482147 2939
1780864342129 0.054271310567855835 2940
1780864342136 0.13467983901500702 2941
1780864342143 0.10857613384723663 2942
1780864342150 0.07412213087081909 2943
1780864342155 0.13121098279953003 2944
1780864342160 0.14322972297668457 2945
1780864342165 0.058188457041978836 2946
1780864342170 0.18832027912139893 2947
1780864342175 0.098641537129879 2948
1780864342179 0.2438165247440338 2949
1780864342185 0.030443638563156128 2950
1780864342189 0.05361337959766388 2951
1780864342196 0.06610629707574844 2952
1780864342202 0.18688371777534485 2953
1780864342209 0.032704733312129974 2954
1780864342213 0.058200739324092865 2955
1780864342221 0.02251370996236801 2956
1780864342225 0.03582129254937172 2957
1780864342230 0.07179461419582367 2958
1780864342234 0.04944928362965584 2959
1780864342239 0.18198499083518982 2960
1780864342245 0.04475177451968193 2961
1780864342253 0.054207414388656616 2962
1780864342259 0.08125878125429153 2963
1780864342264 0.14795175194740295 2964
1780864342269 0.04715682193636894 2965
1780864342275 0.16734975576400757 2966
1780864342280 0.053821861743927 2967
1780864342286 0.19890573620796204 2968
1780864342293 0.03885631263256073 2969
1780864342298 0.1273459643125534 2970
1780864342302 0.03954928740859032 2971
1780864342309 0.04203275218605995 2972
1780864342315 0.19649146497249603 2973
1780864342322 0.0616864338517189 2974
1780864342327 0.04919981583952904 2975
1780864342335 0.14675432443618774 2976
1780864342341 0.04940159618854523 2977
1780864342347 0.017408689484000206 2978
1780864342355 0.023240184411406517 2979
1780864342360 0.036968883126974106 2980
1780864342364 0.10242471843957901 2981
1780864342372 0.08421503752470016 2982
1780864342377 0.1439291536808014 2983
1780864342382 0.055291179567575455 2984
1780864342389 0.08044686913490295 2985
1780864342394 0.017671162262558937 2986
1780864342399 0.04997978359460831 2987
1780864342404 0.04893181473016739 2988
1780864342409 0.05940069258213043 2989
1780864342414 0.021196503192186356 2990
1780864342420 0.12982836365699768 2991
1780864342425 0.0611235611140728 2992
1780864342430 0.0800572857260704 2993
1780864342436 0.057992205023765564 2994
1780864342442 0.21812869608402252 2995
1780864342447 0.04150853306055069 2996
1780864342452 0.040743764489889145 2997
1780864342458 0.09320270270109177 2998
1780864342466 0.04303725063800812 2999
1780864342471 0.027369193732738495 3000
1780864342475 0.1726057529449463 3001
1780864342479 0.03825293481349945 3002
1780864342487 0.0789717361330986 3003
1780864342495 0.10240508615970612 3004
1780864342502 0.10357332974672318 3005
1780864342507 0.04024071991443634 3006
1780864342511 0.09533946216106415 3007
1780864342515 0.11512012779712677 3008
1780864342522 0.086800716817379 3009
1780864342529 0.16531264781951904 3010
1780864342534 0.22367656230926514 3011
1780864342539 0.08294610679149628 3012
1780864342545 0.12873925268650055 3013
1780864342550 0.12954939901828766 3014
1780864342555 0.11388322710990906 3015
1780864342560 0.1509581208229065 3016
1780864342565 0.026702262461185455 3017
1780864342572 0.09613475203514099 3018
1780864342579 0.09892747551202774 3019
1780864342584 0.031215639784932137 3020
1780864342592 0.1072649359703064 3021
1780864342599 0.056587036699056625 3022
1780864342604 0.10000066459178925 3023
1780864342610 0.10615120828151703 3024
1780864342616 0.03348447382450104 3025
1780864342622 0.08046728372573853 3026
1780864342627 0.026056529954075813 3027
1780864342632 0.05564253032207489 3028
1780864342637 0.039241913706064224 3029
1780864342643 0.06479550898075104 3030
1780864342649 0.1154479831457138 3031
1780864342655 0.09498593956232071 3032
1780864342660 0.04630063846707344 3033
1780864342666 0.08280778676271439 3034
1780864342672 0.02866518311202526 3035
1780864342678 0.0693863108754158 3036
1780864342682 0.09686745703220367 3037
1780864342688 0.15193776786327362 3038
1780864342693 0.07240965217351913 3039
1780864342700 0.1417359858751297 3040
1780864342706 0.10615473985671997 3041
1780864342710 0.04033224284648895 3042
1780864342717 0.028747934848070145 3043
1780864342723 0.12939468026161194 3044
1780864342728 0.03862959146499634 3045
1780864342734 0.11055693030357361 3046
1780864342740 0.0974537581205368 3047
1780864342745 0.1289750188589096 3048
1780864342750 0.029513251036405563 3049
1780864342755 0.07316287606954575 3050
1780864342760 0.04888569191098213 3051
1780864342765 0.12113582342863083 3052
1780864342770 0.10327135026454926 3053
1780864342776 0.08621121197938919 3054
1780864342782 0.06278513371944427 3055
1780864342787 0.18221516907215118 3056
1780864342792 0.12830226123332977 3057
1780864342797 0.051195692270994186 3058
1780864342802 0.07293545454740524 3059
1780864342807 0.03559407964348793 3060
1780864342811 0.1686936616897583 3061
1780864342818 0.08652455359697342 3062
1780864342822 0.05641530826687813 3063
1780864342827 0.1410890370607376 3064
1780864342835 0.013512649573385715 3065
1780864342839 0.18551352620124817 3066
1780864342844 0.09142667055130005 3067
1780864342851 0.08453425765037537 3068
1780864342856 0.10920792073011398 3069
1780864342860 0.03866750746965408 3070
1780864342868 0.05616701394319534 3071
1780864342873 0.015535132959485054 3072
1780864342878 0.036553140729665756 3073
1780864342882 0.0881497785449028 3074
1780864342889 0.15030118823051453 3075
1780864342893 0.05409321188926697 3076
1780864342898 0.09432896226644516 3077
1780864342904 0.03947048261761665 3078
1780864342909 0.11282485723495483 3079
1780864342914 0.01771945133805275 3080
1780864342919 0.17258910834789276 3081
1780864342924 0.09889240562915802 3082
1780864342932 0.24305033683776855 3083
1780864342936 0.11851941049098969 3084
1780864342944 0.1810627281665802 3085
1780864342949 0.174657940864563 3086
1780864342954 0.025324301794171333 3087
1780864342959 0.2492300271987915 3088
1780864342964 0.029598381370306015 3089
1780864342969 0.029439914971590042 3090
1780864342974 0.06325285881757736 3091
1780864342979 0.0819389596581459 3092
1780864342984 0.08685874938964844 3093
1780864342991 0.2561894953250885 3094
1780864342995 0.03990870714187622 3095
1780864343001 0.3370308578014374 3096
1780864343006 0.012789384461939335 3097
1780864343011 0.08638111501932144 3098
1780864343017 0.11019501835107803 3099
1780864343021 0.17299474775791168 3100
1780864343026 0.062499940395355225 3101
1780864343033 0.09567064791917801 3102
1780864343037 0.09782826900482178 3103
1780864343043 0.015111489221453667 3104
1780864343050 0.09367235749959946 3105
1780864343056 0.0796753317117691 3106
1780864343061 0.1970183253288269 3107
1780864343066 0.06524325907230377 3108
1780864343072 0.05392615497112274 3109
1780864343077 0.13916845619678497 3110
1780864343083 0.014874801971018314 3111
1780864343087 0.05938864126801491 3112
1780864343093 0.24830277264118195 3113
1780864343098 0.06670467555522919 3114
1780864343103 0.10401032119989395 3115
1780864343108 0.02200927585363388 3116
1780864343115 0.08461739867925644 3117
1780864343121 0.1584567427635193 3118
1780864343125 0.11401744931936264 3119
1780864343130 0.01725507155060768 3120
1780864343135 0.01622823439538479 3121
1780864343140 0.20291969180107117 3122
1780864343145 0.07380224764347076 3123
1780864343153 0.0819656252861023 3124
1780864343158 0.12214890867471695 3125
1780864343165 0.06336653977632523 3126
1780864343169 0.13469170033931732 3127
1780864343175 0.04473165050148964 3128
1780864343181 0.08354403078556061 3129
1780864343185 0.043716754764318466 3130
1780864343189 0.05126934126019478 3131
1780864343194 0.16265460848808289 3132
1780864343200 0.019357426092028618 3133
1780864343205 0.1090594083070755 3134
1780864343210 0.09391803294420242 3135
1780864343214 0.00791782047599554 3136
1780864343219 0.01964488998055458 3137
1780864343224 0.05246011167764664 3138
1780864343229 0.03586357831954956 3139
1780864343234 0.08907050639390945 3140
1780864343239 0.04718010127544403 3141
1780864343244 0.054846808314323425 3142
1780864343252 0.06678198277950287 3143
1780864343257 0.23376014828681946 3144
1780864343264 0.1080484688282013 3145
1780864343271 0.01615859568119049 3146
1780864343275 0.09404274076223373 3147
1780864343279 0.18253906071186066 3148
1780864343284 0.1209162250161171 3149
1780864343289 0.15048515796661377 3150
1780864343295 0.23390625417232513 3151
1780864343300 0.033978141844272614 3152
1780864343306 0.13137267529964447 3153
1780864343312 0.15917852520942688 3154
1780864343316 0.0306958369910717 3155
1780864343324 0.1585770696401596 3156
1780864343328 0.09459623694419861 3157
1780864343333 0.016602974385023117 3158
1780864343339 0.09917557239532471 3159
1780864343345 0.16757100820541382 3160
1780864343350 0.11183246970176697 3161
1780864343355 0.09807851165533066 3162
1780864343360 0.04585900902748108 3163
1780864343365 0.04156523197889328 3164
1780864343369 0.09640895575284958 3165
1780864343375 0.05415259674191475 3166
1780864343380 0.1064087375998497 3167
1780864343387 0.07245805859565735 3168
1780864343392 0.16397154331207275 3169
1780864343398 0.035278379917144775 3170
1780864343402 0.13791774213314056 3171
1780864343408 0.06392646580934525 3172
1780864343413 0.015122861601412296 3173
1780864343418 0.30773231387138367 3174
1780864343422 0.11438211798667908 3175
1780864343429 0.090499646961689 3176
1780864343433 0.09035108238458633 3177
1780864343438 0.04949595779180527 3178
1780864343444 0.029907351359725 3179
1780864343449 0.08633961528539658 3180
1780864343455 0.039628975093364716 3181
1780864343460 0.03076643869280815 3182
1780864343466 0.2029993236064911 3183
1780864343471 0.017883477732539177 3184
1780864343475 0.17423036694526672 3185
1780864343482 0.21710756421089172 3186
1780864343486 0.023069733753800392 3187
1780864343491 0.2278648167848587 3188
1780864343497 0.020590050145983696 3189
1780864343502 0.15079151093959808 3190
1780864343508 0.18652983009815216 3191
1780864343515 0.013360271230340004 3192
1780864343519 0.05500214174389839 3193
1780864343525 0.037940941751003265 3194
1780864343530 0.031198393553495407 3195
1780864343535 0.20337112247943878 3196
1780864343539 0.022112656384706497 3197
1780864343544 0.11475607752799988 3198
1780864343549 0.16998732089996338 3199
1780864343554 0.04950457066297531 3200
1780864343561 0.09332878887653351 3201
1780864343565 0.07965845614671707 3202
1780864343572 0.12208306044340134 3203
1780864343576 0.059686750173568726 3204
1780864343582 0.03685620427131653 3205
1780864343587 0.061029862612485886 3206
1780864343593 0.01862780936062336 3207
1780864343599 0.05725856125354767 3208
1780864343607 0.09532716125249863 3209
1780864343613 0.035915277898311615 3210
1780864343619 0.013338565826416016 3211
1780864343624 0.06103105470538139 3212
1780864343630 0.10127561539411545 3213
1780864343637 0.017190665006637573 3214
1780864343643 0.05487241968512535 3215
1780864343648 0.007671297062188387 3216
1780864343654 0.09422634541988373 3217
1780864343659 0.05120408162474632 3218
1780864343666 0.018335597589612007 3219
1780864343671 0.14266933500766754 3220
1780864343677 0.048755329102277756 3221
1780864343684 0.008763574063777924 3222
1780864343689 0.034823231399059296 3223
1780864343694 0.07228320837020874 3224
1780864343701 0.010532258078455925 3225
1780864343707 0.029125459492206573 3226
1780864343712 0.05619090422987938 3227
1780864343718 0.10036137700080872 3228
1780864343723 0.18451113998889923 3229
1780864343728 0.09107144922018051 3230
1780864343733 0.008655749261379242 3231
1780864343740 0.18344631791114807 3232
1780864343746 0.16674968600273132 3233
1780864343750 0.09779005497694016 3234
1780864343754 0.05946233868598938 3235
1780864343761 0.14956679940223694 3236
1780864343765 0.11325307190418243 3237
1780864343772 0.01822207123041153 3238
1780864343777 0.1355675756931305 3239
1780864343782 0.10497358441352844 3240
1780864343788 0.042393844574689865 3241
1780864343794 0.04903277009725571 3242
1780864343799 0.0686945766210556 3243
1780864343805 0.12211506813764572 3244
1780864343812 0.028031734749674797 3245
1780864343816 0.1014891043305397 3246
1780864343824 0.08004440367221832 3247
1780864343829 0.20882153511047363 3248
1780864343834 0.13191846013069153 3249
1780864343839 0.07878442108631134 3250
1780864343847 0.2295234352350235 3251
1780864343851 0.04509086534380913 3252
1780864343858 0.028794927522540092 3253
1780864343864 0.08210700750350952 3254
1780864343869 0.036311183124780655 3255
1780864343874 0.08527284860610962 3256
1780864343880 0.03701801598072052 3257
1780864343887 0.05944453552365303 3258
1780864343892 0.03795326128602028 3259
1780864343901 0.05235135182738304 3260
1780864343906 0.05108802020549774 3261
1780864343911 0.11761047691106796 3262
1780864343916 0.05141358822584152 3263
1780864343921 0.054867543280124664 3264
1780864343927 0.2224246710538864 3265
1780864343932 0.19923366606235504 3266
1780864343937 0.08425188809633255 3267
1780864343944 0.01827474869787693 3268
1780864343948 0.1204790472984314 3269
1780864343953 0.1333724409341812 3270
1780864343959 0.09744028747081757 3271
1780864343963 0.04576415568590164 3272
1780864343968 0.02132514677941799 3273
1780864343975 0.10974334180355072 3274
1780864343981 0.11449889838695526 3275
1780864343986 0.10266972333192825 3276
1780864343992 0.09715709835290909 3277
1780864343997 0.0871373787522316 3278
1780864344004 0.06015688180923462 3279
1780864344010 0.11705582588911057 3280
1780864344015 0.04291470721364021 3281
1780864344020 0.03820348158478737 3282
1780864344026 0.09377842396497726 3283
1780864344032 0.13412122428417206 3284
1780864344038 0.05763280391693115 3285
1780864344045 0.12242607027292252 3286
1780864344049 0.15955127775669098 3287
1780864344057 0.04238015040755272 3288
1780864344061 0.03290209174156189 3289
1780864344067 0.05615532398223877 3290
1780864344072 0.01675550639629364 3291
1780864344078 0.10089597851037979 3292
1780864344083 0.01362660899758339 3293
1780864344087 0.15165628492832184 3294
1780864344094 0.18752168118953705 3295
1780864344099 0.0230061337351799 3296
1780864344103 0.061955325305461884 3297
1780864344109 0.07125277817249298 3298
1780864344114 0.03635517880320549 3299
1780864344119 0.10250645130872726 3300
1780864344124 0.053382471203804016 3301
1780864344132 0.025667311623692513 3302
1780864344139 0.015817157924175262 3303
1780864344145 0.12687833607196808 3304
1780864344151 0.12380292266607285 3305
1780864344157 0.0300936046987772 3306
1780864344163 0.024924658238887787 3307
1780864344168 0.017576435580849648 3308
1780864344173 0.11586978286504745 3309
1780864344180 0.04330267757177353 3310
1780864344185 0.11117579787969589 3311
1780864344193 0.08443813771009445 3312
1780864344198 0.03283761814236641 3313
1780864344203 0.151676744222641 3314
1780864344210 0.06880360096693039 3315
1780864344215 0.056193601340055466 3316
1780864344219 0.05617615208029747 3317
1780864344226 0.051759783178567886 3318
1780864344231 0.07117047905921936 3319
1780864344236 0.09713830053806305 3320
1780864344243 0.09424100816249847 3321
1780864344247 0.07557149976491928 3322
1780864344253 0.29147326946258545 3323
1780864344259 0.017363252118229866 3324
1780864344264 0.15460336208343506 3325
1780864344269 0.16650128364562988 3326
1780864344274 0.07460454106330872 3327
1780864344278 0.19162866473197937 3328
1780864344283 0.007127982564270496 3329
1780864344288 0.12994737923145294 3330
1780864344294 0.06388475000858307 3331
1780864344299 0.01873873919248581 3332
1780864344305 0.2619321644306183 3333
1780864344310 0.052052196115255356 3334
1780864344315 0.032416220754384995 3335
1780864344321 0.252928227186203 3336
1780864344328 0.24200870096683502 3337
1780864344333 0.08990795910358429 3338
1780864344338 0.029735149815678596 3339
1780864344343 0.028447775170207024 3340
1780864344351 0.02178599312901497 3341
1780864344356 0.0654250904917717 3342
1780864344361 0.0382968932390213 3343
1780864344366 0.05990816652774811 3344
1780864344373 0.03346899151802063 3345
1780864344378 0.07241681218147278 3346
1780864344383 0.020456111058592796 3347
1780864344388 0.029899559915065765 3348
1780864344393 0.07448574155569077 3349
1780864344398 0.0976037010550499 3350
1780864344403 0.08601921051740646 3351
1780864344408 0.17363996803760529 3352
1780864344412 0.10636617243289948 3353
1780864344417 0.0703192800283432 3354
1780864344422 0.1611519604921341 3355
1780864344426 0.10446997731924057 3356
1780864344431 0.09700866043567657 3357
1780864344436 0.24635739624500275 3358
1780864344440 0.04323551803827286 3359
1780864344445 0.2143876850605011 3360
1780864344449 0.07052253931760788 3361
1780864344452 0.1381201446056366 3362
1780864344458 0.11343443393707275 3363
1780864344462 0.06973926723003387 3364
1780864344466 0.03699691221117973 3365
1780864344470 0.08137722313404083 3366
1780864344475 0.035988498479127884 3367
1780864344479 0.01862630620598793 3368
1780864344483 0.05704231560230255 3369
1780864344488 0.07759406417608261 3370
1780864344495 0.12698982656002045 3371
1780864344498 0.05065855756402016 3372
1780864344502 0.19912999868392944 3373
1780864344505 0.11702345311641693 3374
1780864344509 0.11876571178436279 3375
1780864344513 0.01927327550947666 3376
1780864344518 0.1366477906703949 3377
1780864344522 0.054594721645116806 3378
1780864344526 0.05736521631479263 3379
1780864344529 0.07226313650608063 3380
1780864344535 0.17038854956626892 3381
1780864344541 0.08802579343318939 3382
1780864344545 0.08185234665870667 3383
1780864344549 0.17833974957466125 3384
1780864344552 0.08553741127252579 3385
1780864344560 0.0813177078962326 3386
1780864344566 0.10200261324644089 3387
1780864344573 0.2307891845703125 3388
1780864344579 0.04528865963220596 3389
1780864344583 0.0944221243262291 3390
1780864344588 0.01800534501671791 3391
1780864344592 0.014209453947842121 3392
1780864344597 0.1320737600326538 3393
1780864344602 0.1591653823852539 3394
1780864344607 0.063702791929245 3395
1780864344612 0.06531136482954025 3396
1780864344616 0.10849215090274811 3397
1780864344621 0.04205012321472168 3398
1780864344626 0.17003010213375092 3399
1780864344631 0.08468315750360489 3400
1780864344635 0.20811238884925842 3401
1780864344640 0.09096880257129669 3402
1780864344646 0.043502796441316605 3403
1780864344651 0.05825817957520485 3404
1780864344655 0.08181287348270416 3405
1780864344660 0.21417725086212158 3406
1780864344665 0.09424436837434769 3407
1780864344670 0.1504465490579605 3408
1780864344674 0.11321128159761429 3409
1780864344678 0.059886716306209564 3410
1780864344685 0.06064072623848915 3411
1780864344691 0.01051465142518282 3412
1780864344696 0.10667186975479126 3413
1780864344701 0.07200635224580765 3414
1780864344707 0.06449921429157257 3415
1780864344714 0.08077529817819595 3416
1780864344720 0.09946583211421967 3417
1780864344725 0.0942106768488884 3418
1780864344732 0.07960620522499084 3419
1780864344738 0.017582135275006294 3420
1780864344743 0.025820810347795486 3421
1780864344746 0.014819040894508362 3422
1780864344750 0.09753882884979248 3423
1780864344757 0.029879363253712654 3424
1780864344763 0.019931485876441002 3425
1780864344769 0.03472739830613136 3426
1780864344774 0.09423384070396423 3427
1780864344778 0.02978316880762577 3428
1780864344784 0.017810339108109474 3429
1780864344789 0.0959378108382225 3430
1780864344793 0.10841159522533417 3431
1780864344797 0.043020494282245636 3432
1780864344806 0.1986027956008911 3433
1780864344814 0.024011172354221344 3434
1780864344820 0.006719966419041157 3435
1780864344825 0.10642827302217484 3436
1780864344830 0.02058488503098488 3437
1780864344834 0.0884115993976593 3438
1780864344839 0.08106881380081177 3439
1780864344844 0.05314601585268974 3440
1780864344848 0.02977784536778927 3441
1780864344855 0.07340250164270401 3442
1780864344859 0.17212308943271637 3443
1780864344865 0.023767584934830666 3444
1780864344870 0.058717288076877594 3445
1780864344875 0.08521939814090729 3446
1780864344881 0.043623749166727066 3447
1780864344886 0.03715524077415466 3448
1780864344892 0.2168276011943817 3449
1780864344897 0.17109471559524536 3450
1780864344902 0.0373743437230587 3451
1780864344907 0.12934663891792297 3452
1780864344916 0.08593286573886871 3453
1780864344921 0.020726284012198448 3454
1780864344926 0.0402652770280838 3455
1780864344932 0.09274733811616898 3456
1780864344938 0.062036748975515366 3457
1780864344942 0.028642790392041206 3458
1780864344946 0.2973819375038147 3459
1780864344951 0.09340906888246536 3460
1780864344956 0.024902192875742912 3461
1780864344960 0.01536129042506218 3462
1780864344969 0.11729554831981659 3463
1780864344974 0.1354447454214096 3464
1780864344979 0.02955317683517933 3465
1780864344984 0.03344523161649704 3466
1780864344989 0.03598364442586899 3467
1780864344994 0.11273148655891418 3468
1780864344998 0.07769747078418732 3469
1780864345004 0.1048012524843216 3470
1780864345010 0.02533196099102497 3471
1780864345016 0.0390554741024971 3472
1780864345021 0.08245477825403214 3473
1780864345027 0.05060635134577751 3474
1780864345034 0.10855018347501755 3475
1780864345039 0.20547160506248474 3476
1780864345045 0.09481456130743027 3477
1780864345053 0.10288093984127045 3478
1780864345059 0.055809661746025085 3479
1780864345064 0.04148941487073898 3480
1780864345069 0.08816678076982498 3481
1780864345073 0.11294148117303848 3482
1780864345078 0.0811103954911232 3483
1780864345084 0.047708701342344284 3484
1780864345091 0.03567589446902275 3485
1780864345096 0.03581561520695686 3486
1780864345101 0.04360150545835495 3487
1780864345108 0.027006477117538452 3488
1780864345113 0.05329931527376175 3489
1780864345118 0.1063390001654625 3490
1780864345124 0.0267248023301363 3491
1780864345130 0.11297155916690826 3492
1780864345135 0.18671251833438873 3493
1780864345141 0.0994115099310875 3494
1780864345145 0.05270546302199364 3495
1780864345150 0.0980578139424324 3496
1780864345155 0.1903923749923706 3497
1780864345161 0.05454485863447189 3498
1780864345167 0.08524882048368454 3499
1780864345173 0.01911141723394394 3500
1780864345182 0.14884795248508453 3501
1780864345187 0.0740671157836914 3502
1780864345191 0.08555497229099274 3503
1780864345197 0.07362396270036697 3504
1780864345204 0.12877491116523743 3505
1780864345212 0.10809947550296783 3506
1780864345219 0.05605078861117363 3507
1780864345224 0.007546954322606325 3508
1780864345229 0.08725020289421082 3509
1780864345235 0.14902490377426147 3510
1780864345239 0.07185453921556473 3511
1780864345244 0.18851259350776672 3512
1780864345249 0.03776353597640991 3513
1780864345253 0.058044563978910446 3514
1780864345258 0.03825752064585686 3515
1780864345262 0.03182387351989746 3516
1780864345267 0.13878528773784637 3517
1780864345273 0.046010974794626236 3518
1780864345279 0.04198743402957916 3519
1780864345284 0.1098344698548317 3520
1780864345288 0.10189700126647949 3521
1780864345294 0.1370529979467392 3522
1780864345301 0.03745073080062866 3523
1780864345305 0.0038596440572291613 3524
1780864345310 0.2790648937225342 3525
1780864345315 0.015418492257595062 3526
1780864345320 0.04502272233366966 3527
1780864345325 0.20651796460151672 3528
1780864345329 0.17402522265911102 3529
1780864345335 0.044403113424777985 3530
1780864345343 0.09715987741947174 3531
1780864345348 0.1329992562532425 3532
1780864345353 0.024325713515281677 3533
1780864345360 0.09591478854417801 3534
1780864345369 0.06615670770406723 3535
1780864345373 0.057111937552690506 3536
1780864345378 0.0717867761850357 3537
1780864345386 0.06684080511331558 3538
1780864345391 0.1303320676088333 3539
1780864345396 0.07819506525993347 3540
1780864345401 0.01930515468120575 3541
1780864345405 0.036689434200525284 3542
1780864345409 0.0809529572725296 3543
1780864345415 0.15622571110725403 3544
1780864345419 0.06252206861972809 3545
1780864345424 0.013511041179299355 3546
1780864345430 0.08477837592363358 3547
1780864345437 0.05785952880978584 3548
1780864345442 0.021313823759555817 3549
1780864345448 0.04626306891441345 3550
1780864345453 0.03325247764587402 3551
1780864345458 0.15762744843959808 3552
1780864345464 0.08486933261156082 3553
1780864345469 0.113954097032547 3554
1780864345474 0.16420111060142517 3555
1780864345480 0.12684251368045807 3556
1780864345485 0.07806974649429321 3557
1780864345492 0.04682403430342674 3558
1780864345497 0.10493385046720505 3559
1780864345502 0.04173223301768303 3560
1780864345507 0.06259690225124359 3561
1780864345513 0.13433362543582916 3562
1780864345519 0.07806973904371262 3563
1780864345524 0.04772940278053284 3564
1780864345530 0.10221553593873978 3565
1780864345535 0.042011961340904236 3566
1780864345543 0.07502416521310806 3567
1780864345549 0.11492209881544113 3568
1780864345554 0.040152307599782944 3569
1780864345564 0.143060564994812 3570
1780864345568 0.030997369438409805 3571
1780864345574 0.09904427081346512 3572
1780864345580 0.04890424385666847 3573
1780864345585 0.18297147750854492 3574
1780864345589 0.050610750913619995 3575
1780864345596 0.11453089863061905 3576
1780864345602 0.02498023770749569 3577
1780864345606 0.04187998175621033 3578
1780864345611 0.11678289622068405 3579
1780864345616 0.039732396602630615 3580
1780864345623 0.07405111193656921 3581
1780864345628 0.03076043911278248 3582
1780864345633 0.05236230418086052 3583
1780864345638 0.09409024566411972 3584
1780864345643 0.2013026773929596 3585
1780864345649 0.03927226737141609 3586
1780864345654 0.11931245028972626 3587
1780864345659 0.22352395951747894 3588
1780864345665 0.1984350085258484 3589
1780864345671 0.1729138344526291 3590
1780864345676 0.020347174257040024 3591
1780864345681 0.08678197115659714 3592
1780864345686 0.1398557722568512 3593
1780864345693 0.1842295527458191 3594
1780864345699 0.128633052110672 3595
1780864345704 0.01762375608086586 3596
1780864345709 0.006956464610993862 3597
1780864345714 0.016556933522224426 3598
1780864345720 0.019910329952836037 3599
1780864345725 0.0827956423163414 3600
1780864345730 0.18501891195774078 3601
1780864345735 0.08230973780155182 3602
1780864345740 0.2197548747062683 3603
1780864345745 0.10495278239250183 3604
1780864345750 0.06859348714351654 3605
1780864345754 0.10172050446271896 3606
1780864345760 0.18001492321491241 3607
1780864345765 0.16942737996578217 3608
1780864345770 0.028392057865858078 3609
1780864345774 0.11712466180324554 3610
1780864345779 0.18936260044574738 3611
1780864345784 0.024576524272561073 3612
1780864345789 0.05601895600557327 3613
1780864345794 0.07280586659908295 3614
1780864345799 0.04225967824459076 3615
1780864345805 0.0805075541138649 3616
1780864345810 0.13423877954483032 3617
1780864345816 0.07617183774709702 3618
1780864345824 0.13923825323581696 3619
1780864345828 0.05026978626847267 3620
1780864345832 0.053056590259075165 3621
1780864345839 0.04656362906098366 3622
1780864345843 0.08480225503444672 3623
1780864345848 0.013812428340315819 3624
1780864345855 0.04871746152639389 3625
1780864345860 0.048014577478170395 3626
1780864345865 0.16190838813781738 3627
1780864345870 0.12835294008255005 3628
1780864345875 0.11611676216125488 3629
1780864345881 0.1514957696199417 3630
1780864345886 0.2264186143875122 3631
1780864345892 0.047752734273672104 3632
1780864345897 0.17385998368263245 3633
1780864345902 0.04319878667593002 3634
1780864345908 0.06312760710716248 3635
1780864345912 0.03774375841021538 3636
1780864345919 0.06668664515018463 3637
1780864345926 0.11644133925437927 3638
1780864345932 0.07903756201267242 3639
1780864345936 0.022581687197089195 3640
1780864345940 0.022859608754515648 3641
1780864345946 0.0609004870057106 3642
1780864345950 0.2800028622150421 3643
1780864345956 0.0131704555824399 3644
1780864345961 0.12832573056221008 3645
1780864345968 0.11844287067651749 3646
1780864345972 0.08670482784509659 3647
1780864345977 0.029588760808110237 3648
1780864345982 0.029686760157346725 3649
1780864345986 0.05041393265128136 3650
1780864345991 0.11078034341335297 3651
1780864345997 0.16572655737400055 3652
1780864346003 0.07339737564325333 3653
1780864346007 0.06292740255594254 3654
1780864346012 0.02111697569489479 3655
1780864346017 0.09746427088975906 3656
1780864346025 0.025682328268885612 3657
1780864346029 0.06462513655424118 3658
1780864346035 0.08020848035812378 3659
1780864346040 0.07880138605833054 3660
1780864346045 0.14324773848056793 3661
1780864346050 0.05189504846930504 3662
1780864346055 0.18464438617229462 3663
1780864346059 0.02534358762204647 3664
1780864346063 0.04821430519223213 3665
1780864346067 0.06668905913829803 3666
1780864346072 0.03725868836045265 3667
1780864346076 0.023656437173485756 3668
1780864346080 0.028085632249712944 3669
1780864346084 0.027983322739601135 3670
1780864346089 0.11544349789619446 3671
1780864346094 0.10976910591125488 3672
1780864346097 0.05809936299920082 3673
1780864346102 0.13890515267848969 3674
1780864346109 0.05984725430607796 3675
1780864346113 0.05344194173812866 3676
1780864346117 0.11453026533126831 3677
1780864346121 0.06675359606742859 3678
1780864346126 0.026172637939453125 3679
1780864346132 0.05675727128982544 3680
1780864346135 0.12337145209312439 3681
1780864346139 0.07256769388914108 3682
1780864346144 0.08978893607854843 3683
1780864346150 0.049496859312057495 3684
1780864346154 0.05073815956711769 3685
1780864346160 0.015561177395284176 3686
1780864346165 0.06732214987277985 3687
1780864346171 0.12477150559425354 3688
1780864346175 0.09448336064815521 3689
1780864346180 0.0557648167014122 3690
1780864346185 0.03968990221619606 3691
1780864346189 0.11997567862272263 3692
1780864346195 0.015420597977936268 3693
1780864346199 0.08328255265951157 3694
1780864346203 0.07400763779878616 3695
1780864346207 0.09732934832572937 3696
1780864346214 0.07618043571710587 3697
1780864346219 0.08413023501634598 3698
1780864346224 0.020354315638542175 3699
1780864346229 0.06492677330970764 3700
1780864346233 0.19089728593826294 3701
1780864346237 0.10948369652032852 3702
1780864346242 0.11473304033279419 3703
1780864346248 0.029808644205331802 3704
1780864346252 0.12668102979660034 3705
1780864346256 0.049758341163396835 3706
1780864346260 0.07073941081762314 3707
1780864346264 0.03545352444052696 3708
1780864346269 0.15556687116622925 3709
1780864346273 0.013828903436660767 3710
1780864346277 0.018917979672551155 3711
1780864346281 0.1767061948776245 3712
1780864346286 0.049703340977430344 3713
1780864346292 0.10987430810928345 3714
1780864346296 0.08901453763246536 3715
1780864346301 0.05929334834218025 3716
1780864346306 0.04341130703687668 3717
1780864346310 0.0460553839802742 3718
1780864346315 0.20191530883312225 3719
1780864346319 0.045496392995119095 3720
1780864346323 0.06265552341938019 3721
1780864346328 0.20127925276756287 3722
1780864346333 0.06750544905662537 3723
1780864346338 0.17624111473560333 3724
1780864346344 0.10760021209716797 3725
1780864346348 0.04558249190449715 3726
1780864346352 0.06263716518878937 3727
1780864346358 0.13280250132083893 3728
1780864346362 0.0882602110505104 3729
1780864346367 0.13653987646102905 3730
1780864346372 0.15799470245838165 3731
1780864346376 0.16158679127693176 3732
1780864346381 0.03096492402255535 3733
1780864346386 0.17304740846157074 3734
1780864346391 0.057320114225149155 3735
1780864346395 0.18432320654392242 3736
1780864346400 0.029128925874829292 3737
1780864346404 0.12684321403503418 3738
1780864346409 0.055064596235752106 3739
1780864346415 0.0398784838616848 3740
1780864346419 0.059217073023319244 3741
1780864346423 0.10187608003616333 3742
1780864346427 0.026216154918074608 3743
1780864346432 0.16398462653160095 3744
1780864346436 0.15177637338638306 3745
1780864346439 0.16300949454307556 3746
1780864346446 0.17417122423648834 3747
1780864346629 0.0844438374042511 3748
1780864346634 0.07682295143604279 3749
1780864346640 0.07671862095594406 3750
1780864346645 0.050781723111867905 3751
1780864346649 0.026482297107577324 3752
1780864346654 0.06549527496099472 3753
1780864346660 0.14746719598770142 3754
1780864346664 0.06029700115323067 3755
1780864346669 0.026564626023173332 3756
1780864346675 0.11298609524965286 3757
1780864346679 0.050634656101465225 3758
1780864346684 0.06683517247438431 3759
1780864346689 0.12495480477809906 3760
1780864346696 0.08257214725017548 3761
1780864346700 0.0958508849143982 3762
1780864346707 0.05713464319705963 3763
1780864346711 0.10647252947092056 3764
1780864346715 0.14554399251937866 3765
1780864346720 0.05301854759454727 3766
1780864346724 0.1714644432067871 3767
1780864346728 0.12432786822319031 3768
1780864346735 0.05612202733755112 3769
1780864346740 0.05465022847056389 3770
1780864346746 0.0613606832921505 3771
1780864346750 0.06759537756443024 3772
1780864346756 0.055058058351278305 3773
1780864346760 0.02355680987238884 3774
1780864346764 0.048724137246608734 3775
1780864346769 0.11720842868089676 3776
1780864346776 0.0708286240696907 3777
1780864346782 0.03635629639029503 3778
1780864346786 0.06323103606700897 3779
1780864346791 0.009457926265895367 3780
1780864346796 0.04330647364258766 3781
1780864346803 0.048627063632011414 3782
1780864346807 0.06615173816680908 3783
1780864346810 0.012207756750285625 3784
1780864346815 0.08327425271272659 3785
1780864346820 0.16424806416034698 3786
1780864346825 0.034891240298748016 3787
1780864346831 0.052859265357255936 3788
1780864346836 0.08167534321546555 3789
1780864346843 0.0190720371901989 3790
1780864346848 0.005067408550530672 3791
1780864346853 0.14395587146282196 3792
1780864346860 0.17823851108551025 3793
1780864346866 0.07499732822179794 3794
1780864346871 0.1056143045425415 3795
1780864346876 0.0549749992787838 3796
1780864346880 0.030401377007365227 3797
1780864346886 0.006830431520938873 3798
1780864346892 0.08027776330709457 3799
1780864346896 0.07386927306652069 3800
1780864346901 0.01844516210258007 3801
1780864346906 0.10565051436424255 3802
1780864346911 0.08117600530385971 3803
1780864346915 0.08453710377216339 3804
1780864346920 0.02364838309586048 3805
1780864346925 0.0965656042098999 3806
1780864346930 0.009309004060924053 3807
1780864346938 0.04394906014204025 3808
1780864346943 0.04238176718354225 3809
1780864346950 0.029271699488162994 3810
1780864346956 0.05650603026151657 3811
1780864346960 0.04677662253379822 3812
1780864346965 0.05331845581531525 3813
1780864346971 0.02612561546266079 3814
1780864346975 0.08344759047031403 3815
1780864346980 0.01740778237581253 3816
1780864346984 0.016169073060154915 3817
1780864346988 0.08636630326509476 3818
1780864346993 0.04960786551237106 3819
1780864346998 0.040252141654491425 3820
1780864347003 0.04370473325252533 3821
1780864347007 0.01874479278922081 3822
1780864347013 0.03581753000617027 3823
1780864347018 0.03855043277144432 3824
1780864347022 0.012841354124248028 3825
1780864347027 0.028413645923137665 3826
1780864347031 0.0340891070663929 3827
1780864347036 0.10015299171209335 3828
1780864347042 0.20758526027202606 3829
1780864347047 0.1094910055398941 3830
1780864347054 0.049016740173101425 3831
1780864347058 0.02260996401309967 3832
1780864347063 0.01801552250981331 3833
1780864347067 0.026190614327788353 3834
1780864347072 0.04290066659450531 3835
1780864347077 0.14076922833919525 3836
1780864347082 0.21056944131851196 3837
1780864347087 0.08211709558963776 3838
1780864347092 0.0628177598118782 3839
1780864347096 0.0919928252696991 3840
1780864347101 0.02403109520673752 3841
1780864347105 0.0299216341227293 3842
1780864347111 0.0898691937327385 3843
1780864347114 0.07186271995306015 3844
1780864347119 0.020425330847501755 3845
1780864347123 0.07346353679895401 3846
1780864347127 0.17775914072990417 3847
1780864347132 0.09102681279182434 3848
1780864347137 0.0413016751408577 3849
1780864347142 0.22147037088871002 3850
1780864347148 0.10843886435031891 3851
1780864347152 0.07892028987407684 3852
1780864347157 0.03843158110976219 3853
1780864347161 0.09473668783903122 3854
1780864347166 0.051764145493507385 3855
1780864347171 0.11723059415817261 3856
1780864347175 0.03835264593362808 3857
1780864347181 0.10207376629114151 3858
1780864347185 0.034566719084978104 3859
1780864347190 0.2523600161075592 3860
1780864347194 0.021200332790613174 3861
1780864347199 0.04828011989593506 3862
1780864347203 0.015034180134534836 3863
1780864347209 0.10203056782484055 3864
1780864347213 0.04768940061330795 3865
1780864347218 0.21732065081596375 3866
1780864347222 0.05456475168466568 3867
1780864347226 0.04829828441143036 3868
1780864347232 0.07595602422952652 3869
1780864347238 0.16756537556648254 3870
1780864347244 0.015020094811916351 3871
1780864347249 0.02490437775850296 3872
1780864347255 0.0361105240881443 3873
1780864347259 0.02404288575053215 3874
1780864347265 0.050320275127887726 3875
1780864347269 0.11980929225683212 3876
1780864347274 0.12892796099185944 3877
1780864347279 0.049415815621614456 3878
1780864347285 0.05571981146931648 3879
1780864347290 0.06700176745653152 3880
1780864347294 0.07801071554422379 3881
1780864347298 0.11887834966182709 3882
1780864347303 0.07517461478710175 3883
1780864347307 0.0427737757563591 3884
1780864347312 0.03146762028336525 3885
1780864347316 0.013410164974629879 3886
1780864347321 0.06337789446115494 3887
1780864347325 0.09332668781280518 3888
1780864347329 0.025245385244488716 3889
1780864347333 0.013367691077291965 3890
1780864347337 0.07840210199356079 3891
1780864347340 0.043214086443185806 3892
1780864347344 0.02050008997321129 3893
1780864347349 0.10753771662712097 3894
1780864347354 0.05905653163790703 3895
1780864347361 0.04984007775783539 3896
1780864347365 0.06928084790706635 3897
1780864347369 0.06034098193049431 3898
1780864347373 0.03566323593258858 3899
1780864347378 0.08891741186380386 3900
1780864347382 0.14289484918117523 3901
1780864347388 0.07482011616230011 3902
1780864347392 0.01777692325413227 3903
1780864347396 0.03920214623212814 3904
1780864347400 0.1242692619562149 3905
1780864347405 0.043328285217285156 3906
1780864347409 0.16392433643341064 3907
1780864347413 0.15030664205551147 3908
1780864347416 0.069416344165802 3909
1780864347420 0.07212208211421967 3910
1780864347423 0.056601256132125854 3911
1780864347430 0.12292256206274033 3912
1780864347434 0.0710371732711792 3913
1780864347439 0.20933836698532104 3914
1780864347442 0.05596423149108887 3915
1780864347447 0.0985625833272934 3916
1780864347451 0.02264983579516411 3917
1780864347456 0.024274466559290886 3918
1780864347462 0.00972150731831789 3919
1780864347466 0.09157992154359818 3920
1780864347470 0.05424904078245163 3921
1780864347477 0.1221652701497078 3922
1780864347481 0.03422017768025398 3923
1780864347485 0.06309335678815842 3924
1780864347491 0.30067479610443115 3925
1780864347495 0.06253106147050858 3926
1780864347499 0.11006389558315277 3927
1780864347504 0.005406365729868412 3928
1780864347509 0.15074041485786438 3929
1780864347512 0.042619701474905014 3930
1780864347517 0.05902715399861336 3931
1780864347521 0.11132943630218506 3932
1780864347525 0.04667934775352478 3933
1780864347529 0.06858334690332413 3934
1780864347532 0.12582747638225555 3935
1780864347536 0.018197618424892426 3936
1780864347541 0.1470245122909546 3937
1780864347546 0.08333863317966461 3938
1780864347550 0.07953069359064102 3939
1780864347554 0.04819244518876076 3940
1780864347559 0.08289361745119095 3941
1780864347563 0.03717577084898949 3942
1780864347567 0.08736337721347809 3943
1780864347573 0.05693662539124489 3944
1780864347579 0.09140995144844055 3945
1780864347583 0.00530597846955061 3946
1780864347588 0.12555819749832153 3947
1780864347593 0.022445062175393105 3948
1780864347599 0.09469534456729889 3949
1780864347605 0.10797546803951263 3950
1780864347609 0.031856734305620193 3951
1780864347616 0.1546584516763687 3952
1780864347622 0.07505092769861221 3953
1780864347628 0.14225679636001587 3954
1780864347633 0.10608634352684021 3955
1780864347637 0.10933784395456314 3956
1780864347642 0.03839647024869919 3957
1780864347648 0.014708627946674824 3958
1780864347653 0.02886521816253662 3959
1780864347658 0.03831138461828232 3960
1780864347664 0.012626766227185726 3961
1780864347667 0.07413128763437271 3962
1780864347672 0.0674733817577362 3963
1780864347677 0.08046858012676239 3964
1780864347682 0.09324174374341965 3965
1780864347687 0.07585397362709045 3966
1780864347690 0.04102998226881027 3967
1780864347696 0.06755352020263672 3968
1780864347702 0.07260099798440933 3969
1780864347707 0.040147773921489716 3970
1780864347711 0.10329046845436096 3971
1780864347716 0.17216284573078156 3972
1780864347720 0.016069775447249413 3973
1780864347726 0.024248840287327766 3974
1780864347733 0.05732441321015358 3975
1780864347736 0.08990558981895447 3976
1780864347741 0.008925293572247028 3977
1780864347745 0.11204881221055984 3978
1780864347750 0.017009617760777473 3979
1780864347755 0.02393992990255356 3980
1780864347761 0.026174426078796387 3981
1780864347765 0.1624123752117157 3982
1780864347769 0.16493824124336243 3983
1780864347773 0.13934478163719177 3984
1780864347776 0.06816931813955307 3985
1780864347781 0.04809769243001938 3986
1780864347786 0.031125595793128014 3987
1780864347792 0.019343912601470947 3988
1780864347796 0.16637013852596283 3989
1780864347800 0.09803753346204758 3990
1780864347804 0.03221047669649124 3991
1780864347810 0.03921983391046524 3992
1780864347815 0.07826398313045502 3993
1780864347818 0.07750532031059265 3994
1780864347822 0.021070577204227448 3995
1780864347825 0.03605888783931732 3996
1780864347830 0.11710606515407562 3997
1780864347837 0.14139685034751892 3998
1780864347840 0.2942306697368622 3999
1780864347845 0.07627280056476593 4000
1780864347848 0.05778283625841141 4001
1780864347852 0.02943643182516098 4002
1780864347856 0.137403666973114 4003
1780864347859 0.2722737193107605 4004
1780864347864 0.05211048200726509 4005
1780864347867 0.08968593925237656 4006
1780864347871 0.0748869851231575 4007
1780864347877 0.07384566962718964 4008
1780864347881 0.03636834770441055 4009
1780864347885 0.06385280191898346 4010
1780864347891 0.03525054454803467 4011
1780864347895 0.06207086145877838 4012
1780864347900 0.03939918801188469 4013
1780864347903 0.020956028252840042 4014
1780864347908 0.010993222706019878 4015
1780864347913 0.029604360461235046 4016
1780864347919 0.07108039408922195 4017
1780864347922 0.05420101433992386 4018
1780864347927 0.18653453886508942 4019
1780864347932 0.060963310301303864 4020
1780864347939 0.014440474100410938 4021
1780864347943 0.09505166113376617 4022
1780864347948 0.06686032563447952 4023
1780864347953 0.031215902417898178 4024
1780864347957 0.040920425206422806 4025
1780864347962 0.083064004778862 4026
1780864347966 0.01790873147547245 4027
1780864347970 0.01768612675368786 4028
1780864347974 0.10052111744880676 4029
1780864347979 0.04755913093686104 4030
1780864347984 0.09250494092702866 4031
1780864347988 0.09041499346494675 4032
1780864347993 0.00475115142762661 4033
1780864347997 0.06850098073482513 4034
1780864348002 0.06816141307353973 4035
1780864348006 0.10338525474071503 4036
1780864348010 0.015472370199859142 4037
1780864348014 0.027902713045477867 4038
1780864348019 0.09590407460927963 4039
1780864348023 0.023718349635601044 4040
1780864348027 0.06110496446490288 4041
1780864348032 0.019133545458316803 4042
1780864348038 0.08817191421985626 4043
1780864348044 0.03555961325764656 4044
1780864348049 0.07265475392341614 4045
1780864348053 0.024879269301891327 4046
1780864348057 0.137631356716156 4047
1780864348063 0.024226408451795578 4048
1780864348067 0.03630668669939041 4049
1780864348071 0.025666749104857445 4050
1780864348078 0.010891121812164783 4051
1780864348082 0.13261377811431885 4052
1780864348088 0.01888101175427437 4053
1780864348093 0.05688109248876572 4054
1780864348097 0.02709154598414898 4055
1780864348102 0.1068941280245781 4056
1780864348107 0.10939336568117142 4057
1780864348111 0.15556921064853668 4058
1780864348116 0.06530610471963882 4059
1780864348121 0.08067460358142853 4060
1780864348126 0.024266643449664116 4061
1780864348133 0.10373234003782272 4062
1780864348137 0.15246284008026123 4063
1780864348142 0.10898043215274811 4064
1780864348146 0.053464196622371674 4065
1780864348150 0.09466055035591125 4066
1780864348156 0.10602741688489914 4067
1780864348161 0.0677017867565155 4068
1780864348165 0.02105189859867096 4069
1780864348169 0.07067890465259552 4070
1780864348172 0.039061859250068665 4071
1780864348178 0.021227272227406502 4072
1780864348183 0.05413387343287468 4073
1780864348190 0.08305537700653076 4074
1780864348196 0.04714568704366684 4075
1780864348200 0.08445308357477188 4076
1780864348204 0.1234859973192215 4077
1780864348210 0.04439297318458557 4078
1780864348214 0.042444128543138504 4079
1780864348218 0.15808796882629395 4080
1780864348222 0.015015088953077793 4081
1780864348226 0.02211822383105755 4082
1780864348230 0.037066906690597534 4083
1780864348235 0.044250454753637314 4084
1780864348239 0.07047193497419357 4085
1780864348245 0.06304053962230682 4086
1780864348251 0.17141790688037872 4087
1780864348255 0.09415971487760544 4088
1780864348261 0.05559767782688141 4089
1780864348265 0.011847788468003273 4090
1780864348270 0.015834825113415718 4091
1780864348275 0.04152717813849449 4092
1780864348279 0.07378393411636353 4093
1780864348284 0.025032231584191322 4094
1780864348292 0.01882239244878292 4095
1780864348295 0.055059853941202164 4096
1780864348301 0.02814091555774212 4097
1780864348309 0.20710626244544983 4098
1780864348313 0.02856057696044445 4099
1780864348317 0.13714121282100677 4100
1780864348322 0.014657977968454361 4101
1780864348327 0.05243724212050438 4102
1780864348333 0.02687511220574379 4103
1780864348336 0.1237785592675209 4104
1780864348341 0.08867000043392181 4105
1780864348345 0.02085108309984207 4106
1780864348349 0.12827271223068237 4107
1780864348353 0.10880277305841446 4108
1780864348358 0.13949398696422577 4109
1780864348362 0.049596719443798065 4110
1780864348365 0.08171085268259048 4111
1780864348368 0.021135583519935608 4112
1780864348376 0.046832598745822906 4113
1780864348380 0.11093408614397049 4114
1780864348386 0.14340990781784058 4115
1780864348390 0.0836581140756607 4116
1780864348393 0.11101628094911575 4117
1780864348397 0.04660414159297943 4118
1780864348403 0.057475410401821136 4119
1780864348408 0.06548404693603516 4120
1780864348412 0.007626363076269627 4121
1780864348415 0.013870018534362316 4122
1780864348421 0.03154526650905609 4123
1780864348425 0.01779206655919552 4124
1780864348430 0.011048439890146255 4125
1780864348433 0.0761900246143341 4126
1780864348438 0.04768383875489235 4127
1780864348443 0.0549326129257679 4128
1780864348447 0.07724394649267197 4129
1780864348450 0.09633117914199829 4130
1780864348454 0.1098427101969719 4131
1780864348458 0.08348915725946426 4132
1780864348462 0.12750683724880219 4133
1780864348467 0.14400894939899445 4134
1780864348472 0.07092870771884918 4135
1780864348478 0.0035185394808650017 4136
1780864348482 0.12856678664684296 4137
1780864348486 0.040286071598529816 4138
1780864348492 0.019621236249804497 4139
1780864348496 0.033661551773548126 4140
1780864348500 0.12594455480575562 4141
1780864348504 0.13271866738796234 4142
1780864348512 0.11846587061882019 4143
1780864348516 0.029472338035702705 4144
1780864348521 0.062236614525318146 4145
1780864348525 0.0300956629216671 4146
1780864348529 0.09484636038541794 4147
1780864348534 0.08162612468004227 4148
1780864348539 0.10182251036167145 4149
1780864348543 0.02889798954129219 4150
1780864348548 0.08199427276849747 4151
1780864348553 0.019837424159049988 4152
1780864348557 0.10858912020921707 4153
1780864348563 0.0327715203166008 4154
1780864348567 0.051078494638204575 4155
1780864348572 0.052226245403289795 4156
1780864348576 0.07593442499637604 4157
1780864348582 0.03987283259630203 4158
1780864348587 0.03555810824036598 4159
1780864348592 0.08385453373193741 4160
1780864348596 0.017564015462994576 4161
1780864348601 0.09155238419771194 4162
1780864348607 0.023788804188370705 4163
1780864348612 0.04484453797340393 4164
1780864348616 0.06091926246881485 4165
1780864348621 0.13214550912380219 4166
1780864348626 0.05234859511256218 4167
1780864348631 0.03718270733952522 4168
1780864348637 0.0329410545527935 4169
1780864348642 0.13108009099960327 4170
1780864348648 0.06486175209283829 4171
1780864348652 0.014482308179140091 4172
1780864348659 0.244070366024971 4173
1780864348663 0.04077022895216942 4174
1780864348668 0.056857991963624954 4175
1780864348673 0.12915638089179993 4176
1780864348677 0.18919837474822998 4177
1780864348682 0.06752603501081467 4178
1780864348686 0.18486584722995758 4179
1780864348691 0.25053107738494873 4180
1780864348696 0.05464838072657585 4181
1780864348700 0.007880272343754768 4182
1780864348705 0.025201015174388885 4183
1780864348709 0.07656814903020859 4184
1780864348716 0.24304315447807312 4185
1780864348720 0.08897726237773895 4186
1780864348724 0.14569342136383057 4187
1780864348729 0.29354971647262573 4188
1780864348732 0.07944898307323456 4189
1780864348737 0.014499322511255741 4190
1780864348741 0.05431537330150604 4191
1780864348747 0.20619197189807892 4192
1780864348754 0.025782346725463867 4193
1780864348760 0.020484300330281258 4194
1780864348767 0.03451552614569664 4195
1780864348774 0.0866902619600296 4196
1780864348783 0.10063937306404114 4197
1780864348788 0.1429225653409958 4198
1780864348792 0.030011584982275963 4199
1780864348797 0.04154258966445923 4200
1780864348802 0.037693385034799576 4201
1780864348809 0.05497702211141586 4202
1780864348816 0.028057610616087914 4203
1780864348823 0.20446041226387024 4204
1780864348828 0.039981208741664886 4205
1780864348832 0.02333962172269821 4206
1780864348836 0.10505836457014084 4207
1780864348842 0.04311690479516983 4208
1780864348847 0.06928355991840363 4209
1780864348852 0.0975416973233223 4210
1780864348856 0.0798688530921936 4211
1780864348863 0.09262802451848984 4212
1780864348866 0.16771239042282104 4213
1780864348872 0.033925555646419525 4214
1780864348877 0.0560138002038002 4215
1780864348881 0.01979164592921734 4216
1780864348886 0.008536137640476227 4217
1780864348890 0.07592518627643585 4218
1780864348894 0.06480284780263901 4219
1780864348898 0.12101779878139496 4220
1780864348903 0.06994325667619705 4221
1780864348908 0.021392812952399254 4222
1780864348913 0.06762512028217316 4223
1780864348918 0.05088343843817711 4224
1780864348924 0.06947187334299088 4225
1780864348929 0.14011910557746887 4226
1780864348933 0.0123855946585536 4227
1780864348938 0.17018401622772217 4228
1780864348942 0.11648108065128326 4229
1780864348947 0.09086645394563675 4230
1780864348952 0.15479211509227753 4231
1780864348958 0.07271295040845871 4232
1780864348964 0.04976721480488777 4233
1780864348969 0.020534053444862366 4234
1780864348973 0.048865947872400284 4235
1780864348976 0.024855604395270348 4236
1780864348982 0.07164163142442703 4237
1780864348985 0.0792602002620697 4238
1780864348989 0.052019257098436356 4239
1780864348994 0.07763586938381195 4240
1780864348998 0.1135181188583374 4241
1780864349001 0.0520578995347023 4242
1780864349008 0.021766509860754013 4243
1780864349012 0.03275006636977196 4244
1780864349017 0.034786440432071686 4245
1780864349023 0.049376267939805984 4246
1780864349028 0.07876157760620117 4247
1780864349031 0.0947650671005249 4248
1780864349037 0.10483384132385254 4249
1780864349043 0.08209199458360672 4250
1780864349047 0.15118208527565002 4251
1780864349051 0.036994438618421555 4252
1780864349055 0.19320842623710632 4253
1780864349059 0.03382488340139389 4254
1780864349064 0.15855984389781952 4255
1780864349069 0.09067103266716003 4256
1780864349074 0.1107792779803276 4257
1780864349079 0.05308067426085472 4258
1780864349084 0.10999435186386108 4259
1780864349089 0.2857407033443451 4260
1780864349094 0.07949630171060562 4261
1780864349099 0.10825338214635849 4262
1780864349103 0.16143997013568878 4263
1780864349107 0.027522869408130646 4264
1780864349110 0.02978288196027279 4265
1780864349118 0.1349601149559021 4266
1780864349123 0.09633757174015045 4267
1780864349127 0.011793100275099277 4268
1780864349131 0.08179599046707153 4269
1780864349136 0.10340197384357452 4270
1780864349141 0.06110803037881851 4271
1780864349145 0.05352121219038963 4272
1780864349153 0.045216046273708344 4273
1780864349157 0.06468253582715988 4274
1780864349161 0.14928144216537476 4275
1780864349166 0.03094397857785225 4276
1780864349171 0.041872236877679825 4277
1780864349176 0.04583030566573143 4278
1780864349179 0.030458390712738037 4279
1780864349184 0.12830151617527008 4280
1780864349190 0.15866407752037048 4281
1780864349194 0.04934881627559662 4282
1780864349198 0.08294057101011276 4283
1780864349202 0.12627899646759033 4284
1780864349207 0.013475366868078709 4285
1780864349212 0.12994979321956635 4286
1780864349217 0.07083483040332794 4287
1780864349221 0.09151909500360489 4288
1780864349226 0.023666786029934883 4289
1780864349233 0.04664323851466179 4290
1780864349237 0.06791996955871582 4291
1780864349241 0.029487838968634605 4292
1780864349245 0.08352063596248627 4293
1780864349251 0.04765875265002251 4294
1780864349255 0.01806546561419964 4295
1780864349259 0.01686740480363369 4296
1780864349267 0.14834274351596832 4297
1780864349271 0.06863716244697571 4298
1780864349276 0.03406799957156181 4299
1780864349280 0.02394684962928295 4300
1780864349284 0.014675038866698742 4301
1780864349288 0.06112588942050934 4302
1780864349292 0.06905169785022736 4303
1780864349295 0.09383606910705566 4304
1780864349300 0.03347650542855263 4305
1780864349304 0.13806180655956268 4306
1780864349307 0.0596657395362854 4307
1780864349310 0.03568671643733978 4308
1780864349314 0.06333775818347931 4309
1780864349319 0.05361250787973404 4310
1780864349323 0.09504922479391098 4311
1780864349328 0.04235726222395897 4312
1780864349334 0.05306752398610115 4313
1780864349339 0.10525298863649368 4314
1780864349344 0.013266811147332191 4315
1780864349349 0.04271196946501732 4316
1780864349354 0.07865498960018158 4317
1780864349360 0.02038186602294445 4318
1780864349364 0.015878897160291672 4319
1780864349368 0.01246655359864235 4320
1780864349372 0.017666969448328018 4321
1780864349377 0.07649336010217667 4322
1780864349381 0.06940704584121704 4323
1780864349387 0.08760836720466614 4324
1780864349391 0.14711354672908783 4325
1780864349394 0.02954353578388691 4326
1780864349398 0.04985539987683296 4327
1780864349401 0.14555105566978455 4328
1780864349404 0.0572650171816349 4329
1780864349408 0.015318331308662891 4330
1780864349413 0.06206994876265526 4331
1780864349417 0.30281639099121094 4332
1780864349422 0.10500802844762802 4333
1780864349426 0.05040976405143738 4334
1780864349430 0.1114080548286438 4335
1780864349434 0.04213132709264755 4336
1780864349439 0.0112395528703928 4337
1780864349443 0.1179656907916069 4338
1780864349447 0.14065861701965332 4339
1780864349452 0.009485709480941296 4340
1780864349456 0.24646010994911194 4341
1780864349461 0.2709433138370514 4342
1780864349465 0.05074501410126686 4343
1780864349469 0.05052846670150757 4344
1780864349474 0.007274758070707321 4345
1780864349478 0.16154655814170837 4346
1780864349483 0.0047551305033266544 4347
1780864349488 0.09868253767490387 4348
1780864349494 0.01327422820031643 4349
1780864349498 0.04278447851538658 4350
1780864349502 0.02815522626042366 4351
1780864349506 0.085077203810215 4352
1780864349512 0.025561705231666565 4353
1780864349517 0.060681648552417755 4354
1780864349521 0.045822251588106155 4355
1780864349526 0.01104492973536253 4356
1780864349530 0.2155849039554596 4357
1780864349534 0.07801269739866257 4358
1780864349539 0.06800527125597 4359
1780864349544 0.02199399285018444 4360
1780864349548 0.10970461368560791 4361
1780864349554 0.046823564916849136 4362
1780864349559 0.013365698046982288 4363
1780864349566 0.09346209466457367 4364
1780864349571 0.03570280596613884 4365
1780864349575 0.03156258165836334 4366
1780864349580 0.010265654884278774 4367
1780864349585 0.07043761759996414 4368
1780864349592 0.05112594738602638 4369
1780864349598 0.15256057679653168 4370
1780864349603 0.07726597785949707 4371
1780864349606 0.015935033559799194 4372
1780864349613 0.031214909628033638 4373
1780864349617 0.022855596616864204 4374
1780864349621 0.1399521827697754 4375
1780864349624 0.10765743255615234 4376
1780864349629 0.10675372928380966 4377
1780864349633 0.046511683613061905 4378
1780864349638 0.16831086575984955 4379
1780864349644 0.02521520107984543 4380
1780864349649 0.11793296039104462 4381
1780864349653 0.07475195080041885 4382
1780864349658 0.05633791163563728 4383
1780864349663 0.02263973467051983 4384
1780864349667 0.09526261687278748 4385
1780864349670 0.14449132978916168 4386
1780864349678 0.027217868715524673 4387
1780864349683 0.19950081408023834 4388
1780864349689 0.07251956313848495 4389
1780864349693 0.05864304304122925 4390
1780864349699 0.02776678092777729 4391
1780864349704 0.12220250070095062 4392
1780864349709 0.04301237314939499 4393
1780864349714 0.014105335809290409 4394
1780864349720 0.017579220235347748 4395
1780864349726 0.029835110530257225 4396
1780864349730 0.06881620734930038 4397
1780864349735 0.035897862166166306 4398
1780864349741 0.004817854147404432 4399
1780864349746 0.07327928394079208 4400
1780864349752 0.14506404101848602 4401
1780864349756 0.08261461555957794 4402
1780864349762 0.08825302869081497 4403
1780864349767 0.05600642412900925 4404
1780864349771 0.05314168334007263 4405
1780864349777 0.15648674964904785 4406
1780864349781 0.06760475784540176 4407
1780864349786 0.16257327795028687 4408
1780864349790 0.13868820667266846 4409
1780864349797 0.01821468211710453 4410
1780864349801 0.07066067308187485 4411
1780864349805 0.237287700176239 4412
1780864349809 0.06879899650812149 4413
1780864349815 0.0991474911570549 4414
1780864349820 0.20930185914039612 4415
1780864349825 0.07105732709169388 4416
1780864349829 0.06648583710193634 4417
1780864349834 0.04396715760231018 4418
1780864349838 0.10274913907051086 4419
1780864349842 0.08556864410638809 4420
1780864349846 0.10862954705953598 4421
1780864349850 0.12739476561546326 4422
1780864349856 0.21849775314331055 4423
1780864349862 0.01038613822311163 4424
1780864349866 0.12085152417421341 4425
1780864349869 0.05350617319345474 4426
1780864349875 0.004120953381061554 4427
1780864349880 0.1393311470746994 4428
1780864349884 0.07066883891820908 4429
1780864349889 0.12437247484922409 4430
1780864349894 0.010411811992526054 4431
1780864349899 0.14266572892665863 4432
1780864349904 0.03315745294094086 4433
1780864349909 0.09950292855501175 4434
1780864349913 0.059797633439302444 4435
1780864349918 0.0949767678976059 4436
1780864349924 0.162798210978508 4437
1780864349929 0.06971710920333862 4438
1780864349933 0.04630706459283829 4439
1780864349939 0.1405220478773117 4440
1780864349944 0.060275107622146606 4441
1780864349948 0.06339186429977417 4442
1780864349953 0.03614853695034981 4443
1780864349957 0.016085252165794373 4444
1780864349962 0.16984823346138 4445
1780864349967 0.05955855920910835 4446
1780864349972 0.052965641021728516 4447
1780864349977 0.2539825141429901 4448
1780864349983 0.012934979982674122 4449
1780864349986 0.011776282452046871 4450
1780864349991 0.04156283289194107 4451
1780864349996 0.13519509136676788 4452
1780864350001 0.029248997569084167 4453
1780864350005 0.07227540016174316 4454
1780864350009 0.05142058804631233 4455
1780864350014 0.2777833342552185 4456
1780864350018 0.05862504988908768 4457
1780864350026 0.11419904232025146 4458
1780864350030 0.09372822195291519 4459
1780864350034 0.14043393731117249 4460
1780864350040 0.05591005086898804 4461
1780864350045 0.09737899154424667 4462
1780864350048 0.2896282970905304 4463
1780864350052 0.058703090995550156 4464
1780864350057 0.13463933765888214 4465
1780864350061 0.0804489478468895 4466
1780864350065 0.05202168598771095 4467
1780864350070 0.10574564337730408 4468
1780864350075 0.013536735437810421 4469
1780864350081 0.026541750878095627 4470
1780864350084 0.13170066475868225 4471
1780864350089 0.03339044749736786 4472
1780864350093 0.03212654963135719 4473
1780864350097 0.16862255334854126 4474
1780864350102 0.05585688725113869 4475
1780864350106 0.03491821512579918 4476
1780864350110 0.038453929126262665 4477
1780864350115 0.10494491457939148 4478
1780864350119 0.12151864171028137 4479
1780864350123 0.028722643852233887 4480
1780864350127 0.05486152693629265 4481
1780864350131 0.1352740377187729 4482
1780864350137 0.054083552211523056 4483
1780864350142 0.046685680747032166 4484
1780864350147 0.02779766544699669 4485
1780864350154 0.08675344288349152 4486
1780864350158 0.07866824418306351 4487
1780864350164 0.016184981912374496 4488
1780864350170 0.01679537445306778 4489
1780864350174 0.03879108652472496 4490
1780864350179 0.10176912695169449 4491
1780864350183 0.019673671573400497 4492
1780864350189 0.15162168443202972 4493
1780864350195 0.1292867362499237 4494
1780864350199 0.04607728496193886 4495
1780864350203 0.06500259041786194 4496
1780864350208 0.03360758349299431 4497
1780864350213 0.046498339623212814 4498
1780864350217 0.052068863064050674 4499
1780864350221 0.044844791293144226 4500
1780864350226 0.06830671429634094 4501
1780864350231 0.04352584481239319 4502
1780864350238 0.17786209285259247 4503
1780864350242 0.07738429307937622 4504
1780864350246 0.08045703172683716 4505
1780864350250 0.03973563387989998 4506
1780864350254 0.12666195631027222 4507
1780864350258 0.07850570976734161 4508
1780864350262 0.06656985729932785 4509
1780864350268 0.1200510561466217 4510
1780864350273 0.37961721420288086 4511
1780864350277 0.02478020265698433 4512
1780864350282 0.05066389963030815 4513
1780864350287 0.05287684500217438 4514
1780864350291 0.06905680149793625 4515
1780864350295 0.06580037623643875 4516
1780864350299 0.15898427367210388 4517
1780864350304 0.026009852066636086 4518
1780864350309 0.2456383854150772 4519
1780864350313 0.059837836772203445 4520
1780864350317 0.050142306834459305 4521
1780864350324 0.03854650631546974 4522
1780864350327 0.014143005944788456 4523
1780864350331 0.23287519812583923 4524
1780864350336 0.09835704416036606 4525
1780864350342 0.047911982983350754 4526
1780864350346 0.03606155887246132 4527
1780864350351 0.03698771819472313 4528
1780864350355 0.04563763365149498 4529
1780864350359 0.0657697543501854 4530
1780864350365 0.04623493552207947 4531
1780864350369 0.07696621865034103 4532
1780864350373 0.05792636051774025 4533
1780864350378 0.038027383387088776 4534
1780864350383 0.15071752667427063 4535
1780864350389 0.020489385351538658 4536
1780864350394 0.13431820273399353 4537
1780864350400 0.11215951293706894 4538
1780864350404 0.009148111566901207 4539
1780864350409 0.059116799384355545 4540
1780864350414 0.0792093575000763 4541
1780864350417 0.04093580320477486 4542
1780864350423 0.060827307403087616 4543
1780864350427 0.017271628603339195 4544
1780864350432 0.03811968117952347 4545
1780864350437 0.1493818759918213 4546
1780864350441 0.10674400627613068 4547
1780864350445 0.17835627496242523 4548
1780864350449 0.004061863757669926 4549
1780864350454 0.03309882432222366 4550
1780864350458 0.015288127586245537 4551
1780864350463 0.12181588262319565 4552
1780864350466 0.057700589299201965 4553
1780864350471 0.013459321111440659 4554
1780864350478 0.04663129895925522 4555
1780864350482 0.011064207181334496 4556
1780864350487 0.1401243507862091 4557
1780864350491 0.008890481665730476 4558
1780864350495 0.05110839754343033 4559
1780864350499 0.014829952269792557 4560
1780864350504 0.11929280310869217 4561
1780864350508 0.038160376250743866 4562
1780864350512 0.03857516869902611 4563
1780864350517 0.04017835855484009 4564
1780864350523 0.12217608094215393 4565
1780864350527 0.08539200574159622 4566
1780864350531 0.008683555759489536 4567
1780864350537 0.039262302219867706 4568
1780864350542 0.04740286245942116 4569
1780864350546 0.03386232629418373 4570
1780864350551 0.10412807017564774 4571
1780864350556 0.10272373259067535 4572
1780864350560 0.22394710779190063 4573
1780864350566 0.0635160580277443 4574
1780864350571 0.05870886147022247 4575
1780864350575 0.0654522255063057 4576
1780864350582 0.03192867711186409 4577
1780864350587 0.09981100261211395 4578
1780864350591 0.05913277342915535 4579
1780864350595 0.022932156920433044 4580
1780864350600 0.018748782575130463 4581
1780864350606 0.03308838978409767 4582
1780864350611 0.05601850897073746 4583
1780864350616 0.049845412373542786 4584
1780864350620 0.009825694374740124 4585
1780864350625 0.11492868512868881 4586
1780864350630 0.06465627998113632 4587
1780864350637 0.11775514483451843 4588
1780864350642 0.033649660646915436 4589
1780864350647 0.044994160532951355 4590
1780864350650 0.20843058824539185 4591
1780864350657 0.09645365923643112 4592
1780864350661 0.10624434053897858 4593
1780864350665 0.07929688692092896 4594
1780864350669 0.03687024861574173 4595
1780864350675 0.06641674041748047 4596
1780864350678 0.08244964480400085 4597
1780864350682 0.038966186344623566 4598
1780864350688 0.14800138771533966 4599
1780864350692 0.04269455000758171 4600
1780864350696 0.2018582969903946 4601
1780864350700 0.011132904328405857 4602
1780864350704 0.06212594732642174 4603
1780864350708 0.18764975666999817 4604
1780864350713 0.10497981309890747 4605
1780864350718 0.11799134314060211 4606
1780864350721 0.018894143402576447 4607
1780864350727 0.04288506135344505 4608
1780864350732 0.07694122940301895 4609
1780864350736 0.008653390221297741 4610
1780864350740 0.1410980224609375 4611
1780864350745 0.04604924097657204 4612
1780864350750 0.054829202592372894 4613
1780864350754 0.03591468557715416 4614
1780864350759 0.05045284330844879 4615
1780864350764 0.05748743191361427 4616
1780864350768 0.07419148087501526 4617
1780864350772 0.17675936222076416 4618
1780864350777 0.11601629108190536 4619
1780864350781 0.143676295876503 4620
1780864350786 0.06682022660970688 4621
1780864350790 0.02395307645201683 4622
1780864350795 0.06067494675517082 4623
1780864350800 0.1622120440006256 4624
1780864350805 0.1209627091884613 4625
1780864350810 0.023623967543244362 4626
1780864350816 0.013015083968639374 4627
1780864350820 0.011620392091572285 4628
1780864350827 0.05729517340660095 4629
1780864350831 0.08587886393070221 4630
1780864350836 0.025323601439595222 4631
1780864350840 0.3642187714576721 4632
1780864350844 0.04605969041585922 4633
1780864350849 0.03287437930703163 4634
1780864350854 0.041460394859313965 4635
1780864350858 0.15137360990047455 4636
1780864350862 0.03671996295452118 4637
1780864350866 0.01595335453748703 4638
1780864350872 0.13689453899860382 4639
1780864350876 0.14859744906425476 4640
1780864350881 0.10998754948377609 4641
1780864350886 0.05595298111438751 4642
1780864350890 0.04881945624947548 4643
1780864350894 0.0863514244556427 4644
1780864350899 0.11833076924085617 4645
1780864350903 0.0213836170732975 4646
1780864350908 0.123336061835289 4647
1780864350912 0.1417892724275589 4648
1780864350918 0.023901544511318207 4649
1780864350922 0.04973117634654045 4650
1780864350926 0.035905543714761734 4651
1780864350929 0.04412339627742767 4652
1780864350935 0.036483295261859894 4653
1780864350939 0.18709589540958405 4654
1780864350942 0.024513931944966316 4655
1780864350946 0.1739007532596588 4656
1780864350949 0.10370335727930069 4657
1780864350954 0.11721397936344147 4658
1780864350957 0.157969668507576 4659
1780864350961 0.0530778132379055 4660
1780864350966 0.01588415913283825 4661
1780864350970 0.008645509369671345 4662
1780864350974 0.10233024507761002 4663
1780864350979 0.10026542842388153 4664
1780864350984 0.1299896538257599 4665
1780864350988 0.14585590362548828 4666
1780864350994 0.12032131850719452 4667
1780864350998 0.09169363230466843 4668
1780864351003 0.01702621765434742 4669
1780864351007 0.025211859494447708 4670
1780864351012 0.022372426465153694 4671
1780864351017 0.030037563294172287 4672
1780864351021 0.051874563097953796 4673
1780864351025 0.03125319257378578 4674
1780864351030 0.16180245578289032 4675
1780864351034 0.22495755553245544 4676
1780864351038 0.033662546426057816 4677
1780864351042 0.02614208124577999 4678
1780864351048 0.04071445018053055 4679
1780864351052 0.04245587810873985 4680
1780864351056 0.024966171011328697 4681
1780864351060 0.040584828704595566 4682
1780864351065 0.016725335270166397 4683
1780864351070 0.13038845360279083 4684
