1782930963583 16.401391983032227 0
1782930963588 18.6446590423584 1
1782930963590 12.750114440917969 2
1782930963593 18.479778289794922 3
1782930963598 14.326866149902344 4
1782930963600 12.21939468383789 5
1782930963602 11.539225578308105 6
1782930963604 14.220520973205566 7
1782930963607 14.920564651489258 8
1782930963610 9.93099594116211 9
1782930963612 11.453150749206543 10
1782930963615 8.523255348205566 11
1782930963617 9.833024024963379 12
1782930963621 10.123434066772461 13
1782930963624 8.757316589355469 14
1782930963628 8.257205963134766 15
1782930963631 7.194530963897705 16
1782930963635 8.734657287597656 17
1782930963637 7.880909442901611 18
1782930963639 6.768006801605225 19
1782930963641 6.802319049835205 20
1782930963645 5.118935585021973 21
1782930963650 4.673757076263428 22
1782930963653 4.66602087020874 23
1782930963658 5.5836896896362305 24
1782930963661 5.419891357421875 25
1782930963665 5.260622024536133 26
1782930963669 4.153281211853027 27
1782930963673 4.294076919555664 28
1782930963676 3.5743744373321533 29
1782930963680 2.7436695098876953 30
1782930963683 2.8180787563323975 31
1782930963689 2.9926869869232178 32
1782930963695 2.554809093475342 33
1782930963701 2.449007749557495 34
1782930963705 2.2643511295318604 35
1782930963708 1.7686686515808105 36
1782930963711 2.0058913230895996 37
1782930963719 2.6345064640045166 38
1782930963723 1.964770793914795 39
1782930963728 1.7698488235473633 40
1782930963733 1.985176682472229 41
1782930963737 1.4835102558135986 42
1782930963741 1.117726445198059 43
1782930963746 1.319742202758789 44
1782930963754 1.3523603677749634 45
1782930963762 1.2419846057891846 46
1782930963768 1.3383790254592896 47
1782930963772 1.2041187286376953 48
1782930963780 1.1618568897247314 49
1782930963784 1.2811334133148193 50
1782930963789 1.3225635290145874 51
1782930963793 1.0190860033035278 52
1782930963796 1.2454414367675781 53
1782930963799 1.0255892276763916 54
1782930963803 1.1553653478622437 55
1782930963806 1.1052260398864746 56
1782930963810 1.034354567527771 57
1782930963813 1.0117888450622559 58
1782930963817 0.8790466785430908 59
1782930963820 1.1382403373718262 60
1782930963823 1.032942771911621 61
1782930963828 1.0023037195205688 62
1782930963831 1.0900532007217407 63
1782930963836 0.7993381023406982 64
1782930963843 1.1341825723648071 65
1782930963846 0.8689418435096741 66
1782930963850 0.8905845880508423 67
1782930963854 0.9645748138427734 68
1782930963858 0.8488035202026367 69
1782930963863 0.8427355289459229 70
1782930963867 0.80064457654953 71
1782930963871 0.9362720251083374 72
1782930963876 0.9107050895690918 73
1782930963880 0.8150490522384644 74
1782930963883 0.9719680547714233 75
1782930963886 0.9047443866729736 76
1782930963889 0.8943387269973755 77
1782930963891 0.8343386650085449 78
1782930963893 0.7506628632545471 79
1782930963898 0.7955604195594788 80
1782930963902 0.7122272253036499 81
1782930963907 0.7395386099815369 82
1782930963910 0.840348482131958 83
1782930963913 0.6876488327980042 84
1782930963917 0.8774964213371277 85
1782930963921 0.8013261556625366 86
1782930963925 0.7292730808258057 87
1782930963929 0.8138991594314575 88
1782930963936 0.7211794853210449 89
1782930963940 0.8436548113822937 90
1782930963943 0.7187770009040833 91
1782930963954 0.6061261892318726 92
1782930963960 0.780184268951416 93
1782930963964 0.8693159222602844 94
1782930963968 0.709128201007843 95
1782930963975 0.6734730005264282 96
1782930963978 0.7179775238037109 97
1782930963981 0.6917028427124023 98
1782930963986 0.9227395057678223 99
1782930963992 0.5729588270187378 100
1782930963997 0.5516823530197144 101
1782930964000 0.41958802938461304 102
1782930964004 0.6397801041603088 103
1782930964008 0.5163176655769348 104
1782930964013 0.8971611261367798 105
1782930964017 0.5178101062774658 106
1782930964020 0.6868507862091064 107
1782930964026 0.7331539392471313 108
1782930964029 0.5832973122596741 109
1782930964033 0.576316237449646 110
1782930964038 0.6723992228507996 111
1782930964042 0.5658213496208191 112
1782930964046 0.5409425497055054 113
1782930964050 0.5832756757736206 114
1782930964053 0.565479040145874 115
1782930964056 0.7017847895622253 116
1782930964060 0.6461336612701416 117
1782930964063 0.6565490961074829 118
1782930964067 0.6559017896652222 119
1782930964070 0.5681582093238831 120
1782930964074 0.8846949338912964 121
1782930964078 0.6962689757347107 122
1782930964081 0.6890347003936768 123
1782930964086 0.584998369216919 124
1782930964090 0.5719044208526611 125
1782930964093 0.6460683345794678 126
1782930964098 0.5801841616630554 127
1782930964100 0.6657840013504028 128
1782930964103 0.6038997769355774 129
1782930964105 0.6847296357154846 130
1782930964107 0.6539517641067505 131
1782930964111 0.6064884066581726 132
1782930964113 0.6024670004844666 133
1782930964119 0.5299327969551086 134
1782930964122 0.4557572901248932 135
1782930964127 0.7178621888160706 136
1782930964132 0.6483299136161804 137
1782930964136 0.633590042591095 138
1782930964139 0.5624408721923828 139
1782930964145 0.55596923828125 140
1782930964149 0.554046094417572 141
1782930964153 0.49295565485954285 142
1782930964157 0.7068670988082886 143
1782930964162 0.4552876651287079 144
1782930964166 0.5587937831878662 145
1782930964169 0.567772626876831 146
1782930964172 0.5771461725234985 147
1782930964175 0.6741360425949097 148
1782930964179 0.5344234704971313 149
1782930964182 0.35286614298820496 150
1782930964185 0.33297932147979736 151
1782930964189 0.6379400491714478 152
1782930964195 0.49665695428848267 153
1782930964201 0.47240981459617615 154
1782930964204 0.6216884851455688 155
1782930964207 0.4863196909427643 156
1782930964210 0.6386628746986389 157
1782930964215 0.5451567769050598 158
1782930964219 0.5734274983406067 159
1782930964223 0.6416245698928833 160
1782930964228 0.5933842658996582 161
1782930964232 0.46815359592437744 162
1782930964236 0.6618086695671082 163
1782930964239 0.7238562703132629 164
1782930964243 0.5470756888389587 165
1782930964248 0.6109063029289246 166
1782930964252 0.5811570882797241 167
1782930964254 0.4164770841598511 168
1782930964257 0.6188561320304871 169
1782930964261 0.47893595695495605 170
1782930964264 0.6801201701164246 171
1782930964267 0.5296894311904907 172
1782930964272 0.4795982837677002 173
1782930964275 0.6208370327949524 174
1782930964278 0.6380055546760559 175
1782930964281 0.4745781421661377 176
1782930964284 0.7186263203620911 177
1782930964287 0.6099659204483032 178
1782930964291 0.5575624108314514 179
1782930964295 0.412242591381073 180
1782930964299 0.4636319577693939 181
1782930964302 0.49599793553352356 182
1782930964305 0.5416704416275024 183
1782930964309 0.4824267029762268 184
1782930964314 0.6157262921333313 185
1782930964317 0.5806632041931152 186
1782930964321 0.607595682144165 187
1782930964325 0.4714294373989105 188
1782930964328 0.3978526294231415 189
1782930964331 0.7014455199241638 190
1782930964334 0.6181759834289551 191
1782930964337 0.5127999186515808 192
1782930964340 0.6444042921066284 193
1782930964345 0.4794604480266571 194
1782930964349 0.5028045177459717 195
1782930964352 0.46724534034729004 196
1782930964355 0.6314708590507507 197
1782930964359 0.6470213532447815 198
1782930964362 0.4527297019958496 199
1782930964365 0.5468644499778748 200
1782930964368 0.5178055167198181 201
1782930964372 0.46736064553260803 202
1782930964375 0.729143500328064 203
1782930964380 0.5713744759559631 204
1782930964383 0.5183013081550598 205
1782930964386 0.5511139035224915 206
1782930964390 0.3979301452636719 207
1782930964394 0.49492841958999634 208
1782930964398 0.6367993354797363 209
1782930964402 0.578126072883606 210
1782930964404 0.6652199625968933 211
1782930964407 0.5500397086143494 212
1782930964410 0.5064478516578674 213
1782930964414 0.4477995038032532 214
1782930964417 0.4990134537220001 215
1782930964419 0.4977283477783203 216
1782930964422 0.563588559627533 217
1782930964425 0.5747928619384766 218
1782930964429 0.5083818435668945 219
1782930964433 0.49086055159568787 220
1782930964436 0.6010759472846985 221
1782930964439 0.33975446224212646 222
1782930964442 0.4935827851295471 223
1782930964445 0.5003693103790283 224
1782930964449 0.5600929856300354 225
1782930964454 0.4726077914237976 226
1782930964458 0.5330456495285034 227
1782930964461 0.4280773401260376 228
1782930964464 0.4232194125652313 229
1782930964467 0.482837438583374 230
1782930964471 0.4281710088253021 231
1782930964475 0.41652822494506836 232
1782930964477 0.5441598892211914 233
1782930964480 0.8234357833862305 234
1782930964484 0.48028790950775146 235
1782930964487 0.5945345759391785 236
1782930964490 0.32663828134536743 237
1782930964494 0.5628337860107422 238
1782930964497 0.49986717104911804 239
1782930964500 0.3689868152141571 240
1782930964503 0.5465446710586548 241
1782930964505 0.5287238359451294 242
1782930964508 0.5273453593254089 243
1782930964514 0.501152753829956 244
1782930964516 0.621959388256073 245
1782930964519 0.4384946823120117 246
1782930964522 0.46613386273384094 247
1782930964525 0.41102802753448486 248
1782930964529 0.4375780522823334 249
1782930964532 0.5180637836456299 250
1782930964536 0.45246779918670654 251
1782930964538 0.4683641195297241 252
1782930964541 0.4949730932712555 253
1782930964546 0.4570293128490448 254
1782930964549 0.42533960938453674 255
1782930964552 0.6515589952468872 256
1782930964555 0.4492935240268707 257
1782930964559 0.3980230987071991 258
1782930964561 0.52040696144104 259
1782930964564 0.5151901245117188 260
1782930964568 0.5041607022285461 261
1782930964572 0.5021174550056458 262
1782930964575 0.38715896010398865 263
1782930964578 0.6082945466041565 264
1782930964583 0.6177690029144287 265
1782930964586 0.5481996536254883 266
1782930964589 0.4403802454471588 267
1782930964592 0.4161064326763153 268
1782930964595 0.4340055584907532 269
1782930964599 0.7110759615898132 270
1782930964601 0.4454673230648041 271
1782930964604 0.4177868366241455 272
1782930964607 0.328933447599411 273
1782930964612 0.5926143527030945 274
1782930964615 0.5725684762001038 275
1782930964618 0.7282532453536987 276
1782930964623 0.4720226228237152 277
1782930964626 0.45879679918289185 278
1782930964630 0.8099622130393982 279
1782930964633 0.5500545501708984 280
1782930964636 0.6943438649177551 281
1782930964638 0.6058788895606995 282
1782930964642 0.4030667245388031 283
1782930964645 0.5574467778205872 284
1782930964649 0.536919355392456 285
1782930964652 0.5404293537139893 286
1782930964656 0.3977222144603729 287
1782930964660 0.3979596793651581 288
1782930964663 0.47226792573928833 289
1782930964667 0.583966076374054 290
1782930964670 0.6542282104492188 291
1782930964673 0.42379269003868103 292
1782930964676 0.6232110857963562 293
1782930964679 0.38523173332214355 294
1782930964682 0.415283203125 295
1782930964684 0.41905277967453003 296
1782930964688 0.4057149887084961 297
1782930964690 0.4374958276748657 298
1782930964694 0.6754053831100464 299
1782930964696 0.7377943992614746 300
1782930964700 0.39978161454200745 301
1782930964704 0.4833672344684601 302
1782930964707 0.39240604639053345 303
1782930964711 0.39069584012031555 304
1782930964715 0.448820561170578 305
1782930964719 0.48779210448265076 306
1782930964723 0.4672091007232666 307
1782930964725 0.38828182220458984 308
1782930964728 0.4889020025730133 309
1782930964732 0.4695681035518646 310
1782930964734 0.3544967770576477 311
1782930964737 0.372036874294281 312
1782930964740 0.42443564534187317 313
1782930964743 0.5015573501586914 314
1782930964748 0.4318293333053589 315
1782930964751 0.38601523637771606 316
1782930964754 0.39829251170158386 317
1782930964757 0.48776447772979736 318
1782930964761 0.4567030966281891 319
1782930964764 0.2705540359020233 320
1782930964767 0.435827374458313 321
1782930964770 0.30009889602661133 322
1782930964775 0.46244436502456665 323
1782930964778 0.4220471680164337 324
1782930964781 0.6594601273536682 325
1782930964784 0.4791345000267029 326
1782930964787 0.43283602595329285 327
1782930964791 0.7650206685066223 328
1782930964795 0.40153828263282776 329
1782930964798 0.39840641617774963 330
1782930964801 0.547002911567688 331
1782930964803 0.5283951163291931 332
1782930964807 0.4565531611442566 333
1782930964811 0.42771774530410767 334
1782930964814 0.4880266487598419 335
1782930964817 0.42614254355430603 336
1782930964820 0.46447595953941345 337
1782930964824 0.5680235624313354 338
1782930964828 0.5192304849624634 339
1782930964831 0.49211108684539795 340
1782930964834 0.46792513132095337 341
1782930964847 0.5546236038208008 342
1782930964852 0.43840858340263367 343
1782930964855 0.3698424994945526 344
1782930964857 0.5686304569244385 345
1782930964862 0.48593807220458984 346
1782930964865 0.40237921476364136 347
1782930964870 0.5255187749862671 348
1782930964872 0.3592655062675476 349
1782930964876 0.44059956073760986 350
1782930964880 0.5242151618003845 351
1782930964883 0.43166232109069824 352
1782930964886 0.40498635172843933 353
1782930964889 0.3284182846546173 354
1782930964893 0.4384121894836426 355
1782930964896 0.41393914818763733 356
1782930964899 0.4584820568561554 357
1782930964903 0.4614982306957245 358
1782930964906 0.5441327691078186 359
1782930964911 0.5800609588623047 360
1782930964915 0.3174694776535034 361
1782930964919 0.28739967942237854 362
1782930964922 0.5187568068504333 363
1782930964925 0.4899967312812805 364
1782930964930 0.32058537006378174 365
1782930964933 0.5660058259963989 366
1782930964937 0.5489059686660767 367
1782930964940 0.4615509510040283 368
1782930964945 0.32989153265953064 369
1782930964949 0.4296737611293793 370
1782930964952 0.5223584175109863 371
1782930964954 0.6203406453132629 372
1782930964956 0.27128127217292786 373
1782930964958 0.5784464478492737 374
1782930964960 0.28572097420692444 375
1782930964966 0.34987911581993103 376
1782930964969 0.5895306468009949 377
1782930964973 0.5389572978019714 378
1782930964976 0.43070024251937866 379
1782930964980 0.2630601227283478 380
1782930964983 0.5469512939453125 381
1782930964986 0.34908053278923035 382
1782930964990 0.30589789152145386 383
1782930964993 0.492020845413208 384
1782930964996 0.4411316514015198 385
1782930965002 0.5151870250701904 386
1782930965006 0.49748197197914124 387
1782930965010 0.4812023341655731 388
1782930965014 0.41818949580192566 389
1782930965017 0.48892953991889954 390
1782930965021 0.5997797250747681 391
1782930965023 0.36693263053894043 392
1782930965028 0.4094846844673157 393
1782930965032 0.5554085969924927 394
1782930965035 0.20935578644275665 395
1782930965040 0.6506868600845337 396
1782930965045 0.3970736563205719 397
1782930965048 0.32701539993286133 398
1782930965053 0.5519434809684753 399
1782930965055 0.35715794563293457 400
1782930965058 0.4318479001522064 401
1782930965062 0.4759199917316437 402
1782930965066 0.39145708084106445 403
1782930965069 0.3700465261936188 404
1782930965072 0.29954928159713745 405
1782930965076 0.3665858805179596 406
1782930965079 0.6378676295280457 407
1782930965082 0.2741752862930298 408
1782930965087 0.5796773433685303 409
1782930965090 0.380961537361145 410
1782930965094 0.6147060394287109 411
1782930965097 0.3870895802974701 412
1782930965100 0.31063389778137207 413
1782930965104 0.34728381037712097 414
1782930965107 0.37446489930152893 415
1782930965111 0.34080538153648376 416
1782930965114 0.4353026747703552 417
1782930965117 0.4570741355419159 418
1782930965119 0.4966520369052887 419
1782930965122 0.4242706298828125 420
1782930965124 0.4327790439128876 421
1782930965127 0.46568000316619873 422
1782930965131 0.3546130657196045 423
1782930965135 0.41333359479904175 424
1782930965138 0.357454389333725 425
1782930965143 0.4117449223995209 426
1782930965147 0.40763455629348755 427
1782930965151 0.40988218784332275 428
1782930965156 0.2648918032646179 429
1782930965159 0.36166343092918396 430
1782930965163 0.36096835136413574 431
1782930965166 0.43411514163017273 432
1782930965169 0.4363819360733032 433
1782930965171 0.5304368138313293 434
1782930965176 0.5589370131492615 435
1782930965179 0.4261409044265747 436
1782930965182 0.44822973012924194 437
1782930965186 0.4663526117801666 438
1782930965188 0.6380941271781921 439
1782930965192 0.4587216079235077 440
1782930965195 0.38256391882896423 441
1782930965198 0.3320290744304657 442
1782930965203 0.4061961770057678 443
1782930965205 0.3804141879081726 444
1782930965209 0.3818308413028717 445
1782930965213 0.46823015809059143 446
1782930965216 0.47670066356658936 447
1782930965219 0.4893573224544525 448
1782930965222 0.32744550704956055 449
1782930965225 0.37820059061050415 450
1782930965228 0.19722163677215576 451
1782930965231 0.3354049324989319 452
1782930965234 0.4555451273918152 453
1782930965239 0.2745411694049835 454
1782930965244 0.36223363876342773 455
1782930965247 0.4619402289390564 456
1782930965250 0.4938366115093231 457
1782930965253 0.235655277967453 458
1782930965256 0.5239261984825134 459
1782930965262 0.5145300030708313 460
1782930965265 0.2822525203227997 461
1782930965268 0.42077672481536865 462
1782930965272 0.28613096475601196 463
1782930965278 0.2544722855091095 464
1782930965281 0.5035392642021179 465
1782930965284 0.3986819386482239 466
1782930965288 0.34992069005966187 467
1782930965290 0.4230702519416809 468
1782930965294 0.409146785736084 469
1782930965297 0.4099567234516144 470
1782930965300 0.4391438364982605 471
1782930965304 0.27803048491477966 472
1782930965307 0.39379560947418213 473
1782930965310 0.43410757184028625 474
1782930965314 0.29685577750205994 475
1782930965318 0.5157521367073059 476
1782930965320 0.49191713333129883 477
1782930965323 0.3546578288078308 478
1782930965327 0.4073161482810974 479
1782930965330 0.4654984176158905 480
1782930965333 0.4115959107875824 481
1782930965336 0.3435375690460205 482
1782930965339 0.40842553973197937 483
1782930965342 0.613559901714325 484
1782930965346 0.33471158146858215 485
1782930965350 0.2520422041416168 486
1782930965353 0.43257638812065125 487
1782930965356 0.34168848395347595 488
1782930965359 0.3455238342285156 489
1782930965362 0.37268880009651184 490
1782930965366 0.3757524788379669 491
1782930965369 0.6045892238616943 492
1782930965373 0.40795111656188965 493
1782930965379 0.41827207803726196 494
1782930965382 0.28182274103164673 495
1782930965385 0.35677140951156616 496
1782930965388 0.4625815451145172 497
1782930965391 0.33430618047714233 498
1782930965395 0.4119969308376312 499
1782930965398 0.5133979916572571 500
1782930965400 0.49484023451805115 501
1782930965405 0.42654097080230713 502
1782930965408 0.2582974433898926 503
1782930965412 0.3003285825252533 504
1782930965415 0.41899561882019043 505
1782930965418 0.5436444282531738 506
1782930965420 0.4355892241001129 507
1782930965423 0.4437371790409088 508
1782930965426 0.31283536553382874 509
1782930965430 0.4569181501865387 510
1782930965433 0.36243870854377747 511
1782930965436 0.2923927307128906 512
1782930965439 0.2631930112838745 513
1782930965442 0.40668627619743347 514
1782930965446 0.37360095977783203 515
1782930965448 0.3449394106864929 516
1782930965452 0.505678653717041 517
1782930965454 0.4235425889492035 518
1782930965457 0.4264914393424988 519
1782930965460 0.31199324131011963 520
1782930965466 0.35997262597084045 521
1782930965469 0.296553373336792 522
1782930965472 0.49918532371520996 523
1782930965475 0.4597018361091614 524
1782930965478 0.23492172360420227 525
1782930965481 0.27280327677726746 526
1782930965484 0.32795336842536926 527
1782930965488 0.5271831750869751 528
1782930965491 0.2639683485031128 529
1782930965494 0.4276520311832428 530
1782930965497 0.5172679424285889 531
1782930965500 0.4830136001110077 532
1782930965503 0.5462545156478882 533
1782930965506 0.3715224266052246 534
1782930965509 0.6193941235542297 535
1782930965513 0.38837698101997375 536
1782930965516 0.3889114260673523 537
1782930965519 0.3421850800514221 538
1782930965523 0.3908146619796753 539
1782930965526 0.4245782196521759 540
1782930965531 0.25284868478775024 541
1782930965534 0.2749105989933014 542
1782930965537 0.47211912274360657 543
1782930965540 0.44463106989860535 544
1782930965544 0.39621493220329285 545
1782930965547 0.5013598799705505 546
1782930965550 0.31730809807777405 547
1782930965553 0.3053431808948517 548
1782930965556 0.37607717514038086 549
1782930965560 0.3755185604095459 550
1782930965563 0.5541539788246155 551
1782930965565 0.5299656391143799 552
1782930965567 0.41179782152175903 553
1782930965570 0.6156505346298218 554
1782930965572 0.18130181729793549 555
1782930965575 0.3266187310218811 556
1782930965578 0.2129807472229004 557
1782930965580 0.4080139696598053 558
1782930965582 0.5469822883605957 559
1782930965584 0.31841737031936646 560
1782930965587 0.2875455319881439 561
1782930965592 0.3529971241950989 562
1782930965595 0.2312922477722168 563
1782930965598 0.3266748785972595 564
1782930965601 0.49344581365585327 565
1782930965606 0.4021669924259186 566
1782930965609 0.25152263045310974 567
1782930965614 0.3020108640193939 568
1782930965618 0.6058118343353271 569
1782930965621 0.44708722829818726 570
1782930965625 0.42675095796585083 571
1782930965629 0.42950865626335144 572
1782930965632 0.34867221117019653 573
1782930965636 0.3546268045902252 574
1782930965641 0.36198848485946655 575
1782930965645 0.258830189704895 576
1782930965648 0.47202736139297485 577
1782930965652 0.2626526355743408 578
1782930965655 0.45241695642471313 579
1782930965658 0.3707222044467926 580
1782930965663 0.3322243094444275 581
1782930965666 0.22962558269500732 582
1782930965670 0.35024493932724 583
1782930965673 0.321122407913208 584
1782930965678 0.6593064665794373 585
1782930965681 0.4258407652378082 586
1782930965685 0.47370004653930664 587
1782930965689 0.46670281887054443 588
1782930965693 0.2982044816017151 589
1782930965696 0.46683329343795776 590
1782930965700 0.2365686595439911 591
1782930965704 0.2992545962333679 592
1782930965707 0.28531694412231445 593
1782930965711 0.472072958946228 594
1782930965714 0.40587568283081055 595
1782930965717 0.52232825756073 596
1782930965721 0.3720266819000244 597
1782930965723 0.2353893220424652 598
1782930965729 0.3655654489994049 599
1782930965731 0.36784374713897705 600
1782930965735 0.216165229678154 601
1782930965738 0.35046282410621643 602
1782930965741 0.46019747853279114 603
1782930965744 0.35892704129219055 604
1782930965748 0.2970845401287079 605
1782930965751 0.4335804581642151 606
1782930965754 0.23013336956501007 607
1782930965756 0.3486737310886383 608
1782930965761 0.3082227110862732 609
1782930965764 0.40868279337882996 610
1782930965768 0.36743804812431335 611
1782930965771 0.3548988997936249 612
1782930965774 0.2401130199432373 613
1782930965779 0.4937218129634857 614
1782930965782 0.3007195293903351 615
1782930965785 0.3634161949157715 616
1782930965788 0.43456071615219116 617
1782930965792 0.61439448595047 618
1782930965797 0.6165015697479248 619
1782930965799 0.3400615155696869 620
1782930965802 0.510750412940979 621
1782930965806 0.3148503303527832 622
1782930965812 0.26670193672180176 623
1782930965818 0.42111819982528687 624
1782930965821 0.3452189564704895 625
1782930965823 0.3413122594356537 626
1782930965827 0.5069923996925354 627
1782930965831 0.615070104598999 628
1782930965834 0.42387065291404724 629
1782930965837 0.42955029010772705 630
1782930965840 0.4674484133720398 631
1782930965843 0.26584818959236145 632
1782930965847 0.4643227159976959 633
1782930965850 0.23941972851753235 634
1782930965853 0.17999190092086792 635
1782930965856 0.3282756209373474 636
1782930965859 0.3941580057144165 637
1782930965863 0.41491013765335083 638
1782930965866 0.40400829911231995 639
1782930965868 0.3778173625469208 640
1782930965871 0.37221774458885193 641
1782930965875 0.4392479658126831 642
1782930965878 0.29545122385025024 643
1782930965881 0.37107545137405396 644
1782930965884 0.25691357254981995 645
1782930965887 0.29113832116127014 646
1782930965892 0.26981663703918457 647
1782930965895 0.29831773042678833 648
1782930965898 0.24428680539131165 649
1782930965901 0.32219216227531433 650
1782930965905 0.1759987622499466 651
1782930965909 0.363940954208374 652
1782930965913 0.35679611563682556 653
1782930965916 0.5755689740180969 654
1782930965920 0.2996769845485687 655
1782930965923 0.4146682322025299 656
1782930965928 0.3709339499473572 657
1782930965931 0.2507871985435486 658
1782930965934 0.1619296669960022 659
1782930965936 0.25524306297302246 660
1782930965939 0.49789905548095703 661
1782930965948 0.4881117343902588 662
1782930965953 0.3423476815223694 663
1782930965957 0.5372893214225769 664
1782930965961 0.23676016926765442 665
1782930965971 0.3677346110343933 666
1782930965988 0.40141624212265015 667
1782930965991 0.44625163078308105 668
1782930966000 0.39137598872184753 669
1782930966005 0.39515239000320435 670
1782930966010 0.40030398964881897 671
1782930966014 0.3226769268512726 672
1782930966019 0.503128707408905 673
1782930966025 0.26295071840286255 674
1782930966030 0.3281477093696594 675
1782930966035 0.37940463423728943 676
1782930966039 0.4734210669994354 677
1782930966046 0.25870952010154724 678
1782930966049 0.22326703369617462 679
1782930966053 0.3847264349460602 680
1782930966056 0.4801233112812042 681
1782930966058 0.3474743366241455 682
1782930966063 0.5943424105644226 683
1782930966066 0.34184685349464417 684
1782930966070 0.44305866956710815 685
1782930966073 0.3312239944934845 686
1782930966077 0.42569151520729065 687
1782930966082 0.3928799629211426 688
1782930966085 0.373947411775589 689
1782930966088 0.34690651297569275 690
1782930966091 0.5214800834655762 691
1782930966096 0.24453486502170563 692
1782930966098 0.4683193862438202 693
1782930966102 0.2805755138397217 694
1782930966105 0.39831069111824036 695
1782930966107 0.5322270393371582 696
1782930966112 0.5791987180709839 697
1782930966115 0.23092438280582428 698
1782930966118 0.3820239007472992 699
1782930966121 0.6655501127243042 700
1782930966124 0.28178703784942627 701
1782930966128 0.32405218482017517 702
1782930966132 0.29810452461242676 703
1782930966136 0.4920903444290161 704
1782930966138 0.30657410621643066 705
1782930966140 0.2849295139312744 706
1782930966143 0.23025068640708923 707
1782930966146 0.25153812766075134 708
1782930966149 0.2969028353691101 709
1782930966152 0.19143366813659668 710
1782930966155 0.40708646178245544 711
1782930966159 0.25935351848602295 712
1782930966162 0.5325584411621094 713
1782930966165 0.5314607620239258 714
1782930966168 0.371110737323761 715
1782930966171 0.5585112571716309 716
1782930966174 0.3264402449131012 717
1782930966178 0.3228985667228699 718
1782930966182 0.42894184589385986 719
1782930966185 0.20903080701828003 720
1782930966188 0.29627087712287903 721
1782930966190 0.3466384708881378 722
1782930966194 0.34610146284103394 723
1782930966197 0.5041989088058472 724
1782930966200 0.3050713837146759 725
1782930966204 0.3373638987541199 726
1782930966207 0.2979239821434021 727
1782930966211 0.3891890048980713 728
1782930966214 0.3294302821159363 729
1782930966217 0.5582269430160522 730
1782930966220 0.2584685981273651 731
1782930966223 0.5078946352005005 732
1782930966226 0.43590179085731506 733
1782930966231 0.397795706987381 734
1782930966233 0.6712430119514465 735
1782930966238 0.27820056676864624 736
1782930966242 0.27890270948410034 737
1782930966245 0.7853167057037354 738
1782930966248 0.3136822283267975 739
1782930966251 0.2624238133430481 740
1782930966255 0.7481507658958435 741
1782930966261 0.34840086102485657 742
1782930966264 0.21503271162509918 743
1782930966267 0.5391470193862915 744
1782930966270 0.5960022211074829 745
1782930966273 0.4401751458644867 746
1782930966277 0.31821566820144653 747
1782930966281 0.5779811143875122 748
1782930966284 0.49880656599998474 749
1782930966287 0.3804410994052887 750
1782930966290 0.3405259847640991 751
1782930966295 0.5570244193077087 752
1782930966298 0.6759629249572754 753
1782930966302 0.4395383596420288 754
1782930966305 0.21124839782714844 755
1782930966307 0.2818911671638489 756
1782930966311 0.2520650327205658 757
1782930966315 0.29992321133613586 758
1782930966318 0.33138954639434814 759
1782930966323 0.16876716911792755 760
1782930966328 0.40271714329719543 761
1782930966332 0.3211671710014343 762
1782930966335 0.37978672981262207 763
1782930966339 0.4070986211299896 764
1782930966344 0.2857302129268646 765
1782930966347 0.29327982664108276 766
1782930966350 0.5289862751960754 767
1782930966354 0.35430747270584106 768
1782930966357 0.37859219312667847 769
1782930966360 0.3299064040184021 770
1782930966364 0.3172038495540619 771
1782930966367 0.4574258029460907 772
1782930966371 0.5586518049240112 773
1782930966375 0.6568179130554199 774
1782930966378 0.5428181886672974 775
1782930966383 0.29714885354042053 776
1782930966386 0.27464115619659424 777
1782930966389 0.36480364203453064 778
1782930966392 0.40879592299461365 779
1782930966396 0.5197983980178833 780
1782930966399 0.36603283882141113 781
1782930966402 0.3816257119178772 782
1782930966405 0.6294660568237305 783
1782930966410 0.22014585137367249 784
1782930966414 0.38421496748924255 785
1782930966417 0.35611194372177124 786
1782930966420 0.4534582495689392 787
1782930966422 0.4757184386253357 788
1782930966425 0.3623923063278198 789
1782930966428 0.35782235860824585 790
1782930966432 0.5371496677398682 791
1782930966435 0.3957103490829468 792
1782930966438 0.32388800382614136 793
1782930966441 0.2817566394805908 794
1782930966447 0.2616228461265564 795
1782930966450 0.3032686710357666 796
1782930966453 0.3571684956550598 797
1782930966455 0.23010404407978058 798
1782930966458 0.4289761483669281 799
1782930966461 0.45995619893074036 800
1782930966464 0.46655431389808655 801
1782930966466 0.2072344720363617 802
1782930966470 0.3960958421230316 803
1782930966473 0.35330691933631897 804
1782930966477 0.24427354335784912 805
1782930966481 0.2772814929485321 806
1782930966484 0.23886772990226746 807
1782930966488 0.2808661162853241 808
1782930966490 0.39470845460891724 809
1782930966495 0.20204530656337738 810
1782930966497 0.3553180694580078 811
1782930966500 0.2632504105567932 812
1782930966503 0.27592599391937256 813
1782930966506 0.2678408622741699 814
1782930966510 0.3178541660308838 815
1782930966512 0.25270944833755493 816
1782930966515 0.33556947112083435 817
1782930966518 0.6435221433639526 818
1782930966521 0.2660728693008423 819
1782930966524 0.5814103484153748 820
1782930966528 0.30002743005752563 821
1782930966533 0.3540761172771454 822
1782930966538 0.46177467703819275 823
1782930966544 0.18837639689445496 824
1782930966548 0.5196212530136108 825
1782930966552 0.3449249267578125 826
1782930966555 0.2349376082420349 827
1782930966559 0.48408451676368713 828
1782930966563 0.46820491552352905 829
1782930966569 0.5571416020393372 830
1782930966573 0.2876770496368408 831
1782930966576 0.3715095520019531 832
1782930966579 0.3490844666957855 833
1782930966584 0.2603885233402252 834
1782930966587 0.5894402265548706 835
1782930966591 0.4091862142086029 836
1782930966596 0.5233034491539001 837
1782930966599 0.2829127311706543 838
1782930966601 0.3374747633934021 839
1782930966604 0.49469050765037537 840
1782930966617 0.21068379282951355 841
1782930966621 0.16698475182056427 842
1782930966624 0.6115363240242004 843
1782930966627 0.21407550573349 844
1782930966632 0.22979173064231873 845
1782930966635 0.2669512629508972 846
1782930966637 0.26874876022338867 847
1782930966640 0.25879114866256714 848
1782930966643 0.39301854372024536 849
1782930966645 0.39054709672927856 850
1782930966648 0.2332639843225479 851
1782930966651 0.5999069809913635 852
1782930966655 0.28880229592323303 853
1782930966658 0.24202358722686768 854
1782930966661 0.2816570997238159 855
1782930966664 0.24051271378993988 856
1782930966668 0.33801475167274475 857
1782930966670 0.2517896890640259 858
1782930966673 0.41649532318115234 859
1782930966677 0.3930073380470276 860
1782930966680 0.5181998610496521 861
1782930966683 0.48826223611831665 862
1782930966687 0.3027839958667755 863
1782930966692 0.331788033246994 864
1782930966696 0.45113617181777954 865
1782930966699 0.2506375312805176 866
1782930966701 0.4328407645225525 867
1782930966705 0.32473352551460266 868
1782930966708 0.6406235694885254 869
1782930966711 0.33813709020614624 870
1782930966714 0.31568676233291626 871
1782930966718 0.172983780503273 872
1782930966721 0.3038156032562256 873
1782930966723 0.2931811213493347 874
1782930966726 0.40993058681488037 875
1782930966730 0.3865315914154053 876
1782930966733 0.2465939074754715 877
1782930966736 0.4539952874183655 878
1782930966739 0.3937342166900635 879
1782930966743 0.27312391996383667 880
1782930966745 0.4198431372642517 881
1782930966749 0.43933460116386414 882
1782930966751 0.32769501209259033 883
1782930966754 0.39141732454299927 884
1782930966757 0.3735353648662567 885
1782930966760 0.3387009799480438 886
1782930966763 0.23246456682682037 887
1782930966766 0.22885647416114807 888
1782930966769 0.4587668776512146 889
1782930966771 0.2279650717973709 890
1782930966774 0.4562545120716095 891
1782930966777 0.2827460467815399 892
1782930966780 0.4065565764904022 893
1782930966784 0.20876125991344452 894
1782930966786 0.3599308729171753 895
1782930966789 0.4973317086696625 896
1782930966793 0.2814531624317169 897
1782930966796 0.5741205215454102 898
1782930966798 0.36002442240715027 899
1782930966800 0.3779312074184418 900
1782930966804 0.2836121618747711 901
1782930966807 0.4424307346343994 902
1782930966812 0.7069630026817322 903
1782930966814 0.2933661937713623 904
1782930966817 0.3268115520477295 905
1782930966822 0.26203933358192444 906
1782930966825 0.5253203511238098 907
1782930966829 0.2651354968547821 908
1782930966832 0.3230116367340088 909
1782930966835 0.3491309583187103 910
1782930966838 0.6423403024673462 911
1782930966843 0.3219541311264038 912
1782930966845 0.34601855278015137 913
1782930966849 0.2703659236431122 914
1782930966852 0.3431739807128906 915
1782930966854 0.45964086055755615 916
1782930966857 0.2252516895532608 917
1782930966860 0.285670667886734 918
1782930966863 0.8473918437957764 919
1782930966867 0.4770042300224304 920
1782930966869 0.37324732542037964 921
1782930966872 0.2569592297077179 922
1782930966877 0.4724864363670349 923
1782930966880 0.3815241754055023 924
1782930966884 0.23483213782310486 925
1782930966887 0.4973253607749939 926
1782930966891 0.4408283829689026 927
1782930966894 0.3336084187030792 928
1782930966897 0.34385204315185547 929
1782930966900 0.2508474886417389 930
1782930966904 0.16799110174179077 931
1782930966906 0.4975953996181488 932
1782930966911 0.30641382932662964 933
1782930966914 0.24236944317817688 934
1782930966917 0.287415087223053 935
1782930966920 0.5392981767654419 936
1782930967066 0.395937442779541 937
1782930967071 0.34890010952949524 938
1782930967075 0.32988250255584717 939
1782930967078 0.5226770043373108 940
1782930967081 0.3999638259410858 941
1782930967084 0.36418381333351135 942
1782930967088 0.4766518771648407 943
1782930967091 0.31677502393722534 944
1782930967094 0.48340511322021484 945
1782930967098 0.4771661162376404 946
1782930967101 0.39326241612434387 947
1782930967104 0.5947461724281311 948
1782930967109 0.26184436678886414 949
1782930967112 0.2831627428531647 950
1782930967116 0.4241286516189575 951
1782930967119 0.33261916041374207 952
1782930967122 0.48218467831611633 953
1782930967125 0.39306724071502686 954
1782930967129 0.3104068338871002 955
1782930967134 0.2742913067340851 956
1782930967138 0.5486769676208496 957
1782930967141 0.19663909077644348 958
1782930967146 0.48662570118904114 959
1782930967149 0.3503630757331848 960
1782930967152 0.47094443440437317 961
1782930967155 0.15300747752189636 962
1782930967158 0.33689478039741516 963
1782930967162 0.32306692004203796 964
1782930967165 0.16809652745723724 965
1782930967170 0.3854692578315735 966
1782930967173 0.29000961780548096 967
1782930967178 0.4574168026447296 968
1782930967181 0.3354854881763458 969
1782930967186 0.3780739903450012 970
1782930967188 0.3835524022579193 971
1782930967191 0.40855082869529724 972
1782930967195 0.47190049290657043 973
1782930967199 0.16472545266151428 974
1782930967202 0.309425413608551 975
1782930967205 0.12452536821365356 976
1782930967207 0.2169373333454132 977
1782930967211 0.21399220824241638 978
1782930967215 0.38758236169815063 979
1782930967221 0.6136151552200317 980
1782930967224 0.6046130061149597 981
1782930967229 0.32714927196502686 982
1782930967232 0.5090091824531555 983
1782930967235 0.27518579363822937 984
1782930967238 0.3303607404232025 985
1782930967240 0.3995688259601593 986
1782930967245 0.2870669662952423 987
1782930967248 0.49594616889953613 988
1782930967251 0.15687422454357147 989
1782930967254 0.16333824396133423 990
1782930967257 0.34205737709999084 991
1782930967262 0.33386868238449097 992
1782930967266 0.3410496115684509 993
1782930967271 0.3369286060333252 994
1782930967274 0.24729683995246887 995
1782930967278 0.35137632489204407 996
1782930967281 0.28450271487236023 997
1782930967286 0.31230470538139343 998
1782930967289 0.3973858058452606 999
1782930967291 0.47760897874832153 1000
1782930967295 0.2584495544433594 1001
1782930967299 0.18605583906173706 1002
1782930967303 0.189124196767807 1003
1782930967306 0.3383788466453552 1004
1782930967309 0.2370036393404007 1005
1782930967313 0.4493907690048218 1006
1782930967317 0.5769926905632019 1007
1782930967320 0.49081021547317505 1008
1782930967322 0.37612083554267883 1009
1782930967326 0.4317370653152466 1010
1782930967329 0.2535479664802551 1011
1782930967332 0.30576983094215393 1012
1782930967335 0.14155153930187225 1013
1782930967337 0.2874875068664551 1014
1782930967342 0.3486844599246979 1015
1782930967345 0.3286246955394745 1016
1782930967350 0.41397109627723694 1017
1782930967352 0.28099799156188965 1018
1782930967356 0.3604840338230133 1019
1782930967359 0.2406107485294342 1020
1782930967362 0.17634418606758118 1021
1782930967365 0.4082934856414795 1022
1782930967369 0.39778995513916016 1023
1782930967374 0.6396464705467224 1024
1782930967377 0.38713693618774414 1025
1782930967380 0.33297213912010193 1026
1782930967383 0.24357059597969055 1027
1782930967387 0.2541261315345764 1028
1782930967390 0.16737347841262817 1029
1782930967395 0.3229941725730896 1030
1782930967398 0.35304975509643555 1031
1782930967403 0.399032860994339 1032
1782930967405 0.37279653549194336 1033
1782930967409 0.2582316994667053 1034
1782930967413 0.27297359704971313 1035
1782930967416 0.31123724579811096 1036
1782930967419 0.3562626242637634 1037
1782930967423 0.33720114827156067 1038
1782930967426 0.25278180837631226 1039
1782930967429 0.4175001084804535 1040
1782930967432 0.3065377473831177 1041
1782930967435 0.13413210213184357 1042
1782930967438 0.4482199549674988 1043
1782930967442 0.5682666301727295 1044
1782930967445 0.27690088748931885 1045
1782930967448 0.24409423768520355 1046
1782930967451 0.2849080264568329 1047
1782930967454 0.3303474485874176 1048
1782930967457 0.36130213737487793 1049
1782930967460 0.3680865168571472 1050
1782930967463 0.40060117840766907 1051
1782930967467 0.3146366775035858 1052
1782930967470 0.37147149443626404 1053
1782930967472 0.18317578732967377 1054
1782930967476 0.27830833196640015 1055
1782930967480 0.4210679233074188 1056
1782930967483 0.37351489067077637 1057
1782930967486 0.4351658821105957 1058
1782930967489 0.30516162514686584 1059
1782930967492 0.4881300628185272 1060
1782930967497 0.4729069471359253 1061
1782930967501 0.301332950592041 1062
1782930967503 0.44755417108535767 1063
1782930967506 0.4557882845401764 1064
1782930967509 0.3078136444091797 1065
1782930967513 0.2737787961959839 1066
1782930967516 0.2761063277721405 1067
1782930967519 0.48691436648368835 1068
1782930967521 0.29587599635124207 1069
1782930967527 0.23485210537910461 1070
1782930967529 0.39089128375053406 1071
1782930967532 0.38281935453414917 1072
1782930967535 0.6998600959777832 1073
1782930967538 0.4168260097503662 1074
1782930967542 0.18553632497787476 1075
1782930967545 0.40744978189468384 1076
1782930967548 0.6568126678466797 1077
1782930967553 0.24213840067386627 1078
1782930967557 0.507495641708374 1079
1782930967560 0.1889389604330063 1080
1782930967563 0.308508038520813 1081
1782930967566 0.304238885641098 1082
1782930967571 0.3625260889530182 1083
1782930967575 0.4030461609363556 1084
1782930967578 0.4208833575248718 1085
1782930967581 0.2971200942993164 1086
1782930967583 0.3283044695854187 1087
1782930967587 0.30920058488845825 1088
1782930967590 0.34752219915390015 1089
1782930967594 0.25954127311706543 1090
1782930967596 0.443687379360199 1091
1782930967599 0.30986833572387695 1092
1782930967603 0.383141428232193 1093
1782930967606 0.21944573521614075 1094
1782930967610 0.39687713980674744 1095
1782930967615 0.24092815816402435 1096
1782930967618 0.453098863363266 1097
1782930967620 0.39733272790908813 1098
1782930967624 0.2078266590833664 1099
1782930967627 0.5588952898979187 1100
1782930967630 0.5227717757225037 1101
1782930967633 0.43112844228744507 1102
1782930967636 0.24036099016666412 1103
1782930967640 0.2961582541465759 1104
1782930967644 0.2256653755903244 1105
1782930967648 0.42785730957984924 1106
1782930967651 0.2879633605480194 1107
1782930967655 0.47056642174720764 1108
1782930967658 0.3356102406978607 1109
1782930967662 0.33770063519477844 1110
1782930967665 0.28680357336997986 1111
1782930967669 0.31818175315856934 1112
1782930967672 0.5284346342086792 1113
1782930967675 0.3731572926044464 1114
1782930967678 0.43200135231018066 1115
1782930967681 0.3187945783138275 1116
1782930967685 0.29134461283683777 1117
1782930967688 0.4777301251888275 1118
1782930967691 0.182653546333313 1119
1782930967694 0.12873700261116028 1120
1782930967696 0.19455310702323914 1121
1782930967699 0.33868056535720825 1122
1782930967702 0.30618816614151 1123
1782930967705 0.2066059559583664 1124
1782930967711 0.22031237185001373 1125
1782930967713 0.4958881437778473 1126
1782930967718 0.43125391006469727 1127
1782930967721 0.4217568039894104 1128
1782930967724 0.47976937890052795 1129
1782930967728 0.20760990679264069 1130
1782930967731 0.3307301998138428 1131
1782930967734 0.48595309257507324 1132
1782930967737 0.2917175590991974 1133
1782930967739 0.38594403862953186 1134
1782930967742 0.29833555221557617 1135
1782930967745 0.2608187198638916 1136
1782930967748 0.3509542644023895 1137
1782930967751 0.4416801631450653 1138
1782930967753 0.33582013845443726 1139
1782930967756 0.45217886567115784 1140
1782930967760 0.2132323831319809 1141
1782930967763 0.29240643978118896 1142
1782930967766 0.3897714614868164 1143
1782930967769 0.3694840371608734 1144
1782930967774 0.27734142541885376 1145
1782930967778 0.22319039702415466 1146
1782930967782 0.3912559449672699 1147
1782930967785 0.3970890939235687 1148
1782930967788 0.48419898748397827 1149
1782930967793 0.3021109998226166 1150
1782930967798 0.19142723083496094 1151
1782930967801 0.2641622722148895 1152
1782930967804 0.46266910433769226 1153
1782930967807 0.22450385987758636 1154
1782930967811 0.27836254239082336 1155
1782930967816 0.5269967913627625 1156
1782930967819 0.4441818296909332 1157
1782930967822 0.3041379153728485 1158
1782930967826 0.4140566885471344 1159
1782930967830 0.48021116852760315 1160
1782930967837 0.49877241253852844 1161
1782930967840 0.5080344080924988 1162
1782930967843 0.19609762728214264 1163
1782930967847 0.423936665058136 1164
1782930967850 0.2034994512796402 1165
1782930967854 0.2272091656923294 1166
1782930967856 0.17052844166755676 1167
1782930967861 0.3023737967014313 1168
1782930967864 0.37737834453582764 1169
1782930967868 0.19592012465000153 1170
1782930967871 0.35742419958114624 1171
1782930967875 0.22113995254039764 1172
1782930967878 0.3768622577190399 1173
1782930967881 0.38067933917045593 1174
1782930967884 0.3083702325820923 1175
1782930967888 0.3355257213115692 1176
1782930967891 0.23332035541534424 1177
1782930967895 0.3595188856124878 1178
1782930967898 0.392855703830719 1179
1782930967902 0.29184961318969727 1180
1782930967906 0.20223785936832428 1181
1782930967910 0.4134421646595001 1182
1782930967913 0.43032780289649963 1183
1782930967918 0.531198263168335 1184
1782930967921 0.3048418164253235 1185
1782930967924 0.28090202808380127 1186
1782930967928 0.2908085286617279 1187
1782930967931 0.2692521810531616 1188
1782930967934 0.27722200751304626 1189
1782930967937 0.2770799398422241 1190
1782930967939 0.3469078540802002 1191
1782930967943 0.2786162197589874 1192
1782930967947 0.3254905939102173 1193
1782930967951 0.25581854581832886 1194
1782930967954 0.2839653193950653 1195
1782930967957 0.24132302403450012 1196
1782930967960 0.23030921816825867 1197
1782930967964 0.5841986536979675 1198
1782930967968 0.363040030002594 1199
1782930967970 0.6205070614814758 1200
1782930967975 0.4375706911087036 1201
1782930967978 0.39708927273750305 1202
1782930967981 0.6523984670639038 1203
1782930967984 0.2838191092014313 1204
1782930967988 0.39457741379737854 1205
1782930967992 0.4625001549720764 1206
1782930967995 0.2887142598628998 1207
1782930967999 0.2295324206352234 1208
1782930968002 0.2611359655857086 1209
1782930968005 0.3385911285877228 1210
1782930968008 0.20794613659381866 1211
1782930968012 0.5853659510612488 1212
1782930968016 0.34557944536209106 1213
1782930968019 0.372354656457901 1214
1782930968023 0.2968091666698456 1215
1782930968027 0.16667479276657104 1216
1782930968031 0.27563926577568054 1217
1782930968033 0.1690952479839325 1218
1782930968036 0.2882000803947449 1219
1782930968043 0.40279150009155273 1220
1782930968048 0.3836759924888611 1221
1782930968051 0.32912471890449524 1222
1782930968054 0.2852250933647156 1223
1782930968057 0.24716167151927948 1224
1782930968060 0.46015214920043945 1225
1782930968065 0.3319152593612671 1226
1782930968067 0.454159140586853 1227
1782930968071 0.3764055669307709 1228
1782930968077 0.552480936050415 1229
1782930968081 0.19110694527626038 1230
1782930968085 0.40171846747398376 1231
1782930968088 0.42160406708717346 1232
1782930968091 0.2602410614490509 1233
1782930968094 0.2980335056781769 1234
1782930968097 0.5007945895195007 1235
1782930968099 0.2434355467557907 1236
1782930968101 0.2653508484363556 1237
1782930968103 0.24103930592536926 1238
1782930968110 0.42453327775001526 1239
1782930968113 0.4557000994682312 1240
1782930968117 0.37892332673072815 1241
1782930968121 0.33731716871261597 1242
1782930968125 0.2833021581172943 1243
1782930968128 0.3219837546348572 1244
1782930968131 0.29414018988609314 1245
1782930968134 0.46135735511779785 1246
1782930968137 0.23198285698890686 1247
1782930968140 0.2898431718349457 1248
1782930968144 0.3197539150714874 1249
1782930968147 0.28662848472595215 1250
1782930968151 0.19084005057811737 1251
1782930968154 0.3561736047267914 1252
1782930968158 0.3725496530532837 1253
1782930968161 0.2750578820705414 1254
1782930968164 0.32399067282676697 1255
1782930968168 0.47846880555152893 1256
1782930968171 0.4376480281352997 1257
1782930968174 0.17994248867034912 1258
1782930968177 0.507022500038147 1259
1782930968180 0.30779871344566345 1260
1782930968183 0.3375380039215088 1261
1782930968187 0.22457543015480042 1262
1782930968190 0.2558346688747406 1263
1782930968193 0.277809202671051 1264
1782930968196 0.2609860301017761 1265
1782930968199 0.2770855128765106 1266
1782930968203 0.5359836220741272 1267
1782930968206 0.37638476490974426 1268
1782930968211 0.20927348732948303 1269
1782930968214 0.15371446311473846 1270
1782930968217 0.28971007466316223 1271
1782930968220 0.582263708114624 1272
1782930968223 0.3912726938724518 1273
1782930968227 0.3625779449939728 1274
1782930968230 0.43306607007980347 1275
1782930968233 0.4156736731529236 1276
1782930968339 0.5378934741020203 1277
1782930968341 0.535733699798584 1278
1782930968344 0.45739009976387024 1279
1782930968345 0.38671958446502686 1280
1782930968348 0.35167476534843445 1281
1782930968352 0.308498740196228 1282
1782930968355 0.5996407866477966 1283
1782930968359 0.16671428084373474 1284
1782930968362 0.46645355224609375 1285
1782930968367 0.2781601548194885 1286
1782930968369 0.38859954476356506 1287
1782930968373 0.4529240131378174 1288
1782930968376 0.3503057360649109 1289
1782930968380 0.286800742149353 1290
1782930968383 0.21488656103610992 1291
1782930968387 0.3421992361545563 1292
1782930968389 0.18789136409759521 1293
1782930968390 0.3757667541503906 1294
1782930968396 0.4439705014228821 1295
1782930968399 0.29039236903190613 1296
1782930968404 0.5981376767158508 1297
1782930968407 0.3148641884326935 1298
1782930968410 0.14690715074539185 1299
1782930968413 0.4714002311229706 1300
1782930968416 0.30152085423469543 1301
1782930968421 0.2794136106967926 1302
1782930968424 0.21099230647087097 1303
1782930968428 0.37533676624298096 1304
1782930968431 0.406726211309433 1305
1782930968434 0.40866023302078247 1306
1782930968437 0.15947502851486206 1307
1782930968441 0.4365618824958801 1308
1782930968444 0.5692421197891235 1309
1782930968448 0.3388328552246094 1310
1782930968450 0.1432584971189499 1311
1782930968454 0.28062254190444946 1312
1782930968460 0.2953750193119049 1313
1782930968464 0.326134592294693 1314
1782930968466 0.2918248474597931 1315
1782930968469 0.29631876945495605 1316
1782930968472 0.24139705300331116 1317
1782930968475 0.3235867917537689 1318
1782930968479 0.3080771267414093 1319
1782930968484 0.24886415898799896 1320
1782930968486 0.5189073085784912 1321
1782930968489 0.5519967079162598 1322
1782930968492 0.3346421420574188 1323
1782930968496 0.18189039826393127 1324
1782930968500 0.2765427231788635 1325
1782930968503 0.15360449254512787 1326
1782930968506 0.2537236213684082 1327
1782930968510 0.34282806515693665 1328
1782930968513 0.20557110011577606 1329
1782930968516 0.17469947040081024 1330
1782930968519 0.4697727560997009 1331
1782930968522 0.20281049609184265 1332
1782930968525 0.3379889726638794 1333
1782930968529 0.39912736415863037 1334
1782930968531 0.37055930495262146 1335
1782930968534 0.4586220681667328 1336
1782930968537 0.3148810565471649 1337
1782930968540 0.3655111789703369 1338
1782930968543 0.3632546663284302 1339
1782930968547 0.2409002035856247 1340
1782930968549 0.47345593571662903 1341
1782930968553 0.38048055768013 1342
1782930968555 0.4831203818321228 1343
1782930968558 0.2599753737449646 1344
1782930968561 0.2782624661922455 1345
1782930968566 0.2267192304134369 1346
1782930968569 0.4028056859970093 1347
1782930968572 0.5894755125045776 1348
1782930968575 0.24395862221717834 1349
1782930968579 0.44781386852264404 1350
1782930968583 0.2156466692686081 1351
1782930968586 0.44453519582748413 1352
1782930968590 0.520629346370697 1353
1782930968594 0.32200562953948975 1354
1782930968597 0.4505579471588135 1355
1782930968600 0.28874361515045166 1356
1782930968603 0.3254050016403198 1357
1782930968608 0.2053038328886032 1358
1782930968612 0.34727150201797485 1359
1782930968614 0.4295934736728668 1360
1782930968617 0.3307088613510132 1361
1782930968621 0.37440669536590576 1362
1782930968624 0.3764289617538452 1363
1782930968628 0.4214538633823395 1364
1782930968631 0.33041802048683167 1365
1782930968634 0.5113398432731628 1366
1782930968637 0.37947705388069153 1367
1782930968641 0.31451162695884705 1368
1782930968645 0.35946884751319885 1369
1782930968648 0.4726746082305908 1370
1782930968651 0.26162606477737427 1371
1782930968654 0.3158789873123169 1372
1782930968656 0.2753504514694214 1373
1782930968660 0.23845411837100983 1374
1782930968663 0.266941100358963 1375
1782930968667 0.4473353922367096 1376
1782930968670 0.2576915919780731 1377
1782930968673 0.2892144024372101 1378
1782930968677 0.4553757607936859 1379
1782930968680 0.433881551027298 1380
1782930968685 0.25082358717918396 1381
1782930968688 0.37476179003715515 1382
1782930968691 0.32350441813468933 1383
1782930968695 0.28173336386680603 1384
1782930968698 0.28051355481147766 1385
1782930968701 0.6304726600646973 1386
1782930968704 0.6235264539718628 1387
1782930968707 0.3964862525463104 1388
1782930968710 0.24987269937992096 1389
1782930968714 0.40539196133613586 1390
1782930968717 0.24363945424556732 1391
1782930968721 0.34641632437705994 1392
1782930968723 0.23887473344802856 1393
1782930968728 0.2789354920387268 1394
1782930968731 0.43874481320381165 1395
1782930968734 0.3391193151473999 1396
1782930968737 0.39433038234710693 1397
1782930968740 0.3110412657260895 1398
1782930968743 0.3704031705856323 1399
1782930968749 0.32713693380355835 1400
1782930968751 0.2843625843524933 1401
1782930968754 0.511163592338562 1402
1782930968757 0.22529947757720947 1403
1782930968760 0.4357510507106781 1404
1782930968764 0.2636241316795349 1405
1782930968768 0.34949690103530884 1406
1782930968771 0.17287671566009521 1407
1782930968774 0.40403392910957336 1408
1782930968777 0.1909160017967224 1409
1782930968781 0.12608622014522552 1410
1782930968784 0.28881746530532837 1411
1782930968787 0.47833073139190674 1412
1782930968791 0.29015451669692993 1413
1782930968796 0.32633835077285767 1414
1782930968799 0.26092877984046936 1415
1782930968802 0.3170739412307739 1416
1782930968805 0.3106784224510193 1417
1782930968809 0.30535924434661865 1418
1782930968813 0.35263392329216003 1419
1782930968817 0.4292714595794678 1420
1782930968819 0.43281030654907227 1421
1782930968823 0.22653768956661224 1422
1782930968827 0.2626012861728668 1423
1782930968830 0.25787046551704407 1424
1782930968833 0.4841834604740143 1425
1782930968836 0.3330303728580475 1426
1782930968839 0.22279991209506989 1427
1782930968841 0.3447352945804596 1428
1782930968845 0.26544031500816345 1429
1782930968847 0.2668510377407074 1430
1782930968851 0.12471021711826324 1431
1782930968854 0.32151517271995544 1432
1782930968858 0.32190173864364624 1433
1782930968861 0.29671984910964966 1434
1782930968863 0.33143287897109985 1435
1782930968866 0.5423197150230408 1436
1782930968869 0.383402019739151 1437
1782930968872 0.2272702306509018 1438
1782930968876 0.3431525230407715 1439
1782930968880 0.30154505372047424 1440
1782930968882 0.3618323802947998 1441
1782930968885 0.2829245328903198 1442
1782930968888 0.31302329897880554 1443
1782930968891 0.2684084177017212 1444
1782930968894 0.3058919906616211 1445
1782930968897 0.2881045639514923 1446
1782930968899 0.18923033773899078 1447
1782930968903 0.3382120132446289 1448
1782930968906 0.36758896708488464 1449
1782930968909 0.3572293221950531 1450
1782930968912 0.3222867250442505 1451
1782930968916 0.5482697486877441 1452
1782930968918 0.3296842575073242 1453
1782930968921 0.3484376072883606 1454
1782930968925 0.28375717997550964 1455
1782930968928 0.33241456747055054 1456
1782930968931 0.3223443031311035 1457
1782930968934 0.3231215476989746 1458
1782930968938 0.3526206910610199 1459
1782930968941 0.217426136136055 1460
1782930968944 0.23757731914520264 1461
1782930968947 0.23859111964702606 1462
1782930968951 0.16531632840633392 1463
1782930968953 0.32638320326805115 1464
1782930968956 0.37311655282974243 1465
1782930968959 0.6438422203063965 1466
1782930968963 0.3508329689502716 1467
1782930968966 0.5474315285682678 1468
1782930968969 0.16390790045261383 1469
1782930968972 0.18029624223709106 1470
1782930968975 0.15736545622348785 1471
1782930968978 0.17079567909240723 1472
1782930968981 0.3082462251186371 1473
1782930968984 0.4235903024673462 1474
1782930968987 0.2998006045818329 1475
1782930968990 0.24893371760845184 1476
1782930968993 0.19125841557979584 1477
1782930968997 0.4927241802215576 1478
1782930969000 0.3896743953227997 1479
1782930969003 0.3542715013027191 1480
1782930969006 0.5109682083129883 1481
1782930969008 0.5237990021705627 1482
1782930969012 0.29272332787513733 1483
1782930969014 0.28459054231643677 1484
1782930969017 0.4309554994106293 1485
1782930969022 0.27623406052589417 1486
1782930969026 0.4289068281650543 1487
1782930969029 0.29659056663513184 1488
1782930969033 0.4202752113342285 1489
1782930969036 0.329500675201416 1490
1782930969039 0.20626327395439148 1491
1782930969042 0.4263380467891693 1492
1782930969045 0.34999504685401917 1493
1782930969050 0.19512657821178436 1494
1782930969053 0.410523384809494 1495
1782930969056 0.35296615958213806 1496
1782930969060 0.3295445144176483 1497
1782930969063 0.21963359415531158 1498
1782930969066 0.18642155826091766 1499
1782930969069 0.41691234707832336 1500
1782930969074 0.23577484488487244 1501
1782930969077 0.3718931972980499 1502
1782930969081 0.2637067437171936 1503
1782930969084 0.38417690992355347 1504
1782930969088 0.34242770075798035 1505
1782930969092 0.2672841548919678 1506
1782930969095 0.42390766739845276 1507
1782930969098 0.2594994902610779 1508
1782930969103 0.24973948299884796 1509
1782930969106 0.2547774910926819 1510
1782930969110 0.39345014095306396 1511
1782930969113 0.4414951801300049 1512
1782930969117 0.32891473174095154 1513
1782930969120 0.30861952900886536 1514
1782930969123 0.6765750646591187 1515
1782930969128 0.24949653446674347 1516
1782930969132 0.1772371530532837 1517
1782930969135 0.3970063328742981 1518
1782930969138 0.2952939569950104 1519
1782930969140 0.5118403434753418 1520
1782930969144 0.319912850856781 1521
1782930969147 0.27396509051322937 1522
1782930969152 0.38555726408958435 1523
1782930969156 0.6002156138420105 1524
1782930969160 0.269470751285553 1525
1782930969163 0.33845430612564087 1526
1782930969167 0.44240453839302063 1527
1782930969175 0.48362305760383606 1528
1782930969178 0.44838109612464905 1529
1782930969182 0.34714722633361816 1530
1782930969184 0.32225409150123596 1531
1782930969188 0.26025325059890747 1532
1782930969191 0.41940271854400635 1533
1782930969195 0.19633302092552185 1534
1782930969199 0.26851704716682434 1535
1782930969202 0.25450292229652405 1536
1782930969205 0.2908845543861389 1537
1782930969207 0.3145439028739929 1538
1782930969212 0.28408005833625793 1539
1782930969217 0.35268434882164 1540
1782930969221 0.4946958124637604 1541
1782930969224 0.253524512052536 1542
1782930969228 0.09532979130744934 1543
1782930969232 0.3439849317073822 1544
1782930969235 0.42416617274284363 1545
1782930969238 0.4178808927536011 1546
1782930969241 0.3342844247817993 1547
1782930969245 0.21159039437770844 1548
1782930969249 0.45035654306411743 1549
1782930969252 0.3450221121311188 1550
1782930969255 0.22488054633140564 1551
1782930969258 0.44364219903945923 1552
1782930969262 0.3329162895679474 1553
1782930969267 0.29909828305244446 1554
1782930969271 0.27655401825904846 1555
1782930969274 0.32392802834510803 1556
1782930969277 0.21384719014167786 1557
1782930969281 0.29898256063461304 1558
1782930969284 0.379477858543396 1559
1782930969288 0.3169495165348053 1560
1782930969293 0.32561466097831726 1561
1782930969296 0.19158637523651123 1562
1782930969300 0.23992623388767242 1563
1782930969303 0.3213493227958679 1564
1782930969306 0.15774177014827728 1565
1782930969310 0.2857716381549835 1566
1782930969313 0.29895341396331787 1567
1782930969316 0.20289796590805054 1568
1782930969320 0.11249955743551254 1569
1782930969323 0.40627798438072205 1570
1782930969327 0.42404186725616455 1571
1782930969330 0.4544055163860321 1572
1782930969333 0.2022199034690857 1573
1782930969336 0.22796130180358887 1574
1782930969339 0.3142012357711792 1575
1782930969343 0.31806784868240356 1576
1782930969348 0.5870758295059204 1577
1782930969351 0.19903451204299927 1578
1782930969354 0.1367647796869278 1579
1782930969357 0.2809612452983856 1580
1782930969360 0.46275249123573303 1581
1782930969363 0.31022554636001587 1582
1782930969367 0.39911994338035583 1583
1782930969370 0.3014504313468933 1584
1782930969373 0.3027871549129486 1585
1782930969376 0.4505094885826111 1586
1782930969379 0.268449068069458 1587
1782930969383 0.5284993648529053 1588
1782930969386 0.5153120160102844 1589
1782930969389 0.17531299591064453 1590
1782930969392 0.21129435300827026 1591
1782930969396 0.2519429922103882 1592
1782930969399 0.3814619779586792 1593
1782930969403 0.3480098247528076 1594
1782930969407 0.35725581645965576 1595
1782930969410 0.2706950008869171 1596
1782930969414 0.4873683750629425 1597
1782930969416 0.23640216886997223 1598
1782930969419 0.3581927418708801 1599
1782930969422 0.46431276202201843 1600
1782930969428 0.20136983692646027 1601
1782930969432 0.513848602771759 1602
1782930969437 0.37594860792160034 1603
1782930969442 0.30538037419319153 1604
1782930969445 0.26100802421569824 1605
1782930969448 0.17703811824321747 1606
1782930969452 0.476916640996933 1607
1782930969456 0.24450282752513885 1608
1782930969461 0.17935265600681305 1609
1782930969464 0.2543328106403351 1610
1782930969469 0.2281273901462555 1611
1782930969472 0.3311784863471985 1612
1782930969475 0.24955911934375763 1613
1782930969479 0.3943387567996979 1614
1782930969482 0.4369853436946869 1615
1782930969484 0.4788159430027008 1616
1782930969487 0.3760697543621063 1617
1782930969490 0.3660440742969513 1618
1782930969494 0.49496498703956604 1619
1782930969497 0.2574005126953125 1620
1782930969500 0.2579789161682129 1621
1782930969503 0.1479083001613617 1622
1782930969506 0.32155641913414 1623
1782930969509 0.3197321891784668 1624
1782930969512 0.25170522928237915 1625
1782930969515 0.3631913959980011 1626
1782930969517 0.34097129106521606 1627
1782930969520 0.4474867880344391 1628
1782930969522 0.3391443192958832 1629
1782930969525 0.3295791447162628 1630
1782930969529 0.3657793700695038 1631
1782930969533 0.44362378120422363 1632
1782930969538 0.21208316087722778 1633
1782930969542 0.24734584987163544 1634
1782930969546 0.2871423065662384 1635
1782930969551 0.22834797203540802 1636
1782930969554 0.15087614953517914 1637
1782930969558 0.29539352655410767 1638
1782930969564 0.2240498960018158 1639
1782930969567 0.45580044388771057 1640
1782930969570 0.23227599263191223 1641
1782930969572 0.2550394833087921 1642
1782930969577 0.35755103826522827 1643
1782930969581 0.20861327648162842 1644
1782930969585 0.340192973613739 1645
1782930969588 0.5011154413223267 1646
1782930969591 0.6483996510505676 1647
1782930969596 0.29418784379959106 1648
1782930969599 0.2404254525899887 1649
1782930969601 0.18261027336120605 1650
1782930969605 0.29681795835494995 1651
1782930969608 0.48677846789360046 1652
1782930969611 0.2191324681043625 1653
1782930969614 0.20493271946907043 1654
1782930969617 0.21141883730888367 1655
1782930969620 0.2599644660949707 1656
1782930969623 0.46904629468917847 1657
1782930969626 0.4550536274909973 1658
1782930969630 0.357765793800354 1659
1782930969633 0.31796446442604065 1660
1782930969636 0.43785226345062256 1661
1782930969639 0.2504381835460663 1662
1782930969642 0.2766302227973938 1663
1782930969645 0.5125104188919067 1664
1782930969648 0.3318857252597809 1665
1782930969651 0.2959321141242981 1666
1782930969655 0.2576024830341339 1667
1782930969658 0.287096232175827 1668
1782930969661 0.24508178234100342 1669
1782930969664 0.2266520857810974 1670
1782930969667 0.2987344264984131 1671
1782930969670 0.24005857110023499 1672
1782930969672 0.455649733543396 1673
1782930969676 0.6466854214668274 1674
1782930969679 0.30957645177841187 1675
1782930969682 0.19513975083827972 1676
1782930969684 0.418310284614563 1677
1782930969688 0.25937914848327637 1678
1782930969692 0.3309735953807831 1679
1782930969695 0.25604259967803955 1680
1782930969698 0.3308736979961395 1681
1782930969703 0.3881200850009918 1682
1782930969706 0.34796950221061707 1683
1782930969709 0.5888821482658386 1684
1782930969713 0.3762630224227905 1685
1782930969715 0.19113238155841827 1686
1782930969718 0.3266935348510742 1687
1782930969721 0.5136446952819824 1688
1782930969724 0.3034307360649109 1689
1782930969728 0.21130074560642242 1690
1782930969731 0.3647024631500244 1691
1782930969735 0.24372774362564087 1692
1782930969737 0.2817439138889313 1693
1782930969741 0.3330962657928467 1694
1782930969745 0.3870115280151367 1695
1782930969748 0.2528630495071411 1696
1782930969752 0.30128899216651917 1697
1782930969755 0.36811691522598267 1698
1782930969760 0.4464690685272217 1699
1782930969764 0.3723878562450409 1700
1782930969768 0.6034972667694092 1701
1782930969771 0.27106159925460815 1702
1782930969774 0.3729328215122223 1703
1782930969778 0.28610721230506897 1704
1782930969782 0.5915573239326477 1705
1782930969787 0.34619420766830444 1706
1782930969791 0.502029538154602 1707
1782930969794 0.3408080041408539 1708
1782930969800 0.1781594455242157 1709
1782930969803 0.26427921652793884 1710
1782930969807 0.20673498511314392 1711
1782930969810 0.30094170570373535 1712
1782930969815 0.3975581228733063 1713
1782930969819 0.43499791622161865 1714
1782930969822 0.37720176577568054 1715
1782930969826 0.2545388638973236 1716
1782930969829 0.3630785644054413 1717
1782930969834 0.3431091010570526 1718
1782930969837 0.4836481213569641 1719
1782930969840 0.2090776562690735 1720
1782930969844 0.18385049700737 1721
1782930969848 0.37954726815223694 1722
1782930969851 0.30168217420578003 1723
1782930969855 0.41234123706817627 1724
1782930969859 0.4368966817855835 1725
1782930969863 0.29310378432273865 1726
1782930969867 0.30690887570381165 1727
1782930969871 0.24944736063480377 1728
1782930969875 0.2448880523443222 1729
1782930969878 0.4397161900997162 1730
1782930969881 0.19617263972759247 1731
1782930969885 0.2587890625 1732
1782930969888 0.252981036901474 1733
1782930969891 0.5179410576820374 1734
1782930969895 0.3500385880470276 1735
1782930969899 0.32933029532432556 1736
1782930969902 0.3882546126842499 1737
1782930969905 0.34631580114364624 1738
1782930969908 0.24597033858299255 1739
1782930969912 0.16351599991321564 1740
1782930969916 0.23677325248718262 1741
1782930969918 0.30152806639671326 1742
1782930969922 0.35081249475479126 1743
1782930969924 0.40031129121780396 1744
1782930969927 0.2691669464111328 1745
1782930969932 0.16264203190803528 1746
1782930969935 0.2514732778072357 1747
1782930969939 0.4674823582172394 1748
1782930969943 0.35025569796562195 1749
1782930969946 0.11962886154651642 1750
1782930969949 0.2014368176460266 1751
1782930969954 0.2227979600429535 1752
1782930969958 0.2792525887489319 1753
1782930969961 0.4361143112182617 1754
1782930969965 0.293397456407547 1755
1782930969968 0.26405036449432373 1756
1782930969971 0.1562843769788742 1757
1782930969974 0.2838829755783081 1758
1782930969979 0.39047572016716003 1759
1782930969984 0.12172891199588776 1760
1782930969987 0.16365835070610046 1761
1782930969990 0.3617999255657196 1762
1782930969993 0.15496940910816193 1763
1782930969997 0.18226952850818634 1764
1782930970000 0.40125536918640137 1765
1782930970004 0.360174298286438 1766
1782930970007 0.23025840520858765 1767
1782930970010 0.22716501355171204 1768
1782930970014 0.26785895228385925 1769
1782930970018 0.45397821068763733 1770
1782930970021 0.515698254108429 1771
1782930970027 0.2408168613910675 1772
1782930970030 0.20943477749824524 1773
1782930970032 0.389507532119751 1774
1782930970035 0.31682875752449036 1775
1782930970038 0.28581881523132324 1776
1782930970042 0.23511038720607758 1777
1782930970045 0.2884044051170349 1778
1782930970048 0.346842885017395 1779
1782930970051 0.243737131357193 1780
1782930970054 0.17709170281887054 1781
1782930970057 0.4271688461303711 1782
1782930970061 0.23793542385101318 1783
1782930970064 0.2420242577791214 1784
1782930970067 0.3267182409763336 1785
1782930970069 0.5054360628128052 1786
1782930970072 0.22724686563014984 1787
1782930970075 0.2711130380630493 1788
1782930970080 0.3906339704990387 1789
1782930970083 0.33254504203796387 1790
1782930970087 0.22314423322677612 1791
1782930970089 0.4064226746559143 1792
1782930970092 0.3029939532279968 1793
1782930970095 0.39899441599845886 1794
1782930970098 0.5305851697921753 1795
1782930970101 0.42629924416542053 1796
1782930970104 0.08792556822299957 1797
1782930970108 0.4913940131664276 1798
1782930970112 0.1828194111585617 1799
1782930970114 0.48205724358558655 1800
1782930970117 0.3245092034339905 1801
1782930970120 0.31258419156074524 1802
1782930970123 0.28444239497184753 1803
1782930970127 0.43504196405410767 1804
1782930970130 0.17614354193210602 1805
1782930970134 0.2997105121612549 1806
1782930970137 0.2807375490665436 1807
1782930970140 0.4355386793613434 1808
1782930970143 0.23699137568473816 1809
1782930970145 0.3382042348384857 1810
1782930970148 0.36220166087150574 1811
1782930970151 0.6933625936508179 1812
1782930970154 0.2945699393749237 1813
1782930970156 0.47889769077301025 1814
1782930970160 0.31982260942459106 1815
1782930970165 0.22960498929023743 1816
1782930970169 0.4906209707260132 1817
1782930970173 0.23713938891887665 1818
1782930970177 0.274719774723053 1819
1782930970180 0.27561745047569275 1820
1782930970183 0.3590623736381531 1821
1782930970185 0.28348520398139954 1822
1782930970187 0.33680108189582825 1823
1782930970189 0.30760008096694946 1824
1782930970193 0.3481777310371399 1825
1782930970196 0.3215511739253998 1826
1782930970199 0.3606645166873932 1827
1782930970202 0.3569244146347046 1828
1782930970205 0.2763902246952057 1829
1782930970208 0.2242135852575302 1830
1782930970212 0.33956000208854675 1831
1782930970215 0.22029909491539001 1832
1782930970219 0.3523820638656616 1833
1782930970222 0.23329459130764008 1834
1782930970227 0.26358696818351746 1835
1782930970230 0.15685135126113892 1836
1782930970234 0.5564457774162292 1837
1782930970237 0.2459704726934433 1838
1782930970241 0.21216727793216705 1839
1782930970245 0.2723093628883362 1840
1782930970248 0.36373573541641235 1841
1782930970251 0.4758440852165222 1842
1782930970254 0.36514514684677124 1843
1782930970257 0.449652761220932 1844
1782930970259 0.31665199995040894 1845
1782930970263 0.29545858502388 1846
1782930970266 0.3045543432235718 1847
1782930970269 0.2008470892906189 1848
1782930970272 0.257865846157074 1849
1782930970276 0.2870090901851654 1850
1782930970279 0.14981909096240997 1851
1782930970282 0.3206147849559784 1852
1782930970284 0.17649202048778534 1853
1782930970287 0.42437970638275146 1854
1782930970289 0.5437672138214111 1855
1782930970292 0.49725064635276794 1856
1782930970294 0.2596568763256073 1857
1782930970300 0.265733927488327 1858
1782930970303 0.40686944127082825 1859
1782930970306 0.2744736075401306 1860
1782930970309 0.4611402451992035 1861
1782930970312 0.2848619520664215 1862
1782930970316 0.4120281934738159 1863
1782930970321 0.26023030281066895 1864
1782930970323 0.31356364488601685 1865
1782930970328 0.27958351373672485 1866
1782930970332 0.21901656687259674 1867
1782930970337 0.367790162563324 1868
1782930970340 0.4188291132450104 1869
1782930970344 0.1661510020494461 1870
1782930970348 0.38536638021469116 1871
1782930970354 0.4537508189678192 1872
1782930970359 0.2067233771085739 1873
1782930970526 0.23523610830307007 1874
1782930970530 0.2532429099082947 1875
1782930970532 0.5008481740951538 1876
1782930970535 0.24342507123947144 1877
1782930970537 0.2945898175239563 1878
1782930970544 0.22483395040035248 1879
1782930970549 0.22505474090576172 1880
1782930970551 0.2406032532453537 1881
1782930970554 0.3270225524902344 1882
1782930970559 0.3101266026496887 1883
1782930970562 0.20167899131774902 1884
1782930970566 0.2047700434923172 1885
1782930970569 0.2691666781902313 1886
1782930970571 0.34913337230682373 1887
1782930970574 0.23517949879169464 1888
1782930970577 0.32579487562179565 1889
1782930970580 0.3212844431400299 1890
1782930970582 0.4022054672241211 1891
1782930970584 0.18499453365802765 1892
1782930970587 0.3204311728477478 1893
1782930970590 0.20667098462581635 1894
1782930970593 0.23522557318210602 1895
1782930970597 0.5491211414337158 1896
1782930970600 0.19770748913288116 1897
1782930970602 0.20751717686653137 1898
1782930970604 0.2752493619918823 1899
1782930970608 0.3922578692436218 1900
1782930970611 0.5038647651672363 1901
1782930970614 0.4260441064834595 1902
1782930970617 0.22511112689971924 1903
1782930970619 0.17109443247318268 1904
1782930970623 0.3451404571533203 1905
1782930970626 0.4968828856945038 1906
1782930970628 0.30217990279197693 1907
1782930970633 0.22992922365665436 1908
1782930970636 0.27631646394729614 1909
1782930970639 0.2550780177116394 1910
1782930970642 0.5045211315155029 1911
1782930970646 0.2864900529384613 1912
1782930970649 0.5771019458770752 1913
1782930970652 0.4539508819580078 1914
1782930970655 0.2940714657306671 1915
1782930970658 0.27877166867256165 1916
1782930970662 0.312595397233963 1917
1782930970664 0.45592930912971497 1918
1782930970668 0.37500616908073425 1919
1782930970671 0.21755725145339966 1920
1782930970674 0.16501374542713165 1921
1782930970677 0.24259531497955322 1922
1782930970680 0.277521550655365 1923
1782930970682 0.45252835750579834 1924
1782930970685 0.18220099806785583 1925
1782930970688 0.43290719389915466 1926
1782930970691 0.20077911019325256 1927
1782930970694 0.2801362872123718 1928
1782930970699 0.3313848674297333 1929
1782930970702 0.34659141302108765 1930
1782930970705 0.46203264594078064 1931
1782930970709 0.26245108246803284 1932
1782930970712 0.5824384689331055 1933
1782930970715 0.4124123752117157 1934
1782930970719 0.22099515795707703 1935
1782930970722 0.38962680101394653 1936
1782930970726 0.31973767280578613 1937
1782930970728 0.35131052136421204 1938
1782930970733 0.24380458891391754 1939
1782930970737 0.6091605424880981 1940
1782930970739 0.22281640768051147 1941
1782930970742 0.2868429124355316 1942
1782930970745 0.650650143623352 1943
1782930970747 0.16649170219898224 1944
1782930970751 0.3012228310108185 1945
1782930970754 0.18835073709487915 1946
1782930970758 0.28576672077178955 1947
1782930970762 0.1967848837375641 1948
1782930970765 0.30608537793159485 1949
1782930970767 0.3626561462879181 1950
1782930970769 0.17497357726097107 1951
1782930970772 0.3605346977710724 1952
1782930970776 0.2712668180465698 1953
1782930970779 0.573656439781189 1954
1782930970783 0.2560792565345764 1955
1782930970786 0.5450491309165955 1956
1782930970788 0.2574591338634491 1957
1782930970791 0.5830662846565247 1958
1782930970794 0.24630847573280334 1959
1782930970797 0.4100927412509918 1960
1782930970800 0.21383172273635864 1961
1782930970802 0.17349344491958618 1962
1782930970805 0.3928079903125763 1963
1782930970808 0.2288064807653427 1964
1782930970811 0.2668127715587616 1965
1782930970814 0.47613176703453064 1966
1782930970816 0.22790437936782837 1967
1782930970819 0.1528952568769455 1968
1782930970822 0.2845827043056488 1969
1782930970825 0.27000191807746887 1970
1782930970828 0.23778532445430756 1971
1782930970830 0.2762173116207123 1972
1782930970833 0.2649710476398468 1973
1782930970836 0.3300599157810211 1974
1782930970839 0.24542297422885895 1975
1782930970843 0.4820348024368286 1976
1782930970846 0.3325638771057129 1977
1782930970849 0.30624836683273315 1978
1782930970851 0.271761953830719 1979
1782930970855 0.31706205010414124 1980
1782930970859 0.3504147529602051 1981
1782930970862 0.20926113426685333 1982
1782930970865 0.33682575821876526 1983
1782930970868 0.268018513917923 1984
1782930970871 0.23265504837036133 1985
1782930970876 0.26532796025276184 1986
1782930970878 0.29916563630104065 1987
1782930970880 0.3135555684566498 1988
1782930970882 0.2953847646713257 1989
1782930970884 0.1907179206609726 1990
1782930970890 0.2939136326313019 1991
1782930970893 0.46149030327796936 1992
1782930970896 0.34049075841903687 1993
1782930970900 0.35911422967910767 1994
1782930970903 0.25434350967407227 1995
1782930970907 0.25792431831359863 1996
1782930970910 0.3494609594345093 1997
1782930970913 0.39502963423728943 1998
1782930970916 0.20851843059062958 1999
1782930970918 0.3078586161136627 2000
1782930970921 0.2762416899204254 2001
1782930970927 0.25430944561958313 2002
1782930970930 0.3144056499004364 2003
1782930970933 0.3868866562843323 2004
1782930970935 0.12680189311504364 2005
1782930970938 0.24924439191818237 2006
1782930970941 0.16850817203521729 2007
1782930970944 0.39711204171180725 2008
1782930970947 0.2190771996974945 2009
1782930970950 0.22366493940353394 2010
1782930970953 0.36172398924827576 2011
1782930970955 0.37340155243873596 2012
1782930970959 0.45675504207611084 2013
1782930970961 0.4994972348213196 2014
1782930970965 0.24121615290641785 2015
1782930970968 0.43991750478744507 2016
1782930970972 0.3221810758113861 2017
1782930970975 0.4439191520214081 2018
1782930970977 0.28216108679771423 2019
1782930970982 0.3664923310279846 2020
1782930970984 0.43196359276771545 2021
1782930970989 0.34614938497543335 2022
1782930970995 0.4068280756473541 2023
1782930971000 0.30403992533683777 2024
1782930971003 0.1710776537656784 2025
1782930971006 0.2681320905685425 2026
1782930971010 0.315261572599411 2027
1782930971014 0.26751360297203064 2028
1782930971017 0.1837519109249115 2029
1782930971021 0.24205486476421356 2030
1782930971025 0.1717689484357834 2031
1782930971029 0.3265390694141388 2032
1782930971032 0.37091654539108276 2033
1782930971036 0.2730000615119934 2034
1782930971038 0.20314349234104156 2035
1782930971042 0.3281165659427643 2036
1782930971046 0.2589055597782135 2037
1782930971049 0.3341749906539917 2038
1782930971052 0.17947296798229218 2039
1782930971055 0.37971070408821106 2040
1782930971060 0.24517342448234558 2041
1782930971063 0.29176923632621765 2042
1782930971066 0.40462303161621094 2043
1782930971071 0.37750664353370667 2044
1782930971075 0.27829107642173767 2045
1782930971078 0.5318740606307983 2046
1782930971081 0.35556095838546753 2047
1782930971084 0.4099442958831787 2048
1782930971088 0.32956641912460327 2049
1782930971093 0.3464842736721039 2050
1782930971096 0.35509365797042847 2051
1782930971100 0.29982686042785645 2052
1782930971102 0.3937831521034241 2053
1782930971105 0.23497280478477478 2054
1782930971109 0.34310436248779297 2055
1782930971112 0.35743874311447144 2056
1782930971114 0.3511578440666199 2057
1782930971119 0.4594660699367523 2058
1782930971122 0.3547794818878174 2059
1782930971125 0.4039195477962494 2060
1782930971128 0.13150441646575928 2061
1782930971133 0.2066388875246048 2062
1782930971137 0.18488271534442902 2063
1782930971140 0.28218740224838257 2064
1782930971144 0.40571942925453186 2065
1782930971147 0.3895910978317261 2066
1782930971150 0.2580236792564392 2067
1782930971153 0.3077397644519806 2068
1782930971157 0.19144876301288605 2069
1782930971160 0.2246423363685608 2070
1782930971162 0.3989517390727997 2071
1782930971165 0.1300344616174698 2072
1782930971169 0.2555672824382782 2073
1782930971172 0.1681445986032486 2074
1782930971175 0.4299831688404083 2075
1782930971178 0.2797417640686035 2076
1782930971181 0.38474977016448975 2077
1782930971184 0.25947141647338867 2078
1782930971186 0.20847737789154053 2079
1782930971190 0.2494041919708252 2080
1782930971193 0.405422568321228 2081
1782930971197 0.2648501396179199 2082
1782930971199 0.35173943638801575 2083
1782930971202 0.3932059705257416 2084
1782930971205 0.3791966140270233 2085
1782930971209 0.2998024523258209 2086
1782930971212 0.3324888348579407 2087
1782930971215 0.18558131158351898 2088
1782930971218 0.2176458239555359 2089
1782930971221 0.5022685527801514 2090
1782930971224 0.30402517318725586 2091
1782930971227 0.29404833912849426 2092
1782930971230 0.3789668083190918 2093
1782930971233 0.17218293249607086 2094
1782930971237 0.33872443437576294 2095
1782930971241 0.1961582452058792 2096
1782930971244 0.5683814883232117 2097
1782930971247 0.40004000067710876 2098
1782930971251 0.22849813103675842 2099
1782930971254 0.27447018027305603 2100
1782930971256 0.42804282903671265 2101
1782930971260 0.3896466791629791 2102
1782930971263 0.23307456076145172 2103
1782930971266 0.30282706022262573 2104
1782930971269 0.26454514265060425 2105
1782930971272 0.39116841554641724 2106
1782930971276 0.3287145793437958 2107
1782930971278 0.264860600233078 2108
1782930971282 0.44633185863494873 2109
1782930971284 0.24747490882873535 2110
1782930971287 0.4362613260746002 2111
1782930971291 0.26771652698516846 2112
1782930971295 0.29960691928863525 2113
1782930971297 0.2095889151096344 2114
1782930971300 0.22665943205356598 2115
1782930971303 0.38524580001831055 2116
1782930971307 0.09306944161653519 2117
1782930971310 0.43060439825057983 2118
1782930971313 0.2661145031452179 2119
1782930971316 0.5310983657836914 2120
1782930971319 0.16421830654144287 2121
1782930971322 0.19083672761917114 2122
1782930971325 0.35448509454727173 2123
1782930971328 0.40905627608299255 2124
1782930971332 0.3027293086051941 2125
1782930971335 0.19299253821372986 2126
1782930971338 0.39118754863739014 2127
1782930971342 0.3427514433860779 2128
1782930971347 0.3312188386917114 2129
1782930971352 0.18789826333522797 2130
1782930971354 0.3009951412677765 2131
1782930971357 0.23990179598331451 2132
1782930971361 0.2870233356952667 2133
1782930971365 0.3776312470436096 2134
1782930971369 0.22989971935749054 2135
1782930971371 0.19169476628303528 2136
1782930971376 0.14954037964344025 2137
1782930971380 0.20574164390563965 2138
1782930971384 0.43912795186042786 2139
1782930971387 0.4868937134742737 2140
1782930971393 0.2515656352043152 2141
1782930971397 0.41737982630729675 2142
1782930971400 0.1500287503004074 2143
1782930971404 0.36307111382484436 2144
1782930971411 0.25882488489151 2145
1782930971414 0.3733176589012146 2146
1782930971418 0.2470148205757141 2147
1782930971422 0.4366416335105896 2148
1782930971425 0.23577150702476501 2149
1782930971429 0.36660245060920715 2150
1782930971432 0.33696630597114563 2151
1782930971435 0.15041621029376984 2152
1782930971439 0.23164278268814087 2153
1782930971443 0.4104838967323303 2154
1782930971447 0.23252040147781372 2155
1782930971451 0.3359323740005493 2156
1782930971454 0.34530162811279297 2157
1782930971460 0.2598104178905487 2158
1782930971465 0.19104616343975067 2159
1782930971470 0.41556474566459656 2160
1782930971475 0.3480234742164612 2161
1782930971480 0.2563364803791046 2162
1782930971484 0.5012156367301941 2163
1782930971487 0.280813604593277 2164
1782930971491 0.2509150207042694 2165
1782930971494 0.2576667070388794 2166
1782930971498 0.2804092764854431 2167
1782930971503 0.2651141583919525 2168
1782930971507 0.20178380608558655 2169
1782930971510 0.28154030442237854 2170
1782930971514 0.25926485657691956 2171
1782930971517 0.15136107802391052 2172
1782930971520 0.265905499458313 2173
1782930971523 0.20955470204353333 2174
1782930971529 0.28011199831962585 2175
1782930971532 0.2720297873020172 2176
1782930971534 0.35197368264198303 2177
1782930971537 0.30647772550582886 2178
1782930971539 0.30600595474243164 2179
1782930971543 0.4529784321784973 2180
1782930971546 0.2536562979221344 2181
1782930971549 0.4159451425075531 2182
1782930971553 0.45905959606170654 2183
1782930971555 0.16791829466819763 2184
1782930971559 0.3492127060890198 2185
1782930971562 0.18689016997814178 2186
1782930971565 0.3258579969406128 2187
1782930971568 0.4401347041130066 2188
1782930971571 0.29562681913375854 2189
1782930971575 0.18407440185546875 2190
1782930971578 0.19729235768318176 2191
1782930971581 0.43321865797042847 2192
1782930971584 0.2160913497209549 2193
1782930971588 0.25171926617622375 2194
1782930971591 0.28775182366371155 2195
1782930971594 0.2896449863910675 2196
1782930971598 0.2546682357788086 2197
1782930971602 0.1386498659849167 2198
1782930971604 0.4574267268180847 2199
1782930971607 0.30732405185699463 2200
1782930971612 0.35622167587280273 2201
1782930971616 0.20326784253120422 2202
1782930971619 0.36204439401626587 2203
1782930971623 0.25799551606178284 2204
1782930971627 0.5177182555198669 2205
1782930971631 0.5266038775444031 2206
1782930971634 0.28123757243156433 2207
1782930971637 0.4729405343532562 2208
1782930971640 0.38513967394828796 2209
1782930971644 0.2360275238752365 2210
1782930971648 0.20504403114318848 2211
1782930971652 0.5633997917175293 2212
1782930971654 0.4581192433834076 2213
1782930971657 0.1669110804796219 2214
1782930971661 0.27619999647140503 2215
1782930971665 0.24126960337162018 2216
1782930971669 0.18766629695892334 2217
1782930971672 0.40227600932121277 2218
1782930971676 0.2991505563259125 2219
1782930971681 0.41897305846214294 2220
1782930971684 0.24694320559501648 2221
1782930971687 0.2682492733001709 2222
1782930971690 0.3761538863182068 2223
1782930971694 0.2567046582698822 2224
1782930971698 0.24207079410552979 2225
1782930971701 0.6151123642921448 2226
1782930971705 0.2593369483947754 2227
1782930971709 0.40610823035240173 2228
1782930971713 0.36579379439353943 2229
1782930971717 0.6020278930664062 2230
1782930971720 0.2341040074825287 2231
1782930971723 0.3207351863384247 2232
1782930971727 0.32769840955734253 2233
1782930971730 0.5149527788162231 2234
1782930971733 0.34850138425827026 2235
1782930971737 0.1283198595046997 2236
1782930971744 0.36485305428504944 2237
1782930971747 0.32435452938079834 2238
1782930971751 0.32913076877593994 2239
1782930971759 0.4493503272533417 2240
1782930971764 0.324485182762146 2241
1782930971767 0.16268283128738403 2242
1782930971770 0.2605787217617035 2243
1782930971773 0.3495483994483948 2244
1782930971780 0.2282642275094986 2245
1782930971784 0.30647316575050354 2246
1782930971788 0.5222565531730652 2247
1782930971793 0.6231207251548767 2248
1782930971796 0.2020523101091385 2249
1782930971800 0.3051941990852356 2250
1782930971803 0.2778591513633728 2251
1782930971807 0.2216596007347107 2252
1782930971812 0.26636457443237305 2253
1782930971816 0.42410263419151306 2254
1782930971819 0.24996061623096466 2255
1782930971822 0.21747171878814697 2256
1782930971825 0.21532925963401794 2257
1782930971828 0.34427276253700256 2258
1782930971832 0.29559066891670227 2259
1782930971836 0.3356408178806305 2260
1782930971840 0.17419308423995972 2261
1782930971844 0.26349493861198425 2262
1782930971848 0.28094977140426636 2263
1782930971853 0.17376916110515594 2264
1782930971856 0.19786858558654785 2265
1782930971860 0.32396355271339417 2266
1782930971864 0.2015921175479889 2267
1782930971869 0.3045666217803955 2268
1782930971872 0.2776065170764923 2269
1782930971876 0.33473068475723267 2270
1782930971879 0.24830105900764465 2271
1782930971884 0.5087461471557617 2272
1782930971887 0.31188854575157166 2273
1782930971891 0.33598780632019043 2274
1782930971894 0.40735915303230286 2275
1782930971897 0.16738517582416534 2276
1782930971901 0.3100602328777313 2277
1782930971906 0.47948575019836426 2278
1782930971910 0.2841283679008484 2279
1782930971915 0.258876770734787 2280
1782930971920 0.3822658061981201 2281
1782930971925 0.3604915142059326 2282
1782930971928 0.2845515012741089 2283
1782930971932 0.1326846331357956 2284
1782930971935 0.7013027667999268 2285
1782930971939 0.15837307274341583 2286
1782930971945 0.49390527606010437 2287
1782930971948 0.17827776074409485 2288
1782930971951 0.21057040989398956 2289
1782930971954 0.5119995474815369 2290
1782930971957 0.5415850281715393 2291
1782930971961 0.3027925491333008 2292
1782930971964 0.30556368827819824 2293
1782930971967 0.5454888939857483 2294
1782930971971 0.2549227774143219 2295
1782930971975 0.3084900975227356 2296
1782930971978 0.4763333797454834 2297
1782930971982 0.37451210618019104 2298
1782930971985 0.1969931274652481 2299
1782930971988 0.3320470154285431 2300
1782930971991 0.15266098082065582 2301
1782930971995 0.27824273705482483 2302
1782930971999 0.497874915599823 2303
1782930972002 0.6603724360466003 2304
1782930972006 0.14927352964878082 2305
1782930972009 0.5386772155761719 2306
1782930972013 0.21452395617961884 2307
1782930972018 0.28881677985191345 2308
1782930972022 0.3107423782348633 2309
1782930972025 0.45231133699417114 2310
1782930972028 0.2123192697763443 2311
1782930972030 0.27090001106262207 2312
1782930972033 0.4470299184322357 2313
1782930972037 0.28914839029312134 2314
1782930972041 0.1961415708065033 2315
1782930972044 0.342465877532959 2316
1782930972049 0.2426217496395111 2317
1782930972052 0.29896777868270874 2318
1782930972055 0.5787050724029541 2319
1782930972057 0.20074301958084106 2320
1782930972061 0.2280281037092209 2321
1782930972065 0.5678759217262268 2322
1782930972069 0.23612558841705322 2323
1782930972072 0.2202063351869583 2324
1782930972076 0.3449852764606476 2325
1782930972080 0.23890484869480133 2326
1782930972083 0.2459782063961029 2327
1782930972086 0.30386897921562195 2328
1782930972089 0.45537590980529785 2329
1782930972093 0.2864964008331299 2330
1782930972096 0.2276044636964798 2331
1782930972099 0.30786585807800293 2332
1782930972102 0.27080968022346497 2333
1782930972105 0.4217160940170288 2334
1782930972108 0.48377764225006104 2335
1782930972112 0.18960979580879211 2336
1782930972119 0.5352421998977661 2337
1782930972121 0.34412679076194763 2338
1782930972127 0.243739515542984 2339
1782930972131 0.3545466363430023 2340
1782930972134 0.34683915972709656 2341
1782930972138 0.40100377798080444 2342
1782930972142 0.34414130449295044 2343
1782930972146 0.4709380567073822 2344
1782930972149 0.3814132511615753 2345
1782930972152 0.3324372470378876 2346
1782930972155 0.4569818079471588 2347
1782930972159 0.16730211675167084 2348
1782930972163 0.5066778659820557 2349
1782930972166 0.512708842754364 2350
1782930972169 0.23505167663097382 2351
1782930972172 0.25479447841644287 2352
1782930972175 0.13243721425533295 2353
1782930972179 0.12859834730625153 2354
1782930972183 0.21438774466514587 2355
1782930972186 0.5317382216453552 2356
1782930972189 0.1644151359796524 2357
1782930972193 0.3299303650856018 2358
1782930972197 0.2829720079898834 2359
1782930972200 0.23611754179000854 2360
1782930972203 0.272718608379364 2361
1782930972206 0.1468089371919632 2362
1782930972210 0.3279244303703308 2363
1782930972214 0.34783074259757996 2364
1782930972217 0.3191292881965637 2365
1782930972221 0.18501508235931396 2366
1782930972226 0.29604023694992065 2367
1782930972230 0.2587871551513672 2368
1782930972233 0.1838037520647049 2369
1782930972237 0.3831254839897156 2370
1782930972241 0.4625503718852997 2371
1782930972245 0.1730874627828598 2372
1782930972251 0.4052249491214752 2373
1782930972254 0.37002137303352356 2374
1782930972258 0.2797640264034271 2375
1782930972263 0.17223256826400757 2376
1782930972267 0.24439017474651337 2377
1782930972271 0.24553130567073822 2378
1782930972275 0.6316298246383667 2379
1782930972279 0.33225762844085693 2380
1782930972283 0.5754554271697998 2381
1782930972286 0.46343886852264404 2382
1782930972291 0.28145766258239746 2383
1782930972295 0.19549009203910828 2384
1782930972300 0.18872876465320587 2385
1782930972303 0.24071335792541504 2386
1782930972306 0.27247893810272217 2387
1782930972311 0.425266832113266 2388
1782930972315 0.40932902693748474 2389
1782930972320 0.597325325012207 2390
1782930972326 0.32067635655403137 2391
1782930972328 0.15640504658222198 2392
1782930972332 0.3486543893814087 2393
1782930972336 0.4972895383834839 2394
1782930972340 0.3315177261829376 2395
1782930972346 0.35510578751564026 2396
1782930972349 0.2261267453432083 2397
1782930972352 0.1851218044757843 2398
1782930972355 0.33818385004997253 2399
1782930972361 0.27824926376342773 2400
1782930972364 0.20823708176612854 2401
1782930972368 0.38668525218963623 2402
1782930972371 0.3515826165676117 2403
1782930972375 0.30132201313972473 2404
1782930972380 0.29558688402175903 2405
1782930972385 0.27883681654930115 2406
1782930972388 0.5764827132225037 2407
1782930972391 0.18609870970249176 2408
1782930972395 0.2812788188457489 2409
1782930972399 0.3772834241390228 2410
1782930972402 0.2558732032775879 2411
1782930972405 0.2830144762992859 2412
1782930972411 0.539804220199585 2413
1782930972415 0.15970855951309204 2414
1782930972418 0.40584424138069153 2415
1782930972420 0.20465287566184998 2416
1782930972423 0.3381125032901764 2417
1782930972427 0.2292296588420868 2418
1782930972430 0.29785314202308655 2419
1782930972434 0.223588764667511 2420
1782930972438 0.33629539608955383 2421
1782930972441 0.3497086763381958 2422
1782930972445 0.13314522802829742 2423
1782930972448 0.2354205846786499 2424
1782930972451 0.3721671402454376 2425
1782930972454 0.22967949509620667 2426
1782930972457 0.29447105526924133 2427
1782930972462 0.39797893166542053 2428
1782930972465 0.348025918006897 2429
1782930972468 0.20018532872200012 2430
1782930972471 0.18708710372447968 2431
1782930972474 0.14814813435077667 2432
1782930972478 0.17810724675655365 2433
1782930972480 0.2855856120586395 2434
1782930972484 0.29083195328712463 2435
1782930972486 0.2913980484008789 2436
1782930972489 0.4478170871734619 2437
1782930972493 0.21378807723522186 2438
1782930972496 0.5107096433639526 2439
1782930972499 0.42271003127098083 2440
1782930972502 0.31352826952934265 2441
1782930972504 0.3238319158554077 2442
1782930972509 0.16782177984714508 2443
1782930972512 0.25870710611343384 2444
1782930972515 0.1662716269493103 2445
1782930972518 0.24068255722522736 2446
1782930972522 0.26575472950935364 2447
1782930972525 0.3514976501464844 2448
1782930972528 0.4264659583568573 2449
1782930972531 0.2979012727737427 2450
1782930972534 0.24914632737636566 2451
1782930972537 0.3492885231971741 2452
1782930972540 0.4421031177043915 2453
1782930972543 0.2439684420824051 2454
1782930972546 0.13072827458381653 2455
1782930972550 0.21421954035758972 2456
1782930972553 0.3454294800758362 2457
1782930972557 0.15941013395786285 2458
1782930972561 0.30342763662338257 2459
1782930972564 0.17820529639720917 2460
1782930972567 0.34791842103004456 2461
1782930972570 0.4077637195587158 2462
1782930972572 0.2085040956735611 2463
1782930972578 0.4330061674118042 2464
1782930972583 0.49420472979545593 2465
1782930972587 0.34061866998672485 2466
1782930972592 0.20483988523483276 2467
1782930972596 0.15095579624176025 2468
1782930972600 0.5009026527404785 2469
1782930972604 0.2033156007528305 2470
1782930972608 0.4157584011554718 2471
1782930972612 0.2552764117717743 2472
1782930972616 0.2410539835691452 2473
1782930972620 0.29142454266548157 2474
1782930972625 0.2468743473291397 2475
1782930972630 0.22411447763442993 2476
1782930972633 0.1503450572490692 2477
1782930972638 0.321043998003006 2478
1782930972642 0.2387508749961853 2479
1782930972645 0.31606894731521606 2480
1782930972651 0.6012647151947021 2481
1782930972656 0.3290163576602936 2482
1782930972660 0.42878100275993347 2483
1782930972664 0.25893110036849976 2484
1782930972667 0.25628384947776794 2485
1782930972670 0.34683293104171753 2486
1782930972673 0.22597864270210266 2487
1782930972677 0.23630677163600922 2488
1782930972680 0.37169504165649414 2489
1782930972682 0.28499969840049744 2490
1782930972685 0.3159664571285248 2491
1782930972687 0.1616760790348053 2492
1782930972692 0.409769207239151 2493
1782930972696 0.28426945209503174 2494
1782930972699 0.3276642858982086 2495
1782930972703 0.4621826112270355 2496
1782930972706 0.19772487878799438 2497
1782930972713 0.22214855253696442 2498
1782930972717 0.19964554905891418 2499
1782930972720 0.19585996866226196 2500
1782930972724 0.29755863547325134 2501
1782930972728 0.37308165431022644 2502
1782930972731 0.4493010640144348 2503
1782930972735 0.43883705139160156 2504
1782930972739 0.4059079587459564 2505
1782930972745 0.14459925889968872 2506
1782930972749 0.496157705783844 2507
1782930972752 0.47119298577308655 2508
1782930972756 0.34956249594688416 2509
1782930972760 0.21495819091796875 2510
1782930972764 0.23397698998451233 2511
1782930972767 0.41854745149612427 2512
1782930972770 0.1857040822505951 2513
1782930972775 0.4504372477531433 2514
1782930972778 0.4056773781776428 2515
1782930972783 0.2604798972606659 2516
1782930972786 0.347679078578949 2517
1782930972790 0.20739255845546722 2518
1782930972793 0.38825246691703796 2519
1782930972796 0.5447247624397278 2520
1782930972801 0.5147335529327393 2521
1782930972805 0.1423199325799942 2522
1782930972810 0.34672996401786804 2523
1782930972814 0.39193782210350037 2524
1782930972817 0.5033944845199585 2525
1782930972821 0.19949118793010712 2526
1782930972824 0.4574683606624603 2527
1782930972830 0.49072542786598206 2528
1782930972833 0.3733430504798889 2529
1782930972837 0.2361631691455841 2530
1782930972840 0.5246024131774902 2531
1782930972843 0.33787965774536133 2532
1782930972850 0.2605239748954773 2533
1782930972857 0.1631723940372467 2534
1782930972863 0.1340886354446411 2535
1782930972870 0.4835699498653412 2536
1782930972873 0.4211905300617218 2537
1782930972877 0.3817560374736786 2538
1782930972884 0.5755038261413574 2539
1782930972888 0.24924156069755554 2540
1782930972893 0.28560739755630493 2541
1782930972898 0.43262237310409546 2542
1782930972902 0.19835136830806732 2543
1782930972905 0.5676758885383606 2544
1782930972908 0.5321172475814819 2545
1782930972912 0.35175204277038574 2546
1782930972916 0.17873577773571014 2547
1782930972919 0.4035167992115021 2548
1782930972922 0.37306949496269226 2549
1782930972926 0.18625131249427795 2550
1782930972930 0.23360563814640045 2551
1782930972934 0.15757417678833008 2552
1782930972937 0.3207673132419586 2553
1782930972940 0.32507389783859253 2554
1782930972943 0.25848230719566345 2555
1782930972947 0.25447773933410645 2556
1782930972950 0.5952951312065125 2557
1782930972953 0.24585816264152527 2558
1782930972956 0.1450287103652954 2559
1782930972960 0.24898622930049896 2560
1782930972963 0.16832895576953888 2561
1782930972967 0.5125133395195007 2562
1782930972970 0.3216415345668793 2563
1782930972973 0.3060266375541687 2564
1782930972977 0.1755736917257309 2565
1782930972982 0.4222016930580139 2566
1782930972985 0.2907352149486542 2567
1782930972988 0.22800663113594055 2568
1782930972993 0.15312889218330383 2569
1782930972996 0.40937069058418274 2570
1782930972999 0.2602643668651581 2571
1782930973002 0.3761439323425293 2572
1782930973006 0.12131931632757187 2573
1782930973009 0.5389376878738403 2574
1782930973014 0.2606021761894226 2575
1782930973017 0.3452923893928528 2576
1782930973020 0.48838645219802856 2577
1782930973023 0.3520771563053131 2578
1782930973028 0.24041256308555603 2579
1782930973031 0.27896547317504883 2580
1782930973034 0.3006460666656494 2581
1782930973037 0.18523626029491425 2582
1782930973040 0.3711714744567871 2583
1782930973044 0.30675166845321655 2584
1782930973048 0.2294514775276184 2585
1782930973051 0.4635503590106964 2586
1782930973054 0.44951826333999634 2587
1782930973056 0.1787654161453247 2588
1782930973060 0.3279617428779602 2589
1782930973065 0.3709571361541748 2590
1782930973069 0.32436466217041016 2591
1782930973072 0.36649641394615173 2592
1782930973077 0.32258474826812744 2593
1782930973080 0.17980481684207916 2594
1782930973084 0.28374847769737244 2595
1782930973088 0.46080806851387024 2596
1782930973091 0.39265888929367065 2597
1782930973094 0.2504305839538574 2598
1782930973098 0.43323686718940735 2599
1782930973101 0.4303746223449707 2600
1782930973105 0.23830559849739075 2601
1782930973109 0.3785179853439331 2602
1782930973113 0.26998355984687805 2603
1782930973116 0.2102281004190445 2604
1782930973119 0.41203880310058594 2605
1782930973122 0.34830620884895325 2606
1782930973127 0.400387167930603 2607
1782930973130 0.2219075709581375 2608
1782930973134 0.17872804403305054 2609
1782930973137 0.47119298577308655 2610
1782930973141 0.24628636240959167 2611
1782930973145 0.2997715175151825 2612
1782930973147 0.34273597598075867 2613
1782930973151 0.2625908851623535 2614
1782930973155 0.18533265590667725 2615
1782930973159 0.1813546121120453 2616
1782930973163 0.2461882382631302 2617
1782930973165 0.20609481632709503 2618
1782930973168 0.3488684892654419 2619
1782930973171 0.23661145567893982 2620
1782930973175 0.2670912742614746 2621
1782930973178 0.34378522634506226 2622
1782930973181 0.31673550605773926 2623
1782930973184 0.3008033335208893 2624
1782930973188 0.6973132491111755 2625
1782930973191 0.3635183870792389 2626
1782930973194 0.22618986666202545 2627
1782930973199 0.18126559257507324 2628
1782930973202 0.3675631582736969 2629
1782930973205 0.21107786893844604 2630
1782930973207 0.27496394515037537 2631
1782930973209 0.4210880994796753 2632
1782930973213 0.1656082272529602 2633
1782930973216 0.20939773321151733 2634
1782930973219 0.2938409447669983 2635
1782930973221 0.22743767499923706 2636
1782930973226 0.2897815704345703 2637
1782930973229 0.24052946269512177 2638
1782930973233 0.47690990567207336 2639
1782930973236 0.24100150167942047 2640
1782930973239 0.19727763533592224 2641
1782930973242 0.28078988194465637 2642
1782930973245 0.3605124056339264 2643
1782930973250 0.338123083114624 2644
1782930973253 0.2093268483877182 2645
1782930973257 0.5935908555984497 2646
1782930973261 0.31623509526252747 2647
1782930973265 0.2599997818470001 2648
1782930973268 0.3098454773426056 2649
1782930973272 0.31138843297958374 2650
1782930973276 0.33182159066200256 2651
1782930973290 0.15771602094173431 2652
1782930973295 0.41841715574264526 2653
1782930973298 0.32230526208877563 2654
1782930973301 0.27811768651008606 2655
1782930973304 0.3641871213912964 2656
1782930973307 0.21034103631973267 2657
1782930973310 0.37135323882102966 2658
1782930973315 0.21074068546295166 2659
1782930973318 0.32429730892181396 2660
1782930973321 0.35838964581489563 2661
1782930973325 0.44032609462738037 2662
1782930973328 0.18977384269237518 2663
1782930973333 0.1392941027879715 2664
1782930973336 0.33068981766700745 2665
1782930973339 0.31443023681640625 2666
1782930973343 0.490318238735199 2667
1782930973346 0.1677604615688324 2668
1782930973349 0.22270114719867706 2669
1782930973353 0.2627744674682617 2670
1782930973356 0.31657978892326355 2671
1782930973360 0.17887425422668457 2672
1782930973363 0.24922074377536774 2673
1782930973366 0.23877911269664764 2674
1782930973370 0.3128962814807892 2675
1782930973373 0.28458109498023987 2676
1782930973377 0.2647702395915985 2677
1782930973380 0.27883580327033997 2678
1782930973384 0.3386087715625763 2679
1782930973388 0.3704243302345276 2680
1782930973392 0.5313531756401062 2681
1782930973396 0.5013211369514465 2682
1782930973398 0.37744542956352234 2683
1782930973401 0.32726141810417175 2684
1782930973404 0.18480192124843597 2685
1782930973408 0.4178089201450348 2686
1782930973411 0.40031108260154724 2687
1782930973414 0.199025958776474 2688
1782930973417 0.5388460159301758 2689
1782930973420 0.1661444902420044 2690
1782930973423 0.3253851532936096 2691
1782930973427 0.18560682237148285 2692
1782930973429 0.4563235342502594 2693
1782930973433 0.2715829908847809 2694
1782930973435 0.22826410830020905 2695
1782930973438 0.31954526901245117 2696
1782930973442 0.409249871969223 2697
1782930973447 0.4576224088668823 2698
1782930973451 0.2475014328956604 2699
1782930973455 0.38563814759254456 2700
1782930973459 0.6021139025688171 2701
1782930973462 0.36778825521469116 2702
1782930973466 0.22180938720703125 2703
1782930973470 0.2960525453090668 2704
1782930973474 0.1516297459602356 2705
1782930973480 0.614507257938385 2706
1782930973484 0.4937269985675812 2707
1782930973488 0.2960030436515808 2708
1782930973491 0.2087276726961136 2709
1782930973495 0.2744368314743042 2710
1782930973499 0.43945446610450745 2711
1782930973502 0.45482516288757324 2712
1782930973505 0.23916815221309662 2713
1782930973510 0.11952744424343109 2714
1782930973514 0.21115925908088684 2715
1782930973517 0.23347489535808563 2716
1782930973520 0.20196080207824707 2717
1782930973522 0.16389451920986176 2718
1782930973526 0.1591973900794983 2719
1782930973529 0.373805969953537 2720
1782930973531 0.3532162010669708 2721
1782930973536 0.13273926079273224 2722
1782930973540 0.2972588539123535 2723
1782930973544 0.12842132151126862 2724
1782930973549 0.2346634715795517 2725
1782930973551 0.4509587287902832 2726
1782930973555 0.18685361742973328 2727
1782930973559 0.2209596186876297 2728
1782930973563 0.27091753482818604 2729
1782930973566 0.5225900411605835 2730
1782930973569 0.4415895342826843 2731
1782930973573 0.4625113606452942 2732
1782930973576 0.26962730288505554 2733
1782930973581 0.30702465772628784 2734
1782930973585 0.26896771788597107 2735
1782930973588 0.402910977602005 2736
1782930973591 0.2297353744506836 2737
1782930973595 0.2917678654193878 2738
1782930973599 0.16958178579807281 2739
1782930973601 0.19335629045963287 2740
1782930973605 0.2989078760147095 2741
1782930973608 0.24653826653957367 2742
1782930973613 0.24374884366989136 2743
1782930973616 0.4006105065345764 2744
1782930973619 0.3954443037509918 2745
1782930973622 0.3594321012496948 2746
1782930973627 0.346566766500473 2747
1782930973630 0.1998593509197235 2748
1782930973633 0.2807144820690155 2749
1782930973637 0.18298104405403137 2750
1782930973639 0.3193691074848175 2751
1782930973643 0.29937389492988586 2752
1782930973646 0.36540400981903076 2753
1782930973649 0.4090307354927063 2754
1782930973652 0.3792537450790405 2755
1782930973658 0.29608309268951416 2756
1782930973661 0.45562994480133057 2757
1782930973664 0.2490338236093521 2758
1782930973667 0.4931422770023346 2759
1782930973670 0.18627390265464783 2760
1782930973673 0.35113969445228577 2761
1782930973677 0.30309686064720154 2762
1782930973681 0.30240267515182495 2763
1782930973683 0.23736299574375153 2764
1782930973686 0.40458428859710693 2765
1782930973689 0.33096981048583984 2766
1782930973693 0.272789865732193 2767
1782930973696 0.3351576030254364 2768
1782930973700 0.2885149121284485 2769
1782930973703 0.2507578432559967 2770
1782930973706 0.4584731459617615 2771
1782930973711 0.23623958230018616 2772
1782930973714 0.4681906998157501 2773
1782930973717 0.22184056043624878 2774
1782930973721 0.24095909297466278 2775
1782930973725 0.2307998239994049 2776
1782930973729 0.19818644225597382 2777
1782930973732 0.10081278532743454 2778
1782930973735 0.36687013506889343 2779
1782930973738 0.2760910391807556 2780
1782930973742 0.20288211107254028 2781
1782930973745 0.21382910013198853 2782
1782930973747 0.26853516697883606 2783
1782930973750 0.28364235162734985 2784
1782930973753 0.21832425892353058 2785
1782930973758 0.3065185844898224 2786
1782930973761 0.3598666191101074 2787
1782930973765 0.18306034803390503 2788
1782930973768 0.37060800194740295 2789
1782930973770 0.443737268447876 2790
1782930973775 0.3380432724952698 2791
1782930973778 0.43221336603164673 2792
1782930973781 0.2542724311351776 2793
1782930973785 0.2313482165336609 2794
1782930973788 0.32366201281547546 2795
1782930973792 0.21406081318855286 2796
1782930973795 0.3612798750400543 2797
1782930973798 0.2094956934452057 2798
1782930973801 0.18695016205310822 2799
1782930973804 0.34406742453575134 2800
1782930973807 0.36734235286712646 2801
1782930973810 0.17055007815361023 2802
1782930973813 0.3523315191268921 2803
1782930973816 0.2865215241909027 2804
1782930973818 0.37661799788475037 2805
1782930973822 0.6258041858673096 2806
1782930973829 0.22404873371124268 2807
1782930973832 0.34391701221466064 2808
1782930973835 0.45626193284988403 2809
1782930973838 0.37317436933517456 2810
