1780864416502 2.4360718727111816 0
1780864416508 2.2744839191436768 1
1780864416511 2.3661413192749023 2
1780864416515 2.367006301879883 3
1780864416517 2.2621896266937256 4
1780864416520 2.022939682006836 5
1780864416522 1.932217001914978 6
1780864416525 1.9957917928695679 7
1780864416528 1.9168157577514648 8
1780864416530 1.9370579719543457 9
1780864416532 1.788638710975647 10
1780864416535 1.7862462997436523 11
1780864416537 1.6523643732070923 12
1780864416540 1.587262749671936 13
1780864416543 1.6515554189682007 14
1780864416546 1.499292254447937 15
1780864416548 1.4461406469345093 16
1780864416550 1.490647554397583 17
1780864416553 1.3149313926696777 18
1780864416556 1.5044838190078735 19
1780864416559 1.3598365783691406 20
1780864416562 1.2890909910202026 21
1780864416564 1.348865032196045 22
1780864416567 1.1976420879364014 23
1780864416570 1.1096689701080322 24
1780864416575 1.1256035566329956 25
1780864416579 1.2240678071975708 26
1780864416582 1.1868464946746826 27
1780864416584 1.0083391666412354 28
1780864416587 1.2078906297683716 29
1780864416590 1.2622328996658325 30
1780864416592 1.0769727230072021 31
1780864416595 1.011462688446045 32
1780864416597 0.964111328125 33
1780864416600 1.0267583131790161 34
1780864416602 1.0396592617034912 35
1780864416605 1.0589563846588135 36
1780864416608 0.8978606462478638 37
1780864416610 0.9370617270469666 38
1780864416613 0.9574764370918274 39
1780864416615 0.9115496277809143 40
1780864416618 0.9541275501251221 41
1780864416621 0.9825770258903503 42
1780864416623 0.8038721680641174 43
1780864416626 0.9193018674850464 44
1780864416628 0.8464570641517639 45
1780864416631 0.642636775970459 46
1780864416633 0.8640336394309998 47
1780864416636 0.7960973381996155 48
1780864416638 0.8452213406562805 49
1780864416641 0.9081990122795105 50
1780864416643 0.8898833394050598 51
1780864416646 0.8501266837120056 52
1780864416649 0.8261784315109253 53
1780864416651 0.951770544052124 54
1780864416654 0.7331923246383667 55
1780864416657 0.8787953853607178 56
1780864416659 0.7411050200462341 57
1780864416662 0.8314051628112793 58
1780864416664 0.7924702167510986 59
1780864416667 0.7671035528182983 60
1780864416671 0.6849356889724731 61
1780864416675 0.7836884260177612 62
1780864416678 0.7056664824485779 63
1780864416681 0.6423359513282776 64
1780864416683 0.7181241512298584 65
1780864416686 0.7876530289649963 66
1780864416689 0.7109547257423401 67
1780864416692 0.8215996623039246 68
1780864416694 0.639419674873352 69
1780864416697 0.7182644605636597 70
1780864416700 0.751166820526123 71
1780864416702 0.6624564528465271 72
1780864416705 0.6639407277107239 73
1780864416707 0.7795919179916382 74
1780864416709 0.7156059145927429 75
1780864416712 0.7395904064178467 76
1780864416715 0.9069938659667969 77
1780864416717 0.7418180108070374 78
1780864416720 0.7365351319313049 79
1780864416723 0.7511743307113647 80
1780864416725 0.7745357155799866 81
1780864416728 0.7717030048370361 82
1780864416730 0.7259231805801392 83
1780864416733 0.5963952541351318 84
1780864416736 0.516669750213623 85
1780864416739 0.7229644060134888 86
1780864416741 0.8863343000411987 87
1780864416744 0.7551767826080322 88
1780864416747 0.6768858432769775 89
1780864416749 0.722652792930603 90
1780864416752 0.663715660572052 91
1780864416755 0.6773441433906555 92
1780864416757 0.5538087487220764 93
1780864416760 0.7117434740066528 94
1780864416762 0.5969475507736206 95
1780864416765 0.5837728381156921 96
1780864416768 0.5950658917427063 97
1780864416771 0.6361434459686279 98
1780864416773 0.48697149753570557 99
1780864416776 0.543154776096344 100
1780864416779 0.673206627368927 101
1780864416781 0.568994402885437 102
1780864416785 0.6324529647827148 103
1780864416787 0.5204288363456726 104
1780864416790 0.5435961484909058 105
1780864416792 0.5146729350090027 106
1780864416795 0.6506919860839844 107
1780864416798 0.5916027426719666 108
1780864416800 0.5922344923019409 109
1780864416803 0.6669878959655762 110
1780864416806 0.5518969297409058 111
1780864416809 0.4472670555114746 112
1780864416812 0.6621218323707581 113
1780864416814 0.3257995843887329 114
1780864416817 0.7403283715248108 115
1780864416820 0.5129348635673523 116
1780864416822 0.6234304904937744 117
1780864416825 0.5172314643859863 118
1780864416828 0.49958324432373047 119
1780864416830 0.426645964384079 120
1780864416833 0.5038147568702698 121
1780864416836 0.7942850589752197 122
1780864416839 0.6187366247177124 123
1780864416841 0.402764230966568 124
1780864416844 0.6102140545845032 125
1780864416846 0.5855165123939514 126
1780864416849 0.7432558536529541 127
1780864416851 0.5174767374992371 128
1780864416854 0.41439715027809143 129
1780864416857 0.5115451812744141 130
1780864416859 0.4327344298362732 131
1780864416862 0.5689217448234558 132
1780864416864 0.4982444643974304 133
1780864416867 0.5093095898628235 134
1780864416870 0.6674565076828003 135
1780864416873 0.5067241191864014 136
1780864416875 0.6500297784805298 137
1780864416878 0.5549531579017639 138
1780864416880 0.5558978319168091 139
1780864416883 0.44174858927726746 140
1780864416886 0.473723828792572 141
1780864416889 0.5036101937294006 142
1780864416891 0.41017553210258484 143
1780864416894 0.6507319808006287 144
1780864416897 0.5515279173851013 145
1780864416900 0.6105074882507324 146
1780864416903 0.5024168491363525 147
1780864416906 0.5246181488037109 148
1780864416909 0.4948503375053406 149
1780864416912 0.6227261424064636 150
1780864416914 0.47231847047805786 151
1780864416917 0.47982820868492126 152
1780864416920 0.5892401933670044 153
1780864416922 0.7084758877754211 154
1780864416925 0.47576677799224854 155
1780864416928 0.46772512793540955 156
1780864416930 0.4790685176849365 157
1780864416933 0.45373857021331787 158
1780864416936 0.4538983106613159 159
1780864416938 0.48582160472869873 160
1780864416941 0.589569628238678 161
1780864416944 0.6130691170692444 162
1780864416946 0.5043571591377258 163
1780864416949 0.3571780025959015 164
1780864416951 0.2645686864852905 165
1780864416954 0.46151891350746155 166
1780864416956 0.6043167114257812 167
1780864416959 0.597586452960968 168
1780864416962 0.3644222617149353 169
1780864416964 0.3919002115726471 170
1780864416967 0.6345261931419373 171
1780864416970 0.41764819622039795 172
1780864416972 0.42859211564064026 173
1780864416975 0.5587157607078552 174
1780864416978 0.5375409722328186 175
1780864416980 0.5865461826324463 176
1780864416983 0.483521044254303 177
1780864416986 0.44972726702690125 178
1780864416989 0.640865683555603 179
1780864416992 0.31997188925743103 180
1780864416994 0.46517619490623474 181
1780864416998 0.4700804054737091 182
1780864417001 0.5123863816261292 183
1780864417004 0.5215947031974792 184
1780864417007 0.5401543974876404 185
1780864417011 0.40087541937828064 186
1780864417013 0.6061680316925049 187
1780864417016 0.39051124453544617 188
1780864417019 0.3844626247882843 189
1780864417021 0.3359696567058563 190
1780864417024 0.580727756023407 191
1780864417027 0.4587215781211853 192
1780864417030 0.6785653829574585 193
1780864417032 0.57741779088974 194
1780864417035 0.48945823311805725 195
1780864417038 0.48819616436958313 196
1780864417041 0.4755929112434387 197
1780864417043 0.49928614497184753 198
1780864417046 0.412711501121521 199
1780864417048 0.5292051434516907 200
1780864417051 0.5103213787078857 201
1780864417053 0.7147620320320129 202
1780864417056 0.39638325572013855 203
1780864417058 0.48364827036857605 204
1780864417061 0.4970686733722687 205
1780864417065 0.45696863532066345 206
1780864417067 0.4487994313240051 207
1780864417070 0.6286657452583313 208
1780864417072 0.34444013237953186 209
1780864417075 0.44357046484947205 210
1780864417078 0.4974048137664795 211
1780864417081 0.4136633574962616 212
1780864417083 0.4705961048603058 213
1780864417086 0.581104576587677 214
1780864417088 0.4266813099384308 215
1780864417091 0.562706470489502 216
1780864417094 0.3244267702102661 217
1780864417097 0.30558693408966064 218
1780864417100 0.6517253518104553 219
1780864417103 0.5549908876419067 220
1780864417105 0.4111900329589844 221
1780864417108 0.4556172788143158 222
1780864417111 0.4428084194660187 223
1780864417113 0.4272584915161133 224
1780864417116 0.4717620015144348 225
1780864417119 0.45459941029548645 226
1780864417122 0.32560887932777405 227
1780864417124 0.47866854071617126 228
1780864417127 0.5685474276542664 229
1780864417129 0.4175403118133545 230
1780864417132 0.47412338852882385 231
1780864417136 0.32395610213279724 232
1780864417139 0.40700843930244446 233
1780864417141 0.28398397564888 234
1780864417144 0.5727924108505249 235
1780864417146 0.4460170567035675 236
1780864417149 0.48686501383781433 237
1780864417151 0.4762021601200104 238
1780864417154 0.2868598699569702 239
1780864417157 0.42940035462379456 240
1780864417160 0.6025153994560242 241
1780864417162 0.491371750831604 242
1780864417165 0.38259708881378174 243
1780864417167 0.5211700201034546 244
1780864417170 0.4287385046482086 245
1780864417172 0.33248353004455566 246
1780864417175 0.37123700976371765 247
1780864417179 0.47885361313819885 248
1780864417182 0.42543038725852966 249
1780864417184 0.3586798906326294 250
1780864417187 0.40672916173934937 251
1780864417190 0.302935391664505 252
1780864417192 0.48534300923347473 253
1780864417195 0.5295802354812622 254
1780864417197 0.45904651284217834 255
1780864417200 0.28723230957984924 256
1780864417203 0.43300163745880127 257
1780864417206 0.4315934181213379 258
1780864417208 0.4301370084285736 259
1780864417211 0.4600147604942322 260
1780864417213 0.37159454822540283 261
1780864417216 0.4751306474208832 262
1780864417219 0.34326988458633423 263
1780864417221 0.3858638405799866 264
1780864417224 0.46307721734046936 265
1780864417227 0.6011868119239807 266
1780864417229 0.3691423833370209 267
1780864417232 0.3661964535713196 268
1780864417235 0.42537587881088257 269
1780864417237 0.5223387479782104 270
1780864417240 0.4167368710041046 271
1780864417243 0.4651557505130768 272
1780864417246 0.3627544939517975 273
1780864417249 0.42042139172554016 274
1780864417251 0.5398069024085999 275
1780864417254 0.42529287934303284 276
1780864417257 0.47992271184921265 277
1780864417261 0.37791749835014343 278
1780864417264 0.47729650139808655 279
1780864417267 0.5773553848266602 280
1780864417270 0.5463692545890808 281
1780864417272 0.6230025887489319 282
1780864417275 0.3388078510761261 283
1780864417279 0.5785452723503113 284
1780864417282 0.48556390404701233 285
1780864417285 0.7182782292366028 286
1780864417287 0.5297576189041138 287
1780864417290 0.5019031167030334 288
1780864417293 0.4629706144332886 289
1780864417297 0.578407883644104 290
1780864417300 0.4674636721611023 291
1780864417303 0.4664052128791809 292
1780864417306 0.3747343420982361 293
1780864417310 0.48563337326049805 294
1780864417313 0.41833680868148804 295
1780864417315 0.41827431321144104 296
1780864417318 0.25488176941871643 297
1780864417322 0.2713407874107361 298
1780864417324 0.4956127405166626 299
1780864417328 0.5743477940559387 300
1780864417330 0.5034458041191101 301
1780864417333 0.32763469219207764 302
1780864417336 0.4651384949684143 303
1780864417338 0.3535451889038086 304
1780864417341 0.3358842730522156 305
1780864417343 0.4568629562854767 306
1780864417346 0.52565598487854 307
1780864417349 0.596549391746521 308
1780864417351 0.6656935214996338 309
1780864417354 0.46502748131752014 310
1780864417357 0.5426445007324219 311
1780864417359 0.4881747364997864 312
1780864417362 0.308394193649292 313
1780864417366 0.3550404906272888 314
1780864417369 0.33749011158943176 315
1780864417371 0.6679092049598694 316
1780864417374 0.42217710614204407 317
1780864417376 0.43513038754463196 318
1780864417380 0.4269152879714966 319
1780864417382 0.5694871544837952 320
1780864417385 0.5775659084320068 321
1780864417388 0.22028154134750366 322
1780864417390 0.31330907344818115 323
1780864417393 0.47125691175460815 324
1780864417395 0.3375301957130432 325
1780864417398 0.48200270533561707 326
1780864417401 0.4081464111804962 327
1780864417403 0.45645850896835327 328
1780864417406 0.40645310282707214 329
1780864417410 0.2573685944080353 330
1780864417413 0.6623230576515198 331
1780864417416 0.24380995333194733 332
1780864417419 0.4015304148197174 333
1780864417421 0.4062198996543884 334
1780864417424 0.435753732919693 335
1780864417426 0.4482782185077667 336
1780864417429 0.3500106930732727 337
1780864417432 0.6901834011077881 338
1780864417434 0.353467732667923 339
1780864417437 0.4813660681247711 340
1780864417439 0.42119866609573364 341
1780864417442 0.47669312357902527 342
1780864417445 0.4527331590652466 343
1780864417447 0.47810518741607666 344
1780864417450 0.4512743651866913 345
1780864417452 0.427237868309021 346
1780864417455 0.5125481486320496 347
1780864417458 0.4180137813091278 348
1780864417460 0.34299540519714355 349
1780864417463 0.26873987913131714 350
1780864417466 0.29853829741477966 351
1780864417469 0.4305284321308136 352
1780864417471 0.3895936608314514 353
1780864417473 0.3162328600883484 354
1780864417476 0.422732949256897 355
1780864417478 0.40864095091819763 356
1780864417481 0.36288926005363464 357
1780864417484 0.3536791205406189 358
1780864417487 0.38260725140571594 359
1780864417490 0.42856475710868835 360
1780864417492 0.42614197731018066 361
1780864417495 0.48661139607429504 362
1780864417498 0.34472593665122986 363
1780864417500 0.25230535864830017 364
1780864417503 0.45137080550193787 365
1780864417505 0.4272586405277252 366
1780864417508 0.30000558495521545 367
1780864417511 0.5491917729377747 368
1780864417514 0.4926893413066864 369
1780864417517 0.3875941336154938 370
1780864417521 0.38334953784942627 371
1780864417523 0.5378822088241577 372
1780864417526 0.4675355553627014 373
1780864417530 0.6447428464889526 374
1780864417532 0.4828820526599884 375
1780864417534 0.26687368750572205 376
1780864417537 0.3890436887741089 377
1780864417539 0.36537107825279236 378
1780864417542 0.6547412872314453 379
1780864417545 0.19823694229125977 380
1780864417547 0.30353033542633057 381
1780864417550 0.2709179222583771 382
1780864417552 0.41416990756988525 383
1780864417555 0.574367105960846 384
1780864417558 0.3231913149356842 385
1780864417561 0.6928924322128296 386
1780864417563 0.4015776515007019 387
1780864417566 0.3498933017253876 388
1780864417569 0.6412978172302246 389
1780864417572 0.33015331625938416 390
1780864417574 0.30752554535865784 391
1780864417578 0.41242867708206177 392
1780864417580 0.4861077070236206 393
1780864417583 0.47771021723747253 394
1780864417585 0.3151400089263916 395
1780864417588 0.4340795576572418 396
1780864417590 0.3075322210788727 397
1780864417593 0.44812852144241333 398
1780864417596 0.33307233452796936 399
1780864417598 0.1787208765745163 400
1780864417601 0.45725926756858826 401
1780864417604 0.37044915556907654 402
1780864417607 0.4377230107784271 403
1780864417609 0.4712005853652954 404
1780864417612 0.3843946158885956 405
1780864417614 0.42275795340538025 406
1780864417617 0.5052693486213684 407
1780864417620 0.39673659205436707 408
1780864417622 0.43546390533447266 409
1780864417626 0.4259776771068573 410
1780864417630 0.4989968240261078 411
1780864417633 0.5580003261566162 412
1780864417635 0.41816604137420654 413
1780864417638 0.2921668291091919 414
1780864417641 0.5361121892929077 415
1780864417643 0.365643709897995 416
1780864417646 0.3967411518096924 417
1780864417649 0.596747636795044 418
1780864417651 0.295503169298172 419
1780864417654 0.4425564110279083 420
1780864417657 0.48550543189048767 421
1780864417661 0.38586798310279846 422
1780864417663 0.3674936294555664 423
1780864417666 0.39781373739242554 424
1780864417668 0.48563727736473083 425
1780864417671 0.3010810911655426 426
1780864417673 0.42735755443573 427
1780864417676 0.38017722964286804 428
1780864417679 0.34978199005126953 429
1780864417681 0.24754096567630768 430
1780864417684 0.2925567030906677 431
1780864417687 0.28029322624206543 432
1780864417691 0.23321938514709473 433
1780864417693 0.4577716290950775 434
1780864417696 0.6248877048492432 435
1780864417699 0.3544471859931946 436
1780864417701 0.23067481815814972 437
1780864417705 0.5064079761505127 438
1780864417708 0.38497379422187805 439
1780864417711 0.2508353590965271 440
1780864417714 0.2084795981645584 441
1780864417717 0.32399359345436096 442
1780864417720 0.400788813829422 443
1780864417725 0.5544180870056152 444
1780864417729 0.3621402084827423 445
1780864417732 0.3618650734424591 446
1780864417735 0.46019381284713745 447
1780864417738 0.3117126524448395 448
1780864417741 0.3627260625362396 449
1780864417745 0.2356584221124649 450
1780864417748 0.37503764033317566 451
1780864417751 0.45252305269241333 452
1780864417757 0.3290664851665497 453
1780864417760 0.39732202887535095 454
1780864417764 0.32336682081222534 455
1780864417767 0.5904374718666077 456
1780864417770 0.5673058032989502 457
1780864417774 0.22911176085472107 458
1780864417778 0.38274964690208435 459
1780864417781 0.6420170664787292 460
1780864417784 0.358296662569046 461
1780864417788 0.2772892117500305 462
1780864417792 0.505017101764679 463
1780864417796 0.36036425828933716 464
1780864417799 0.23368391394615173 465
1780864417803 0.3672185242176056 466
1780864417806 0.4146987199783325 467
1780864417810 0.4007126986980438 468
1780864417813 0.4077421724796295 469
1780864417816 0.4851562976837158 470
1780864417819 0.3654334545135498 471
1780864417823 0.30611860752105713 472
1780864417827 0.27874812483787537 473
1780864417831 0.3299613893032074 474
1780864417834 0.3662034571170807 475
1780864417837 0.4511876106262207 476
1780864417841 0.31481799483299255 477
1780864417845 0.4612054228782654 478
1780864417848 0.3176141679286957 479
1780864417851 0.5252439975738525 480
1780864417857 0.5020509958267212 481
1780864417861 0.38824668526649475 482
1780864417865 0.3524022698402405 483
1780864417868 0.2665500342845917 484
1780864417871 0.2849196195602417 485
1780864417875 0.359340101480484 486
1780864417878 0.25711357593536377 487
1780864417881 0.327811598777771 488
1780864417884 0.40487533807754517 489
1780864417887 0.30033811926841736 490
1780864417890 0.3450336754322052 491
1780864417893 0.5109867453575134 492
1780864417896 0.31265875697135925 493
1780864417898 0.38528206944465637 494
1780864417901 0.39593505859375 495
1780864417904 0.3311917185783386 496
1780864417906 0.4957212805747986 497
1780864417909 0.3515646457672119 498
1780864417912 0.20820893347263336 499
1780864417915 0.3846942186355591 500
1780864417918 0.41987621784210205 501
1780864417921 0.355090856552124 502
1780864417924 0.19691084325313568 503
1780864417926 0.3431958556175232 504
1780864417929 0.3254159688949585 505
1780864417931 0.4182429909706116 506
1780864417934 0.5027211904525757 507
1780864417938 0.3448394238948822 508
1780864417940 0.5378435254096985 509
1780864417943 0.34095636010169983 510
1780864417946 0.25099873542785645 511
1780864417948 0.27392643690109253 512
1780864417951 0.24034391343593597 513
1780864417954 0.4346854090690613 514
1780864417957 0.40752243995666504 515
1780864417959 0.23610897362232208 516
1780864417962 0.35135990381240845 517
1780864417965 0.19999577105045319 518
1780864417967 0.1757308840751648 519
1780864417970 0.42903444170951843 520
1780864417973 0.39858776330947876 521
1780864417976 0.32703784108161926 522
1780864417979 0.36965662240982056 523
1780864417981 0.32526296377182007 524
1780864417983 0.46462658047676086 525
1780864417986 0.3030979037284851 526
1780864417989 0.3197491765022278 527
1780864417992 0.3674694299697876 528
1780864417994 0.40175381302833557 529
1780864417997 0.20766732096672058 530
1780864417999 0.5278536081314087 531
1780864418004 0.34225866198539734 532
1780864418006 0.4541836977005005 533
1780864418009 0.4458530843257904 534
1780864418012 0.38229304552078247 535
1780864418014 0.6036942005157471 536
1780864418017 0.43524596095085144 537
1780864418020 0.1797729730606079 538
1780864418023 0.32928013801574707 539
1780864418027 0.32275646924972534 540
1780864418029 0.36160698533058167 541
1780864418032 0.42022737860679626 542
1780864418035 0.26976823806762695 543
1780864418037 0.4691147208213806 544
1780864418040 0.23674410581588745 545
1780864418044 0.22714969515800476 546
1780864418047 0.23131637275218964 547
1780864418049 0.6229256987571716 548
1780864418053 0.26767006516456604 549
1780864418055 0.3377792537212372 550
1780864418058 0.6453874707221985 551
1780864418061 0.19768361747264862 552
1780864418063 0.34843710064888 553
1780864418066 0.3574788570404053 554
1780864418070 0.25160208344459534 555
1780864418073 0.23752085864543915 556
1780864418075 0.3003194332122803 557
1780864418078 0.5115442872047424 558
1780864418081 0.5423277020454407 559
1780864418083 0.26868370175361633 560
1780864418086 0.40223681926727295 561
1780864418089 0.32174405455589294 562
1780864418092 0.47285544872283936 563
1780864418094 0.4556950628757477 564
1780864418097 0.357479989528656 565
1780864418100 0.2658728361129761 566
1780864418102 0.36001986265182495 567
1780864418105 0.22447945177555084 568
1780864418108 0.14341069757938385 569
1780864418110 0.2104044109582901 570
1780864418113 0.2501276135444641 571
1780864418115 0.20246748626232147 572
1780864418118 0.4325009286403656 573
1780864418120 0.27497756481170654 574
1780864418123 0.1951875239610672 575
1780864418126 0.2495005577802658 576
1780864418129 0.40737876296043396 577
1780864418131 0.22488722205162048 578
1780864418134 0.22349242866039276 579
1780864418136 0.36863815784454346 580
1780864418139 0.32323265075683594 581
1780864418142 0.4185875654220581 582
1780864418144 0.34648531675338745 583
1780864418148 0.26274871826171875 584
1780864418150 0.2756117880344391 585
1780864418153 0.37380263209342957 586
1780864418156 0.4957836866378784 587
1780864418158 0.2670450806617737 588
1780864418161 0.29534101486206055 589
1780864418163 0.2667640745639801 590
1780864418166 0.3938707113265991 591
1780864418168 0.41145530343055725 592
1780864418171 0.48131877183914185 593
1780864418176 0.42457693815231323 594
1780864418180 0.20124968886375427 595
1780864418182 0.4737815856933594 596
1780864418186 0.22147586941719055 597
1780864418188 0.353184312582016 598
1780864418191 0.41553378105163574 599
1780864418194 0.42768803238868713 600
1780864418197 0.5230221152305603 601
1780864418199 0.45741164684295654 602
1780864418202 0.39671218395233154 603
1780864418205 0.44406718015670776 604
1780864418208 0.3756435215473175 605
1780864418211 0.469558447599411 606
1780864418213 0.345847487449646 607
1780864418216 0.22518546879291534 608
1780864418219 0.46986398100852966 609
1780864418221 0.2955998182296753 610
1780864418224 0.31069183349609375 611
1780864418227 0.48571744561195374 612
1780864418231 0.20904113352298737 613
1780864418236 0.46019455790519714 614
1780864418239 0.288997620344162 615
1780864418242 0.3608674705028534 616
1780864418245 0.28913116455078125 617
1780864418248 0.48002198338508606 618
1780864418251 0.33464089035987854 619
1780864418254 0.3547765016555786 620
1780864418258 0.2502382695674896 621
1780864418261 0.7173914313316345 622
1780864418263 0.33447787165641785 623
1780864418266 0.34178537130355835 624
1780864418269 0.2802906930446625 625
1780864418272 0.6625342965126038 626
1780864418275 0.28186744451522827 627
1780864418277 0.3622838258743286 628
1780864418280 0.29609331488609314 629
1780864418283 0.30708441138267517 630
1780864418286 0.28120219707489014 631
1780864418288 0.4906003475189209 632
1780864418291 0.3512548804283142 633
1780864418293 0.27605003118515015 634
1780864418296 0.40798360109329224 635
1780864418298 0.33958813548088074 636
1780864418301 0.26395535469055176 637
1780864418303 0.5041779279708862 638
1780864418306 0.2657391130924225 639
1780864418309 0.2470138967037201 640
1780864418311 0.3210911452770233 641
1780864418314 0.286117285490036 642
1780864418317 0.39177489280700684 643
1780864418319 0.6217545866966248 644
1780864418322 0.2500797212123871 645
1780864418324 0.26131513714790344 646
1780864418327 0.16780874133110046 647
1780864418330 0.3691529631614685 648
1780864418332 0.3560681641101837 649
1780864418334 0.4041719138622284 650
1780864418337 0.43519389629364014 651
1780864418340 0.3423714339733124 652
1780864418342 0.3894737958908081 653
1780864418345 0.3264876902103424 654
1780864418347 0.2695685923099518 655
1780864418350 0.5209495425224304 656
1780864418353 0.5336129665374756 657
1780864418356 0.2396266609430313 658
1780864418358 0.36854928731918335 659
1780864418361 0.37312495708465576 660
1780864418363 0.20330221951007843 661
1780864418366 0.32232654094696045 662
1780864418369 0.19931642711162567 663
1780864418372 0.4458678662776947 664
1780864418374 0.3136318027973175 665
1780864418377 0.31422871351242065 666
1780864418380 0.3900323212146759 667
1780864418384 0.3683028519153595 668
1780864418387 0.4337400197982788 669
1780864418390 0.5457853674888611 670
1780864418392 0.38994890451431274 671
1780864418395 0.2470330446958542 672
1780864418398 0.3225589394569397 673
1780864418401 0.3827522397041321 674
1780864418404 0.44660133123397827 675
1780864418407 0.30796271562576294 676
1780864418409 0.5041319727897644 677
1780864418412 0.2928517758846283 678
1780864418418 0.39867690205574036 679
1780864418421 0.5854538679122925 680
1780864418424 0.3921090364456177 681
1780864418428 0.6178833842277527 682
1780864418431 0.38344061374664307 683
1780864418437 0.21371163427829742 684
1780864418440 0.22446118295192719 685
1780864418443 0.4302486479282379 686
1780864418446 0.39911505579948425 687
1780864418450 0.20317624509334564 688
1780864418454 0.39937567710876465 689
1780864418459 0.5239708423614502 690
1780864418462 0.4406890273094177 691
1780864418467 0.23280386626720428 692
1780864418471 0.2987282872200012 693
1780864418474 0.27216246724128723 694
1780864418477 0.1882517784833908 695
1780864418483 0.4185318052768707 696
1780864418488 0.21309377253055573 697
1780864418491 0.33308425545692444 698
1780864418495 0.40810805559158325 699
1780864418501 0.39488106966018677 700
1780864418505 0.27483808994293213 701
1780864418508 0.3676607608795166 702
1780864418511 0.313671737909317 703
1780864418516 0.4276476204395294 704
1780864418520 0.28395047783851624 705
1780864418524 0.34775590896606445 706
1780864418527 0.2822261452674866 707
1780864418534 0.32765352725982666 708
1780864418538 0.34166955947875977 709
1780864418540 0.5721568465232849 710
1780864418544 0.23850762844085693 711
1780864418550 0.36717069149017334 712
1780864418554 0.4161255657672882 713
1780864418557 0.2928864657878876 714
1780864418559 0.36719661951065063 715
1780864418563 0.38317838311195374 716
1780864418568 0.1559542417526245 717
1780864418572 0.21776644885540009 718
1780864418575 0.3708854615688324 719
1780864418578 0.3677177429199219 720
1780864418581 0.3105173110961914 721
1780864418584 0.4201905131340027 722
1780864418587 0.40582433342933655 723
1780864418590 0.21883375942707062 724
1780864418593 0.1773659884929657 725
1780864418596 0.3132237493991852 726
1780864418598 0.33402132987976074 727
1780864418602 0.2231060415506363 728
1780864418605 0.6343023180961609 729
1780864418608 0.25882259011268616 730
1780864418612 0.22541655600070953 731
1780864418616 0.22124090790748596 732
1780864418620 0.2611275017261505 733
1780864418623 0.18915626406669617 734
1780864418626 0.2281840294599533 735
1780864418630 0.5430802702903748 736
1780864418635 0.5740025043487549 737
1780864418638 0.24509955942630768 738
1780864418642 0.36976081132888794 739
1780864418645 0.2994564175605774 740
1780864418650 0.26122426986694336 741
1780864418654 0.43598654866218567 742
1780864418657 0.3495194911956787 743
1780864418662 0.3757054805755615 744
1780864418666 0.19542628526687622 745
1780864418670 0.39773479104042053 746
1780864418673 0.44596973061561584 747
1780864418677 0.18538346886634827 748
1780864418683 0.7526078224182129 749
1780864418686 0.46123459935188293 750
1780864418689 0.31834933161735535 751
1780864418692 0.3780636191368103 752
1780864418697 0.3219100534915924 753
1780864418701 0.2712942361831665 754
1780864418705 0.30628645420074463 755
1780864418708 0.6112950444221497 756
1780864418711 0.2491355836391449 757
1780864418714 0.2657763957977295 758
1780864418718 0.5933773517608643 759
1780864418721 0.5390611290931702 760
1780864418724 0.36374834179878235 761
1780864418727 0.2705211937427521 762
1780864418730 0.2844592332839966 763
1780864418733 0.2649259865283966 764
1780864418736 0.520440936088562 765
1780864418742 0.4505443572998047 766
1780864418745 0.34452754259109497 767
1780864418749 0.26511645317077637 768
1780864418754 0.2662738859653473 769
1780864418758 0.34480613470077515 770
1780864418761 0.166390061378479 771
1780864418765 0.3280720114707947 772
1780864418768 0.302703320980072 773
1780864418772 0.4193829298019409 774
1780864418775 0.29305508732795715 775
1780864418779 0.43073219060897827 776
1780864418782 0.5603476762771606 777
1780864418786 0.22725710272789001 778
1780864418790 0.32906678318977356 779
1780864418794 0.47132471203804016 780
1780864418797 0.2013036459684372 781
1780864418801 0.39352986216545105 782
1780864418812 0.3387416899204254 783
1780864418816 0.30838021636009216 784
1780864418821 0.37559109926223755 785
1780864418827 0.36624693870544434 786
1780864418833 0.38027048110961914 787
1780864418838 0.3076598346233368 788
1780864418846 0.4889391362667084 789
1780864418855 0.21774661540985107 790
1780864418864 0.5185733437538147 791
1780864418873 0.39649122953414917 792
1780864418880 0.25670120120048523 793
1780864418884 0.36635473370552063 794
1780864418888 0.15631870925426483 795
1780864418895 0.22464407980442047 796
1780864418900 0.5567861199378967 797
1780864418905 0.17279954254627228 798
1780864418909 0.4160556197166443 799
1780864418913 0.3034948706626892 800
1780864418918 0.1928004026412964 801
1780864418921 0.3706916868686676 802
1780864418925 0.22079087793827057 803
1780864418928 0.5241582989692688 804
1780864418932 0.30998629331588745 805
1780864418935 0.4068969488143921 806
1780864418939 0.3815292716026306 807
1780864418943 0.470333069562912 808
1780864418946 0.38172027468681335 809
1780864418950 0.5941140651702881 810
1780864418953 0.40097692608833313 811
1780864418956 0.29408130049705505 812
1780864418959 0.3101801872253418 813
1780864418962 0.497382253408432 814
1780864418965 0.2205178141593933 815
1780864418968 0.26822128891944885 816
1780864418971 0.31055912375450134 817
1780864418974 0.2476191222667694 818
1780864418977 0.3224630355834961 819
1780864418981 0.31454363465309143 820
1780864418983 0.40183770656585693 821
1780864418987 0.3674086928367615 822
1780864418990 0.4634086489677429 823
1780864418994 0.3119933009147644 824
1780864418997 0.19957734644412994 825
1780864418999 0.37065747380256653 826
1780864419003 0.40181100368499756 827
1780864419006 0.2317076176404953 828
1780864419009 0.1841707080602646 829
1780864419012 0.36610302329063416 830
1780864419015 0.23063652217388153 831
1780864419018 0.35003605484962463 832
1780864419022 0.22415791451931 833
1780864419025 0.35545292496681213 834
1780864419029 0.3327533006668091 835
1780864419032 0.3957943916320801 836
1780864419035 0.12725670635700226 837
1780864419038 0.5994614362716675 838
1780864419041 0.6645841002464294 839
1780864419044 0.29140594601631165 840
1780864419047 0.48279157280921936 841
1780864419051 0.2746853232383728 842
1780864419054 0.2992887794971466 843
1780864419057 0.2877989113330841 844
1780864419059 0.32832735776901245 845
1780864419062 0.39967575669288635 846
1780864419065 0.42737823724746704 847
1780864419068 0.40249449014663696 848
1780864419070 0.43418291211128235 849
1780864419073 0.3413814902305603 850
1780864419075 0.3622169494628906 851
1780864419078 0.32720884680747986 852
1780864419080 0.29226723313331604 853
1780864419083 0.2697380781173706 854
1780864419086 0.3049198389053345 855
1780864419088 0.3339487314224243 856
1780864419091 0.37125056982040405 857
1780864419094 0.48739007115364075 858
1780864419096 0.41647037863731384 859
1780864419099 0.464770644903183 860
1780864419102 0.3848700523376465 861
1780864419104 0.35584571957588196 862
1780864419107 0.47567594051361084 863
1780864419110 0.3954090178012848 864
1780864419112 0.33258941769599915 865
1780864419115 0.2280365526676178 866
1780864419117 0.3582281470298767 867
1780864419120 0.3601093590259552 868
1780864419122 0.39447295665740967 869
1780864419125 0.4851227402687073 870
1780864419128 0.34268510341644287 871
1780864419130 0.26912257075309753 872
1780864419133 0.300187349319458 873
1780864419136 0.3613690733909607 874
1780864419139 0.30982524156570435 875
1780864419142 0.4518270790576935 876
1780864419145 0.31708160042762756 877
1780864419148 0.26276424527168274 878
1780864419151 0.3422122299671173 879
1780864419154 0.4448372423648834 880
1780864419157 0.4941938519477844 881
1780864419161 0.2694780230522156 882
1780864419164 0.3623071610927582 883
1780864419168 0.4449182450771332 884
1780864419172 0.2225017547607422 885
1780864419175 0.33034369349479675 886
1780864419179 0.33746686577796936 887
1780864419182 0.4344780147075653 888
1780864419185 0.1956724226474762 889
1780864419188 0.5253191590309143 890
1780864419191 0.319052517414093 891
1780864419195 0.5474283695220947 892
1780864419198 0.3431493043899536 893
1780864419203 0.4947596788406372 894
1780864419207 0.4082230031490326 895
1780864419211 0.3904725909233093 896
1780864419214 0.4312320649623871 897
1780864419217 0.5096309185028076 898
1780864419220 0.4872666597366333 899
1780864419223 0.5021224021911621 900
1780864419226 0.31456121802330017 901
1780864419229 0.2671474814414978 902
1780864419232 0.3783039152622223 903
1780864419235 0.39639657735824585 904
1780864419238 0.2476508617401123 905
1780864419241 0.29303017258644104 906
1780864419243 0.43667128682136536 907
1780864419247 0.35810744762420654 908
1780864419250 0.3527311682701111 909
1780864419252 0.3117479979991913 910
1780864419255 0.2786596119403839 911
1780864419258 0.3428139388561249 912
1780864419261 0.17851479351520538 913
1780864419264 0.36490076780319214 914
1780864419266 0.4197780191898346 915
1780864419269 0.3308878242969513 916
1780864419272 0.20238308608531952 917
1780864419275 0.16650433838367462 918
1780864419279 0.2557442784309387 919
1780864419281 0.3090842068195343 920
1780864419284 0.24619020521640778 921
1780864419287 0.26990097761154175 922
1780864419290 0.331637442111969 923
1780864419292 0.4494316577911377 924
1780864419295 0.3740057349205017 925
1780864419298 0.3237946331501007 926
1780864419300 0.5092180371284485 927
1780864419303 0.3363526165485382 928
1780864419306 0.22384364902973175 929
1780864419310 0.3539702594280243 930
1780864419313 0.4083061218261719 931
1780864419315 0.22704990208148956 932
1780864419318 0.27840563654899597 933
1780864419321 0.26094529032707214 934
1780864419325 0.22813086211681366 935
1780864419327 0.6286752223968506 936
1780864419499 0.3740372061729431 937
1780864419503 0.1509820520877838 938
1780864419506 0.23802675306797028 939
1780864419509 0.2612958252429962 940
1780864419513 0.3984704613685608 941
1780864419517 0.22235938906669617 942
1780864419520 0.3051013648509979 943
1780864419523 0.422199547290802 944
1780864419527 0.3631410002708435 945
1780864419530 0.4272848069667816 946
1780864419533 0.2559366822242737 947
1780864419537 0.3710769712924957 948
1780864419540 0.512052595615387 949
1780864419542 0.4009660482406616 950
1780864419545 0.16442164778709412 951
1780864419548 0.4411712884902954 952
1780864419551 0.3411775231361389 953
1780864419554 0.28669434785842896 954
1780864419556 0.3288290798664093 955
1780864419559 0.5287191271781921 956
1780864419562 0.3400283455848694 957
1780864419565 0.5292209982872009 958
1780864419568 0.33159005641937256 959
1780864419571 0.4488378167152405 960
1780864419573 0.40405532717704773 961
1780864419577 0.23165063560009003 962
1780864419580 0.47971415519714355 963
1780864419583 0.2471451461315155 964
1780864419586 0.44267675280570984 965
1780864419589 0.5904349684715271 966
1780864419591 0.4347727298736572 967
1780864419594 0.4552347958087921 968
1780864419597 0.2658461928367615 969
1780864419601 0.5120884776115417 970
1780864419604 0.4582282602787018 971
1780864419607 0.33287137746810913 972
1780864419609 0.6191995739936829 973
1780864419612 0.3104775547981262 974
1780864419615 0.3119445741176605 975
1780864419618 0.24183380603790283 976
1780864419621 0.23574644327163696 977
1780864419624 0.34693777561187744 978
1780864419628 0.2634085416793823 979
1780864419630 0.45089009404182434 980
1780864419633 0.23401226103305817 981
1780864419636 0.28488045930862427 982
1780864419639 0.28633809089660645 983
1780864419641 0.37905949354171753 984
1780864419644 0.5413849949836731 985
1780864419647 0.3288002908229828 986
1780864419650 0.2339935153722763 987
1780864419652 0.1251886785030365 988
1780864419655 0.36662760376930237 989
1780864419658 0.3517640233039856 990
1780864419660 0.4321342706680298 991
1780864419664 0.17698094248771667 992
1780864419667 0.2854738235473633 993
1780864419671 0.17142397165298462 994
1780864419673 0.5757767558097839 995
1780864419676 0.5964460372924805 996
1780864419679 0.1824197769165039 997
1780864419684 0.27845075726509094 998
1780864419687 0.4245566725730896 999
1780864419690 0.25991660356521606 1000
1780864419692 0.6060310006141663 1001
1780864419695 0.31754109263420105 1002
1780864419698 0.3826054036617279 1003
1780864419701 0.21943792700767517 1004
1780864419704 0.3298642635345459 1005
1780864419706 0.4449971914291382 1006
1780864419709 0.3804837167263031 1007
1780864419712 0.31929728388786316 1008
1780864419716 0.1614934653043747 1009
1780864419719 0.45227810740470886 1010
1780864419721 0.2715007960796356 1011
1780864419724 0.20395499467849731 1012
1780864419726 0.2646489441394806 1013
1780864419729 0.304644376039505 1014
1780864419733 0.37858784198760986 1015
1780864419737 0.23684990406036377 1016
1780864419739 0.4796077609062195 1017
1780864419742 0.22391217947006226 1018
1780864419745 0.24880827963352203 1019
1780864419749 0.2767281234264374 1020
1780864419752 0.2597474455833435 1021
1780864419754 0.29368504881858826 1022
1780864419757 0.30975985527038574 1023
1780864419760 0.35307303071022034 1024
1780864419762 0.515273928642273 1025
1780864419765 0.3108709454536438 1026
1780864419768 0.2687374949455261 1027
1780864419772 0.5679762363433838 1028
1780864419775 0.23919525742530823 1029
1780864419777 0.25185778737068176 1030
1780864419781 0.3719775676727295 1031
1780864419784 0.2871900796890259 1032
1780864419787 0.33660414814949036 1033
1780864419790 0.1489025503396988 1034
1780864419793 0.5521025657653809 1035
1780864419796 0.19963638484477997 1036
1780864419799 0.34888455271720886 1037
1780864419802 0.33997538685798645 1038
1780864419805 0.3249664604663849 1039
1780864419807 0.396953284740448 1040
1780864419810 0.25569674372673035 1041
1780864419812 0.4255516827106476 1042
1780864419815 0.3452829420566559 1043
1780864419818 0.6448662281036377 1044
1780864419821 0.17631900310516357 1045
1780864419823 0.3682558834552765 1046
1780864419826 0.23896026611328125 1047
1780864419828 0.4446078836917877 1048
1780864419831 0.2697691023349762 1049
1780864419834 0.2732052505016327 1050
1780864419837 0.23106220364570618 1051
1780864419839 0.2860265374183655 1052
1780864419842 0.26643282175064087 1053
1780864419845 0.3890971839427948 1054
1780864419847 0.24502523243427277 1055
1780864419851 0.2014017552137375 1056
1780864419854 0.41152578592300415 1057
1780864419856 0.23894472420215607 1058
1780864419859 0.178475022315979 1059
1780864419862 0.2728883624076843 1060
1780864419865 0.38505682349205017 1061
1780864419867 0.18017776310443878 1062
1780864419870 0.27354034781455994 1063
1780864419873 0.4315040707588196 1064
1780864419875 0.559310793876648 1065
1780864419878 0.24441221356391907 1066
1780864419882 0.35570526123046875 1067
1780864419884 0.4391639828681946 1068
1780864419887 0.45608553290367126 1069
1780864419890 0.405661940574646 1070
1780864419892 0.31747716665267944 1071
1780864419895 0.5388807058334351 1072
1780864419899 0.46719416975975037 1073
1780864419901 0.3393389582633972 1074
1780864419904 0.5160197615623474 1075
1780864419907 0.18490053713321686 1076
1780864419909 0.4400649964809418 1077
1780864419912 0.14962483942508698 1078
1780864419914 0.2801780104637146 1079
1780864419917 0.36400094628334045 1080
1780864419919 0.3325512409210205 1081
1780864419922 0.33451077342033386 1082
1780864419925 0.1753648817539215 1083
1780864419929 0.45125579833984375 1084
1780864419932 0.24610334634780884 1085
1780864419934 0.6799226403236389 1086
1780864419937 0.28331199288368225 1087
1780864419940 0.37035951018333435 1088
1780864419943 0.41003164649009705 1089
1780864419945 0.2854275107383728 1090
1780864419949 0.3637891113758087 1091
1780864419951 0.3822842240333557 1092
1780864419954 0.2643370032310486 1093
1780864419957 0.347560316324234 1094
1780864419960 0.2532403767108917 1095
1780864419963 0.19976967573165894 1096
1780864419966 0.31417277455329895 1097
1780864419969 0.37119704484939575 1098
1780864419972 0.33358368277549744 1099
1780864419974 0.5008083581924438 1100
1780864419977 0.5516741275787354 1101
1780864419980 0.4560976028442383 1102
1780864419983 0.2210332453250885 1103
1780864419986 0.41807854175567627 1104
1780864419988 0.38346922397613525 1105
1780864419991 0.34756729006767273 1106
1780864419994 0.2177981734275818 1107
1780864419997 0.3040233552455902 1108
1780864420000 0.38360580801963806 1109
1780864420002 0.29882633686065674 1110
1780864420005 0.2808029055595398 1111
1780864420008 0.22757676243782043 1112
1780864420010 0.5566422343254089 1113
1780864420013 0.4039748013019562 1114
1780864420015 0.2676093876361847 1115
1780864420018 0.25543004274368286 1116
1780864420020 0.481003999710083 1117
1780864420023 0.4425084888935089 1118
1780864420026 0.28320756554603577 1119
1780864420028 0.34976041316986084 1120
1780864420031 0.33702200651168823 1121
1780864420034 0.23327070474624634 1122
1780864420037 0.6285933256149292 1123
1780864420039 0.3276485204696655 1124
1780864420042 0.4424808919429779 1125
1780864420044 0.35917413234710693 1126
1780864420047 0.34069812297821045 1127
1780864420050 0.3043578267097473 1128
1780864420053 0.2857459485530853 1129
1780864420057 0.3049483895301819 1130
1780864420060 0.2634286880493164 1131
1780864420063 0.35336580872535706 1132
1780864420065 0.5244383215904236 1133
1780864420068 0.3507431149482727 1134
1780864420071 0.27848511934280396 1135
1780864420073 0.28218600153923035 1136
1780864420076 0.5642925500869751 1137
1780864420079 0.32717499136924744 1138
1780864420083 0.2905556857585907 1139
1780864420086 0.3824607729911804 1140
1780864420088 0.15267179906368256 1141
1780864420091 0.2526113986968994 1142
1780864420094 0.22455020248889923 1143
1780864420097 0.4490465521812439 1144
1780864420100 0.3466149866580963 1145
1780864420103 0.2929306626319885 1146
1780864420105 0.31134164333343506 1147
1780864420108 0.4421045780181885 1148
1780864420111 0.49002671241760254 1149
1780864420113 0.447955459356308 1150
1780864420116 0.24599780142307281 1151
1780864420118 0.2641769051551819 1152
1780864420121 0.22441594302654266 1153
1780864420124 0.5151593685150146 1154
1780864420126 0.2974452078342438 1155
1780864420129 0.2653595805168152 1156
1780864420132 0.29586249589920044 1157
1780864420135 0.3364603519439697 1158
1780864420137 0.298820823431015 1159
1780864420140 0.20590899884700775 1160
1780864420143 0.3369288742542267 1161
1780864420147 0.46521687507629395 1162
1780864420149 0.27525827288627625 1163
1780864420153 0.38053566217422485 1164
1780864420155 0.22588323056697845 1165
1780864420158 0.29243701696395874 1166
1780864420161 0.23170927166938782 1167
1780864420163 0.33620625734329224 1168
1780864420166 0.2276160717010498 1169
1780864420168 0.27461084723472595 1170
1780864420171 0.37120237946510315 1171
1780864420174 0.22541558742523193 1172
1780864420178 0.21571719646453857 1173
1780864420181 0.34897473454475403 1174
1780864420183 0.3508569300174713 1175
1780864420186 0.48636043071746826 1176
1780864420188 0.5200507044792175 1177
1780864420191 0.4026201367378235 1178
1780864420194 0.32807713747024536 1179
1780864420196 0.30311524868011475 1180
1780864420199 0.3650464713573456 1181
1780864420202 0.3307282328605652 1182
1780864420204 0.23036038875579834 1183
1780864420208 0.4132393002510071 1184
1780864420211 0.6350566744804382 1185
1780864420214 0.19725950062274933 1186
1780864420218 0.1656603217124939 1187
1780864420220 0.3849506974220276 1188
1780864420223 0.3361841142177582 1189
1780864420226 0.3816351294517517 1190
1780864420229 0.350030779838562 1191
1780864420231 0.11639275401830673 1192
1780864420234 0.2656469941139221 1193
1780864420237 0.32734426856040955 1194
1780864420240 0.3367471992969513 1195
1780864420242 0.5944521427154541 1196
1780864420245 0.2222166359424591 1197
1780864420248 0.49702128767967224 1198
1780864420251 0.3149202764034271 1199
1780864420255 0.17091114819049835 1200
1780864420257 0.1916927546262741 1201
1780864420260 0.5012196898460388 1202
1780864420263 0.3980998396873474 1203
1780864420266 0.2857776880264282 1204
1780864420268 0.22629451751708984 1205
1780864420271 0.14005106687545776 1206
1780864420274 0.18710793554782867 1207
1780864420276 0.5671205520629883 1208
1780864420279 0.2086225152015686 1209
1780864420282 0.1546829640865326 1210
1780864420284 0.41143566370010376 1211
1780864420287 0.38109079003334045 1212
1780864420289 0.37513697147369385 1213
1780864420292 0.282463937997818 1214
1780864420295 0.28108513355255127 1215
1780864420298 0.3635103106498718 1216
1780864420300 0.480307400226593 1217
1780864420303 0.30533841252326965 1218
1780864420306 0.22676467895507812 1219
1780864420308 0.28076082468032837 1220
1780864420311 0.1795172095298767 1221
1780864420315 0.256498783826828 1222
1780864420318 0.35123300552368164 1223
1780864420321 0.3402668833732605 1224
1780864420323 0.3389717936515808 1225
1780864420326 0.32722142338752747 1226
1780864420329 0.31065648794174194 1227
1780864420332 0.30012500286102295 1228
1780864420335 0.2418239861726761 1229
1780864420338 0.4605979323387146 1230
1780864420340 0.4203960597515106 1231
1780864420343 0.3126433789730072 1232
1780864420346 0.3736812174320221 1233
1780864420349 0.2438250333070755 1234
1780864420352 0.32062581181526184 1235
1780864420354 0.17801132798194885 1236
1780864420357 0.31946876645088196 1237
1780864420360 0.2802039384841919 1238
1780864420363 0.36115458607673645 1239
1780864420365 0.16814756393432617 1240
1780864420370 0.20313312113285065 1241
1780864420372 0.31213855743408203 1242
1780864420376 0.2741258144378662 1243
1780864420379 0.20306594669818878 1244
1780864420381 0.3843423128128052 1245
1780864420384 0.30294716358184814 1246
1780864420386 0.4122655391693115 1247
1780864420389 0.17591559886932373 1248
1780864420392 0.3541717529296875 1249
1780864420395 0.4110606610774994 1250
1780864420398 0.3195365369319916 1251
1780864420400 0.3605716824531555 1252
1780864420403 0.2601606845855713 1253
1780864420406 0.2544146478176117 1254
1780864420408 0.37683719396591187 1255
1780864420411 0.2870807647705078 1256
1780864420414 0.37523195147514343 1257
1780864420416 0.36487051844596863 1258
1780864420419 0.2445850670337677 1259
1780864420421 0.3794333040714264 1260
1780864420425 0.2763550877571106 1261
1780864420428 0.2993120849132538 1262
1780864420431 0.33769094944000244 1263
1780864420433 0.4382629692554474 1264
1780864420436 0.31638798117637634 1265
1780864420438 0.39708638191223145 1266
1780864420441 0.1921357363462448 1267
1780864420444 0.12287072092294693 1268
1780864420447 0.30531734228134155 1269
1780864420449 0.5486662983894348 1270
1780864420452 0.3977409601211548 1271
1780864420455 0.493740439414978 1272
1780864420458 0.4947206974029541 1273
1780864420460 0.16027455031871796 1274
1780864420463 0.3323829174041748 1275
1780864420466 0.39250311255455017 1276
1780864420468 0.26737678050994873 1277
1780864420471 0.3386612832546234 1278
1780864420474 0.33940383791923523 1279
1780864420477 0.3054143786430359 1280
1780864420481 0.09963413327932358 1281
1780864420483 0.41538387537002563 1282
1780864420486 0.19539135694503784 1283
1780864420488 0.4782908260822296 1284
1780864420491 0.3584091067314148 1285
1780864420494 0.23547345399856567 1286
1780864420497 0.14477059245109558 1287
1780864420499 0.29057782888412476 1288
1780864420502 0.3571239113807678 1289
1780864420505 0.42569687962532043 1290
1780864420507 0.2592211067676544 1291
1780864420510 0.44653064012527466 1292
1780864420512 0.7273380756378174 1293
1780864420515 0.36603355407714844 1294
1780864420517 0.23031552135944366 1295
1780864420520 0.35261690616607666 1296
1780864420523 0.33690527081489563 1297
1780864420526 0.22402776777744293 1298
1780864420529 0.27291449904441833 1299
1780864420532 0.3660310208797455 1300
1780864420534 0.2085549533367157 1301
1780864420536 0.2740572392940521 1302
1780864420539 0.32947543263435364 1303
1780864420542 0.3417883515357971 1304
1780864420546 0.255385160446167 1305
1780864420549 0.40047475695610046 1306
1780864420551 0.36047354340553284 1307
1780864420554 0.28290313482284546 1308
1780864420556 0.16187424957752228 1309
1780864420559 0.17087247967720032 1310
1780864420562 0.33685481548309326 1311
1780864420564 0.17194637656211853 1312
1780864420568 0.26806268095970154 1313
1780864420571 0.456908255815506 1314
1780864420574 0.38062843680381775 1315
1780864420577 0.2444409430027008 1316
1780864420579 0.34365299344062805 1317
1780864420582 0.2508065402507782 1318
1780864420585 0.29139670729637146 1319
1780864420587 0.29246336221694946 1320
1780864420590 0.16144786775112152 1321
1780864420593 0.3919091522693634 1322
1780864420595 0.28759223222732544 1323
1780864420598 0.4712044894695282 1324
1780864420600 0.5138948559761047 1325
1780864420603 0.24918311834335327 1326
1780864420606 0.3766203820705414 1327
1780864420609 0.32722702622413635 1328
1780864420612 0.16498292982578278 1329
1780864420614 0.10259576141834259 1330
1780864420617 0.21243834495544434 1331
1780864420619 0.2111346274614334 1332
1780864420622 0.38139957189559937 1333
1780864420624 0.29642605781555176 1334
1780864420627 0.1344381421804428 1335
1780864420630 0.18946681916713715 1336
1780864420633 0.2492063343524933 1337
1780864420635 0.34934163093566895 1338
1780864420637 0.411520391702652 1339
1780864420641 0.4217219650745392 1340
1780864420644 0.37164199352264404 1341
1780864420646 0.3125177025794983 1342
1780864420649 0.47529077529907227 1343
1780864420651 0.1539015918970108 1344
1780864420656 0.19328130781650543 1345
1780864420659 0.46028003096580505 1346
1780864420661 0.2523801028728485 1347
1780864420664 0.31198498606681824 1348
1780864420666 0.16695775091648102 1349
1780864420669 0.626671552658081 1350
1780864420671 0.6027153730392456 1351
1780864420674 0.32564663887023926 1352
1780864420677 0.1904931664466858 1353
1780864420680 0.2104770988225937 1354
1780864420685 0.309036523103714 1355
1780864420688 0.4253797233104706 1356
1780864420691 0.3695043921470642 1357
1780864420694 0.16068775951862335 1358
1780864420697 0.6292886137962341 1359
1780864420700 0.3749736249446869 1360
1780864420702 0.36790749430656433 1361
1780864420705 0.43671751022338867 1362
1780864420708 0.4069735109806061 1363
1780864420710 0.5541014671325684 1364
1780864420714 0.26084646582603455 1365
1780864420717 0.4666914641857147 1366
1780864420720 0.3353025019168854 1367
1780864420722 0.2327122539281845 1368
1780864420725 0.37862446904182434 1369
1780864420728 0.38394033908843994 1370
1780864420731 0.25644466280937195 1371
1780864420733 0.29645347595214844 1372
1780864420737 0.24314114451408386 1373
1780864420740 0.2595791816711426 1374
1780864420743 0.3968381881713867 1375
1780864420746 0.2314232736825943 1376
1780864420749 0.2871496081352234 1377
1780864420751 0.19359345734119415 1378
1780864420754 0.1971348375082016 1379
1780864420757 0.3097915053367615 1380
1780864420759 0.20672014355659485 1381
1780864420762 0.2669251561164856 1382
1780864420765 0.26666969060897827 1383
1780864420767 0.2931756377220154 1384
1780864420770 0.2968205213546753 1385
1780864420773 0.2096189558506012 1386
1780864420775 0.4671027958393097 1387
1780864420778 0.35651540756225586 1388
1780864420781 0.3301187753677368 1389
1780864420783 0.2347763180732727 1390
1780864420786 0.2851303517818451 1391
1780864420789 0.4987119734287262 1392
1780864420791 0.5020015835762024 1393
1780864420794 0.2679852843284607 1394
1780864420796 0.2724962532520294 1395
1780864420799 0.6521714329719543 1396
1780864420802 0.14920076727867126 1397
1780864420805 0.7206223607063293 1398
1780864420808 0.27347975969314575 1399
1780864420810 0.16718950867652893 1400
1780864420813 0.27896952629089355 1401
1780864420815 0.33879584074020386 1402
1780864420817 0.5871769189834595 1403
1780864420820 0.16970659792423248 1404
1780864420824 0.3536853492259979 1405
1780864420827 0.5239090919494629 1406
1780864420829 0.33136647939682007 1407
1780864420832 0.2931896150112152 1408
1780864420835 0.18545018136501312 1409
1780864420838 0.1637551188468933 1410
1780864420840 0.324424684047699 1411
1780864420843 0.39531055092811584 1412
1780864420846 0.3745882511138916 1413
1780864420849 0.3742675185203552 1414
1780864420851 0.2443140596151352 1415
1780864420854 0.11301936954259872 1416
1780864420858 0.26002299785614014 1417
1780864420861 0.371425986289978 1418
1780864420864 0.2935751974582672 1419
1780864420866 0.2584037184715271 1420
1780864420869 0.1268817037343979 1421
1780864420871 0.36636248230934143 1422
1780864420874 0.4518147110939026 1423
1780864420877 0.3715497553348541 1424
1780864420880 0.3403308689594269 1425
1780864420883 0.22762708365917206 1426
1780864420885 0.19539949297904968 1427
1780864420888 0.32963913679122925 1428
1780864420891 0.17046105861663818 1429
1780864420894 0.5912131071090698 1430
1780864420896 0.29532453417778015 1431
1780864420899 0.29276466369628906 1432
1780864420902 0.2816926836967468 1433
1780864420904 0.5011760592460632 1434
1780864420907 0.4881696105003357 1435
1780864420909 0.3163725435733795 1436
1780864420912 0.36950308084487915 1437
1780864420915 0.23218174278736115 1438
1780864420917 0.28783494234085083 1439
1780864420920 0.20635829865932465 1440
1780864420924 0.36486974358558655 1441
1780864420927 0.3240363597869873 1442
1780864420929 0.19681106507778168 1443
1780864420932 0.2515481412410736 1444
1780864420935 0.33353686332702637 1445
1780864420938 0.2619253396987915 1446
1780864420941 0.2910314202308655 1447
1780864420944 0.3938692510128021 1448
1780864420946 0.2842278480529785 1449
1780864420949 0.4834309220314026 1450
1780864420952 0.35320451855659485 1451
1780864420954 0.3401179313659668 1452
1780864420957 0.16627857089042664 1453
1780864420960 0.3459956645965576 1454
1780864420962 0.525215208530426 1455
1780864420966 0.3262645900249481 1456
1780864420969 0.33587563037872314 1457
1780864420972 0.34900280833244324 1458
1780864420974 0.43930861353874207 1459
1780864420977 0.3386062979698181 1460
1780864420980 0.31893599033355713 1461
1780864420982 0.6797449588775635 1462
1780864420985 0.279052197933197 1463
1780864420988 0.18147340416908264 1464
1780864420991 0.2188592404127121 1465
1780864420993 0.27088144421577454 1466
1780864420996 0.7253381013870239 1467
1780864420999 0.44048967957496643 1468
1780864421001 0.183635413646698 1469
1780864421004 0.3575092852115631 1470
1780864421006 0.26429617404937744 1471
1780864421009 0.291552871465683 1472
1780864421011 0.6903907060623169 1473
1780864421014 0.6209405660629272 1474
1780864421017 0.42494523525238037 1475
1780864421020 0.2780255079269409 1476
1780864421022 0.4792294204235077 1477
1780864421025 0.25991517305374146 1478
1780864421028 0.3349071145057678 1479
1780864421030 0.35299307107925415 1480
1780864421033 0.31628984212875366 1481
1780864421036 0.18590211868286133 1482
1780864421038 0.17719978094100952 1483
1780864421041 0.4092463254928589 1484
1780864421043 0.28701189160346985 1485
1780864421046 0.20174001157283783 1486
1780864421049 0.42409515380859375 1487
1780864421052 0.33518949151039124 1488
1780864421055 0.25188198685646057 1489
1780864421057 0.41162362694740295 1490
1780864421060 0.162575364112854 1491
1780864421062 0.34420546889305115 1492
1780864421065 0.5734550356864929 1493
1780864421068 0.36967408657073975 1494
1780864421071 0.22672103345394135 1495
1780864421073 0.300687700510025 1496
1780864421076 0.25694671273231506 1497
1780864421078 0.4500093162059784 1498
1780864421081 0.45225512981414795 1499
1780864421083 0.3345937132835388 1500
1780864421086 0.2982834279537201 1501
1780864421089 0.19759038090705872 1502
1780864421092 0.39675232768058777 1503
1780864421095 0.29430949687957764 1504
1780864421097 0.5678784251213074 1505
1780864421100 0.4319295287132263 1506
1780864421104 0.23140715062618256 1507
1780864421106 0.33498117327690125 1508
1780864421109 0.19461102783679962 1509
1780864421112 0.1484673172235489 1510
1780864421114 0.5096822381019592 1511
1780864421117 0.23303616046905518 1512
1780864421120 0.28359806537628174 1513
1780864421124 0.44706976413726807 1514
1780864421127 0.3335743546485901 1515
1780864421130 0.18836477398872375 1516
1780864421132 0.5345159769058228 1517
1780864421135 0.22004982829093933 1518
1780864421138 0.2562767565250397 1519
1780864421141 0.23817816376686096 1520
1780864421144 0.3887730538845062 1521
1780864421146 0.3073963522911072 1522
1780864421149 0.454588383436203 1523
1780864421152 0.3378479778766632 1524
1780864421154 0.15845127403736115 1525
1780864421157 0.2311343103647232 1526
1780864421161 0.4777079224586487 1527
1780864421163 0.35710400342941284 1528
1780864421166 0.1809798926115036 1529
1780864421169 0.2981220483779907 1530
1780864421172 0.20132489502429962 1531
1780864421175 0.35508209466934204 1532
1780864421177 0.15431427955627441 1533
1780864421180 0.14583812654018402 1534
1780864421183 0.5890611410140991 1535
1780864421187 0.12999869883060455 1536
1780864421189 0.2959933876991272 1537
1780864421192 0.43812477588653564 1538
1780864421195 0.4488922655582428 1539
1780864421197 0.29766058921813965 1540
1780864421200 0.1999315619468689 1541
1780864421202 0.3825761079788208 1542
1780864421206 0.33823880553245544 1543
1780864421209 0.254973828792572 1544
1780864421211 0.4624619483947754 1545
1780864421215 0.49659544229507446 1546
1780864421218 0.20078442990779877 1547
1780864421221 0.22828629612922668 1548
1780864421223 0.1309012770652771 1549
1780864421226 0.3322688937187195 1550
1780864421229 0.2549557685852051 1551
1780864421232 0.4846876561641693 1552
1780864421234 0.18372178077697754 1553
1780864421237 0.39420658349990845 1554
1780864421240 0.22552181780338287 1555
1780864421242 0.23659516870975494 1556
1780864421245 0.791140615940094 1557
1780864421248 0.21591100096702576 1558
1780864421250 0.1239825189113617 1559
1780864421253 0.35205090045928955 1560
1780864421256 0.15192069113254547 1561
1780864421259 0.3276941776275635 1562
1780864421261 0.21651014685630798 1563
1780864421264 0.25187015533447266 1564
1780864421267 0.19424130022525787 1565
1780864421269 0.42604079842567444 1566
1780864421272 0.23888374865055084 1567
1780864421274 0.7318148612976074 1568
1780864421277 0.21920844912528992 1569
1780864421280 0.16911663115024567 1570
1780864421283 0.28246334195137024 1571
1780864421285 0.34972333908081055 1572
1780864421288 0.3564959168434143 1573
1780864421291 0.35739630460739136 1574
1780864421293 0.41311946511268616 1575
1780864421296 0.3213927149772644 1576
1780864421299 0.3174423277378082 1577
1780864421302 0.4152247905731201 1578
1780864421304 0.3734149932861328 1579
1780864421307 0.25298869609832764 1580
1780864421310 0.241421639919281 1581
1780864421313 0.3528318703174591 1582
1780864421316 0.3794373571872711 1583
1780864421318 0.13594047725200653 1584
1780864421321 0.35586297512054443 1585
1780864421324 0.1611165702342987 1586
1780864421326 0.3582647442817688 1587
1780864421329 0.17349375784397125 1588
1780864421332 0.15185679495334625 1589
1780864421335 0.17074887454509735 1590
1780864421337 0.14943015575408936 1591
1780864421340 0.2769789695739746 1592
1780864421342 0.4583953619003296 1593
1780864421345 0.20277056097984314 1594
1780864421348 0.2373785376548767 1595
1780864421351 0.2620749771595001 1596
1780864421354 0.3893609344959259 1597
1780864421356 0.21597683429718018 1598
1780864421360 0.1991526037454605 1599
1780864421362 0.3699397146701813 1600
1780864421365 0.22818361222743988 1601
1780864421367 0.3203473687171936 1602
1780864421370 0.3864995837211609 1603
1780864421372 0.33436495065689087 1604
1780864421375 0.20672011375427246 1605
1780864421377 0.2787588834762573 1606
1780864421380 0.2997792661190033 1607
1780864421383 0.3017699122428894 1608
1780864421385 0.26534342765808105 1609
1780864421388 0.27796515822410583 1610
1780864421391 0.19233176112174988 1611
1780864421393 0.23174524307250977 1612
1780864421396 0.2775939106941223 1613
1780864421399 0.16786979138851166 1614
1780864421401 0.38033565878868103 1615
1780864421404 0.4283120334148407 1616
1780864421407 0.4980260133743286 1617
1780864421410 0.22870385646820068 1618
1780864421413 0.35679978132247925 1619
1780864421415 0.3638019859790802 1620
1780864421418 0.40341269969940186 1621
1780864421421 0.22558841109275818 1622
1780864421423 0.23436498641967773 1623
1780864421426 0.46827268600463867 1624
1780864421429 0.343563437461853 1625
1780864421432 0.30526402592658997 1626
1780864421435 0.26117661595344543 1627
1780864421437 0.2413458377122879 1628
1780864421440 0.311698317527771 1629
1780864421443 0.6055115461349487 1630
1780864421445 0.34294772148132324 1631
1780864421448 0.48644596338272095 1632
1780864421451 0.428767591714859 1633
1780864421454 0.32365041971206665 1634
1780864421457 0.48129013180732727 1635
1780864421460 0.19523955881595612 1636
1780864421463 0.2874535620212555 1637
1780864421466 0.40498074889183044 1638
1780864421469 0.21478617191314697 1639
1780864421471 0.1853206902742386 1640
1780864421474 0.19818444550037384 1641
1780864421477 0.3497331142425537 1642
1780864421480 0.21962113678455353 1643
1780864421484 0.49003124237060547 1644
1780864421487 0.3748476207256317 1645
1780864421489 0.4074203372001648 1646
1780864421492 0.2440950572490692 1647
1780864421495 0.2132917046546936 1648
1780864421498 0.3048882484436035 1649
1780864421500 0.33300337195396423 1650
1780864421503 0.2357362061738968 1651
1780864421506 0.5764814019203186 1652
1780864421509 0.3838503062725067 1653
1780864421511 0.2554665505886078 1654
1780864421514 0.2583416700363159 1655
1780864421517 0.4030255973339081 1656
1780864421520 0.20784682035446167 1657
1780864421523 0.453946590423584 1658
1780864421526 0.25824135541915894 1659
1780864421528 0.5369589924812317 1660
1780864421531 0.6019518971443176 1661
1780864421534 0.3607140779495239 1662
1780864421537 0.1605151891708374 1663
1780864421539 0.17589634656906128 1664
1780864421542 0.2826492488384247 1665
1780864421544 0.30902060866355896 1666
1780864421549 0.5626025199890137 1667
1780864421551 0.3716471195220947 1668
1780864421554 0.6007279753684998 1669
1780864421557 0.2810235917568207 1670
1780864421559 0.418842077255249 1671
1780864421562 0.44908633828163147 1672
1780864421565 0.2721904516220093 1673
1780864421568 0.2560708224773407 1674
1780864421570 0.30051541328430176 1675
1780864421573 0.3177749514579773 1676
1780864421575 0.4310986399650574 1677
1780864421579 0.27571603655815125 1678
1780864421582 0.3935983180999756 1679
1780864421585 0.3916594982147217 1680
1780864421587 0.2423446625471115 1681
1780864421592 0.4523680508136749 1682
1780864421594 0.36064642667770386 1683
1780864421597 0.4820951819419861 1684
1780864421600 0.3823419213294983 1685
1780864421602 0.15170517563819885 1686
1780864421605 0.323670893907547 1687
1780864421607 0.318538635969162 1688
1780864421610 0.2501942217350006 1689
1780864421612 0.35896262526512146 1690
1780864421615 0.23886670172214508 1691
1780864421618 0.22421114146709442 1692
1780864421621 0.18554387986660004 1693
1780864421625 0.41819828748703003 1694
1780864421627 0.35817408561706543 1695
1780864421630 0.1739441305398941 1696
1780864421633 0.40700027346611023 1697
1780864421636 0.3110935091972351 1698
1780864421638 0.2745908200740814 1699
1780864421641 0.351331502199173 1700
1780864421644 0.20901086926460266 1701
1780864421646 0.299414724111557 1702
1780864421649 0.3154497742652893 1703
1780864421653 0.4691581726074219 1704
1780864421656 0.2195519059896469 1705
1780864421658 0.36842918395996094 1706
1780864421661 0.29858678579330444 1707
1780864421663 0.16444991528987885 1708
1780864421666 0.31188347935676575 1709
1780864421669 0.31638213992118835 1710
1780864421672 0.31784194707870483 1711
1780864421674 0.6044864058494568 1712
1780864421677 0.1777784675359726 1713
1780864421680 0.18300433456897736 1714
1780864421683 0.4881604015827179 1715
1780864421685 0.37899377942085266 1716
1780864421688 0.25144726037979126 1717
1780864421690 0.5737134218215942 1718
1780864421693 0.40804633498191833 1719
1780864421695 0.26183655858039856 1720
1780864421698 0.3257942199707031 1721
1780864421701 0.3292480409145355 1722
1780864421704 0.345637708902359 1723
1780864421707 0.24742570519447327 1724
1780864421710 0.3030346930027008 1725
1780864421712 0.4607295095920563 1726
1780864421716 0.3542945086956024 1727
1780864421719 0.2710161507129669 1728
1780864421722 0.23260249197483063 1729
1780864421725 0.38116851449012756 1730
1780864421728 0.4357545077800751 1731
1780864421730 0.33761417865753174 1732
1780864421733 0.21056531369686127 1733
1780864421737 0.28796645998954773 1734
1780864421739 0.34112250804901123 1735
1780864421742 0.39904171228408813 1736
1780864421745 0.26168593764305115 1737
1780864421749 0.3954428434371948 1738
1780864421752 0.13918890058994293 1739
1780864421756 0.44067472219467163 1740
1780864421759 0.46152955293655396 1741
1780864421763 0.3224714696407318 1742
1780864421766 0.30508384108543396 1743
1780864421770 0.1356738954782486 1744
1780864421774 0.3173920512199402 1745
1780864421778 0.2673744559288025 1746
1780864421783 0.22023732960224152 1747
1780864421787 0.3317643702030182 1748
1780864421790 0.39549270272254944 1749
1780864421793 0.31023186445236206 1750
1780864421796 0.30394700169563293 1751
1780864421800 0.3827669620513916 1752
1780864421803 0.5507627129554749 1753
1780864421806 0.27146318554878235 1754
1780864421809 0.2990650534629822 1755
1780864421813 0.3651503920555115 1756
1780864421817 0.22653400897979736 1757
1780864421820 0.20465168356895447 1758
1780864421823 0.35249438881874084 1759
1780864421826 0.33255326747894287 1760
1780864421829 0.39195430278778076 1761
1780864421833 0.438353955745697 1762
1780864421836 0.36277109384536743 1763
1780864421839 0.19287316501140594 1764
1780864421843 0.250108927488327 1765
1780864421847 0.2490418702363968 1766
1780864421850 0.4609375298023224 1767
1780864421854 0.17458489537239075 1768
1780864421857 0.12722797691822052 1769
1780864421860 0.28905901312828064 1770
1780864421863 0.27397674322128296 1771
1780864421866 0.2173130363225937 1772
1780864421870 0.46272581815719604 1773
1780864421873 0.43505239486694336 1774
1780864421877 0.18103858828544617 1775
1780864421881 0.27880316972732544 1776
1780864421885 0.3028073310852051 1777
1780864421888 0.17051559686660767 1778
1780864421891 0.3038010001182556 1779
1780864421895 0.2732495963573456 1780
1780864421898 0.24264587461948395 1781
1780864421901 0.2580106854438782 1782
1780864421904 0.20092637836933136 1783
1780864421908 0.4018860459327698 1784
1780864421911 0.4224556088447571 1785
1780864421916 0.17031875252723694 1786
1780864421919 0.3324337601661682 1787
1780864421923 0.23697729408740997 1788
1780864421927 0.26847490668296814 1789
1780864421930 0.41328197717666626 1790
1780864421935 0.4262043833732605 1791
1780864421938 0.24523909389972687 1792
1780864421942 0.25640803575515747 1793
1780864421946 0.2629830837249756 1794
1780864421949 0.36185747385025024 1795
1780864421954 0.4523771107196808 1796
1780864421959 0.15864339470863342 1797
1780864421962 0.3353053629398346 1798
1780864421966 0.27751174569129944 1799
1780864421970 0.5448057651519775 1800
1780864421975 0.25096744298934937 1801
1780864421980 0.29293155670166016 1802
1780864421984 0.3061256408691406 1803
1780864421988 0.4510943293571472 1804
1780864421992 0.2681572735309601 1805
1780864421995 0.30615267157554626 1806
1780864421999 0.1135278046131134 1807
1780864422001 0.27024734020233154 1808
1780864422004 0.27479276061058044 1809
1780864422008 0.431967556476593 1810
1780864422012 0.22210007905960083 1811
1780864422015 0.29965490102767944 1812
1780864422019 0.27675750851631165 1813
1780864422023 0.34364357590675354 1814
1780864422027 0.20079417526721954 1815
1780864422031 0.2680681347846985 1816
1780864422034 0.46934622526168823 1817
1780864422037 0.3373062014579773 1818
1780864422040 0.20143796503543854 1819
1780864422043 0.27179935574531555 1820
1780864422047 0.36430761218070984 1821
1780864422051 0.3471137583255768 1822
1780864422055 0.34884825348854065 1823
1780864422058 0.26567840576171875 1824
1780864422061 0.08589690923690796 1825
1780864422064 0.18984505534172058 1826
1780864422069 0.4661044776439667 1827
1780864422072 0.455116868019104 1828
1780864422075 0.2406539022922516 1829
1780864422078 0.29033970832824707 1830
1780864422082 0.30637696385383606 1831
1780864422086 0.31469765305519104 1832
1780864422089 0.23048029839992523 1833
1780864422092 0.30252090096473694 1834
1780864422096 0.47227364778518677 1835
1780864422099 0.20557567477226257 1836
1780864422102 0.5045515298843384 1837
1780864422105 0.31907010078430176 1838
1780864422109 0.26037782430648804 1839
1780864422112 0.3061021566390991 1840
1780864422115 0.1510641872882843 1841
1780864422119 0.19982606172561646 1842
1780864422122 0.3517480492591858 1843
1780864422125 0.5073991417884827 1844
1780864422127 0.7568848133087158 1845
1780864422132 0.44146406650543213 1846
1780864422136 0.5963073372840881 1847
1780864422139 0.15665625035762787 1848
1780864422142 0.2783558964729309 1849
1780864422144 0.2511236369609833 1850
1780864422148 0.6257559657096863 1851
1780864422152 0.23101714253425598 1852
1780864422155 0.37359264492988586 1853
1780864422159 0.2056107372045517 1854
1780864422162 0.6148281693458557 1855
1780864422164 0.5288906097412109 1856
1780864422168 0.3353557586669922 1857
1780864422171 0.2875393331050873 1858
1780864422173 0.2213701456785202 1859
1780864422176 0.2230122834444046 1860
1780864422179 0.2810125946998596 1861
1780864422182 0.363272488117218 1862
1780864422185 0.2641560733318329 1863
1780864422188 0.2705395221710205 1864
1780864422191 0.2619180977344513 1865
1780864422193 0.3401864171028137 1866
1780864422196 0.31389665603637695 1867
1780864422199 0.2594588100910187 1868
1780864422201 0.47634902596473694 1869
1780864422204 0.4212857782840729 1870
1780864422207 0.3350963294506073 1871
1780864422210 0.41075053811073303 1872
1780864422212 0.2265191674232483 1873
1780864422381 0.2222885638475418 1874
1780864422384 0.35306864976882935 1875
1780864422387 0.2739552855491638 1876
1780864422390 0.37467870116233826 1877
1780864422392 0.4451671838760376 1878
1780864422395 0.17671731114387512 1879
1780864422398 0.2843966484069824 1880
1780864422401 0.43764999508857727 1881
1780864422404 0.3229938745498657 1882
1780864422408 0.2447209656238556 1883
1780864422410 0.2342258095741272 1884
1780864422413 0.2827070653438568 1885
1780864422416 0.2089385688304901 1886
1780864422419 0.12337801605463028 1887
1780864422422 0.28482961654663086 1888
1780864422425 0.10050327330827713 1889
1780864422428 0.44130608439445496 1890
1780864422430 0.20633552968502045 1891
1780864422435 0.36232617497444153 1892
1780864422450 0.1654064804315567 1893
1780864422453 0.29252132773399353 1894
1780864422456 0.3202124238014221 1895
1780864422459 0.25501060485839844 1896
1780864422462 0.383514404296875 1897
1780864422464 0.4141368269920349 1898
1780864422468 0.2775971293449402 1899
1780864422472 0.3730054497718811 1900
1780864422475 0.27187758684158325 1901
1780864422477 0.23025290668010712 1902
1780864422480 0.49174776673316956 1903
1780864422482 0.3341541290283203 1904
1780864422485 0.24212627112865448 1905
1780864422488 0.27920955419540405 1906
1780864422491 0.17479459941387177 1907
1780864422494 0.26102128624916077 1908
1780864422496 0.2879040241241455 1909
1780864422499 0.20437631011009216 1910
1780864422502 0.13804343342781067 1911
1780864422504 0.13802208006381989 1912
1780864422507 0.13284486532211304 1913
1780864422510 0.2838728725910187 1914
1780864422514 0.3526061475276947 1915
1780864422519 0.23842114210128784 1916
1780864422522 0.4046211540699005 1917
1780864422524 0.18111445009708405 1918
1780864422527 0.15889842808246613 1919
1780864422530 0.23582443594932556 1920
1780864422532 0.18318745493888855 1921
1780864422535 0.5524568557739258 1922
1780864422538 0.4148368835449219 1923
1780864422541 0.41372090578079224 1924
1780864422543 0.44059666991233826 1925
1780864422546 0.336995929479599 1926
1780864422549 0.4926002025604248 1927
1780864422553 0.22388862073421478 1928
1780864422556 0.19184258580207825 1929
1780864422559 0.29190364480018616 1930
1780864422561 0.1435312181711197 1931
1780864422564 0.4003508687019348 1932
1780864422567 0.36644870042800903 1933
1780864422570 0.42641106247901917 1934
1780864422574 0.38013848662376404 1935
1780864422576 0.5343450307846069 1936
1780864422579 0.3729097843170166 1937
1780864422582 0.24898052215576172 1938
1780864422585 0.3143026828765869 1939
1780864422588 0.5175028443336487 1940
1780864422590 0.2766437530517578 1941
1780864422593 0.200067400932312 1942
1780864422596 0.313903272151947 1943
1780864422599 0.48835915327072144 1944
1780864422602 0.36160019040107727 1945
1780864422604 0.19802206754684448 1946
1780864422607 0.1895037740468979 1947
1780864422610 0.25225281715393066 1948
1780864422612 0.4135267436504364 1949
1780864422615 0.2651638984680176 1950
1780864422618 0.47050321102142334 1951
1780864422621 0.34033408761024475 1952
1780864422624 0.29758673906326294 1953
1780864422626 0.48390910029411316 1954
1780864422629 0.2397722452878952 1955
1780864422632 0.27711835503578186 1956
1780864422634 0.4968300759792328 1957
1780864422637 0.4181975722312927 1958
1780864422640 0.3292343318462372 1959
1780864422642 0.1928916573524475 1960
1780864422645 0.18540480732917786 1961
1780864422647 0.24264176189899445 1962
1780864422650 0.31340137124061584 1963
1780864422653 0.4330952763557434 1964
1780864422656 0.2063639760017395 1965
1780864422659 0.31183624267578125 1966
1780864422662 0.15908285975456238 1967
1780864422665 0.39278751611709595 1968
1780864422667 0.3136289119720459 1969
1780864422670 0.16581661999225616 1970
1780864422674 0.18867629766464233 1971
1780864422677 0.11350812762975693 1972
1780864422680 0.4579744040966034 1973
1780864422682 0.3318619132041931 1974
1780864422685 0.37352511286735535 1975
1780864422688 0.17677339911460876 1976
1780864422691 0.4343167543411255 1977
1780864422693 0.20361752808094025 1978
1780864422696 0.2564900517463684 1979
1780864422698 0.47291436791419983 1980
1780864422701 0.30669212341308594 1981
1780864422704 0.18742825090885162 1982
1780864422707 0.4903264343738556 1983
1780864422709 0.26965397596359253 1984
1780864422712 0.41120654344558716 1985
1780864422715 0.10886014252901077 1986
1780864422718 0.3017151951789856 1987
1780864422720 0.30010703206062317 1988
1780864422724 0.3053218424320221 1989
1780864422727 0.32891637086868286 1990
1780864422730 0.21662253141403198 1991
1780864422732 0.4326401650905609 1992
1780864422735 0.2865073084831238 1993
1780864422738 0.33065134286880493 1994
1780864422741 0.20903334021568298 1995
1780864422743 0.2749035656452179 1996
1780864422746 0.3539494574069977 1997
1780864422748 0.34848538041114807 1998
1780864422751 0.248652383685112 1999
1780864422754 0.17400608956813812 2000
1780864422757 0.27024465799331665 2001
1780864422760 0.2615092396736145 2002
1780864422763 0.39643463492393494 2003
1780864422765 0.49903273582458496 2004
1780864422768 0.34536582231521606 2005
1780864422771 0.345366895198822 2006
1780864422774 0.4417572319507599 2007
1780864422777 0.322493314743042 2008
1780864422779 0.18068917095661163 2009
1780864422782 0.20041388273239136 2010
1780864422785 0.23387649655342102 2011
1780864422788 0.33190977573394775 2012
1780864422790 0.5067083835601807 2013
1780864422794 0.4434775710105896 2014
1780864422797 0.48703721165657043 2015
1780864422799 0.3347013294696808 2016
1780864422802 0.2957906723022461 2017
1780864422804 0.37914156913757324 2018
1780864422807 0.4710131585597992 2019
1780864422810 0.25914695858955383 2020
1780864422813 0.2903743386268616 2021
1780864422815 0.3830374777317047 2022
1780864422818 0.19968701899051666 2023
1780864422822 0.1458316445350647 2024
1780864422825 0.4165673851966858 2025
1780864422827 0.19745513796806335 2026
1780864422830 0.39640676975250244 2027
1780864422832 0.38428473472595215 2028
1780864422835 0.3368532359600067 2029
1780864422838 0.3298059105873108 2030
1780864422841 0.25763386487960815 2031
1780864422843 0.33477887511253357 2032
1780864422845 0.31956297159194946 2033
1780864422848 0.22116908431053162 2034
1780864422850 0.235695943236351 2035
1780864422853 0.1920156627893448 2036
1780864422857 0.25430163741111755 2037
1780864422859 0.3542393445968628 2038
1780864422862 0.4704137146472931 2039
1780864422865 0.24300755560398102 2040
1780864422867 0.1640728861093521 2041
1780864422870 0.30944642424583435 2042
1780864422873 0.44219306111335754 2043
1780864422875 0.4440072476863861 2044
1780864422878 0.23161309957504272 2045
1780864422881 0.27292072772979736 2046
1780864422884 0.27064603567123413 2047
1780864422887 0.1947668194770813 2048
1780864422890 0.31283584237098694 2049
1780864422893 0.24811460077762604 2050
1780864422896 0.5651333332061768 2051
1780864422898 0.5083014965057373 2052
1780864422902 0.43811720609664917 2053
1780864422905 0.3012267053127289 2054
1780864422907 0.28513631224632263 2055
1780864422910 0.7146344780921936 2056
1780864422913 0.29161524772644043 2057
1780864422916 0.38951587677001953 2058
1780864422918 0.3543751537799835 2059
1780864422922 0.21932217478752136 2060
1780864422925 0.4360066056251526 2061
1780864422928 0.6181854605674744 2062
1780864422931 0.45019835233688354 2063
1780864422933 0.3481788635253906 2064
1780864422936 0.31819087266921997 2065
1780864422939 0.22152172029018402 2066
1780864422942 0.3664112091064453 2067
1780864422944 0.37858203053474426 2068
1780864422947 0.26435503363609314 2069
1780864422950 0.16612878441810608 2070
1780864422952 0.2815752923488617 2071
1780864422955 0.3101342022418976 2072
1780864422958 0.3806529939174652 2073
1780864422960 0.40537139773368835 2074
1780864422963 0.28299465775489807 2075
1780864422966 0.278352290391922 2076
1780864422969 0.39402449131011963 2077
1780864422972 0.498645544052124 2078
1780864422975 0.3481954336166382 2079
1780864422978 0.3015517592430115 2080
1780864422983 0.33047086000442505 2081
1780864422985 0.1016339585185051 2082
1780864422989 0.14011844992637634 2083
1780864422992 0.3299356698989868 2084
1780864422994 0.3164456784725189 2085
1780864422997 0.22037126123905182 2086
1780864423001 0.24272121489048004 2087
1780864423004 0.461904913187027 2088
1780864423007 0.37890857458114624 2089
1780864423010 0.32255062460899353 2090
1780864423013 0.6037755012512207 2091
1780864423015 0.3585642874240875 2092
1780864423018 0.3777049779891968 2093
1780864423021 0.5708727240562439 2094
1780864423025 0.18558382987976074 2095
1780864423027 0.23808446526527405 2096
1780864423030 0.4830522835254669 2097
1780864423033 0.23679053783416748 2098
1780864423036 0.40192505717277527 2099
1780864423040 0.2992057204246521 2100
1780864423042 0.29882389307022095 2101
1780864423045 0.3423319458961487 2102
1780864423047 0.1941056102514267 2103
1780864423051 0.35081747174263 2104
1780864423054 0.40397948026657104 2105
1780864423057 0.31781405210494995 2106
1780864423059 0.2930276393890381 2107
1780864423063 0.2570236623287201 2108
1780864423066 0.596121609210968 2109
1780864423069 0.13722287118434906 2110
1780864423072 0.29170507192611694 2111
1780864423075 0.24729463458061218 2112
1780864423078 0.5005320906639099 2113
1780864423080 0.3260687589645386 2114
1780864423083 0.279153048992157 2115
1780864423086 0.34917059540748596 2116
1780864423088 0.20856426656246185 2117
1780864423091 0.3636356592178345 2118
1780864423597 0.49704962968826294 2119
1780864423599 0.42364218831062317 2120
1780864423602 0.28359636664390564 2121
1780864423604 0.5089021325111389 2122
1780864423608 0.3996334373950958 2123
1780864423610 0.31932029128074646 2124
1780864423613 0.2416815608739853 2125
1780864423615 0.25634920597076416 2126
1780864423618 0.2288486510515213 2127
1780864423621 0.14810426533222198 2128
1780864423624 0.28926578164100647 2129
1780864423627 0.2722383141517639 2130
1780864423629 0.3300993740558624 2131
1780864423632 0.27165308594703674 2132
1780864423635 0.45933568477630615 2133
1780864423637 0.2898285686969757 2134
1780864423640 0.2128404825925827 2135
1780864423643 0.2872931957244873 2136
1780864423646 0.4921337962150574 2137
1780864423648 0.48209017515182495 2138
1780864423651 0.150197833776474 2139
1780864423654 0.3441139757633209 2140
1780864423656 0.20900452136993408 2141
1780864423660 0.2952550947666168 2142
1780864423662 0.47103646397590637 2143
1780864423665 0.3143405616283417 2144
1780864423668 0.32928362488746643 2145
1780864423671 0.42460229992866516 2146
1780864423674 0.45339807868003845 2147
1780864423677 0.22515814006328583 2148
1780864423680 0.30972740054130554 2149
1780864423682 0.3316118121147156 2150
1780864423685 0.22896762192249298 2151
1780864423688 0.3939521908760071 2152
1780864423691 0.1739056408405304 2153
1780864423694 0.3343394994735718 2154
1780864423696 0.27799665927886963 2155
1780864423699 0.28949782252311707 2156
1780864423702 0.268276572227478 2157
1780864423704 0.31176429986953735 2158
1780864423707 0.3879886865615845 2159
1780864423710 0.3903442919254303 2160
1780864423713 0.4983239471912384 2161
1780864423715 0.31622669100761414 2162
1780864423718 0.35505056381225586 2163
1780864423721 0.391456663608551 2164
1780864423724 0.3501475751399994 2165
1780864423727 0.2873478829860687 2166
1780864423730 0.42695796489715576 2167
1780864423732 0.27678805589675903 2168
1780864423735 0.37026557326316833 2169
1780864423738 0.4477851092815399 2170
1780864423741 0.28156206011772156 2171
1780864423744 0.331082284450531 2172
1780864423746 0.3032737076282501 2173
1780864423749 0.3989807069301605 2174
1780864423752 0.4080919027328491 2175
1780864423754 0.33497434854507446 2176
1780864423757 0.3119889497756958 2177
1780864423760 0.38502004742622375 2178
1780864423763 0.45138710737228394 2179
1780864423766 0.28912118077278137 2180
1780864423768 0.3628958463668823 2181
1780864423771 0.36964717507362366 2182
1780864423774 0.524704098701477 2183
1780864423777 0.33842653036117554 2184
1780864423779 0.18460330367088318 2185
1780864423782 0.5573071837425232 2186
1780864423785 0.13036958873271942 2187
1780864423788 0.19773969054222107 2188
1780864423790 0.2863015830516815 2189
1780864423793 0.2795690596103668 2190
1780864423796 0.18655578792095184 2191
1780864423799 0.16930775344371796 2192
1780864423801 0.173129141330719 2193
1780864423804 0.2141035795211792 2194
1780864423806 0.34210532903671265 2195
1780864423809 0.3485431969165802 2196
1780864423811 0.3038407266139984 2197
1780864423814 0.3754385709762573 2198
1780864423817 0.16236717998981476 2199
1780864423820 0.41460463404655457 2200
1780864423822 0.45777004957199097 2201
1780864423825 0.2337726503610611 2202
1780864423828 0.3541412949562073 2203
1780864423831 0.3066672682762146 2204
1780864423834 0.18055260181427002 2205
1780864423837 0.3046615421772003 2206
1780864423840 0.1510312706232071 2207
1780864423843 0.37732985615730286 2208
1780864423846 0.19220533967018127 2209
1780864423849 0.2912519574165344 2210
1780864423851 0.28865793347358704 2211
1780864423854 0.443453311920166 2212
1780864423857 0.21627303957939148 2213
1780864423861 0.17612674832344055 2214
1780864423863 0.16701415181159973 2215
1780864423866 0.14176508784294128 2216
1780864423868 0.2165144979953766 2217
1780864423871 0.39025673270225525 2218
1780864423874 0.4993170499801636 2219
1780864423877 0.22677330672740936 2220
1780864423881 0.177358016371727 2221
1780864423885 0.48993775248527527 2222
1780864423887 0.17705129086971283 2223
1780864423890 0.3015340268611908 2224
1780864423893 0.3153042197227478 2225
1780864423897 0.321902871131897 2226
1780864423899 0.29503333568573 2227
1780864423902 0.20379120111465454 2228
1780864423905 0.2309790998697281 2229
1780864423908 0.2510608732700348 2230
1780864423911 0.5560474395751953 2231
1780864423913 0.4445922374725342 2232
1780864423916 0.35665658116340637 2233
1780864423918 0.22369085252285004 2234
1780864423921 0.2744891345500946 2235
1780864423924 0.151144877076149 2236
1780864423927 0.18440265953540802 2237
1780864423929 0.25621652603149414 2238
1780864423932 0.35542821884155273 2239
1780864423935 0.31064093112945557 2240
1780864423937 0.23194727301597595 2241
1780864423940 0.28292620182037354 2242
1780864423944 0.24505122005939484 2243
1780864423947 0.13714219629764557 2244
1780864423950 0.19414721429347992 2245
1780864423953 0.2467115819454193 2246
1780864423956 0.2575247883796692 2247
1780864423961 0.4220094680786133 2248
1780864423963 0.37751078605651855 2249
1780864423966 0.5497467517852783 2250
1780864423969 0.2917126715183258 2251
1780864423972 0.43260788917541504 2252
1780864423976 0.15630093216896057 2253
1780864423981 0.23902593553066254 2254
1780864423984 0.3416616916656494 2255
1780864423987 0.30869829654693604 2256
1780864423990 0.18326565623283386 2257
1780864423994 0.23088493943214417 2258
1780864423998 0.14283666014671326 2259
1780864424001 0.5007180571556091 2260
1780864424005 0.22827664017677307 2261
1780864424007 0.21360641717910767 2262
1780864424012 0.3158295750617981 2263
1780864424015 0.192740336060524 2264
1780864424017 0.15893755853176117 2265
1780864424020 0.29726725816726685 2266
1780864424023 0.30534520745277405 2267
1780864424028 0.45103564858436584 2268
1780864424031 0.24948443472385406 2269
1780864424034 0.21715815365314484 2270
1780864424037 0.4648594856262207 2271
1780864424040 0.4144408404827118 2272
1780864424043 0.4251660704612732 2273
1780864424047 0.3574446439743042 2274
1780864424051 0.2540322542190552 2275
1780864424054 0.2177146077156067 2276
1780864424058 0.21885427832603455 2277
1780864424061 0.26000943779945374 2278
1780864424065 0.24043035507202148 2279
1780864424069 0.2816005349159241 2280
1780864424073 0.38003671169281006 2281
1780864424076 0.3123529553413391 2282
1780864424079 0.45789632201194763 2283
1780864424083 0.4290144741535187 2284
1780864424086 0.23019665479660034 2285
1780864424089 0.3814884424209595 2286
1780864424092 0.25566884875297546 2287
1780864424096 0.2334742397069931 2288
1780864424098 0.4918268322944641 2289
1780864424102 0.20764495432376862 2290
1780864424106 0.2979845106601715 2291
1780864424108 0.11328597366809845 2292
1780864424111 0.30664876103401184 2293
1780864424114 0.310862272977829 2294
1780864424117 0.3148290514945984 2295
1780864424120 0.23926763236522675 2296
1780864424123 0.17570608854293823 2297
1780864424126 0.4729354977607727 2298
1780864424129 0.11418844759464264 2299
1780864424132 0.34462764859199524 2300
1780864424135 0.2514008581638336 2301
1780864424139 0.14516706764698029 2302
1780864424142 0.2733097970485687 2303
1780864424145 0.4120064973831177 2304
1780864424149 0.3140278458595276 2305
1780864424152 0.275665283203125 2306
1780864424154 0.19517873227596283 2307
1780864424157 0.3635382056236267 2308
1780864424160 0.3019196689128876 2309
1780864424164 0.15600688755512238 2310
1780864424168 0.6348140239715576 2311
1780864424171 0.11262505501508713 2312
1780864424174 0.4851921796798706 2313
1780864424177 0.44830355048179626 2314
1780864424181 0.35842347145080566 2315
1780864424185 0.2661430537700653 2316
1780864424188 0.5777587294578552 2317
1780864424191 0.6568377614021301 2318
1780864424195 0.3374934494495392 2319
1780864424198 0.6061820983886719 2320
1780864424201 0.27645453810691833 2321
1780864424204 0.36726829409599304 2322
1780864424207 0.2534101903438568 2323
1780864424210 0.363271564245224 2324
1780864424213 0.24865230917930603 2325
1780864424216 0.40991392731666565 2326
1780864424219 0.2878991663455963 2327
1780864424221 0.3130016624927521 2328
1780864424225 0.2844473421573639 2329
1780864424228 0.45633283257484436 2330
1780864424231 0.5267814993858337 2331
1780864424234 0.2510630786418915 2332
1780864424236 0.25518882274627686 2333
1780864424239 0.32843583822250366 2334
1780864424243 0.16365814208984375 2335
1780864424246 0.13297176361083984 2336
1780864424250 0.415702223777771 2337
1780864424255 0.3487907946109772 2338
1780864424258 0.20367087423801422 2339
1780864424262 0.15753431618213654 2340
1780864424265 0.17520585656166077 2341
1780864424268 0.34629738330841064 2342
1780864424271 0.30561238527297974 2343
1780864424273 0.3228254020214081 2344
1780864424277 0.21190841495990753 2345
1780864424281 0.38481125235557556 2346
1780864424284 0.26969456672668457 2347
1780864424287 0.26102524995803833 2348
1780864424291 0.17471759021282196 2349
1780864424295 0.33926504850387573 2350
1780864424298 0.31093525886535645 2351
1780864424301 0.38827940821647644 2352
1780864424304 0.11322397738695145 2353
1780864424307 0.1451706886291504 2354
1780864424310 0.22785070538520813 2355
1780864424313 0.26586055755615234 2356
1780864424316 0.19340120255947113 2357
1780864424319 0.2057463824748993 2358
1780864424322 0.4451977610588074 2359
1780864424326 0.11238116770982742 2360
1780864424329 0.3375767171382904 2361
1780864424332 0.8855495452880859 2362
1780864424335 0.15311993658542633 2363
1780864424338 0.27998119592666626 2364
1780864424342 0.3579748570919037 2365
1780864424346 0.20306915044784546 2366
1780864424349 0.4184781312942505 2367
1780864424352 0.1817779242992401 2368
1780864424357 0.19557178020477295 2369
1780864424361 0.2536022961139679 2370
1780864424365 0.4630495309829712 2371
1780864424368 0.3196691870689392 2372
1780864424372 0.40977779030799866 2373
1780864424376 0.21650391817092896 2374
1780864424379 0.43589404225349426 2375
1780864424383 0.39665019512176514 2376
1780864424386 0.20886364579200745 2377
1780864424389 0.26487696170806885 2378
1780864424393 0.4059184491634369 2379
1780864424397 0.27422693371772766 2380
1780864424400 0.19049043953418732 2381
1780864424403 0.3121911883354187 2382
1780864424406 0.31944704055786133 2383
1780864424410 0.26113730669021606 2384
1780864424413 0.42139139771461487 2385
1780864424417 0.27912235260009766 2386
1780864424420 0.27909088134765625 2387
1780864424423 0.25513842701911926 2388
1780864424426 0.24991554021835327 2389
1780864424430 0.363832026720047 2390
1780864424434 0.19202156364917755 2391
1780864424437 0.5411142110824585 2392
1780864424440 0.33725911378860474 2393
1780864424445 0.4580737352371216 2394
1780864424448 0.3807245194911957 2395
1780864424453 0.24180364608764648 2396
1780864424456 0.2237567901611328 2397
1780864424459 0.3742207884788513 2398
1780864424462 0.1981903314590454 2399
1780864424465 0.4145439565181732 2400
1780864424468 0.2092665582895279 2401
1780864424471 0.29432982206344604 2402
1780864424474 0.28982099890708923 2403
1780864424478 0.5311117768287659 2404
1780864424482 0.19008731842041016 2405
1780864424485 0.13562193512916565 2406
1780864424489 0.2642909586429596 2407
1780864424493 0.14633247256278992 2408
1780864424497 0.3218189477920532 2409
1780864424500 0.2220088243484497 2410
1780864424504 0.3862297832965851 2411
1780864424507 0.1290029138326645 2412
1780864424511 0.22255545854568481 2413
1780864424514 0.2714526057243347 2414
1780864424517 0.10027192533016205 2415
1780864424521 0.4122098684310913 2416
1780864424524 0.3996082842350006 2417
1780864424527 0.3699902892112732 2418
1780864424530 0.365414023399353 2419
1780864424533 0.2976530194282532 2420
1780864424536 0.3284953534603119 2421
1780864424539 0.33547264337539673 2422
1780864424543 0.3223879039287567 2423
1780864424546 0.28414228558540344 2424
1780864424549 0.35784193873405457 2425
1780864424553 0.2888749837875366 2426
1780864424556 0.18834543228149414 2427
1780864424559 0.41814303398132324 2428
1780864424562 0.17340826988220215 2429
1780864424564 0.42475324869155884 2430
1780864424567 0.15867507457733154 2431
1780864424570 0.15846671164035797 2432
1780864424573 0.31644153594970703 2433
1780864424576 0.4833154082298279 2434
1780864424579 0.4066978394985199 2435
1780864424582 0.3843422830104828 2436
1780864424586 0.29900461435317993 2437
1780864424589 0.21306034922599792 2438
1780864424592 0.20015953481197357 2439
1780864424595 0.3148232102394104 2440
1780864424598 0.297635018825531 2441
1780864424601 0.18972156941890717 2442
1780864424604 0.24790452420711517 2443
1780864424607 0.3997197449207306 2444
1780864424610 0.44851401448249817 2445
1780864424613 0.487296998500824 2446
1780864424616 0.1971900910139084 2447
1780864424619 0.1330314725637436 2448
1780864424622 0.3574373722076416 2449
1780864424625 0.3631083071231842 2450
1780864424628 0.19284550845623016 2451
1780864424631 0.26797664165496826 2452
1780864424634 0.46655118465423584 2453
1780864424637 0.14105430245399475 2454
1780864424640 0.2434035688638687 2455
1780864424643 0.2056369185447693 2456
1780864424646 0.11165709048509598 2457
1780864424649 0.35387495160102844 2458
1780864424652 0.31676846742630005 2459
1780864424654 0.17594793438911438 2460
1780864424657 0.2116185575723648 2461
1780864424660 0.3519851267337799 2462
1780864424663 0.34524476528167725 2463
1780864424666 0.39352190494537354 2464
1780864424668 0.18821720778942108 2465
1780864424671 0.19096140563488007 2466
1780864424673 0.3394477963447571 2467
1780864424676 0.16457855701446533 2468
1780864424679 0.3049001693725586 2469
1780864424682 0.1983206421136856 2470
1780864424684 0.35496219992637634 2471
1780864424687 0.5483911037445068 2472
1780864424689 0.46417346596717834 2473
1780864424693 0.17737960815429688 2474
1780864424695 0.19224372506141663 2475
1780864424698 0.2364932745695114 2476
1780864424701 0.3804137706756592 2477
1780864424704 0.450930118560791 2478
1780864424707 0.2773968577384949 2479
1780864424709 0.3085705041885376 2480
1780864424712 0.2940730154514313 2481
1780864424715 0.2731560170650482 2482
1780864424717 0.16376568377017975 2483
1780864424720 0.29417115449905396 2484
1780864424723 0.24927547574043274 2485
1780864424725 0.28336086869239807 2486
1780864424730 0.35509270429611206 2487
1780864424735 0.16671226918697357 2488
1780864424738 0.28045687079429626 2489
1780864424742 0.2897365093231201 2490
1780864424746 0.35477569699287415 2491
1780864424750 0.6033423542976379 2492
1780864424754 0.23702198266983032 2493
1780864424759 0.24585679173469543 2494
1780864424763 0.28083059191703796 2495
1780864424767 0.30947235226631165 2496
1780864424770 0.21351878345012665 2497
1780864424774 0.25095587968826294 2498
1780864424777 0.37546485662460327 2499
1780864424782 0.27439364790916443 2500
1780864424787 0.2111680805683136 2501
1780864424790 0.4174458682537079 2502
1780864424793 0.4126240909099579 2503
1780864424797 0.2657601237297058 2504
1780864424801 0.21738874912261963 2505
1780864424805 0.3881702125072479 2506
1780864424808 0.40174174308776855 2507
1780864424813 0.24988672137260437 2508
1780864424816 0.1578318178653717 2509
1780864424820 0.2753685414791107 2510
1780864424823 0.4117390513420105 2511
1780864424826 0.21286289393901825 2512
1780864424829 0.49783840775489807 2513
1780864424832 0.14698944985866547 2514
1780864424836 0.6032275557518005 2515
1780864424839 0.4971816837787628 2516
1780864424843 0.43449974060058594 2517
1780864424847 0.504858672618866 2518
1780864424851 0.28897354006767273 2519
1780864424855 0.4895600974559784 2520
1780864424858 0.26760271191596985 2521
1780864424861 0.31740444898605347 2522
1780864424864 0.12030769884586334 2523
1780864424868 0.22632631659507751 2524
1780864424872 0.2166055142879486 2525
1780864424875 0.2443866729736328 2526
1780864424878 0.2807917594909668 2527
1780864424881 0.3404086232185364 2528
1780864424884 0.44992193579673767 2529
1780864424887 0.32082244753837585 2530
1780864424890 0.4131726622581482 2531
1780864424894 0.3217858076095581 2532
1780864424896 0.13291826844215393 2533
1780864424899 0.30601999163627625 2534
1780864424902 0.4386223554611206 2535
1780864424905 0.5055500268936157 2536
1780864424907 0.23845215141773224 2537
1780864424910 0.1689542979001999 2538
1780864424915 0.2980005443096161 2539
1780864424918 0.41138121485710144 2540
1780864424921 0.3637007772922516 2541
1780864424924 0.3988569378852844 2542
1780864424927 0.20878642797470093 2543
1780864424931 0.34772801399230957 2544
1780864424935 0.3405720293521881 2545
1780864424939 0.18392477929592133 2546
1780864424942 0.1448293924331665 2547
1780864424945 0.40744686126708984 2548
1780864424948 0.2391171008348465 2549
1780864424951 0.3513396978378296 2550
1780864424954 0.14663822948932648 2551
1780864424957 0.2735363245010376 2552
1780864424962 0.5453779697418213 2553
1780864424966 0.1505535989999771 2554
1780864424970 0.39490458369255066 2555
1780864424973 0.2097070813179016 2556
1780864424976 0.09071429818868637 2557
1780864424979 0.2719535827636719 2558
1780864424982 0.3787352740764618 2559
1780864424985 0.3444092869758606 2560
1780864424987 0.1450653374195099 2561
1780864424990 0.2720598578453064 2562
1780864424995 0.2364017218351364 2563
1780864424997 0.41297656297683716 2564
1780864425001 0.09621752798557281 2565
1780864425004 0.3329869210720062 2566
1780864425006 0.40712276101112366 2567
1780864425009 0.16967308521270752 2568
1780864425012 0.10906648635864258 2569
1780864425014 0.13120289146900177 2570
1780864425017 0.33122706413269043 2571
1780864425020 0.5538386106491089 2572
1780864425023 0.4755890369415283 2573
1780864425025 0.284575492143631 2574
1780864425028 0.37934911251068115 2575
1780864425031 0.5338565707206726 2576
1780864425034 0.3840707838535309 2577
1780864425037 0.1436590999364853 2578
1780864425040 0.33542200922966003 2579
1780864425043 0.4970455467700958 2580
1780864425046 0.3220917284488678 2581
1780864425049 0.41689541935920715 2582
1780864425052 0.41111406683921814 2583
1780864425055 0.278721421957016 2584
1780864425057 0.32464107871055603 2585
1780864425060 0.3779849112033844 2586
1780864425063 0.34838658571243286 2587
1780864425066 0.4813252091407776 2588
1780864425069 0.18725530803203583 2589
1780864425072 0.4868971109390259 2590
1780864425074 0.20461364090442657 2591
1780864425078 0.34289851784706116 2592
1780864425082 0.28774628043174744 2593
1780864425085 0.19175013899803162 2594
1780864425088 0.27361050248146057 2595
1780864425091 0.2431069314479828 2596
1780864425094 0.25913384556770325 2597
1780864425097 0.36864250898361206 2598
1780864425100 0.22705931961536407 2599
1780864425102 0.324616014957428 2600
1780864425105 0.31573110818862915 2601
1780864425108 0.15098780393600464 2602
1780864425111 0.38650229573249817 2603
1780864425113 0.4109499454498291 2604
1780864425116 0.24240921437740326 2605
1780864425119 0.3600134253501892 2606
1780864425121 0.2799219489097595 2607
1780864425124 0.11095581948757172 2608
1780864425127 0.39344778656959534 2609
1780864425130 0.3437986373901367 2610
1780864425132 0.11076769977807999 2611
1780864425135 0.21432015299797058 2612
1780864425139 0.41441017389297485 2613
1780864425141 0.3057979643344879 2614
1780864425144 0.10407853126525879 2615
1780864425147 0.12776489555835724 2616
1780864425149 0.41842085123062134 2617
1780864425152 0.2848757207393646 2618
1780864425155 0.3729369640350342 2619
1780864425157 0.49354130029678345 2620
1780864425160 0.28894707560539246 2621
1780864425163 0.31915542483329773 2622
1780864425166 0.26603808999061584 2623
1780864425168 0.3466326594352722 2624
1780864425171 0.2716861367225647 2625
1780864425174 0.47309112548828125 2626
1780864425176 0.11050445586442947 2627
1780864425179 0.4645456075668335 2628
1780864425182 0.30216726660728455 2629
1780864425185 0.47053489089012146 2630
1780864425188 0.16611264646053314 2631
1780864425190 0.4299185574054718 2632
1780864425193 0.4041673243045807 2633
1780864425196 0.17362603545188904 2634
1780864425198 0.2186848223209381 2635
1780864425201 0.28997206687927246 2636
1780864425204 0.41260042786598206 2637
1780864425206 0.3441539406776428 2638
1780864425209 0.2546130120754242 2639
1780864425212 0.3674836754798889 2640
1780864425214 0.24360200762748718 2641
1780864425217 0.3285943567752838 2642
1780864425220 0.42990559339523315 2643
1780864425222 0.2743344008922577 2644
1780864425225 0.27958518266677856 2645
1780864425227 0.31659144163131714 2646
1780864425230 0.3177700936794281 2647
1780864425233 0.21658514440059662 2648
1780864425236 0.32012540102005005 2649
1780864425238 0.2201051414012909 2650
1780864425241 0.20789243280887604 2651
1780864425244 0.5112512707710266 2652
1780864425247 0.3650975525379181 2653
1780864425249 0.24795062839984894 2654
1780864425252 0.2765500545501709 2655
1780864425255 0.24093769490718842 2656
1780864425258 0.44431912899017334 2657
1780864425261 0.22242753207683563 2658
1780864425263 0.18059690296649933 2659
1780864425266 0.2337508201599121 2660
1780864425269 0.5362192988395691 2661
1780864425272 0.3384580910205841 2662
1780864425274 0.20238567888736725 2663
1780864425277 0.20438237488269806 2664
1780864425280 0.14860638976097107 2665
1780864425282 0.3423919677734375 2666
1780864425285 0.33141884207725525 2667
1780864425289 0.16090279817581177 2668
1780864425292 0.24180682003498077 2669
1780864425294 0.3140638768672943 2670
1780864425297 0.25216782093048096 2671
1780864425299 0.3918621242046356 2672
1780864425303 0.404874324798584 2673
1780864425306 0.4161766469478607 2674
1780864425308 0.851211667060852 2675
1780864425311 0.3674396276473999 2676
1780864425314 0.3974445164203644 2677
1780864425316 0.4515666961669922 2678
1780864425320 0.31828975677490234 2679
1780864425323 0.26302096247673035 2680
1780864425325 0.2687116265296936 2681
1780864425328 0.2607767879962921 2682
1780864425331 0.3523945212364197 2683
1780864425333 0.30216482281684875 2684
1780864425337 0.5041617155075073 2685
1780864425340 0.4627901613712311 2686
1780864425343 0.2731182873249054 2687
1780864425345 0.3399577736854553 2688
1780864425348 0.21669094264507294 2689
1780864425351 0.41493332386016846 2690
1780864425353 0.30017632246017456 2691
1780864425356 0.14802250266075134 2692
1780864425359 0.34784576296806335 2693
1780864425362 0.4098967909812927 2694
1780864425365 0.2125108242034912 2695
1780864425367 0.21710926294326782 2696
1780864425370 0.32285091280937195 2697
1780864425373 0.14927448332309723 2698
1780864425375 0.3207802176475525 2699
1780864425378 0.20044845342636108 2700
1780864425381 0.21839964389801025 2701
1780864425383 0.3196524381637573 2702
1780864425386 0.3702530264854431 2703
1780864425389 0.2654719948768616 2704
1780864425392 0.3336055874824524 2705
1780864425394 0.4642001688480377 2706
1780864425397 0.28159892559051514 2707
1780864425400 0.1031629666686058 2708
1780864425402 0.30986544489860535 2709
1780864425405 0.13276971876621246 2710
1780864425408 0.21176791191101074 2711
1780864425410 0.2647881805896759 2712
1780864425413 0.47646185755729675 2713
1780864425416 0.2177847921848297 2714
1780864425420 0.2689976096153259 2715
1780864425422 0.1738651692867279 2716
1780864425425 0.4334770739078522 2717
1780864425428 0.3536059260368347 2718
1780864425430 0.47921207547187805 2719
1780864425433 0.22259512543678284 2720
1780864425436 0.2688228487968445 2721
1780864425439 0.24578163027763367 2722
1780864425442 0.276834100484848 2723
1780864425444 0.1957402229309082 2724
1780864425447 0.25610578060150146 2725
1780864425449 0.3974790871143341 2726
1780864425452 0.418796569108963 2727
1780864425454 0.4907105565071106 2728
1780864425457 0.3059466779232025 2729
1780864425460 0.5050212740898132 2730
1780864425464 0.36313825845718384 2731
1780864425467 0.4922092854976654 2732
1780864425471 0.2030806690454483 2733
1780864425473 0.2606440782546997 2734
1780864425476 0.4516265392303467 2735
1780864425480 0.2601942718029022 2736
1780864425483 0.17924091219902039 2737
1780864425486 0.20615285634994507 2738
1780864425489 0.26292315125465393 2739
1780864425492 0.3214908242225647 2740
1780864425495 0.39980223774909973 2741
1780864425497 0.5549563765525818 2742
1780864425500 0.417516827583313 2743
1780864425503 0.2437124401330948 2744
1780864425506 0.35546591877937317 2745
1780864425508 0.34422338008880615 2746
1780864425511 0.5361892580986023 2747
1780864425514 0.33424749970436096 2748
1780864425517 0.18375620245933533 2749
1780864425519 0.21510203182697296 2750
1780864425522 0.2077142596244812 2751
1780864425525 0.15684543550014496 2752
1780864425527 0.2845604121685028 2753
1780864425530 0.32906121015548706 2754
1780864425533 0.285299152135849 2755
1780864425536 0.42195063829421997 2756
1780864425539 0.30072420835494995 2757
1780864425541 0.41946810483932495 2758
1780864425544 0.26176613569259644 2759
1780864425546 0.3041633069515228 2760
1780864425549 0.23856651782989502 2761
1780864425552 0.30531230568885803 2762
1780864425555 0.24412895739078522 2763
1780864425557 0.4101335406303406 2764
1780864425560 0.3376944959163666 2765
1780864425562 0.5531682968139648 2766
1780864425565 0.23316903412342072 2767
1780864425568 0.35131004452705383 2768
1780864425571 0.16121071577072144 2769
1780864425573 0.4055934548377991 2770
1780864425576 0.21319907903671265 2771
1780864425578 0.40947669744491577 2772
1780864425581 0.3759486675262451 2773
1780864425584 0.4111427664756775 2774
1780864425587 0.5531059503555298 2775
1780864425590 0.3668295741081238 2776
1780864425592 0.2954520583152771 2777
1780864425595 0.25740039348602295 2778
1780864425598 0.2085501253604889 2779
1780864425601 0.3508966863155365 2780
1780864425604 0.3334445357322693 2781
1780864425606 0.23154670000076294 2782
1780864425609 0.4362161457538605 2783
1780864425612 0.20559266209602356 2784
1780864425614 0.29394832253456116 2785
1780864425617 0.3279295563697815 2786
1780864425620 0.2485547810792923 2787
1780864425622 0.3716031014919281 2788
1780864425625 0.19188249111175537 2789
1780864425628 0.13667938113212585 2790
1780864425630 0.23716327548027039 2791
1780864425633 0.5559989213943481 2792
1780864425635 0.29106077551841736 2793
1780864425639 0.2397552877664566 2794
1780864425641 0.24454978108406067 2795
1780864425644 0.24713264405727386 2796
1780864425647 0.36393705010414124 2797
1780864425650 0.22737902402877808 2798
1780864425653 0.39476877450942993 2799
1780864425655 0.4378979504108429 2800
1780864425658 0.2948491871356964 2801
1780864425660 0.27947840094566345 2802
1780864425663 0.5199177861213684 2803
1780864425666 0.37132591009140015 2804
1780864425668 0.23216697573661804 2805
1780864425671 0.2786112129688263 2806
1780864425674 0.44127964973449707 2807
1780864425677 0.32058194279670715 2808
1780864425679 0.3688061833381653 2809
1780864425682 0.2257392257452011 2810
1780864425844 0.6334657073020935 2811
1780864425849 0.2853615880012512 2812
1780864425851 0.1678028553724289 2813
1780864425854 0.15907801687717438 2814
1780864425858 0.3887235224246979 2815
1780864425861 0.30744871497154236 2816
1780864425863 0.21922370791435242 2817
1780864425866 0.1681395173072815 2818
1780864425868 0.30937859416007996 2819
1780864425871 0.45129960775375366 2820
1780864425873 0.2799151539802551 2821
1780864425876 0.37732720375061035 2822
1780864425879 0.36946791410446167 2823
1780864425881 0.3444322347640991 2824
1780864425884 0.3487367331981659 2825
1780864425887 0.28365081548690796 2826
1780864425890 0.2191852629184723 2827
1780864425892 0.35159122943878174 2828
1780864425895 0.41521358489990234 2829
1780864425897 0.3581583499908447 2830
1780864425900 0.28278979659080505 2831
1780864425903 0.25504374504089355 2832
1780864425905 0.5592513680458069 2833
1780864425908 0.21484650671482086 2834
1780864425911 0.17158527672290802 2835
1780864425913 0.2111654430627823 2836
1780864425916 0.2825767993927002 2837
1780864425918 0.1982879340648651 2838
1780864425921 0.41066426038742065 2839
1780864425925 0.41143491864204407 2840
1780864425927 0.27643755078315735 2841
1780864425930 0.29630810022354126 2842
1780864425932 0.2333923727273941 2843
1780864425935 0.35823190212249756 2844
1780864425938 0.26154711842536926 2845
1780864425941 0.25487151741981506 2846
1780864425943 0.2648318409919739 2847
1780864425946 0.31629303097724915 2848
1780864425949 0.15368866920471191 2849
1780864425952 0.261883407831192 2850
1780864425954 0.21519595384597778 2851
1780864425957 0.36297711730003357 2852
1780864425960 0.38647374510765076 2853
1780864425963 0.14641153812408447 2854
1780864425965 0.30375710129737854 2855
1780864425968 0.3538919687271118 2856
1780864425971 0.2543500065803528 2857
1780864425974 0.38936489820480347 2858
1780864425976 0.2302471250295639 2859
1780864425980 0.2677798271179199 2860
1780864425983 0.3775256872177124 2861
1780864425986 0.2908240258693695 2862
1780864425989 0.30890336632728577 2863
1780864425992 0.23732641339302063 2864
1780864425995 0.42627301812171936 2865
1780864425998 0.30515769124031067 2866
1780864426000 0.21924367547035217 2867
1780864426003 0.2934989631175995 2868
1780864426006 0.2400081902742386 2869
1780864426009 0.3373493552207947 2870
1780864426012 0.3144095540046692 2871
1780864426014 0.3117355406284332 2872
1780864426017 0.3454650044441223 2873
1780864426020 0.44007453322410583 2874
1780864426022 0.39970505237579346 2875
1780864426025 0.4314403831958771 2876
1780864426028 0.2467312514781952 2877
1780864426030 0.15237641334533691 2878
1780864426033 0.23703865706920624 2879
1780864426037 0.32409992814064026 2880
1780864426039 0.12820874154567719 2881
1780864426042 0.14958761632442474 2882
1780864426045 0.21088290214538574 2883
1780864426048 0.2146725058555603 2884
1780864426051 0.2387072890996933 2885
1780864426054 0.23128093779087067 2886
1780864426057 0.21216407418251038 2887
1780864426060 0.43760454654693604 2888
1780864426063 0.2020053267478943 2889
1780864426066 0.1448601484298706 2890
1780864426070 0.2596553862094879 2891
1780864426073 0.4051211476325989 2892
1780864426075 0.42931732535362244 2893
1780864426078 0.3506644368171692 2894
1780864426081 0.36476364731788635 2895
1780864426084 0.44122010469436646 2896
1780864426087 0.3910669982433319 2897
1780864426090 0.43695417046546936 2898
1780864426092 0.35404956340789795 2899
1780864426095 0.3348686993122101 2900
1780864426097 0.17074407637119293 2901
1780864426100 0.3583729863166809 2902
1780864426103 0.27010294795036316 2903
1780864426106 0.42444151639938354 2904
1780864426109 0.42402976751327515 2905
1780864426112 0.3349914252758026 2906
1780864426115 0.2992331087589264 2907
1780864426118 0.397522896528244 2908
1780864426120 0.2523660659790039 2909
1780864426123 0.1671171486377716 2910
1780864426126 0.18392661213874817 2911
1780864426129 0.264688104391098 2912
1780864426132 0.37536144256591797 2913
1780864426135 0.2772243022918701 2914
1780864426138 0.2393350601196289 2915
1780864426141 0.4344387352466583 2916
1780864426144 0.21564945578575134 2917
1780864426147 0.2603243589401245 2918
1780864426150 0.27251818776130676 2919
1780864426154 0.38234835863113403 2920
1780864426157 0.2686704397201538 2921
1780864426159 0.6077666878700256 2922
1780864426162 0.2845538258552551 2923
1780864426165 0.35631078481674194 2924
1780864426168 0.243878573179245 2925
1780864426171 0.15917257964611053 2926
1780864426174 0.12861047685146332 2927
1780864426177 0.22269722819328308 2928
1780864426179 0.3173471987247467 2929
1780864426184 0.26895686984062195 2930
1780864426187 0.26922792196273804 2931
1780864426190 0.37748709321022034 2932
1780864426193 0.2921123802661896 2933
1780864426195 0.4330427646636963 2934
1780864426198 0.5205513834953308 2935
1780864426201 0.21587097644805908 2936
1780864426204 0.6418065428733826 2937
1780864426207 0.23308788239955902 2938
1780864426210 0.28386127948760986 2939
1780864426213 0.25674450397491455 2940
1780864426216 0.3496314585208893 2941
1780864426219 0.2951076030731201 2942
1780864426222 0.23570995032787323 2943
1780864426224 0.2744581997394562 2944
1780864426227 0.19680272042751312 2945
1780864426230 0.18430249392986298 2946
1780864426233 0.4699324369430542 2947
1780864426236 0.4245867133140564 2948
1780864426239 0.14478126168251038 2949
1780864426242 0.16730964183807373 2950
1780864426245 0.26415932178497314 2951
1780864426247 0.25497061014175415 2952
1780864426250 0.09646051377058029 2953
1780864426253 0.39715346693992615 2954
1780864426256 0.2815345227718353 2955
1780864426260 0.3210451304912567 2956
1780864426263 0.24549706280231476 2957
1780864426265 0.2785191833972931 2958
1780864426269 0.3378925621509552 2959
1780864426272 0.26284852623939514 2960
1780864426274 0.4970444440841675 2961
1780864426277 0.21025203168392181 2962
1780864426279 0.256928950548172 2963
1780864426282 0.1354312002658844 2964
1780864426285 0.4101540744304657 2965
1780864426289 0.44102564454078674 2966
1780864426291 0.46766799688339233 2967
1780864426294 0.254885733127594 2968
1780864426297 0.2302989661693573 2969
1780864426300 0.28300580382347107 2970
1780864426302 0.3758287727832794 2971
1780864426305 0.31631597876548767 2972
1780864426307 0.3849249482154846 2973
1780864426310 0.3474428653717041 2974
1780864426313 0.3256079852581024 2975
1780864426316 0.15113312005996704 2976
1780864426319 0.413053035736084 2977
1780864426321 0.32527121901512146 2978
1780864426324 0.2541082501411438 2979
1780864426327 0.20488004386425018 2980
1780864426330 0.30782371759414673 2981
1780864426332 0.3378504514694214 2982
1780864426335 0.24062009155750275 2983
1780864426338 0.15084178745746613 2984
1780864426341 0.24380572140216827 2985
1780864426344 0.3953293561935425 2986
1780864426347 0.23100964725017548 2987
1780864426349 0.4033513069152832 2988
1780864426352 0.29474493861198425 2989
1780864426355 0.2478571981191635 2990
1780864426358 0.43891915678977966 2991
1780864426360 0.21247026324272156 2992
1780864426363 0.2768948972225189 2993
1780864426366 0.1351439505815506 2994
1780864426368 0.40914252400398254 2995
1780864426371 0.3164597451686859 2996
1780864426373 0.1706341654062271 2997
1780864426376 0.24012266099452972 2998
1780864426379 0.28215426206588745 2999
1780864426381 0.3232623338699341 3000
1780864426384 0.17227746546268463 3001
1780864426387 0.265287846326828 3002
1780864426390 0.31935977935791016 3003
1780864426392 0.33938807249069214 3004
1780864426395 0.36801156401634216 3005
1780864426398 0.34906983375549316 3006
1780864426400 0.3448761999607086 3007
1780864426403 0.3861524760723114 3008
1780864426406 0.33325693011283875 3009
1780864426408 0.24923034012317657 3010
1780864426411 0.39628610014915466 3011
1780864426414 0.48146694898605347 3012
1780864426417 0.401119202375412 3013
1780864426419 0.4478543698787689 3014
1780864426422 0.23980993032455444 3015
1780864426425 0.24394062161445618 3016
1780864426428 0.2573244869709015 3017
1780864426431 0.17965304851531982 3018
1780864426434 0.30132952332496643 3019
1780864426436 0.24349309504032135 3020
1780864426439 0.39936134219169617 3021
1780864426442 0.32765644788742065 3022
1780864426445 0.33329930901527405 3023
1780864426447 0.2772696316242218 3024
1780864426451 0.569441020488739 3025
1780864426454 0.24347446858882904 3026
1780864426457 0.1432257443666458 3027
1780864426460 0.3580267131328583 3028
1780864426462 0.31787294149398804 3029
1780864426465 0.2516292333602905 3030
1780864426469 0.14150649309158325 3031
1780864426472 0.11433728784322739 3032
1780864426475 0.10854651778936386 3033
1780864426477 0.2611631155014038 3034
1780864426480 0.1735287308692932 3035
1780864426483 0.4490457773208618 3036
1780864426485 0.25616949796676636 3037
1780864426488 0.18886582553386688 3038
1780864426491 0.6623473167419434 3039
1780864426494 0.2599065601825714 3040
1780864426496 0.24661192297935486 3041
1780864426499 0.22790667414665222 3042
1780864426502 0.17992721498012543 3043
1780864426504 0.6403442025184631 3044
1780864426507 0.2557729482650757 3045
1780864426510 0.10265102982521057 3046
1780864426512 0.36063241958618164 3047
1780864426515 0.2517128884792328 3048
1780864426518 0.4042273759841919 3049
1780864426521 0.37264183163642883 3050
1780864426523 0.2571345567703247 3051
1780864426526 0.1814212203025818 3052
1780864426528 0.18397964537143707 3053
1780864426531 0.23447346687316895 3054
1780864426533 0.3295741677284241 3055
1780864426536 0.27242377400398254 3056
1780864426539 0.32606953382492065 3057
1780864426541 0.40803423523902893 3058
1780864426544 0.48598575592041016 3059
1780864426547 0.1328691691160202 3060
1780864426550 0.12332429736852646 3061
1780864426553 0.24213676154613495 3062
1780864426556 0.16995739936828613 3063
1780864426559 0.16695670783519745 3064
1780864426562 0.35636863112449646 3065
1780864426564 0.13840171694755554 3066
1780864426567 0.2269383817911148 3067
1780864426570 0.0731363445520401 3068
1780864426573 0.24468103051185608 3069
1780864426576 0.22813169658184052 3070
1780864426579 0.6216880083084106 3071
1780864426581 0.35423514246940613 3072
1780864426584 0.20291820168495178 3073
1780864426586 0.31055334210395813 3074
1780864426590 0.2979167699813843 3075
1780864426594 0.5174421668052673 3076
1780864426596 0.23496000468730927 3077
1780864426599 0.2577914297580719 3078
1780864426602 0.25042060017585754 3079
1780864426604 0.38371196389198303 3080
1780864426607 0.3552902638912201 3081
1780864426609 0.4133601188659668 3082
1780864426612 0.3593727648258209 3083
1780864426614 0.4329817295074463 3084
1780864426617 0.47212091088294983 3085
1780864426619 0.27026766538619995 3086
1780864426622 0.41381415724754333 3087
1780864426625 0.18928919732570648 3088
1780864426628 0.22837401926517487 3089
1780864426630 0.2928234934806824 3090
1780864426634 0.22334244847297668 3091
1780864426638 0.394028902053833 3092
1780864426640 0.359779417514801 3093
1780864426643 0.30505114793777466 3094
1780864426646 0.257443904876709 3095
1780864426648 0.3858030438423157 3096
1780864426652 0.21853521466255188 3097
1780864426655 0.20912966132164001 3098
1780864426657 0.16186530888080597 3099
1780864426660 0.21902132034301758 3100
1780864426663 0.34401604533195496 3101
1780864426666 0.3687003254890442 3102
1780864426669 0.22893144190311432 3103
1780864426673 0.24559728801250458 3104
1780864426677 0.3109295964241028 3105
1780864426680 0.21539685130119324 3106
1780864426683 0.45186179876327515 3107
1780864426685 0.3814582824707031 3108
1780864426688 0.26986631751060486 3109
1780864426691 0.25811898708343506 3110
1780864426694 0.32129165530204773 3111
1780864426696 0.5130560398101807 3112
1780864426699 0.3601093292236328 3113
1780864426702 0.20740990340709686 3114
1780864426705 0.18528123199939728 3115
1780864426709 0.36263009905815125 3116
1780864426711 0.23486120998859406 3117
1780864426714 0.40270504355430603 3118
1780864426716 0.2659611999988556 3119
1780864426719 0.25547340512275696 3120
1780864426721 0.14754953980445862 3121
1780864426724 0.4599325656890869 3122
1780864426726 0.3430987000465393 3123
1780864426729 0.5242049694061279 3124
1780864426732 0.44226059317588806 3125
1780864426734 0.3667352497577667 3126
1780864426737 0.3341350555419922 3127
1780864426739 0.11053329706192017 3128
1780864426742 0.42763081192970276 3129
1780864426745 0.4290604889392853 3130
1780864426747 0.2017984837293625 3131
1780864426750 0.11104685813188553 3132
1780864426752 0.2854636311531067 3133
1780864426755 0.18345937132835388 3134
1780864426758 0.18758264183998108 3135
1780864426760 0.2612236738204956 3136
1780864426763 0.36016160249710083 3137
1780864426765 0.45259565114974976 3138
1780864426768 0.17292368412017822 3139
1780864426771 0.4041220247745514 3140
1780864426773 0.2776135504245758 3141
1780864426776 0.514707088470459 3142
1780864426778 0.2392956018447876 3143
1780864426781 0.30716273188591003 3144
1780864426784 0.223399817943573 3145
1780864426786 0.2970840036869049 3146
1780864426789 0.3204367458820343 3147
1780864426792 0.31521809101104736 3148
1780864426795 0.3077255189418793 3149
1780864426797 0.2927507162094116 3150
1780864426800 0.2732836604118347 3151
1780864426803 0.23444466292858124 3152
1780864426805 0.49393779039382935 3153
1780864426808 0.36016014218330383 3154
1780864426810 0.3577749729156494 3155
1780864426814 0.649747908115387 3156
1780864426816 0.44285210967063904 3157
1780864426819 0.4015338122844696 3158
1780864426822 0.522201418876648 3159
1780864426825 0.4008306860923767 3160
1780864426827 0.29756635427474976 3161
1780864426832 0.22693058848381042 3162
1780864426834 0.27857786417007446 3163
1780864426837 0.2100842148065567 3164
1780864426840 0.4129822850227356 3165
1780864426843 0.37995070219039917 3166
1780864426845 0.4331013858318329 3167
1780864426848 0.1922544538974762 3168
1780864426851 0.3904713988304138 3169
1780864426853 0.2311786413192749 3170
1780864426856 0.4158670902252197 3171
1780864426859 0.3224007785320282 3172
1780864426861 0.18109412491321564 3173
1780864426864 0.3228358328342438 3174
1780864426867 0.287436306476593 3175
1780864426870 0.32591018080711365 3176
1780864426873 0.2588467299938202 3177
1780864426876 0.21920643746852875 3178
1780864426878 0.2055613249540329 3179
1780864426881 0.21345585584640503 3180
1780864426883 0.12072620540857315 3181
1780864426886 0.3461295962333679 3182
1780864426889 0.17321844398975372 3183
1780864426892 0.314743310213089 3184
1780864426894 0.411293625831604 3185
1780864426897 0.2337246686220169 3186
1780864426899 0.37763160467147827 3187
1780864426902 0.3861503601074219 3188
1780864426905 0.3938136398792267 3189
1780864426908 0.31113508343696594 3190
1780864426911 0.21841977536678314 3191
1780864426913 0.17344515025615692 3192
1780864426916 0.2439415156841278 3193
1780864426918 0.1912853717803955 3194
1780864426921 0.17837102711200714 3195
1780864426924 0.1306024193763733 3196
1780864426927 0.1889810562133789 3197
1780864426930 0.26480624079704285 3198
1780864426933 0.358352929353714 3199
1780864426935 0.1822822391986847 3200
1780864426938 0.40315356850624084 3201
1780864426941 0.1425490528345108 3202
1780864426943 0.23897536098957062 3203
1780864426946 0.472330778837204 3204
1780864426949 0.5766194462776184 3205
1780864426951 0.30141037702560425 3206
1780864426954 0.24079729616641998 3207
1780864426956 0.26752835512161255 3208
1780864426959 0.19599200785160065 3209
1780864426962 0.18324260413646698 3210
1780864426965 0.19115495681762695 3211
1780864426967 0.4493798315525055 3212
1780864426970 0.2959381937980652 3213
1780864426972 0.5063275694847107 3214
1780864426975 0.3430112600326538 3215
1780864426978 0.40224555134773254 3216
1780864426982 0.45402565598487854 3217
1780864426985 0.3158925473690033 3218
1780864426987 0.314550518989563 3219
1780864426990 0.3922056555747986 3220
1780864426993 0.19197000563144684 3221
1780864426996 0.43108585476875305 3222
1780864426998 0.42879408597946167 3223
1780864427001 0.38460755348205566 3224
1780864427004 0.560795783996582 3225
1780864427006 0.2724096179008484 3226
1780864427009 0.31666135787963867 3227
1780864427012 0.1323956698179245 3228
1780864427014 0.20861504971981049 3229
1780864427017 0.20717491209506989 3230
1780864427020 0.21349617838859558 3231
1780864427023 0.23088285326957703 3232
1780864427025 0.364342600107193 3233
1780864427028 0.4819331169128418 3234
1780864427031 0.27426066994667053 3235
1780864427033 0.35692206025123596 3236
1780864427036 0.46696722507476807 3237
1780864427040 0.5223923325538635 3238
1780864427043 0.26059821248054504 3239
1780864427046 0.3029535710811615 3240
1780864427048 0.2538735270500183 3241
1780864427051 0.36480215191841125 3242
1780864427054 0.29593101143836975 3243
1780864427056 0.2364477515220642 3244
1780864427059 0.27626532316207886 3245
1780864427062 0.25998345017433167 3246
1780864427065 0.30256667733192444 3247
1780864427068 0.25209200382232666 3248
1780864427071 0.3756090998649597 3249
1780864427074 0.2805194556713104 3250
1780864427077 0.20232227444648743 3251
1780864427079 0.40432438254356384 3252
1780864427083 0.4051690995693207 3253
1780864427086 0.16431032121181488 3254
1780864427089 0.24599605798721313 3255
1780864427091 0.19187982380390167 3256
1780864427094 0.1875416338443756 3257
1780864427097 0.44666966795921326 3258
1780864427099 0.1736288219690323 3259
1780864427102 0.22121569514274597 3260
1780864427105 0.1880141943693161 3261
1780864427108 0.384834349155426 3262
1780864427110 0.30292651057243347 3263
1780864427113 0.42318323254585266 3264
1780864427116 0.17515727877616882 3265
1780864427119 0.3714461028575897 3266
1780864427122 0.11093346029520035 3267
1780864427125 0.3752543032169342 3268
1780864427128 0.4113016724586487 3269
1780864427131 0.2987002432346344 3270
1780864427134 0.6709961295127869 3271
1780864427137 0.3770766854286194 3272
1780864427139 0.15999047458171844 3273
1780864427142 0.17159757018089294 3274
1780864427145 0.26567211747169495 3275
1780864427148 0.22465482354164124 3276
1780864427150 0.22763609886169434 3277
1780864427153 0.15367336571216583 3278
1780864427156 0.44511494040489197 3279
1780864427159 0.09448191523551941 3280
1780864427162 0.20081128180027008 3281
1780864427164 0.23787805438041687 3282
1780864427167 0.097107894718647 3283
1780864427170 0.21839840710163116 3284
1780864427173 0.3956051766872406 3285
1780864427176 0.3358379602432251 3286
1780864427178 0.2815159559249878 3287
1780864427181 0.1788765788078308 3288
1780864427184 0.20656602084636688 3289
1780864427186 0.22821642458438873 3290
1780864427189 0.330961138010025 3291
1780864427192 0.27597668766975403 3292
1780864427194 0.39778751134872437 3293
1780864427197 0.271574467420578 3294
1780864427200 0.45130056142807007 3295
1780864427203 0.2593546509742737 3296
1780864427205 0.36095568537712097 3297
1780864427208 0.18946373462677002 3298
1780864427210 0.34548866748809814 3299
1780864427213 0.3175075948238373 3300
1780864427216 0.36783111095428467 3301
1780864427218 0.16994108259677887 3302
1780864427222 0.11026167869567871 3303
1780864427225 0.39178141951560974 3304
1780864427228 0.23009952902793884 3305
1780864427230 0.3086662292480469 3306
1780864427233 0.21838580071926117 3307
1780864427236 0.21091914176940918 3308
1780864427238 0.2842271625995636 3309
1780864427241 0.50121009349823 3310
1780864427244 0.20221605896949768 3311
1780864427246 0.25966396927833557 3312
1780864427249 0.2590731382369995 3313
1780864427252 0.1513914316892624 3314
1780864427255 0.15612569451332092 3315
1780864427257 0.2926293611526489 3316
1780864427260 0.37244075536727905 3317
1780864427263 0.2695704400539398 3318
1780864427265 0.6207562685012817 3319
1780864427268 0.6825243234634399 3320
1780864427271 0.36528000235557556 3321
1780864427274 0.15727104246616364 3322
1780864427276 0.4403465688228607 3323
1780864427279 0.23396018147468567 3324
1780864427282 0.2139442414045334 3325
1780864427285 0.3485063314437866 3326
1780864427287 0.2447333186864853 3327
1780864427291 0.28482040762901306 3328
1780864427294 0.20912253856658936 3329
1780864427297 0.311678022146225 3330
1780864427299 0.37452730536460876 3331
1780864427302 0.34868866205215454 3332
1780864427304 0.11682610213756561 3333
1780864427307 0.22003388404846191 3334
1780864427309 0.3610069751739502 3335
1780864427312 0.286419153213501 3336
1780864427315 0.17917366325855255 3337
1780864427317 0.3760563135147095 3338
1780864427320 0.6026673316955566 3339
1780864427323 0.23127047717571259 3340
1780864427326 0.39097651839256287 3341
1780864427329 0.28874415159225464 3342
1780864427331 0.15264494717121124 3343
1780864427334 0.5673245787620544 3344
1780864427337 0.2052084505558014 3345
1780864427339 0.20323055982589722 3346
1780864427343 0.46338990330696106 3347
1780864427346 0.43875354528427124 3348
1780864427348 0.30838900804519653 3349
1780864427351 0.2704335153102875 3350
1780864427354 0.25495612621307373 3351
1780864427357 0.2902849614620209 3352
1780864427359 0.2866654098033905 3353
1780864427362 0.15427915751934052 3354
1780864427365 0.31050989031791687 3355
1780864427368 0.42441537976264954 3356
1780864427370 0.3558923006057739 3357
1780864427373 0.3573265075683594 3358
1780864427376 0.23781216144561768 3359
1780864427379 0.21808220446109772 3360
1780864427382 0.1797388195991516 3361
1780864427384 0.24979346990585327 3362
1780864427387 0.250860333442688 3363
1780864427390 0.18930880725383759 3364
1780864427393 0.352848082780838 3365
1780864427395 0.24932655692100525 3366
1780864427398 0.2933041751384735 3367
1780864427401 0.06502591818571091 3368
1780864427403 0.3294270932674408 3369
1780864427406 0.3543711006641388 3370
1780864427408 0.2571203410625458 3371
1780864427411 0.14402729272842407 3372
1780864427414 0.30363237857818604 3373
1780864427416 0.2931238114833832 3374
1780864427419 0.1701090782880783 3375
1780864427422 0.11068559437990189 3376
1780864427425 0.22021661698818207 3377
1780864427428 0.220857635140419 3378
1780864427431 0.40149134397506714 3379
1780864427433 0.19881407916545868 3380
1780864427436 0.448691725730896 3381
1780864427440 0.41208192706108093 3382
1780864427443 0.5693925619125366 3383
1780864427446 0.22439372539520264 3384
1780864427449 0.1094086617231369 3385
1780864427451 0.3349141478538513 3386
1780864427454 0.13411971926689148 3387
1780864427457 0.3568423092365265 3388
1780864427460 0.3385639786720276 3389
1780864427463 0.6649103164672852 3390
1780864427466 0.28763899207115173 3391
1780864427468 0.33179888129234314 3392
1780864427471 0.15936559438705444 3393
1780864427474 0.3174353539943695 3394
1780864427478 0.38508155941963196 3395
1780864427480 0.11830037087202072 3396
1780864427483 0.3783760964870453 3397
1780864427486 0.19175533950328827 3398
1780864427489 0.49886587262153625 3399
1780864427492 0.3418000042438507 3400
1780864427495 0.2902833819389343 3401
1780864427498 0.35957834124565125 3402
1780864427501 0.4702892303466797 3403
1780864427503 0.38859906792640686 3404
1780864427506 0.20783616602420807 3405
1780864427509 0.23523323237895966 3406
1780864427512 0.19531162083148956 3407
1780864427514 0.23043903708457947 3408
1780864427517 0.5105853080749512 3409
1780864427520 0.24407702684402466 3410
1780864427522 0.24069514870643616 3411
1780864427525 0.32448968291282654 3412
1780864427528 0.19752806425094604 3413
1780864427530 0.27780818939208984 3414
1780864427533 0.37625759840011597 3415
1780864427535 0.20483946800231934 3416
1780864427538 0.672232985496521 3417
1780864427541 0.17264117300510406 3418
1780864427544 0.39013969898223877 3419
1780864427547 0.4448235332965851 3420
1780864427549 0.3021005690097809 3421
1780864427552 0.2913833558559418 3422
1780864427554 0.30928122997283936 3423
1780864427557 0.09371793270111084 3424
1780864427561 0.26555028557777405 3425
1780864427564 0.21794863045215607 3426
1780864427566 0.3546297550201416 3427
1780864427569 0.24951083958148956 3428
1780864427571 0.25457924604415894 3429
1780864427574 0.3777279853820801 3430
1780864427577 0.2464965134859085 3431
1780864427580 0.33248233795166016 3432
1780864427582 0.3914117217063904 3433
1780864427586 0.22727563977241516 3434
1780864427589 0.31356850266456604 3435
1780864427592 0.22589419782161713 3436
1780864427595 0.2740056812763214 3437
1780864427598 0.06496443599462509 3438
1780864427601 0.27606818079948425 3439
1780864427604 0.12456094473600388 3440
1780864427606 0.17427484691143036 3441
1780864427609 0.2538716793060303 3442
1780864427611 0.270145446062088 3443
1780864427614 0.1221029981970787 3444
1780864427616 0.2960129678249359 3445
1780864427619 0.27552106976509094 3446
1780864427621 0.4865696430206299 3447
1780864427624 0.3397170603275299 3448
1780864427627 0.2976568043231964 3449
1780864427630 0.34441429376602173 3450
1780864427632 0.16290229558944702 3451
1780864427635 0.2529289722442627 3452
1780864427638 0.15630194544792175 3453
1780864427641 0.28332504630088806 3454
1780864427644 0.1560007929801941 3455
1780864427647 0.3962944447994232 3456
1780864427650 0.3089011609554291 3457
1780864427652 0.17282697558403015 3458
1780864427655 0.45831409096717834 3459
1780864427658 0.23665402829647064 3460
1780864427662 0.3247237503528595 3461
1780864427665 0.4383987486362457 3462
1780864427668 0.2830418646335602 3463
1780864427671 0.34414830803871155 3464
1780864427674 0.13657887279987335 3465
1780864427677 0.2446494996547699 3466
1780864427679 0.3785950541496277 3467
1780864427682 0.3450358510017395 3468
1780864427685 0.2749255299568176 3469
1780864427687 0.2928217947483063 3470
1780864427691 0.31821209192276 3471
1780864427694 0.1655104160308838 3472
1780864427697 0.41989004611968994 3473
1780864427700 0.32517457008361816 3474
1780864427702 0.4252381920814514 3475
1780864427705 0.38536402583122253 3476
1780864427708 0.2921624481678009 3477
1780864427714 0.22358214855194092 3478
1780864427719 0.4080112874507904 3479
1780864427722 0.3301815986633301 3480
1780864427726 0.2571813762187958 3481
1780864427730 0.20451731979846954 3482
1780864427734 0.38683363795280457 3483
1780864427736 0.16857486963272095 3484
1780864427740 0.33060914278030396 3485
1780864427743 0.14607515931129456 3486
1780864427747 0.4375656843185425 3487
1780864427751 0.2019217312335968 3488
1780864427754 0.28067317605018616 3489
1780864427757 0.31674304604530334 3490
1780864427761 0.47262296080589294 3491
1780864427766 0.24445247650146484 3492
1780864427769 0.28131207823753357 3493
1780864427772 0.22576291859149933 3494
1780864427776 0.3370177447795868 3495
1780864427781 0.5088858008384705 3496
1780864427784 0.21818377077579498 3497
1780864427788 0.12731513381004333 3498
1780864427792 0.3555862009525299 3499
1780864427796 0.30778181552886963 3500
1780864427800 0.4669238030910492 3501
1780864427804 0.12783372402191162 3502
1780864427806 0.1730278730392456 3503
1780864427810 0.30681127309799194 3504
1780864427814 0.24199779331684113 3505
1780864427818 0.15149714052677155 3506
1780864427822 0.21366766095161438 3507
1780864427826 0.5364713668823242 3508
1780864427829 0.42907437682151794 3509
1780864427833 0.6670913696289062 3510
1780864427837 0.4598347246646881 3511
1780864427839 0.2813470959663391 3512
1780864427843 0.42560917139053345 3513
1780864427847 0.4705633223056793 3514
1780864427851 0.3297622501850128 3515
1780864427855 0.4818151891231537 3516
1780864427858 0.19583743810653687 3517
1780864427861 0.3810560703277588 3518
1780864427865 0.31215378642082214 3519
1780864427869 0.32186785340309143 3520
1780864427872 0.1809167116880417 3521
1780864427877 0.48103222250938416 3522
1780864427880 0.250954806804657 3523
1780864427884 0.3312917947769165 3524
1780864427888 0.23147036135196686 3525
1780864427891 0.21771356463432312 3526
1780864427894 0.15414732694625854 3527
1780864427898 0.2348053753376007 3528
1780864427902 0.21719971299171448 3529
1780864427905 0.37901997566223145 3530
1780864427908 0.2058682143688202 3531
1780864427912 0.22426167130470276 3532
1780864427915 0.24532364308834076 3533
1780864427919 0.3202025890350342 3534
1780864427922 0.09686745703220367 3535
1780864427925 0.26267489790916443 3536
1780864427929 0.372096449136734 3537
1780864427932 0.19085708260536194 3538
1780864427934 0.3760242462158203 3539
1780864427937 0.17550984025001526 3540
1780864427942 0.45920059084892273 3541
1780864427946 0.24998463690280914 3542
1780864427950 0.33567503094673157 3543
1780864427953 0.6051978468894958 3544
1780864427956 0.37393298745155334 3545
1780864427958 0.13431568443775177 3546
1780864427962 0.2837274372577667 3547
1780864427964 0.42114415764808655 3548
1780864427967 0.25282594561576843 3549
1780864427970 0.6585423946380615 3550
1780864427973 0.42487838864326477 3551
1780864427976 0.4206011891365051 3552
1780864427979 0.2727017402648926 3553
1780864427981 0.19697360694408417 3554
1780864427984 0.2063901275396347 3555
1780864427987 0.27254530787467957 3556
1780864427989 0.36183613538742065 3557
1780864427993 0.27969077229499817 3558
1780864427997 0.33961600065231323 3559
1780864428000 0.29495880007743835 3560
1780864428003 0.3969973623752594 3561
1780864428007 0.39760929346084595 3562
1780864428009 0.18995340168476105 3563
1780864428012 0.3431931138038635 3564
1780864428015 0.15755538642406464 3565
1780864428018 0.3182941973209381 3566
1780864428021 0.41284650564193726 3567
1780864428023 0.45241713523864746 3568
1780864428027 0.3480534553527832 3569
1780864428031 0.13830110430717468 3570
1780864428034 0.4993775188922882 3571
1780864428037 0.5691387057304382 3572
1780864428040 0.2728295922279358 3573
1780864428043 0.4375031590461731 3574
1780864428046 0.32154595851898193 3575
1780864428049 0.4864676296710968 3576
1780864428052 0.4057313799858093 3577
1780864428055 0.18809546530246735 3578
1780864428058 0.2970704734325409 3579
1780864428061 0.5877214074134827 3580
1780864428064 0.258421927690506 3581
1780864428066 0.34920981526374817 3582
1780864428069 0.3356739580631256 3583
1780864428071 0.5709258317947388 3584
1780864428074 0.5093448162078857 3585
1780864428077 0.4270460605621338 3586
1780864428080 0.17073914408683777 3587
1780864428083 0.48781847953796387 3588
1780864428085 0.3133276104927063 3589
1780864428088 0.3490523397922516 3590
1780864428090 0.0836031436920166 3591
1780864428093 0.2798640727996826 3592
1780864428096 0.3126925230026245 3593
1780864428099 0.2932634949684143 3594
1780864428101 0.1697918325662613 3595
1780864428104 0.28911957144737244 3596
1780864428106 0.14104558527469635 3597
1780864428109 0.43507543206214905 3598
1780864428111 0.4237995445728302 3599
1780864428114 0.17868557572364807 3600
1780864428117 0.22595077753067017 3601
1780864428119 0.2619806230068207 3602
1780864428122 0.2964572310447693 3603
1780864428125 0.42395761609077454 3604
1780864428128 0.19261643290519714 3605
1780864428131 0.2915908098220825 3606
1780864428134 0.2728203535079956 3607
1780864428136 0.32615193724632263 3608
1780864428139 0.35660624504089355 3609
1780864428142 0.22347314655780792 3610
1780864428144 0.50343918800354 3611
1780864428147 0.10223231464624405 3612
1780864428150 0.39976027607917786 3613
1780864428153 0.29022613167762756 3614
1780864428155 0.4171672761440277 3615
1780864428158 0.18260738253593445 3616
1780864428161 0.213848277926445 3617
1780864428164 0.19384309649467468 3618
1780864428167 0.20056575536727905 3619
1780864428169 0.47468283772468567 3620
1780864428172 0.23324982821941376 3621
1780864428175 0.2500847578048706 3622
1780864428178 0.23725637793540955 3623
1780864428181 0.20180006325244904 3624
1780864428183 0.3358159065246582 3625
1780864428186 0.13573607802391052 3626
1780864428190 0.5684598088264465 3627
1780864428193 0.39851829409599304 3628
1780864428195 0.4500528573989868 3629
1780864428198 0.48241451382637024 3630
1780864428201 0.5311837196350098 3631
1780864428203 0.23340491950511932 3632
1780864428206 0.35798946022987366 3633
1780864428208 0.14990127086639404 3634
1780864428211 0.4567798376083374 3635
1780864428214 0.07914836704730988 3636
1780864428216 0.30471041798591614 3637
1780864428219 0.2476108819246292 3638
1780864428221 0.3269791007041931 3639
1780864428224 0.22021371126174927 3640
1780864428227 0.3298534154891968 3641
1780864428230 0.410518079996109 3642
1780864428233 0.32111814618110657 3643
1780864428236 0.23623144626617432 3644
1780864428238 0.4733579456806183 3645
1780864428242 0.31631940603256226 3646
1780864428245 0.37351465225219727 3647
1780864428247 0.2028931826353073 3648
1780864428250 0.17390036582946777 3649
1780864428253 0.2714083194732666 3650
1780864428255 0.40248602628707886 3651
1780864428261 0.27960294485092163 3652
1780864428265 0.270233154296875 3653
1780864428268 0.289852499961853 3654
1780864428271 0.15024027228355408 3655
1780864428274 0.2650790512561798 3656
1780864428276 0.23927277326583862 3657
1780864428281 0.2792983651161194 3658
1780864428284 0.24693100154399872 3659
1780864428287 0.19586700201034546 3660
1780864428290 0.09506956487894058 3661
1780864428294 0.14988000690937042 3662
1780864428298 0.3761649429798126 3663
1780864428302 0.2469681054353714 3664
1780864428305 0.30419212579727173 3665
1780864428307 0.2465219646692276 3666
1780864428312 0.1551787555217743 3667
1780864428315 0.22948101162910461 3668
1780864428318 0.28750914335250854 3669
1780864428321 0.20274314284324646 3670
1780864428323 0.16895467042922974 3671
1780864428327 0.3302235007286072 3672
1780864428330 0.28991860151290894 3673
1780864428333 0.3239578604698181 3674
1780864428335 0.23077598214149475 3675
1780864428339 0.23035989701747894 3676
1780864428342 0.22707627713680267 3677
1780864428345 0.4477238357067108 3678
1780864428348 0.15253935754299164 3679
1780864428350 0.18281559646129608 3680
1780864428353 0.4268236458301544 3681
1780864428356 0.46947619318962097 3682
1780864428359 0.20723176002502441 3683
1780864428362 0.21937958896160126 3684
1780864428364 0.3069593012332916 3685
1780864428367 0.3229750692844391 3686
1780864428370 0.22608314454555511 3687
1780864428372 0.32306718826293945 3688
1780864428375 0.8139195442199707 3689
1780864428378 0.2934439778327942 3690
1780864428381 0.22732821106910706 3691
1780864428383 0.5222592949867249 3692
1780864428387 0.5664219260215759 3693
1780864428389 0.2618829011917114 3694
1780864428392 0.2032233476638794 3695
1780864428395 0.32544174790382385 3696
1780864428398 0.26044681668281555 3697
1780864428402 0.15838561952114105 3698
1780864428404 0.10844989120960236 3699
1780864428407 0.38376694917678833 3700
1780864428409 0.2337796837091446 3701
1780864428412 0.2367153912782669 3702
1780864428415 0.18875733017921448 3703
1780864428417 0.6107125282287598 3704
1780864428420 0.21824690699577332 3705
1780864428423 0.19198833405971527 3706
1780864428426 0.26293548941612244 3707
1780864428429 0.3538368344306946 3708
1780864428431 0.2009095400571823 3709
1780864428434 0.2281239628791809 3710
1780864428436 0.2446967214345932 3711
1780864428439 0.23616836965084076 3712
1780864428442 0.17765958607196808 3713
1780864428444 0.40309950709342957 3714
1780864428447 0.31195929646492004 3715
1780864428450 0.2040454000234604 3716
1780864428452 0.27886781096458435 3717
1780864428455 0.28028103709220886 3718
1780864428458 0.4064261317253113 3719
1780864428461 0.2161039412021637 3720
1780864428463 0.4167698323726654 3721
1780864428466 0.23434573411941528 3722
1780864428468 0.2626649737358093 3723
1780864428471 0.18000173568725586 3724
1780864428474 0.3541853725910187 3725
1780864428477 0.3589138090610504 3726
1780864428480 0.16303224861621857 3727
1780864428483 0.27585747838020325 3728
1780864428485 0.30499497056007385 3729
1780864428488 0.371900737285614 3730
1780864428491 0.2714732885360718 3731
1780864428493 0.26922041177749634 3732
1780864428496 0.27395209670066833 3733
1780864428499 0.2833944857120514 3734
1780864428501 0.17448455095291138 3735
1780864428504 0.2672155201435089 3736
1780864428506 0.6001480221748352 3737
1780864428509 0.11778376996517181 3738
1780864428512 0.45766860246658325 3739
1780864428514 0.3150365948677063 3740
1780864428517 0.42266908288002014 3741
1780864428520 0.22346769273281097 3742
1780864428522 0.16497491300106049 3743
1780864428525 0.20561794936656952 3744
1780864428528 0.22590574622154236 3745
1780864428531 0.5381388664245605 3746
1780864428533 0.30298370122909546 3747
1780864428698 0.1727532148361206 3748
1780864428701 0.2165430188179016 3749
1780864428704 0.3490935266017914 3750
1780864428706 0.3237190842628479 3751
1780864428709 0.16842052340507507 3752
1780864428712 0.5668037533760071 3753
1780864428715 0.4482979476451874 3754
1780864428718 0.24041689932346344 3755
1780864428721 0.21240639686584473 3756
1780864428724 0.2593865990638733 3757
1780864428727 0.4157260060310364 3758
1780864428729 0.29130542278289795 3759
1780864428732 0.3112611770629883 3760
1780864428735 0.09518735110759735 3761
1780864428737 0.1601831018924713 3762
1780864428740 0.40926119685173035 3763
1780864428743 0.211311474442482 3764
1780864428746 0.23398137092590332 3765
1780864428749 0.6757797598838806 3766
1780864428751 0.269037663936615 3767
1780864428754 0.26292771100997925 3768
1780864428757 0.3250432014465332 3769
1780864428759 0.20107020437717438 3770
1780864428762 0.4763535261154175 3771
1780864428765 0.22254538536071777 3772
1780864428767 0.24343857169151306 3773
1780864428770 0.3627127408981323 3774
1780864428773 0.3925730884075165 3775
1780864428775 0.5261117815971375 3776
1780864428778 0.1921878159046173 3777
1780864428781 0.32053983211517334 3778
1780864428783 0.2227831780910492 3779
1780864428786 0.2846471667289734 3780
1780864428789 0.24187596142292023 3781
1780864428792 0.37043651938438416 3782
1780864428796 0.5406993627548218 3783
1780864428799 0.10636726766824722 3784
1780864428801 0.34088853001594543 3785
1780864428804 0.2348235696554184 3786
1780864428807 0.1556791216135025 3787
1780864428809 0.6545512676239014 3788
1780864428812 0.2263898253440857 3789
1780864428815 0.23657537996768951 3790
1780864428818 0.1673067808151245 3791
1780864428821 0.4806056618690491 3792
1780864428824 0.29523396492004395 3793
1780864428827 0.15115931630134583 3794
1780864428830 0.25802746415138245 3795
1780864428832 0.29446324706077576 3796
1780864428835 0.20591706037521362 3797
1780864428838 0.21643292903900146 3798
1780864428842 0.15102185308933258 3799
1780864428845 0.18933752179145813 3800
1780864428848 0.13004712760448456 3801
1780864428850 0.3790145516395569 3802
1780864428853 0.38481074571609497 3803
1780864428856 0.38701939582824707 3804
1780864428858 0.2627955973148346 3805
1780864428861 0.26730382442474365 3806
1780864428864 0.22911337018013 3807
1780864428867 0.24293844401836395 3808
1780864428870 0.21852366626262665 3809
1780864428873 0.22645486891269684 3810
1780864428875 0.3787370026111603 3811
1780864428878 0.35127538442611694 3812
1780864428881 0.2819652855396271 3813
1780864428883 0.13288813829421997 3814
1780864428886 0.34632933139801025 3815
1780864428889 0.1981171816587448 3816
1780864428892 0.1673358678817749 3817
1780864428895 0.39973288774490356 3818
1780864428897 0.0957849994301796 3819
1780864428900 0.18745532631874084 3820
1780864428903 0.13613314926624298 3821
1780864428905 0.2017580270767212 3822
1780864428908 0.20512838661670685 3823
1780864428910 0.3368026316165924 3824
1780864428914 0.40336549282073975 3825
1780864428916 0.5009980201721191 3826
1780864428920 0.16263672709465027 3827
1780864428922 0.3252893388271332 3828
1780864428925 0.24756720662117004 3829
1780864428928 0.12074752897024155 3830
1780864428930 0.20202377438545227 3831
1780864428933 0.3532273769378662 3832
1780864428935 0.3398425877094269 3833
1780864428938 0.3007048964500427 3834
1780864428941 0.4743795394897461 3835
1780864428943 0.4076744019985199 3836
1780864428946 0.23080889880657196 3837
1780864428949 0.11321239173412323 3838
1780864428951 0.23072761297225952 3839
1780864428954 0.3257579207420349 3840
1780864428957 0.24887539446353912 3841
1780864428960 0.2112027108669281 3842
1780864428962 0.4642305374145508 3843
1780864428965 0.3666868805885315 3844
1780864428968 0.7310745716094971 3845
1780864428970 0.6147375106811523 3846
1780864428975 0.22713735699653625 3847
1780864428977 0.2306344360113144 3848
1780864428981 0.16125163435935974 3849
1780864428983 0.23380394279956818 3850
1780864428987 0.187558114528656 3851
1780864428990 0.3140712380409241 3852
1780864428993 0.27739185094833374 3853
1780864428996 0.2543043792247772 3854
1780864429000 0.418973445892334 3855
1780864429003 0.18552254140377045 3856
1780864429005 0.19818513095378876 3857
1780864429008 0.284187376499176 3858
1780864429010 0.22715391218662262 3859
1780864429013 0.19699929654598236 3860
1780864429017 0.21450868248939514 3861
1780864429020 0.35737344622612 3862
1780864429023 0.33530697226524353 3863
1780864429026 0.28727173805236816 3864
1780864429028 0.3415309190750122 3865
1780864429031 0.3122793138027191 3866
1780864429034 0.5201762318611145 3867
1780864429037 0.2169508934020996 3868
1780864429039 0.1436629742383957 3869
1780864429042 0.528570294380188 3870
1780864429045 0.19617566466331482 3871
1780864429047 0.273170530796051 3872
1780864429050 0.4387984871864319 3873
1780864429053 0.1432272493839264 3874
1780864429055 0.5114703178405762 3875
1780864429058 0.42055830359458923 3876
1780864429061 0.3306296169757843 3877
1780864429064 0.3422747254371643 3878
1780864429067 0.20305056869983673 3879
1780864429070 0.16747334599494934 3880
1780864429073 0.4524776041507721 3881
1780864429076 0.39198872447013855 3882
1780864429079 0.2307579070329666 3883
1780864429082 0.16754581034183502 3884
1780864429085 0.3671976625919342 3885
1780864429087 0.22957287728786469 3886
1780864429090 0.26357501745224 3887
1780864429093 0.2612314522266388 3888
1780864429095 0.14340196549892426 3889
1780864429099 0.3162183463573456 3890
1780864429102 0.27075114846229553 3891
1780864429104 0.22350886464118958 3892
1780864429107 0.20061863958835602 3893
1780864429110 0.34552860260009766 3894
1780864429113 0.559826672077179 3895
1780864429116 0.2690979540348053 3896
1780864429119 0.2150355726480484 3897
1780864429121 0.2650283873081207 3898
1780864429124 0.18180875480175018 3899
1780864429126 0.14983904361724854 3900
1780864429129 0.25101950764656067 3901
1780864429132 0.1933596432209015 3902
1780864429134 0.18225759267807007 3903
1780864429137 0.3802620470523834 3904
1780864429140 0.3487844467163086 3905
1780864429142 0.34663331508636475 3906
1780864429145 0.23405103385448456 3907
1780864429148 0.19714714586734772 3908
1780864429152 0.24362927675247192 3909
1780864429155 0.22412869334220886 3910
1780864429157 0.19408226013183594 3911
1780864429160 0.328908771276474 3912
1780864429163 0.23651573061943054 3913
1780864429166 0.3615491986274719 3914
1780864429169 0.18147799372673035 3915
1780864429171 0.5910800099372864 3916
1780864429174 0.2893470823764801 3917
1780864429177 0.27679625153541565 3918
1780864429180 0.33631205558776855 3919
1780864429182 0.3313875198364258 3920
1780864429185 0.29353877902030945 3921
1780864429188 0.30111417174339294 3922
1780864429191 0.45709556341171265 3923
1780864429195 0.4974018931388855 3924
1780864429197 0.16563668847084045 3925
1780864429200 0.2279496043920517 3926
1780864429204 0.24502091109752655 3927
1780864429206 0.16452495753765106 3928
1780864429209 0.2811417877674103 3929
1780864429211 0.21484991908073425 3930
1780864429214 0.36273613572120667 3931
1780864429216 0.5786625146865845 3932
1780864429219 0.19629071652889252 3933
1780864429221 0.4244265556335449 3934
1780864429224 0.3898506462574005 3935
1780864429227 0.23781517148017883 3936
1780864429229 0.6716238260269165 3937
1780864429232 0.23237097263336182 3938
1780864429235 0.47472915053367615 3939
1780864429237 0.21890655159950256 3940
1780864429240 0.3043835759162903 3941
1780864429242 0.19434532523155212 3942
1780864429245 0.4936787188053131 3943
1780864429247 0.4661455452442169 3944
1780864429250 0.1924702674150467 3945
1780864429254 0.25088152289390564 3946
1780864429257 0.3316628336906433 3947
1780864429260 0.2135627567768097 3948
1780864429263 0.38892948627471924 3949
1780864429266 0.2661849856376648 3950
1780864429268 0.16341078281402588 3951
1780864429271 0.27599507570266724 3952
1780864429274 0.6223629117012024 3953
1780864429276 0.19452188909053802 3954
1780864429279 0.14926409721374512 3955
1780864429281 0.2300703376531601 3956
1780864429284 0.352196604013443 3957
1780864429288 0.3411923348903656 3958
1780864429291 0.20674675703048706 3959
1780864429293 0.43071770668029785 3960
1780864429296 0.28692904114723206 3961
1780864429299 0.3144490718841553 3962
1780864429301 0.3616219758987427 3963
1780864429304 0.15088151395320892 3964
1780864429307 0.6676969528198242 3965
1780864429309 0.21282649040222168 3966
1780864429312 0.519752562046051 3967
1780864429315 0.6187964081764221 3968
1780864429318 0.22497986257076263 3969
1780864429321 0.4223453998565674 3970
1780864429324 0.5700374245643616 3971
1780864429326 0.22005997598171234 3972
1780864429329 0.12612180411815643 3973
1780864429332 0.26722148060798645 3974
1780864429335 0.22160553932189941 3975
1780864429338 0.32674211263656616 3976
1780864429340 0.3095603287220001 3977
1780864429343 0.2078598141670227 3978
1780864429346 0.18988794088363647 3979
1780864429349 0.17316347360610962 3980
1780864429352 0.13587482273578644 3981
1780864429355 0.2405737191438675 3982
1780864429360 0.39562907814979553 3983
1780864429362 0.1798347532749176 3984
1780864429366 0.27320361137390137 3985
1780864429369 0.13044406473636627 3986
1780864429372 0.26938527822494507 3987
1780864429375 0.36715713143348694 3988
1780864429378 0.32527872920036316 3989
1780864429380 0.3137214779853821 3990
1780864429383 0.21074937283992767 3991
1780864429386 0.1707696169614792 3992
1780864429388 0.32170480489730835 3993
1780864429391 0.38594257831573486 3994
1780864429395 0.19432485103607178 3995
1780864429399 0.23335084319114685 3996
1780864429402 0.23235979676246643 3997
1780864429404 0.41171565651893616 3998
1780864429407 0.3244391679763794 3999
1780864429409 0.26873713731765747 4000
1780864429412 0.2845408618450165 4001
1780864429416 0.2776261568069458 4002
1780864429419 0.2507981061935425 4003
1780864429421 0.3852148652076721 4004
1780864429424 0.19039484858512878 4005
1780864429426 0.25465962290763855 4006
1780864429429 0.2618081271648407 4007
1780864429432 0.2908932566642761 4008
1780864429434 0.2734852135181427 4009
1780864429437 0.21087099611759186 4010
1780864429440 0.31297481060028076 4011
1780864429442 0.3726990520954132 4012
1780864429447 0.18042542040348053 4013
1780864429449 0.2268514484167099 4014
1780864429452 0.30050358176231384 4015
1780864429455 0.30497387051582336 4016
1780864429457 0.26433050632476807 4017
1780864429460 0.4714062511920929 4018
1780864429463 0.2866469919681549 4019
1780864429465 0.18234078586101532 4020
1780864429468 0.4394380748271942 4021
1780864429470 0.28162726759910583 4022
1780864429473 0.3990059494972229 4023
1780864429476 0.40342777967453003 4024
1780864429479 0.34281015396118164 4025
1780864429484 0.2975419759750366 4026
1780864429489 0.22123339772224426 4027
1780864429493 0.3374665677547455 4028
1780864429498 0.2681102156639099 4029
1780864429504 0.3113056719303131 4030
1780864429510 0.433599054813385 4031
1780864429514 0.09977584332227707 4032
1780864429517 0.30612486600875854 4033
1780864429520 0.24398742616176605 4034
1780864429524 0.3250775635242462 4035
1780864429528 0.29484549164772034 4036
1780864429532 0.1797873079776764 4037
1780864429536 0.15939413011074066 4038
1780864429540 0.3583768904209137 4039
1780864429544 0.17169439792633057 4040
1780864429547 0.3334323465824127 4041
1780864429550 0.48657354712486267 4042
1780864429553 0.5679445862770081 4043
1780864429556 0.3468911051750183 4044
1780864429559 0.2378131002187729 4045
1780864429562 0.10655786842107773 4046
1780864429565 0.3461204469203949 4047
1780864429568 0.20128674805164337 4048
1780864429571 0.20293231308460236 4049
1780864429574 0.37490302324295044 4050
1780864429577 0.20096342265605927 4051
1780864429580 0.17049530148506165 4052
1780864429583 0.32986319065093994 4053
1780864429587 0.31698042154312134 4054
1780864429590 0.46838152408599854 4055
1780864429593 0.589060366153717 4056
1780864429596 0.27984490990638733 4057
1780864429599 0.19111552834510803 4058
1780864429602 0.5203704833984375 4059
1780864429605 0.2727624773979187 4060
1780864429608 0.5258836150169373 4061
1780864429611 0.5037139058113098 4062
1780864429614 0.1287701278924942 4063
1780864429617 0.34534379839897156 4064
1780864429620 0.29227593541145325 4065
1780864429623 0.24790795147418976 4066
1780864429626 0.2797473669052124 4067
1780864429630 0.14493724703788757 4068
1780864429633 0.13572140038013458 4069
1780864429635 0.31609076261520386 4070
1780864429638 0.3367624282836914 4071
1780864429641 0.5976857542991638 4072
1780864429644 0.1907951384782791 4073
1780864429647 0.22271285951137543 4074
1780864429651 0.17734399437904358 4075
1780864429653 0.39513105154037476 4076
1780864429657 0.32577604055404663 4077
1780864429660 0.1177225336432457 4078
1780864429664 0.6094917058944702 4079
1780864429667 0.3303021192550659 4080
1780864429669 0.2252454161643982 4081
1780864429672 0.20790164172649384 4082
1780864429676 0.2661616802215576 4083
1780864429690 0.5006706118583679 4084
1780864429694 0.22527006268501282 4085
1780864429699 0.24453745782375336 4086
1780864429705 0.22982245683670044 4087
1780864429709 0.44020020961761475 4088
1780864429713 0.557291567325592 4089
1780864429716 0.33195239305496216 4090
1780864429720 0.35688546299934387 4091
1780864429726 0.24017104506492615 4092
1780864429729 0.2319432646036148 4093
1780864429732 0.15371736884117126 4094
1780864429736 0.16989153623580933 4095
1780864429739 0.2819105088710785 4096
1780864429742 0.19942454993724823 4097
1780864429745 0.19302204251289368 4098
1780864429748 0.22286567091941833 4099
1780864429751 0.23536966741085052 4100
1780864429754 0.23580721020698547 4101
1780864429758 0.37598657608032227 4102
1780864429761 0.5236382484436035 4103
1780864429764 0.17710524797439575 4104
1780864429767 0.32138076424598694 4105
1780864429769 0.2537730634212494 4106
1780864429772 0.3405248820781708 4107
1780864429775 0.2646331191062927 4108
1780864429778 0.19126634299755096 4109
1780864429781 0.3097490072250366 4110
1780864429785 0.5507916212081909 4111
1780864429787 0.23236815631389618 4112
1780864429791 0.3847692012786865 4113
1780864429794 0.2526145279407501 4114
1780864429797 0.3232649862766266 4115
1780864429799 0.2401682287454605 4116
1780864429802 0.31155380606651306 4117
1780864429805 0.23313584923744202 4118
1780864429808 0.19240900874137878 4119
1780864429811 0.2697516679763794 4120
1780864429814 0.2828809320926666 4121
1780864429817 0.3319644629955292 4122
1780864429821 0.38737234473228455 4123
1780864429824 0.1322360336780548 4124
1780864429827 0.28816139698028564 4125
1780864429830 0.4978872835636139 4126
1780864429833 0.3060159683227539 4127
1780864429836 0.29987862706184387 4128
1780864429840 0.30177974700927734 4129
1780864429844 0.5075873732566833 4130
1780864429847 0.6355346441268921 4131
1780864429850 0.1975637823343277 4132
1780864429853 0.15709005296230316 4133
1780864429857 0.3627358078956604 4134
1780864429860 0.26728519797325134 4135
1780864429864 0.4251479506492615 4136
1780864429867 0.15386776626110077 4137
1780864429871 0.23435159027576447 4138
1780864429874 0.28397271037101746 4139
1780864429878 0.13478805124759674 4140
1780864429881 0.14420945942401886 4141
1780864429884 0.31404271721839905 4142
1780864429886 0.18115101754665375 4143
1780864429890 0.38162368535995483 4144
1780864429892 0.256817489862442 4145
1780864429895 0.46309250593185425 4146
1780864429898 0.17486022412776947 4147
1780864429902 0.2511298954486847 4148
1780864429905 0.3435657322406769 4149
1780864429909 0.2705237865447998 4150
1780864429912 0.23438221216201782 4151
1780864429914 0.3191256821155548 4152
1780864429918 0.4421320855617523 4153
1780864429922 0.15806275606155396 4154
1780864429925 0.28676992654800415 4155
1780864429927 0.2525021433830261 4156
1780864429930 0.43277740478515625 4157
1780864429933 0.30321621894836426 4158
1780864429936 0.3439437448978424 4159
1780864429939 0.38492390513420105 4160
1780864429944 0.38742315769195557 4161
1780864429948 0.16820496320724487 4162
1780864429952 0.1672854870557785 4163
1780864429956 0.11571527272462845 4164
1780864429959 0.2644631266593933 4165
1780864429962 0.2567889094352722 4166
1780864429964 0.33299556374549866 4167
1780864429967 0.23178631067276 4168
1780864429970 0.16056737303733826 4169
1780864429973 0.21611259877681732 4170
1780864429976 0.263406366109848 4171
1780864429979 0.26964184641838074 4172
1780864429982 0.3271506726741791 4173
1780864429986 0.43291762471199036 4174
1780864429990 0.24838899075984955 4175
1780864429993 0.409111887216568 4176
1780864429996 0.6386168003082275 4177
1780864430000 0.1846330314874649 4178
1780864430004 0.22525306046009064 4179
1780864430007 0.4448324739933014 4180
1780864430011 0.16225892305374146 4181
1780864430014 0.6188886165618896 4182
1780864430017 0.33826321363449097 4183
1780864430021 0.36821481585502625 4184
1780864430024 0.2154972106218338 4185
1780864430027 0.430158406496048 4186
1780864430031 0.3584979474544525 4187
1780864430034 0.2650887072086334 4188
1780864430037 0.25140252709388733 4189
1780864430041 0.37351271510124207 4190
1780864430043 0.21812985837459564 4191
1780864430047 0.4243294596672058 4192
1780864430050 0.1860027313232422 4193
1780864430053 0.12808898091316223 4194
1780864430057 0.20473533868789673 4195
1780864430060 0.23268412053585052 4196
1780864430063 0.697801411151886 4197
1780864430065 0.34692952036857605 4198
1780864430069 0.358746737241745 4199
1780864430072 0.33898597955703735 4200
1780864430075 0.13907913863658905 4201
1780864430078 0.24563756585121155 4202
1780864430082 0.34775274991989136 4203
1780864430086 0.39316293597221375 4204
1780864430090 0.3663623332977295 4205
1780864430093 0.44683122634887695 4206
1780864430096 0.2337598204612732 4207
1780864430099 0.4062686860561371 4208
1780864430102 0.0789465457201004 4209
1780864430105 0.28911638259887695 4210
1780864430108 0.23801825940608978 4211
1780864430111 0.2624034583568573 4212
1780864430114 0.2493220418691635 4213
1780864430117 0.2406443953514099 4214
1780864430120 0.36309489607810974 4215
1780864430122 0.1739698052406311 4216
1780864430125 0.263605535030365 4217
1780864430127 0.3698994517326355 4218
1780864430130 0.14316466450691223 4219
1780864430133 0.2838713228702545 4220
1780864430135 0.3504627048969269 4221
1780864430138 0.1789540797472 4222
1780864430141 0.24816802144050598 4223
1780864430143 0.4214174151420593 4224
1780864430146 0.2558129131793976 4225
1780864430149 0.5486811399459839 4226
1780864430152 0.3695344030857086 4227
1780864430155 0.31619134545326233 4228
1780864430157 0.4594214856624603 4229
1780864430160 0.24035733938217163 4230
1780864430163 0.34484073519706726 4231
1780864430165 0.1669820100069046 4232
1780864430168 0.20156638324260712 4233
1780864430171 0.10224056988954544 4234
1780864430174 0.23823775351047516 4235
1780864430176 0.24367070198059082 4236
1780864430179 0.1119598001241684 4237
1780864430181 0.44677698612213135 4238
1780864430184 0.16152940690517426 4239
1780864430187 0.2640586793422699 4240
1780864430189 0.14997969567775726 4241
1780864430192 0.3377729058265686 4242
1780864430195 0.21348345279693604 4243
1780864430197 0.24762964248657227 4244
1780864430200 0.165540412068367 4245
1780864430202 0.20384134352207184 4246
1780864430205 0.16811777651309967 4247
1780864430208 0.2883359491825104 4248
1780864430211 0.22659160196781158 4249
1780864430213 0.05893336981534958 4250
1780864430217 0.37792035937309265 4251
1780864430220 0.43801814317703247 4252
1780864430223 0.2688165009021759 4253
1780864430226 0.2570263743400574 4254
1780864430229 0.263393372297287 4255
1780864430232 0.463249146938324 4256
1780864430235 0.3314673900604248 4257
1780864430238 0.3280012905597687 4258
1780864430241 0.15514057874679565 4259
1780864430244 0.5017814040184021 4260
1780864430246 0.523462176322937 4261
1780864430249 0.2304736077785492 4262
1780864430252 0.39468008279800415 4263
1780864430255 0.28124019503593445 4264
1780864430257 0.26055440306663513 4265
1780864430260 0.32115551829338074 4266
1780864430264 0.14980973303318024 4267
1780864430267 0.32260504364967346 4268
1780864430270 0.6005427837371826 4269
1780864430272 0.36720097064971924 4270
1780864430275 0.1794278472661972 4271
1780864430277 0.3186017870903015 4272
1780864430280 0.19699065387248993 4273
1780864430282 0.31182846426963806 4274
1780864430285 0.270195335149765 4275
1780864430287 0.20245487987995148 4276
1780864430290 0.49945658445358276 4277
1780864430293 0.3983151614665985 4278
1780864430295 0.299687922000885 4279
1780864430298 0.25956234335899353 4280
1780864430301 0.2655075788497925 4281
1780864430303 0.3175274729728699 4282
1780864430306 0.16930294036865234 4283
1780864430308 0.15321414172649384 4284
1780864430311 0.38920149207115173 4285
1780864430314 0.6025651693344116 4286
1780864430317 0.3055749535560608 4287
1780864430320 0.24535608291625977 4288
1780864430323 0.14043597877025604 4289
1780864430325 0.4915790557861328 4290
1780864430328 0.33568960428237915 4291
1780864430331 0.2403024137020111 4292
1780864430334 0.17302444577217102 4293
1780864430337 0.4753105640411377 4294
1780864430339 0.6365223526954651 4295
1780864430342 0.13546885550022125 4296
1780864430344 0.35864362120628357 4297
1780864430347 0.21262294054031372 4298
1780864430350 0.2845222055912018 4299
1780864430353 0.519650936126709 4300
1780864430355 0.20757754147052765 4301
1780864430358 0.22345221042633057 4302
1780864430360 0.25578680634498596 4303
1780864430363 0.2321423888206482 4304
1780864430366 0.2665489912033081 4305
1780864430369 0.27107951045036316 4306
1780864430371 0.5120962858200073 4307
1780864430374 0.27766555547714233 4308
1780864430376 0.15845979750156403 4309
1780864430379 0.30353376269340515 4310
1780864430381 0.27784594893455505 4311
1780864430384 0.24534668028354645 4312
1780864430387 0.12420892715454102 4313
1780864430390 0.1816309690475464 4314
1780864430392 0.30914950370788574 4315
1780864430395 0.2633253335952759 4316
1780864430398 0.3461971580982208 4317
1780864430401 0.32737356424331665 4318
1780864430403 0.5688884854316711 4319
1780864430406 0.34591296315193176 4320
1780864430408 0.40356218814849854 4321
1780864430411 0.2932770252227783 4322
1780864430413 0.20741651952266693 4323
1780864430416 0.2563709020614624 4324
1780864430419 0.519188404083252 4325
1780864430421 0.1906190812587738 4326
1780864430425 0.255269318819046 4327
1780864430428 0.1494150608778 4328
1780864430431 0.3732061982154846 4329
1780864430434 0.5078637003898621 4330
1780864430437 0.3051173686981201 4331
1780864430439 0.29225149750709534 4332
1780864430442 0.49419260025024414 4333
1780864430445 0.3124184310436249 4334
1780864430447 0.30744174122810364 4335
1780864430450 0.3058038651943207 4336
1780864430453 0.13760966062545776 4337
1780864430455 0.19401243329048157 4338
1780864430457 0.47568437457084656 4339
1780864430460 0.3034193813800812 4340
1780864430463 0.1305488497018814 4341
1780864430465 0.2628037631511688 4342
1780864430468 0.3537249267101288 4343
1780864430471 0.15798494219779968 4344
1780864430474 0.29509273171424866 4345
1780864430477 0.21461114287376404 4346
1780864430480 0.18211495876312256 4347
1780864430482 0.21817952394485474 4348
1780864430485 0.18958646059036255 4349
1780864430487 0.529231607913971 4350
1780864430490 0.21476110816001892 4351
1780864430493 0.4175163507461548 4352
1780864430496 0.3216988444328308 4353
1780864430499 0.16765104234218597 4354
1780864430501 0.2102500945329666 4355
1780864430503 0.1718813180923462 4356
1780864430506 0.30597755312919617 4357
1780864430508 0.31108102202415466 4358
1780864430511 0.34736770391464233 4359
1780864430514 0.10000630468130112 4360
1780864430516 0.531580924987793 4361
1780864430519 0.11485882848501205 4362
1780864430522 0.3699873387813568 4363
1780864430524 0.4955514669418335 4364
1780864430527 0.2924630641937256 4365
1780864430529 0.3230668306350708 4366
1780864430532 0.3780994415283203 4367
1780864430534 0.12595853209495544 4368
1780864430537 0.14755357801914215 4369
1780864430540 0.20874077081680298 4370
1780864430542 0.318688303232193 4371
1780864430545 0.3429301679134369 4372
1780864430547 0.30319613218307495 4373
1780864430550 0.25740817189216614 4374
1780864430552 0.3266085386276245 4375
1780864430555 0.40934592485427856 4376
1780864430557 0.2520535886287689 4377
1780864430560 0.45505961775779724 4378
1780864430563 0.2854836583137512 4379
1780864430565 0.4006185829639435 4380
1780864430568 0.18640431761741638 4381
1780864430571 0.15941768884658813 4382
1780864430573 0.28449925780296326 4383
1780864430576 0.36018067598342896 4384
1780864430578 0.21295729279518127 4385
1780864430581 0.5404924154281616 4386
1780864430583 0.225557342171669 4387
1780864430586 0.20930516719818115 4388
1780864430588 0.5187641382217407 4389
1780864430591 0.21722082793712616 4390
1780864430593 0.20067952573299408 4391
1780864430596 0.28133994340896606 4392
1780864430598 0.18091686069965363 4393
1780864430601 0.2556247413158417 4394
1780864430603 0.27819254994392395 4395
1780864430606 0.3306460976600647 4396
1780864430608 0.1345178484916687 4397
1780864430611 0.25573408603668213 4398
1780864430614 0.3888711929321289 4399
1780864430616 0.48455238342285156 4400
1780864430619 0.15162402391433716 4401
1780864430621 0.32557499408721924 4402
1780864430624 0.43613460659980774 4403
1780864430627 0.27416518330574036 4404
1780864430630 0.2898586392402649 4405
1780864430632 0.32048073410987854 4406
1780864430635 0.5083956122398376 4407
1780864430638 0.44730380177497864 4408
1780864430641 0.2893954813480377 4409
1780864430643 0.3048410713672638 4410
1780864430646 0.24445974826812744 4411
1780864430649 0.3162994980812073 4412
1780864430651 0.11392293125391006 4413
1780864430654 0.3687818944454193 4414
1780864430656 0.4995361566543579 4415
1780864430659 0.316323846578598 4416
1780864430662 0.1777118742465973 4417
1780864430664 0.30819764733314514 4418
1780864430667 0.25078490376472473 4419
1780864430670 0.19805651903152466 4420
1780864430672 0.27955326437950134 4421
1780864430677 0.1451166421175003 4422
1780864430679 0.13109444081783295 4423
1780864430682 0.29682251811027527 4424
1780864430685 0.2223978489637375 4425
1780864430688 0.2946590185165405 4426
1780864430691 0.4024673104286194 4427
1780864430694 0.13662514090538025 4428
1780864430697 0.24623917043209076 4429
1780864430700 0.29983702301979065 4430
1780864430703 0.23814696073532104 4431
1780864430705 0.5098918080329895 4432
1780864430708 0.2870838940143585 4433
1780864430711 0.49937599897384644 4434
1780864430714 0.42874041199684143 4435
1780864430716 0.21503667533397675 4436
1780864430719 0.40114453434944153 4437
1780864430723 0.4949534237384796 4438
1780864430726 0.19195355474948883 4439
1780864430729 0.2809770703315735 4440
1780864430732 0.21451996266841888 4441
1780864430734 0.344647616147995 4442
1780864430737 0.6453272700309753 4443
1780864430739 0.21301186084747314 4444
1780864430743 0.297050416469574 4445
1780864430746 0.29917505383491516 4446
1780864430749 0.19725728034973145 4447
1780864430751 0.503246009349823 4448
1780864430754 0.3260919153690338 4449
1780864430757 0.1674533635377884 4450
1780864430760 0.3295198976993561 4451
1780864430764 0.23783168196678162 4452
1780864430766 0.10135895013809204 4453
1780864430769 0.17200978100299835 4454
1780864430772 0.6604371070861816 4455
1780864430777 0.45314350724220276 4456
1780864430780 0.2770373821258545 4457
1780864430783 0.45378637313842773 4458
1780864430786 0.4073905050754547 4459
1780864430791 0.21360591053962708 4460
1780864430796 0.2737148106098175 4461
1780864430800 0.296219140291214 4462
1780864430804 0.1380145102739334 4463
1780864430809 0.17915137112140656 4464
1780864430812 0.27850496768951416 4465
1780864430816 0.28619858622550964 4466
1780864430820 0.21063734591007233 4467
1780864430824 0.2575467824935913 4468
1780864430827 0.4158676266670227 4469
1780864430830 0.19850650429725647 4470
1780864430834 0.3670452833175659 4471
1780864430837 0.23249337077140808 4472
1780864430842 0.1827191412448883 4473
1780864430846 0.18917660415172577 4474
1780864430850 0.14662471413612366 4475
1780864430853 0.21456702053546906 4476
1780864430857 0.16320091485977173 4477
1780864430861 0.3840439021587372 4478
1780864430864 0.290249764919281 4479
1780864430869 0.5139357447624207 4480
1780864430872 0.1995045244693756 4481
1780864430875 0.3651094138622284 4482
1780864430878 0.30473533272743225 4483
1780864430881 0.307382196187973 4484
1780864430883 0.23756109178066254 4485
1780864430886 0.25442075729370117 4486
1780864430889 0.3080562651157379 4487
1780864430892 0.12334399670362473 4488
1780864430895 0.15057195723056793 4489
1780864430897 0.2141784429550171 4490
1780864430900 0.27253761887550354 4491
1780864430903 0.21044853329658508 4492
1780864430906 0.3216988146305084 4493
1780864430909 0.17136560380458832 4494
1780864430911 0.22508013248443604 4495
1780864430914 0.2132345288991928 4496
1780864430916 0.4237803518772125 4497
1780864430919 0.37907180190086365 4498
1780864430922 0.2961260676383972 4499
1780864430924 0.20691148936748505 4500
1780864430927 0.4144721031188965 4501
1780864430930 0.19838565587997437 4502
1780864430933 0.19052913784980774 4503
1780864430936 0.2835860550403595 4504
1780864430939 0.5357770919799805 4505
1780864430942 0.32168281078338623 4506
1780864430944 0.30008378624916077 4507
1780864430947 0.27981874346733093 4508
1780864430949 0.14774127304553986 4509
1780864430952 0.3934797942638397 4510
1780864430955 0.2876441478729248 4511
1780864430958 0.19454286992549896 4512
1780864430960 0.1732100248336792 4513
1780864430963 0.2710112929344177 4514
1780864430966 0.32305482029914856 4515
1780864430968 0.23801153898239136 4516
1780864430971 0.3395009934902191 4517
1780864430973 0.31849557161331177 4518
1780864430976 0.376558780670166 4519
1780864430978 0.20858684182167053 4520
1780864430981 0.4572005271911621 4521
1780864430983 0.3708997964859009 4522
1780864430986 0.3096897304058075 4523
1780864430989 0.21495991945266724 4524
1780864430992 0.3459133505821228 4525
1780864430994 0.4381036162376404 4526
1780864430997 0.254423052072525 4527
1780864430999 0.20050613582134247 4528
1780864431002 0.38072916865348816 4529
1780864431005 0.21108214557170868 4530
1780864431008 0.7034552097320557 4531
1780864431010 0.28690871596336365 4532
1780864431013 0.2615951597690582 4533
1780864431015 0.2217232584953308 4534
1780864431018 0.10706239193677902 4535
1780864431021 0.1247524619102478 4536
1780864431023 0.1524316668510437 4537
1780864431026 0.343472957611084 4538
1780864431029 0.4304729700088501 4539
1780864431031 0.25775158405303955 4540
1780864431034 0.381948858499527 4541
1780864431037 0.2582838833332062 4542
1780864431039 0.24686913192272186 4543
1780864431042 0.36096829175949097 4544
1780864431044 0.16973617672920227 4545
1780864431047 0.2897605895996094 4546
1780864431050 0.4659388065338135 4547
1780864431054 0.21397201716899872 4548
1780864431057 0.3519824147224426 4549
1780864431060 0.19225625693798065 4550
1780864431063 0.2923584282398224 4551
1780864431065 0.19232997298240662 4552
1780864431068 0.18720711767673492 4553
1780864431070 0.3546188473701477 4554
1780864431073 0.23113605380058289 4555
1780864431075 0.4806821644306183 4556
1780864431078 0.4180399179458618 4557
1780864431081 0.35770073533058167 4558
1780864431083 0.3018401563167572 4559
1780864431086 0.23821350932121277 4560
1780864431090 0.3760329782962799 4561
1780864431093 0.3127921521663666 4562
1780864431095 0.20816174149513245 4563
1780864431098 0.4024072289466858 4564
1780864431101 0.32260873913764954 4565
1780864431104 0.36726802587509155 4566
1780864431107 0.23431691527366638 4567
1780864431109 0.5480876564979553 4568
1780864431112 0.16528017818927765 4569
1780864431115 0.32609429955482483 4570
1780864431117 0.07027166336774826 4571
1780864431120 0.38325467705726624 4572
1780864431123 0.22264768183231354 4573
1780864431125 0.36457884311676025 4574
1780864431128 0.16633205115795135 4575
1780864431131 0.36752280592918396 4576
1780864431134 0.1866760104894638 4577
1780864431136 0.35715487599372864 4578
1780864431139 0.3745117485523224 4579
1780864431142 0.3042774200439453 4580
1780864431144 0.24042566120624542 4581
1780864431148 0.21905139088630676 4582
1780864431151 0.23947668075561523 4583
1780864431153 0.2700347304344177 4584
1780864431156 0.18235330283641815 4585
1780864431158 0.25730589032173157 4586
1780864431161 0.21692952513694763 4587
1780864431164 0.2987145185470581 4588
1780864431167 0.19936633110046387 4589
1780864431170 0.36962899565696716 4590
1780864431172 0.24018815159797668 4591
1780864431175 0.12006151676177979 4592
1780864431178 0.14163216948509216 4593
1780864431180 0.4228694438934326 4594
1780864431183 0.1402430385351181 4595
1780864431186 0.22407932579517365 4596
1780864431189 0.24235042929649353 4597
1780864431192 0.3395691514015198 4598
1780864431196 0.32599812746047974 4599
1780864431198 0.23319441080093384 4600
1780864431201 0.14972230792045593 4601
1780864431204 0.13814160227775574 4602
1780864431207 0.2613634467124939 4603
1780864431209 0.2557992935180664 4604
1780864431212 0.3314169645309448 4605
1780864431215 0.21795544028282166 4606
1780864431217 0.3840330243110657 4607
1780864431220 0.2948951721191406 4608
1780864431223 0.4299025535583496 4609
1780864431225 0.2604982852935791 4610
1780864431228 0.31996411085128784 4611
1780864431231 0.14853492379188538 4612
1780864431234 0.5052032470703125 4613
1780864431237 0.19279810786247253 4614
1780864431240 0.41964539885520935 4615
1780864431243 0.30226650834083557 4616
1780864431246 0.23726435005664825 4617
1780864431248 0.24758808314800262 4618
1780864431251 0.324005126953125 4619
1780864431254 0.33674249053001404 4620
1780864431258 0.27007654309272766 4621
1780864431260 0.3249906301498413 4622
1780864431263 0.3661389946937561 4623
1780864431265 0.16963516175746918 4624
1780864431268 0.35301315784454346 4625
1780864431271 0.2869059443473816 4626
1780864431273 0.27470359206199646 4627
1780864431276 0.40939727425575256 4628
1780864431279 0.41637110710144043 4629
1780864431282 0.24561956524848938 4630
1780864431286 0.5255546569824219 4631
1780864431290 0.11916086822748184 4632
1780864431296 0.45619291067123413 4633
1780864431299 0.40581899881362915 4634
1780864431303 0.25891396403312683 4635
1780864431306 0.27824246883392334 4636
1780864431309 0.36385461688041687 4637
1780864431312 0.5366573929786682 4638
1780864431315 0.23480530083179474 4639
1780864431319 0.1912497580051422 4640
1780864431322 0.3129463195800781 4641
1780864431325 0.3334532380104065 4642
1780864431329 0.21311558783054352 4643
1780864431333 0.22781789302825928 4644
1780864431337 0.4404480755329132 4645
1780864431340 0.2175954133272171 4646
1780864431343 0.19672711193561554 4647
1780864431346 0.2512184679508209 4648
1780864431349 0.6155557036399841 4649
1780864431353 0.24769844114780426 4650
1780864431355 0.32651883363723755 4651
1780864431358 0.18224883079528809 4652
1780864431361 0.26397207379341125 4653
1780864431364 0.5318488478660583 4654
1780864431367 0.3610585033893585 4655
1780864431370 0.46804776787757874 4656
1780864431373 0.3870871067047119 4657
1780864431376 0.1492750644683838 4658
1780864431380 0.369515985250473 4659
1780864431383 0.22396400570869446 4660
1780864431389 0.17477160692214966 4661
1780864431393 0.1265648454427719 4662
1780864431396 0.21355776488780975 4663
1780864431399 0.1369941085577011 4664
1780864431404 0.1686239093542099 4665
1780864431408 0.4155815839767456 4666
1780864431411 0.48977845907211304 4667
1780864431414 0.35139864683151245 4668
1780864431417 0.2507342994213104 4669
1780864431420 0.24381530284881592 4670
1780864431424 0.3215831518173218 4671
1780864431427 0.29645177721977234 4672
1780864431429 0.2717840075492859 4673
1780864431433 0.2993110716342926 4674
1780864431436 0.19302117824554443 4675
1780864431438 0.2670993208885193 4676
1780864431441 0.25175583362579346 4677
1780864431444 0.26029321551322937 4678
1780864431447 0.2830291986465454 4679
1780864431449 0.4440259635448456 4680
1780864431452 0.1592102348804474 4681
1780864431455 0.3479267954826355 4682
1780864431458 0.31729960441589355 4683
1780864431460 0.3909977078437805 4684
