1781358135073 2.799739122390747 0
1781358135081 3.185800075531006 1
1781358135085 3.9014134407043457 2
1781358135090 4.175052165985107 3
1781358135095 5.0671467781066895 4
1781358135100 5.8326311111450195 5
1781358135104 7.107845306396484 6
1781358135109 7.6895904541015625 7
1781358135115 8.038484573364258 8
1781358135119 9.577775001525879 9
1781358135127 11.510908126831055 10
1781358135132 12.50042724609375 11
1781358135137 14.703514099121094 12
1781358135142 14.041808128356934 13
1781358135147 15.419556617736816 14
1781358135151 20.07381820678711 15
1781358135156 20.096874237060547 16
1781358135162 21.70824432373047 17
1781358135167 24.080677032470703 18
1781358135171 22.8576602935791 19
1781358135177 24.705211639404297 20
1781358135182 30.274005889892578 21
1781358135186 35.88056945800781 22
1781358135191 29.30218505859375 23
1781358135196 33.4901237487793 24
1781358135201 41.56568908691406 25
1781358135207 41.016868591308594 26
1781358135212 44.713294982910156 27
1781358135216 49.78822708129883 28
1781358135222 56.54834747314453 29
1781358135227 52.39762878417969 30
1781358135231 56.12140655517578 31
1781358135238 59.4910774230957 32
1781358135243 68.18000030517578 33
1781358135247 68.73795318603516 34
1781358135254 82.27505493164062 35
1781358135258 81.16268920898438 36
1781358135263 81.43392944335938 37
1781358135268 87.0707778930664 38
1781358135273 90.0098876953125 39
1781358135278 94.0866470336914 40
1781358135283 95.52229309082031 41
1781358135288 105.45911407470703 42
1781358135293 105.68141174316406 43
1781358135297 108.55770874023438 44
1781358135302 116.75127410888672 45
1781358135307 117.7178955078125 46
1781358135311 105.99246978759766 47
1781358135317 129.4295196533203 48
1781358135322 133.78878784179688 49
1781358135326 136.9656219482422 50
1781358135332 135.96890258789062 51
1781358135337 135.87692260742188 52
1781358135342 141.86184692382812 53
1781358135348 150.5404052734375 54
1781358135352 146.49346923828125 55
1781358135357 129.0532989501953 56
1781358135362 147.61236572265625 57
1781358135368 143.2519989013672 58
1781358135372 143.4609375 59
1781358135377 147.535400390625 60
1781358135382 133.4506072998047 61
1781358135387 149.5182342529297 62
1781358135393 156.84616088867188 63
1781358135400 159.0323486328125 64
1781358135405 154.5123748779297 65
1781358135410 142.94363403320312 66
1781358135415 157.36474609375 67
1781358135419 159.09429931640625 68
1781358135424 164.51907348632812 69
1781358135429 150.24014282226562 70
1781358135434 152.85983276367188 71
1781358135438 138.37057495117188 72
1781358135443 147.51345825195312 73
1781358135448 153.19668579101562 74
1781358135453 132.98146057128906 75
1781358135458 133.20745849609375 76
1781358135463 144.50047302246094 77
1781358135468 139.66754150390625 78
1781358135474 143.39181518554688 79
1781358135478 149.1353302001953 80
1781358135483 152.03721618652344 81
1781358135490 132.35653686523438 82
1781358135495 126.53512573242188 83
1781358135499 135.49774169921875 84
1781358135506 125.2861328125 85
1781358135511 133.61117553710938 86
1781358135515 138.73025512695312 87
1781358135521 128.88653564453125 88
1781358135526 125.41651153564453 89
1781358135530 132.90261840820312 90
1781358135536 123.16304779052734 91
1781358135541 137.18817138671875 92
1781358135545 133.60008239746094 93
1781358135551 124.05584716796875 94
1781358135556 114.30530548095703 95
1781358135560 126.18876647949219 96
1781358135565 124.13101196289062 97
1781358135571 117.32916259765625 98
1781358135575 117.57243347167969 99
1781358135579 118.47259521484375 100
1781358135584 124.05180358886719 101
1781358135589 117.92503356933594 102
1781358135593 115.24376678466797 103
1781358135599 117.68474578857422 104
1781358135604 120.54740905761719 105
1781358135609 119.25377655029297 106
1781358135614 108.92298126220703 107
1781358135620 109.25535583496094 108
1781358135624 104.17504119873047 109
1781358135629 108.19367218017578 110
1781358135634 108.6578598022461 111
1781358135638 103.06202697753906 112
1781358135643 101.35563659667969 113
1781358135648 97.37564086914062 114
1781358135653 105.791748046875 115
1781358135657 96.67098236083984 116
1781358135664 97.37931060791016 117
1781358135671 91.40247344970703 118
1781358135679 92.68487548828125 119
1781358135685 98.87239074707031 120
1781358135694 94.04840850830078 121
1781358135700 89.73148345947266 122
1781358135704 88.03862762451172 123
1781358135710 86.4169921875 124
1781358135715 80.62696838378906 125
1781358135720 86.18466186523438 126
1781358135726 87.55901336669922 127
1781358135731 88.75489807128906 128
1781358135735 87.68814086914062 129
1781358135740 80.86664581298828 130
1781358135745 84.42123413085938 131
1781358135751 81.77410888671875 132
1781358135756 72.78230285644531 133
1781358135761 74.0176773071289 134
1781358135765 79.96726989746094 135
1781358135771 75.72704315185547 136
1781358135776 73.40326690673828 137
1781358135781 76.43021392822266 138
1781358135787 74.30542755126953 139
1781358135794 72.58294677734375 140
1781358135800 70.62505340576172 141
1781358135805 67.89664459228516 142
1781358135810 68.23322296142578 143
1781358135814 66.19363403320312 144
1781358135820 68.97796630859375 145
1781358135825 67.98883819580078 146
1781358135829 62.884429931640625 147
1781358135835 65.18392181396484 148
1781358135840 63.61077117919922 149
1781358135844 62.01578140258789 150
1781358135850 59.6238899230957 151
1781358135855 61.34244155883789 152
1781358135859 57.46648406982422 153
1781358135864 60.208763122558594 154
1781358135870 54.77833938598633 155
1781358135875 54.33476638793945 156
1781358135880 56.73331832885742 157
1781358135885 56.37334442138672 158
1781358135890 56.15214538574219 159
1781358135898 49.32823944091797 160
1781358135903 52.111629486083984 161
1781358135908 50.122772216796875 162
1781358135914 45.13240432739258 163
1781358135919 49.20661163330078 164
1781358135924 48.19752502441406 165
1781358135930 42.998146057128906 166
1781358135935 47.94489669799805 167
1781358135939 44.139827728271484 168
1781358135944 44.14190673828125 169
1781358135950 43.86168670654297 170
1781358135955 38.608951568603516 171
1781358135960 41.28141403198242 172
1781358135966 38.99672317504883 173
1781358135972 34.653133392333984 174
1781358135977 39.46942138671875 175
1781358135983 34.85675811767578 176
1781358135988 34.96579360961914 177
1781358135996 35.49114227294922 178
1781358136001 34.585506439208984 179
1781358136007 32.68980407714844 180
1781358136012 33.2413330078125 181
1781358136017 35.68262481689453 182
1781358136022 29.45108413696289 183
1781358136027 27.36687469482422 184
1781358136032 29.390501022338867 185
1781358136036 26.12684440612793 186
1781358136041 28.192543029785156 187
1781358136046 27.031919479370117 188
1781358136050 27.094396591186523 189
1781358136056 25.091304779052734 190
1781358136060 25.211753845214844 191
1781358136065 23.585689544677734 192
1781358136071 23.0216121673584 193
1781358136075 22.299068450927734 194
1781358136080 21.72437286376953 195
1781358136085 20.967910766601562 196
1781358136090 18.95561981201172 197
1781358136095 18.458972930908203 198
1781358136099 16.65789794921875 199
1781358136105 17.565744400024414 200
1781358136110 16.49101448059082 201
1781358136114 15.106002807617188 202
1781358136119 13.400221824645996 203
1781358136124 13.138077735900879 204
1781358136128 12.409475326538086 205
1781358136134 10.217665672302246 206
1781358136139 10.963053703308105 207
1781358136144 9.589624404907227 208
1781358136150 9.209267616271973 209
1781358136154 8.012121200561523 210
1781358136159 6.183409690856934 211
1781358136164 7.108684539794922 212
1781358136169 6.963242053985596 213
1781358136174 5.717825889587402 214
1781358136180 4.406713485717773 215
1781358136185 4.262886047363281 216
1781358136190 3.3029375076293945 217
1781358136195 3.5008950233459473 218
1781358136200 1.5756731033325195 219
1781358136205 2.953911542892456 220
1781358136210 3.277310848236084 221
1781358136215 2.1730079650878906 222
1781358136219 2.0947976112365723 223
1781358136225 2.964871644973755 224
1781358136230 2.270064353942871 225
1781358136235 2.44284725189209 226
1781358136239 2.126723051071167 227
1781358136245 2.776836395263672 228
1781358136250 0.8441770076751709 229
1781358136255 1.9455071687698364 230
1781358136261 1.0752389430999756 231
1781358136266 2.3521981239318848 232
1781358136271 1.3970917463302612 233
1781358136276 1.851934552192688 234
1781358136281 2.178662061691284 235
1781358136285 1.8918274641036987 236
1781358136291 1.1421936750411987 237
1781358136296 0.9665878415107727 238
1781358136301 1.7013099193572998 239
1781358136306 1.5080277919769287 240
1781358136311 1.2884684801101685 241
1781358136316 1.5420228242874146 242
1781358136321 1.677900791168213 243
1781358136326 2.0136306285858154 244
1781358136331 1.8787720203399658 245
1781358136336 1.2837693691253662 246
1781358136341 1.3986010551452637 247
1781358136346 1.2362009286880493 248
1781358136351 2.2140941619873047 249
1781358136357 0.7183018922805786 250
1781358136361 0.7525736689567566 251
1781358136367 1.0359734296798706 252
1781358136372 0.8672683835029602 253
1781358136376 1.1811443567276 254
1781358136381 0.8645703792572021 255
1781358136386 0.8781939148902893 256
1781358136392 1.2813193798065186 257
1781358136397 1.2545080184936523 258
1781358136402 0.6984775066375732 259
1781358136407 1.07808518409729 260
1781358136411 1.5444214344024658 261
1781358136417 1.078035593032837 262
1781358136421 0.8470627069473267 263
1781358136426 1.9254798889160156 264
1781358136432 0.5462828278541565 265
1781358136437 0.7743006944656372 266
1781358136441 0.7649991512298584 267
1781358136447 0.3763098120689392 268
1781358136452 1.5360828638076782 269
1781358136456 1.0043739080429077 270
1781358136461 0.9343445301055908 271
1781358136466 1.2553160190582275 272
1781358136471 1.721968650817871 273
1781358136478 0.7216411828994751 274
1781358136483 1.0090994834899902 275
1781358136488 1.2364109754562378 276
1781358136493 1.063232660293579 277
1781358136498 1.1845910549163818 278
1781358136503 1.0513273477554321 279
1781358136507 1.1549503803253174 280
1781358136513 1.3222413063049316 281
1781358136518 1.0698127746582031 282
1781358136523 0.8971168398857117 283
1781358136529 1.281055212020874 284
1781358136533 0.3326053321361542 285
1781358136538 0.5210874080657959 286
1781358136543 1.1290005445480347 287
1781358136548 0.37339654564857483 288
1781358136552 0.7840110063552856 289
1781358136558 1.0171425342559814 290
1781358136563 0.5558969378471375 291
1781358136568 1.299585223197937 292
1781358136573 1.5701074600219727 293
1781358136578 0.945205569267273 294
1781358136583 1.6099554300308228 295
1781358136589 1.2787927389144897 296
1781358136593 1.3493486642837524 297
1781358136598 0.7974133491516113 298
1781358136603 1.2420166730880737 299
1781358136608 0.3766753673553467 300
1781358136613 1.2183659076690674 301
1781358136620 0.7993248105049133 302
1781358136626 0.7204591035842896 303
1781358136631 0.4887940287590027 304
1781358136637 1.0273691415786743 305
1781358136642 0.9231086373329163 306
1781358136647 1.4744924306869507 307
1781358136652 0.7355911135673523 308
1781358136657 0.561693012714386 309
1781358136662 0.5476601719856262 310
1781358136668 0.9659247398376465 311
1781358136674 0.605279803276062 312
1781358136678 1.1429983377456665 313
1781358136684 0.7751661539077759 314
1781358136688 1.1085419654846191 315
1781358136693 0.5237627625465393 316
1781358136698 0.8144589066505432 317
1781358136703 0.5684614777565002 318
1781358136708 0.7309105396270752 319
1781358136713 0.7823489904403687 320
1781358136718 0.6050944924354553 321
1781358136723 0.3187609016895294 322
1781358136727 0.4099113643169403 323
1781358136733 0.48563769459724426 324
1781358136737 0.7093427181243896 325
1781358136742 0.9386195540428162 326
1781358136747 0.7485423684120178 327
1781358136753 0.6829034686088562 328
1781358136757 0.3575610816478729 329
1781358136762 0.6475271582603455 330
1781358136767 1.1238833665847778 331
1781358136772 0.6268612146377563 332
1781358136777 0.5920396447181702 333
1781358136782 0.47868260741233826 334
1781358136787 0.2992286682128906 335
1781358136792 0.688755989074707 336
1781358136797 0.7821592688560486 337
1781358136802 0.5038667917251587 338
1781358136808 0.586653470993042 339
1781358136813 0.8855795860290527 340
1781358136817 0.20743238925933838 341
1781358136823 0.5558280348777771 342
1781358136828 0.49008306860923767 343
1781358136833 0.6925526261329651 344
1781358136837 0.5664471387863159 345
1781358136842 0.5460390448570251 346
1781358136847 0.48312389850616455 347
1781358136851 0.8011174201965332 348
1781358136856 1.3880062103271484 349
1781358136861 0.5596449375152588 350
1781358136867 0.47828084230422974 351
1781358136872 0.9322649240493774 352
1781358136877 0.6787185668945312 353
1781358136883 0.1651630401611328 354
1781358136888 0.46902167797088623 355
1781358136894 0.15442661941051483 356
1781358136899 0.48546302318573 357
1781358136904 1.0978307723999023 358
1781358136909 0.5097551941871643 359
1781358136913 0.6703262329101562 360
1781358136919 0.12259162217378616 361
1781358136924 0.5124831199645996 362
1781358136929 0.39884862303733826 363
1781358136934 0.47839170694351196 364
1781358136939 0.7190346121788025 365
1781358136944 0.3162378966808319 366
1781358136950 0.551957368850708 367
1781358136955 0.4181736707687378 368
1781358136961 0.46272632479667664 369
1781358136968 0.7505238652229309 370
1781358136973 0.35623374581336975 371
1781358136977 0.5818087458610535 372
1781358136982 0.5195015668869019 373
1781358136987 0.387820839881897 374
1781358136993 0.6606629490852356 375
1781358136998 0.32875311374664307 376
1781358137003 0.48349422216415405 377
1781358137007 0.41907644271850586 378
1781358137012 0.5614902377128601 379
1781358137018 0.5263344049453735 380
1781358137022 0.2937101423740387 381
1781358137027 0.23559972643852234 382
1781358137032 0.33611348271369934 383
1781358137037 0.40997186303138733 384
1781358137042 0.45707637071609497 385
1781358137047 0.32428544759750366 386
1781358137052 0.1975988745689392 387
1781358137056 0.3580380976200104 388
1781358137061 0.2547033429145813 389
1781358137066 0.6800026297569275 390
1781358137071 0.3326077461242676 391
1781358137076 0.3217924237251282 392
1781358137081 0.30898892879486084 393
1781358137086 0.7842658162117004 394
1781358137091 0.4878543019294739 395
1781358137096 0.2498658299446106 396
1781358137101 0.23590002954006195 397
1781358137106 0.4803471863269806 398
1781358137112 0.4059377610683441 399
1781358137116 0.2622339427471161 400
1781358137121 0.1687549352645874 401
1781358137127 0.2929794192314148 402
1781358137131 0.20433005690574646 403
1781358137136 0.5781975388526917 404
1781358137142 0.2317749559879303 405
1781358137146 0.3216898441314697 406
1781358137151 0.5098415017127991 407
1781358137156 0.1804092824459076 408
1781358137161 0.3171772360801697 409
1781358137165 0.23733848333358765 410
1781358137171 0.35163652896881104 411
1781358137176 0.48738157749176025 412
1781358137181 0.3505170941352844 413
1781358137186 0.3026212751865387 414
1781358137191 0.22248654067516327 415
1781358137196 0.22814416885375977 416
1781358137201 0.18927901983261108 417
1781358137206 0.29477569460868835 418
1781358137211 0.48669153451919556 419
1781358137216 0.23118528723716736 420
1781358137221 0.23475788533687592 421
1781358137226 0.2446361631155014 422
1781358137231 0.18418508768081665 423
1781358137236 0.33695003390312195 424
1781358137241 0.6262677907943726 425
1781358137245 0.2516613304615021 426
1781358137251 0.18281146883964539 427
1781358137255 0.1864258050918579 428
1781358137260 0.29998794198036194 429
1781358137265 0.32520025968551636 430
1781358137270 0.24237971007823944 431
1781358137274 0.27407902479171753 432
1781358137280 0.22760796546936035 433
1781358137285 0.30377447605133057 434
1781358137291 0.328766793012619 435
1781358137297 0.26668232679367065 436
1781358137301 0.24279791116714478 437
1781358137306 0.11638951301574707 438
1781358137311 0.22922693192958832 439
1781358137317 0.17126573622226715 440
1781358137322 0.26661261916160583 441
1781358137328 0.19835418462753296 442
1781358137333 0.2533525824546814 443
1781358137338 0.2591840922832489 444
1781358137344 0.2451609969139099 445
1781358137349 0.2733895778656006 446
1781358137353 0.20468808710575104 447
1781358137360 0.1530698537826538 448
1781358137365 0.20544061064720154 449
1781358137370 0.23552089929580688 450
1781358137375 0.24528157711029053 451
1781358137380 0.17745956778526306 452
1781358137385 0.12237554788589478 453
1781358137390 0.19346290826797485 454
1781358137395 0.2661862373352051 455
1781358137399 0.2152411937713623 456
1781358137405 0.20218129456043243 457
1781358137410 0.2232634425163269 458
1781358137414 0.182392880320549 459
1781358137419 0.21476775407791138 460
1781358137424 0.192196786403656 461
1781358137429 0.22786322236061096 462
1781358137433 0.19241651892662048 463
1781358137439 0.1126634031534195 464
1781358137443 0.1978132277727127 465
1781358137448 0.23528775572776794 466
1781358137453 0.25694072246551514 467
1781358137458 0.2031932771205902 468
1781358137462 0.18300732970237732 469
1781358137468 0.20750069618225098 470
1781358137473 0.16279853880405426 471
1781358137477 0.18552492558956146 472
1781358137482 0.14026619493961334 473
1781358137487 0.17962771654129028 474
1781358137492 0.10996558517217636 475
1781358137496 0.1925884485244751 476
1781358137502 0.19500109553337097 477
1781358137507 0.17751219868659973 478
1781358137511 0.18794317543506622 479
1781358137516 0.18076801300048828 480
1781358137521 0.15443885326385498 481
1781358137526 0.14854353666305542 482
1781358137531 0.2023838758468628 483
1781358137546 0.18844181299209595 484
1781358137552 0.10341446101665497 485
1781358137557 0.20251117646694183 486
1781358137562 0.16439493000507355 487
1781358137567 0.17974278330802917 488
1781358137572 0.22154147922992706 489
1781358137576 0.1760416477918625 490
1781358137582 0.11835260689258575 491
1781358137586 0.17651796340942383 492
1781358137591 0.1552194356918335 493
1781358137597 0.21048516035079956 494
1781358137601 0.18628764152526855 495
1781358137606 0.13501878082752228 496
1781358137613 0.20465263724327087 497
1781358137617 0.1100129783153534 498
1781358137622 0.11490637063980103 499
1781358137627 0.17784491181373596 500
1781358137632 0.14906379580497742 501
1781358137636 0.21506601572036743 502
1781358137642 0.17011861503124237 503
1781358137647 0.12464914470911026 504
1781358137651 0.1471586376428604 505
1781358137656 0.13719521462917328 506
1781358137661 0.14670109748840332 507
1781358137666 0.13872161507606506 508
1781358137670 0.14593280851840973 509
1781358137676 0.11566999554634094 510
1781358137681 0.1339419186115265 511
1781358137685 0.12002091854810715 512
1781358137691 0.14939184486865997 513
1781358137695 0.1677657961845398 514
1781358137700 0.18939197063446045 515
1781358137706 0.1386408805847168 516
1781358137711 0.17323575913906097 517
1781358137716 0.15382561087608337 518
1781358137721 0.15842461585998535 519
1781358137726 0.25848838686943054 520
1781358137731 0.12048792093992233 521
1781358137736 0.15894871950149536 522
1781358137741 0.16524392366409302 523
1781358137746 0.10612259060144424 524
1781358137752 0.15777373313903809 525
1781358137757 0.12818822264671326 526
1781358137762 0.1363302320241928 527
1781358137767 0.17067185044288635 528
1781358137773 0.11204163730144501 529
1781358137778 0.15035194158554077 530
1781358137783 0.15146276354789734 531
1781358137788 0.12390710413455963 532
1781358137794 0.11411360651254654 533
1781358137799 0.15433457493782043 534
1781358137806 0.10462900996208191 535
1781358137811 0.12734174728393555 536
1781358137817 0.14463722705841064 537
1781358137822 0.18096187710762024 538
1781358137827 0.16301308572292328 539
1781358137833 0.11019231379032135 540
1781358137838 0.12395069748163223 541
1781358137843 0.15530315041542053 542
1781358137848 0.111565500497818 543
1781358137853 0.10741795599460602 544
1781358137857 0.13444244861602783 545
1781358137864 0.12377601116895676 546
1781358137869 0.11194334924221039 547
1781358137874 0.1682150810956955 548
1781358137879 0.17251694202423096 549
1781358137884 0.0934307724237442 550
1781358137888 0.14701935648918152 551
1781358137894 0.12408318370580673 552
1781358137899 0.13016320765018463 553
1781358137903 0.10635988414287567 554
1781358137908 0.1501721441745758 555
1781358137913 0.1524381935596466 556
1781358137918 0.1449321210384369 557
1781358137923 0.16223040223121643 558
1781358137928 0.1182502955198288 559
1781358137933 0.15346089005470276 560
1781358137938 0.14324617385864258 561
1781358137943 0.08602029085159302 562
1781358137948 0.11383388936519623 563
1781358137952 0.10988371074199677 564
1781358137958 0.10417990386486053 565
1781358137964 0.10430584847927094 566
1781358137968 0.11753563582897186 567
1781358137974 0.14875385165214539 568
1781358137978 0.08556179702281952 569
1781358137983 0.08966217935085297 570
1781358137988 0.12193108350038528 571
1781358137993 0.07261237502098083 572
1781358137998 0.12570810317993164 573
1781358138003 0.1248885840177536 574
1781358138008 0.12689954042434692 575
1781358138013 0.0839187353849411 576
1781358138017 0.11052538454532623 577
1781358138023 0.14282609522342682 578
1781358138027 0.1343613713979721 579
1781358138031 0.10695622861385345 580
1781358138037 0.10584165155887604 581
1781358138042 0.09201961010694504 582
1781358138046 0.08602280914783478 583
1781358138052 0.08726027607917786 584
1781358138056 0.14133861660957336 585
1781358138061 0.15800537168979645 586
1781358138066 0.14511626958847046 587
1781358138071 0.11512184143066406 588
1781358138075 0.136521115899086 589
1781358138081 0.12117599695920944 590
1781358138086 0.13679391145706177 591
1781358138091 0.07732179760932922 592
1781358138096 0.12147291004657745 593
1781358138101 0.10685942322015762 594
1781358138106 0.10380752384662628 595
1781358138111 0.12912574410438538 596
1781358138116 0.1667313575744629 597
1781358138121 0.12380703538656235 598
1781358138125 0.12647584080696106 599
1781358138131 0.20732992887496948 600
1781358138135 0.09364742785692215 601
1781358138140 0.16545090079307556 602
1781358138146 0.10165923088788986 603
1781358138152 0.06880588829517365 604
1781358138157 0.09710763394832611 605
1781358138163 0.14594924449920654 606
1781358138167 0.12872785329818726 607
1781358138172 0.12504741549491882 608
1781358138177 0.06543156504631042 609
1781358138182 0.11802713572978973 610
1781358138187 0.1344253271818161 611
1781358138192 0.07181762903928757 612
1781358138198 0.14164887368679047 613
1781358138202 0.12632055580615997 614
1781358138208 0.08928430080413818 615
1781358138214 0.09608633816242218 616
1781358138218 0.0830678939819336 617
1781358138224 0.11149056255817413 618
1781358138229 0.16555127501487732 619
1781358138234 0.07724078744649887 620
1781358138239 0.08746318519115448 621
1781358138245 0.09572465717792511 622
1781358138251 0.1145227700471878 623
1781358138256 0.11951380968093872 624
1781358138261 0.11270211637020111 625
1781358138266 0.12464642524719238 626
1781358138271 0.11547242850065231 627
1781358138276 0.15237125754356384 628
1781358138281 0.09665943682193756 629
1781358138285 0.11408489942550659 630
1781358138291 0.1611240655183792 631
1781358138296 0.07232725620269775 632
1781358138301 0.13569986820220947 633
1781358138306 0.0960504561662674 634
1781358138310 0.12894359230995178 635
1781358138315 0.0957944467663765 636
1781358138321 0.08311895281076431 637
1781358138326 0.09912323951721191 638
1781358138330 0.10349254310131073 639
1781358138335 0.13416287302970886 640
1781358138340 0.10457569360733032 641
1781358138345 0.07744748890399933 642
1781358138351 0.148127481341362 643
1781358138356 0.11345155537128448 644
1781358138360 0.0797334760427475 645
1781358138365 0.08524549007415771 646
1781358138371 0.11014100909233093 647
1781358138375 0.08965681493282318 648
1781358138380 0.12089700996875763 649
1781358138385 0.1266094595193863 650
1781358138390 0.1369301676750183 651
1781358138395 0.069520965218544 652
1781358138400 0.10696969926357269 653
1781358138405 0.09494524449110031 654
1781358138410 0.0894501656293869 655
1781358138415 0.09516105055809021 656
1781358138420 0.1232576072216034 657
1781358138425 0.10554514825344086 658
1781358138429 0.13882075250148773 659
1781358138434 0.08362235873937607 660
1781358138439 0.07588176429271698 661
1781358138444 0.1343756914138794 662
1781358138450 0.09271936118602753 663
1781358138455 0.11318070441484451 664
1781358138460 0.08498615026473999 665
1781358138466 0.10584098100662231 666
1781358138471 0.0874180942773819 667
1781358138476 0.1060633733868599 668
1781358138482 0.13454201817512512 669
1781358138487 0.10108335316181183 670
1781358138492 0.05512634292244911 671
1781358138497 0.10889246314764023 672
1781358138502 0.11982804536819458 673
1781358138506 0.09293374419212341 674
1781358138512 0.08392034471035004 675
1781358138516 0.13498742878437042 676
1781358138521 0.09751690924167633 677
1781358138527 0.0771758109331131 678
1781358138532 0.1546843945980072 679
1781358138536 0.16344989836215973 680
1781358138542 0.05716169625520706 681
1781358138547 0.09789233654737473 682
1781358138551 0.09613249450922012 683
1781358138557 0.09168858081102371 684
1781358138562 0.08692291378974915 685
1781358138566 0.10275665670633316 686
1781358138572 0.10455812513828278 687
1781358138577 0.09208058565855026 688
1781358138582 0.07272729277610779 689
1781358138587 0.07346875220537186 690
1781358138592 0.05637757480144501 691
1781358138597 0.1392640322446823 692
1781358138601 0.0641549825668335 693
1781358138607 0.06902500987052917 694
1781358138612 0.055556077510118484 695
1781358138616 0.1360400915145874 696
1781358138622 0.0579705536365509 697
1781358138627 0.060886792838573456 698
1781358138632 0.05385436862707138 699
1781358138637 0.14302462339401245 700
1781358138643 0.07441802322864532 701
1781358138647 0.06541675329208374 702
1781358138654 0.10406052321195602 703
1781358138658 0.09882709383964539 704
1781358138663 0.1155586987733841 705
1781358138668 0.060759156942367554 706
1781358138673 0.044958941638469696 707
1781358138677 0.07119696587324142 708
1781358138682 0.09614846855401993 709
1781358138688 0.10519295185804367 710
1781358138693 0.06207174062728882 711
1781358138698 0.092503622174263 712
1781358138703 0.0819394588470459 713
1781358138708 0.06270328164100647 714
1781358138712 0.1003735214471817 715
1781358138719 0.05641649663448334 716
1781358138724 0.07837779819965363 717
1781358138728 0.08921726047992706 718
1781358138734 0.04711073637008667 719
1781358138739 0.1315033733844757 720
1781358138743 0.13696452975273132 721
1781358138749 0.08944101631641388 722
1781358138753 0.14473284780979156 723
1781358138758 0.06680704653263092 724
1781358138763 0.08861123025417328 725
1781358138768 0.06290194392204285 726
1781358138773 0.045512955635786057 727
1781358138778 0.0951274186372757 728
1781358138783 0.09606174379587173 729
1781358138788 0.11721623688936234 730
1781358138792 0.05248884856700897 731
1781358138798 0.09468652307987213 732
1781358138803 0.12838977575302124 733
1781358138807 0.054092008620500565 734
1781358138812 0.08674778789281845 735
1781358138817 0.10779213905334473 736
1781358138822 0.044558506458997726 737
1781358138827 0.14062240719795227 738
1781358138832 0.0688544511795044 739
1781358138836 0.047903984785079956 740
1781358138842 0.07704104483127594 741
1781358138847 0.08741645514965057 742
1781358138851 0.1119823157787323 743
1781358138856 0.07267588376998901 744
1781358138862 0.0879138708114624 745
1781358138866 0.10752134770154953 746
1781358138870 0.09905000030994415 747
1781358138876 0.07481927424669266 748
1781358138881 0.07955221831798553 749
1781358138886 0.14236149191856384 750
1781358138891 0.08282631635665894 751
1781358138896 0.10249195992946625 752
1781358138901 0.0831230953335762 753
1781358138906 0.06733503192663193 754
1781358138912 0.062328677624464035 755
1781358138916 0.042559098452329636 756
1781358138921 0.08793137222528458 757
1781358138927 0.0759897232055664 758
1781358138931 0.09240792691707611 759
1781358138936 0.06605041772127151 760
1781358138941 0.13240471482276917 761
1781358138945 0.06253582239151001 762
1781358138951 0.10757820308208466 763
1781358138957 0.06712928414344788 764
1781358138962 0.07615110278129578 765
1781358138966 0.05704501271247864 766
1781358138972 0.06758297979831696 767
1781358138976 0.0413813516497612 768
1781358138981 0.07167430967092514 769
1781358138986 0.06862099468708038 770
1781358138991 0.045768626034259796 771
1781358138995 0.06307009607553482 772
1781358139002 0.10995770990848541 773
1781358139007 0.09487208724021912 774
1781358139011 0.07390563935041428 775
1781358139017 0.07530582696199417 776
1781358139023 0.05451073497533798 777
1781358139028 0.06442403793334961 778
1781358139034 0.06659453362226486 779
1781358139040 0.11147351562976837 780
1781358139045 0.07089672237634659 781
1781358139051 0.05086877942085266 782
1781358139056 0.0920199453830719 783
1781358139060 0.0521150603890419 784
1781358139066 0.06670284271240234 785
1781358139071 0.07386112958192825 786
1781358139075 0.07836353778839111 787
1781358139081 0.07604654133319855 788
1781358139086 0.04081571847200394 789
1781358139090 0.11199937760829926 790
1781358139095 0.08488593250513077 791
1781358139101 0.07818394154310226 792
1781358139105 0.09665282815694809 793
1781358139110 0.06836438179016113 794
1781358139115 0.06629550457000732 795
1781358139121 0.12357839941978455 796
1781358139125 0.055414967238903046 797
1781358139130 0.07323251664638519 798
1781358139135 0.07922074943780899 799
1781358139139 0.04162464290857315 800
1781358139145 0.06250110268592834 801
1781358139150 0.04011360555887222 802
1781358139155 0.0828515812754631 803
1781358139160 0.06034327298402786 804
1781358139165 0.061415091156959534 805
1781358139169 0.05472065508365631 806
1781358139174 0.05791636183857918 807
1781358139180 0.026187509298324585 808
1781358139184 0.09916694462299347 809
1781358139189 0.03750797361135483 810
1781358139195 0.05650259181857109 811
1781358139200 0.0963684692978859 812
1781358139205 0.0450039803981781 813
1781358139211 0.0747159793972969 814
1781358139216 0.06965585052967072 815
1781358139220 0.07210318744182587 816
1781358139226 0.06251226365566254 817
1781358139230 0.08142422139644623 818
1781358139234 0.05981661379337311 819
1781358139240 0.057225801050662994 820
1781358139245 0.07197824865579605 821
1781358139250 0.1196068823337555 822
1781358139255 0.06500260531902313 823
1781358139260 0.07832029461860657 824
1781358139265 0.04565856605768204 825
1781358139270 0.07716596871614456 826
1781358139275 0.06139561906456947 827
1781358139280 0.05338398367166519 828
1781358139285 0.03445162996649742 829
1781358139290 0.053796593099832535 830
1781358139295 0.09051814675331116 831
1781358139301 0.1067221611738205 832
1781358139306 0.09043866395950317 833
1781358139312 0.08970879018306732 834
1781358139316 0.049927689135074615 835
1781358139322 0.10954082012176514 836
1781358139327 0.128390833735466 837
1781358139331 0.08647383749485016 838
1781358139337 0.07196035981178284 839
1781358139342 0.07567477971315384 840
1781358139346 0.09350776672363281 841
1781358139352 0.05184654891490936 842
1781358139357 0.06752270460128784 843
1781358139361 0.13438835740089417 844
1781358139367 0.06404384970664978 845
1781358139371 0.07873040437698364 846
1781358139376 0.05774352699518204 847
1781358139381 0.06293810904026031 848
1781358139386 0.061873018741607666 849
1781358139391 0.03453643620014191 850
1781358139396 0.09751946479082108 851
1781358139401 0.038694385439157486 852
1781358139406 0.06725095957517624 853
1781358139411 0.08353444933891296 854
1781358139416 0.1042550802230835 855
1781358139421 0.09013071656227112 856
1781358139426 0.07061678171157837 857
1781358139431 0.06504631787538528 858
1781358139436 0.062451187521219254 859
1781358139441 0.046799976378679276 860
1781358139446 0.10014842450618744 861
1781358139451 0.04295148700475693 862
1781358139455 0.04541537165641785 863
1781358139460 0.06604508310556412 864
1781358139466 0.04346311837434769 865
1781358139470 0.06466894596815109 866
1781358139475 0.06963024288415909 867
1781358139480 0.10524531453847885 868
1781358139485 0.0807560384273529 869
1781358139490 0.04657972604036331 870
1781358139495 0.058951787650585175 871
1781358139500 0.03329344093799591 872
1781358139504 0.07601212710142136 873
1781358139510 0.06226078420877457 874
1781358139515 0.07888755202293396 875
1781358139519 0.0440090149641037 876
1781358139526 0.12162119895219803 877
1781358139531 0.035342320799827576 878
1781358139535 0.03348169103264809 879
1781358139541 0.09275344759225845 880
1781358139545 0.059365831315517426 881
1781358139550 0.03649862855672836 882
1781358139556 0.08501165360212326 883
1781358139560 0.025555860251188278 884
1781358139565 0.06042589247226715 885
1781358139570 0.09987068176269531 886
1781358139576 0.04665867239236832 887
1781358139581 0.06248261779546738 888
1781358139586 0.09954840689897537 889
1781358139591 0.08223998546600342 890
1781358139596 0.09151459485292435 891
1781358139600 0.038720276206731796 892
1781358139606 0.04186088219285011 893
1781358139610 0.04537337273359299 894
1781358139615 0.1155565083026886 895
1781358139620 0.10612368583679199 896
1781358139625 0.06859854608774185 897
1781358139629 0.03736861050128937 898
1781358139634 0.05284586176276207 899
1781358139639 0.13226240873336792 900
1781358139644 0.0554959662258625 901
1781358139649 0.07011962682008743 902
1781358139654 0.06776466965675354 903
1781358139659 0.05995901674032211 904
1781358139663 0.06432364135980606 905
1781358139669 0.09641844779253006 906
1781358139674 0.09483952075242996 907
1781358139678 0.038534145802259445 908
1781358139684 0.10430236160755157 909
1781358139688 0.051060017198324203 910
1781358139693 0.0366891585290432 911
1781358139698 0.0455985888838768 912
1781358139703 0.039919380098581314 913
1781358139708 0.030852297320961952 914
1781358139712 0.043801285326480865 915
1781358139719 0.0822979211807251 916
1781358139723 0.05307468771934509 917
1781358139728 0.05114138126373291 918
1781358139734 0.09749909490346909 919
1781358139739 0.05127697065472603 920
1781358139743 0.0397992767393589 921
1781358139749 0.04574090242385864 922
1781358139754 0.11505480855703354 923
1781358139758 0.05373732000589371 924
1781358139765 0.11820024251937866 925
1781358139770 0.05723318085074425 926
1781358139774 0.08540956676006317 927
1781358139779 0.057746902108192444 928
1781358139784 0.09406188130378723 929
1781358139788 0.07633208483457565 930
1781358139794 0.04136413335800171 931
1781358139799 0.10112477093935013 932
1781358139804 0.023644592612981796 933
1781358139809 0.10623233020305634 934
1781358139814 0.06256519258022308 935
1781358139819 0.06786397844552994 936
1781358140088 0.054881058633327484 937
1781358140093 0.07239796221256256 938
1781358140098 0.09674075990915298 939
1781358140102 0.06302665919065475 940
1781358140107 0.07749006897211075 941
1781358140113 0.05778472498059273 942
1781358140119 0.09724797308444977 943
1781358140123 0.07943490892648697 944
1781358140129 0.039903804659843445 945
1781358140133 0.053263548761606216 946
1781358140138 0.04851999133825302 947
1781358140143 0.04623056948184967 948
1781358140148 0.05076242983341217 949
1781358140155 0.0632442831993103 950
1781358140162 0.042859792709350586 951
1781358140167 0.0377163328230381 952
1781358140172 0.07487323135137558 953
1781358140178 0.029774880036711693 954
1781358140182 0.0537521094083786 955
1781358140187 0.10378968715667725 956
1781358140193 0.05200659856200218 957
1781358140198 0.04940362274646759 958
1781358140202 0.03343041613698006 959
1781358140209 0.04854223132133484 960
1781358140214 0.05350469797849655 961
1781358140218 0.05112592130899429 962
1781358140225 0.056470707058906555 963
1781358140231 0.03730861097574234 964
1781358140238 0.04833657667040825 965
1781358140244 0.041387416422367096 966
1781358140248 0.10945108532905579 967
1781358140254 0.05100405961275101 968
1781358140259 0.04092162847518921 969
1781358140264 0.08379998803138733 970
1781358140269 0.07949121296405792 971
1781358140275 0.09405456483364105 972
1781358140280 0.0589616596698761 973
1781358140285 0.05469457805156708 974
1781358140290 0.11026947945356369 975
1781358140294 0.07348748296499252 976
1781358140300 0.05528591573238373 977
1781358140305 0.04415157437324524 978
1781358140310 0.07097279280424118 979
1781358140315 0.025386452674865723 980
1781358140320 0.06996767222881317 981
1781358140325 0.1072733998298645 982
1781358140330 0.10002399981021881 983
1781358140335 0.04081094264984131 984
1781358140340 0.04844183474779129 985
1781358140345 0.07932202517986298 986
1781358140351 0.019257081672549248 987
1781358140356 0.04475667327642441 988
1781358140361 0.04279625415802002 989
1781358140367 0.05834037438035011 990
1781358140372 0.054001837968826294 991
1781358140376 0.08623381704092026 992
1781358140381 0.12306837737560272 993
1781358140386 0.05504912883043289 994
1781358140391 0.06305685639381409 995
1781358140396 0.054212767630815506 996
1781358140401 0.04026392847299576 997
1781358140406 0.07384426146745682 998
1781358140411 0.05369691550731659 999
1781358140417 0.018877170979976654 1000
1781358140422 0.06695150583982468 1001
1781358140427 0.09448745846748352 1002
1781358140432 0.05653603374958038 1003
1781358140436 0.037008628249168396 1004
1781358140442 0.03708098083734512 1005
1781358140446 0.06485800445079803 1006
1781358140451 0.08968038856983185 1007
1781358140456 0.06415651738643646 1008
1781358140461 0.0623081773519516 1009
1781358140466 0.030449016019701958 1010
1781358140470 0.04369713366031647 1011
1781358140476 0.07573328167200089 1012
1781358140481 0.0571964792907238 1013
1781358140485 0.11064913868904114 1014
1781358140490 0.06647457927465439 1015
1781358140495 0.08507725596427917 1016
1781358140500 0.06683633476495743 1017
1781358140505 0.0750504583120346 1018
1781358140511 0.07805174589157104 1019
1781358140515 0.03193951025605202 1020
1781358140520 0.04725128412246704 1021
1781358140525 0.05830901861190796 1022
1781358140530 0.11512929201126099 1023
1781358140534 0.04867139458656311 1024
1781358140540 0.05753304809331894 1025
1781358140545 0.04603210464119911 1026
1781358140549 0.05758064240217209 1027
1781358140555 0.029717937111854553 1028
1781358140560 0.09488596767187119 1029
1781358140564 0.06312190741300583 1030
1781358140569 0.06212744861841202 1031
1781358140575 0.06694868206977844 1032
1781358140579 0.05120058357715607 1033
1781358140584 0.08285294473171234 1034
1781358140589 0.06640903651714325 1035
1781358140594 0.0408206582069397 1036
1781358140599 0.034828461706638336 1037
1781358140604 0.04856901615858078 1038
1781358140609 0.06308617442846298 1039
1781358140614 0.0372537299990654 1040
1781358140619 0.058050453662872314 1041
1781358140624 0.022106099873781204 1042
1781358140628 0.08426032960414886 1043
1781358140634 0.11030922830104828 1044
1781358140639 0.058067891746759415 1045
1781358140643 0.03522498905658722 1046
1781358140649 0.04134032875299454 1047
1781358140654 0.05670291557908058 1048
1781358140659 0.04038776457309723 1049
1781358140664 0.05552902817726135 1050
1781358140669 0.033143773674964905 1051
1781358140674 0.04545075073838234 1052
1781358140679 0.05865268036723137 1053
1781358140684 0.05597938969731331 1054
1781358140691 0.08997583389282227 1055
1781358140700 0.038362301886081696 1056
1781358140707 0.08214008808135986 1057
1781358140714 0.06930747628211975 1058
1781358140719 0.07491203397512436 1059
1781358140724 0.058175913989543915 1060
1781358140730 0.06658460199832916 1061
1781358140735 0.05522030219435692 1062
1781358140740 0.09134861826896667 1063
1781358140745 0.06851735711097717 1064
1781358140750 0.06533673405647278 1065
1781358140755 0.13659191131591797 1066
1781358140760 0.057483602315187454 1067
1781358140766 0.06824016571044922 1068
1781358140770 0.04905286803841591 1069
1781358140774 0.05259917676448822 1070
1781358140780 0.08327635377645493 1071
1781358140784 0.06510599702596664 1072
1781358140789 0.09226053208112717 1073
1781358140794 0.07991808652877808 1074
1781358140799 0.08287159353494644 1075
1781358140803 0.0752178505063057 1076
1781358140808 0.045386672019958496 1077
1781358140817 0.0834459662437439 1078
1781358140828 0.03943825140595436 1079
1781358140839 0.061743684113025665 1080
1781358140849 0.0791819617152214 1081
1781358140858 0.04297294467687607 1082
1781358140864 0.059946682304143906 1083
1781358140869 0.03444628790020943 1084
1781358140874 0.05485028773546219 1085
1781358140878 0.1364724487066269 1086
1781358140883 0.08775653690099716 1087
1781358140887 0.020423639565706253 1088
1781358140893 0.06592444330453873 1089
1781358140897 0.08362554013729095 1090
1781358140904 0.054292112588882446 1091
1781358140910 0.06296367943286896 1092
1781358140915 0.04994890093803406 1093
1781358140920 0.05456455796957016 1094
1781358140925 0.11395178735256195 1095
1781358140930 0.05307632312178612 1096
1781358140936 0.026886124163866043 1097
1781358140941 0.039657991379499435 1098
1781358140946 0.07440455257892609 1099
1781358140951 0.0431053526699543 1100
1781358140956 0.06480710953474045 1101
1781358140961 0.024187438189983368 1102
1781358140965 0.12852567434310913 1103
1781358140970 0.12310323864221573 1104
1781358140974 0.06960011273622513 1105
1781358140979 0.03854626044631004 1106
1781358140985 0.060908667743206024 1107
1781358140990 0.04614397883415222 1108
1781358140994 0.025532951578497887 1109
1781358141000 0.034077394753694534 1110
1781358141005 0.03377386927604675 1111
1781358141011 0.06850136816501617 1112
1781358141019 0.095007985830307 1113
1781358141025 0.08125705271959305 1114
1781358141030 0.08423483371734619 1115
1781358141035 0.08421333134174347 1116
1781358141040 0.046087078750133514 1117
1781358141047 0.039023518562316895 1118
1781358141052 0.09971323609352112 1119
1781358141056 0.05013001337647438 1120
1781358141061 0.04713263362646103 1121
1781358141065 0.11236635595560074 1122
1781358141070 0.02683451399207115 1123
1781358141075 0.05625072494149208 1124
1781358141080 0.028115950524806976 1125
1781358141085 0.07477866113185883 1126
1781358141089 0.09474727511405945 1127
1781358141095 0.0656980350613594 1128
1781358141100 0.053469814360141754 1129
1781358141105 0.056325964629650116 1130
1781358141110 0.032817959785461426 1131
1781358141115 0.09669697284698486 1132
1781358141120 0.07806213200092316 1133
1781358141125 0.04438335448503494 1134
1781358141131 0.04537287354469299 1135
1781358141135 0.025792298838496208 1136
1781358141140 0.04197683557868004 1137
1781358141145 0.08355925977230072 1138
1781358141150 0.04914356395602226 1139
1781358141155 0.08265721052885056 1140
1781358141160 0.02969842031598091 1141
1781358141165 0.055452462285757065 1142
1781358141169 0.06432733684778214 1143
1781358141174 0.03809357061982155 1144
1781358141179 0.029469914734363556 1145
1781358141184 0.07747060805559158 1146
1781358141189 0.07184372842311859 1147
1781358141195 0.08687890321016312 1148
1781358141199 0.14021088182926178 1149
1781358141204 0.05303845554590225 1150
1781358141209 0.11573358625173569 1151
1781358141214 0.04398499056696892 1152
1781358141218 0.04141418635845184 1153
1781358141224 0.02326313778758049 1154
1781358141228 0.05167698487639427 1155
1781358141233 0.03823181241750717 1156
1781358141238 0.04271315783262253 1157
1781358141243 0.028876470401883125 1158
1781358141248 0.05168423801660538 1159
1781358141252 0.038466088473796844 1160
1781358141257 0.024641454219818115 1161
1781358141262 0.04433397948741913 1162
1781358141266 0.029426410794258118 1163
1781358141272 0.02995344251394272 1164
1781358141276 0.031185753643512726 1165
1781358141281 0.027455618605017662 1166
1781358141289 0.08709369599819183 1167
1781358141294 0.057045646011829376 1168
1781358141301 0.04034652188420296 1169
1781358141306 0.0954451784491539 1170
1781358141311 0.07468172907829285 1171
1781358141316 0.018980547785758972 1172
1781358141321 0.036560799926519394 1173
1781358141326 0.07668966054916382 1174
1781358141331 0.02613530121743679 1175
1781358141337 0.04848405346274376 1176
1781358141341 0.02422105334699154 1177
1781358141346 0.03158747777342796 1178
1781358141351 0.1281910240650177 1179
1781358141356 0.10856509953737259 1180
1781358141360 0.0498654730618 1181
1781358141366 0.12976209819316864 1182
1781358141371 0.13015256822109222 1183
1781358141376 0.04587307199835777 1184
1781358141383 0.11202910542488098 1185
1781358141388 0.054799385368824005 1186
1781358141393 0.055309463292360306 1187
1781358141399 0.01653105951845646 1188
1781358141404 0.09662802517414093 1189
1781358141409 0.07640138268470764 1190
1781358141415 0.07312281429767609 1191
1781358141420 0.15344804525375366 1192
1781358141425 0.07580801844596863 1193
1781358141431 0.07666761428117752 1194
1781358141436 0.05842911824584007 1195
1781358141441 0.0498012937605381 1196
1781358141446 0.04030202701687813 1197
1781358141451 0.08010797202587128 1198
1781358141457 0.04791318252682686 1199
1781358141462 0.02168608456850052 1200
1781358141467 0.027520369738340378 1201
1781358141472 0.056997209787368774 1202
1781358141478 0.03616158664226532 1203
1781358141483 0.02987074851989746 1204
1781358141490 0.04841219633817673 1205
1781358141496 0.07280170917510986 1206
1781358141501 0.036576323211193085 1207
1781358141508 0.020851463079452515 1208
1781358141513 0.05938318744301796 1209
1781358141517 0.013803811743855476 1210
1781358141523 0.059890665113925934 1211
1781358141528 0.03147698938846588 1212
1781358141533 0.028732173144817352 1213
1781358141538 0.02018139138817787 1214
1781358141544 0.05717012286186218 1215
1781358141549 0.04116426408290863 1216
1781358141554 0.034933894872665405 1217
1781358141560 0.036260996013879776 1218
1781358141565 0.08562413603067398 1219
1781358141571 0.032408300787210464 1220
1781358141576 0.08969669789075851 1221
1781358141581 0.061149146407842636 1222
1781358141586 0.028484947979450226 1223
1781358141592 0.06093855947256088 1224
1781358141596 0.04010632634162903 1225
1781358141601 0.031117897480726242 1226
1781358141607 0.09361471235752106 1227
1781358141612 0.03621275722980499 1228
1781358141618 0.026690157130360603 1229
1781358141623 0.029370123520493507 1230
1781358141628 0.030791863799095154 1231
1781358141634 0.1159062534570694 1232
1781358141639 0.027663778513669968 1233
1781358141643 0.03603995963931084 1234
1781358141648 0.07350295037031174 1235
1781358141654 0.08067253977060318 1236
1781358141658 0.04622500389814377 1237
1781358141664 0.15076640248298645 1238
1781358141670 0.05116371065378189 1239
1781358141675 0.059564270079135895 1240
1781358141680 0.017960427328944206 1241
1781358141686 0.04706503823399544 1242
1781358141691 0.06912535429000854 1243
1781358141697 0.09078219532966614 1244
1781358141702 0.056686677038669586 1245
1781358141707 0.10662864148616791 1246
1781358141712 0.09776845574378967 1247
1781358141718 0.11894111335277557 1248
1781358141723 0.09800872951745987 1249
1781358141729 0.03840220719575882 1250
1781358141735 0.04157979041337967 1251
1781358141741 0.038614045828580856 1252
1781358141747 0.061488330364227295 1253
1781358141753 0.03958604484796524 1254
1781358141759 0.03379318490624428 1255
1781358141765 0.04671688377857208 1256
1781358141770 0.07293057441711426 1257
1781358141776 0.05734343081712723 1258
1781358141783 0.09239675849676132 1259
1781358141788 0.04173094034194946 1260
1781358141793 0.06594473868608475 1261
1781358141798 0.04700837284326553 1262
1781358141803 0.017690161243081093 1263
1781358141809 0.06677834689617157 1264
1781358141815 0.03727060183882713 1265
1781358141821 0.10012051463127136 1266
1781358141826 0.08557091653347015 1267
1781358141831 0.04037358611822128 1268
1781358141836 0.1299206018447876 1269
1781358141842 0.07198220491409302 1270
1781358141847 0.030901338905096054 1271
1781358141852 0.05893198028206825 1272
1781358141858 0.1059364527463913 1273
1781358141863 0.03844604641199112 1274
1781358141868 0.1267269253730774 1275
1781358141876 0.029612485319375992 1276
1781358141881 0.027000434696674347 1277
1781358141887 0.04525841027498245 1278
1781358141894 0.0407974049448967 1279
1781358141899 0.03897510841488838 1280
1781358141906 0.028088316321372986 1281
1781358141910 0.06033916026353836 1282
1781358141915 0.01930215395987034 1283
1781358141920 0.04393424838781357 1284
1781358141925 0.14502683281898499 1285
1781358141930 0.04371378570795059 1286
1781358141935 0.06713100522756577 1287
1781358141940 0.07433546334505081 1288
1781358141946 0.031966324895620346 1289
1781358141952 0.04641588404774666 1290
1781358141957 0.07081349939107895 1291
1781358141962 0.11587715893983841 1292
1781358141969 0.07316308468580246 1293
1781358141974 0.07173918932676315 1294
1781358141982 0.042314767837524414 1295
1781358141988 0.07150604575872421 1296
1781358141993 0.04132342338562012 1297
1781358141998 0.021275628358125687 1298
1781358142003 0.1503768414258957 1299
1781358142010 0.04940493404865265 1300
1781358142017 0.03227768465876579 1301
1781358142022 0.025297245010733604 1302
1781358142031 0.09612981975078583 1303
1781358142038 0.028727984055876732 1304
1781358142044 0.07613097876310349 1305
1781358142052 0.0211142860352993 1306
1781358142058 0.05585730820894241 1307
1781358142065 0.051681824028491974 1308
1781358142072 0.055040016770362854 1309
1781358142078 0.15882804989814758 1310
1781358142085 0.06481318920850754 1311
1781358142091 0.03252468258142471 1312
1781358142100 0.06455175578594208 1313
1781358142105 0.06754754483699799 1314
1781358142111 0.041986290365457535 1315
1781358142119 0.05102800577878952 1316
1781358142128 0.04137471318244934 1317
1781358142134 0.029998183250427246 1318
1781358142140 0.04033394530415535 1319
1781358142146 0.08392450958490372 1320
1781358142151 0.030399054288864136 1321
1781358142158 0.05853061378002167 1322
1781358142163 0.024891477078199387 1323
1781358142168 0.062033504247665405 1324
1781358142176 0.06293068826198578 1325
1781358142182 0.08563501387834549 1326
1781358142188 0.03819825500249863 1327
1781358142195 0.08935361355543137 1328
1781358142201 0.054924674332141876 1329
1781358142208 0.033902738243341446 1330
1781358142213 0.05472970008850098 1331
1781358142221 0.07269266247749329 1332
1781358142232 0.07709331810474396 1333
1781358142241 0.07164278626441956 1334
1781358142251 0.09606494009494781 1335
1781358142258 0.15885373950004578 1336
1781358142263 0.050547871738672256 1337
1781358142272 0.05665489286184311 1338
1781358142277 0.036791302263736725 1339
1781358142283 0.019390391185879707 1340
1781358142289 0.13619795441627502 1341
1781358142294 0.026706859469413757 1342
1781358142302 0.08260348439216614 1343
1781358142307 0.032221172004938126 1344
1781358142312 0.02397458627820015 1345
1781358142318 0.039236005395650864 1346
1781358142323 0.023541521281003952 1347
1781358142330 0.07563115656375885 1348
1781358142335 0.07943806052207947 1349
1781358142341 0.040902577340602875 1350
1781358142346 0.03219671919941902 1351
1781358142352 0.03128422051668167 1352
1781358142357 0.09387658536434174 1353
1781358142363 0.13266944885253906 1354
1781358142368 0.02488058991730213 1355
1781358142374 0.04214382544159889 1356
1781358142380 0.0833074226975441 1357
1781358142385 0.03868934139609337 1358
1781358142390 0.039992526173591614 1359
1781358142396 0.024957340210676193 1360
1781358142401 0.05999942496418953 1361
1781358142406 0.11527718603610992 1362
1781358142412 0.029545249417424202 1363
1781358142417 0.051328033208847046 1364
1781358142422 0.07323282957077026 1365
1781358142429 0.033944521099328995 1366
1781358142434 0.03784286230802536 1367
1781358142439 0.09485790133476257 1368
1781358142447 0.06816457211971283 1369
1781358142451 0.09237353503704071 1370
1781358142456 0.06793804466724396 1371
1781358142462 0.029089458286762238 1372
1781358142467 0.03046516515314579 1373
1781358142474 0.048600029200315475 1374
1781358142479 0.1210252195596695 1375
1781358142483 0.08951682597398758 1376
1781358142488 0.0609884038567543 1377
1781358142493 0.05252213776111603 1378
1781358142498 0.05634777247905731 1379
1781358142504 0.02079269103705883 1380
1781358142510 0.042811568826436996 1381
1781358142515 0.0594375804066658 1382
1781358142520 0.025901447981595993 1383
1781358142525 0.040099136531353 1384
1781358142530 0.06849469244480133 1385
1781358142534 0.041881538927555084 1386
1781358142541 0.04874115437269211 1387
1781358142546 0.07123851776123047 1388
1781358142551 0.037132177501916885 1389
1781358142557 0.054730676114559174 1390
1781358142562 0.0305174607783556 1391
1781358142567 0.05671028047800064 1392
1781358142573 0.03894812613725662 1393
1781358142578 0.1098833829164505 1394
1781358142582 0.07298451662063599 1395
1781358142587 0.04318399727344513 1396
1781358142593 0.07520958036184311 1397
1781358142598 0.05084299296140671 1398
1781358142604 0.0818716362118721 1399
1781358142608 0.047477297484874725 1400
1781358142613 0.013218954205513 1401
1781358142619 0.06305055320262909 1402
1781358142624 0.07608182728290558 1403
1781358142628 0.039872296154499054 1404
1781358142634 0.10447116941213608 1405
1781358142640 0.03775372728705406 1406
1781358142644 0.017852257937192917 1407
1781358142650 0.061617448925971985 1408
1781358142655 0.09310847520828247 1409
1781358142660 0.09175519645214081 1410
1781358142665 0.06325560808181763 1411
1781358142670 0.02999536693096161 1412
1781358142678 0.04473667964339256 1413
1781358142683 0.08881056308746338 1414
1781358142689 0.05494144186377525 1415
1781358142694 0.04195898771286011 1416
1781358142700 0.09100364148616791 1417
1781358142705 0.05030099302530289 1418
1781358142711 0.03754091262817383 1419
1781358142716 0.01588619314134121 1420
1781358142721 0.07827385514974594 1421
1781358142726 0.08390932530164719 1422
1781358142731 0.04777569696307182 1423
1781358142735 0.020788799971342087 1424
1781358142740 0.031057726591825485 1425
1781358142747 0.042284172028303146 1426
1781358142752 0.03800256922841072 1427
1781358142757 0.015544245950877666 1428
1781358142767 0.0718914046883583 1429
1781358142773 0.08283479511737823 1430
1781358142781 0.12786346673965454 1431
1781358142787 0.06707719713449478 1432
1781358142793 0.05280207097530365 1433
1781358142798 0.066665418446064 1434
1781358142803 0.05405905842781067 1435
1781358142810 0.06157051771879196 1436
1781358142817 0.10516099631786346 1437
1781358142824 0.06903926283121109 1438
1781358142831 0.05262892320752144 1439
1781358142836 0.06233184039592743 1440
1781358142841 0.08089082688093185 1441
1781358142847 0.046234019100666046 1442
1781358142852 0.028648242354393005 1443
1781358142859 0.019449494779109955 1444
1781358142864 0.0678277313709259 1445
1781358142868 0.06573440879583359 1446
1781358142873 0.024200430139899254 1447
1781358142878 0.09891670197248459 1448
1781358142884 0.13480478525161743 1449
1781358142890 0.02426622435450554 1450
1781358142895 0.03408097103238106 1451
1781358142900 0.05536438897252083 1452
1781358142905 0.02757568284869194 1453
1781358142911 0.042536716908216476 1454
1781358142915 0.16324719786643982 1455
1781358142920 0.03027956187725067 1456
1781358142925 0.07875914871692657 1457
1781358142930 0.03559460490942001 1458
1781358142936 0.04982730746269226 1459
1781358142941 0.049083415418863297 1460
1781358142945 0.023955723270773888 1461
1781358142950 0.0305566918104887 1462
1781358142955 0.056492891162633896 1463
1781358142959 0.046080537140369415 1464
1781358142964 0.0763251781463623 1465
1781358142969 0.049829766154289246 1466
1781358142973 0.047435738146305084 1467
1781358142978 0.041611164808273315 1468
1781358142983 0.02416984550654888 1469
1781358142988 0.06483288109302521 1470
1781358142992 0.037723444402217865 1471
1781358142998 0.0394255667924881 1472
1781358143003 0.11766061186790466 1473
1781358143007 0.1312379688024521 1474
1781358143014 0.02578001283109188 1475
1781358143019 0.0238486360758543 1476
1781358143023 0.016124220564961433 1477
1781358143028 0.09084469825029373 1478
1781358143033 0.09786763787269592 1479
1781358143037 0.02502160705626011 1480
1781358143043 0.05349867418408394 1481
1781358143048 0.03856481984257698 1482
1781358143052 0.04544346034526825 1483
1781358143057 0.04727371782064438 1484
1781358143061 0.099195696413517 1485
1781358143066 0.03718269243836403 1486
1781358143072 0.04047299548983574 1487
1781358143077 0.0295502170920372 1488
1781358143082 0.031613800674676895 1489
1781358143088 0.047695308923721313 1490
1781358143093 0.06398776173591614 1491
1781358143098 0.045749910175800323 1492
1781358143103 0.009251528419554234 1493
1781358143108 0.06332187354564667 1494
1781358143113 0.14953987300395966 1495
1781358143118 0.03995969891548157 1496
1781358143123 0.048960089683532715 1497
1781358143131 0.027137331664562225 1498
1781358143135 0.03413037583231926 1499
1781358143141 0.07309524714946747 1500
1781358143145 0.01933462917804718 1501
1781358143150 0.053507544100284576 1502
1781358143155 0.05758321285247803 1503
1781358143159 0.0541987344622612 1504
1781358143164 0.07175514847040176 1505
1781358143168 0.10120382159948349 1506
1781358143174 0.05063747614622116 1507
1781358143178 0.07250954210758209 1508
1781358143183 0.08526027202606201 1509
1781358143188 0.13287492096424103 1510
1781358143193 0.042022109031677246 1511
1781358143197 0.06684524565935135 1512
1781358143204 0.029079986736178398 1513
1781358143209 0.07181370258331299 1514
1781358143214 0.04486661031842232 1515
1781358143220 0.05520128086209297 1516
1781358143224 0.020961137488484383 1517
1781358143229 0.06729650497436523 1518
1781358143237 0.048088572919368744 1519
1781358143242 0.073792465031147 1520
1781358143247 0.04309098422527313 1521
1781358143252 0.026307087391614914 1522
1781358143257 0.11894053965806961 1523
1781358143261 0.08197502791881561 1524
1781358143267 0.08120354264974594 1525
1781358143271 0.04052376747131348 1526
1781358143276 0.09336075186729431 1527
1781358143281 0.08506385236978531 1528
1781358143286 0.0204821415245533 1529
1781358143291 0.0512249656021595 1530
1781358143297 0.03397625684738159 1531
1781358143302 0.0473410040140152 1532
1781358143306 0.021810412406921387 1533
1781358143311 0.03969764709472656 1534
1781358143317 0.05425556004047394 1535
1781358143322 0.046771492809057236 1536
1781358143327 0.06536179780960083 1537
1781358143332 0.06541301310062408 1538
1781358143336 0.09617157280445099 1539
1781358143342 0.044594645500183105 1540
1781358143347 0.08162583410739899 1541
1781358143351 0.05255621671676636 1542
1781358143356 0.027382539585232735 1543
1781358143362 0.041691094636917114 1544
1781358143367 0.057576462626457214 1545
1781358143371 0.05175855755805969 1546
1781358143376 0.07140158861875534 1547
1781358143381 0.03987758606672287 1548
1781358143387 0.07706110179424286 1549
1781358143391 0.05701043829321861 1550
1781358143397 0.07324641197919846 1551
1781358143401 0.09702170640230179 1552
1781358143406 0.09299411624670029 1553
1781358143411 0.08664914220571518 1554
1781358143416 0.061219509690999985 1555
1781358143420 0.020756756886839867 1556
1781358143426 0.07613976299762726 1557
1781358143430 0.07226832211017609 1558
1781358143435 0.07916563749313354 1559
1781358143440 0.032706357538700104 1560
1781358143445 0.05002900958061218 1561
1781358143449 0.043096356093883514 1562
1781358143454 0.017968764528632164 1563
1781358143460 0.09392516314983368 1564
1781358143464 0.029651189222931862 1565
1781358143469 0.05244634300470352 1566
1781358143474 0.07755081355571747 1567
1781358143478 0.05806791037321091 1568
1781358143484 0.03888201713562012 1569
1781358143489 0.055078066885471344 1570
1781358143494 0.03987560421228409 1571
1781358143499 0.06015622615814209 1572
1781358143504 0.0959007740020752 1573
1781358143509 0.0646371990442276 1574
1781358143514 0.0449703149497509 1575
1781358143520 0.08047758042812347 1576
1781358143524 0.088205486536026 1577
1781358143529 0.06502433121204376 1578
1781358143534 0.054184556007385254 1579
1781358143538 0.04951557517051697 1580
1781358143543 0.051719557493925095 1581
1781358143547 0.10635104030370712 1582
1781358143552 0.058520350605249405 1583
1781358143557 0.1216496005654335 1584
1781358143562 0.07011491805315018 1585
1781358143567 0.08435406535863876 1586
1781358143572 0.033153656870126724 1587
1781358143576 0.06833385676145554 1588
1781358143581 0.049910128116607666 1589
1781358143587 0.02710849791765213 1590
1781358143592 0.08854633569717407 1591
1781358143596 0.05848482996225357 1592
1781358143601 0.07932515442371368 1593
1781358143606 0.019922500476241112 1594
1781358143611 0.04304352030158043 1595
1781358143617 0.024489695206284523 1596
1781358143622 0.03942697495222092 1597
1781358143626 0.03940999507904053 1598
1781358143631 0.04852902889251709 1599
1781358143635 0.023968564346432686 1600
1781358143639 0.0478782020509243 1601
1781358143644 0.05112340673804283 1602
1781358143650 0.06932830065488815 1603
1781358143654 0.10272642970085144 1604
1781358143659 0.05282308906316757 1605
1781358143664 0.04192877560853958 1606
1781358143668 0.03213728964328766 1607
1781358143673 0.07097678631544113 1608
1781358143678 0.06550473719835281 1609
1781358143683 0.049884192645549774 1610
1781358143688 0.029133113101124763 1611
1781358143693 0.020415063947439194 1612
1781358143698 0.10686582326889038 1613
1781358143703 0.03558356314897537 1614
1781358143708 0.013488459400832653 1615
1781358143713 0.022075194865465164 1616
1781358143718 0.03396764025092125 1617
1781358143722 0.04435459524393082 1618
1781358143728 0.0437699630856514 1619
1781358143733 0.04330582171678543 1620
1781358143738 0.06364934891462326 1621
1781358143743 0.07671109586954117 1622
1781358143748 0.04734662547707558 1623
1781358143753 0.07111154496669769 1624
1781358143758 0.06473391503095627 1625
1781358143764 0.08904867619276047 1626
1781358143768 0.05796671658754349 1627
1781358143774 0.08573279529809952 1628
1781358143779 0.06662879884243011 1629
1781358143784 0.1417044699192047 1630
1781358143791 0.03292497619986534 1631
1781358143796 0.08733436465263367 1632
1781358143802 0.06370844691991806 1633
1781358143807 0.1063571572303772 1634
1781358143814 0.04129364714026451 1635
1781358143819 0.05126350745558739 1636
1781358143827 0.046808402985334396 1637
1781358143832 0.05338039994239807 1638
1781358143839 0.08585403859615326 1639
1781358143844 0.044697102159261703 1640
1781358143848 0.04030719771981239 1641
1781358143853 0.025306470692157745 1642
1781358143858 0.07838065922260284 1643
1781358143863 0.0739196240901947 1644
1781358143870 0.034498486667871475 1645
1781358143875 0.09097462892532349 1646
1781358143881 0.07368257641792297 1647
1781358143886 0.02832149714231491 1648
1781358143891 0.04830498248338699 1649
1781358143895 0.04004264995455742 1650
1781358143902 0.061458151787519455 1651
1781358143907 0.028015999123454094 1652
1781358143912 0.0979318767786026 1653
1781358143918 0.04002276062965393 1654
1781358143923 0.06891518086194992 1655
1781358143929 0.10100940614938736 1656
1781358143936 0.026141516864299774 1657
1781358143941 0.08674536645412445 1658
1781358143945 0.036558106541633606 1659
1781358143951 0.0537901371717453 1660
1781358143956 0.03270204737782478 1661
1781358143961 0.04847933351993561 1662
1781358143966 0.05117109417915344 1663
1781358143971 0.06760556995868683 1664
1781358143976 0.03572084754705429 1665
1781358143982 0.07963347434997559 1666
1781358143988 0.055379629135131836 1667
1781358143993 0.06244580075144768 1668
1781358143999 0.12130352109670639 1669
1781358144003 0.12482339143753052 1670
1781358144008 0.06431616097688675 1671
1781358144013 0.057050324976444244 1672
1781358144018 0.08452518284320831 1673
1781358144023 0.0465879812836647 1674
1781358144029 0.05313597619533539 1675
1781358144034 0.09128597378730774 1676
1781358144039 0.062374748289585114 1677
1781358144045 0.03687947615981102 1678
1781358144050 0.10474443435668945 1679
1781358144055 0.07854856550693512 1680
1781358144060 0.02455323003232479 1681
1781358144065 0.1724659502506256 1682
1781358144070 0.06482112407684326 1683
1781358144075 0.043498970568180084 1684
1781358144081 0.09104546904563904 1685
1781358144086 0.027631381526589394 1686
1781358144091 0.04995867982506752 1687
1781358144096 0.09999636560678482 1688
1781358144101 0.0624636746942997 1689
1781358144106 0.052655357867479324 1690
1781358144111 0.04949582368135452 1691
1781358144116 0.018241863697767258 1692
1781358144121 0.05775735527276993 1693
1781358144127 0.04273001104593277 1694
1781358144131 0.04812481254339218 1695
1781358144136 0.050798699259757996 1696
1781358144142 0.04227372631430626 1697
1781358144147 0.21043334901332855 1698
1781358144152 0.14357204735279083 1699
1781358144157 0.05328752100467682 1700
1781358144163 0.04112415015697479 1701
1781358144167 0.09516441076993942 1702
1781358144172 0.07612594962120056 1703
1781358144178 0.034864380955696106 1704
1781358144183 0.04088933765888214 1705
1781358144188 0.0739247053861618 1706
1781358144193 0.03454722464084625 1707
1781358144198 0.037720371037721634 1708
1781358144203 0.08385153114795685 1709
1781358144208 0.062447383999824524 1710
1781358144213 0.052326664328575134 1711
1781358144219 0.0370943583548069 1712
1781358144224 0.04027719050645828 1713
1781358144229 0.1202210858464241 1714
1781358144235 0.0753403902053833 1715
1781358144240 0.03649153187870979 1716
1781358144245 0.04493434354662895 1717
1781358144250 0.03795243054628372 1718
1781358144256 0.05617307871580124 1719
1781358144261 0.06772606074810028 1720
1781358144267 0.03682075813412666 1721
1781358144272 0.0489797368645668 1722
1781358144276 0.0971076637506485 1723
1781358144282 0.022031299769878387 1724
1781358144287 0.038172103464603424 1725
1781358144292 0.11247725039720535 1726
1781358144304 0.06958785653114319 1727
1781358144309 0.05938384309411049 1728
1781358144316 0.07840447872877121 1729
1781358144321 0.08165256679058075 1730
1781358144325 0.13217441737651825 1731
1781358144332 0.05596257746219635 1732
1781358144337 0.07213414460420609 1733
1781358144342 0.051025763154029846 1734
1781358144347 0.1026807501912117 1735
1781358144352 0.0729130432009697 1736
1781358144357 0.042822111397981644 1737
1781358144362 0.09730049967765808 1738
1781358144367 0.06088164448738098 1739
1781358144372 0.09888263791799545 1740
1781358144377 0.03167814761400223 1741
1781358144382 0.1239243745803833 1742
1781358144387 0.0601700022816658 1743
1781358144392 0.12100644409656525 1744
1781358144397 0.07667943835258484 1745
1781358144402 0.09077473729848862 1746
1781358144408 0.09528791904449463 1747
1781358144413 0.12040464580059052 1748
1781358144418 0.03326661139726639 1749
1781358144423 0.0922134518623352 1750
1781358144429 0.036693036556243896 1751
1781358144434 0.05148398131132126 1752
1781358144439 0.02691361866891384 1753
1781358144445 0.08967621624469757 1754
1781358144450 0.06772536039352417 1755
1781358144455 0.08552093803882599 1756
1781358144460 0.053679458796978 1757
1781358144464 0.08982864767313004 1758
1781358144470 0.04647894203662872 1759
1781358144477 0.04299389570951462 1760
1781358144482 0.024825554341077805 1761
1781358144487 0.0330887995660305 1762
1781358144494 0.03905881196260452 1763
1781358144499 0.0734851211309433 1764
1781358144505 0.0637819766998291 1765
1781358144510 0.0681215450167656 1766
1781358144516 0.02484557218849659 1767
1781358144527 0.07523372769355774 1768
1781358144538 0.08518154174089432 1769
1781358144549 0.0773526132106781 1770
1781358144555 0.11542274057865143 1771
1781358144565 0.06108417361974716 1772
1781358144572 0.12584616243839264 1773
1781358144577 0.09886349737644196 1774
1781358144583 0.09861854463815689 1775
1781358144589 0.05539911240339279 1776
1781358144594 0.12586869299411774 1777
1781358144599 0.12906552851200104 1778
1781358144604 0.11699418723583221 1779
1781358144610 0.1062796339392662 1780
1781358144615 0.08346476405858994 1781
1781358144620 0.09768516570329666 1782
1781358144624 0.03187976032495499 1783
1781358144631 0.10414909571409225 1784
1781358144636 0.13939860463142395 1785
1781358144641 0.05424095317721367 1786
1781358144646 0.03844089061021805 1787
1781358144651 0.09671486914157867 1788
1781358144655 0.010338298976421356 1789
1781358144663 0.03923874348402023 1790
1781358144668 0.06444575637578964 1791
1781358144673 0.05933977663516998 1792
1781358144678 0.17619732022285461 1793
1781358144684 0.10114172101020813 1794
1781358144689 0.060882966965436935 1795
1781358144696 0.037355080246925354 1796
1781358144702 0.08644852042198181 1797
1781358144707 0.03315107151865959 1798
1781358144713 0.10538618266582489 1799
1781358144718 0.1401102989912033 1800
1781358144723 0.07997208833694458 1801
1781358144730 0.11986953765153885 1802
1781358144734 0.07865603268146515 1803
1781358144740 0.08660870790481567 1804
1781358144746 0.03506862372159958 1805
1781358144751 0.058272480964660645 1806
1781358144758 0.10749659687280655 1807
1781358144766 0.05170746520161629 1808
1781358144774 0.06836535036563873 1809
1781358144781 0.06707815825939178 1810
1781358144788 0.05138414353132248 1811
1781358144794 0.04503917321562767 1812
1781358144801 0.0633508712053299 1813
1781358144807 0.09439919143915176 1814
1781358144814 0.02830583229660988 1815
1781358144822 0.05135957524180412 1816
1781358144827 0.12151052057743073 1817
1781358144834 0.08962364494800568 1818
1781358144841 0.04750286042690277 1819
1781358144847 0.08632537722587585 1820
1781358144854 0.0770188719034195 1821
1781358144859 0.08855798840522766 1822
1781358144864 0.10843774676322937 1823
1781358144870 0.11354010552167892 1824
1781358144876 0.03630556911230087 1825
1781358144882 0.11764262616634369 1826
1781358144888 0.06952596455812454 1827
1781358144893 0.12479305267333984 1828
1781358144899 0.06428682059049606 1829
1781358144906 0.14926716685295105 1830
1781358144912 0.13774925470352173 1831
1781358144919 0.12434066832065582 1832
1781358144923 0.049008436501026154 1833
1781358144929 0.12879875302314758 1834
1781358144935 0.08061735332012177 1835
1781358144940 0.07201769948005676 1836
1781358144949 0.04017964377999306 1837
1781358144955 0.12457656115293503 1838
1781358144959 0.122803695499897 1839
1781358144966 0.12521159648895264 1840
1781358144972 0.14830997586250305 1841
1781358144980 0.030240358784794807 1842
1781358144986 0.08710455894470215 1843
1781358144991 0.1630692481994629 1844
1781358144998 0.12469976395368576 1845
1781358145003 0.03864628076553345 1846
1781358145008 0.08853115141391754 1847
1781358145014 0.05654517188668251 1848
1781358145018 0.11496954411268234 1849
1781358145023 0.03299544006586075 1850
1781358145028 0.08823167532682419 1851
1781358145033 0.07242072373628616 1852
1781358145038 0.05436360090970993 1853
1781358145044 0.04477514326572418 1854
1781358145048 0.16351142525672913 1855
1781358145054 0.053423523902893066 1856
1781358145059 0.12298698723316193 1857
1781358145064 0.09291672706604004 1858
1781358145069 0.09050635993480682 1859
1781358145074 0.0486002042889595 1860
1781358145079 0.07222896069288254 1861
1781358145084 0.1455550491809845 1862
1781358145091 0.08115130662918091 1863
1781358145096 0.13288800418376923 1864
1781358145101 0.15993735194206238 1865
1781358145107 0.04833104461431503 1866
1781358145112 0.06367499381303787 1867
1781358145116 0.07133960723876953 1868
1781358145122 0.05565567687153816 1869
1781358145127 0.0704735666513443 1870
1781358145132 0.03527526557445526 1871
1781358145138 0.09416572749614716 1872
1781358145145 0.15723387897014618 1873
1781358145470 0.03579016774892807 1874
1781358145475 0.08274935930967331 1875
1781358145480 0.08374214172363281 1876
1781358145484 0.07324793934822083 1877
1781358145490 0.0761934295296669 1878
1781358145495 0.12682661414146423 1879
1781358145500 0.019253496080636978 1880
1781358145506 0.022281698882579803 1881
1781358145510 0.111932672560215 1882
1781358145515 0.05822158604860306 1883
1781358145521 0.1265961229801178 1884
1781358145526 0.07649939507246017 1885
1781358145530 0.05898001417517662 1886
1781358145535 0.10859149694442749 1887
1781358145541 0.15105606615543365 1888
1781358145547 0.0307297483086586 1889
1781358145553 0.0487607941031456 1890
1781358145557 0.11083050072193146 1891
1781358145564 0.09962400048971176 1892
1781358145570 0.051772695034742355 1893
1781358145576 0.07197863608598709 1894
1781358145581 0.07259130477905273 1895
1781358145587 0.10500527173280716 1896
1781358145592 0.09082998335361481 1897
1781358145598 0.16112931072711945 1898
1781358145603 0.14456163346767426 1899
1781358145608 0.10723038017749786 1900
1781358145613 0.14345312118530273 1901
1781358145618 0.045261844992637634 1902
1781358145623 0.11172785609960556 1903
1781358145629 0.05039844289422035 1904
1781358145634 0.08498646318912506 1905
1781358145639 0.13620315492153168 1906
1781358145644 0.08094652742147446 1907
1781358145649 0.05167994648218155 1908
1781358145654 0.13791324198246002 1909
1781358145660 0.17547829449176788 1910
1781358145666 0.1270013153553009 1911
1781358145672 0.038972239941358566 1912
1781358145677 0.07901374995708466 1913
1781358145682 0.10831119120121002 1914
1781358145687 0.07169784605503082 1915
1781358145693 0.12607505917549133 1916
1781358145699 0.12528525292873383 1917
1781358145703 0.23186221718788147 1918
1781358145712 0.16890238225460052 1919
1781358145718 0.10740829259157181 1920
1781358145725 0.1271028071641922 1921
1781358145731 0.1404561698436737 1922
1781358145738 0.08501701802015305 1923
1781358145743 0.13571271300315857 1924
1781358145748 0.087440624833107 1925
1781358145753 0.07033083587884903 1926
1781358145759 0.09527488052845001 1927
1781358145764 0.03703726455569267 1928
1781358145769 0.12431097030639648 1929
1781358145774 0.07061532139778137 1930
1781358145779 0.04099871590733528 1931
1781358145784 0.23427322506904602 1932
1781358145790 0.11484880745410919 1933
1781358145795 0.13120073080062866 1934
1781358145800 0.09373053908348083 1935
1781358145806 0.10385426133871078 1936
1781358145812 0.11364196240901947 1937
1781358145817 0.04841136187314987 1938
1781358145822 0.043224990367889404 1939
1781358145827 0.09026572853326797 1940
1781358145832 0.05948935076594353 1941
1781358145840 0.1437343806028366 1942
1781358145846 0.1619998663663864 1943
1781358145852 0.06014065444469452 1944
1781358145858 0.12159527093172073 1945
1781358145863 0.1310247778892517 1946
1781358145869 0.07429516315460205 1947
1781358145875 0.12137053161859512 1948
1781358145880 0.04668864980340004 1949
1781358145887 0.1832631379365921 1950
1781358145892 0.14387160539627075 1951
1781358145897 0.11473289132118225 1952
1781358145903 0.15222536027431488 1953
1781358145908 0.1384265422821045 1954
1781358145913 0.08357860147953033 1955
1781358145919 0.0499601773917675 1956
1781358145923 0.1264854371547699 1957
1781358145929 0.2702637016773224 1958
1781358145935 0.09805336594581604 1959
1781358145939 0.07337872684001923 1960
1781358145945 0.09263479709625244 1961
1781358145951 0.08620849251747131 1962
1781358145957 0.09215935319662094 1963
1781358145963 0.08750515431165695 1964
1781358145969 0.12466415762901306 1965
1781358145974 0.1609298288822174 1966
1781358145981 0.10826504975557327 1967
1781358145986 0.11038096249103546 1968
1781358145992 0.08276048302650452 1969
1781358145997 0.17440715432167053 1970
1781358146002 0.1311582624912262 1971
1781358146007 0.10707549750804901 1972
1781358146013 0.09316623210906982 1973
1781358146018 0.08976132422685623 1974
1781358146023 0.08252142369747162 1975
1781358146030 0.07271818816661835 1976
1781358146038 0.15880848467350006 1977
1781358146047 0.15179479122161865 1978
1781358146055 0.18592369556427002 1979
1781358146063 0.11991512030363083 1980
1781358146068 0.16143512725830078 1981
1781358146075 0.1275719702243805 1982
1781358146081 0.1269039660692215 1983
1781358146086 0.10687296837568283 1984
1781358146094 0.1589818000793457 1985
1781358146101 0.057330336421728134 1986
1781358146110 0.1800643801689148 1987
1781358146116 0.18497726321220398 1988
1781358146124 0.06488897651433945 1989
1781358146129 0.11752290278673172 1990
1781358146136 0.09787118434906006 1991
1781358146142 0.14807596802711487 1992
1781358146148 0.1348486691713333 1993
1781358146157 0.10372292250394821 1994
1781358146164 0.0902184396982193 1995
1781358146172 0.07915352284908295 1996
1781358146178 0.08855082094669342 1997
1781358146185 0.08556614816188812 1998
1781358146192 0.07115185260772705 1999
1781358146198 0.049114421010017395 2000
1781358146203 0.07665004581212997 2001
1781358146209 0.08860747516155243 2002
1781358146218 0.17691925168037415 2003
1781358146224 0.05193430185317993 2004
1781358146229 0.20553722977638245 2005
1781358146236 0.15430951118469238 2006
1781358146242 0.03772004693746567 2007
1781358146249 0.36842361092567444 2008
1781358146255 0.2105381041765213 2009
1781358146261 0.15902768075466156 2010
1781358146268 0.12169911712408066 2011
1781358146274 0.15747737884521484 2012
1781358146280 0.11546021699905396 2013
1781358146286 0.10451159626245499 2014
1781358146291 0.16446340084075928 2015
1781358146299 0.12888824939727783 2016
1781358146305 0.11500969529151917 2017
1781358146309 0.1343318372964859 2018
1781358146315 0.17233170568943024 2019
1781358146320 0.1418485939502716 2020
1781358146325 0.07300837337970734 2021
1781358146332 0.20708125829696655 2022
1781358146337 0.1266240030527115 2023
1781358146342 0.16893577575683594 2024
1781358146348 0.11589239537715912 2025
1781358146352 0.14184755086898804 2026
1781358146357 0.1519675850868225 2027
1781358146363 0.13811345398426056 2028
1781358146368 0.07492133229970932 2029
1781358146372 0.14248888194561005 2030
1781358146378 0.1863897740840912 2031
1781358146383 0.16855783760547638 2032
1781358146388 0.22730430960655212 2033
1781358146393 0.16729901731014252 2034
1781358146398 0.19991622865200043 2035
1781358146403 0.2545804977416992 2036
1781358146408 0.17200732231140137 2037
1781358146413 0.06099268049001694 2038
1781358146418 0.11507298052310944 2039
1781358146423 0.18977361917495728 2040
1781358146428 0.22301092743873596 2041
1781358146433 0.12346708029508591 2042
1781358146438 0.12352870404720306 2043
1781358146444 0.07774548977613449 2044
1781358146448 0.07591117918491364 2045
1781358146453 0.12140455096960068 2046
1781358146460 0.10242845863103867 2047
1781358146464 0.15104056894779205 2048
1781358146469 0.17642463743686676 2049
1781358146474 0.1251138150691986 2050
1781358146479 0.16443605720996857 2051
1781358146484 0.2101219743490219 2052
1781358146489 0.1489083468914032 2053
1781358146494 0.18114131689071655 2054
1781358146499 0.23168638348579407 2055
1781358146505 0.2126762568950653 2056
1781358146510 0.20574936270713806 2057
1781358146515 0.30627238750457764 2058
1781358146521 0.11549422144889832 2059
1781358146526 0.14662201702594757 2060
1781358146530 0.1369330734014511 2061
1781358146537 0.20362478494644165 2062
1781358146542 0.2812870144844055 2063
1781358146547 0.20136618614196777 2064
1781358146554 0.20756688714027405 2065
1781358146561 0.10219462960958481 2066
1781358146565 0.15472403168678284 2067
1781358146571 0.13020092248916626 2068
1781358146576 0.1908763200044632 2069
1781358146581 0.12920479476451874 2070
1781358146585 0.14435601234436035 2071
1781358146590 0.1574375033378601 2072
1781358146595 0.09965571016073227 2073
1781358146601 0.3105340898036957 2074
1781358146608 0.12168694287538528 2075
1781358146615 0.2037835717201233 2076
1781358146621 0.20401999354362488 2077
1781358146628 0.1251499354839325 2078
1781358146635 0.15395325422286987 2079
1781358146643 0.22056962549686432 2080
1781358146650 0.17930340766906738 2081
1781358146657 0.22878146171569824 2082
1781358146663 0.32536447048187256 2083
1781358146670 0.1287267804145813 2084
1781358146675 0.19490011036396027 2085
1781358146681 0.1314079314470291 2086
1781358146686 0.20129117369651794 2087
1781358146691 0.16451412439346313 2088
1781358146697 0.21386337280273438 2089
1781358146703 0.14274147152900696 2090
1781358146710 0.2219146490097046 2091
1781358146717 0.28793707489967346 2092
1781358146721 0.1647598147392273 2093
1781358146726 0.13730096817016602 2094
1781358146732 0.1726895570755005 2095
1781358146737 0.1867186278104782 2096
1781358146742 0.10798509418964386 2097
1781358146749 0.20236341655254364 2098
1781358146754 0.19788387417793274 2099
1781358146762 0.2901729941368103 2100
1781358146766 0.25820088386535645 2101
1781358146771 0.37071165442466736 2102
1781358146777 0.11440281569957733 2103
1781358146782 0.31839483976364136 2104
1781358146786 0.2522534430027008 2105
1781358146792 0.19447797536849976 2106
1781358146797 0.17978736758232117 2107
1781358146801 0.24652400612831116 2108
1781358146808 0.12863752245903015 2109
1781358146813 0.23978547751903534 2110
1781358146822 0.13916249573230743 2111
1781358146827 0.3678975999355316 2112
1781358146832 0.11926794052124023 2113
1781358146838 0.17410995066165924 2114
1781358146844 0.11931268125772476 2115
1781358146849 0.18625733256340027 2116
1781358146854 0.14685717225074768 2117
1781358146859 0.15585267543792725 2118
1781358146864 0.35845786333084106 2119
1781358146868 0.19165673851966858 2120
1781358146874 0.11299654096364975 2121
1781358146879 0.2997496724128723 2122
1781358146884 0.16395455598831177 2123
1781358146889 0.24450184404850006 2124
1781358146895 0.3683735728263855 2125
1781358146899 0.2223931849002838 2126
1781358146905 0.23188284039497375 2127
1781358146911 0.1949836015701294 2128
1781358146915 0.24135853350162506 2129
1781358146921 0.20109036564826965 2130
1781358146927 0.20521561801433563 2131
1781358146932 0.38717153668403625 2132
1781358146938 0.19346635043621063 2133
1781358146943 0.16388878226280212 2134
1781358146948 0.21358636021614075 2135
1781358146954 0.3079051971435547 2136
1781358146959 0.28963300585746765 2137
1781358146963 0.2776621878147125 2138
1781358146968 0.2681117653846741 2139
1781358146973 0.2795422077178955 2140
1781358146978 0.24473965167999268 2141
1781358146983 0.17199082672595978 2142
1781358146988 0.22722375392913818 2143
1781358146994 0.19167831540107727 2144
1781358146999 0.2409866750240326 2145
1781358147005 0.3395969867706299 2146
1781358147010 0.25223806500434875 2147
1781358147016 0.5364965796470642 2148
1781358147021 0.37244313955307007 2149
1781358147025 0.16361123323440552 2150
1781358147030 0.16406035423278809 2151
1781358147035 0.3837380111217499 2152
1781358147040 0.2518894374370575 2153
1781358147045 0.331958532333374 2154
1781358147051 0.1767899990081787 2155
1781358147055 0.18756839632987976 2156
1781358147060 0.30215173959732056 2157
1781358147065 0.2709033787250519 2158
1781358147070 0.29455938935279846 2159
1781358147075 0.3460814356803894 2160
1781358147080 0.3111805319786072 2161
1781358147085 0.31545937061309814 2162
1781358147090 0.27976128458976746 2163
1781358147096 0.2902860641479492 2164
1781358147100 0.27831730246543884 2165
1781358147105 0.2270215004682541 2166
1781358147111 0.3644353151321411 2167
1781358147116 0.3676493167877197 2168
1781358147121 0.330900639295578 2169
1781358147126 0.29258766770362854 2170
1781358147131 0.3155125379562378 2171
1781358147136 0.21418115496635437 2172
1781358147143 0.13904550671577454 2173
1781358147149 0.38122206926345825 2174
1781358147154 0.26575395464897156 2175
1781358147160 0.5062059760093689 2176
1781358147164 0.44316285848617554 2177
1781358147169 0.24894863367080688 2178
1781358147176 0.32751065492630005 2179
1781358147182 0.5519409775733948 2180
1781358147187 0.2841591536998749 2181
1781358147192 0.3628454804420471 2182
1781358147198 0.40584421157836914 2183
1781358147202 0.2834782600402832 2184
1781358147208 0.2995145916938782 2185
1781358147213 0.26783475279808044 2186
1781358147218 0.40886929631233215 2187
1781358147223 0.42451828718185425 2188
1781358147228 0.3574167490005493 2189
1781358147233 0.3267967402935028 2190
1781358147238 0.478372186422348 2191
1781358147243 0.3337964117527008 2192
1781358147248 0.18959705531597137 2193
1781358147254 0.37452954053878784 2194
1781358147258 0.23870030045509338 2195
1781358147263 0.38424956798553467 2196
1781358147269 0.24020899832248688 2197
1781358147274 0.3937801122665405 2198
1781358147280 0.4582638740539551 2199
1781358147284 0.26811307668685913 2200
1781358147289 0.4562416076660156 2201
1781358147295 0.4521465599536896 2202
1781358147300 0.3698262572288513 2203
1781358147306 0.38153067231178284 2204
1781358147310 0.3427232503890991 2205
1781358147315 0.35546451807022095 2206
1781358147321 0.44764891266822815 2207
1781358147326 0.3404502272605896 2208
1781358147331 0.3139728605747223 2209
1781358147336 0.4026710093021393 2210
1781358147341 0.4914044141769409 2211
1781358147345 0.3574584722518921 2212
1781358147352 0.41289424896240234 2213
1781358147357 0.6068594455718994 2214
1781358147363 0.40799903869628906 2215
1781358147368 0.38113778829574585 2216
1781358147373 0.33079105615615845 2217
1781358147378 0.42957428097724915 2218
1781358147383 0.45657819509506226 2219
1781358147388 0.3434150218963623 2220
1781358147394 0.5259286761283875 2221
1781358147399 0.6239837408065796 2222
1781358147404 0.5497210025787354 2223
1781358147409 0.3997966945171356 2224
1781358147415 0.6196817755699158 2225
1781358147419 0.5390132665634155 2226
1781358147424 0.37552645802497864 2227
1781358147431 0.46366018056869507 2228
1781358147437 0.31048163771629333 2229
1781358147441 0.5251720547676086 2230
1781358147446 0.3780919909477234 2231
1781358147451 0.6045998930931091 2232
1781358147456 0.4021907150745392 2233
1781358147461 0.5688639879226685 2234
1781358147466 0.5112219452857971 2235
1781358147471 0.6275156140327454 2236
1781358147475 0.45854026079177856 2237
1781358147481 0.580729067325592 2238
1781358147485 0.6018906831741333 2239
1781358147490 0.3722325563430786 2240
1781358147495 0.4907265901565552 2241
1781358147500 0.43833988904953003 2242
1781358147505 0.7823752164840698 2243
1781358147512 0.6351070404052734 2244
1781358147517 0.6307139992713928 2245
1781358147522 0.5453944802284241 2246
1781358147527 0.426845520734787 2247
1781358147532 0.7518354058265686 2248
1781358147536 0.5323096513748169 2249
1781358147541 0.39191725850105286 2250
1781358147546 0.7823256254196167 2251
1781358147551 0.6465182304382324 2252
1781358147555 0.4379609227180481 2253
1781358147561 0.6427866220474243 2254
1781358147566 0.579940676689148 2255
1781358147571 0.8774245381355286 2256
1781358147576 0.4473588466644287 2257
1781358147581 0.7375786900520325 2258
1781358147586 0.5556780099868774 2259
1781358147591 0.5647910833358765 2260
1781358147596 0.728587806224823 2261
1781358147601 0.43775269389152527 2262
1781358147608 0.5629979968070984 2263
1781358147613 0.5583375096321106 2264
1781358147617 1.0662755966186523 2265
1781358147623 0.6888189911842346 2266
1781358147628 0.5204082131385803 2267
1781358147632 0.6934983730316162 2268
1781358147637 0.3841080665588379 2269
1781358147643 0.48968082666397095 2270
1781358147647 0.7057368755340576 2271
1781358147652 0.6979366540908813 2272
1781358147658 0.5488015413284302 2273
1781358147662 0.6119832992553711 2274
1781358147667 0.850500762462616 2275
1781358147673 0.5921831727027893 2276
1781358147677 0.5059150457382202 2277
1781358147682 0.5880899429321289 2278
1781358147687 0.7263907194137573 2279
1781358147692 0.6723313331604004 2280
1781358147697 0.3981425166130066 2281
1781358147703 0.7071800827980042 2282
1781358147708 0.737460732460022 2283
1781358147713 0.5154820680618286 2284
1781358147719 0.6812730431556702 2285
1781358147724 0.7540443539619446 2286
1781358147729 0.37203171849250793 2287
1781358147734 0.7406169176101685 2288
1781358147739 0.44128280878067017 2289
1781358147743 0.5220328569412231 2290
1781358147749 0.6589793562889099 2291
1781358147755 0.7716251611709595 2292
1781358147761 0.7719371914863586 2293
1781358147767 0.8271214365959167 2294
1781358147773 0.7644012570381165 2295
1781358147777 1.0547667741775513 2296
1781358147783 0.865033745765686 2297
1781358147787 0.7694880962371826 2298
1781358147792 0.7361611723899841 2299
1781358147797 0.5225250720977783 2300
1781358147803 0.5251632332801819 2301
1781358147808 0.48288142681121826 2302
1781358147813 0.638573408126831 2303
1781358147818 0.853183388710022 2304
1781358147823 0.4730362296104431 2305
1781358147827 0.6567526459693909 2306
1781358147832 0.5834481120109558 2307
1781358147836 0.9032996892929077 2308
1781358147842 0.8076069355010986 2309
1781358147847 0.6555377840995789 2310
1781358147853 0.686873733997345 2311
1781358147858 0.8428776264190674 2312
1781358147863 0.5612770915031433 2313
1781358147868 0.5856907367706299 2314
1781358147872 0.674761176109314 2315
1781358147877 0.843199610710144 2316
1781358147882 0.8080804944038391 2317
1781358147888 0.6853191256523132 2318
1781358147893 0.8649066090583801 2319
1781358147898 0.509945273399353 2320
1781358147903 0.7797260880470276 2321
1781358147907 0.6032397747039795 2322
1781358147914 0.7294238209724426 2323
1781358147918 0.5492006540298462 2324
1781358147924 0.5924530029296875 2325
1781358147929 0.5375583171844482 2326
1781358147934 0.6847577095031738 2327
1781358147940 0.5976483821868896 2328
1781358147945 0.5974080562591553 2329
1781358147951 0.6921924352645874 2330
1781358147956 0.7374054193496704 2331
1781358147962 0.5089865922927856 2332
1781358147966 0.5169506072998047 2333
1781358147972 0.6402738094329834 2334
1781358147977 0.4769115447998047 2335
1781358147982 0.620324432849884 2336
1781358147987 0.5773982405662537 2337
1781358147992 0.6439465284347534 2338
1781358147997 0.5772522687911987 2339
1781358148001 0.6560070514678955 2340
1781358148007 0.5039809346199036 2341
1781358148011 0.6856527924537659 2342
1781358148016 0.6242983341217041 2343
1781358148021 0.5339689254760742 2344
1781358148025 0.7208654880523682 2345
1781358148030 0.6521756649017334 2346
1781358148035 0.8083606958389282 2347
1781358148041 0.7741050720214844 2348
1781358148046 0.7252397537231445 2349
1781358148050 0.4659721851348877 2350
1781358148056 0.7088203430175781 2351
1781358148062 0.5522769093513489 2352
1781358148066 0.6378931403160095 2353
1781358148073 0.5969675779342651 2354
1781358148077 0.5405995845794678 2355
1781358148082 0.6627100706100464 2356
1781358148088 0.6929782032966614 2357
1781358148093 0.6280937194824219 2358
1781358148098 0.5246632695198059 2359
1781358148104 0.51991868019104 2360
1781358148111 0.636155366897583 2361
1781358148117 0.6106747388839722 2362
1781358148122 0.4820183515548706 2363
1781358148128 0.604548454284668 2364
1781358148135 0.8171907663345337 2365
1781358148140 0.6237107515335083 2366
1781358148144 0.6076837778091431 2367
1781358148150 0.7671305537223816 2368
1781358148155 0.5844415426254272 2369
1781358148161 0.48865848779678345 2370
1781358148167 0.4837866723537445 2371
1781358148172 0.5123416781425476 2372
1781358148177 0.6079692840576172 2373
1781358148182 0.4691803455352783 2374
1781358148189 0.5138972401618958 2375
1781358148194 0.39987069368362427 2376
1781358148199 0.7084494233131409 2377
1781358148204 0.8068596124649048 2378
1781358148209 0.545505940914154 2379
1781358148215 0.6139147281646729 2380
1781358148222 0.5088464021682739 2381
1781358148228 0.7215030193328857 2382
1781358148234 0.4420837163925171 2383
1781358148239 0.606234073638916 2384
1781358148244 0.6041964292526245 2385
1781358148249 0.5395140051841736 2386
1781358148254 0.5780293345451355 2387
1781358148259 0.5927703380584717 2388
1781358148264 0.7490211725234985 2389
1781358148270 0.568411111831665 2390
1781358148275 0.6218613982200623 2391
1781358148281 0.5284222364425659 2392
1781358148285 0.44049781560897827 2393
1781358148290 0.6149559020996094 2394
1781358148296 0.5238959789276123 2395
1781358148301 0.7090415954589844 2396
1781358148306 0.8432358503341675 2397
1781358148312 0.6421615481376648 2398
1781358148317 0.7391083240509033 2399
1781358148322 0.6912733912467957 2400
1781358148328 0.6422132253646851 2401
1781358148333 0.6405951380729675 2402
1781358148337 0.7177053689956665 2403
1781358148343 0.6198872923851013 2404
1781358148348 0.6797866821289062 2405
1781358148353 0.588231086730957 2406
1781358148359 0.5937607288360596 2407
1781358148364 0.6364006996154785 2408
1781358148368 0.7444259524345398 2409
1781358148375 0.6834616661071777 2410
1781358148381 0.7589269876480103 2411
1781358148385 0.8860818147659302 2412
1781358148391 0.7794369459152222 2413
1781358148396 0.6896535158157349 2414
1781358148401 0.6774088144302368 2415
1781358148406 0.6231868267059326 2416
1781358148411 0.7282719612121582 2417
1781358148415 0.8757885694503784 2418
1781358148420 0.697150707244873 2419
1781358148426 0.6199212074279785 2420
1781358148430 0.7011227607727051 2421
1781358148436 0.669451892375946 2422
1781358148442 0.651698112487793 2423
1781358148446 0.695843517780304 2424
1781358148452 0.8232021331787109 2425
1781358148457 0.6670864224433899 2426
1781358148462 0.9118503332138062 2427
1781358148467 0.8273277282714844 2428
1781358148473 0.7808575630187988 2429
1781358148477 0.6644890308380127 2430
1781358148482 0.900506854057312 2431
1781358148488 0.7614660263061523 2432
1781358148492 0.6194537281990051 2433
1781358148497 0.8659489154815674 2434
1781358148502 0.835748553276062 2435
1781358148506 0.8238211870193481 2436
1781358148511 0.9025976657867432 2437
1781358148516 0.7145953178405762 2438
1781358148521 0.8316022157669067 2439
1781358148526 0.774427056312561 2440
1781358148531 0.8866536617279053 2441
1781358148536 0.8078973293304443 2442
1781358148541 0.8604124784469604 2443
1781358148546 0.7873079776763916 2444
1781358148551 0.9266345500946045 2445
1781358148556 0.7743504047393799 2446
1781358148561 0.7225542664527893 2447
1781358148567 0.9383410215377808 2448
1781358148573 0.8151625394821167 2449
1781358148578 0.9473063945770264 2450
1781358148584 0.7835723161697388 2451
1781358148590 0.8355717658996582 2452
1781358148594 0.8213339447975159 2453
1781358148604 0.8809407949447632 2454
1781358148610 0.7751055359840393 2455
1781358148616 0.7099242210388184 2456
1781358148622 0.7096476554870605 2457
1781358148627 0.802822470664978 2458
1781358148633 0.8764573335647583 2459
1781358148638 0.6507620215415955 2460
1781358148645 0.7828461527824402 2461
1781358148650 0.995558500289917 2462
1781358148655 0.8275393843650818 2463
1781358148662 0.843098521232605 2464
1781358148670 0.9722815752029419 2465
1781358148680 0.6737473011016846 2466
1781358148691 0.7049139142036438 2467
1781358148701 0.8836392760276794 2468
1781358148712 0.9577850699424744 2469
1781358148720 0.8214858770370483 2470
1781358148730 0.7515852451324463 2471
1781358148735 0.7938640117645264 2472
1781358148742 0.7220523357391357 2473
1781358148747 0.8845942616462708 2474
1781358148752 0.7311425805091858 2475
1781358148757 0.9178708791732788 2476
1781358148762 0.7149826288223267 2477
1781358148766 0.8279502391815186 2478
1781358148773 0.7107329368591309 2479
1781358148778 0.8866899013519287 2480
1781358148783 0.7592626810073853 2481
1781358148788 0.7387826442718506 2482
1781358148793 0.8632463216781616 2483
1781358148798 0.8065744638442993 2484
1781358148802 0.6886159181594849 2485
1781358148808 0.9100959897041321 2486
1781358148813 0.7546792030334473 2487
1781358148817 0.7724798321723938 2488
1781358148823 0.9187889695167542 2489
1781358148828 0.9068739414215088 2490
1781358148833 0.7789998054504395 2491
1781358148840 0.8684468269348145 2492
1781358148845 0.837942898273468 2493
1781358148850 0.8259385824203491 2494
1781358148856 0.9132537841796875 2495
1781358148862 0.8297024965286255 2496
1781358148867 0.7985880374908447 2497
1781358148873 0.8133198022842407 2498
1781358148878 0.6487381458282471 2499
1781358148884 0.8133885860443115 2500
1781358148890 0.8596270084381104 2501
1781358148895 0.9177350997924805 2502
1781358148901 0.8238734006881714 2503
1781358148907 0.9329986572265625 2504
1781358148912 0.872069239616394 2505
1781358148920 0.7927273511886597 2506
1781358148926 0.7140742540359497 2507
1781358148935 0.7214166522026062 2508
1781358148943 0.7856255769729614 2509
1781358148952 0.8981695771217346 2510
1781358148958 0.7063016295433044 2511
1781358148964 1.014909267425537 2512
1781358148971 0.8443808555603027 2513
1781358148976 0.7089521884918213 2514
1781358148982 0.6314023733139038 2515
1781358148987 0.9446398615837097 2516
1781358148992 0.8297238349914551 2517
1781358148998 0.7781336307525635 2518
1781358149003 0.8588139414787292 2519
1781358149007 0.7917454242706299 2520
1781358149013 0.7615396976470947 2521
1781358149018 0.9037152528762817 2522
1781358149022 0.7463146448135376 2523
1781358149028 0.7256113290786743 2524
1781358149033 0.6186773180961609 2525
1781358149038 0.6977270841598511 2526
1781358149045 0.6553045511245728 2527
1781358149050 0.8063181638717651 2528
1781358149055 0.7629729509353638 2529
1781358149062 0.6776626110076904 2530
1781358149067 0.6888996958732605 2531
1781358149072 0.7908446192741394 2532
1781358149077 0.5440200567245483 2533
1781358149081 0.8089964985847473 2534
1781358149086 0.6687422394752502 2535
1781358149092 0.6314613819122314 2536
1781358149097 0.5571168661117554 2537
1781358149102 0.570425271987915 2538
1781358149107 0.5851618051528931 2539
1781358149112 0.7036501169204712 2540
1781358149117 0.574502170085907 2541
1781358149122 0.7116771936416626 2542
1781358149128 0.582421064376831 2543
1781358149133 0.546861469745636 2544
1781358149137 0.6252411007881165 2545
1781358149144 0.5971553325653076 2546
1781358149148 0.47393161058425903 2547
1781358149153 0.6416733264923096 2548
1781358149158 0.5558861494064331 2549
1781358149164 0.6973129510879517 2550
1781358149168 0.7116588950157166 2551
1781358149173 0.5871659517288208 2552
1781358149178 0.6683008670806885 2553
1781358149183 0.5708299279212952 2554
1781358149188 0.4903513789176941 2555
1781358149193 0.5036801099777222 2556
1781358149198 0.5908298492431641 2557
1781358149204 0.4806394577026367 2558
1781358149209 0.6146607398986816 2559
1781358149214 0.5617320537567139 2560
1781358149220 0.5560950040817261 2561
1781358149225 0.5508930683135986 2562
1781358149231 0.4895278513431549 2563
1781358149236 0.5953705310821533 2564
1781358149243 0.5389024615287781 2565
1781358149247 0.6495550870895386 2566
1781358149253 0.6791326403617859 2567
1781358149257 0.7240817546844482 2568
1781358149262 0.6895178556442261 2569
1781358149267 0.46897146105766296 2570
1781358149273 0.6633278727531433 2571
1781358149277 0.6111904382705688 2572
1781358149282 0.5835952162742615 2573
1781358149287 0.6517479419708252 2574
1781358149292 0.5152889490127563 2575
1781358149297 0.6283685564994812 2576
1781358149302 0.6656685471534729 2577
1781358149307 0.7011019587516785 2578
1781358149311 0.6922707557678223 2579
1781358149317 0.7233138680458069 2580
1781358149322 0.7176392078399658 2581
1781358149326 0.7184315919876099 2582
1781358149332 0.7857948541641235 2583
1781358149338 0.9121849536895752 2584
1781358149342 0.8093564510345459 2585
1781358149349 0.6391517519950867 2586
1781358149354 0.6803557872772217 2587
1781358149358 0.7836949825286865 2588
1781358149363 0.7309398651123047 2589
1781358149368 0.6643544435501099 2590
1781358149372 0.8678009510040283 2591
1781358149378 0.8495063781738281 2592
1781358149383 0.6473555564880371 2593
1781358149388 0.8650577068328857 2594
1781358149393 0.6667925119400024 2595
1781358149398 0.7562049031257629 2596
1781358149403 0.8696383237838745 2597
1781358149408 0.7020190954208374 2598
1781358149415 0.8773143887519836 2599
1781358149419 0.7245627641677856 2600
1781358149425 0.7353568077087402 2601
1781358149431 0.740976095199585 2602
1781358149436 0.793344259262085 2603
1781358149440 0.7982182502746582 2604
1781358149446 0.6998655796051025 2605
1781358149454 0.7781622409820557 2606
1781358149459 0.8327755331993103 2607
1781358149464 0.8187321424484253 2608
1781358149468 0.8245006799697876 2609
1781358149473 0.8611161708831787 2610
1781358149479 0.8730864524841309 2611
1781358149484 0.9051957130432129 2612
1781358149489 0.9813253879547119 2613
1781358149495 0.8240748643875122 2614
1781358149499 0.8628571033477783 2615
1781358149504 0.9672155976295471 2616
1781358149510 0.9089334011077881 2617
1781358149515 0.9125893712043762 2618
1781358149520 1.0077171325683594 2619
1781358149526 0.8870452046394348 2620
1781358149531 0.8077744841575623 2621
1781358149536 0.9571825265884399 2622
1781358149541 1.0137743949890137 2623
1781358149546 0.9058566689491272 2624
1781358149551 0.8383054733276367 2625
1781358149556 0.8635676503181458 2626
1781358149561 0.8968695402145386 2627
1781358149566 0.7851430177688599 2628
1781358149572 0.7898502349853516 2629
1781358149577 0.9808171987533569 2630
1781358149582 0.9205721020698547 2631
1781358149588 0.7532820105552673 2632
1781358149594 0.6529725193977356 2633
1781358149599 0.7183548212051392 2634
1781358149604 0.7858060598373413 2635
1781358149609 0.6937642097473145 2636
1781358149614 0.6224600672721863 2637
1781358149619 0.8097544312477112 2638
1781358149624 0.6537843942642212 2639
1781358149629 0.6027811765670776 2640
1781358149635 0.7017334699630737 2641
1781358149640 0.6177007555961609 2642
1781358149645 0.5600754022598267 2643
1781358149650 0.7626741528511047 2644
1781358149654 0.48215222358703613 2645
1781358149659 0.5456082820892334 2646
1781358149663 0.5758308172225952 2647
1781358149668 0.6464930176734924 2648
1781358149673 0.5230532884597778 2649
1781358149677 0.6003724336624146 2650
1781358149684 0.550283670425415 2651
1781358149689 0.5851858854293823 2652
1781358149693 0.5259073376655579 2653
1781358149698 0.5846339464187622 2654
1781358149704 0.5616694092750549 2655
1781358149708 0.6527761220932007 2656
1781358149713 0.552383303642273 2657
1781358149719 0.5356076955795288 2658
1781358149723 0.5002051591873169 2659
1781358149728 0.7329305410385132 2660
1781358149734 0.7186295390129089 2661
1781358149740 0.4847843050956726 2662
1781358149745 0.6031033992767334 2663
1781358149749 0.6173001527786255 2664
1781358149754 0.5456142425537109 2665
1781358149758 0.5857312679290771 2666
1781358149764 0.5906041264533997 2667
1781358149768 0.6863750219345093 2668
1781358149773 0.5265871286392212 2669
1781358149779 0.5265266299247742 2670
1781358149785 0.5682480335235596 2671
1781358149789 0.6103326082229614 2672
1781358149795 0.7679488062858582 2673
1781358149800 0.6561585664749146 2674
1781358149805 0.6400281190872192 2675
1781358149810 0.6075602173805237 2676
1781358149815 0.6407362222671509 2677
1781358149820 0.6583241820335388 2678
1781358149824 0.7122088074684143 2679
1781358149830 0.6913681030273438 2680
1781358149835 0.5565025806427002 2681
1781358149839 0.6552879214286804 2682
1781358149845 0.8680698275566101 2683
1781358149850 0.6800494194030762 2684
1781358149854 0.6424897313117981 2685
1781358149860 0.8287089467048645 2686
1781358149865 0.7530691623687744 2687
1781358149869 0.6114876866340637 2688
1781358149875 0.7307430505752563 2689
1781358149880 0.5885268449783325 2690
1781358149885 0.7795423269271851 2691
1781358149891 0.637579083442688 2692
1781358149896 0.7680056691169739 2693
1781358149901 0.8342089653015137 2694
1781358149906 0.7698293924331665 2695
1781358149911 0.7990331649780273 2696
1781358149916 0.8109346628189087 2697
1781358149921 0.77450031042099 2698
1781358149926 0.8181726932525635 2699
1781358149931 0.7866517305374146 2700
1781358149935 0.7209913730621338 2701
1781358149940 0.8191440105438232 2702
1781358149945 1.0541497468948364 2703
1781358149950 0.9938669800758362 2704
1781358149955 0.7969751954078674 2705
1781358149960 1.0573294162750244 2706
1781358149965 1.1855130195617676 2707
1781358149970 1.0750675201416016 2708
1781358149976 1.3608572483062744 2709
1781358149980 1.1730365753173828 2710
1781358149987 1.245500087738037 2711
1781358149993 1.0209243297576904 2712
1781358149997 1.1966309547424316 2713
1781358150003 1.2317452430725098 2714
1781358150008 1.5808312892913818 2715
1781358150013 1.570192813873291 2716
1781358150017 1.6559730768203735 2717
1781358150023 1.475388765335083 2718
1781358150027 1.652693510055542 2719
1781358150032 1.6919291019439697 2720
1781358150037 2.2950220108032227 2721
1781358150042 1.9632288217544556 2722
1781358150047 1.756054162979126 2723
1781358150053 2.15667724609375 2724
1781358150057 1.9238115549087524 2725
1781358150062 1.9774720668792725 2726
1781358150068 1.7204314470291138 2727
1781358150073 1.772653579711914 2728
1781358150078 2.2528936862945557 2729
1781358150084 1.965200424194336 2730
1781358150089 1.821603775024414 2731
1781358150093 1.9388612508773804 2732
1781358150099 1.9775547981262207 2733
1781358150104 1.7531452178955078 2734
1781358150108 1.8228063583374023 2735
1781358150114 1.8869926929473877 2736
1781358150120 1.8018162250518799 2737
1781358150124 1.6471936702728271 2738
1781358150130 1.8088915348052979 2739
1781358150134 1.641356348991394 2740
1781358150138 1.6492676734924316 2741
1781358150143 1.3158330917358398 2742
1781358150148 1.2562576532363892 2743
1781358150153 1.382188081741333 2744
1781358150158 1.17583167552948 2745
1781358150163 1.2965693473815918 2746
1781358150169 1.264007806777954 2747
1781358150173 1.1892590522766113 2748
1781358150179 1.0037851333618164 2749
1781358150184 0.9926509857177734 2750
1781358150189 1.047452449798584 2751
1781358150194 1.1793996095657349 2752
1781358150199 1.1848888397216797 2753
1781358150204 0.8865893483161926 2754
1781358150209 0.9926121234893799 2755
1781358150214 0.974144697189331 2756
1781358150219 0.9416249394416809 2757
1781358150224 0.7682927250862122 2758
1781358150228 0.8433065414428711 2759
1781358150233 0.7589369416236877 2760
1781358150238 0.7480224967002869 2761
1781358150243 0.6516479849815369 2762
1781358150249 0.7589758038520813 2763
1781358150254 0.6587011814117432 2764
1781358150259 0.8424055576324463 2765
1781358150264 0.6586011648178101 2766
1781358150269 0.7154077291488647 2767
1781358150274 0.7574698328971863 2768
1781358150280 0.7441279292106628 2769
1781358150284 0.619099497795105 2770
1781358150289 0.5012316703796387 2771
1781358150295 0.465495765209198 2772
1781358150299 0.4916028380393982 2773
1781358150304 0.5583715438842773 2774
1781358150310 0.5024541020393372 2775
1781358150315 0.4844816029071808 2776
1781358150320 0.5266450643539429 2777
1781358150325 0.40377146005630493 2778
1781358150329 0.4667750597000122 2779
1781358150334 0.5323339104652405 2780
1781358150339 0.4901491403579712 2781
1781358150344 0.41573333740234375 2782
1781358150349 0.46816855669021606 2783
1781358150354 0.4960091710090637 2784
1781358150360 0.5004137754440308 2785
1781358150364 0.45914074778556824 2786
1781358150371 0.37386131286621094 2787
1781358150376 0.37542518973350525 2788
1781358150381 0.5673640966415405 2789
1781358150386 0.4652004837989807 2790
1781358150391 0.29805290699005127 2791
1781358150396 0.5882311463356018 2792
1781358150401 0.42828014492988586 2793
1781358150406 0.41876715421676636 2794
1781358150411 0.3461047410964966 2795
1781358150415 0.4438246488571167 2796
1781358150420 0.3608677387237549 2797
1781358150424 0.4267251491546631 2798
1781358150429 0.35918429493904114 2799
1781358150434 0.41776108741760254 2800
1781358150440 0.3955947756767273 2801
1781358150444 0.4440332055091858 2802
1781358150450 0.4695172607898712 2803
1781358150455 0.4583601653575897 2804
1781358150460 0.3016533851623535 2805
1781358150465 0.5211601257324219 2806
1781358150470 0.38272273540496826 2807
1781358150475 0.30212515592575073 2808
1781358150480 0.4283939003944397 2809
1781358150487 0.3821456730365753 2810
