1781300986111 15.50429630279541 0
1781300986120 6.8912153244018555 1
1781300986128 0.9495253562927246 2
1781300986133 1.034440040588379 3
1781300986138 1.1131702661514282 4
1781300986143 1.176971435546875 5
1781300986148 1.2071325778961182 6
1781300986154 1.2319525480270386 7
1781300986159 1.2405526638031006 8
1781300986163 1.2398711442947388 9
1781300986169 1.2460216283798218 10
1781300986173 1.219534158706665 11
1781300986177 1.1307858228683472 12
1781300986182 1.0773323774337769 13
1781300986187 1.0850898027420044 14
1781300986193 1.0817160606384277 15
1781300986197 1.0513153076171875 16
1781300986202 0.9919583201408386 17
1781300986209 0.9442521929740906 18
1781300986213 0.9079787731170654 19
1781300986219 0.8914947509765625 20
1781300986225 0.8827500343322754 21
1781300986230 0.8567866086959839 22
1781300986234 0.8177914023399353 23
1781300986238 0.7552499771118164 24
1781300986245 0.696131706237793 25
1781300986250 0.7179868221282959 26
1781300986253 0.6511259078979492 27
1781300986259 0.6474916338920593 28
1781300986264 0.6190890669822693 29
1781300986268 0.5607584118843079 30
1781300986271 0.5626252889633179 31
1781300986276 0.4731365144252777 32
1781300986280 0.47546759247779846 33
1781300986285 0.43253016471862793 34
1781300986288 0.4222104549407959 35
1781300986294 0.357050359249115 36
1781300986297 0.36214929819107056 37
1781300986301 0.34790024161338806 38
1781300986306 0.34161266684532166 39
1781300986309 0.3508415222167969 40
1781300986313 0.3327173888683319 41
1781300986317 0.36507871747016907 42
1781300986322 0.3404052257537842 43
1781300986327 0.3502205014228821 44
1781300986332 0.3811675012111664 45
1781300986336 0.33660072088241577 46
1781300986340 0.37829193472862244 47
1781300986344 0.3390462398529053 48
1781300986349 0.3878551423549652 49
1781300986353 0.37577468156814575 50
1781300986359 0.3529212474822998 51
1781300986364 0.3613397181034088 52
1781300986368 0.33739417791366577 53
1781300986372 0.35733452439308167 54
1781300986377 0.3152424097061157 55
1781300986383 0.3485942482948303 56
1781300986386 0.3311244547367096 57
1781300986391 0.3513985574245453 58
1781300986396 0.3411523401737213 59
1781300986400 0.3223554193973541 60
1781300986405 0.335332989692688 61
1781300986411 0.31260862946510315 62
1781300986416 0.31154537200927734 63
1781300986421 0.32236358523368835 64
1781300986428 0.30824702978134155 65
1781300986432 0.3135353922843933 66
1781300986437 0.3018631339073181 67
1781300986441 0.30965498089790344 68
1781300986447 0.3133124113082886 69
1781300986451 0.3249431252479553 70
1781300986456 0.29386216402053833 71
1781300986461 0.33001795411109924 72
1781300986467 0.33140885829925537 73
1781300986472 0.29783380031585693 74
1781300986477 0.2914080023765564 75
1781300986482 0.32185688614845276 76
1781300986486 0.29388266801834106 77
1781300986491 0.334789901971817 78
1781300986496 0.3082748055458069 79
1781300986500 0.34232646226882935 80
1781300986503 0.3234045207500458 81
1781300986512 0.3067149221897125 82
1781300986517 0.298086017370224 83
1781300986522 0.3132847249507904 84
1781300986529 0.28321215510368347 85
1781300986533 0.318123459815979 86
1781300986538 0.3206997811794281 87
1781300986543 0.3058421015739441 88
1781300986550 0.32027578353881836 89
1781300986554 0.29306334257125854 90
1781300986560 0.29512062668800354 91
1781300986564 0.279946506023407 92
1781300986570 0.2691314220428467 93
1781300986576 0.31399011611938477 94
1781300986581 0.2767004668712616 95
1781300986586 0.2978063225746155 96
1781300986590 0.2880658209323883 97
1781300986597 0.32995495200157166 98
1781300986603 0.3134705424308777 99
1781300986609 0.28532350063323975 100
1781300986616 0.29782235622406006 101
1781300986620 0.2764008343219757 102
1781300986626 0.29821375012397766 103
1781300986630 0.3062153458595276 104
1781300986636 0.2819799780845642 105
1781300986641 0.3070754110813141 106
1781300986646 0.29441899061203003 107
1781300986653 0.30309656262397766 108
1781300986659 0.3262767493724823 109
1781300986665 0.28564372658729553 110
1781300986669 0.2957720458507538 111
1781300986675 0.2955936789512634 112
1781300986679 0.28836363554000854 113
1781300986684 0.30051568150520325 114
1781300986689 0.2856764495372772 115
1781300986694 0.3140190541744232 116
1781300986698 0.3071889579296112 117
1781300986702 0.2971711754798889 118
1781300986708 0.28316304087638855 119
1781300986713 0.274192214012146 120
1781300986718 0.29059740900993347 121
1781300986721 0.2982906699180603 122
1781300986728 0.28213995695114136 123
1781300986732 0.3055868446826935 124
1781300986737 0.300631046295166 125
1781300986743 0.291251003742218 126
1781300986750 0.27917441725730896 127
1781300986757 0.30265846848487854 128
1781300986763 0.28703320026397705 129
1781300986768 0.28680911660194397 130
1781300986774 0.28166472911834717 131
1781300986778 0.2922287881374359 132
1781300986784 0.2926338016986847 133
1781300986790 0.2624276280403137 134
1781300986796 0.2643992304801941 135
1781300986800 0.2953175902366638 136
1781300986805 0.28856709599494934 137
1781300986810 0.2742963433265686 138
1781300986814 0.27197253704071045 139
1781300986819 0.2790107727050781 140
1781300986823 0.29550230503082275 141
1781300986829 0.2899245321750641 142
1781300986835 0.28471285104751587 143
1781300986838 0.29422494769096375 144
1781300986844 0.2991264760494232 145
1781300986848 0.26984626054763794 146
1781300986854 0.2795228660106659 147
1781300986858 0.27603480219841003 148
1781300986863 0.2690742015838623 149
1781300986867 0.2912565767765045 150
1781300986871 0.26970282196998596 151
1781300986876 0.2985500693321228 152
1781300986880 0.31275251507759094 153
1781300986884 0.26030975580215454 154
1781300986888 0.29139864444732666 155
1781300986892 0.2844248414039612 156
1781300986898 0.2995471656322479 157
1781300986904 0.2978510558605194 158
1781300986909 0.27987751364707947 159
1781300986913 0.27150535583496094 160
1781300986917 0.2762392461299896 161
1781300986922 0.27540087699890137 162
1781300986926 0.2854854166507721 163
1781300986933 0.2652106285095215 164
1781300986936 0.28557559847831726 165
1781300986942 0.3021220564842224 166
1781300986947 0.25606605410575867 167
1781300986951 0.2809384763240814 168
1781300986954 0.26553836464881897 169
1781300986961 0.2987789511680603 170
1781300986965 0.28953471779823303 171
1781300986970 0.26114097237586975 172
1781300986977 0.2721524238586426 173
1781300986981 0.2791211009025574 174
1781300986986 0.2762203514575958 175
1781300986990 0.289081871509552 176
1781300986996 0.26285654306411743 177
1781300987002 0.28742480278015137 178
1781300987007 0.29793521761894226 179
1781300987012 0.2795140743255615 180
1781300987018 0.31180161237716675 181
1781300987026 0.2781258821487427 182
1781300987030 0.2806396484375 183
1781300987034 0.29888591170310974 184
1781300987039 0.2702998220920563 185
1781300987045 0.27134501934051514 186
1781300987051 0.25889572501182556 187
1781300987056 0.2908705472946167 188
1781300987063 0.27080193161964417 189
1781300987067 0.3035607635974884 190
1781300987072 0.27832549810409546 191
1781300987077 0.30067649483680725 192
1781300987082 0.29401782155036926 193
1781300987086 0.25925812125205994 194
1781300987092 0.3138796389102936 195
1781300987097 0.293816477060318 196
1781300987102 0.2880350947380066 197
1781300987107 0.28472262620925903 198
1781300987112 0.23969735205173492 199
1781300987119 0.2704140841960907 200
1781300987122 0.2818182706832886 201
1781300987129 0.2527519464492798 202
1781300987134 0.28996649384498596 203
1781300987138 0.2375052124261856 204
1781300987141 0.2839156687259674 205
1781300987145 0.2903054356575012 206
1781300987150 0.2732639014720917 207
1781300987154 0.2768856883049011 208
1781300987159 0.29146987199783325 209
1781300987165 0.2665841579437256 210
1781300987171 0.2727755010128021 211
1781300987175 0.26259756088256836 212
1781300987179 0.28602537512779236 213
1781300987184 0.28771311044692993 214
1781300987190 0.27400943636894226 215
1781300987195 0.27694031596183777 216
1781300987199 0.2749377489089966 217
1781300987203 0.26448896527290344 218
1781300987207 0.26499471068382263 219
1781300987212 0.26411765813827515 220
1781300987217 0.3006099760532379 221
1781300987222 0.2738179564476013 222
1781300987227 0.27835613489151 223
1781300987232 0.2851089835166931 224
1781300987238 0.25734657049179077 225
1781300987243 0.27281275391578674 226
1781300987248 0.2773159444332123 227
1781300987253 0.2669292390346527 228
1781300987259 0.2839278280735016 229
1781300987263 0.2919272482395172 230
1781300987267 0.25559893250465393 231
1781300987272 0.30298808217048645 232
1781300987276 0.31938308477401733 233
1781300987281 0.2568528652191162 234
1781300987285 0.30979570746421814 235
1781300987290 0.3170592784881592 236
1781300987296 0.3035784959793091 237
1781300987302 0.25889626145362854 238
1781300987306 0.3033183217048645 239
1781300987311 0.2615275979042053 240
1781300987315 0.3082275688648224 241
1781300987321 0.3144773244857788 242
1781300987326 0.2929286062717438 243
1781300987333 0.291767954826355 244
1781300987343 0.3011181056499481 245
1781300987348 0.2729143500328064 246
1781300987356 0.3037540912628174 247
1781300987362 0.31230664253234863 248
1781300987370 0.2696254551410675 249
1781300987376 0.2827063202857971 250
1781300987380 0.29183241724967957 251
1781300987386 0.26111751794815063 252
1781300987390 0.2825907766819 253
1781300987395 0.304320365190506 254
1781300987399 0.2836419641971588 255
1781300987405 0.2811589241027832 256
1781300987409 0.3087482452392578 257
1781300987414 0.2814679443836212 258
1781300987419 0.3029226064682007 259
1781300987425 0.3001769781112671 260
1781300987429 0.26180192828178406 261
1781300987434 0.2958754003047943 262
1781300987438 0.3122977018356323 263
1781300987442 0.29444620013237 264
1781300987447 0.2850467562675476 265
1781300987460 0.29601556062698364 266
1781300987464 0.29568517208099365 267
1781300987470 0.2766144871711731 268
1781300987475 0.2973444163799286 269
1781300987479 0.26675450801849365 270
1781300987485 0.29595109820365906 271
1781300987489 0.2919449210166931 272
1781300987495 0.2755555212497711 273
1781300987500 0.29955437779426575 274
1781300987505 0.29824793338775635 275
1781300987511 0.2644649147987366 276
1781300987515 0.30868983268737793 277
1781300987520 0.28775453567504883 278
1781300987525 0.2836887538433075 279
1781300987528 0.26227977871894836 280
1781300987533 0.29337629675865173 281
1781300987538 0.27756884694099426 282
1781300987543 0.2775466740131378 283
1781300987547 0.2821574807167053 284
1781300987552 0.25233227014541626 285
1781300987559 0.299405962228775 286
1781300987563 0.2870345413684845 287
1781300987568 0.2586251199245453 288
1781300987573 0.30979523062705994 289
1781300987578 0.2871765196323395 290
1781300987583 0.27745628356933594 291
1781300987587 0.26838693022727966 292
1781300987592 0.3059651255607605 293
1781300987599 0.25365909934043884 294
1781300987605 0.26841166615486145 295
1781300987610 0.2984110713005066 296
1781300987615 0.2785376310348511 297
1781300987619 0.2876235842704773 298
1781300987623 0.2913520932197571 299
1781300987628 0.25354787707328796 300
1781300987633 0.29153382778167725 301
1781300987636 0.3064239025115967 302
1781300987642 0.26711219549179077 303
1781300987648 0.28202754259109497 304
1781300987654 0.2934615910053253 305
1781300987659 0.26620545983314514 306
1781300987664 0.2728956639766693 307
1781300987669 0.28873196244239807 308
1781300987675 0.2926595211029053 309
1781300987682 0.2641255855560303 310
1781300987685 0.28631818294525146 311
1781300987690 0.25360578298568726 312
1781300987695 0.27259132266044617 313
1781300987700 0.2956911325454712 314
1781300987705 0.25530317425727844 315
1781300987711 0.2683207392692566 316
1781300987715 0.29047924280166626 317
1781300987720 0.269295871257782 318
1781300987726 0.27290093898773193 319
1781300987732 0.3000997304916382 320
1781300987736 0.2645989954471588 321
1781300987740 0.28993043303489685 322
1781300987745 0.2848159372806549 323
1781300987749 0.2511361241340637 324
1781300987754 0.322414755821228 325
1781300987758 0.3041750192642212 326
1781300987763 0.30817145109176636 327
1781300987768 0.2708794176578522 328
1781300987772 0.2829139828681946 329
1781300987778 0.2810240089893341 330
1781300987784 0.24900983273983002 331
1781300987788 0.2921935021877289 332
1781300987792 0.2532252073287964 333
1781300987797 0.2671763002872467 334
1781300987801 0.2815958857536316 335
1781300987806 0.27645331621170044 336
1781300987810 0.2709396183490753 337
1781300987815 0.26669058203697205 338
1781300987819 0.26632821559906006 339
1781300987823 0.2511829733848572 340
1781300987829 0.27247872948646545 341
1781300987835 0.2583211064338684 342
1781300987839 0.25789740681648254 343
1781300987845 0.27922123670578003 344
1781300987849 0.2690297067165375 345
1781300987854 0.2684788107872009 346
1781300987860 0.26600998640060425 347
1781300987866 0.27383196353912354 348
1781300987871 0.28253886103630066 349
1781300987876 0.25854814052581787 350
1781300987880 0.25894567370414734 351
1781300987884 0.2701777219772339 352
1781300987889 0.26032137870788574 353
1781300987894 0.2620125710964203 354
1781300987899 0.25980767607688904 355
1781300987903 0.277387410402298 356
1781300987907 0.27113500237464905 357
1781300987913 0.29265671968460083 358
1781300987920 0.26974931359291077 359
1781300987926 0.25578153133392334 360
1781300987931 0.2540733516216278 361
1781300987935 0.285360723733902 362
1781300987937 0.26636743545532227 363
1781300987941 0.26206034421920776 364
1781300987944 0.2891656160354614 365
1781300987949 0.2618592381477356 366
1781300987956 0.26282617449760437 367
1781300987962 0.2715059518814087 368
1781300987966 0.2603755593299866 369
1781300987969 0.2600039839744568 370
1781300987973 0.25696372985839844 371
1781300987978 0.2720668315887451 372
1781300987984 0.2512825131416321 373
1781300987988 0.28079766035079956 374
1781300987992 0.28588494658470154 375
1781300987997 0.27258729934692383 376
1781300988002 0.26444879174232483 377
1781300988007 0.2428024411201477 378
1781300988012 0.27032551169395447 379
1781300988017 0.2633858919143677 380
1781300988022 0.2585926353931427 381
1781300988027 0.26485738158226013 382
1781300988032 0.2355799823999405 383
1781300988036 0.28111714124679565 384
1781300988044 0.2583000361919403 385
1781300988048 0.26585111021995544 386
1781300988053 0.26588982343673706 387
1781300988058 0.26292353868484497 388
1781300988062 0.2728700339794159 389
1781300988067 0.2599271237850189 390
1781300988072 0.26922541856765747 391
1781300988076 0.2731992304325104 392
1781300988079 0.2833214998245239 393
1781300988083 0.25393518805503845 394
1781300988086 0.27561482787132263 395
1781300988089 0.2731807231903076 396
1781300988095 0.25217026472091675 397
1781300988099 0.2734929621219635 398
1781300988104 0.26476770639419556 399
1781300988109 0.28333279490470886 400
1781300988114 0.27164098620414734 401
1781300988119 0.2749168574810028 402
1781300988122 0.2485053390264511 403
1781300988128 0.2732018530368805 404
1781300988132 0.26764705777168274 405
1781300988136 0.2580867409706116 406
1781300988142 0.2590726315975189 407
1781300988147 0.2617698907852173 408
1781300988151 0.2604594826698303 409
1781300988154 0.2635394036769867 410
1781300988159 0.257700115442276 411
1781300988164 0.26274263858795166 412
1781300988167 0.2533220648765564 413
1781300988171 0.27985212206840515 414
1781300988176 0.2618839144706726 415
1781300988181 0.2576238214969635 416
1781300988185 0.24933110177516937 417
1781300988189 0.2518233060836792 418
1781300988195 0.2634153664112091 419
1781300988200 0.2705425024032593 420
1781300988205 0.2644500136375427 421
1781300988211 0.25341540575027466 422
1781300988216 0.24804753065109253 423
1781300988219 0.26030924916267395 424
1781300988223 0.2661580443382263 425
1781300988228 0.280782550573349 426
1781300988232 0.28101521730422974 427
1781300988237 0.2681160271167755 428
1781300988244 0.28252536058425903 429
1781300988249 0.25843900442123413 430
1781300988253 0.2529639005661011 431
1781300988257 0.27964213490486145 432
1781300988263 0.2810102105140686 433
1781300988266 0.26352351903915405 434
1781300988271 0.2621610164642334 435
1781300988277 0.2509309649467468 436
1781300988282 0.2770276367664337 437
1781300988285 0.27572402358055115 438
1781300988291 0.26244136691093445 439
1781300988296 0.2750147879123688 440
1781300988300 0.26735439896583557 441
1781300988304 0.27308034896850586 442
1781300988308 0.2904352843761444 443
1781300988314 0.26999279856681824 444
1781300988319 0.2871456444263458 445
1781300988323 0.27517178654670715 446
1781300988327 0.2601279616355896 447
1781300988331 0.2686719596385956 448
1781300988333 0.25687187910079956 449
1781300988336 0.271555095911026 450
1781300988339 0.2520644962787628 451
1781300988342 0.2839166820049286 452
1781300988346 0.25403693318367004 453
1781300988349 0.27893710136413574 454
1781300988352 0.2616894841194153 455
1781300988355 0.2595708668231964 456
1781300988362 0.24317415058612823 457
1781300988367 0.2594985365867615 458
1781300988372 0.27319321036338806 459
1781300988377 0.24346479773521423 460
1781300988387 0.2562894821166992 461
1781300988393 0.23750290274620056 462
1781300988402 0.257311075925827 463
1781300988406 0.25180569291114807 464
1781300988413 0.26775336265563965 465
1781300988421 0.24582640826702118 466
1781300988427 0.2627578377723694 467
1781300988430 0.26125669479370117 468
1781300988434 0.2625499367713928 469
1781300988436 0.27886712551116943 470
1781300988440 0.29191264510154724 471
1781300988446 0.2545805871486664 472
1781300988450 0.27519431710243225 473
1781300988455 0.2590770423412323 474
1781300988460 0.2968078851699829 475
1781300988463 0.26979050040245056 476
1781300988467 0.25880181789398193 477
1781300988471 0.27254971861839294 478
1781300988475 0.2579137980937958 479
1781300988479 0.26900631189346313 480
1781300988484 0.26909229159355164 481
1781300988488 0.2706725597381592 482
1781300988492 0.27497780323028564 483
1781300988496 0.268881618976593 484
1781300988500 0.2795431315898895 485
1781300988504 0.2648661732673645 486
1781300988509 0.2850032448768616 487
1781300988513 0.26338741183280945 488
1781300988517 0.2729497253894806 489
1781300988520 0.26454609632492065 490
1781300988524 0.2622130215167999 491
1781300988528 0.27064231038093567 492
1781300988532 0.26929470896720886 493
1781300988536 0.2577380836009979 494
1781300988540 0.265917032957077 495
1781300988544 0.26659005880355835 496
1781300988548 0.24761426448822021 497
1781300988553 0.24588020145893097 498
1781300988556 0.27802547812461853 499
1781300988561 0.27403709292411804 500
1781300988565 0.26697853207588196 501
1781300988568 0.2536916136741638 502
1781300988572 0.2623581886291504 503
1781300988576 0.2526841461658478 504
1781300988580 0.28002676367759705 505
1781300988583 0.2592059075832367 506
1781300988586 0.2664894163608551 507
1781300988592 0.26236382126808167 508
1781300988596 0.2540041208267212 509
1781300988600 0.26226887106895447 510
1781300988605 0.26070719957351685 511
1781300988609 0.2807348668575287 512
1781300988613 0.2827053368091583 513
1781300988618 0.27104100584983826 514
1781300988622 0.2639559805393219 515
1781300988627 0.2721330225467682 516
1781300988631 0.2625125050544739 517
1781300988636 0.2484818994998932 518
1781300988640 0.2500947117805481 519
1781300988645 0.25081825256347656 520
1781300988649 0.2732861042022705 521
1781300988652 0.2669216990470886 522
1781300988656 0.26701119542121887 523
1781300988661 0.26513680815696716 524
1781300988666 0.260978102684021 525
1781300988671 0.28064799308776855 526
1781300988676 0.26014265418052673 527
1781300988680 0.253537118434906 528
1781300988685 0.2603296637535095 529
1781300988688 0.2524471879005432 530
1781300988694 0.2745060920715332 531
1781300988698 0.2648778557777405 532
1781300988701 0.2849367558956146 533
1781300988705 0.26397496461868286 534
1781300988709 0.26160579919815063 535
1781300988713 0.2745572328567505 536
1781300988719 0.25007644295692444 537
1781300988722 0.3120919466018677 538
1781300988727 0.283189982175827 539
1781300988731 0.27701911330223083 540
1781300988735 0.27786684036254883 541
1781300988740 0.2519106864929199 542
1781300988745 0.2778245508670807 543
1781300988748 0.26986247301101685 544
1781300988753 0.26967236399650574 545
1781300988757 0.2723674476146698 546
1781300988762 0.2561441957950592 547
1781300988766 0.2667791545391083 548
1781300988770 0.2643035650253296 549
1781300988774 0.25434669852256775 550
1781300988779 0.24411806464195251 551
1781300988784 0.243793785572052 552
1781300988787 0.27687621116638184 553
1781300988792 0.28070616722106934 554
1781300988797 0.2856411635875702 555
1781300988801 0.2690672278404236 556
1781300988807 0.2501973807811737 557
1781300988812 0.25742021203041077 558
1781300988815 0.24928316473960876 559
1781300988819 0.2500261664390564 560
1781300988822 0.2721489369869232 561
1781300988825 0.26398515701293945 562
1781300988830 0.2613662779331207 563
1781300988834 0.24127568304538727 564
1781300988837 0.26913321018218994 565
1781300988843 0.27233439683914185 566
1781300988847 0.27251482009887695 567
1781300988851 0.26680803298950195 568
1781300988855 0.24323689937591553 569
1781300988860 0.25305354595184326 570
1781300988863 0.2633088529109955 571
1781300988868 0.26476749777793884 572
1781300988872 0.2611999809741974 573
1781300988878 0.25978773832321167 574
1781300988883 0.26909253001213074 575
1781300988886 0.2777295410633087 576
1781300988890 0.2855132818222046 577
1781300988894 0.2882983386516571 578
1781300988900 0.2651388347148895 579
1781300988903 0.267614483833313 580
1781300988907 0.29680076241493225 581
1781300988912 0.2597469389438629 582
1781300988916 0.28374430537223816 583
1781300988921 0.2590969204902649 584
1781300988926 0.27333304286003113 585
1781300988931 0.2573021948337555 586
1781300988935 0.27366915345191956 587
1781300988938 0.26282376050949097 588
1781300988943 0.27771633863449097 589
1781300988947 0.27090978622436523 590
1781300988951 0.2538674771785736 591
1781300988955 0.2751341164112091 592
1781300988961 0.24880525469779968 593
1781300988964 0.2557857632637024 594
1781300988968 0.27183592319488525 595
1781300988973 0.272048681974411 596
1781300988978 0.25812193751335144 597
1781300988982 0.2555610239505768 598
1781300988987 0.2690346837043762 599
1781300988991 0.2753050923347473 600
1781300988995 0.24551784992218018 601
1781300988999 0.2837689518928528 602
1781300989004 0.2657085359096527 603
1781300989009 0.2619107663631439 604
1781300989013 0.27360549569129944 605
1781300989019 0.27126526832580566 606
1781300989022 0.26227912306785583 607
1781300989027 0.27062177658081055 608
1781300989031 0.2588941752910614 609
1781300989036 0.2649192810058594 610
1781300989039 0.2660016417503357 611
1781300989044 0.2682935893535614 612
1781300989047 0.26042479276657104 613
1781300989051 0.24576516449451447 614
1781300989056 0.26377153396606445 615
1781300989061 0.25964948534965515 616
1781300989066 0.2534022927284241 617
1781300989069 0.25746235251426697 618
1781300989072 0.26041579246520996 619
1781300989078 0.27996835112571716 620
1781300989082 0.2885523736476898 621
1781300989085 0.2581256628036499 622
1781300989092 0.2713347375392914 623
1781300989096 0.26847827434539795 624
1781300989101 0.2662959396839142 625
1781300989105 0.258370041847229 626
1781300989111 0.26320672035217285 627
1781300989114 0.265464186668396 628
1781300989118 0.25462400913238525 629
1781300989122 0.25455740094184875 630
1781300989126 0.2620846629142761 631
1781300989131 0.2682386040687561 632
1781300989134 0.27385956048965454 633
1781300989137 0.258762389421463 634
1781300989143 0.25310519337654114 635
1781300989150 0.2618008255958557 636
1781300989156 0.2583005428314209 637
1781300989164 0.2614857256412506 638
1781300989169 0.26242196559906006 639
1781300989176 0.2577398717403412 640
1781300989182 0.2435852289199829 641
1781300989188 0.27646878361701965 642
1781300989195 0.2597724497318268 643
1781300989200 0.2832145392894745 644
1781300989206 0.2535882592201233 645
1781300989213 0.2830285131931305 646
1781300989216 0.2854427099227905 647
1781300989221 0.25278663635253906 648
1781300989227 0.26795142889022827 649
1781300989231 0.26991310715675354 650
1781300989236 0.27010560035705566 651
1781300989239 0.2619248330593109 652
1781300989243 0.26413506269454956 653
1781300989251 0.2642558813095093 654
1781300989256 0.26698023080825806 655
1781300989261 0.2804826498031616 656
1781300989268 0.2645755410194397 657
1781300989271 0.2656141519546509 658
1781300989280 0.2595304846763611 659
1781300989284 0.24740752577781677 660
1781300989288 0.2662220299243927 661
1781300989293 0.24862518906593323 662
1781300989298 0.254108190536499 663
1781300989303 0.2678948938846588 664
1781300989309 0.2465565800666809 665
1781300989314 0.2529172897338867 666
1781300989318 0.24460315704345703 667
1781300989322 0.2484455108642578 668
1781300989328 0.26885926723480225 669
1781300989332 0.2512390613555908 670
1781300989335 0.26548826694488525 671
1781300989339 0.24949069321155548 672
1781300989347 0.24592073261737823 673
1781300989351 0.26486635208129883 674
1781300989355 0.2574998438358307 675
1781300989360 0.2568099796772003 676
1781300989364 0.2760927677154541 677
1781300989370 0.2635875344276428 678
1781300989375 0.2689376473426819 679
1781300989379 0.2581372559070587 680
1781300989382 0.2559906840324402 681
1781300989388 0.2400123029947281 682
1781300989392 0.2460201382637024 683
1781300989396 0.2650737464427948 684
1781300989400 0.246093288064003 685
1781300989405 0.25174763798713684 686
1781300989409 0.27571937441825867 687
1781300989413 0.24843278527259827 688
1781300989416 0.2855096161365509 689
1781300989421 0.2679801881313324 690
1781300989427 0.2553175687789917 691
1781300989432 0.26328805088996887 692
1781300989435 0.2800021171569824 693
1781300989438 0.2685244381427765 694
1781300989442 0.2538173496723175 695
1781300989446 0.25763776898384094 696
1781300989451 0.2625485956668854 697
1781300989454 0.273708701133728 698
1781300989459 0.27002426981925964 699
1781300989463 0.25347623229026794 700
1781300989466 0.27886107563972473 701
1781300989470 0.24954287707805634 702
1781300989475 0.26961377263069153 703
1781300989480 0.27376094460487366 704
1781300989485 0.2731400430202484 705
1781300989488 0.258983850479126 706
1781300989493 0.2692149877548218 707
1781300989499 0.26816555857658386 708
1781300989503 0.26665055751800537 709
1781300989507 0.2708231806755066 710
1781300989511 0.2808656394481659 711
1781300989515 0.2737613916397095 712
1781300989518 0.27590319514274597 713
1781300989522 0.26230254769325256 714
1781300989526 0.2704699635505676 715
1781300989530 0.2690461277961731 716
1781300989534 0.24712426960468292 717
1781300989537 0.26930058002471924 718
1781300989543 0.2657122313976288 719
1781300989547 0.2665828466415405 720
1781300989551 0.26740115880966187 721
1781300989553 0.2577558755874634 722
1781300989557 0.27980315685272217 723
1781300989561 0.26779070496559143 724
1781300989565 0.2658020257949829 725
1781300989569 0.2883595824241638 726
1781300989574 0.24449799954891205 727
1781300989579 0.29283103346824646 728
1781300989582 0.263493150472641 729
1781300989586 0.26751551032066345 730
1781300989590 0.26549792289733887 731
1781300989595 0.25911954045295715 732
1781300989598 0.26367947459220886 733
1781300989601 0.26114511489868164 734
1781300989605 0.25817278027534485 735
1781300989611 0.2694801390171051 736
1781300989615 0.2814665734767914 737
1781300989620 0.2604345977306366 738
1781300989625 0.2576379179954529 739
1781300989629 0.2866767942905426 740
1781300989633 0.25699180364608765 741
1781300989636 0.248885840177536 742
1781300989640 0.2313334047794342 743
1781300989644 0.24829302728176117 744
1781300989647 0.25491711497306824 745
1781300989651 0.25124457478523254 746
1781300989655 0.2626824378967285 747
1781300989659 0.2478172481060028 748
1781300989663 0.2702425420284271 749
1781300989668 0.2494111806154251 750
1781300989671 0.25991642475128174 751
1781300989676 0.26997387409210205 752
1781300989680 0.26542070508003235 753
1781300989683 0.25738054513931274 754
1781300989687 0.2656206786632538 755
1781300989691 0.24388957023620605 756
1781300989695 0.2611192464828491 757
1781300989699 0.27574118971824646 758
1781300989704 0.25169020891189575 759
1781300989709 0.2563909888267517 760
1781300989713 0.26499101519584656 761
1781300989717 0.23882465064525604 762
1781300989721 0.27984195947647095 763
1781300989726 0.2919063866138458 764
1781300989738 0.28032153844833374 765
1781300989743 0.27085110545158386 766
1781300989748 0.25646886229515076 767
1781300989752 0.27176302671432495 768
1781300989757 0.25873467326164246 769
1781300989762 0.2415122240781784 770
1781300989766 0.27287790179252625 771
1781300989770 0.24084313213825226 772
1781300989774 0.2874435782432556 773
1781300989778 0.2582976520061493 774
1781300989782 0.27429667115211487 775
1781300989786 0.26051199436187744 776
1781300989792 0.2691202163696289 777
1781300989796 0.2795046269893646 778
1781300989801 0.25559601187705994 779
1781300989804 0.2778332233428955 780
1781300989808 0.2701489329338074 781
1781300989812 0.27732977271080017 782
1781300989817 0.2771417796611786 783
1781300989821 0.25369617342948914 784
1781300989826 0.30036383867263794 785
1781300989830 0.30629003047943115 786
1781300989834 0.2674163579940796 787
1781300989840 0.2851434350013733 788
1781300989845 0.2979705035686493 789
1781300989849 0.28527364134788513 790
1781300989853 0.26125243306159973 791
1781300989858 0.2909718453884125 792
1781300989863 0.2733707129955292 793
1781300989868 0.2746593654155731 794
1781300989872 0.2837260067462921 795
1781300989878 0.27452731132507324 796
1781300989884 0.27170613408088684 797
1781300989888 0.290807843208313 798
1781300989893 0.26722732186317444 799
1781300989896 0.2767086923122406 800
1781300989901 0.3011281192302704 801
1781300989908 0.27403199672698975 802
1781300989911 0.27383267879486084 803
1781300989917 0.28326234221458435 804
1781300989921 0.26225775480270386 805
1781300989924 0.29500001668930054 806
1781300989930 0.2938597798347473 807
1781300989934 0.2849687337875366 808
1781300989939 0.28340229392051697 809
1781300989944 0.30041444301605225 810
1781300989951 0.2637503445148468 811
1781300989955 0.2742578685283661 812
1781300989961 0.2816047668457031 813
1781300989967 0.27783671021461487 814
1781300989970 0.2711246907711029 815
1781300989975 0.27714860439300537 816
1781300989979 0.24572886526584625 817
1781300989983 0.2688089907169342 818
1781300989988 0.2671217620372772 819
1781300989994 0.27890995144844055 820
1781300989999 0.2826096713542938 821
1781300990003 0.2750812768936157 822
1781300990008 0.25491565465927124 823
1781300990012 0.27817896008491516 824
1781300990019 0.270235151052475 825
1781300990022 0.26546233892440796 826
1781300990028 0.29245418310165405 827
1781300990032 0.28399649262428284 828
1781300990038 0.26012811064720154 829
1781300990045 0.2874222993850708 830
1781300990051 0.25666889548301697 831
1781300990055 0.26988503336906433 832
1781300990062 0.25313717126846313 833
1781300990068 0.2626744210720062 834
1781300990071 0.2652760148048401 835
1781300990077 0.2721405327320099 836
1781300990083 0.27105990052223206 837
1781300990086 0.2823099195957184 838
1781300990092 0.26839733123779297 839
1781300990096 0.2603493630886078 840
1781300990100 0.25537681579589844 841
1781300990105 0.2741283178329468 842
1781300990110 0.25686460733413696 843
1781300990114 0.2651363015174866 844
1781300990120 0.2685493230819702 845
1781300990125 0.27455636858940125 846
1781300990129 0.265701025724411 847
1781300990135 0.26906073093414307 848
1781300990139 0.2813420295715332 849
1781300990146 0.26100295782089233 850
1781300990150 0.2637770175933838 851
1781300990156 0.2766818106174469 852
1781300990161 0.2577854096889496 853
1781300990165 0.2610115110874176 854
1781300990169 0.2694651484489441 855
1781300990174 0.2634866237640381 856
1781300990178 0.265851765871048 857
1781300990183 0.26998022198677063 858
1781300990187 0.262879341840744 859
1781300990192 0.255811482667923 860
1781300990196 0.2667052149772644 861
1781300990200 0.2576060891151428 862
1781300990204 0.23899847269058228 863
1781300990209 0.26487794518470764 864
1781300990213 0.26114320755004883 865
1781300990217 0.2710934281349182 866
1781300990221 0.27279141545295715 867
1781300990228 0.2695201337337494 868
1781300990232 0.2757084369659424 869
1781300990236 0.2539447546005249 870
1781300990239 0.25130027532577515 871
1781300990245 0.26507997512817383 872
1781300990248 0.25414109230041504 873
1781300990252 0.25613564252853394 874
1781300990256 0.26535454392433167 875
1781300990260 0.2614409625530243 876
1781300990265 0.2540416419506073 877
1781300990268 0.27690014243125916 878
1781300990273 0.28716203570365906 879
1781300990278 0.2708415687084198 880
1781300990284 0.2887727916240692 881
1781300990287 0.273355633020401 882
1781300990292 0.27079108357429504 883
1781300990298 0.28614184260368347 884
1781300990303 0.2563254237174988 885
1781300990308 0.27012455463409424 886
1781300990312 0.26742690801620483 887
1781300990318 0.255692720413208 888
1781300990322 0.27369919419288635 889
1781300990326 0.2667921483516693 890
1781300990330 0.2576223909854889 891
1781300990335 0.2532113790512085 892
1781300990338 0.2620541453361511 893
1781300990344 0.26037782430648804 894
1781300990348 0.26815494894981384 895
1781300990352 0.27313634753227234 896
1781300990355 0.25382259488105774 897
1781300990360 0.2597533166408539 898
1781300990365 0.2613834738731384 899
1781300990368 0.24984486401081085 900
1781300990372 0.2525341212749481 901
1781300990378 0.26693952083587646 902
1781300990381 0.26184022426605225 903
1781300990386 0.26365965604782104 904
1781300990389 0.2528999149799347 905
1781300990395 0.24119700491428375 906
1781300990399 0.255709171295166 907
1781300990402 0.23655113577842712 908
1781300990409 0.25577616691589355 909
1781300990413 0.25537073612213135 910
1781300990417 0.2749035358428955 911
1781300990420 0.2683403491973877 912
1781300990425 0.2675478458404541 913
1781300990430 0.259847491979599 914
1781300990434 0.2545211911201477 915
1781300990438 0.25216227769851685 916
1781300990443 0.27581027150154114 917
1781300990446 0.24489474296569824 918
1781300990450 0.27571335434913635 919
1781300990454 0.26445841789245605 920
1781300990459 0.2806844413280487 921
1781300990463 0.2646651864051819 922
1781300990467 0.27345404028892517 923
1781300990470 0.2720679044723511 924
1781300990476 0.24837088584899902 925
1781300990480 0.26264458894729614 926
1781300990486 0.2519753873348236 927
1781300990492 0.26651090383529663 928
1781300990495 0.2721312642097473 929
1781300990499 0.26356345415115356 930
1781300990502 0.25615522265434265 931
1781300990506 0.2590542137622833 932
1781300990511 0.26572558283805847 933
1781300990516 0.2521244287490845 934
1781300990519 0.2731419801712036 935
1781300990523 0.2617506980895996 936
1781300990668 0.2652777135372162 937
1781300990673 0.25186508893966675 938
1781300990679 0.26680776476860046 939
1781300990683 0.2608282268047333 940
1781300990687 0.2642703354358673 941
1781300990692 0.2577762305736542 942
1781300990698 0.2722926735877991 943
1781300990703 0.26227593421936035 944
1781300990706 0.25684261322021484 945
1781300990711 0.26457977294921875 946
1781300990716 0.2678300440311432 947
1781300990721 0.27109837532043457 948
1781300990727 0.2700726389884949 949
1781300990732 0.2552529573440552 950
1781300990737 0.2585248053073883 951
1781300990742 0.2443343549966812 952
1781300990747 0.26685625314712524 953
1781300990750 0.2837480306625366 954
1781300990754 0.2840489447116852 955
1781300990759 0.256946325302124 956
1781300990765 0.2647193670272827 957
1781300990769 0.27429401874542236 958
1781300990772 0.25175803899765015 959
1781300990778 0.25880709290504456 960
1781300990783 0.2615073323249817 961
1781300990787 0.2841390073299408 962
1781300990792 0.24806177616119385 963
1781300990796 0.2428177446126938 964
1781300990800 0.253999799489975 965
1781300990804 0.24482007324695587 966
1781300990808 0.24844180047512054 967
1781300990813 0.27175042033195496 968
1781300990818 0.2617717683315277 969
1781300990822 0.2547376751899719 970
1781300990827 0.2540881931781769 971
1781300990830 0.278576135635376 972
1781300990833 0.2647314965724945 973
1781300990836 0.26015186309814453 974
1781300990842 0.2600351870059967 975
1781300990846 0.25605499744415283 976
1781300990849 0.24735482037067413 977
1781300990853 0.2554456293582916 978
1781300990859 0.25199586153030396 979
1781300990863 0.24067582190036774 980
1781300990867 0.251466304063797 981
1781300990871 0.2641294002532959 982
1781300990876 0.25501689314842224 983
1781300990881 0.2760829031467438 984
1781300990885 0.24981948733329773 985
1781300990888 0.2569729685783386 986
1781300990894 0.25188395380973816 987
1781300990898 0.25806668400764465 988
1781300990902 0.2535305917263031 989
1781300990906 0.25918740034103394 990
1781300990912 0.2645142674446106 991
1781300990917 0.24927252531051636 992
1781300990920 0.2497086226940155 993
1781300990925 0.24933619797229767 994
1781300990929 0.24093003571033478 995
1781300990933 0.2571914792060852 996
1781300990938 0.2663453221321106 997
1781300990946 0.25717413425445557 998
1781300990951 0.249740868806839 999
1781300990956 0.25260329246520996 1000
1781300990961 0.24372579157352448 1001
1781300990966 0.24858510494232178 1002
1781300990970 0.24492956697940826 1003
1781300990974 0.27680203318595886 1004
1781300990978 0.26238301396369934 1005
1781300990981 0.2557956576347351 1006
1781300990985 0.26414206624031067 1007
1781300990989 0.23486514389514923 1008
1781300990994 0.2542951703071594 1009
1781300990997 0.2719537317752838 1010
1781300991003 0.2310287356376648 1011
1781300991006 0.2697189152240753 1012
1781300991011 0.2670346200466156 1013
1781300991017 0.23400630056858063 1014
1781300991020 0.2812047600746155 1015
1781300991024 0.2672213613986969 1016
1781300991030 0.25910457968711853 1017
1781300991034 0.2577268183231354 1018
1781300991038 0.2556973695755005 1019
1781300991046 0.24499274790287018 1020
1781300991049 0.249007910490036 1021
1781300991054 0.25677579641342163 1022
1781300991058 0.2541944086551666 1023
1781300991062 0.2642998993396759 1024
1781300991066 0.253169983625412 1025
1781300991069 0.24990031123161316 1026
1781300991073 0.26144132018089294 1027
1781300991078 0.26227983832359314 1028
1781300991084 0.24083824455738068 1029
1781300991088 0.25409358739852905 1030
1781300991093 0.25548121333122253 1031
1781300991098 0.2654123902320862 1032
1781300991101 0.2581426203250885 1033
1781300991105 0.2615707516670227 1034
1781300991110 0.26035255193710327 1035
1781300991115 0.27184075117111206 1036
1781300991118 0.275509238243103 1037
1781300991122 0.28142839670181274 1038
1781300991126 0.26966527104377747 1039
1781300991130 0.2699960768222809 1040
1781300991135 0.27911368012428284 1041
1781300991139 0.2718982696533203 1042
1781300991143 0.280269980430603 1043
1781300991147 0.26809054613113403 1044
1781300991151 0.25513166189193726 1045
1781300991157 0.26734936237335205 1046
1781300991162 0.26346707344055176 1047
1781300991165 0.2720363736152649 1048
1781300991169 0.2702828645706177 1049
1781300991172 0.282753050327301 1050
1781300991177 0.27227744460105896 1051
1781300991181 0.2521800100803375 1052
1781300991185 0.3000714182853699 1053
1781300991189 0.29729896783828735 1054
1781300991195 0.2524202764034271 1055
1781300991198 0.279970645904541 1056
1781300991203 0.2731006443500519 1057
1781300991208 0.2666192948818207 1058
1781300991213 0.29375457763671875 1059
1781300991216 0.3141474723815918 1060
1781300991220 0.27568650245666504 1061
1781300991225 0.26903054118156433 1062
1781300991230 0.2978901267051697 1063
1781300991235 0.28273364901542664 1064
1781300991239 0.2674914300441742 1065
1781300991244 0.2870684266090393 1066
1781300991248 0.26732635498046875 1067
1781300991252 0.2568930387496948 1068
1781300991257 0.2884626090526581 1069
1781300991261 0.2583240866661072 1070
1781300991265 0.28461185097694397 1071
1781300991268 0.2700488269329071 1072
1781300991273 0.2707084119319916 1073
1781300991279 0.27050286531448364 1074
1781300991284 0.24714519083499908 1075
1781300991288 0.2500617504119873 1076
1781300991292 0.2661901116371155 1077
1781300991298 0.2507275938987732 1078
1781300991303 0.26570966839790344 1079
1781300991306 0.26767832040786743 1080
1781300991311 0.26225796341896057 1081
1781300991315 0.2557789087295532 1082
1781300991320 0.2595178782939911 1083
1781300991326 0.2391745150089264 1084
1781300991331 0.29019951820373535 1085
1781300991334 0.2870287299156189 1086
1781300991338 0.25760307908058167 1087
1781300991343 0.2686798572540283 1088
1781300991348 0.2560496926307678 1089
1781300991353 0.2807057499885559 1090
1781300991356 0.27137622237205505 1091
1781300991362 0.2563346028327942 1092
1781300991367 0.2912875711917877 1093
1781300991370 0.2803517282009125 1094
1781300991377 0.2592335045337677 1095
1781300991383 0.2935512959957123 1096
1781300991388 0.2781350910663605 1097
1781300991393 0.26253411173820496 1098
1781300991400 0.280396431684494 1099
1781300991407 0.29776251316070557 1100
1781300991414 0.2720550298690796 1101
1781300991419 0.29093462228775024 1102
1781300991425 0.3058290481567383 1103
1781300991431 0.2870800495147705 1104
1781300991434 0.2522633671760559 1105
1781300991440 0.29638057947158813 1106
1781300991447 0.2944644093513489 1107
1781300991450 0.2636362314224243 1108
1781300991456 0.2945937216281891 1109
1781300991460 0.2975512146949768 1110
1781300991466 0.29613202810287476 1111
1781300991471 0.26241812109947205 1112
1781300991476 0.2896059453487396 1113
1781300991483 0.24474158883094788 1114
1781300991487 0.2708992063999176 1115
1781300991492 0.2906990051269531 1116
1781300991496 0.27525368332862854 1117
1781300991501 0.26920780539512634 1118
1781300991505 0.29295435547828674 1119
1781300991510 0.27059340476989746 1120
1781300991515 0.28011274337768555 1121
1781300991519 0.3043931722640991 1122
1781300991524 0.2667295038700104 1123
1781300991529 0.2713995575904846 1124
1781300991532 0.2689027190208435 1125
1781300991537 0.27016448974609375 1126
1781300991542 0.2732779085636139 1127
1781300991546 0.27069544792175293 1128
1781300991552 0.27358394861221313 1129
1781300991557 0.2793835401535034 1130
1781300991563 0.2721201479434967 1131
1781300991568 0.28255245089530945 1132
1781300991572 0.261923223733902 1133
1781300991577 0.2602797746658325 1134
1781300991580 0.2888173460960388 1135
1781300991585 0.2661260962486267 1136
1781300991590 0.25535956025123596 1137
1781300991595 0.2558080852031708 1138
1781300991599 0.25409063696861267 1139
1781300991603 0.261971652507782 1140
1781300991609 0.2584350109100342 1141
1781300991613 0.24034807085990906 1142
1781300991617 0.2663728892803192 1143
1781300991621 0.25497546792030334 1144
1781300991627 0.2932845950126648 1145
1781300991634 0.2825065851211548 1146
1781300991638 0.2620294392108917 1147
1781300991643 0.28301379084587097 1148
1781300991648 0.292315274477005 1149
1781300991654 0.2647942006587982 1150
1781300991661 0.28639402985572815 1151
1781300991667 0.31164833903312683 1152
1781300991674 0.2822486460208893 1153
1781300991680 0.24917590618133545 1154
1781300991685 0.29406049847602844 1155
1781300991689 0.29310667514801025 1156
1781300991695 0.2693329453468323 1157
1781300991702 0.2606593668460846 1158
1781300991707 0.29280731081962585 1159
1781300991713 0.26936572790145874 1160
1781300991718 0.26946821808815 1161
1781300991723 0.2770702838897705 1162
1781300991728 0.26725244522094727 1163
1781300991735 0.27516528964042664 1164
1781300991741 0.26382917165756226 1165
1781300991745 0.28309309482574463 1166
1781300991753 0.28372326493263245 1167
1781300991759 0.28713056445121765 1168
1781300991763 0.2559949457645416 1169
1781300991769 0.2845947742462158 1170
1781300991775 0.26742202043533325 1171
1781300991779 0.25582951307296753 1172
1781300991784 0.28180813789367676 1173
1781300991787 0.29037171602249146 1174
1781300991794 0.2515520751476288 1175
1781300991800 0.284432977437973 1176
1781300991804 0.28911516070365906 1177
1781300991809 0.2632328271865845 1178
1781300991815 0.27083712816238403 1179
1781300991819 0.2780943810939789 1180
1781300991825 0.26057693362236023 1181
1781300991829 0.26369887590408325 1182
1781300991833 0.2806987762451172 1183
1781300991840 0.25994938611984253 1184
1781300991846 0.27471041679382324 1185
1781300991853 0.2928664982318878 1186
1781300991857 0.2617016136646271 1187
1781300991863 0.28591814637184143 1188
1781300991869 0.28158339858055115 1189
1781300991873 0.26057782769203186 1190
1781300991879 0.2856195271015167 1191
1781300991884 0.2850252389907837 1192
1781300991890 0.25925126671791077 1193
1781300991896 0.28507354855537415 1194
1781300991902 0.2830944359302521 1195
1781300991908 0.26611974835395813 1196
1781300991913 0.2766059637069702 1197
1781300991916 0.2788243293762207 1198
1781300991922 0.25541454553604126 1199
1781300991927 0.28178873658180237 1200
1781300991932 0.2901628017425537 1201
1781300991938 0.2633167803287506 1202
1781300991943 0.261547327041626 1203
1781300991948 0.2787051200866699 1204
1781300991955 0.26508328318595886 1205
1781300991962 0.2705628275871277 1206
1781300991967 0.2688816487789154 1207
1781300991970 0.2598636746406555 1208
1781300991974 0.25541582703590393 1209
1781300991978 0.2719884514808655 1210
1781300991982 0.2608645558357239 1211
1781300991985 0.2655777931213379 1212
1781300991990 0.2734028697013855 1213
1781300991996 0.2682970464229584 1214
1781300992000 0.27768346667289734 1215
1781300992003 0.24729199707508087 1216
1781300992008 0.2812093198299408 1217
1781300992012 0.28932902216911316 1218
1781300992016 0.2561485767364502 1219
1781300992019 0.2660304009914398 1220
1781300992022 0.264762282371521 1221
1781300992026 0.2611163854598999 1222
1781300992031 0.26489606499671936 1223
1781300992036 0.2585909962654114 1224
1781300992041 0.25939929485321045 1225
1781300992047 0.2548910975456238 1226
1781300992052 0.2613375186920166 1227
1781300992056 0.26718419790267944 1228
1781300992062 0.2578466832637787 1229
1781300992066 0.2647590935230255 1230
1781300992070 0.24861200153827667 1231
1781300992074 0.24339674413204193 1232
1781300992080 0.2574298679828644 1233
1781300992084 0.25190234184265137 1234
1781300992090 0.2667595446109772 1235
1781300992095 0.2424783557653427 1236
1781300992100 0.260593444108963 1237
1781300992106 0.27358460426330566 1238
1781300992111 0.25070205330848694 1239
1781300992117 0.2662992775440216 1240
1781300992120 0.2568984925746918 1241
1781300992127 0.2598741352558136 1242
1781300992132 0.27202969789505005 1243
1781300992137 0.25801658630371094 1244
1781300992141 0.2573079764842987 1245
1781300992145 0.25798407196998596 1246
1781300992151 0.2606533467769623 1247
1781300992156 0.28637635707855225 1248
1781300992160 0.2806096374988556 1249
1781300992165 0.25810667872428894 1250
1781300992169 0.25998950004577637 1251
1781300992173 0.26393064856529236 1252
1781300992177 0.2727521061897278 1253
1781300992182 0.24511972069740295 1254
1781300992187 0.25145453214645386 1255
1781300992193 0.25191232562065125 1256
1781300992198 0.2667043209075928 1257
1781300992202 0.260093092918396 1258
1781300992205 0.2531460225582123 1259
1781300992211 0.2559908330440521 1260
1781300992216 0.2687291204929352 1261
1781300992221 0.2708722651004791 1262
1781300992228 0.2541694641113281 1263
1781300992232 0.2753513753414154 1264
1781300992239 0.2589632272720337 1265
1781300992247 0.2794532775878906 1266
1781300992251 0.2694057822227478 1267
1781300992254 0.2637374997138977 1268
1781300992260 0.287690132856369 1269
1781300992266 0.26131147146224976 1270
1781300992270 0.25698086619377136 1271
1781300992275 0.2603538930416107 1272
1781300992280 0.24454841017723083 1273
1781300992284 0.24454496800899506 1274
1781300992288 0.2609618902206421 1275
1781300992294 0.2584182322025299 1276
1781300992300 0.2692753076553345 1277
1781300992306 0.23880036175251007 1278
1781300992310 0.27696752548217773 1279
1781300992315 0.2565361261367798 1280
1781300992320 0.25403013825416565 1281
1781300992324 0.2755947411060333 1282
1781300992328 0.27513155341148376 1283
1781300992333 0.2703617513179779 1284
1781300992337 0.25345632433891296 1285
1781300992344 0.2563149929046631 1286
1781300992349 0.2759869694709778 1287
1781300992354 0.26827389001846313 1288
1781300992360 0.2358500361442566 1289
1781300992364 0.25091665983200073 1290
1781300992368 0.2597125172615051 1291
1781300992371 0.2736165523529053 1292
1781300992377 0.2671792507171631 1293
1781300992383 0.26629045605659485 1294
1781300992386 0.2767965793609619 1295
1781300992390 0.2696087956428528 1296
1781300992394 0.2662197947502136 1297
1781300992401 0.26310980319976807 1298
1781300992405 0.2679644227027893 1299
1781300992410 0.2721078395843506 1300
1781300992416 0.27190524339675903 1301
1781300992421 0.25687742233276367 1302
1781300992426 0.25399425625801086 1303
1781300992430 0.26796746253967285 1304
1781300992435 0.2640756368637085 1305
1781300992439 0.26023969054222107 1306
1781300992444 0.2622235417366028 1307
1781300992449 0.26181161403656006 1308
1781300992453 0.2590004801750183 1309
1781300992457 0.27244338393211365 1310
1781300992461 0.27153337001800537 1311
1781300992467 0.2625047266483307 1312
1781300992472 0.2696203589439392 1313
1781300992477 0.25073519349098206 1314
1781300992482 0.2705393135547638 1315
1781300992486 0.28204941749572754 1316
1781300992491 0.2557504177093506 1317
1781300992495 0.2798406183719635 1318
1781300992500 0.25560498237609863 1319
1781300992504 0.2572132349014282 1320
1781300992509 0.2711113691329956 1321
1781300992514 0.26493871212005615 1322
1781300992518 0.27240195870399475 1323
1781300992522 0.2611391246318817 1324
1781300992527 0.26725122332572937 1325
1781300992534 0.27359655499458313 1326
1781300992537 0.2682860493659973 1327
1781300992543 0.2546081244945526 1328
1781300992549 0.26042798161506653 1329
1781300992553 0.2535345256328583 1330
1781300992557 0.26799944043159485 1331
1781300992562 0.26144611835479736 1332
1781300992568 0.25825852155685425 1333
1781300992574 0.25652655959129333 1334
1781300992579 0.2655658423900604 1335
1781300992584 0.27075856924057007 1336
1781300992587 0.269322007894516 1337
1781300992592 0.2625497579574585 1338
1781300992596 0.2616656422615051 1339
1781300992601 0.27283382415771484 1340
1781300992604 0.27492111921310425 1341
1781300992609 0.25030505657196045 1342
1781300992615 0.24868202209472656 1343
1781300992619 0.2816813290119171 1344
1781300992625 0.26088276505470276 1345
1781300992629 0.2683391571044922 1346
1781300992634 0.25662219524383545 1347
1781300992638 0.2909185290336609 1348
1781300992642 0.25687649846076965 1349
1781300992647 0.25977933406829834 1350
1781300992652 0.2767086923122406 1351
1781300992657 0.2876032888889313 1352
1781300992662 0.2714633643627167 1353
1781300992668 0.2520429193973541 1354
1781300992674 0.2674449384212494 1355
1781300992678 0.2662399113178253 1356
1781300992683 0.265221506357193 1357
1781300992687 0.24773472547531128 1358
1781300992692 0.24872618913650513 1359
1781300992697 0.25558674335479736 1360
1781300992701 0.2530786395072937 1361
1781300992707 0.24357935786247253 1362
1781300992712 0.25501179695129395 1363
1781300992717 0.23322275280952454 1364
1781300992721 0.26253506541252136 1365
1781300992725 0.2715208828449249 1366
1781300992730 0.26970306038856506 1367
1781300992734 0.25155022740364075 1368
1781300992738 0.27122950553894043 1369
1781300992743 0.2509801983833313 1370
1781300992747 0.2500638961791992 1371
1781300992751 0.24477767944335938 1372
1781300992756 0.26196393370628357 1373
1781300992760 0.2570776343345642 1374
1781300992766 0.2563188374042511 1375
1781300992770 0.2642184793949127 1376
1781300992774 0.2648947536945343 1377
1781300992778 0.26858848333358765 1378
1781300992783 0.2578970491886139 1379
1781300992789 0.2524406909942627 1380
1781300992794 0.24514642357826233 1381
1781300992798 0.257367342710495 1382
1781300992804 0.26186537742614746 1383
1781300992810 0.2611098885536194 1384
1781300992814 0.2556003928184509 1385
1781300992819 0.24923694133758545 1386
1781300992823 0.274608314037323 1387
1781300992830 0.2553568184375763 1388
1781300992836 0.2471635639667511 1389
1781300992842 0.2521362602710724 1390
1781300992847 0.2597278356552124 1391
1781300992852 0.2691226899623871 1392
1781300992856 0.25561395287513733 1393
1781300992860 0.2589592933654785 1394
1781300992866 0.2685132324695587 1395
1781300992870 0.24395711719989777 1396
1781300992875 0.25998690724372864 1397
1781300992881 0.25866392254829407 1398
1781300992885 0.23703646659851074 1399
1781300992889 0.25720253586769104 1400
1781300992893 0.2431877851486206 1401
1781300992899 0.2604825496673584 1402
1781300992903 0.27172815799713135 1403
1781300992907 0.25914615392684937 1404
1781300992913 0.25569531321525574 1405
1781300992918 0.2565094828605652 1406
1781300992923 0.25373774766921997 1407
1781300992929 0.28535065054893494 1408
1781300992933 0.25327321887016296 1409
1781300992937 0.24366658926010132 1410
1781300992942 0.26921695470809937 1411
1781300992947 0.2633340358734131 1412
1781300992951 0.2663056254386902 1413
1781300992956 0.24865663051605225 1414
1781300992960 0.27666014432907104 1415
1781300992966 0.24651430547237396 1416
1781300992971 0.26764771342277527 1417
1781300992975 0.2628823220729828 1418
1781300992981 0.27591273188591003 1419
1781300992986 0.25883230566978455 1420
1781300992990 0.2741190791130066 1421
1781300992994 0.2562463581562042 1422
1781300992999 0.281673789024353 1423
1781300993003 0.26852941513061523 1424
1781300993008 0.2687375545501709 1425
1781300993012 0.25439921021461487 1426
1781300993016 0.2548295557498932 1427
1781300993021 0.2710368037223816 1428
1781300993026 0.2619776129722595 1429
1781300993030 0.2434062957763672 1430
1781300993035 0.2546404004096985 1431
1781300993038 0.24157904088497162 1432
1781300993043 0.2620936334133148 1433
1781300993048 0.2506594657897949 1434
1781300993052 0.2796708047389984 1435
1781300993056 0.262164831161499 1436
1781300993060 0.2880329191684723 1437
1781300993064 0.27609121799468994 1438
1781300993069 0.2536800801753998 1439
1781300993073 0.2760673463344574 1440
1781300993078 0.2947700321674347 1441
1781300993083 0.25672993063926697 1442
1781300993086 0.2814379036426544 1443
1781300993090 0.32308951020240784 1444
1781300993095 0.2858182489871979 1445
1781300993101 0.26210570335388184 1446
1781300993105 0.2751632332801819 1447
1781300993111 0.27875930070877075 1448
1781300993116 0.2742901146411896 1449
1781300993120 0.2697857916355133 1450
1781300993125 0.24882079660892487 1451
1781300993129 0.25419631600379944 1452
1781300993133 0.2526939809322357 1453
1781300993138 0.2525179386138916 1454
1781300993143 0.27306315302848816 1455
1781300993148 0.23974843323230743 1456
1781300993153 0.2526201009750366 1457
1781300993158 0.2729088068008423 1458
1781300993162 0.2683071494102478 1459
1781300993168 0.23857739567756653 1460
1781300993171 0.263980895280838 1461
1781300993177 0.25997647643089294 1462
1781300993181 0.28364330530166626 1463
1781300993187 0.25903767347335815 1464
1781300993192 0.2579793632030487 1465
1781300993197 0.25654834508895874 1466
1781300993200 0.2587471306324005 1467
1781300993204 0.24053476750850677 1468
1781300993208 0.2512855529785156 1469
1781300993213 0.2471504956483841 1470
1781300993218 0.25845587253570557 1471
1781300993221 0.2515624761581421 1472
1781300993228 0.2632654905319214 1473
1781300993233 0.26638588309288025 1474
1781300993237 0.24753625690937042 1475
1781300993242 0.2607545554637909 1476
1781300993247 0.2646823823451996 1477
1781300993252 0.2561717629432678 1478
1781300993256 0.2444060742855072 1479
1781300993261 0.2718197703361511 1480
1781300993268 0.24943757057189941 1481
1781300993273 0.2561655640602112 1482
1781300993280 0.2710449695587158 1483
1781300993284 0.2536301612854004 1484
1781300993288 0.2660474479198456 1485
1781300993292 0.25924813747406006 1486
1781300993299 0.2757748067378998 1487
1781300993303 0.26418328285217285 1488
1781300993306 0.25817346572875977 1489
1781300993311 0.25818517804145813 1490
1781300993316 0.24512979388237 1491
1781300993319 0.274014413356781 1492
1781300993324 0.26939502358436584 1493
1781300993329 0.2642858028411865 1494
1781300993335 0.2536214590072632 1495
1781300993338 0.2455659657716751 1496
1781300993344 0.2528841495513916 1497
1781300993348 0.2521522641181946 1498
1781300993353 0.2841918468475342 1499
1781300993357 0.25629591941833496 1500
1781300993362 0.2677806317806244 1501
1781300993368 0.26373061537742615 1502
1781300993373 0.26492178440093994 1503
1781300993377 0.2728274464607239 1504
1781300993380 0.28129979968070984 1505
1781300993383 0.23978006839752197 1506
1781300993387 0.2621239125728607 1507
1781300993391 0.273485392332077 1508
1781300993396 0.2610955834388733 1509
1781300993401 0.2670380473136902 1510
1781300993406 0.24960333108901978 1511
1781300993412 0.24861668050289154 1512
1781300993418 0.2723369896411896 1513
1781300993427 0.2689651548862457 1514
1781300993433 0.2561565339565277 1515
1781300993442 0.2835615277290344 1516
1781300993447 0.2579379677772522 1517
1781300993452 0.24982021749019623 1518
1781300993457 0.2644868493080139 1519
1781300993465 0.26861950755119324 1520
1781300993470 0.2709551453590393 1521
1781300993476 0.2665436267852783 1522
1781300993483 0.27760064601898193 1523
1781300993486 0.2595752775669098 1524
1781300993493 0.2726193964481354 1525
1781300993497 0.28388139605522156 1526
1781300993501 0.2589052617549896 1527
1781300993505 0.2825109660625458 1528
1781300993509 0.2690693140029907 1529
1781300993514 0.2652076780796051 1530
1781300993518 0.2780754268169403 1531
1781300993525 0.293874591588974 1532
1781300993530 0.24897697567939758 1533
1781300993533 0.2803605794906616 1534
1781300993537 0.25683343410491943 1535
1781300993542 0.23420991003513336 1536
1781300993547 0.281655877828598 1537
1781300993552 0.2600644826889038 1538
1781300993556 0.25285032391548157 1539
1781300993561 0.2600559592247009 1540
1781300993567 0.23899607360363007 1541
1781300993571 0.27868372201919556 1542
1781300993577 0.24835772812366486 1543
1781300993582 0.25815361738204956 1544
1781300993588 0.25715819001197815 1545
1781300993594 0.2627981901168823 1546
1781300993598 0.2423558086156845 1547
1781300993602 0.2660529911518097 1548
1781300993608 0.2647169828414917 1549
1781300993612 0.2569081783294678 1550
1781300993619 0.27835965156555176 1551
1781300993624 0.23202744126319885 1552
1781300993628 0.2772693932056427 1553
1781300993633 0.2510199546813965 1554
1781300993637 0.2577917277812958 1555
1781300993642 0.2683354616165161 1556
1781300993645 0.26822593808174133 1557
1781300993649 0.24689221382141113 1558
1781300993654 0.2690414786338806 1559
1781300993660 0.2767868936061859 1560
1781300993666 0.2578843832015991 1561
1781300993669 0.25964662432670593 1562
1781300993673 0.25771862268447876 1563
1781300993678 0.25716403126716614 1564
1781300993682 0.2610417604446411 1565
1781300993688 0.24679946899414062 1566
1781300993693 0.2744767963886261 1567
1781300993696 0.2677518129348755 1568
1781300993701 0.2772449553012848 1569
1781300993706 0.26833343505859375 1570
1781300993711 0.2678629457950592 1571
1781300993716 0.28491678833961487 1572
1781300993720 0.2660576403141022 1573
1781300993725 0.25272294878959656 1574
1781300993732 0.2542719542980194 1575
1781300993735 0.26208314299583435 1576
1781300993739 0.2581680417060852 1577
1781300993744 0.251057893037796 1578
1781300993749 0.2653520107269287 1579
1781300993753 0.26144102215766907 1580
1781300993757 0.25945010781288147 1581
1781300993762 0.2774448096752167 1582
1781300993768 0.24337592720985413 1583
1781300993772 0.2652260959148407 1584
1781300993776 0.25180456042289734 1585
1781300993781 0.2667754590511322 1586
1781300993785 0.25156641006469727 1587
1781300993790 0.25839775800704956 1588
1781300993795 0.26482051610946655 1589
1781300993799 0.27187982201576233 1590
1781300993803 0.27008119225502014 1591
1781300993807 0.2621171474456787 1592
1781300993812 0.26090365648269653 1593
1781300993817 0.2555733621120453 1594
1781300993821 0.2620878517627716 1595
1781300993826 0.27470889687538147 1596
1781300993830 0.26436275243759155 1597
1781300993834 0.2565283477306366 1598
1781300993839 0.25862547755241394 1599
1781300993844 0.27549833059310913 1600
1781300993849 0.2624056339263916 1601
1781300993854 0.2599110007286072 1602
1781300993859 0.24839724600315094 1603
1781300993863 0.26093339920043945 1604
1781300993868 0.269867867231369 1605
1781300993873 0.26878803968429565 1606
1781300993877 0.2545276880264282 1607
1781300993882 0.26004207134246826 1608
1781300993885 0.26559978723526 1609
1781300993889 0.2504367530345917 1610
1781300993894 0.2589322030544281 1611
1781300993898 0.26984184980392456 1612
1781300993903 0.2610965967178345 1613
1781300993909 0.2736797332763672 1614
1781300993913 0.26395121216773987 1615
1781300993916 0.2649127244949341 1616
1781300993921 0.27846860885620117 1617
1781300993926 0.2697301506996155 1618
1781300993930 0.28411203622817993 1619
1781300993934 0.2949221432209015 1620
1781300993937 0.25383463501930237 1621
1781300993940 0.2568892240524292 1622
1781300993944 0.2404075562953949 1623
1781300993949 0.2556281089782715 1624
1781300993955 0.2602155804634094 1625
1781300993960 0.26716381311416626 1626
1781300993965 0.2529872953891754 1627
1781300993969 0.25747931003570557 1628
1781300993973 0.2697693109512329 1629
1781300993979 0.2569087743759155 1630
1781300993983 0.26966163516044617 1631
1781300993988 0.24907326698303223 1632
1781300993994 0.2350776493549347 1633
1781300993999 0.24828483164310455 1634
1781300994003 0.2422574907541275 1635
1781300994007 0.2402525097131729 1636
1781300994012 0.2428605854511261 1637
1781300994016 0.24091102182865143 1638
1781300994021 0.24258598685264587 1639
1781300994026 0.26256272196769714 1640
1781300994032 0.277800977230072 1641
1781300994037 0.2573228180408478 1642
1781300994042 0.24568180739879608 1643
1781300994047 0.24912619590759277 1644
1781300994052 0.25040802359580994 1645
1781300994057 0.2534528076648712 1646
1781300994062 0.2555661201477051 1647
1781300994067 0.26443421840667725 1648
1781300994071 0.25027525424957275 1649
1781300994076 0.2542802393436432 1650
1781300994082 0.26005399227142334 1651
1781300994087 0.2548872232437134 1652
1781300994092 0.2566687762737274 1653
1781300994096 0.26273614168167114 1654
1781300994100 0.26061883568763733 1655
1781300994104 0.25655660033226013 1656
1781300994108 0.2533493638038635 1657
1781300994113 0.2695484161376953 1658
1781300994117 0.2591923475265503 1659
1781300994122 0.2476804256439209 1660
1781300994128 0.2513938546180725 1661
1781300994133 0.2689289152622223 1662
1781300994137 0.239497572183609 1663
1781300994143 0.2712128162384033 1664
1781300994147 0.2613474130630493 1665
1781300994150 0.26806217432022095 1666
1781300994154 0.2586356997489929 1667
1781300994159 0.28179091215133667 1668
1781300994163 0.26672303676605225 1669
1781300994167 0.26961207389831543 1670
1781300994171 0.28895923495292664 1671
1781300994178 0.2554142475128174 1672
1781300994183 0.26227420568466187 1673
1781300994188 0.28420183062553406 1674
1781300994193 0.24960418045520782 1675
1781300994199 0.26496076583862305 1676
1781300994203 0.24588584899902344 1677
1781300994209 0.24996726214885712 1678
1781300994214 0.2718929648399353 1679
1781300994220 0.26490652561187744 1680
1781300994225 0.24550698697566986 1681
1781300994232 0.25786924362182617 1682
1781300994235 0.2551916837692261 1683
1781300994240 0.25275206565856934 1684
1781300994245 0.28524890542030334 1685
1781300994249 0.2329014241695404 1686
1781300994255 0.2512388527393341 1687
1781300994260 0.25479257106781006 1688
1781300994264 0.2547709047794342 1689
1781300994269 0.26714766025543213 1690
1781300994273 0.2733862102031708 1691
1781300994279 0.26358160376548767 1692
1781300994284 0.26097777485847473 1693
1781300994287 0.273330420255661 1694
1781300994293 0.260581374168396 1695
1781300994297 0.25116366147994995 1696
1781300994302 0.26859211921691895 1697
1781300994305 0.25821423530578613 1698
1781300994311 0.25933435559272766 1699
1781300994316 0.2706926167011261 1700
1781300994319 0.24577327072620392 1701
1781300994325 0.2602270543575287 1702
1781300994329 0.24104838073253632 1703
1781300994334 0.2519693076610565 1704
1781300994338 0.26997050642967224 1705
1781300994343 0.26657411456108093 1706
1781300994348 0.229776069521904 1707
1781300994352 0.26601940393447876 1708
1781300994358 0.26004475355148315 1709
1781300994366 0.2443702518939972 1710
1781300994370 0.26541823148727417 1711
1781300994376 0.25368401408195496 1712
1781300994383 0.25492924451828003 1713
1781300994387 0.2566148638725281 1714
1781300994392 0.24019235372543335 1715
1781300994397 0.25226232409477234 1716
1781300994401 0.2623927593231201 1717
1781300994407 0.24636438488960266 1718
1781300994411 0.23557156324386597 1719
1781300994416 0.2723541855812073 1720
1781300994420 0.2558392882347107 1721
1781300994427 0.27016979455947876 1722
1781300994430 0.2655926048755646 1723
1781300994436 0.24480368196964264 1724
1781300994442 0.24411386251449585 1725
1781300994447 0.26506665349006653 1726
1781300994451 0.2548237144947052 1727
1781300994455 0.25448063015937805 1728
1781300994460 0.24398435652256012 1729
1781300994465 0.24490103125572205 1730
1781300994470 0.2670782804489136 1731
1781300994476 0.2613846957683563 1732
1781300994480 0.26178160309791565 1733
1781300994484 0.259457528591156 1734
1781300994489 0.23890666663646698 1735
1781300994495 0.2684969902038574 1736
1781300994500 0.2582196593284607 1737
1781300994505 0.2578410804271698 1738
1781300994511 0.26485389471054077 1739
1781300994516 0.2654934823513031 1740
1781300994519 0.2692126929759979 1741
1781300994524 0.2621036469936371 1742
1781300994529 0.26279833912849426 1743
1781300994535 0.2503686845302582 1744
1781300994540 0.2509145140647888 1745
1781300994546 0.2532691955566406 1746
1781300994550 0.25750237703323364 1747
1781300994554 0.24091976881027222 1748
1781300994559 0.2567351460456848 1749
1781300994563 0.24782294034957886 1750
1781300994567 0.2797127664089203 1751
1781300994572 0.2535775601863861 1752
1781300994577 0.24503193795681 1753
1781300994580 0.2589976191520691 1754
1781300994586 0.2663576304912567 1755
1781300994591 0.2878199815750122 1756
1781300994596 0.28176450729370117 1757
1781300994601 0.25577571988105774 1758
1781300994606 0.2592419683933258 1759
1781300994612 0.2565620243549347 1760
1781300994617 0.2542118430137634 1761
1781300994621 0.25868144631385803 1762
1781300994626 0.2725495994091034 1763
1781300994630 0.26055705547332764 1764
1781300994635 0.2643178403377533 1765
1781300994639 0.24885407090187073 1766
1781300994644 0.26684796810150146 1767
1781300994648 0.2470533847808838 1768
1781300994653 0.2551299035549164 1769
1781300994659 0.2550572454929352 1770
1781300994663 0.2748181223869324 1771
1781300994668 0.26543936133384705 1772
1781300994671 0.26563674211502075 1773
1781300994677 0.28493058681488037 1774
1781300994681 0.2626721262931824 1775
1781300994686 0.27143457531929016 1776
1781300994693 0.2632889151573181 1777
1781300994698 0.2664831578731537 1778
1781300994702 0.26316386461257935 1779
1781300994705 0.26279523968696594 1780
1781300994712 0.24702556431293488 1781
1781300994716 0.2672423720359802 1782
1781300994720 0.2565166652202606 1783
1781300994724 0.25376003980636597 1784
1781300994729 0.2642534375190735 1785
1781300994734 0.27560582756996155 1786
1781300994740 0.26759105920791626 1787
1781300994745 0.25015395879745483 1788
1781300994750 0.27007725834846497 1789
1781300994754 0.2683212459087372 1790
1781300994759 0.26220160722732544 1791
1781300994764 0.239765927195549 1792
1781300994768 0.261495441198349 1793
1781300994773 0.24981854856014252 1794
1781300994777 0.2572791576385498 1795
1781300994783 0.2745503783226013 1796
1781300994787 0.25592342019081116 1797
1781300994792 0.2746082842350006 1798
1781300994798 0.28610536456108093 1799
1781300994802 0.26819175481796265 1800
1781300994805 0.2633208930492401 1801
1781300994810 0.2853005528450012 1802
1781300994814 0.28023776412010193 1803
1781300994818 0.2645338177680969 1804
1781300994822 0.2636488080024719 1805
1781300994827 0.25806596875190735 1806
1781300994831 0.24705445766448975 1807
1781300994834 0.24729150533676147 1808
1781300994837 0.25885769724845886 1809
1781300994843 0.2640843689441681 1810
1781300994847 0.2589576542377472 1811
1781300994851 0.28695401549339294 1812
1781300994855 0.25802889466285706 1813
1781300994861 0.2611369788646698 1814
1781300994865 0.26773104071617126 1815
1781300994870 0.27964070439338684 1816
1781300994875 0.28283631801605225 1817
1781300994879 0.2669084966182709 1818
1781300994885 0.27197134494781494 1819
1781300994889 0.24704138934612274 1820
1781300994893 0.25027522444725037 1821
1781300994896 0.27368366718292236 1822
1781300994902 0.2685844898223877 1823
1781300994907 0.25308340787887573 1824
1781300994912 0.2742191553115845 1825
1781300994916 0.25853231549263 1826
1781300994921 0.2430955171585083 1827
1781300994925 0.2591349184513092 1828
1781300994930 0.2677229940891266 1829
1781300994935 0.2777225077152252 1830
1781300994939 0.2550218105316162 1831
1781300994946 0.27697134017944336 1832
1781300994951 0.2649557292461395 1833
1781300994955 0.2641470730304718 1834
1781300994961 0.2564842700958252 1835
1781300994965 0.255016952753067 1836
1781300994970 0.28230020403862 1837
1781300994976 0.2436181604862213 1838
1781300994980 0.2814442813396454 1839
1781300994985 0.25543051958084106 1840
1781300994990 0.2661004662513733 1841
1781300994995 0.2598831057548523 1842
1781300995000 0.2665764391422272 1843
1781300995004 0.26909929513931274 1844
1781300995008 0.2589072287082672 1845
1781300995011 0.2597501575946808 1846
1781300995016 0.2562170922756195 1847
1781300995021 0.24705369770526886 1848
1781300995027 0.25774016976356506 1849
1781300995032 0.25294867157936096 1850
1781300995036 0.2726476788520813 1851
1781300995040 0.2550491690635681 1852
1781300995046 0.25859054923057556 1853
1781300995051 0.24123765528202057 1854
1781300995055 0.27245253324508667 1855
1781300995060 0.25250309705734253 1856
1781300995065 0.2559332549571991 1857
1781300995069 0.26519957184791565 1858
1781300995075 0.2614019811153412 1859
1781300995079 0.2676813304424286 1860
1781300995083 0.25026029348373413 1861
1781300995089 0.24974168837070465 1862
1781300995094 0.2535669803619385 1863
1781300995099 0.2633365988731384 1864
1781300995103 0.2557900846004486 1865
1781300995109 0.25950556993484497 1866
1781300995114 0.25598251819610596 1867
1781300995118 0.2630941867828369 1868
1781300995123 0.26144370436668396 1869
1781300995130 0.2752913534641266 1870
1781300995135 0.2734096944332123 1871
1781300995141 0.27475506067276 1872
1781300995147 0.2639463245868683 1873
1781300995298 0.2750590443611145 1874
1781300995302 0.2589215338230133 1875
1781300995307 0.27081185579299927 1876
1781300995311 0.2609856128692627 1877
1781300995315 0.25972074270248413 1878
1781300995320 0.2312767058610916 1879
1781300995324 0.2493772655725479 1880
1781300995330 0.2530568838119507 1881
1781300995334 0.27022382616996765 1882
1781300995337 0.25876808166503906 1883
1781300995344 0.2607818841934204 1884
1781300995348 0.24954403936862946 1885
1781300995352 0.25749337673187256 1886
1781300995356 0.24049599468708038 1887
1781300995363 0.2613312602043152 1888
1781300995369 0.2662680745124817 1889
1781300995376 0.2783174216747284 1890
1781300995379 0.2604970335960388 1891
1781300995383 0.2943967282772064 1892
1781300995386 0.26378846168518066 1893
1781300995390 0.24928481876850128 1894
1781300995398 0.28542476892471313 1895
1781300995401 0.2529296576976776 1896
1781300995408 0.25726383924484253 1897
1781300995413 0.2688399851322174 1898
1781300995416 0.2925052344799042 1899
1781300995421 0.26326850056648254 1900
1781300995425 0.26667192578315735 1901
1781300995429 0.26525938510894775 1902
1781300995432 0.25144922733306885 1903
1781300995436 0.2515622675418854 1904
1781300995441 0.269504576921463 1905
1781300995446 0.25695696473121643 1906
1781300995451 0.2598329782485962 1907
1781300995455 0.2652718126773834 1908
1781300995462 0.2720709443092346 1909
1781300995467 0.2593740224838257 1910
1781300995471 0.2577993869781494 1911
1781300995477 0.2637280523777008 1912
1781300995481 0.2665688395500183 1913
1781300995486 0.26382023096084595 1914
1781300995492 0.2649151682853699 1915
1781300995495 0.2689720094203949 1916
1781300995500 0.27631497383117676 1917
1781300995505 0.24829038977622986 1918
1781300995509 0.2681162655353546 1919
1781300995513 0.25762778520584106 1920
1781300995518 0.2754025459289551 1921
1781300995524 0.24579504132270813 1922
1781300995528 0.25866174697875977 1923
1781300995533 0.258990079164505 1924
1781300995537 0.2776864767074585 1925
1781300995541 0.25637730956077576 1926
1781300995546 0.27757635712623596 1927
1781300995550 0.29016104340553284 1928
1781300995555 0.2532889246940613 1929
1781300995560 0.2793741524219513 1930
1781300995563 0.27264559268951416 1931
1781300995568 0.27443304657936096 1932
1781300995571 0.2822076380252838 1933
1781300995576 0.2715640068054199 1934
1781300995581 0.27223244309425354 1935
1781300995586 0.2678365409374237 1936
1781300995592 0.2691708505153656 1937
1781300995595 0.270774781703949 1938
1781300995600 0.24028930068016052 1939
1781300995604 0.25856345891952515 1940
1781300995610 0.28478026390075684 1941
1781300995615 0.26745906472206116 1942
1781300995619 0.2728784382343292 1943
1781300995625 0.2549120783805847 1944
1781300995629 0.2646794319152832 1945
1781300995633 0.251519113779068 1946
1781300995637 0.2622564136981964 1947
1781300995642 0.26851212978363037 1948
1781300995646 0.2610211968421936 1949
1781300995651 0.2699927091598511 1950
1781300995657 0.27034133672714233 1951
1781300995662 0.26871785521507263 1952
1781300995668 0.2797045111656189 1953
1781300995674 0.26389753818511963 1954
1781300995678 0.27222558856010437 1955
1781300995682 0.2613367736339569 1956
1781300995687 0.2616625130176544 1957
1781300995693 0.2532046139240265 1958
1781300995697 0.2719061076641083 1959
1781300995702 0.2559969127178192 1960
1781300995706 0.26073864102363586 1961
1781300995711 0.25140199065208435 1962
1781300995716 0.2536281645298004 1963
1781300995720 0.24446187913417816 1964
1781300995726 0.2501961886882782 1965
1781300995731 0.25151705741882324 1966
1781300995735 0.2362380176782608 1967
1781300995741 0.2587323486804962 1968
1781300995745 0.25643739104270935 1969
1781300995750 0.26367419958114624 1970
1781300995754 0.2601318657398224 1971
1781300995759 0.25964200496673584 1972
1781300995763 0.2758764624595642 1973
1781300995768 0.24118386209011078 1974
1781300995775 0.24282017350196838 1975
1781300995778 0.2485083043575287 1976
1781300995784 0.2542048692703247 1977
1781300995789 0.24502034485340118 1978
1781300995794 0.2586349546909332 1979
1781300995798 0.25262224674224854 1980
1781300995801 0.24616000056266785 1981
1781300995805 0.24430057406425476 1982
1781300995811 0.25398415327072144 1983
1781300995815 0.2438042312860489 1984
1781300995818 0.259471595287323 1985
1781300995821 0.24797236919403076 1986
1781300995826 0.25453031063079834 1987
1781300995830 0.26780685782432556 1988
1781300995835 0.2530902326107025 1989
1781300995841 0.27057382464408875 1990
1781300995846 0.26532885432243347 1991
1781300995850 0.23813804984092712 1992
1781300995855 0.25493118166923523 1993
1781300995860 0.25032973289489746 1994
1781300995864 0.269681453704834 1995
1781300995868 0.2699923813343048 1996
1781300995872 0.23718273639678955 1997
1781300995878 0.25792694091796875 1998
1781300995881 0.27142661809921265 1999
1781300995886 0.2792889475822449 2000
1781300995889 0.2569742798805237 2001
1781300995895 0.2681775689125061 2002
1781300995899 0.2525402009487152 2003
1781300995903 0.246324360370636 2004
1781300995909 0.264803022146225 2005
1781300995914 0.25961875915527344 2006
1781300995918 0.28180602192878723 2007
1781300995923 0.2620466947555542 2008
1781300995928 0.25755244493484497 2009
1781300995932 0.27829527854919434 2010
1781300995936 0.26167067885398865 2011
1781300995943 0.2727908790111542 2012
1781300995946 0.261870414018631 2013
1781300995951 0.26415547728538513 2014
1781300995954 0.2381971776485443 2015
1781300995958 0.2775799334049225 2016
1781300995962 0.26730966567993164 2017
1781300995966 0.2641483545303345 2018
1781300995971 0.2652527987957001 2019
1781300995975 0.23857548832893372 2020
1781300995979 0.240951806306839 2021
1781300995984 0.2622482478618622 2022
1781300995988 0.25791487097740173 2023
1781300995992 0.22615256905555725 2024
1781300995998 0.2536888122558594 2025
1781300996001 0.25255823135375977 2026
1781300996006 0.26804742217063904 2027
1781300996011 0.2465280443429947 2028
1781300996016 0.2641756236553192 2029
1781300996020 0.2602951228618622 2030
1781300996025 0.2501550614833832 2031
1781300996029 0.26418545842170715 2032
1781300996032 0.26063305139541626 2033
1781300996036 0.26399609446525574 2034
1781300996040 0.26147305965423584 2035
1781300996044 0.27329114079475403 2036
1781300996049 0.26636287569999695 2037
1781300996052 0.26574698090553284 2038
1781300996055 0.26547783613204956 2039
1781300996060 0.2647866904735565 2040
1781300996064 0.26712319254875183 2041
1781300996068 0.2684786021709442 2042
1781300996073 0.27086812257766724 2043
1781300996077 0.26407772302627563 2044
1781300996081 0.25892093777656555 2045
1781300996084 0.27959543466567993 2046
1781300996088 0.2768423855304718 2047
1781300996094 0.2702682912349701 2048
1781300996098 0.26854708790779114 2049
1781300996102 0.2661013901233673 2050
1781300996107 0.29018864035606384 2051
1781300996111 0.24329827725887299 2052
1781300996115 0.25042808055877686 2053
1781300996119 0.2676025927066803 2054
1781300996122 0.27315062284469604 2055
1781300996127 0.26302236318588257 2056
1781300996130 0.2653827965259552 2057
1781300996134 0.2487667053937912 2058
1781300996136 0.2743634879589081 2059
1781300996143 0.25982263684272766 2060
1781300996147 0.27206742763519287 2061
1781300996152 0.24782606959342957 2062
1781300996157 0.2585716247558594 2063
1781300996161 0.2610311210155487 2064
1781300996166 0.2661184072494507 2065
1781300996170 0.25933903455734253 2066
1781300996177 0.2551409602165222 2067
1781300996180 0.2622999846935272 2068
1781300996184 0.263458788394928 2069
1781300996190 0.2683466374874115 2070
1781300996194 0.24031402170658112 2071
1781300996198 0.2628343403339386 2072
1781300996202 0.24100252985954285 2073
1781300996205 0.2612266540527344 2074
1781300996210 0.2559047341346741 2075
1781300996215 0.26892781257629395 2076
1781300996220 0.2620465159416199 2077
1781300996224 0.28275465965270996 2078
1781300996228 0.2828563451766968 2079
1781300996232 0.2579505741596222 2080
1781300996235 0.2750125229358673 2081
1781300996239 0.2971860468387604 2082
1781300996245 0.25651025772094727 2083
1781300996248 0.2885620594024658 2084
1781300996252 0.2987048029899597 2085
1781300996256 0.2758186459541321 2086
1781300996262 0.26058247685432434 2087
1781300996266 0.27519693970680237 2088
1781300996269 0.26916131377220154 2089
1781300996274 0.27344465255737305 2090
1781300996280 0.2711896300315857 2091
1781300996285 0.27280110120773315 2092
1781300996289 0.2909051477909088 2093
1781300996294 0.28689998388290405 2094
1781300996298 0.2469702512025833 2095
1781300996302 0.26017141342163086 2096
1781300996307 0.26246845722198486 2097
1781300996312 0.26154622435569763 2098
1781300996316 0.2606441378593445 2099
1781300996320 0.23746787011623383 2100
1781300996326 0.2509829103946686 2101
1781300996330 0.25061020255088806 2102
1781300996334 0.25438639521598816 2103
1781300996338 0.25565147399902344 2104
1781300996342 0.2546460032463074 2105
1781300996347 0.2703973352909088 2106
1781300996351 0.25103849172592163 2107
1781300996355 0.24360695481300354 2108
1781300996360 0.25256338715553284 2109
1781300996364 0.24981693923473358 2110
1781300996369 0.25913336873054504 2111
1781300996373 0.23466072976589203 2112
1781300996377 0.24890264868736267 2113
1781300996381 0.24457810819149017 2114
1781300996386 0.25006240606307983 2115
1781300996389 0.24656422436237335 2116
1781300996394 0.24810999631881714 2117
1781300996399 0.2568605840206146 2118
1781300996402 0.24274125695228577 2119
1781300996406 0.256074994802475 2120
1781300996411 0.25404825806617737 2121
1781300996414 0.2558518350124359 2122
1781300996418 0.25200018286705017 2123
1781300996424 0.2676602303981781 2124
1781300996429 0.25995317101478577 2125
1781300996433 0.25005802512168884 2126
1781300996436 0.27603253722190857 2127
1781300996442 0.2871037721633911 2128
1781300996447 0.2686347961425781 2129
1781300996452 0.2648741602897644 2130
1781300996458 0.2625698745250702 2131
1781300996462 0.280526727437973 2132
1781300996466 0.2762005925178528 2133
1781300996469 0.2764991223812103 2134
1781300996475 0.2724387049674988 2135
1781300996479 0.253307580947876 2136
1781300996484 0.27046626806259155 2137
1781300996488 0.27384546399116516 2138
1781300996493 0.27380672097206116 2139
1781300996499 0.2613295018672943 2140
1781300996503 0.24950794875621796 2141
1781300996507 0.2447664737701416 2142
1781300996511 0.26205265522003174 2143
1781300996516 0.24904181063175201 2144
1781300996521 0.27390268445014954 2145
1781300996525 0.2428259551525116 2146
1781300996529 0.25784388184547424 2147
1781300996534 0.27269303798675537 2148
1781300996538 0.25295108556747437 2149
1781300996543 0.24773147702217102 2150
1781300996547 0.2608197331428528 2151
1781300996551 0.26852506399154663 2152
1781300996556 0.26333990693092346 2153
1781300996563 0.2596927285194397 2154
1781300996566 0.27491846680641174 2155
1781300996569 0.2446422427892685 2156
1781300996574 0.2693466544151306 2157
1781300996580 0.24887649714946747 2158
1781300996584 0.2567005753517151 2159
1781300996587 0.2512966990470886 2160
1781300996593 0.25993138551712036 2161
1781300996598 0.260299414396286 2162
1781300996603 0.27343976497650146 2163
1781300996609 0.2714839577674866 2164
1781300996614 0.2571115493774414 2165
1781300996618 0.25801342725753784 2166
1781300996623 0.24782608449459076 2167
1781300996627 0.2730809152126312 2168
1781300996631 0.26420342922210693 2169
1781300996635 0.2582608163356781 2170
1781300996639 0.25776103138923645 2171
1781300996644 0.24041065573692322 2172
1781300996650 0.2538954019546509 2173
1781300996655 0.23023128509521484 2174
1781300996661 0.2721043527126312 2175
1781300996665 0.24992823600769043 2176
1781300996669 0.23314601182937622 2177
1781300996673 0.26139384508132935 2178
1781300996678 0.24501293897628784 2179
1781300996681 0.24645882844924927 2180
1781300996685 0.25923195481300354 2181
1781300996689 0.26509249210357666 2182
1781300996693 0.26729562878608704 2183
1781300996697 0.24233056604862213 2184
1781300996701 0.26952171325683594 2185
1781300996705 0.2674952447414398 2186
1781300996710 0.2505374550819397 2187
1781300996713 0.26106512546539307 2188
1781300996717 0.25748535990715027 2189
1781300996721 0.25893262028694153 2190
1781300996725 0.2649889290332794 2191
1781300996729 0.27153468132019043 2192
1781300996733 0.2529674172401428 2193
1781300996737 0.26554226875305176 2194
1781300996743 0.26935848593711853 2195
1781300996747 0.27553242444992065 2196
1781300996752 0.2580937445163727 2197
1781300996756 0.26453670859336853 2198
1781300996761 0.25577157735824585 2199
1781300996764 0.26545029878616333 2200
1781300996769 0.2554898262023926 2201
1781300996775 0.25068166851997375 2202
1781300996778 0.2614620625972748 2203
1781300996783 0.2599044442176819 2204
1781300996786 0.25098854303359985 2205
1781300996790 0.2609463930130005 2206
1781300996795 0.26220953464508057 2207
1781300996799 0.2681293189525604 2208
1781300996802 0.25008252263069153 2209
1781300996807 0.24986274540424347 2210
1781300996811 0.255685955286026 2211
1781300996815 0.2492683231830597 2212
1781300996820 0.27074748277664185 2213
1781300996826 0.2644363045692444 2214
1781300996831 0.25421521067619324 2215
1781300996836 0.2561691701412201 2216
1781300996841 0.2687268853187561 2217
1781300996846 0.2611081302165985 2218
1781300996851 0.26163405179977417 2219
1781300996855 0.27478232979774475 2220
1781300996860 0.2616243064403534 2221
1781300996864 0.2627679109573364 2222
1781300996868 0.2634396553039551 2223
1781300996874 0.2556573152542114 2224
1781300996877 0.25977984070777893 2225
1781300996883 0.270813524723053 2226
1781300996886 0.2580817639827728 2227
1781300996890 0.2679293155670166 2228
1781300996895 0.27148059010505676 2229
1781300996898 0.2646498680114746 2230
1781300996902 0.2523001432418823 2231
1781300996906 0.25624987483024597 2232
1781300996911 0.24802425503730774 2233
1781300996915 0.24833452701568604 2234
1781300996919 0.24874405562877655 2235
1781300996922 0.25951313972473145 2236
1781300996926 0.2641022801399231 2237
1781300996930 0.2686655521392822 2238
1781300996934 0.2840502858161926 2239
1781300996937 0.2750549614429474 2240
1781300996942 0.28360074758529663 2241
1781300996947 0.25125616788864136 2242
1781300996950 0.26624804735183716 2243
1781300996956 0.2588815987110138 2244
1781300996963 0.272094190120697 2245
1781300996966 0.24604426324367523 2246
1781300996970 0.27211135625839233 2247
1781300996976 0.2606886625289917 2248
1781300996980 0.24646389484405518 2249
1781300996983 0.26329508423805237 2250
1781300996986 0.2575102150440216 2251
1781300996992 0.2565743923187256 2252
1781300996998 0.26384469866752625 2253
1781300997001 0.23692584037780762 2254
1781300997005 0.2476087361574173 2255
1781300997011 0.2373940348625183 2256
1781300997015 0.257811963558197 2257
1781300997020 0.2674006223678589 2258
1781300997024 0.24566394090652466 2259
1781300997030 0.25276920199394226 2260
1781300997034 0.23612691462039948 2261
1781300997039 0.2642589807510376 2262
1781300997044 0.25647151470184326 2263
1781300997048 0.2469586730003357 2264
1781300997052 0.2405954897403717 2265
1781300997056 0.2634623050689697 2266
1781300997061 0.2484205663204193 2267
1781300997064 0.27818652987480164 2268
1781300997068 0.2624267637729645 2269
1781300997073 0.2709551751613617 2270
1781300997077 0.27307379245758057 2271
1781300997081 0.2533566951751709 2272
1781300997085 0.2522817850112915 2273
1781300997092 0.27494120597839355 2274
1781300997096 0.26432713866233826 2275
1781300997100 0.2634725570678711 2276
1781300997103 0.2859342098236084 2277
1781300997109 0.24703440070152283 2278
1781300997115 0.265567809343338 2279
1781300997119 0.2792125344276428 2280
1781300997124 0.26708218455314636 2281
1781300997129 0.25643670558929443 2282
1781300997134 0.2581114172935486 2283
1781300997138 0.2639729976654053 2284
1781300997142 0.26787102222442627 2285
1781300997148 0.2702767848968506 2286
1781300997153 0.25571152567863464 2287
1781300997158 0.2534717321395874 2288
1781300997162 0.27214446663856506 2289
1781300997168 0.25549817085266113 2290
1781300997171 0.25324711203575134 2291
1781300997176 0.2567516267299652 2292
1781300997179 0.27120423316955566 2293
1781300997182 0.24671092629432678 2294
1781300997185 0.2690921425819397 2295
1781300997191 0.24200427532196045 2296
1781300997195 0.263511061668396 2297
1781300997199 0.24458573758602142 2298
1781300997203 0.24949277937412262 2299
1781300997208 0.268710196018219 2300
1781300997213 0.25462353229522705 2301
1781300997216 0.2537282407283783 2302
1781300997220 0.28306397795677185 2303
1781300997226 0.2585471272468567 2304
1781300997229 0.2477177381515503 2305
1781300997233 0.2539777159690857 2306
1781300997238 0.262596994638443 2307
1781300997244 0.2460983246564865 2308
1781300997249 0.25043153762817383 2309
1781300997252 0.26158010959625244 2310
1781300997256 0.26525115966796875 2311
1781300997262 0.2653120458126068 2312
1781300997265 0.25244075059890747 2313
1781300997269 0.2740401327610016 2314
1781300997273 0.27248015999794006 2315
1781300997278 0.2466374635696411 2316
1781300997283 0.26601457595825195 2317
1781300997286 0.2614007294178009 2318
1781300997290 0.25470319390296936 2319
1781300997295 0.2780004143714905 2320
1781300997299 0.25983935594558716 2321
1781300997303 0.28445595502853394 2322
1781300997308 0.2609775960445404 2323
1781300997313 0.2708265483379364 2324
1781300997318 0.264422744512558 2325
1781300997322 0.25349652767181396 2326
1781300997327 0.25331243872642517 2327
1781300997331 0.26032373309135437 2328
1781300997335 0.27062681317329407 2329
1781300997340 0.27117669582366943 2330
1781300997345 0.26134341955184937 2331
1781300997349 0.2566699683666229 2332
1781300997353 0.26724788546562195 2333
1781300997358 0.2552123963832855 2334
1781300997363 0.2718173563480377 2335
1781300997367 0.2568383514881134 2336
1781300997372 0.2680295705795288 2337
1781300997378 0.27700385451316833 2338
1781300997381 0.2672475576400757 2339
1781300997386 0.2606640160083771 2340
1781300997391 0.24517397582530975 2341
1781300997395 0.25570788979530334 2342
1781300997399 0.25364452600479126 2343
1781300997403 0.274774432182312 2344
1781300997407 0.24805738031864166 2345
1781300997415 0.2605413496494293 2346
1781300997420 0.25511854887008667 2347
1781300997426 0.26393815875053406 2348
1781300997430 0.2599736452102661 2349
1781300997434 0.2537387013435364 2350
1781300997437 0.2555752694606781 2351
1781300997443 0.2688277065753937 2352
1781300997446 0.256725549697876 2353
1781300997450 0.25751104950904846 2354
1781300997454 0.2691246271133423 2355
1781300997458 0.2604304254055023 2356
1781300997462 0.2874681055545807 2357
1781300997467 0.25544703006744385 2358
1781300997473 0.23958051204681396 2359
1781300997477 0.26011884212493896 2360
1781300997481 0.27110758423805237 2361
1781300997486 0.26301461458206177 2362
1781300997492 0.2751762568950653 2363
1781300997496 0.27331599593162537 2364
1781300997500 0.26166126132011414 2365
1781300997504 0.26423636078834534 2366
1781300997508 0.259598970413208 2367
1781300997513 0.24517641961574554 2368
1781300997520 0.2501218616962433 2369
1781300997524 0.25963032245635986 2370
1781300997529 0.2624616324901581 2371
1781300997534 0.2712869942188263 2372
1781300997538 0.261832594871521 2373
1781300997542 0.25946053862571716 2374
1781300997546 0.26557448506355286 2375
1781300997551 0.2505713403224945 2376
1781300997555 0.2726297676563263 2377
1781300997560 0.25964584946632385 2378
1781300997564 0.261410117149353 2379
1781300997570 0.2599666118621826 2380
1781300997574 0.2576414942741394 2381
1781300997578 0.26397261023521423 2382
1781300997583 0.26776111125946045 2383
1781300997588 0.2656480371952057 2384
1781300997593 0.26029738783836365 2385
1781300997599 0.24784675240516663 2386
1781300997602 0.2623538672924042 2387
1781300997608 0.2669433653354645 2388
1781300997612 0.2652483880519867 2389
1781300997617 0.23888027667999268 2390
1781300997620 0.2670707702636719 2391
1781300997626 0.24642570316791534 2392
1781300997630 0.26114994287490845 2393
1781300997634 0.2386104017496109 2394
1781300997638 0.264864444732666 2395
1781300997643 0.2616724967956543 2396
1781300997647 0.26974308490753174 2397
1781300997650 0.259280800819397 2398
1781300997655 0.25000810623168945 2399
1781300997660 0.25660938024520874 2400
1781300997664 0.26471465826034546 2401
1781300997668 0.26042643189430237 2402
1781300997672 0.253612220287323 2403
1781300997678 0.26274752616882324 2404
1781300997681 0.2633987069129944 2405
1781300997686 0.26241764426231384 2406
1781300997692 0.27123454213142395 2407
1781300997695 0.2654661238193512 2408
1781300997700 0.2624492347240448 2409
1781300997703 0.2653259038925171 2410
1781300997708 0.26107674837112427 2411
1781300997714 0.2605804204940796 2412
1781300997718 0.25270041823387146 2413
1781300997723 0.247768834233284 2414
1781300997728 0.2604514956474304 2415
1781300997732 0.2711767852306366 2416
1781300997737 0.24772588908672333 2417
1781300997742 0.24472282826900482 2418
1781300997745 0.2591443359851837 2419
1781300997750 0.2390109896659851 2420
1781300997753 0.25596117973327637 2421
1781300997758 0.2640683054924011 2422
1781300997763 0.2703472971916199 2423
1781300997766 0.26664936542510986 2424
1781300997770 0.26198792457580566 2425
1781300997774 0.2600421607494354 2426
1781300997779 0.25848183035850525 2427
1781300997782 0.26304399967193604 2428
1781300997786 0.2656252682209015 2429
1781300997792 0.2352302074432373 2430
1781300997796 0.2486341893672943 2431
1781300997800 0.24273495376110077 2432
1781300997804 0.249178946018219 2433
1781300997808 0.2695726752281189 2434
1781300997812 0.2621119022369385 2435
1781300997816 0.2659226059913635 2436
1781300997820 0.2611297369003296 2437
1781300997826 0.2672596275806427 2438
1781300997830 0.253460556268692 2439
1781300997833 0.2559843361377716 2440
1781300997839 0.26507073640823364 2441
1781300997844 0.2838236689567566 2442
1781300997848 0.253450870513916 2443
1781300997851 0.2554636597633362 2444
1781300997855 0.2550024390220642 2445
1781300997860 0.24456074833869934 2446
1781300997863 0.2545769512653351 2447
1781300997867 0.2763462960720062 2448
1781300997870 0.26379886269569397 2449
1781300997875 0.2688806354999542 2450
1781300997880 0.25306469202041626 2451
1781300997885 0.25649988651275635 2452
1781300997889 0.24871599674224854 2453
1781300997894 0.2543675899505615 2454
1781300997899 0.24056820571422577 2455
1781300997904 0.26161903142929077 2456
1781300997908 0.24742020666599274 2457
1781300997913 0.2724410593509674 2458
1781300997917 0.26348263025283813 2459
1781300997922 0.2680595815181732 2460
1781300997927 0.27397656440734863 2461
1781300997931 0.2480403333902359 2462
1781300997936 0.22808054089546204 2463
1781300997941 0.25535863637924194 2464
1781300997946 0.2401060312986374 2465
1781300997949 0.2593012750148773 2466
1781300997954 0.2564114034175873 2467
1781300997961 0.2812891900539398 2468
1781300997965 0.27412793040275574 2469
1781300997969 0.269098162651062 2470
1781300997973 0.282895565032959 2471
1781300997977 0.2617419958114624 2472
1781300997981 0.2830556631088257 2473
1781300997985 0.2633965015411377 2474
1781300997989 0.254721999168396 2475
1781300997993 0.274028480052948 2476
1781300997997 0.2517229914665222 2477
1781300998001 0.2736506462097168 2478
1781300998005 0.27319592237472534 2479
1781300998011 0.24489176273345947 2480
1781300998014 0.273914635181427 2481
1781300998020 0.26715412735939026 2482
1781300998027 0.25279366970062256 2483
1781300998032 0.2802233397960663 2484
1781300998037 0.27365967631340027 2485
1781300998041 0.2858070731163025 2486
1781300998046 0.2710929811000824 2487
1781300998049 0.25162938237190247 2488
1781300998053 0.2677496373653412 2489
1781300998057 0.2744385600090027 2490
1781300998062 0.2711711823940277 2491
1781300998066 0.27355414628982544 2492
1781300998069 0.26924601197242737 2493
1781300998075 0.281741738319397 2494
1781300998078 0.2626666724681854 2495
1781300998082 0.25654885172843933 2496
1781300998086 0.2538236081600189 2497
1781300998092 0.26447421312332153 2498
1781300998097 0.2806233763694763 2499
1781300998100 0.2628794312477112 2500
1781300998104 0.2534865140914917 2501
1781300998110 0.2829225957393646 2502
1781300998114 0.2520795464515686 2503
1781300998118 0.2596046030521393 2504
1781300998123 0.2634737491607666 2505
1781300998128 0.27075186371803284 2506
1781300998133 0.23322342336177826 2507
1781300998139 0.2511167824268341 2508
1781300998145 0.25950148701667786 2509
1781300998150 0.26998260617256165 2510
1781300998157 0.25750017166137695 2511
1781300998162 0.2498488575220108 2512
1781300998165 0.2738425135612488 2513
1781300998170 0.25946536660194397 2514
1781300998175 0.2513328492641449 2515
1781300998181 0.26473796367645264 2516
1781300998185 0.24869996309280396 2517
1781300998191 0.26332560181617737 2518
1781300998194 0.24471154808998108 2519
1781300998199 0.2762686610221863 2520
1781300998204 0.26386773586273193 2521
1781300998207 0.2509044408798218 2522
1781300998212 0.2490139752626419 2523
1781300998217 0.2741122841835022 2524
1781300998220 0.24958525598049164 2525
1781300998226 0.2460017055273056 2526
1781300998232 0.27072855830192566 2527
1781300998238 0.24515792727470398 2528
1781300998242 0.24349212646484375 2529
1781300998246 0.25269314646720886 2530
1781300998249 0.26563745737075806 2531
1781300998253 0.27376601099967957 2532
1781300998257 0.2511473596096039 2533
1781300998263 0.25760000944137573 2534
1781300998267 0.24913612008094788 2535
1781300998271 0.2593553066253662 2536
1781300998276 0.25335076451301575 2537
1781300998280 0.2595852315425873 2538
1781300998284 0.26989200711250305 2539
1781300998287 0.25996077060699463 2540
1781300998291 0.2635203003883362 2541
1781300998295 0.2657899558544159 2542
1781300998299 0.2592420279979706 2543
1781300998303 0.25248125195503235 2544
1781300998307 0.25327903032302856 2545
1781300998311 0.253069132566452 2546
1781300998316 0.27217161655426025 2547
1781300998321 0.26729151606559753 2548
1781300998325 0.25829997658729553 2549
1781300998331 0.24375268816947937 2550
1781300998336 0.26703402400016785 2551
1781300998339 0.2562054693698883 2552
1781300998344 0.26144614815711975 2553
1781300998349 0.26167723536491394 2554
1781300998354 0.2487221211194992 2555
1781300998358 0.26475754380226135 2556
1781300998362 0.2597822844982147 2557
1781300998366 0.26606038212776184 2558
1781300998372 0.24647203087806702 2559
1781300998377 0.2582436501979828 2560
1781300998380 0.2515430748462677 2561
1781300998384 0.2619152367115021 2562
1781300998388 0.27744239568710327 2563
1781300998391 0.2444654256105423 2564
1781300998395 0.27101799845695496 2565
1781300998397 0.2593238353729248 2566
1781300998401 0.24923193454742432 2567
1781300998404 0.2642001807689667 2568
1781300998409 0.2610168755054474 2569
1781300998413 0.26041969656944275 2570
1781300998416 0.26824039220809937 2571
1781300998419 0.24474234879016876 2572
1781300998421 0.25038301944732666 2573
1781300998426 0.2548859715461731 2574
1781300998428 0.24949419498443604 2575
1781300998431 0.2602658271789551 2576
1781300998439 0.2463296800851822 2577
1781300998444 0.26517361402511597 2578
1781300998448 0.24804481863975525 2579
1781300998456 0.25037115812301636 2580
1781300998460 0.26613977551460266 2581
1781300998465 0.2564156651496887 2582
1781300998468 0.2755197584629059 2583
1781300998473 0.2644023895263672 2584
1781300998479 0.250579297542572 2585
1781300998483 0.26333287358283997 2586
1781300998488 0.2565458118915558 2587
1781300998494 0.2639327049255371 2588
1781300998499 0.2523735761642456 2589
1781300998503 0.2674509882926941 2590
1781300998510 0.26636064052581787 2591
1781300998513 0.26477301120758057 2592
1781300998517 0.252596914768219 2593
1781300998522 0.24898560345172882 2594
1781300998527 0.272940456867218 2595
1781300998533 0.2679997682571411 2596
1781300998536 0.2548019289970398 2597
1781300998540 0.25595858693122864 2598
1781300998545 0.26940420269966125 2599
1781300998549 0.2579255998134613 2600
1781300998553 0.2485901564359665 2601
1781300998558 0.26257771253585815 2602
1781300998562 0.2757408618927002 2603
1781300998566 0.2722611725330353 2604
1781300998570 0.2556569576263428 2605
1781300998574 0.2699521481990814 2606
1781300998580 0.27570798993110657 2607
1781300998584 0.2607990801334381 2608
1781300998587 0.2593502998352051 2609
1781300998594 0.26239335536956787 2610
1781300998598 0.26309800148010254 2611
1781300998602 0.26745715737342834 2612
1781300998606 0.2581888735294342 2613
1781300998612 0.26183128356933594 2614
1781300998616 0.27333852648735046 2615
1781300998620 0.2697235345840454 2616
1781300998626 0.2599608302116394 2617
1781300998629 0.2592911720275879 2618
1781300998633 0.22540567815303802 2619
1781300998638 0.27093300223350525 2620
1781300998642 0.2634961009025574 2621
1781300998647 0.25721117854118347 2622
1781300998652 0.2658912241458893 2623
1781300998658 0.2769712805747986 2624
1781300998664 0.25638434290885925 2625
1781300998668 0.25066620111465454 2626
1781300998672 0.2744615077972412 2627
1781300998677 0.27437785267829895 2628
1781300998681 0.2575886845588684 2629
1781300998685 0.24907544255256653 2630
1781300998692 0.26600849628448486 2631
1781300998695 0.25174716114997864 2632
1781300998699 0.2810578942298889 2633
1781300998703 0.27072790265083313 2634
1781300998707 0.24026767909526825 2635
1781300998711 0.2693830728530884 2636
1781300998716 0.2693694829940796 2637
1781300998720 0.26767784357070923 2638
1781300998724 0.2647956609725952 2639
1781300998728 0.24809832870960236 2640
1781300998734 0.2587123513221741 2641
1781300998738 0.2626182436943054 2642
1781300998743 0.2599410116672516 2643
1781300998747 0.2826276421546936 2644
1781300998750 0.26521164178848267 2645
1781300998754 0.2594417929649353 2646
1781300998759 0.24805817008018494 2647
1781300998763 0.25663313269615173 2648
1781300998767 0.2559340000152588 2649
1781300998772 0.27731865644454956 2650
1781300998777 0.2633828818798065 2651
1781300998781 0.25120222568511963 2652
1781300998786 0.26701900362968445 2653
1781300998791 0.25649845600128174 2654
1781300998795 0.24879708886146545 2655
1781300998799 0.26475638151168823 2656
1781300998803 0.2502893805503845 2657
1781300998807 0.26314103603363037 2658
1781300998811 0.266708642244339 2659
1781300998815 0.2693426012992859 2660
1781300998819 0.27398595213890076 2661
1781300998825 0.25790807604789734 2662
1781300998829 0.24903450906276703 2663
1781300998834 0.27053388953208923 2664
1781300998838 0.26399001479148865 2665
1781300998843 0.25840163230895996 2666
1781300998847 0.2590872645378113 2667
1781300998852 0.25951313972473145 2668
1781300998857 0.24113789200782776 2669
1781300998862 0.27960678935050964 2670
1781300998868 0.2656736671924591 2671
1781300998872 0.2674376964569092 2672
1781300998876 0.24386398494243622 2673
1781300998880 0.2547459900379181 2674
1781300998886 0.2577242851257324 2675
1781300998889 0.27743175625801086 2676
1781300998895 0.2656570076942444 2677
1781300998901 0.2650400996208191 2678
1781300998904 0.2621052861213684 2679
1781300998907 0.26739829778671265 2680
1781300998912 0.26904934644699097 2681
1781300998916 0.26793569326400757 2682
1781300998919 0.2567250728607178 2683
1781300998924 0.25668859481811523 2684
1781300998928 0.2569035589694977 2685
1781300998932 0.2674788534641266 2686
1781300998937 0.276226282119751 2687
1781300998942 0.25583353638648987 2688
1781300998946 0.2669757604598999 2689
1781300998950 0.25309059023857117 2690
1781300998955 0.2724210321903229 2691
1781300998959 0.25952696800231934 2692
1781300998963 0.261648565530777 2693
1781300998968 0.2545746862888336 2694
1781300998971 0.24952226877212524 2695
1781300998976 0.25747376680374146 2696
1781300998982 0.24470263719558716 2697
1781300998987 0.2570546567440033 2698
1781300998992 0.2572040855884552 2699
1781300998997 0.2612309753894806 2700
1781300999002 0.2579389810562134 2701
1781300999007 0.2610032260417938 2702
1781300999012 0.26949265599250793 2703
1781300999017 0.2528321146965027 2704
1781300999022 0.28251397609710693 2705
1781300999027 0.2624362111091614 2706
1781300999032 0.26381006836891174 2707
1781300999037 0.25854748487472534 2708
1781300999041 0.27930790185928345 2709
1781300999046 0.2736833095550537 2710
1781300999050 0.25567173957824707 2711
1781300999053 0.26461803913116455 2712
1781300999059 0.27213701605796814 2713
1781300999064 0.27658402919769287 2714
1781300999067 0.2578108310699463 2715
1781300999074 0.2647942900657654 2716
1781300999078 0.26043108105659485 2717
1781300999082 0.25845465064048767 2718
1781300999087 0.27219998836517334 2719
1781300999091 0.2642480432987213 2720
1781300999097 0.2552323341369629 2721
1781300999101 0.2549029588699341 2722
1781300999104 0.25763341784477234 2723
1781300999109 0.26622363924980164 2724
1781300999113 0.2560200095176697 2725
1781300999117 0.2679336965084076 2726
1781300999121 0.24223919212818146 2727
1781300999126 0.2776353657245636 2728
1781300999130 0.2656572759151459 2729
1781300999133 0.2646726667881012 2730
1781300999136 0.2623857855796814 2731
1781300999142 0.2658017873764038 2732
1781300999146 0.28341659903526306 2733
1781300999149 0.25802597403526306 2734
1781300999152 0.27088063955307007 2735
1781300999157 0.2595815360546112 2736
1781300999163 0.28057795763015747 2737
1781300999167 0.2553952634334564 2738
1781300999170 0.2746523916721344 2739
1781300999174 0.2761930227279663 2740
1781300999178 0.26503369212150574 2741
1781300999182 0.25108009576797485 2742
1781300999186 0.25042006373405457 2743
1781300999191 0.2737457752227783 2744
1781300999196 0.24416568875312805 2745
1781300999201 0.26688674092292786 2746
1781300999209 0.27281734347343445 2747
1781300999213 0.26686596870422363 2748
1781300999217 0.26632288098335266 2749
1781300999221 0.25154128670692444 2750
1781300999226 0.25354185700416565 2751
1781300999229 0.2457301914691925 2752
1781300999232 0.2670275568962097 2753
1781300999236 0.2794395089149475 2754
1781300999240 0.23650766909122467 2755
1781300999244 0.24776838719844818 2756
1781300999250 0.27028682827949524 2757
1781300999253 0.26125186681747437 2758
1781300999259 0.25908440351486206 2759
1781300999264 0.2786094844341278 2760
1781300999268 0.2718150019645691 2761
1781300999271 0.24496358633041382 2762
1781300999276 0.2679564356803894 2763
1781300999281 0.275823175907135 2764
1781300999284 0.2689385414123535 2765
1781300999288 0.25934699177742004 2766
1781300999292 0.24754901230335236 2767
1781300999296 0.25686076283454895 2768
1781300999300 0.2800917625427246 2769
1781300999305 0.260312557220459 2770
1781300999309 0.25752440094947815 2771
1781300999314 0.27138078212738037 2772
1781300999317 0.2781718969345093 2773
1781300999322 0.25091737508773804 2774
1781300999326 0.2625228762626648 2775
1781300999330 0.2600889503955841 2776
1781300999335 0.2784056067466736 2777
1781300999339 0.2574837803840637 2778
1781300999345 0.2672373652458191 2779
1781300999350 0.25853848457336426 2780
1781300999355 0.2568744421005249 2781
1781300999360 0.264695405960083 2782
1781300999365 0.2546491026878357 2783
1781300999370 0.25924062728881836 2784
1781300999377 0.25959068536758423 2785
1781300999381 0.2527676522731781 2786
1781300999385 0.26492324471473694 2787
1781300999389 0.2483055144548416 2788
1781300999395 0.2674084007740021 2789
1781300999399 0.24825532734394073 2790
1781300999406 0.26460015773773193 2791
1781300999411 0.2689649164676666 2792
1781300999415 0.2560434639453888 2793
1781300999418 0.2619912028312683 2794
1781300999422 0.2664848566055298 2795
1781300999428 0.2497197538614273 2796
1781300999432 0.27950620651245117 2797
1781300999436 0.26292866468429565 2798
1781300999442 0.27455994486808777 2799
1781300999446 0.24808445572853088 2800
1781300999449 0.2665333151817322 2801
1781300999453 0.2839730381965637 2802
1781300999457 0.24785147607326508 2803
1781300999462 0.27184727787971497 2804
1781300999466 0.2574618458747864 2805
1781300999471 0.2760201394557953 2806
1781300999476 0.24605517089366913 2807
1781300999480 0.256255567073822 2808
1781300999486 0.2584035396575928 2809
1781300999491 0.25895726680755615 2810
