1782931009191 2.4360718727111816 0
1782931009194 2.2744839191436768 1
1782931009196 2.3661413192749023 2
1782931009197 2.367006301879883 3
1782931009199 2.2621896266937256 4
1782931009202 2.022939682006836 5
1782931009203 1.932217001914978 6
1782931009205 1.9957917928695679 7
1782931009207 1.9168157577514648 8
1782931009209 1.9370579719543457 9
1782931009211 1.788638710975647 10
1782931009213 1.7862462997436523 11
1782931009214 1.6523643732070923 12
1782931009216 1.587262749671936 13
1782931009219 1.6515554189682007 14
1782931009221 1.499292254447937 15
1782931009223 1.4461406469345093 16
1782931009225 1.490647554397583 17
1782931009227 1.3149313926696777 18
1782931009229 1.5044838190078735 19
1782931009230 1.3598365783691406 20
1782931009232 1.2890909910202026 21
1782931009234 1.348865032196045 22
1782931009236 1.1976420879364014 23
1782931009238 1.1096689701080322 24
1782931009240 1.1256035566329956 25
1782931009242 1.2240678071975708 26
1782931009244 1.1868464946746826 27
1782931009246 1.0083391666412354 28
1782931009248 1.2078906297683716 29
1782931009249 1.2622328996658325 30
1782931009251 1.0769727230072021 31
1782931009255 1.011462688446045 32
1782931009257 0.964111328125 33
1782931009259 1.0267583131790161 34
1782931009261 1.0396592617034912 35
1782931009263 1.0589563846588135 36
1782931009265 0.8978606462478638 37
1782931009266 0.9370617270469666 38
1782931009268 0.9574764370918274 39
1782931009271 0.9115496277809143 40
1782931009273 0.9541275501251221 41
1782931009275 0.9825770258903503 42
1782931009277 0.8038721680641174 43
1782931009279 0.9193018674850464 44
1782931009281 0.8464570641517639 45
1782931009283 0.642636775970459 46
1782931009286 0.8640336394309998 47
1782931009288 0.7960973381996155 48
1782931009290 0.8452213406562805 49
1782931009292 0.9081990122795105 50
1782931009294 0.8898833394050598 51
1782931009296 0.8501266837120056 52
1782931009298 0.8261784315109253 53
1782931009300 0.951770544052124 54
1782931009303 0.7331923246383667 55
1782931009304 0.8787953853607178 56
1782931009306 0.7411050200462341 57
1782931009309 0.8314051628112793 58
1782931009310 0.7924702167510986 59
1782931009312 0.7671035528182983 60
1782931009314 0.6849356889724731 61
1782931009316 0.7836884260177612 62
1782931009318 0.7056664824485779 63
1782931009321 0.6423359513282776 64
1782931009324 0.7181241512298584 65
1782931009327 0.7876530289649963 66
1782931009329 0.7109547257423401 67
1782931009331 0.8215996623039246 68
1782931009333 0.639419674873352 69
1782931009336 0.7182644605636597 70
1782931009338 0.751166820526123 71
1782931009340 0.6624564528465271 72
1782931009342 0.6639407277107239 73
1782931009345 0.7795919179916382 74
1782931009347 0.7156059145927429 75
1782931009349 0.7395904064178467 76
1782931009351 0.9069938659667969 77
1782931009354 0.7418180108070374 78
1782931009356 0.7365351319313049 79
1782931009358 0.7511743307113647 80
1782931009360 0.7745357155799866 81
1782931009362 0.7717030048370361 82
1782931009364 0.7259231805801392 83
1782931009366 0.5963952541351318 84
1782931009368 0.516669750213623 85
1782931009371 0.7229644060134888 86
1782931009373 0.8863343000411987 87
1782931009375 0.7551767826080322 88
1782931009377 0.6768858432769775 89
1782931009380 0.722652792930603 90
1782931009382 0.663715660572052 91
1782931009384 0.6773441433906555 92
1782931009386 0.5538087487220764 93
1782931009388 0.7117434740066528 94
1782931009390 0.5969475507736206 95
1782931009392 0.5837728381156921 96
1782931009394 0.5950658917427063 97
1782931009397 0.6361434459686279 98
1782931009399 0.48697149753570557 99
1782931009401 0.543154776096344 100
1782931009403 0.673206627368927 101
1782931009405 0.568994402885437 102
1782931009407 0.6324529647827148 103
1782931009409 0.5204288363456726 104
1782931009411 0.5435961484909058 105
1782931009413 0.5146729350090027 106
1782931009415 0.6506919860839844 107
1782931009417 0.5916027426719666 108
1782931009419 0.5922344923019409 109
1782931009421 0.6669878959655762 110
1782931009423 0.5518969297409058 111
1782931009534 0.4472670555114746 112
1782931009537 0.6621218323707581 113
1782931009539 0.3257995843887329 114
1782931009541 0.7403283715248108 115
1782931009543 0.5129348635673523 116
1782931009545 0.6234304904937744 117
1782931009548 0.5172314643859863 118
1782931009550 0.49958324432373047 119
1782931009552 0.426645964384079 120
1782931009555 0.5038147568702698 121
1782931009557 0.7942850589752197 122
1782931009559 0.6187366247177124 123
1782931009561 0.402764230966568 124
1782931009562 0.6102140545845032 125
1782931009565 0.5855165123939514 126
1782931009567 0.7432558536529541 127
1782931009569 0.5174767374992371 128
1782931009572 0.41439715027809143 129
1782931009574 0.5115451812744141 130
1782931009576 0.4327344298362732 131
1782931009578 0.5689217448234558 132
1782931009581 0.4982444643974304 133
1782931009583 0.5093095898628235 134
1782931009585 0.6674565076828003 135
1782931009588 0.5067241191864014 136
1782931009590 0.6500297784805298 137
1782931009592 0.5549531579017639 138
1782931009594 0.5558978319168091 139
1782931009596 0.44174858927726746 140
1782931009598 0.473723828792572 141
1782931009600 0.5036101937294006 142
1782931009602 0.41017553210258484 143
1782931009604 0.6507319808006287 144
1782931009606 0.5515279173851013 145
1782931009608 0.6105074882507324 146
1782931009610 0.5024168491363525 147
1782931009612 0.5246181488037109 148
1782931009614 0.4948503375053406 149
1782931009615 0.6227261424064636 150
1782931009617 0.47231847047805786 151
1782931009620 0.47982820868492126 152
1782931009622 0.5892401933670044 153
1782931009624 0.7084758877754211 154
1782931009626 0.47576677799224854 155
1782931009628 0.46772512793540955 156
1782931009630 0.4790685176849365 157
1782931009632 0.45373857021331787 158
1782931009634 0.4538983106613159 159
1782931009637 0.48582160472869873 160
1782931009639 0.589569628238678 161
1782931009652 0.6130691170692444 162
1782931009658 0.5043571591377258 163
1782931009660 0.3571780025959015 164
1782931009662 0.2645686864852905 165
1782931009664 0.46151891350746155 166
1782931009668 0.6043167114257812 167
1782931009671 0.597586452960968 168
1782931009674 0.3644222617149353 169
1782931009677 0.3919002115726471 170
1782931009679 0.6345261931419373 171
1782931009682 0.41764819622039795 172
1782931009685 0.42859211564064026 173
1782931009688 0.5587157607078552 174
1782931009691 0.5375409722328186 175
1782931009693 0.5865461826324463 176
1782931009696 0.483521044254303 177
1782931009700 0.44972726702690125 178
1782931009704 0.640865683555603 179
1782931009706 0.31997188925743103 180
1782931009709 0.46517619490623474 181
1782931009711 0.4700804054737091 182
1782931009714 0.5123863816261292 183
1782931009718 0.5215947031974792 184
1782931009721 0.5401543974876404 185
1782931009724 0.40087541937828064 186
1782931009728 0.6061680316925049 187
1782931009730 0.39051124453544617 188
1782931009733 0.3844626247882843 189
1782931009735 0.3359696567058563 190
1782931009738 0.580727756023407 191
1782931009741 0.4587215781211853 192
1782931009743 0.6785653829574585 193
1782931009745 0.57741779088974 194
1782931009747 0.48945823311805725 195
1782931009750 0.48819616436958313 196
1782931009752 0.4755929112434387 197
1782931009755 0.49928614497184753 198
1782931009757 0.412711501121521 199
1782931009759 0.5292051434516907 200
1782931009761 0.5103213787078857 201
1782931009764 0.7147620320320129 202
1782931009766 0.39638325572013855 203
1782931009768 0.48364827036857605 204
1782931009772 0.4970686733722687 205
1782931009775 0.45696863532066345 206
1782931009778 0.4487994313240051 207
1782931009780 0.6286657452583313 208
1782931009782 0.34444013237953186 209
1782931009784 0.44357046484947205 210
1782931009786 0.4974048137664795 211
1782931009789 0.4136633574962616 212
1782931009791 0.4705961048603058 213
1782931009793 0.581104576587677 214
1782931009796 0.4266813099384308 215
1782931009798 0.562706470489502 216
1782931009800 0.3244267702102661 217
1782931009802 0.30558693408966064 218
1782931009804 0.6517253518104553 219
1782931009807 0.5549908876419067 220
1782931009809 0.4111900329589844 221
1782931009811 0.4556172788143158 222
1782931009813 0.4428084194660187 223
1782931009816 0.4272584915161133 224
1782931009818 0.4717620015144348 225
1782931009821 0.45459941029548645 226
1782931009823 0.32560887932777405 227
1782931009825 0.47866854071617126 228
1782931009828 0.5685474276542664 229
1782931009830 0.4175403118133545 230
1782931009832 0.47412338852882385 231
1782931009834 0.32395610213279724 232
1782931009837 0.40700843930244446 233
1782931009839 0.28398397564888 234
1782931009841 0.5727924108505249 235
1782931009843 0.4460170567035675 236
1782931009846 0.48686501383781433 237
1782931009848 0.4762021601200104 238
1782931009851 0.2868598699569702 239
1782931009853 0.42940035462379456 240
1782931009856 0.6025153994560242 241
1782931009858 0.491371750831604 242
1782931009860 0.38259708881378174 243
1782931009863 0.5211700201034546 244
1782931009865 0.4287385046482086 245
1782931009867 0.33248353004455566 246
1782931009870 0.37123700976371765 247
1782931009872 0.47885361313819885 248
1782931009875 0.42543038725852966 249
1782931009877 0.3586798906326294 250
1782931009880 0.40672916173934937 251
1782931009884 0.302935391664505 252
1782931009886 0.48534300923347473 253
1782931009888 0.5295802354812622 254
1782931009891 0.45904651284217834 255
1782931009893 0.28723230957984924 256
1782931009895 0.43300163745880127 257
1782931009897 0.4315934181213379 258
1782931009900 0.4301370084285736 259
1782931009902 0.4600147604942322 260
1782931009904 0.37159454822540283 261
1782931009906 0.4751306474208832 262
1782931009908 0.34326988458633423 263
1782931009911 0.3858638405799866 264
1782931009913 0.46307721734046936 265
1782931009915 0.6011868119239807 266
1782931009917 0.3691423833370209 267
1782931009920 0.3661964535713196 268
1782931009922 0.42537587881088257 269
1782931009924 0.5223387479782104 270
1782931009927 0.4167368710041046 271
1782931009929 0.4651557505130768 272
1782931009931 0.3627544939517975 273
1782931009933 0.42042139172554016 274
1782931009935 0.5398069024085999 275
1782931009938 0.42529287934303284 276
1782931009940 0.47992271184921265 277
1782931009942 0.37791749835014343 278
1782931009945 0.47729650139808655 279
1782931009947 0.5773553848266602 280
1782931009949 0.5463692545890808 281
1782931009952 0.6230025887489319 282
1782931009954 0.3388078510761261 283
1782931009957 0.5785452723503113 284
1782931009959 0.48556390404701233 285
1782931009962 0.7182782292366028 286
1782931009964 0.5297576189041138 287
1782931009966 0.5019031167030334 288
1782931009969 0.4629706144332886 289
1782931009972 0.578407883644104 290
1782931009974 0.4674636721611023 291
1782931009976 0.4664052128791809 292
1782931009979 0.3747343420982361 293
1782931009981 0.48563337326049805 294
1782931009983 0.41833680868148804 295
1782931009985 0.41827431321144104 296
1782931009988 0.25488176941871643 297
1782931009990 0.2713407874107361 298
1782931009992 0.4956127405166626 299
1782931009994 0.5743477940559387 300
1782931009996 0.5034458041191101 301
1782931009999 0.32763469219207764 302
1782931010002 0.4651384949684143 303
1782931010004 0.3535451889038086 304
1782931010006 0.3358842730522156 305
1782931010009 0.4568629562854767 306
1782931010012 0.52565598487854 307
1782931010017 0.596549391746521 308
1782931010023 0.6656935214996338 309
1782931010030 0.46502748131752014 310
1782931010033 0.5426445007324219 311
1782931010037 0.4881747364997864 312
1782931010043 0.308394193649292 313
1782931010046 0.3550404906272888 314
1782931010053 0.33749011158943176 315
1782931010056 0.6679092049598694 316
1782931010059 0.42217710614204407 317
1782931010062 0.43513038754463196 318
1782931010064 0.4269152879714966 319
1782931010067 0.5694871544837952 320
1782931010069 0.5775659084320068 321
1782931010071 0.22028154134750366 322
1782931010074 0.31330907344818115 323
1782931010076 0.47125691175460815 324
1782931010079 0.3375301957130432 325
1782931010081 0.48200270533561707 326
1782931010084 0.4081464111804962 327
1782931010086 0.45645850896835327 328
1782931010088 0.40645310282707214 329
1782931010092 0.2573685944080353 330
1782931010094 0.6623230576515198 331
1782931010097 0.24380995333194733 332
1782931010100 0.4015304148197174 333
1782931010102 0.4062198996543884 334
1782931010104 0.435753732919693 335
1782931010106 0.4482782185077667 336
1782931010108 0.3500106930732727 337
1782931010110 0.6901834011077881 338
1782931010113 0.353467732667923 339
1782931010115 0.4813660681247711 340
1782931010117 0.42119866609573364 341
1782931010119 0.47669312357902527 342
1782931010122 0.4527331590652466 343
1782931010124 0.47810518741607666 344
1782931010127 0.4512743651866913 345
1782931010129 0.427237868309021 346
1782931010132 0.5125481486320496 347
1782931010135 0.4180137813091278 348
1782931010137 0.34299540519714355 349
1782931010139 0.26873987913131714 350
1782931010141 0.29853829741477966 351
1782931010143 0.4305284321308136 352
1782931010145 0.3895936608314514 353
1782931010147 0.3162328600883484 354
1782931010149 0.422732949256897 355
1782931010151 0.40864095091819763 356
1782931010153 0.36288926005363464 357
1782931010156 0.3536791205406189 358
1782931010158 0.38260725140571594 359
1782931010160 0.42856475710868835 360
1782931010162 0.42614197731018066 361
1782931010164 0.48661139607429504 362
1782931010166 0.34472593665122986 363
1782931010168 0.25230535864830017 364
1782931010171 0.45137080550193787 365
1782931010173 0.4272586405277252 366
1782931010175 0.30000558495521545 367
1782931010177 0.5491917729377747 368
1782931010179 0.4926893413066864 369
1782931010183 0.3875941336154938 370
1782931010185 0.38334953784942627 371
1782931010188 0.5378822088241577 372
1782931010190 0.4675355553627014 373
1782931010193 0.6447428464889526 374
1782931010195 0.4828820526599884 375
1782931010197 0.26687368750572205 376
1782931010200 0.3890436887741089 377
1782931010202 0.36537107825279236 378
1782931010205 0.6547412872314453 379
1782931010208 0.19823694229125977 380
1782931010210 0.30353033542633057 381
1782931010213 0.2709179222583771 382
1782931010215 0.41416990756988525 383
1782931010218 0.574367105960846 384
1782931010220 0.3231913149356842 385
1782931010222 0.6928924322128296 386
1782931010226 0.4015776515007019 387
1782931010228 0.3498933017253876 388
1782931010232 0.6412978172302246 389
1782931010235 0.33015331625938416 390
1782931010237 0.30752554535865784 391
1782931010240 0.41242867708206177 392
1782931010242 0.4861077070236206 393
1782931010245 0.47771021723747253 394
1782931010247 0.3151400089263916 395
1782931010250 0.4340795576572418 396
1782931010253 0.3075322210788727 397
1782931010255 0.44812852144241333 398
1782931010258 0.33307233452796936 399
1782931010260 0.1787208765745163 400
1782931010263 0.45725926756858826 401
1782931010265 0.37044915556907654 402
1782931010267 0.4377230107784271 403
1782931010270 0.4712005853652954 404
1782931010273 0.3843946158885956 405
1782931010275 0.42275795340538025 406
1782931010278 0.5052693486213684 407
1782931010280 0.39673659205436707 408
1782931010282 0.43546390533447266 409
1782931010285 0.4259776771068573 410
1782931010287 0.4989968240261078 411
1782931010289 0.5580003261566162 412
1782931010293 0.41816604137420654 413
1782931010295 0.2921668291091919 414
1782931010297 0.5361121892929077 415
1782931010299 0.365643709897995 416
1782931010302 0.3967411518096924 417
1782931010304 0.596747636795044 418
1782931010306 0.295503169298172 419
1782931010308 0.4425564110279083 420
1782931010310 0.48550543189048767 421
1782931010313 0.38586798310279846 422
1782931010315 0.3674936294555664 423
1782931010317 0.39781373739242554 424
1782931010320 0.48563727736473083 425
1782931010322 0.3010810911655426 426
1782931010324 0.42735755443573 427
1782931010326 0.38017722964286804 428
1782931010329 0.34978199005126953 429
1782931010331 0.24754096567630768 430
1782931010333 0.2925567030906677 431
1782931010336 0.28029322624206543 432
1782931010338 0.23321938514709473 433
1782931010340 0.4577716290950775 434
1782931010342 0.6248877048492432 435
1782931010345 0.3544471859931946 436
1782931010347 0.23067481815814972 437
1782931010349 0.5064079761505127 438
1782931010352 0.38497379422187805 439
1782931010354 0.2508353590965271 440
1782931010357 0.2084795981645584 441
1782931010359 0.32399359345436096 442
1782931010362 0.400788813829422 443
1782931010365 0.5544180870056152 444
1782931010369 0.3621402084827423 445
1782931010371 0.3618650734424591 446
1782931010373 0.46019381284713745 447
1782931010375 0.3117126524448395 448
1782931010378 0.3627260625362396 449
1782931010380 0.2356584221124649 450
1782931010383 0.37503764033317566 451
1782931010385 0.45252305269241333 452
1782931010388 0.3290664851665497 453
1782931010390 0.39732202887535095 454
1782931010393 0.32336682081222534 455
1782931010395 0.5904374718666077 456
1782931010397 0.5673058032989502 457
1782931010399 0.22911176085472107 458
1782931010402 0.38274964690208435 459
1782931010404 0.6420170664787292 460
1782931010406 0.358296662569046 461
1782931010409 0.2772892117500305 462
1782931010411 0.505017101764679 463
1782931010414 0.36036425828933716 464
1782931010416 0.23368391394615173 465
1782931010419 0.3672185242176056 466
1782931010421 0.4146987199783325 467
1782931010423 0.4007126986980438 468
1782931010426 0.4077421724796295 469
1782931010428 0.4851562976837158 470
1782931010430 0.3654334545135498 471
1782931010432 0.30611860752105713 472
1782931010435 0.27874812483787537 473
1782931010438 0.3299613893032074 474
1782931010440 0.3662034571170807 475
1782931010442 0.4511876106262207 476
1782931010444 0.31481799483299255 477
1782931010446 0.4612054228782654 478
1782931010449 0.3176141679286957 479
1782931010451 0.5252439975738525 480
1782931010453 0.5020509958267212 481
1782931010456 0.38824668526649475 482
1782931010458 0.3524022698402405 483
1782931010461 0.2665500342845917 484
1782931010464 0.2849196195602417 485
1782931010466 0.359340101480484 486
1782931010469 0.25711357593536377 487
1782931010472 0.327811598777771 488
1782931010474 0.40487533807754517 489
1782931010477 0.30033811926841736 490
1782931010479 0.3450336754322052 491
1782931010482 0.5109867453575134 492
1782931010484 0.31265875697135925 493
1782931010486 0.38528206944465637 494
1782931010489 0.39593505859375 495
1782931010491 0.3311917185783386 496
1782931010493 0.4957212805747986 497
1782931010495 0.3515646457672119 498
1782931010498 0.20820893347263336 499
1782931010500 0.3846942186355591 500
1782931010502 0.41987621784210205 501
1782931010505 0.355090856552124 502
1782931010507 0.19691084325313568 503
1782931010509 0.3431958556175232 504
1782931010511 0.3254159688949585 505
1782931010513 0.4182429909706116 506
1782931010516 0.5027211904525757 507
1782931010518 0.3448394238948822 508
1782931010520 0.5378435254096985 509
1782931010522 0.34095636010169983 510
1782931010525 0.25099873542785645 511
1782931010527 0.27392643690109253 512
1782931010529 0.24034391343593597 513
1782931010532 0.4346854090690613 514
1782931010534 0.40752243995666504 515
1782931010536 0.23610897362232208 516
1782931010538 0.35135990381240845 517
1782931010540 0.19999577105045319 518
1782931010543 0.1757308840751648 519
1782931010545 0.42903444170951843 520
1782931010547 0.39858776330947876 521
1782931010550 0.32703784108161926 522
1782931010553 0.36965662240982056 523
1782931010555 0.32526296377182007 524
1782931010558 0.46462658047676086 525
1782931010560 0.3030979037284851 526
1782931010562 0.3197491765022278 527
1782931010564 0.3674694299697876 528
1782931010567 0.40175381302833557 529
1782931010569 0.20766732096672058 530
1782931010572 0.5278536081314087 531
1782931010574 0.34225866198539734 532
1782931010576 0.4541836977005005 533
1782931010578 0.4458530843257904 534
1782931010581 0.38229304552078247 535
1782931010583 0.6036942005157471 536
1782931010585 0.43524596095085144 537
1782931010588 0.1797729730606079 538
1782931010590 0.32928013801574707 539
1782931010592 0.32275646924972534 540
1782931010595 0.36160698533058167 541
1782931010597 0.42022737860679626 542
1782931010599 0.26976823806762695 543
1782931010602 0.4691147208213806 544
1782931010604 0.23674410581588745 545
1782931010607 0.22714969515800476 546
1782931010609 0.23131637275218964 547
1782931010611 0.6229256987571716 548
1782931010613 0.26767006516456604 549
1782931010616 0.3377792537212372 550
1782931010618 0.6453874707221985 551
1782931010621 0.19768361747264862 552
1782931010623 0.34843710064888 553
1782931010626 0.3574788570404053 554
1782931010628 0.25160208344459534 555
1782931010630 0.23752085864543915 556
1782931010632 0.3003194332122803 557
1782931010634 0.5115442872047424 558
1782931010637 0.5423277020454407 559
1782931010639 0.26868370175361633 560
1782931010641 0.40223681926727295 561
1782931010643 0.32174405455589294 562
1782931010646 0.47285544872283936 563
1782931010648 0.4556950628757477 564
1782931010650 0.357479989528656 565
1782931010652 0.2658728361129761 566
1782931010655 0.36001986265182495 567
1782931010657 0.22447945177555084 568
1782931010659 0.14341069757938385 569
1782931010661 0.2104044109582901 570
1782931010664 0.2501276135444641 571
1782931010666 0.20246748626232147 572
1782931010668 0.4325009286403656 573
1782931010671 0.27497756481170654 574
1782931010673 0.1951875239610672 575
1782931010675 0.2495005577802658 576
1782931010677 0.40737876296043396 577
1782931010680 0.22488722205162048 578
1782931010682 0.22349242866039276 579
1782931010684 0.36863815784454346 580
1782931010687 0.32323265075683594 581
1782931010689 0.4185875654220581 582
1782931010691 0.34648531675338745 583
1782931010693 0.26274871826171875 584
1782931010696 0.2756117880344391 585
1782931010698 0.37380263209342957 586
1782931010700 0.4957836866378784 587
1782931010702 0.2670450806617737 588
1782931010704 0.29534101486206055 589
1782931010707 0.2667640745639801 590
1782931010709 0.3938707113265991 591
1782931010712 0.41145530343055725 592
1782931010714 0.48131877183914185 593
1782931010716 0.42457693815231323 594
1782931010719 0.20124968886375427 595
1782931010721 0.4737815856933594 596
1782931010724 0.22147586941719055 597
1782931010726 0.353184312582016 598
1782931010728 0.41553378105163574 599
1782931010730 0.42768803238868713 600
1782931010732 0.5230221152305603 601
1782931010735 0.45741164684295654 602
1782931010737 0.39671218395233154 603
1782931010739 0.44406718015670776 604
1782931010741 0.3756435215473175 605
1782931010744 0.469558447599411 606
1782931010746 0.345847487449646 607
1782931010748 0.22518546879291534 608
1782931010751 0.46986398100852966 609
1782931010753 0.2955998182296753 610
1782931010756 0.31069183349609375 611
1782931010758 0.48571744561195374 612
1782931010762 0.20904113352298737 613
1782931010764 0.46019455790519714 614
1782931010766 0.288997620344162 615
1782931010768 0.3608674705028534 616
1782931010770 0.28913116455078125 617
1782931010773 0.48002198338508606 618
1782931010775 0.33464089035987854 619
1782931010777 0.3547765016555786 620
1782931010780 0.2502382695674896 621
1782931010782 0.7173914313316345 622
1782931010784 0.33447787165641785 623
1782931010786 0.34178537130355835 624
1782931010789 0.2802906930446625 625
1782931010791 0.6625342965126038 626
1782931010793 0.28186744451522827 627
1782931010796 0.3622838258743286 628
1782931010798 0.29609331488609314 629
1782931010800 0.30708441138267517 630
1782931010802 0.28120219707489014 631
1782931010805 0.4906003475189209 632
1782931010808 0.3512548804283142 633
1782931010811 0.27605003118515015 634
1782931010814 0.40798360109329224 635
1782931010816 0.33958813548088074 636
1782931010819 0.26395535469055176 637
1782931010821 0.5041779279708862 638
1782931010824 0.2657391130924225 639
1782931010826 0.2470138967037201 640
1782931010828 0.3210911452770233 641
1782931010831 0.286117285490036 642
1782931010833 0.39177489280700684 643
1782931010837 0.6217545866966248 644
1782931010840 0.2500797212123871 645
1782931010843 0.26131513714790344 646
1782931010846 0.16780874133110046 647
1782931010848 0.3691529631614685 648
1782931010851 0.3560681641101837 649
1782931010853 0.4041719138622284 650
1782931010856 0.43519389629364014 651
1782931010858 0.3423714339733124 652
1782931010860 0.3894737958908081 653
1782931010863 0.3264876902103424 654
1782931010865 0.2695685923099518 655
1782931010867 0.5209495425224304 656
1782931010870 0.5336129665374756 657
1782931010872 0.2396266609430313 658
1782931010875 0.36854928731918335 659
1782931010877 0.37312495708465576 660
1782931010880 0.20330221951007843 661
1782931010882 0.32232654094696045 662
1782931010885 0.19931642711162567 663
1782931010887 0.4458678662776947 664
1782931010889 0.3136318027973175 665
1782931010892 0.31422871351242065 666
1782931010894 0.3900323212146759 667
1782931010897 0.3683028519153595 668
1782931010900 0.4337400197982788 669
1782931010903 0.5457853674888611 670
1782931010906 0.38994890451431274 671
1782931010908 0.2470330446958542 672
1782931010910 0.3225589394569397 673
1782931010913 0.3827522397041321 674
1782931010915 0.44660133123397827 675
1782931010918 0.30796271562576294 676
1782931010921 0.5041319727897644 677
1782931010925 0.2928517758846283 678
1782931010927 0.39867690205574036 679
1782931010929 0.5854538679122925 680
1782931010932 0.3921090364456177 681
1782931010934 0.6178833842277527 682
1782931010937 0.38344061374664307 683
1782931010939 0.21371163427829742 684
1782931010941 0.22446118295192719 685
1782931010944 0.4302486479282379 686
1782931010946 0.39911505579948425 687
1782931010948 0.20317624509334564 688
1782931010952 0.39937567710876465 689
1782931010954 0.5239708423614502 690
1782931010956 0.4406890273094177 691
1782931010959 0.23280386626720428 692
1782931010961 0.2987282872200012 693
1782931010963 0.27216246724128723 694
1782931010966 0.1882517784833908 695
1782931010968 0.4185318052768707 696
1782931010970 0.21309377253055573 697
1782931010973 0.33308425545692444 698
1782931010975 0.40810805559158325 699
1782931010978 0.39488106966018677 700
1782931010980 0.27483808994293213 701
1782931010983 0.3676607608795166 702
1782931010985 0.313671737909317 703
1782931010988 0.4276476204395294 704
1782931010992 0.28395047783851624 705
1782931010994 0.34775590896606445 706
1782931010996 0.2822261452674866 707
1782931010999 0.32765352725982666 708
1782931011001 0.34166955947875977 709
1782931011003 0.5721568465232849 710
1782931011005 0.23850762844085693 711
1782931011008 0.36717069149017334 712
1782931011010 0.4161255657672882 713
1782931011012 0.2928864657878876 714
1782931011015 0.36719661951065063 715
1782931011017 0.38317838311195374 716
1782931011019 0.1559542417526245 717
1782931011022 0.21776644885540009 718
1782931011024 0.3708854615688324 719
1782931011026 0.3677177429199219 720
1782931011028 0.3105173110961914 721
1782931011031 0.4201905131340027 722
1782931011033 0.40582433342933655 723
1782931011035 0.21883375942707062 724
1782931011038 0.1773659884929657 725
1782931011040 0.3132237493991852 726
1782931011043 0.33402132987976074 727
1782931011045 0.2231060415506363 728
1782931011047 0.6343023180961609 729
1782931011049 0.25882259011268616 730
1782931011051 0.22541655600070953 731
1782931011055 0.22124090790748596 732
1782931011057 0.2611275017261505 733
1782931011060 0.18915626406669617 734
1782931011062 0.2281840294599533 735
1782931011065 0.5430802702903748 736
1782931011067 0.5740025043487549 737
1782931011070 0.24509955942630768 738
1782931011073 0.36976081132888794 739
1782931011076 0.2994564175605774 740
1782931011079 0.26122426986694336 741
1782931011081 0.43598654866218567 742
1782931011083 0.3495194911956787 743
1782931011086 0.3757054805755615 744
1782931011088 0.19542628526687622 745
1782931011092 0.39773479104042053 746
1782931011094 0.44596973061561584 747
1782931011096 0.18538346886634827 748
1782931011100 0.7526078224182129 749
1782931011102 0.46123459935188293 750
1782931011105 0.31834933161735535 751
1782931011107 0.3780636191368103 752
1782931011109 0.3219100534915924 753
1782931011111 0.2712942361831665 754
1782931011113 0.30628645420074463 755
1782931011115 0.6112950444221497 756
1782931011118 0.2491355836391449 757
1782931011120 0.2657763957977295 758
1782931011122 0.5933773517608643 759
1782931011125 0.5390611290931702 760
1782931011128 0.36374834179878235 761
1782931011131 0.2705211937427521 762
1782931011133 0.2844592332839966 763
1782931011135 0.2649259865283966 764
1782931011139 0.520440936088562 765
1782931011141 0.4505443572998047 766
1782931011143 0.34452754259109497 767
1782931011146 0.26511645317077637 768
1782931011148 0.2662738859653473 769
1782931011150 0.34480613470077515 770
1782931011152 0.166390061378479 771
1782931011155 0.3280720114707947 772
1782931011157 0.302703320980072 773
1782931011160 0.4193829298019409 774
1782931011162 0.29305508732795715 775
1782931011164 0.43073219060897827 776
1782931011166 0.5603476762771606 777
1782931011169 0.22725710272789001 778
1782931011171 0.32906678318977356 779
1782931011173 0.47132471203804016 780
1782931011176 0.2013036459684372 781
1782931011178 0.39352986216545105 782
1782931011180 0.3387416899204254 783
1782931011182 0.30838021636009216 784
1782931011185 0.37559109926223755 785
1782931011188 0.36624693870544434 786
1782931011190 0.38027048110961914 787
1782931011192 0.3076598346233368 788
1782931011194 0.4889391362667084 789
1782931011196 0.21774661540985107 790
1782931011199 0.5185733437538147 791
1782931011202 0.39649122953414917 792
1782931011204 0.25670120120048523 793
1782931011206 0.36635473370552063 794
1782931011208 0.15631870925426483 795
1782931011211 0.22464407980442047 796
1782931011214 0.5567861199378967 797
1782931011216 0.17279954254627228 798
1782931011218 0.4160556197166443 799
1782931011221 0.3034948706626892 800
1782931011223 0.1928004026412964 801
1782931011226 0.3706916868686676 802
1782931011228 0.22079087793827057 803
1782931011230 0.5241582989692688 804
1782931011233 0.30998629331588745 805
1782931011235 0.4068969488143921 806
1782931011237 0.3815292716026306 807
1782931011240 0.470333069562912 808
1782931011242 0.38172027468681335 809
1782931011244 0.5941140651702881 810
1782931011246 0.40097692608833313 811
1782931011250 0.29408130049705505 812
1782931011252 0.3101801872253418 813
1782931011254 0.497382253408432 814
1782931011257 0.2205178141593933 815
1782931011259 0.26822128891944885 816
1782931011262 0.31055912375450134 817
1782931011264 0.2476191222667694 818
1782931011267 0.3224630355834961 819
1782931011269 0.31454363465309143 820
1782931011271 0.40183770656585693 821
1782931011273 0.3674086928367615 822
1782931011276 0.4634086489677429 823
1782931011278 0.3119933009147644 824
1782931011281 0.19957734644412994 825
1782931011283 0.37065747380256653 826
1782931011285 0.40181100368499756 827
1782931011288 0.2317076176404953 828
1782931011290 0.1841707080602646 829
1782931011293 0.36610302329063416 830
1782931011295 0.23063652217388153 831
1782931011297 0.35003605484962463 832
1782931011300 0.22415791451931 833
1782931011302 0.35545292496681213 834
1782931011304 0.3327533006668091 835
1782931011307 0.3957943916320801 836
1782931011309 0.12725670635700226 837
1782931011311 0.5994614362716675 838
1782931011313 0.6645841002464294 839
1782931011316 0.29140594601631165 840
1782931011318 0.48279157280921936 841
1782931011321 0.2746853232383728 842
1782931011323 0.2992887794971466 843
1782931011325 0.2877989113330841 844
1782931011328 0.32832735776901245 845
1782931011330 0.39967575669288635 846
1782931011332 0.42737823724746704 847
1782931011335 0.40249449014663696 848
1782931011337 0.43418291211128235 849
1782931011339 0.3413814902305603 850
1782931011342 0.3622169494628906 851
1782931011344 0.32720884680747986 852
1782931011346 0.29226723313331604 853
1782931011349 0.2697380781173706 854
1782931011352 0.3049198389053345 855
1782931011354 0.3339487314224243 856
1782931011356 0.37125056982040405 857
1782931011359 0.48739007115364075 858
1782931011361 0.41647037863731384 859
1782931011364 0.464770644903183 860
1782931011366 0.3848700523376465 861
1782931011368 0.35584571957588196 862
1782931011371 0.47567594051361084 863
1782931011373 0.3954090178012848 864
1782931011375 0.33258941769599915 865
1782931011377 0.2280365526676178 866
1782931011380 0.3582281470298767 867
1782931011382 0.3601093590259552 868
1782931011384 0.39447295665740967 869
1782931011387 0.4851227402687073 870
1782931011389 0.34268510341644287 871
1782931011392 0.26912257075309753 872
1782931011394 0.300187349319458 873
1782931011396 0.3613690733909607 874
1782931011399 0.30982524156570435 875
1782931011402 0.4518270790576935 876
1782931011404 0.31708160042762756 877
1782931011406 0.26276424527168274 878
1782931011408 0.3422122299671173 879
1782931011410 0.4448372423648834 880
1782931011413 0.4941938519477844 881
1782931011415 0.2694780230522156 882
1782931011417 0.3623071610927582 883
1782931011419 0.4449182450771332 884
1782931011422 0.2225017547607422 885
1782931011424 0.33034369349479675 886
1782931011426 0.33746686577796936 887
1782931011428 0.4344780147075653 888
1782931011430 0.1956724226474762 889
1782931011432 0.5253191590309143 890
1782931011435 0.319052517414093 891
1782931011437 0.5474283695220947 892
1782931011440 0.3431493043899536 893
1782931011442 0.4947596788406372 894
1782931011445 0.4082230031490326 895
1782931011447 0.3904725909233093 896
1782931011449 0.4312320649623871 897
1782931011452 0.5096309185028076 898
1782931011454 0.4872666597366333 899
1782931011457 0.5021224021911621 900
1782931011459 0.31456121802330017 901
1782931011461 0.2671474814414978 902
1782931011463 0.3783039152622223 903
1782931011466 0.39639657735824585 904
1782931011469 0.2476508617401123 905
1782931011471 0.29303017258644104 906
1782931011473 0.43667128682136536 907
1782931011475 0.35810744762420654 908
1782931011478 0.3527311682701111 909
1782931011480 0.3117479979991913 910
1782931011482 0.2786596119403839 911
1782931011484 0.3428139388561249 912
1782931011486 0.17851479351520538 913
1782931011489 0.36490076780319214 914
1782931011491 0.4197780191898346 915
1782931011494 0.3308878242969513 916
1782931011496 0.20238308608531952 917
1782931011498 0.16650433838367462 918
1782931011501 0.2557442784309387 919
1782931011504 0.3090842068195343 920
1782931011506 0.24619020521640778 921
1782931011508 0.26990097761154175 922
1782931011510 0.331637442111969 923
1782931011512 0.4494316577911377 924
1782931011515 0.3740057349205017 925
1782931011517 0.3237946331501007 926
1782931011519 0.5092180371284485 927
1782931011522 0.3363526165485382 928
1782931011524 0.22384364902973175 929
1782931011528 0.3539702594280243 930
1782931011530 0.4083061218261719 931
1782931011532 0.22704990208148956 932
1782931011534 0.27840563654899597 933
1782931011537 0.26094529032707214 934
1782931011539 0.22813086211681366 935
1782931011541 0.6286752223968506 936
1782931011677 0.3740372061729431 937
1782931011680 0.1509820520877838 938
1782931011682 0.23802675306797028 939
1782931011684 0.2612958252429962 940
1782931011686 0.3984704613685608 941
1782931011688 0.22235938906669617 942
1782931011690 0.3051013648509979 943
1782931011692 0.422199547290802 944
1782931011694 0.3631410002708435 945
1782931011696 0.4272848069667816 946
1782931011698 0.2559366822242737 947
1782931011700 0.3710769712924957 948
1782931011702 0.512052595615387 949
1782931011705 0.4009660482406616 950
1782931011707 0.16442164778709412 951
1782931011709 0.4411712884902954 952
1782931011711 0.3411775231361389 953
1782931011715 0.28669434785842896 954
1782931011717 0.3288290798664093 955
1782931011722 0.5287191271781921 956
1782931011725 0.3400283455848694 957
1782931011727 0.5292209982872009 958
1782931011729 0.33159005641937256 959
1782931011732 0.4488378167152405 960
1782931011735 0.40405532717704773 961
1782931011737 0.23165063560009003 962
1782931011740 0.47971415519714355 963
1782931011742 0.2471451461315155 964
1782931011744 0.44267675280570984 965
1782931011749 0.5904349684715271 966
1782931011756 0.4347727298736572 967
1782931011759 0.4552347958087921 968
1782931011765 0.2658461928367615 969
1782931011773 0.5120884776115417 970
1782931011785 0.4582282602787018 971
1782931011789 0.33287137746810913 972
1782931011792 0.6191995739936829 973
1782931011796 0.3104775547981262 974
1782931011800 0.3119445741176605 975
1782931011803 0.24183380603790283 976
1782931011807 0.23574644327163696 977
1782931011811 0.34693777561187744 978
1782931011814 0.2634085416793823 979
1782931011818 0.45089009404182434 980
1782931011821 0.23401226103305817 981
1782931011824 0.28488045930862427 982
1782931011826 0.28633809089660645 983
1782931011828 0.37905949354171753 984
1782931011831 0.5413849949836731 985
1782931011833 0.3288002908229828 986
1782931011835 0.2339935153722763 987
1782931011838 0.1251886785030365 988
1782931011840 0.36662760376930237 989
1782931011842 0.3517640233039856 990
1782931011844 0.4321342706680298 991
1782931011847 0.17698094248771667 992
1782931011849 0.2854738235473633 993
1782931011851 0.17142397165298462 994
1782931011854 0.5757767558097839 995
1782931011856 0.5964460372924805 996
1782931011859 0.1824197769165039 997
1782931011861 0.27845075726509094 998
1782931011863 0.4245566725730896 999
1782931011866 0.25991660356521606 1000
1782931011868 0.6060310006141663 1001
1782931011871 0.31754109263420105 1002
1782931011873 0.3826054036617279 1003
1782931011875 0.21943792700767517 1004
1782931011877 0.3298642635345459 1005
1782931011880 0.4449971914291382 1006
1782931011882 0.3804837167263031 1007
1782931011885 0.31929728388786316 1008
1782931011887 0.1614934653043747 1009
1782931011889 0.45227810740470886 1010
1782931011892 0.2715007960796356 1011
1782931011894 0.20395499467849731 1012
1782931011896 0.2646489441394806 1013
1782931011898 0.304644376039505 1014
1782931011900 0.37858784198760986 1015
1782931011902 0.23684990406036377 1016
1782931011905 0.4796077609062195 1017
1782931011907 0.22391217947006226 1018
1782931011909 0.24880827963352203 1019
1782931011911 0.2767281234264374 1020
1782931011914 0.2597474455833435 1021
1782931011916 0.29368504881858826 1022
1782931011918 0.30975985527038574 1023
1782931011921 0.35307303071022034 1024
1782931011923 0.515273928642273 1025
1782931011926 0.3108709454536438 1026
1782931011928 0.2687374949455261 1027
1782931011930 0.5679762363433838 1028
1782931011932 0.23919525742530823 1029
1782931011935 0.25185778737068176 1030
1782931011938 0.3719775676727295 1031
1782931011940 0.2871900796890259 1032
1782931011942 0.33660414814949036 1033
1782931011944 0.1489025503396988 1034
1782931011947 0.5521025657653809 1035
1782931011949 0.19963638484477997 1036
1782931011951 0.34888455271720886 1037
1782931011954 0.33997538685798645 1038
1782931011956 0.3249664604663849 1039
1782931011959 0.396953284740448 1040
1782931011961 0.25569674372673035 1041
1782931011965 0.4255516827106476 1042
1782931011967 0.3452829420566559 1043
1782931011969 0.6448662281036377 1044
1782931011972 0.17631900310516357 1045
1782931011974 0.3682558834552765 1046
1782931011976 0.23896026611328125 1047
1782931011979 0.4446078836917877 1048
1782931011981 0.2697691023349762 1049
1782931011984 0.2732052505016327 1050
1782931011986 0.23106220364570618 1051
1782931011988 0.2860265374183655 1052
1782931011990 0.26643282175064087 1053
1782931011992 0.3890971839427948 1054
1782931011995 0.24502523243427277 1055
1782931011997 0.2014017552137375 1056
1782931011999 0.41152578592300415 1057
1782931012002 0.23894472420215607 1058
1782931012004 0.178475022315979 1059
1782931012006 0.2728883624076843 1060
1782931012008 0.38505682349205017 1061
1782931012010 0.18017776310443878 1062
1782931012013 0.27354034781455994 1063
1782931012015 0.4315040707588196 1064
1782931012017 0.559310793876648 1065
1782931012019 0.24441221356391907 1066
1782931012022 0.35570526123046875 1067
1782931012024 0.4391639828681946 1068
1782931012026 0.45608553290367126 1069
1782931012028 0.405661940574646 1070
1782931012030 0.31747716665267944 1071
1782931012033 0.5388807058334351 1072
1782931012035 0.46719416975975037 1073
1782931012038 0.3393389582633972 1074
1782931012040 0.5160197615623474 1075
1782931012042 0.18490053713321686 1076
1782931012045 0.4400649964809418 1077
1782931012047 0.14962483942508698 1078
1782931012049 0.2801780104637146 1079
1782931012051 0.36400094628334045 1080
1782931012055 0.3325512409210205 1081
1782931012058 0.33451077342033386 1082
1782931012061 0.1753648817539215 1083
1782931012063 0.45125579833984375 1084
1782931012065 0.24610334634780884 1085
1782931012068 0.6799226403236389 1086
1782931012072 0.28331199288368225 1087
1782931012074 0.37035951018333435 1088
1782931012077 0.41003164649009705 1089
1782931012079 0.2854275107383728 1090
1782931012081 0.3637891113758087 1091
1782931012084 0.3822842240333557 1092
1782931012087 0.2643370032310486 1093
1782931012090 0.347560316324234 1094
1782931012093 0.2532403767108917 1095
1782931012096 0.19976967573165894 1096
1782931012098 0.31417277455329895 1097
1782931012101 0.37119704484939575 1098
1782931012104 0.33358368277549744 1099
1782931012107 0.5008083581924438 1100
1782931012109 0.5516741275787354 1101
1782931012111 0.4560976028442383 1102
1782931012114 0.2210332453250885 1103
1782931012116 0.41807854175567627 1104
1782931012118 0.38346922397613525 1105
1782931012121 0.34756729006767273 1106
1782931012123 0.2177981734275818 1107
1782931012126 0.3040233552455902 1108
1782931012128 0.38360580801963806 1109
1782931012130 0.29882633686065674 1110
1782931012133 0.2808029055595398 1111
1782931012135 0.22757676243782043 1112
1782931012137 0.5566422343254089 1113
1782931012140 0.4039748013019562 1114
1782931012142 0.2676093876361847 1115
1782931012144 0.25543004274368286 1116
1782931012147 0.481003999710083 1117
1782931012149 0.4425084888935089 1118
1782931012151 0.28320756554603577 1119
1782931012154 0.34976041316986084 1120
1782931012156 0.33702200651168823 1121
1782931012158 0.23327070474624634 1122
1782931012160 0.6285933256149292 1123
1782931012162 0.3276485204696655 1124
1782931012165 0.4424808919429779 1125
1782931012167 0.35917413234710693 1126
1782931012170 0.34069812297821045 1127
1782931012173 0.3043578267097473 1128
1782931012175 0.2857459485530853 1129
1782931012177 0.3049483895301819 1130
1782931012180 0.2634286880493164 1131
1782931012182 0.35336580872535706 1132
1782931012184 0.5244383215904236 1133
1782931012187 0.3507431149482727 1134
1782931012189 0.27848511934280396 1135
1782931012191 0.28218600153923035 1136
1782931012194 0.5642925500869751 1137
1782931012196 0.32717499136924744 1138
1782931012198 0.2905556857585907 1139
1782931012200 0.3824607729911804 1140
1782931012203 0.15267179906368256 1141
1782931012205 0.2526113986968994 1142
1782931012207 0.22455020248889923 1143
1782931012209 0.4490465521812439 1144
1782931012211 0.3466149866580963 1145
1782931012213 0.2929306626319885 1146
1782931012216 0.31134164333343506 1147
1782931012218 0.4421045780181885 1148
1782931012220 0.49002671241760254 1149
1782931012223 0.447955459356308 1150
1782931012225 0.24599780142307281 1151
1782931012227 0.2641769051551819 1152
1782931012230 0.22441594302654266 1153
1782931012232 0.5151593685150146 1154
1782931012234 0.2974452078342438 1155
1782931012236 0.2653595805168152 1156
1782931012239 0.29586249589920044 1157
1782931012241 0.3364603519439697 1158
1782931012243 0.298820823431015 1159
1782931012246 0.20590899884700775 1160
1782931012248 0.3369288742542267 1161
1782931012250 0.46521687507629395 1162
1782931012252 0.27525827288627625 1163
1782931012254 0.38053566217422485 1164
1782931012258 0.22588323056697845 1165
1782931012261 0.29243701696395874 1166
1782931012263 0.23170927166938782 1167
1782931012265 0.33620625734329224 1168
1782931012269 0.2276160717010498 1169
1782931012272 0.27461084723472595 1170
1782931012275 0.37120237946510315 1171
1782931012278 0.22541558742523193 1172
1782931012283 0.21571719646453857 1173
1782931012286 0.34897473454475403 1174
1782931012288 0.3508569300174713 1175
1782931012291 0.48636043071746826 1176
1782931012293 0.5200507044792175 1177
1782931012296 0.4026201367378235 1178
1782931012299 0.32807713747024536 1179
1782931012301 0.30311524868011475 1180
1782931012304 0.3650464713573456 1181
1782931012306 0.3307282328605652 1182
1782931012308 0.23036038875579834 1183
1782931012312 0.4132393002510071 1184
1782931012314 0.6350566744804382 1185
1782931012317 0.19725950062274933 1186
1782931012321 0.1656603217124939 1187
1782931012323 0.3849506974220276 1188
1782931012325 0.3361841142177582 1189
1782931012328 0.3816351294517517 1190
1782931012330 0.350030779838562 1191
1782931012332 0.11639275401830673 1192
1782931012335 0.2656469941139221 1193
1782931012337 0.32734426856040955 1194
1782931012340 0.3367471992969513 1195
1782931012342 0.5944521427154541 1196
1782931012345 0.2222166359424591 1197
1782931012347 0.49702128767967224 1198
1782931012349 0.3149202764034271 1199
1782931012351 0.17091114819049835 1200
1782931012354 0.1916927546262741 1201
1782931012356 0.5012196898460388 1202
1782931012359 0.3980998396873474 1203
1782931012361 0.2857776880264282 1204
1782931012363 0.22629451751708984 1205
1782931012365 0.14005106687545776 1206
1782931012368 0.18710793554782867 1207
1782931012370 0.5671205520629883 1208
1782931012372 0.2086225152015686 1209
1782931012374 0.1546829640865326 1210
1782931012377 0.41143566370010376 1211
1782931012379 0.38109079003334045 1212
1782931012381 0.37513697147369385 1213
1782931012383 0.282463937997818 1214
1782931012386 0.28108513355255127 1215
1782931012388 0.3635103106498718 1216
1782931012390 0.480307400226593 1217
1782931012393 0.30533841252326965 1218
1782931012395 0.22676467895507812 1219
1782931012397 0.28076082468032837 1220
1782931012399 0.1795172095298767 1221
1782931012402 0.256498783826828 1222
1782931012404 0.35123300552368164 1223
1782931012406 0.3402668833732605 1224
1782931012409 0.3389717936515808 1225
1782931012411 0.32722142338752747 1226
1782931012414 0.31065648794174194 1227
1782931012416 0.30012500286102295 1228
1782931012419 0.2418239861726761 1229
1782931012422 0.4605979323387146 1230
1782931012425 0.4203960597515106 1231
1782931012427 0.3126433789730072 1232
1782931012429 0.3736812174320221 1233
1782931012432 0.2438250333070755 1234
1782931012434 0.32062581181526184 1235
1782931012437 0.17801132798194885 1236
1782931012439 0.31946876645088196 1237
1782931012442 0.2802039384841919 1238
1782931012444 0.36115458607673645 1239
1782931012446 0.16814756393432617 1240
1782931012449 0.20313312113285065 1241
1782931012451 0.31213855743408203 1242
1782931012454 0.2741258144378662 1243
1782931012457 0.20306594669818878 1244
1782931012459 0.3843423128128052 1245
1782931012462 0.30294716358184814 1246
1782931012465 0.4122655391693115 1247
1782931012468 0.17591559886932373 1248
1782931012470 0.3541717529296875 1249
1782931012472 0.4110606610774994 1250
1782931012474 0.3195365369319916 1251
1782931012476 0.3605716824531555 1252
1782931012478 0.2601606845855713 1253
1782931012481 0.2544146478176117 1254
1782931012484 0.37683719396591187 1255
1782931012488 0.2870807647705078 1256
1782931012490 0.37523195147514343 1257
1782931012492 0.36487051844596863 1258
1782931012495 0.2445850670337677 1259
1782931012497 0.3794333040714264 1260
1782931012499 0.2763550877571106 1261
1782931012502 0.2993120849132538 1262
1782931012504 0.33769094944000244 1263
1782931012506 0.4382629692554474 1264
1782931012508 0.31638798117637634 1265
1782931012511 0.39708638191223145 1266
1782931012513 0.1921357363462448 1267
1782931012515 0.12287072092294693 1268
1782931012517 0.30531734228134155 1269
1782931012520 0.5486662983894348 1270
1782931012522 0.3977409601211548 1271
1782931012525 0.493740439414978 1272
1782931012528 0.4947206974029541 1273
1782931012530 0.16027455031871796 1274
1782931012533 0.3323829174041748 1275
1782931012536 0.39250311255455017 1276
1782931012538 0.26737678050994873 1277
1782931012541 0.3386612832546234 1278
1782931012543 0.33940383791923523 1279
1782931012545 0.3054143786430359 1280
1782931012547 0.09963413327932358 1281
1782931012550 0.41538387537002563 1282
1782931012552 0.19539135694503784 1283
1782931012554 0.4782908260822296 1284
1782931012557 0.3584091067314148 1285
1782931012559 0.23547345399856567 1286
1782931012561 0.14477059245109558 1287
1782931012563 0.29057782888412476 1288
1782931012566 0.3571239113807678 1289
1782931012568 0.42569687962532043 1290
1782931012571 0.2592211067676544 1291
1782931012574 0.44653064012527466 1292
1782931012576 0.7273380756378174 1293
1782931012578 0.36603355407714844 1294
1782931012580 0.23031552135944366 1295
1782931012582 0.35261690616607666 1296
1782931012585 0.33690527081489563 1297
1782931012587 0.22402776777744293 1298
1782931012589 0.27291449904441833 1299
1782931012592 0.3660310208797455 1300
1782931012594 0.2085549533367157 1301
1782931012596 0.2740572392940521 1302
1782931012598 0.32947543263435364 1303
1782931012600 0.3417883515357971 1304
1782931012603 0.255385160446167 1305
1782931012605 0.40047475695610046 1306
1782931012607 0.36047354340553284 1307
1782931012609 0.28290313482284546 1308
1782931012612 0.16187424957752228 1309
1782931012614 0.17087247967720032 1310
1782931012616 0.33685481548309326 1311
1782931012619 0.17194637656211853 1312
1782931012622 0.26806268095970154 1313
1782931012624 0.456908255815506 1314
1782931012627 0.38062843680381775 1315
1782931012629 0.2444409430027008 1316
1782931012631 0.34365299344062805 1317
1782931012633 0.2508065402507782 1318
1782931012635 0.29139670729637146 1319
1782931012638 0.29246336221694946 1320
1782931012640 0.16144786775112152 1321
1782931012642 0.3919091522693634 1322
1782931012644 0.28759223222732544 1323
1782931012646 0.4712044894695282 1324
1782931012649 0.5138948559761047 1325
1782931012651 0.24918311834335327 1326
1782931012654 0.3766203820705414 1327
1782931012657 0.32722702622413635 1328
1782931012659 0.16498292982578278 1329
1782931012661 0.10259576141834259 1330
1782931012663 0.21243834495544434 1331
1782931012665 0.2111346274614334 1332
1782931012668 0.38139957189559937 1333
1782931012670 0.29642605781555176 1334
1782931012673 0.1344381421804428 1335
1782931012675 0.18946681916713715 1336
1782931012677 0.2492063343524933 1337
1782931012679 0.34934163093566895 1338
1782931012681 0.411520391702652 1339
1782931012683 0.4217219650745392 1340
1782931012686 0.37164199352264404 1341
1782931012688 0.3125177025794983 1342
1782931012691 0.47529077529907227 1343
1782931012693 0.1539015918970108 1344
1782931012695 0.19328130781650543 1345
1782931012697 0.46028003096580505 1346
1782931012699 0.2523801028728485 1347
1782931012701 0.31198498606681824 1348
1782931012704 0.16695775091648102 1349
1782931012706 0.626671552658081 1350
1782931012708 0.6027153730392456 1351
1782931012710 0.32564663887023926 1352
1782931012712 0.1904931664466858 1353
1782931012714 0.2104770988225937 1354
1782931012716 0.309036523103714 1355
1782931012719 0.4253797233104706 1356
1782931012721 0.3695043921470642 1357
1782931012723 0.16068775951862335 1358
1782931012726 0.6292886137962341 1359
1782931012728 0.3749736249446869 1360
1782931012730 0.36790749430656433 1361
1782931012732 0.43671751022338867 1362
1782931012734 0.4069735109806061 1363
1782931012737 0.5541014671325684 1364
1782931012739 0.26084646582603455 1365
1782931012742 0.4666914641857147 1366
1782931012744 0.3353025019168854 1367
1782931012746 0.2327122539281845 1368
1782931012748 0.37862446904182434 1369
1782931012750 0.38394033908843994 1370
1782931012754 0.25644466280937195 1371
1782931012756 0.29645347595214844 1372
1782931012758 0.24314114451408386 1373
1782931012761 0.2595791816711426 1374
1782931012763 0.3968381881713867 1375
1782931012765 0.2314232736825943 1376
1782931012768 0.2871496081352234 1377
1782931012770 0.19359345734119415 1378
1782931012772 0.1971348375082016 1379
1782931012775 0.3097915053367615 1380
1782931012777 0.20672014355659485 1381
1782931012779 0.2669251561164856 1382
1782931012782 0.26666969060897827 1383
1782931012784 0.2931756377220154 1384
1782931012786 0.2968205213546753 1385
1782931012789 0.2096189558506012 1386
1782931012791 0.4671027958393097 1387
1782931012793 0.35651540756225586 1388
1782931012795 0.3301187753677368 1389
1782931012797 0.2347763180732727 1390
1782931012800 0.2851303517818451 1391
1782931012802 0.4987119734287262 1392
1782931012804 0.5020015835762024 1393
1782931012806 0.2679852843284607 1394
1782931012808 0.2724962532520294 1395
1782931012811 0.6521714329719543 1396
1782931012813 0.14920076727867126 1397
1782931012815 0.7206223607063293 1398
1782931012817 0.27347975969314575 1399
1782931012820 0.16718950867652893 1400
1782931012822 0.27896952629089355 1401
1782931012825 0.33879584074020386 1402
1782931012827 0.5871769189834595 1403
1782931012829 0.16970659792423248 1404
1782931012831 0.3536853492259979 1405
1782931012834 0.5239090919494629 1406
1782931012837 0.33136647939682007 1407
1782931012840 0.2931896150112152 1408
1782931012842 0.18545018136501312 1409
1782931012845 0.1637551188468933 1410
1782931012848 0.324424684047699 1411
1782931012850 0.39531055092811584 1412
1782931012853 0.3745882511138916 1413
1782931012855 0.3742675185203552 1414
1782931012859 0.2443140596151352 1415
1782931012861 0.11301936954259872 1416
1782931012864 0.26002299785614014 1417
1782931012866 0.371425986289978 1418
1782931012869 0.2935751974582672 1419
1782931012872 0.2584037184715271 1420
1782931012874 0.1268817037343979 1421
1782931012877 0.36636248230934143 1422
1782931012879 0.4518147110939026 1423
1782931012881 0.3715497553348541 1424
1782931012884 0.3403308689594269 1425
1782931012886 0.22762708365917206 1426
1782931012889 0.19539949297904968 1427
1782931012891 0.32963913679122925 1428
1782931012894 0.17046105861663818 1429
1782931012896 0.5912131071090698 1430
1782931012898 0.29532453417778015 1431
1782931012900 0.29276466369628906 1432
1782931012902 0.2816926836967468 1433
1782931012905 0.5011760592460632 1434
1782931012907 0.4881696105003357 1435
1782931012910 0.3163725435733795 1436
1782931012912 0.36950308084487915 1437
1782931012915 0.23218174278736115 1438
1782931012917 0.28783494234085083 1439
1782931012919 0.20635829865932465 1440
1782931012921 0.36486974358558655 1441
1782931012923 0.3240363597869873 1442
1782931012926 0.19681106507778168 1443
1782931012929 0.2515481412410736 1444
1782931012931 0.33353686332702637 1445
1782931012933 0.2619253396987915 1446
1782931012936 0.2910314202308655 1447
1782931012938 0.3938692510128021 1448
1782931012940 0.2842278480529785 1449
1782931012942 0.4834309220314026 1450
1782931012946 0.35320451855659485 1451
1782931012948 0.3401179313659668 1452
1782931012950 0.16627857089042664 1453
1782931012953 0.3459956645965576 1454
1782931012956 0.525215208530426 1455
1782931012959 0.3262645900249481 1456
1782931012961 0.33587563037872314 1457
1782931012964 0.34900280833244324 1458
1782931012966 0.43930861353874207 1459
1782931012969 0.3386062979698181 1460
1782931012972 0.31893599033355713 1461
1782931012975 0.6797449588775635 1462
1782931012978 0.279052197933197 1463
1782931012980 0.18147340416908264 1464
1782931012983 0.2188592404127121 1465
1782931012985 0.27088144421577454 1466
1782931012989 0.7253381013870239 1467
1782931012991 0.44048967957496643 1468
1782931012994 0.183635413646698 1469
1782931012997 0.3575092852115631 1470
1782931013000 0.26429617404937744 1471
1782931013002 0.291552871465683 1472
1782931013004 0.6903907060623169 1473
1782931013007 0.6209405660629272 1474
1782931013009 0.42494523525238037 1475
1782931013012 0.2780255079269409 1476
1782931013014 0.4792294204235077 1477
1782931013017 0.25991517305374146 1478
1782931013020 0.3349071145057678 1479
1782931013022 0.35299307107925415 1480
1782931013024 0.31628984212875366 1481
1782931013028 0.18590211868286133 1482
1782931013030 0.17719978094100952 1483
1782931013032 0.4092463254928589 1484
1782931013035 0.28701189160346985 1485
1782931013038 0.20174001157283783 1486
1782931013040 0.42409515380859375 1487
1782931013043 0.33518949151039124 1488
1782931013045 0.25188198685646057 1489
1782931013047 0.41162362694740295 1490
1782931013050 0.162575364112854 1491
1782931013052 0.34420546889305115 1492
1782931013054 0.5734550356864929 1493
1782931013057 0.36967408657073975 1494
1782931013059 0.22672103345394135 1495
1782931013061 0.300687700510025 1496
1782931013064 0.25694671273231506 1497
1782931013066 0.4500093162059784 1498
1782931013068 0.45225512981414795 1499
1782931013070 0.3345937132835388 1500
1782931013073 0.2982834279537201 1501
1782931013075 0.19759038090705872 1502
1782931013077 0.39675232768058777 1503
1782931013080 0.29430949687957764 1504
1782931013082 0.5678784251213074 1505
1782931013085 0.4319295287132263 1506
1782931013087 0.23140715062618256 1507
1782931013089 0.33498117327690125 1508
1782931013092 0.19461102783679962 1509
1782931013094 0.1484673172235489 1510
1782931013096 0.5096822381019592 1511
1782931013099 0.23303616046905518 1512
1782931013101 0.28359806537628174 1513
1782931013103 0.44706976413726807 1514
1782931013106 0.3335743546485901 1515
1782931013108 0.18836477398872375 1516
1782931013110 0.5345159769058228 1517
1782931013112 0.22004982829093933 1518
1782931013115 0.2562767565250397 1519
1782931013117 0.23817816376686096 1520
1782931013120 0.3887730538845062 1521
1782931013122 0.3073963522911072 1522
1782931013125 0.454588383436203 1523
1782931013127 0.3378479778766632 1524
1782931013129 0.15845127403736115 1525
1782931013131 0.2311343103647232 1526
1782931013134 0.4777079224586487 1527
1782931013138 0.35710400342941284 1528
1782931013140 0.1809798926115036 1529
1782931013143 0.2981220483779907 1530
1782931013145 0.20132489502429962 1531
1782931013148 0.35508209466934204 1532
1782931013150 0.15431427955627441 1533
1782931013152 0.14583812654018402 1534
1782931013154 0.5890611410140991 1535
1782931013158 0.12999869883060455 1536
1782931013160 0.2959933876991272 1537
1782931013162 0.43812477588653564 1538
1782931013164 0.4488922655582428 1539
1782931013168 0.29766058921813965 1540
1782931013171 0.1999315619468689 1541
1782931013173 0.3825761079788208 1542
1782931013176 0.33823880553245544 1543
1782931013178 0.254973828792572 1544
1782931013180 0.4624619483947754 1545
1782931013182 0.49659544229507446 1546
1782931013184 0.20078442990779877 1547
1782931013187 0.22828629612922668 1548
1782931013189 0.1309012770652771 1549
1782931013191 0.3322688937187195 1550
1782931013194 0.2549557685852051 1551
1782931013196 0.4846876561641693 1552
1782931013199 0.18372178077697754 1553
1782931013201 0.39420658349990845 1554
1782931013203 0.22552181780338287 1555
1782931013205 0.23659516870975494 1556
1782931013208 0.791140615940094 1557
1782931013210 0.21591100096702576 1558
1782931013212 0.1239825189113617 1559
1782931013214 0.35205090045928955 1560
1782931013217 0.15192069113254547 1561
1782931013219 0.3276941776275635 1562
1782931013222 0.21651014685630798 1563
1782931013225 0.25187015533447266 1564
1782931013227 0.19424130022525787 1565
1782931013229 0.42604079842567444 1566
1782931013232 0.23888374865055084 1567
1782931013234 0.7318148612976074 1568
1782931013237 0.21920844912528992 1569
1782931013239 0.16911663115024567 1570
1782931013242 0.28246334195137024 1571
1782931013244 0.34972333908081055 1572
1782931013246 0.3564959168434143 1573
1782931013249 0.35739630460739136 1574
1782931013251 0.41311946511268616 1575
1782931013254 0.3213927149772644 1576
1782931013256 0.3174423277378082 1577
1782931013258 0.4152247905731201 1578
1782931013260 0.3734149932861328 1579
1782931013263 0.25298869609832764 1580
1782931013265 0.241421639919281 1581
1782931013267 0.3528318703174591 1582
1782931013271 0.3794373571872711 1583
1782931013273 0.13594047725200653 1584
1782931013276 0.35586297512054443 1585
1782931013278 0.1611165702342987 1586
1782931013280 0.3582647442817688 1587
1782931013282 0.17349375784397125 1588
1782931013285 0.15185679495334625 1589
1782931013288 0.17074887454509735 1590
1782931013290 0.14943015575408936 1591
1782931013294 0.2769789695739746 1592
1782931013296 0.4583953619003296 1593
1782931013298 0.20277056097984314 1594
1782931013300 0.2373785376548767 1595
1782931013302 0.2620749771595001 1596
1782931013305 0.3893609344959259 1597
1782931013307 0.21597683429718018 1598
1782931013309 0.1991526037454605 1599
1782931013312 0.3699397146701813 1600
1782931013314 0.22818361222743988 1601
1782931013316 0.3203473687171936 1602
1782931013318 0.3864995837211609 1603
1782931013321 0.33436495065689087 1604
1782931013323 0.20672011375427246 1605
1782931013326 0.2787588834762573 1606
1782931013328 0.2997792661190033 1607
1782931013330 0.3017699122428894 1608
1782931013333 0.26534342765808105 1609
1782931013335 0.27796515822410583 1610
1782931013337 0.19233176112174988 1611
1782931013340 0.23174524307250977 1612
1782931013342 0.2775939106941223 1613
1782931013344 0.16786979138851166 1614
1782931013346 0.38033565878868103 1615
1782931013348 0.4283120334148407 1616
1782931013351 0.4980260133743286 1617
1782931013354 0.22870385646820068 1618
1782931013356 0.35679978132247925 1619
1782931013358 0.3638019859790802 1620
1782931013360 0.40341269969940186 1621
1782931013363 0.22558841109275818 1622
1782931013365 0.23436498641967773 1623
1782931013367 0.46827268600463867 1624
1782931013371 0.343563437461853 1625
1782931013373 0.30526402592658997 1626
1782931013376 0.26117661595344543 1627
1782931013378 0.2413458377122879 1628
1782931013380 0.311698317527771 1629
1782931013382 0.6055115461349487 1630
1782931013384 0.34294772148132324 1631
1782931013388 0.48644596338272095 1632
1782931013391 0.428767591714859 1633
1782931013394 0.32365041971206665 1634
1782931013396 0.48129013180732727 1635
1782931013400 0.19523955881595612 1636
1782931013404 0.2874535620212555 1637
1782931013406 0.40498074889183044 1638
1782931013409 0.21478617191314697 1639
1782931013411 0.1853206902742386 1640
1782931013413 0.19818444550037384 1641
1782931013416 0.3497331142425537 1642
1782931013418 0.21962113678455353 1643
1782931013421 0.49003124237060547 1644
1782931013423 0.3748476207256317 1645
1782931013425 0.4074203372001648 1646
1782931013428 0.2440950572490692 1647
1782931013430 0.2132917046546936 1648
1782931013432 0.3048882484436035 1649
1782931013435 0.33300337195396423 1650
1782931013437 0.2357362061738968 1651
1782931013439 0.5764814019203186 1652
1782931013442 0.3838503062725067 1653
1782931013444 0.2554665505886078 1654
1782931013446 0.2583416700363159 1655
1782931013448 0.4030255973339081 1656
1782931013450 0.20784682035446167 1657
1782931013453 0.453946590423584 1658
1782931013455 0.25824135541915894 1659
1782931013457 0.5369589924812317 1660
1782931013459 0.6019518971443176 1661
1782931013463 0.3607140779495239 1662
1782931013465 0.1605151891708374 1663
1782931013468 0.17589634656906128 1664
1782931013470 0.2826492488384247 1665
1782931013472 0.30902060866355896 1666
1782931013475 0.5626025199890137 1667
1782931013477 0.3716471195220947 1668
1782931013479 0.6007279753684998 1669
1782931013482 0.2810235917568207 1670
1782931013484 0.418842077255249 1671
1782931013487 0.44908633828163147 1672
1782931013490 0.2721904516220093 1673
1782931013492 0.2560708224773407 1674
1782931013494 0.30051541328430176 1675
1782931013496 0.3177749514579773 1676
1782931013499 0.4310986399650574 1677
1782931013501 0.27571603655815125 1678
1782931013503 0.3935983180999756 1679
1782931013505 0.3916594982147217 1680
1782931013508 0.2423446625471115 1681
1782931013510 0.4523680508136749 1682
1782931013512 0.36064642667770386 1683
1782931013514 0.4820951819419861 1684
1782931013518 0.3823419213294983 1685
1782931013521 0.15170517563819885 1686
1782931013523 0.323670893907547 1687
1782931013525 0.318538635969162 1688
1782931013527 0.2501942217350006 1689
1782931013530 0.35896262526512146 1690
1782931013532 0.23886670172214508 1691
1782931013534 0.22421114146709442 1692
1782931013537 0.18554387986660004 1693
1782931013539 0.41819828748703003 1694
1782931013541 0.35817408561706543 1695
1782931013544 0.1739441305398941 1696
1782931013546 0.40700027346611023 1697
1782931013548 0.3110935091972351 1698
1782931013550 0.2745908200740814 1699
1782931013553 0.351331502199173 1700
1782931013555 0.20901086926460266 1701
1782931013558 0.299414724111557 1702
1782931013560 0.3154497742652893 1703
1782931013562 0.4691581726074219 1704
1782931013566 0.2195519059896469 1705
1782931013568 0.36842918395996094 1706
1782931013571 0.29858678579330444 1707
1782931013573 0.16444991528987885 1708
1782931013575 0.31188347935676575 1709
1782931013578 0.31638213992118835 1710
1782931013580 0.31784194707870483 1711
1782931013582 0.6044864058494568 1712
1782931013584 0.1777784675359726 1713
1782931013587 0.18300433456897736 1714
1782931013589 0.4881604015827179 1715
1782931013591 0.37899377942085266 1716
1782931013594 0.25144726037979126 1717
1782931013596 0.5737134218215942 1718
1782931013598 0.40804633498191833 1719
1782931013601 0.26183655858039856 1720
1782931013603 0.3257942199707031 1721
1782931013606 0.3292480409145355 1722
1782931013608 0.345637708902359 1723
1782931013610 0.24742570519447327 1724
1782931013612 0.3030346930027008 1725
1782931013614 0.4607295095920563 1726
1782931013616 0.3542945086956024 1727
1782931013619 0.2710161507129669 1728
1782931013621 0.23260249197483063 1729
1782931013623 0.38116851449012756 1730
1782931013626 0.4357545077800751 1731
1782931013628 0.33761417865753174 1732
1782931013630 0.21056531369686127 1733
1782931013632 0.28796645998954773 1734
1782931013634 0.34112250804901123 1735
1782931013637 0.39904171228408813 1736
1782931013640 0.26168593764305115 1737
1782931013642 0.3954428434371948 1738
1782931013644 0.13918890058994293 1739
1782931013646 0.44067472219467163 1740
1782931013649 0.46152955293655396 1741
1782931013651 0.3224714696407318 1742
1782931013654 0.30508384108543396 1743
1782931013657 0.1356738954782486 1744
1782931013659 0.3173920512199402 1745
1782931013661 0.2673744559288025 1746
1782931013663 0.22023732960224152 1747
1782931013666 0.3317643702030182 1748
1782931013668 0.39549270272254944 1749
1782931013671 0.31023186445236206 1750
1782931013673 0.30394700169563293 1751
1782931013676 0.3827669620513916 1752
1782931013678 0.5507627129554749 1753
1782931013681 0.27146318554878235 1754
1782931013683 0.2990650534629822 1755
1782931013686 0.3651503920555115 1756
1782931013688 0.22653400897979736 1757
1782931013690 0.20465168356895447 1758
1782931013692 0.35249438881874084 1759
1782931013694 0.33255326747894287 1760
1782931013697 0.39195430278778076 1761
1782931013699 0.438353955745697 1762
1782931013701 0.36277109384536743 1763
1782931013703 0.19287316501140594 1764
1782931013706 0.250108927488327 1765
1782931013708 0.2490418702363968 1766
1782931013710 0.4609375298023224 1767
1782931013713 0.17458489537239075 1768
1782931013715 0.12722797691822052 1769
1782931013717 0.28905901312828064 1770
1782931013719 0.27397674322128296 1771
1782931013721 0.2173130363225937 1772
1782931013724 0.46272581815719604 1773
1782931013726 0.43505239486694336 1774
1782931013728 0.18103858828544617 1775
1782931013731 0.27880316972732544 1776
1782931013733 0.3028073310852051 1777
1782931013735 0.17051559686660767 1778
1782931013738 0.3038010001182556 1779
1782931013740 0.2732495963573456 1780
1782931013742 0.24264587461948395 1781
1782931013744 0.2580106854438782 1782
1782931013747 0.20092637836933136 1783
1782931013749 0.4018860459327698 1784
1782931013752 0.4224556088447571 1785
1782931013754 0.17031875252723694 1786
1782931013756 0.3324337601661682 1787
1782931013760 0.23697729408740997 1788
1782931013762 0.26847490668296814 1789
1782931013764 0.41328197717666626 1790
1782931013767 0.4262043833732605 1791
1782931013769 0.24523909389972687 1792
1782931013771 0.25640803575515747 1793
1782931013773 0.2629830837249756 1794
1782931013776 0.36185747385025024 1795
1782931013778 0.4523771107196808 1796
1782931013780 0.15864339470863342 1797
1782931013784 0.3353053629398346 1798
1782931013786 0.27751174569129944 1799
1782931013789 0.5448057651519775 1800
1782931013791 0.25096744298934937 1801
1782931013794 0.29293155670166016 1802
1782931013796 0.3061256408691406 1803
1782931013799 0.4510943293571472 1804
1782931013802 0.2681572735309601 1805
1782931013805 0.30615267157554626 1806
1782931013809 0.1135278046131134 1807
1782931013811 0.27024734020233154 1808
1782931013814 0.27479276061058044 1809
1782931013816 0.431967556476593 1810
1782931013818 0.22210007905960083 1811
1782931013820 0.29965490102767944 1812
1782931013823 0.27675750851631165 1813
1782931013825 0.34364357590675354 1814
1782931013827 0.20079417526721954 1815
1782931013830 0.2680681347846985 1816
1782931013832 0.46934622526168823 1817
1782931013834 0.3373062014579773 1818
1782931013837 0.20143796503543854 1819
1782931013856 0.27179935574531555 1820
1782931013861 0.36430761218070984 1821
1782931013865 0.3471137583255768 1822
1782931013869 0.34884825348854065 1823
1782931013872 0.26567840576171875 1824
1782931013875 0.08589690923690796 1825
1782931013878 0.18984505534172058 1826
1782931013880 0.4661044776439667 1827
1782931013882 0.455116868019104 1828
1782931013884 0.2406539022922516 1829
1782931013886 0.29033970832824707 1830
1782931013891 0.30637696385383606 1831
1782931013894 0.31469765305519104 1832
1782931013897 0.23048029839992523 1833
1782931013900 0.30252090096473694 1834
1782931013904 0.47227364778518677 1835
1782931013906 0.20557567477226257 1836
1782931013909 0.5045515298843384 1837
1782931013912 0.31907010078430176 1838
1782931013914 0.26037782430648804 1839
1782931013917 0.3061021566390991 1840
1782931013919 0.1510641872882843 1841
1782931013922 0.19982606172561646 1842
1782931013924 0.3517480492591858 1843
1782931013926 0.5073991417884827 1844
1782931013929 0.7568848133087158 1845
1782931013931 0.44146406650543213 1846
1782931013933 0.5963073372840881 1847
1782931013937 0.15665625035762787 1848
1782931013939 0.2783558964729309 1849
1782931013942 0.2511236369609833 1850
1782931013944 0.6257559657096863 1851
1782931013947 0.23101714253425598 1852
1782931013949 0.37359264492988586 1853
1782931013952 0.2056107372045517 1854
1782931013954 0.6148281693458557 1855
1782931013957 0.5288906097412109 1856
1782931013959 0.3353557586669922 1857
1782931013961 0.2875393331050873 1858
1782931013964 0.2213701456785202 1859
1782931013966 0.2230122834444046 1860
1782931013969 0.2810125946998596 1861
1782931013971 0.363272488117218 1862
1782931013973 0.2641560733318329 1863
1782931013976 0.2705395221710205 1864
1782931013978 0.2619180977344513 1865
1782931013980 0.3401864171028137 1866
1782931013982 0.31389665603637695 1867
1782931013984 0.2594588100910187 1868
1782931013986 0.47634902596473694 1869
1782931013989 0.4212857782840729 1870
1782931013991 0.3350963294506073 1871
1782931013994 0.41075053811073303 1872
1782931013996 0.2265191674232483 1873
1782931014136 0.2222885638475418 1874
1782931014138 0.35306864976882935 1875
1782931014141 0.2739552855491638 1876
1782931014143 0.37467870116233826 1877
1782931014145 0.4451671838760376 1878
1782931014147 0.17671731114387512 1879
1782931014149 0.2843966484069824 1880
1782931014152 0.43764999508857727 1881
1782931014154 0.3229938745498657 1882
1782931014156 0.2447209656238556 1883
1782931014160 0.2342258095741272 1884
1782931014162 0.2827070653438568 1885
1782931014164 0.2089385688304901 1886
1782931014167 0.12337801605463028 1887
1782931014170 0.28482961654663086 1888
1782931014173 0.10050327330827713 1889
1782931014175 0.44130608439445496 1890
1782931014179 0.20633552968502045 1891
1782931014181 0.36232617497444153 1892
1782931014183 0.1654064804315567 1893
1782931014186 0.29252132773399353 1894
1782931014188 0.3202124238014221 1895
1782931014190 0.25501060485839844 1896
1782931014193 0.383514404296875 1897
1782931014195 0.4141368269920349 1898
1782931014197 0.2775971293449402 1899
1782931014199 0.3730054497718811 1900
1782931014202 0.27187758684158325 1901
1782931014204 0.23025290668010712 1902
1782931014206 0.49174776673316956 1903
1782931014209 0.3341541290283203 1904
1782931014211 0.24212627112865448 1905
1782931014213 0.27920955419540405 1906
1782931014216 0.17479459941387177 1907
1782931014218 0.26102128624916077 1908
1782931014220 0.2879040241241455 1909
1782931014223 0.20437631011009216 1910
1782931014225 0.13804343342781067 1911
1782931014228 0.13802208006381989 1912
1782931014230 0.13284486532211304 1913
1782931014232 0.2838728725910187 1914
1782931014234 0.3526061475276947 1915
1782931014238 0.23842114210128784 1916
1782931014240 0.4046211540699005 1917
1782931014242 0.18111445009708405 1918
1782931014245 0.15889842808246613 1919
1782931014247 0.23582443594932556 1920
1782931014249 0.18318745493888855 1921
1782931014251 0.5524568557739258 1922
1782931014256 0.4148368835449219 1923
1782931014258 0.41372090578079224 1924
1782931014260 0.44059666991233826 1925
1782931014262 0.336995929479599 1926
1782931014265 0.4926002025604248 1927
1782931014267 0.22388862073421478 1928
1782931014270 0.19184258580207825 1929
1782931014273 0.29190364480018616 1930
1782931014275 0.1435312181711197 1931
1782931014277 0.4003508687019348 1932
1782931014280 0.36644870042800903 1933
1782931014282 0.42641106247901917 1934
1782931014284 0.38013848662376404 1935
1782931014287 0.5343450307846069 1936
1782931014289 0.3729097843170166 1937
1782931014291 0.24898052215576172 1938
1782931014293 0.3143026828765869 1939
1782931014295 0.5175028443336487 1940
1782931014297 0.2766437530517578 1941
1782931014300 0.200067400932312 1942
1782931014302 0.313903272151947 1943
1782931014304 0.48835915327072144 1944
1782931014307 0.36160019040107727 1945
1782931014309 0.19802206754684448 1946
1782931014311 0.1895037740468979 1947
1782931014314 0.25225281715393066 1948
1782931014317 0.4135267436504364 1949
1782931014319 0.2651638984680176 1950
1782931014322 0.47050321102142334 1951
1782931014325 0.34033408761024475 1952
1782931014328 0.29758673906326294 1953
1782931014332 0.48390910029411316 1954
1782931014337 0.2397722452878952 1955
1782931014339 0.27711835503578186 1956
1782931014342 0.4968300759792328 1957
1782931014346 0.4181975722312927 1958
1782931014348 0.3292343318462372 1959
1782931014353 0.1928916573524475 1960
1782931014356 0.18540480732917786 1961
1782931014358 0.24264176189899445 1962
1782931014361 0.31340137124061584 1963
1782931014364 0.4330952763557434 1964
1782931014367 0.2063639760017395 1965
1782931014369 0.31183624267578125 1966
1782931014372 0.15908285975456238 1967
1782931014374 0.39278751611709595 1968
1782931014377 0.3136289119720459 1969
1782931014379 0.16581661999225616 1970
1782931014383 0.18867629766464233 1971
1782931014385 0.11350812762975693 1972
1782931014388 0.4579744040966034 1973
1782931014391 0.3318619132041931 1974
1782931014394 0.37352511286735535 1975
1782931014397 0.17677339911460876 1976
1782931014399 0.4343167543411255 1977
1782931014401 0.20361752808094025 1978
1782931014404 0.2564900517463684 1979
1782931014406 0.47291436791419983 1980
1782931014409 0.30669212341308594 1981
1782931014412 0.18742825090885162 1982
1782931014414 0.4903264343738556 1983
1782931014416 0.26965397596359253 1984
1782931014419 0.41120654344558716 1985
1782931014421 0.10886014252901077 1986
1782931014424 0.3017151951789856 1987
1782931014426 0.30010703206062317 1988
1782931014429 0.3053218424320221 1989
1782931014432 0.32891637086868286 1990
1782931014435 0.21662253141403198 1991
1782931014438 0.4326401650905609 1992
1782931014440 0.2865073084831238 1993
1782931014443 0.33065134286880493 1994
1782931014445 0.20903334021568298 1995
1782931014447 0.2749035656452179 1996
1782931014450 0.3539494574069977 1997
1782931014453 0.34848538041114807 1998
1782931014456 0.248652383685112 1999
1782931014461 0.17400608956813812 2000
1782931014482 0.27024465799331665 2001
1782931014484 0.2615092396736145 2002
1782931014488 0.39643463492393494 2003
1782931014490 0.49903273582458496 2004
1782931014492 0.34536582231521606 2005
1782931014495 0.345366895198822 2006
1782931014499 0.4417572319507599 2007
1782931014502 0.322493314743042 2008
1782931014504 0.18068917095661163 2009
1782931014507 0.20041388273239136 2010
1782931014510 0.23387649655342102 2011
1782931014512 0.33190977573394775 2012
1782931014515 0.5067083835601807 2013
1782931014517 0.4434775710105896 2014
1782931014520 0.48703721165657043 2015
1782931014524 0.3347013294696808 2016
1782931014526 0.2957906723022461 2017
1782931014529 0.37914156913757324 2018
1782931014531 0.4710131585597992 2019
1782931014534 0.25914695858955383 2020
1782931014537 0.2903743386268616 2021
1782931014539 0.3830374777317047 2022
1782931014542 0.19968701899051666 2023
1782931014544 0.1458316445350647 2024
1782931014547 0.4165673851966858 2025
1782931014549 0.19745513796806335 2026
1782931014552 0.39640676975250244 2027
1782931014554 0.38428473472595215 2028
1782931014557 0.3368532359600067 2029
1782931014560 0.3298059105873108 2030
1782931014562 0.25763386487960815 2031
1782931014565 0.33477887511253357 2032
1782931014568 0.31956297159194946 2033
1782931014571 0.22116908431053162 2034
1782931014573 0.235695943236351 2035
1782931014576 0.1920156627893448 2036
1782931014578 0.25430163741111755 2037
1782931014581 0.3542393445968628 2038
1782931014584 0.4704137146472931 2039
1782931014587 0.24300755560398102 2040
1782931014589 0.1640728861093521 2041
1782931014592 0.30944642424583435 2042
1782931014594 0.44219306111335754 2043
1782931014597 0.4440072476863861 2044
1782931014600 0.23161309957504272 2045
1782931014605 0.27292072772979736 2046
1782931014607 0.27064603567123413 2047
1782931014610 0.1947668194770813 2048
1782931014612 0.31283584237098694 2049
1782931014615 0.24811460077762604 2050
1782931014618 0.5651333332061768 2051
1782931014621 0.5083014965057373 2052
1782931014623 0.43811720609664917 2053
1782931014626 0.3012267053127289 2054
1782931014628 0.28513631224632263 2055
1782931014631 0.7146344780921936 2056
1782931014634 0.29161524772644043 2057
1782931014637 0.38951587677001953 2058
1782931014639 0.3543751537799835 2059
1782931014642 0.21932217478752136 2060
1782931014644 0.4360066056251526 2061
1782931014647 0.6181854605674744 2062
1782931014650 0.45019835233688354 2063
1782931014653 0.3481788635253906 2064
1782931014656 0.31819087266921997 2065
1782931014659 0.22152172029018402 2066
1782931014661 0.3664112091064453 2067
1782931014663 0.37858203053474426 2068
1782931014667 0.26435503363609314 2069
1782931014670 0.16612878441810608 2070
1782931014673 0.2815752923488617 2071
1782931014676 0.3101342022418976 2072
1782931014679 0.3806529939174652 2073
1782931014682 0.40537139773368835 2074
1782931014686 0.28299465775489807 2075
1782931014691 0.278352290391922 2076
1782931014693 0.39402449131011963 2077
1782931014696 0.498645544052124 2078
1782931014699 0.3481954336166382 2079
1782931014701 0.3015517592430115 2080
1782931014704 0.33047086000442505 2081
1782931014706 0.1016339585185051 2082
1782931014709 0.14011844992637634 2083
1782931014711 0.3299356698989868 2084
1782931014713 0.3164456784725189 2085
1782931014716 0.22037126123905182 2086
1782931014718 0.24272121489048004 2087
1782931014721 0.461904913187027 2088
1782931014723 0.37890857458114624 2089
1782931014725 0.32255062460899353 2090
1782931014728 0.6037755012512207 2091
1782931014730 0.3585642874240875 2092
1782931014733 0.3777049779891968 2093
1782931014735 0.5708727240562439 2094
1782931014738 0.18558382987976074 2095
1782931014742 0.23808446526527405 2096
1782931014745 0.4830522835254669 2097
1782931014747 0.23679053783416748 2098
1782931014749 0.40192505717277527 2099
1782931014752 0.2992057204246521 2100
1782931014754 0.29882389307022095 2101
1782931014757 0.3423319458961487 2102
1782931014759 0.1941056102514267 2103
1782931014762 0.35081747174263 2104
1782931014764 0.40397948026657104 2105
1782931014767 0.31781405210494995 2106
1782931014769 0.2930276393890381 2107
1782931014772 0.2570236623287201 2108
1782931014775 0.596121609210968 2109
1782931014778 0.13722287118434906 2110
1782931014780 0.29170507192611694 2111
1782931014783 0.24729463458061218 2112
1782931014787 0.5005320906639099 2113
1782931014789 0.3260687589645386 2114
1782931014792 0.279153048992157 2115
1782931014795 0.34917059540748596 2116
1782931014798 0.20856426656246185 2117
1782931014801 0.3636356592178345 2118
1782931014804 0.49704962968826294 2119
1782931014808 0.42364218831062317 2120
1782931014811 0.28359636664390564 2121
1782931014814 0.5089021325111389 2122
1782931014817 0.3996334373950958 2123
1782931014819 0.31932029128074646 2124
1782931014822 0.2416815608739853 2125
1782931014825 0.25634920597076416 2126
1782931014828 0.2288486510515213 2127
1782931014831 0.14810426533222198 2128
1782931014835 0.28926578164100647 2129
1782931014838 0.2722383141517639 2130
1782931014841 0.3300993740558624 2131
1782931014847 0.27165308594703674 2132
1782931014850 0.45933568477630615 2133
1782931014853 0.2898285686969757 2134
1782931014856 0.2128404825925827 2135
1782931014859 0.2872931957244873 2136
1782931014862 0.4921337962150574 2137
1782931014865 0.48209017515182495 2138
1782931014867 0.150197833776474 2139
1782931014870 0.3441139757633209 2140
1782931014873 0.20900452136993408 2141
1782931014877 0.2952550947666168 2142
1782931014880 0.47103646397590637 2143
1782931014883 0.3143405616283417 2144
1782931014885 0.32928362488746643 2145
1782931014888 0.42460229992866516 2146
1782931014892 0.45339807868003845 2147
1782931014895 0.22515814006328583 2148
1782931014897 0.30972740054130554 2149
1782931014901 0.3316118121147156 2150
1782931014904 0.22896762192249298 2151
1782931014907 0.3939521908760071 2152
1782931014909 0.1739056408405304 2153
1782931014912 0.3343394994735718 2154
1782931014915 0.27799665927886963 2155
1782931014920 0.28949782252311707 2156
1782931014923 0.268276572227478 2157
1782931014926 0.31176429986953735 2158
1782931014929 0.3879886865615845 2159
1782931014933 0.3903442919254303 2160
1782931014935 0.4983239471912384 2161
1782931014938 0.31622669100761414 2162
1782931014941 0.35505056381225586 2163
1782931014945 0.391456663608551 2164
1782931014949 0.3501475751399994 2165
1782931014952 0.2873478829860687 2166
1782931014957 0.42695796489715576 2167
1782931014959 0.27678805589675903 2168
1782931014963 0.37026557326316833 2169
1782931014966 0.4477851092815399 2170
1782931014969 0.28156206011772156 2171
1782931014972 0.331082284450531 2172
1782931014975 0.3032737076282501 2173
1782931014979 0.3989807069301605 2174
1782931014981 0.4080919027328491 2175
1782931014985 0.33497434854507446 2176
1782931014989 0.3119889497756958 2177
1782931014992 0.38502004742622375 2178
1782931014995 0.45138710737228394 2179
1782931014999 0.28912118077278137 2180
1782931015002 0.3628958463668823 2181
1782931015006 0.36964717507362366 2182
1782931015010 0.524704098701477 2183
1782931015014 0.33842653036117554 2184
1782931015017 0.18460330367088318 2185
1782931015021 0.5573071837425232 2186
1782931015025 0.13036958873271942 2187
1782931015028 0.19773969054222107 2188
1782931015031 0.2863015830516815 2189
1782931015034 0.2795690596103668 2190
1782931015038 0.18655578792095184 2191
1782931015041 0.16930775344371796 2192
1782931015044 0.173129141330719 2193
1782931015046 0.2141035795211792 2194
1782931015049 0.34210532903671265 2195
1782931015052 0.3485431969165802 2196
1782931015056 0.3038407266139984 2197
1782931015058 0.3754385709762573 2198
1782931015062 0.16236717998981476 2199
1782931015066 0.41460463404655457 2200
1782931015069 0.45777004957199097 2201
1782931015072 0.2337726503610611 2202
1782931015075 0.3541412949562073 2203
1782931015078 0.3066672682762146 2204
1782931015080 0.18055260181427002 2205
1782931015083 0.3046615421772003 2206
1782931015085 0.1510312706232071 2207
1782931015088 0.37732985615730286 2208
1782931015090 0.19220533967018127 2209
1782931015092 0.2912519574165344 2210
1782931015096 0.28865793347358704 2211
1782931015099 0.443453311920166 2212
1782931015103 0.21627303957939148 2213
1782931015106 0.17612674832344055 2214
1782931015109 0.16701415181159973 2215
1782931015112 0.14176508784294128 2216
1782931015114 0.2165144979953766 2217
1782931015118 0.39025673270225525 2218
1782931015121 0.4993170499801636 2219
1782931015123 0.22677330672740936 2220
1782931015125 0.177358016371727 2221
1782931015128 0.48993775248527527 2222
1782931015130 0.17705129086971283 2223
1782931015132 0.3015340268611908 2224
1782931015135 0.3153042197227478 2225
1782931015137 0.321902871131897 2226
1782931015141 0.29503333568573 2227
1782931015143 0.20379120111465454 2228
1782931015146 0.2309790998697281 2229
1782931015148 0.2510608732700348 2230
1782931015151 0.5560474395751953 2231
1782931015154 0.4445922374725342 2232
1782931015157 0.35665658116340637 2233
1782931015159 0.22369085252285004 2234
1782931015161 0.2744891345500946 2235
1782931015164 0.151144877076149 2236
1782931015166 0.18440265953540802 2237
1782931015169 0.25621652603149414 2238
1782931015171 0.35542821884155273 2239
1782931015174 0.31064093112945557 2240
1782931015177 0.23194727301597595 2241
1782931015179 0.28292620182037354 2242
1782931015181 0.24505122005939484 2243
1782931015184 0.13714219629764557 2244
1782931015186 0.19414721429347992 2245
1782931015189 0.2467115819454193 2246
1782931015191 0.2575247883796692 2247
1782931015194 0.4220094680786133 2248
1782931015197 0.37751078605651855 2249
1782931015200 0.5497467517852783 2250
1782931015204 0.2917126715183258 2251
1782931015206 0.43260788917541504 2252
1782931015209 0.15630093216896057 2253
1782931015211 0.23902593553066254 2254
1782931015214 0.3416616916656494 2255
1782931015217 0.30869829654693604 2256
1782931015220 0.18326565623283386 2257
1782931015224 0.23088493943214417 2258
1782931015226 0.14283666014671326 2259
1782931015228 0.5007180571556091 2260
1782931015231 0.22827664017677307 2261
1782931015234 0.21360641717910767 2262
1782931015236 0.3158295750617981 2263
1782931015240 0.192740336060524 2264
1782931015242 0.15893755853176117 2265
1782931015245 0.29726725816726685 2266
1782931015247 0.30534520745277405 2267
1782931015251 0.45103564858436584 2268
1782931015253 0.24948443472385406 2269
1782931015256 0.21715815365314484 2270
1782931015259 0.4648594856262207 2271
1782931015261 0.4144408404827118 2272
1782931015265 0.4251660704612732 2273
1782931015267 0.3574446439743042 2274
1782931015270 0.2540322542190552 2275
1782931015272 0.2177146077156067 2276
1782931015275 0.21885427832603455 2277
1782931015277 0.26000943779945374 2278
1782931015279 0.24043035507202148 2279
1782931015282 0.2816005349159241 2280
1782931015284 0.38003671169281006 2281
1782931015287 0.3123529553413391 2282
1782931015289 0.45789632201194763 2283
1782931015291 0.4290144741535187 2284
1782931015294 0.23019665479660034 2285
1782931015296 0.3814884424209595 2286
1782931015298 0.25566884875297546 2287
1782931015301 0.2334742397069931 2288
1782931015303 0.4918268322944641 2289
1782931015305 0.20764495432376862 2290
1782931015308 0.2979845106601715 2291
1782931015310 0.11328597366809845 2292
1782931015313 0.30664876103401184 2293
1782931015315 0.310862272977829 2294
1782931015317 0.3148290514945984 2295
1782931015320 0.23926763236522675 2296
1782931015323 0.17570608854293823 2297
1782931015325 0.4729354977607727 2298
1782931015328 0.11418844759464264 2299
1782931015330 0.34462764859199524 2300
1782931015333 0.2514008581638336 2301
1782931015336 0.14516706764698029 2302
1782931015339 0.2733097970485687 2303
1782931015341 0.4120064973831177 2304
1782931015344 0.3140278458595276 2305
1782931015347 0.275665283203125 2306
1782931015350 0.19517873227596283 2307
1782931015353 0.3635382056236267 2308
1782931015356 0.3019196689128876 2309
1782931015358 0.15600688755512238 2310
1782931015361 0.6348140239715576 2311
1782931015363 0.11262505501508713 2312
1782931015368 0.4851921796798706 2313
1782931015370 0.44830355048179626 2314
1782931015373 0.35842347145080566 2315
1782931015375 0.2661430537700653 2316
1782931015378 0.5777587294578552 2317
1782931015380 0.6568377614021301 2318
1782931015382 0.3374934494495392 2319
1782931015385 0.6061820983886719 2320
1782931015387 0.27645453810691833 2321
1782931015390 0.36726829409599304 2322
1782931015392 0.2534101903438568 2323
1782931015394 0.363271564245224 2324
1782931015397 0.24865230917930603 2325
1782931015399 0.40991392731666565 2326
1782931015401 0.2878991663455963 2327
1782931015403 0.3130016624927521 2328
1782931015406 0.2844473421573639 2329
1782931015408 0.45633283257484436 2330
1782931015410 0.5267814993858337 2331
1782931015412 0.2510630786418915 2332
1782931015415 0.25518882274627686 2333
1782931015417 0.32843583822250366 2334
1782931015420 0.16365814208984375 2335
1782931015422 0.13297176361083984 2336
1782931015424 0.415702223777771 2337
1782931015427 0.3487907946109772 2338
1782931015429 0.20367087423801422 2339
1782931015432 0.15753431618213654 2340
1782931015434 0.17520585656166077 2341
1782931015437 0.34629738330841064 2342
1782931015439 0.30561238527297974 2343
1782931015441 0.3228254020214081 2344
1782931015444 0.21190841495990753 2345
1782931015446 0.38481125235557556 2346
1782931015448 0.26969456672668457 2347
1782931015450 0.26102524995803833 2348
1782931015453 0.17471759021282196 2349
1782931015455 0.33926504850387573 2350
1782931015457 0.31093525886535645 2351
1782931015460 0.38827940821647644 2352
1782931015462 0.11322397738695145 2353
1782931015464 0.1451706886291504 2354
1782931015467 0.22785070538520813 2355
1782931015469 0.26586055755615234 2356
1782931015472 0.19340120255947113 2357
1782931015474 0.2057463824748993 2358
1782931015476 0.4451977610588074 2359
1782931015478 0.11238116770982742 2360
1782931015481 0.3375767171382904 2361
1782931015483 0.8855495452880859 2362
1782931015486 0.15311993658542633 2363
1782931015489 0.27998119592666626 2364
1782931015491 0.3579748570919037 2365
1782931015493 0.20306915044784546 2366
1782931015496 0.4184781312942505 2367
1782931015498 0.1817779242992401 2368
1782931015501 0.19557178020477295 2369
1782931015503 0.2536022961139679 2370
1782931015505 0.4630495309829712 2371
1782931015508 0.3196691870689392 2372
1782931015510 0.40977779030799866 2373
1782931015512 0.21650391817092896 2374
1782931015514 0.43589404225349426 2375
1782931015517 0.39665019512176514 2376
1782931015519 0.20886364579200745 2377
1782931015522 0.26487696170806885 2378
1782931015524 0.4059184491634369 2379
1782931015527 0.27422693371772766 2380
1782931015530 0.19049043953418732 2381
1782931015532 0.3121911883354187 2382
1782931015534 0.31944704055786133 2383
1782931015537 0.26113730669021606 2384
1782931015540 0.42139139771461487 2385
1782931015542 0.27912235260009766 2386
1782931015544 0.27909088134765625 2387
1782931015547 0.25513842701911926 2388
1782931015549 0.24991554021835327 2389
1782931015551 0.363832026720047 2390
1782931015553 0.19202156364917755 2391
1782931015557 0.5411142110824585 2392
1782931015559 0.33725911378860474 2393
1782931015561 0.4580737352371216 2394
1782931015564 0.3807245194911957 2395
1782931015566 0.24180364608764648 2396
1782931015569 0.2237567901611328 2397
1782931015572 0.3742207884788513 2398
1782931015574 0.1981903314590454 2399
1782931015576 0.4145439565181732 2400
1782931015579 0.2092665582895279 2401
1782931015581 0.29432982206344604 2402
1782931015583 0.28982099890708923 2403
1782931015588 0.5311117768287659 2404
1782931015590 0.19008731842041016 2405
1782931015594 0.13562193512916565 2406
1782931015596 0.2642909586429596 2407
1782931015598 0.14633247256278992 2408
1782931015601 0.3218189477920532 2409
1782931015603 0.2220088243484497 2410
1782931015605 0.3862297832965851 2411
1782931015608 0.1290029138326645 2412
1782931015610 0.22255545854568481 2413
1782931015612 0.2714526057243347 2414
1782931015615 0.10027192533016205 2415
1782931015617 0.4122098684310913 2416
1782931015619 0.3996082842350006 2417
1782931015622 0.3699902892112732 2418
1782931015624 0.365414023399353 2419
1782931015626 0.2976530194282532 2420
1782931015629 0.3284953534603119 2421
1782931015631 0.33547264337539673 2422
1782931015634 0.3223879039287567 2423
1782931015637 0.28414228558540344 2424
1782931015639 0.35784193873405457 2425
1782931015641 0.2888749837875366 2426
1782931015644 0.18834543228149414 2427
1782931015648 0.41814303398132324 2428
1782931015650 0.17340826988220215 2429
1782931015653 0.42475324869155884 2430
1782931015656 0.15867507457733154 2431
1782931015658 0.15846671164035797 2432
1782931015661 0.31644153594970703 2433
1782931015663 0.4833154082298279 2434
1782931015665 0.4066978394985199 2435
1782931015668 0.3843422830104828 2436
1782931015670 0.29900461435317993 2437
1782931015673 0.21306034922599792 2438
1782931015676 0.20015953481197357 2439
1782931015678 0.3148232102394104 2440
1782931015680 0.297635018825531 2441
1782931015682 0.18972156941890717 2442
1782931015685 0.24790452420711517 2443
1782931015687 0.3997197449207306 2444
1782931015689 0.44851401448249817 2445
1782931015691 0.487296998500824 2446
1782931015694 0.1971900910139084 2447
1782931015696 0.1330314725637436 2448
1782931015698 0.3574373722076416 2449
1782931015700 0.3631083071231842 2450
1782931015703 0.19284550845623016 2451
1782931015705 0.26797664165496826 2452
1782931015707 0.46655118465423584 2453
1782931015710 0.14105430245399475 2454
1782931015712 0.2434035688638687 2455
1782931015714 0.2056369185447693 2456
1782931015716 0.11165709048509598 2457
1782931015719 0.35387495160102844 2458
1782931015721 0.31676846742630005 2459
1782931015724 0.17594793438911438 2460
1782931015726 0.2116185575723648 2461
1782931015728 0.3519851267337799 2462
1782931015731 0.34524476528167725 2463
1782931015733 0.39352190494537354 2464
1782931015735 0.18821720778942108 2465
1782931015738 0.19096140563488007 2466
1782931015740 0.3394477963447571 2467
1782931015743 0.16457855701446533 2468
1782931015745 0.3049001693725586 2469
1782931015747 0.1983206421136856 2470
1782931015750 0.35496219992637634 2471
1782931015753 0.5483911037445068 2472
1782931015756 0.46417346596717834 2473
1782931015759 0.17737960815429688 2474
1782931015761 0.19224372506141663 2475
1782931015764 0.2364932745695114 2476
1782931015766 0.3804137706756592 2477
1782931015769 0.450930118560791 2478
1782931015772 0.2773968577384949 2479
1782931015775 0.3085705041885376 2480
1782931015777 0.2940730154514313 2481
1782931015779 0.2731560170650482 2482
1782931015783 0.16376568377017975 2483
1782931015786 0.29417115449905396 2484
1782931015788 0.24927547574043274 2485
1782931015791 0.28336086869239807 2486
1782931015794 0.35509270429611206 2487
1782931015796 0.16671226918697357 2488
1782931015799 0.28045687079429626 2489
1782931015801 0.2897365093231201 2490
1782931015803 0.35477569699287415 2491
1782931015806 0.6033423542976379 2492
1782931015809 0.23702198266983032 2493
1782931015812 0.24585679173469543 2494
1782931015814 0.28083059191703796 2495
1782931015816 0.30947235226631165 2496
1782931015819 0.21351878345012665 2497
1782931015821 0.25095587968826294 2498
1782931015823 0.37546485662460327 2499
1782931015826 0.27439364790916443 2500
1782931015828 0.2111680805683136 2501
1782931015830 0.4174458682537079 2502
1782931015832 0.4126240909099579 2503
1782931015835 0.2657601237297058 2504
1782931015837 0.21738874912261963 2505
1782931015839 0.3881702125072479 2506
1782931015842 0.40174174308776855 2507
1782931015844 0.24988672137260437 2508
1782931015846 0.1578318178653717 2509
1782931015848 0.2753685414791107 2510
1782931015850 0.4117390513420105 2511
1782931015854 0.21286289393901825 2512
1782931015858 0.49783840775489807 2513
1782931015860 0.14698944985866547 2514
1782931015864 0.6032275557518005 2515
1782931015867 0.4971816837787628 2516
1782931015870 0.43449974060058594 2517
1782931015873 0.504858672618866 2518
1782931015876 0.28897354006767273 2519
1782931015879 0.4895600974559784 2520
1782931015881 0.26760271191596985 2521
1782931015883 0.31740444898605347 2522
1782931015886 0.12030769884586334 2523
1782931015890 0.22632631659507751 2524
1782931015893 0.2166055142879486 2525
1782931015895 0.2443866729736328 2526
1782931015898 0.2807917594909668 2527
1782931015901 0.3404086232185364 2528
1782931015904 0.44992193579673767 2529
1782931015906 0.32082244753837585 2530
1782931015908 0.4131726622581482 2531
1782931015911 0.3217858076095581 2532
1782931015913 0.13291826844215393 2533
1782931015916 0.30601999163627625 2534
1782931015921 0.4386223554611206 2535
1782931015924 0.5055500268936157 2536
1782931015927 0.23845215141773224 2537
1782931015930 0.1689542979001999 2538
1782931015932 0.2980005443096161 2539
1782931015935 0.41138121485710144 2540
1782931015939 0.3637007772922516 2541
1782931015941 0.3988569378852844 2542
1782931015944 0.20878642797470093 2543
1782931015948 0.34772801399230957 2544
1782931015950 0.3405720293521881 2545
1782931015953 0.18392477929592133 2546
1782931015955 0.1448293924331665 2547
1782931015958 0.40744686126708984 2548
1782931015960 0.2391171008348465 2549
1782931015963 0.3513396978378296 2550
1782931015965 0.14663822948932648 2551
1782931015967 0.2735363245010376 2552
1782931015970 0.5453779697418213 2553
1782931015973 0.1505535989999771 2554
1782931015975 0.39490458369255066 2555
1782931015978 0.2097070813179016 2556
1782931015980 0.09071429818868637 2557
1782931015982 0.2719535827636719 2558
1782931015985 0.3787352740764618 2559
1782931015987 0.3444092869758606 2560
1782931015989 0.1450653374195099 2561
1782931015992 0.2720598578453064 2562
1782931015994 0.2364017218351364 2563
1782931015996 0.41297656297683716 2564
1782931015998 0.09621752798557281 2565
1782931016001 0.3329869210720062 2566
1782931016003 0.40712276101112366 2567
1782931016005 0.16967308521270752 2568
1782931016007 0.10906648635864258 2569
1782931016010 0.13120289146900177 2570
1782931016012 0.33122706413269043 2571
1782931016014 0.5538386106491089 2572
1782931016017 0.4755890369415283 2573
1782931016020 0.284575492143631 2574
1782931016022 0.37934911251068115 2575
1782931016025 0.5338565707206726 2576
1782931016027 0.3840707838535309 2577
1782931016029 0.1436590999364853 2578
1782931016031 0.33542200922966003 2579
1782931016033 0.4970455467700958 2580
1782931016036 0.3220917284488678 2581
1782931016038 0.41689541935920715 2582
1782931016040 0.41111406683921814 2583
1782931016042 0.278721421957016 2584
1782931016045 0.32464107871055603 2585
1782931016047 0.3779849112033844 2586
1782931016049 0.34838658571243286 2587
1782931016052 0.4813252091407776 2588
1782931016054 0.18725530803203583 2589
1782931016057 0.4868971109390259 2590
1782931016059 0.20461364090442657 2591
1782931016061 0.34289851784706116 2592
1782931016064 0.28774628043174744 2593
1782931016066 0.19175013899803162 2594
1782931016068 0.27361050248146057 2595
1782931016071 0.2431069314479828 2596
1782931016073 0.25913384556770325 2597
1782931016076 0.36864250898361206 2598
1782931016079 0.22705931961536407 2599
1782931016081 0.324616014957428 2600
1782931016083 0.31573110818862915 2601
1782931016086 0.15098780393600464 2602
1782931016088 0.38650229573249817 2603
1782931016090 0.4109499454498291 2604
1782931016093 0.24240921437740326 2605
1782931016095 0.3600134253501892 2606
1782931016098 0.2799219489097595 2607
1782931016100 0.11095581948757172 2608
1782931016102 0.39344778656959534 2609
1782931016105 0.3437986373901367 2610
1782931016107 0.11076769977807999 2611
1782931016109 0.21432015299797058 2612
1782931016113 0.41441017389297485 2613
1782931016115 0.3057979643344879 2614
1782931016117 0.10407853126525879 2615
1782931016121 0.12776489555835724 2616
1782931016123 0.41842085123062134 2617
1782931016126 0.2848757207393646 2618
1782931016128 0.3729369640350342 2619
1782931016131 0.49354130029678345 2620
1782931016133 0.28894707560539246 2621
1782931016135 0.31915542483329773 2622
1782931016139 0.26603808999061584 2623
1782931016142 0.3466326594352722 2624
1782931016144 0.2716861367225647 2625
1782931016147 0.47309112548828125 2626
1782931016149 0.11050445586442947 2627
1782931016152 0.4645456075668335 2628
1782931016154 0.30216726660728455 2629
1782931016157 0.47053489089012146 2630
1782931016159 0.16611264646053314 2631
1782931016161 0.4299185574054718 2632
1782931016164 0.4041673243045807 2633
1782931016166 0.17362603545188904 2634
1782931016168 0.2186848223209381 2635
1782931016171 0.28997206687927246 2636
1782931016173 0.41260042786598206 2637
1782931016176 0.3441539406776428 2638
1782931016178 0.2546130120754242 2639
1782931016180 0.3674836754798889 2640
1782931016183 0.24360200762748718 2641
1782931016185 0.3285943567752838 2642
1782931016187 0.42990559339523315 2643
1782931016190 0.2743344008922577 2644
1782931016192 0.27958518266677856 2645
1782931016195 0.31659144163131714 2646
1782931016197 0.3177700936794281 2647
1782931016199 0.21658514440059662 2648
1782931016201 0.32012540102005005 2649
1782931016204 0.2201051414012909 2650
1782931016206 0.20789243280887604 2651
1782931016208 0.5112512707710266 2652
1782931016210 0.3650975525379181 2653
1782931016214 0.24795062839984894 2654
1782931016217 0.2765500545501709 2655
1782931016219 0.24093769490718842 2656
1782931016221 0.44431912899017334 2657
1782931016224 0.22242753207683563 2658
1782931016226 0.18059690296649933 2659
1782931016228 0.2337508201599121 2660
1782931016231 0.5362192988395691 2661
1782931016233 0.3384580910205841 2662
1782931016236 0.20238567888736725 2663
1782931016238 0.20438237488269806 2664
1782931016240 0.14860638976097107 2665
1782931016244 0.3423919677734375 2666
1782931016246 0.33141884207725525 2667
1782931016248 0.16090279817581177 2668
1782931016252 0.24180682003498077 2669
1782931016254 0.3140638768672943 2670
1782931016256 0.25216782093048096 2671
1782931016258 0.3918621242046356 2672
1782931016261 0.404874324798584 2673
1782931016263 0.4161766469478607 2674
1782931016266 0.851211667060852 2675
1782931016269 0.3674396276473999 2676
1782931016271 0.3974445164203644 2677
1782931016273 0.4515666961669922 2678
1782931016276 0.31828975677490234 2679
1782931016278 0.26302096247673035 2680
1782931016281 0.2687116265296936 2681
1782931016284 0.2607767879962921 2682
1782931016286 0.3523945212364197 2683
1782931016289 0.30216482281684875 2684
1782931016291 0.5041617155075073 2685
1782931016293 0.4627901613712311 2686
1782931016296 0.2731182873249054 2687
1782931016298 0.3399577736854553 2688
1782931016300 0.21669094264507294 2689
1782931016303 0.41493332386016846 2690
1782931016307 0.30017632246017456 2691
1782931016309 0.14802250266075134 2692
1782931016313 0.34784576296806335 2693
1782931016315 0.4098967909812927 2694
1782931016318 0.2125108242034912 2695
1782931016320 0.21710926294326782 2696
1782931016322 0.32285091280937195 2697
1782931016325 0.14927448332309723 2698
1782931016327 0.3207802176475525 2699
1782931016329 0.20044845342636108 2700
1782931016331 0.21839964389801025 2701
1782931016333 0.3196524381637573 2702
1782931016336 0.3702530264854431 2703
1782931016338 0.2654719948768616 2704
1782931016341 0.3336055874824524 2705
1782931016343 0.4642001688480377 2706
1782931016345 0.28159892559051514 2707
1782931016347 0.1031629666686058 2708
1782931016349 0.30986544489860535 2709
1782931016352 0.13276971876621246 2710
1782931016355 0.21176791191101074 2711
1782931016357 0.2647881805896759 2712
1782931016359 0.47646185755729675 2713
1782931016362 0.2177847921848297 2714
1782931016364 0.2689976096153259 2715
1782931016376 0.1738651692867279 2716
1782931016379 0.4334770739078522 2717
1782931016381 0.3536059260368347 2718
1782931016385 0.47921207547187805 2719
1782931016388 0.22259512543678284 2720
1782931016391 0.2688228487968445 2721
1782931016394 0.24578163027763367 2722
1782931016398 0.276834100484848 2723
1782931016401 0.1957402229309082 2724
1782931016404 0.25610578060150146 2725
1782931016406 0.3974790871143341 2726
1782931016409 0.418796569108963 2727
1782931016412 0.4907105565071106 2728
1782931016415 0.3059466779232025 2729
1782931016418 0.5050212740898132 2730
1782931016421 0.36313825845718384 2731
1782931016424 0.4922092854976654 2732
1782931016428 0.2030806690454483 2733
1782931016431 0.2606440782546997 2734
1782931016434 0.4516265392303467 2735
1782931016438 0.2601942718029022 2736
1782931016441 0.17924091219902039 2737
1782931016443 0.20615285634994507 2738
1782931016447 0.26292315125465393 2739
1782931016450 0.3214908242225647 2740
1782931016453 0.39980223774909973 2741
1782931016455 0.5549563765525818 2742
1782931016458 0.417516827583313 2743
1782931016460 0.2437124401330948 2744
1782931016462 0.35546591877937317 2745
1782931016465 0.34422338008880615 2746
1782931016467 0.5361892580986023 2747
1782931016470 0.33424749970436096 2748
1782931016473 0.18375620245933533 2749
1782931016475 0.21510203182697296 2750
1782931016478 0.2077142596244812 2751
1782931016481 0.15684543550014496 2752
1782931016483 0.2845604121685028 2753
1782931016487 0.32906121015548706 2754
1782931016489 0.285299152135849 2755
1782931016491 0.42195063829421997 2756
1782931016494 0.30072420835494995 2757
1782931016496 0.41946810483932495 2758
1782931016499 0.26176613569259644 2759
1782931016503 0.3041633069515228 2760
1782931016508 0.23856651782989502 2761
1782931016511 0.30531230568885803 2762
1782931016514 0.24412895739078522 2763
1782931016517 0.4101335406303406 2764
1782931016521 0.3376944959163666 2765
1782931016525 0.5531682968139648 2766
1782931016528 0.23316903412342072 2767
1782931016531 0.35131004452705383 2768
1782931016536 0.16121071577072144 2769
1782931016539 0.4055934548377991 2770
1782931016541 0.21319907903671265 2771
1782931016544 0.40947669744491577 2772
1782931016546 0.3759486675262451 2773
1782931016548 0.4111427664756775 2774
1782931016551 0.5531059503555298 2775
1782931016553 0.3668295741081238 2776
1782931016556 0.2954520583152771 2777
1782931016558 0.25740039348602295 2778
1782931016561 0.2085501253604889 2779
1782931016563 0.3508966863155365 2780
1782931016565 0.3334445357322693 2781
1782931016567 0.23154670000076294 2782
1782931016570 0.4362161457538605 2783
1782931016572 0.20559266209602356 2784
1782931016574 0.29394832253456116 2785
1782931016577 0.3279295563697815 2786
1782931016579 0.2485547810792923 2787
1782931016582 0.3716031014919281 2788
1782931016584 0.19188249111175537 2789
1782931016586 0.13667938113212585 2790
1782931016588 0.23716327548027039 2791
1782931016591 0.5559989213943481 2792
1782931016593 0.29106077551841736 2793
1782931016595 0.2397552877664566 2794
1782931016598 0.24454978108406067 2795
1782931016600 0.24713264405727386 2796
1782931016602 0.36393705010414124 2797
1782931016605 0.22737902402877808 2798
1782931016607 0.39476877450942993 2799
1782931016610 0.4378979504108429 2800
1782931016612 0.2948491871356964 2801
1782931016614 0.27947840094566345 2802
1782931016617 0.5199177861213684 2803
1782931016620 0.37132591009140015 2804
1782931016622 0.23216697573661804 2805
1782931016624 0.2786112129688263 2806
1782931016627 0.44127964973449707 2807
1782931016630 0.32058194279670715 2808
1782931016632 0.3688061833381653 2809
1782931016634 0.2257392257452011 2810
1782931016774 0.6334657073020935 2811
1782931016776 0.2853615880012512 2812
1782931016778 0.1678028553724289 2813
1782931016780 0.15907801687717438 2814
1782931016782 0.3887235224246979 2815
1782931016784 0.30744871497154236 2816
1782931016786 0.21922370791435242 2817
1782931016788 0.1681395173072815 2818
1782931016790 0.30937859416007996 2819
1782931016792 0.45129960775375366 2820
1782931016794 0.2799151539802551 2821
1782931016796 0.37732720375061035 2822
1782931016798 0.36946791410446167 2823
1782931016800 0.3444322347640991 2824
1782931016803 0.3487367331981659 2825
1782931016805 0.28365081548690796 2826
1782931016807 0.2191852629184723 2827
1782931016809 0.35159122943878174 2828
1782931016811 0.41521358489990234 2829
1782931016813 0.3581583499908447 2830
1782931016815 0.28278979659080505 2831
1782931016817 0.25504374504089355 2832
1782931016819 0.5592513680458069 2833
1782931016822 0.21484650671482086 2834
1782931016824 0.17158527672290802 2835
1782931016826 0.2111654430627823 2836
1782931016829 0.2825767993927002 2837
1782931016831 0.1982879340648651 2838
1782931016833 0.41066426038742065 2839
1782931016835 0.41143491864204407 2840
1782931016837 0.27643755078315735 2841
1782931016839 0.29630810022354126 2842
1782931016841 0.2333923727273941 2843
1782931016844 0.35823190212249756 2844
1782931016846 0.26154711842536926 2845
1782931016849 0.25487151741981506 2846
1782931016852 0.2648318409919739 2847
1782931016854 0.31629303097724915 2848
1782931016856 0.15368866920471191 2849
1782931016859 0.261883407831192 2850
1782931016861 0.21519595384597778 2851
1782931016863 0.36297711730003357 2852
1782931016866 0.38647374510765076 2853
1782931016868 0.14641153812408447 2854
1782931016871 0.30375710129737854 2855
1782931016873 0.3538919687271118 2856
1782931016875 0.2543500065803528 2857
1782931016877 0.38936489820480347 2858
1782931016880 0.2302471250295639 2859
1782931016882 0.2677798271179199 2860
1782931016884 0.3775256872177124 2861
1782931016886 0.2908240258693695 2862
1782931016888 0.30890336632728577 2863
1782931016890 0.23732641339302063 2864
1782931016893 0.42627301812171936 2865
1782931016896 0.30515769124031067 2866
1782931016898 0.21924367547035217 2867
1782931016901 0.2934989631175995 2868
1782931016903 0.2400081902742386 2869
1782931016906 0.3373493552207947 2870
1782931016910 0.3144095540046692 2871
1782931016913 0.3117355406284332 2872
1782931016915 0.3454650044441223 2873
1782931016918 0.44007453322410583 2874
1782931016921 0.39970505237579346 2875
1782931016923 0.4314403831958771 2876
1782931016926 0.2467312514781952 2877
1782931016928 0.15237641334533691 2878
1782931016931 0.23703865706920624 2879
1782931016934 0.32409992814064026 2880
1782931016937 0.12820874154567719 2881
1782931016941 0.14958761632442474 2882
1782931016943 0.21088290214538574 2883
1782931016946 0.2146725058555603 2884
1782931016948 0.2387072890996933 2885
1782931016951 0.23128093779087067 2886
1782931016953 0.21216407418251038 2887
1782931016957 0.43760454654693604 2888
1782931016959 0.2020053267478943 2889
1782931016961 0.1448601484298706 2890
1782931016964 0.2596553862094879 2891
1782931016966 0.4051211476325989 2892
1782931016970 0.42931732535362244 2893
1782931016973 0.3506644368171692 2894
1782931016975 0.36476364731788635 2895
1782931016977 0.44122010469436646 2896
1782931016980 0.3910669982433319 2897
1782931016983 0.43695417046546936 2898
1782931016986 0.35404956340789795 2899
1782931016989 0.3348686993122101 2900
1782931016992 0.17074407637119293 2901
1782931016995 0.3583729863166809 2902
1782931016997 0.27010294795036316 2903
1782931017000 0.42444151639938354 2904
1782931017003 0.42402976751327515 2905
1782931017005 0.3349914252758026 2906
1782931017007 0.2992331087589264 2907
1782931017009 0.397522896528244 2908
1782931017011 0.2523660659790039 2909
1782931017014 0.1671171486377716 2910
1782931017016 0.18392661213874817 2911
1782931017018 0.264688104391098 2912
1782931017021 0.37536144256591797 2913
1782931017024 0.2772243022918701 2914
1782931017026 0.2393350601196289 2915
1782931017028 0.4344387352466583 2916
1782931017031 0.21564945578575134 2917
1782931017035 0.2603243589401245 2918
1782931017037 0.27251818776130676 2919
1782931017039 0.38234835863113403 2920
1782931017042 0.2686704397201538 2921
1782931017045 0.6077666878700256 2922
1782931017047 0.2845538258552551 2923
1782931017050 0.35631078481674194 2924
1782931017053 0.243878573179245 2925
1782931017056 0.15917257964611053 2926
1782931017058 0.12861047685146332 2927
1782931017060 0.22269722819328308 2928
1782931017064 0.3173471987247467 2929
1782931017067 0.26895686984062195 2930
1782931017069 0.26922792196273804 2931
1782931017072 0.37748709321022034 2932
1782931017074 0.2921123802661896 2933
1782931017077 0.4330427646636963 2934
1782931017079 0.5205513834953308 2935
1782931017082 0.21587097644805908 2936
1782931017085 0.6418065428733826 2937
1782931017087 0.23308788239955902 2938
1782931017091 0.28386127948760986 2939
1782931017093 0.25674450397491455 2940
1782931017096 0.3496314585208893 2941
1782931017098 0.2951076030731201 2942
1782931017100 0.23570995032787323 2943
1782931017104 0.2744581997394562 2944
1782931017106 0.19680272042751312 2945
1782931017109 0.18430249392986298 2946
1782931017111 0.4699324369430542 2947
1782931017115 0.4245867133140564 2948
1782931017117 0.14478126168251038 2949
1782931017119 0.16730964183807373 2950
1782931017122 0.26415932178497314 2951
1782931017124 0.25497061014175415 2952
1782931017126 0.09646051377058029 2953
1782931017130 0.39715346693992615 2954
1782931017134 0.2815345227718353 2955
1782931017136 0.3210451304912567 2956
1782931017138 0.24549706280231476 2957
1782931017142 0.2785191833972931 2958
1782931017144 0.3378925621509552 2959
1782931017147 0.26284852623939514 2960
1782931017151 0.4970444440841675 2961
1782931017153 0.21025203168392181 2962
1782931017156 0.256928950548172 2963
1782931017158 0.1354312002658844 2964
1782931017160 0.4101540744304657 2965
1782931017163 0.44102564454078674 2966
1782931017166 0.46766799688339233 2967
1782931017169 0.254885733127594 2968
1782931017171 0.2302989661693573 2969
1782931017173 0.28300580382347107 2970
1782931017176 0.3758287727832794 2971
1782931017178 0.31631597876548767 2972
1782931017181 0.3849249482154846 2973
1782931017183 0.3474428653717041 2974
1782931017186 0.3256079852581024 2975
1782931017188 0.15113312005996704 2976
1782931017190 0.413053035736084 2977
1782931017193 0.32527121901512146 2978
1782931017196 0.2541082501411438 2979
1782931017198 0.20488004386425018 2980
1782931017201 0.30782371759414673 2981
1782931017204 0.3378504514694214 2982
1782931017207 0.24062009155750275 2983
1782931017210 0.15084178745746613 2984
1782931017214 0.24380572140216827 2985
1782931017216 0.3953293561935425 2986
1782931017219 0.23100964725017548 2987
1782931017221 0.4033513069152832 2988
1782931017224 0.29474493861198425 2989
1782931017227 0.2478571981191635 2990
1782931017230 0.43891915678977966 2991
1782931017233 0.21247026324272156 2992
1782931017235 0.2768948972225189 2993
1782931017238 0.1351439505815506 2994
1782931017240 0.40914252400398254 2995
1782931017244 0.3164597451686859 2996
1782931017246 0.1706341654062271 2997
1782931017250 0.24012266099452972 2998
1782931017252 0.28215426206588745 2999
1782931017254 0.3232623338699341 3000
1782931017257 0.17227746546268463 3001
1782931017259 0.265287846326828 3002
1782931017261 0.31935977935791016 3003
1782931017263 0.33938807249069214 3004
1782931017266 0.36801156401634216 3005
1782931017268 0.34906983375549316 3006
1782931017272 0.3448761999607086 3007
1782931017275 0.3861524760723114 3008
1782931017279 0.33325693011283875 3009
1782931017281 0.24923034012317657 3010
1782931017283 0.39628610014915466 3011
1782931017286 0.48146694898605347 3012
1782931017289 0.401119202375412 3013
1782931017292 0.4478543698787689 3014
1782931017296 0.23980993032455444 3015
1782931017300 0.24394062161445618 3016
1782931017304 0.2573244869709015 3017
1782931017306 0.17965304851531982 3018
1782931017308 0.30132952332496643 3019
1782931017312 0.24349309504032135 3020
1782931017314 0.39936134219169617 3021
1782931017317 0.32765644788742065 3022
1782931017320 0.33329930901527405 3023
1782931017323 0.2772696316242218 3024
1782931017326 0.569441020488739 3025
1782931017328 0.24347446858882904 3026
1782931017331 0.1432257443666458 3027
1782931017334 0.3580267131328583 3028
1782931017337 0.31787294149398804 3029
1782931017339 0.2516292333602905 3030
1782931017342 0.14150649309158325 3031
1782931017345 0.11433728784322739 3032
1782931017347 0.10854651778936386 3033
1782931017350 0.2611631155014038 3034
1782931017354 0.1735287308692932 3035
1782931017358 0.4490457773208618 3036
1782931017361 0.25616949796676636 3037
1782931017364 0.18886582553386688 3038
1782931017367 0.6623473167419434 3039
1782931017370 0.2599065601825714 3040
1782931017374 0.24661192297935486 3041
1782931017377 0.22790667414665222 3042
1782931017382 0.17992721498012543 3043
1782931017384 0.6403442025184631 3044
1782931017387 0.2557729482650757 3045
1782931017390 0.10265102982521057 3046
1782931017394 0.36063241958618164 3047
1782931017397 0.2517128884792328 3048
1782931017400 0.4042273759841919 3049
1782931017403 0.37264183163642883 3050
1782931017405 0.2571345567703247 3051
1782931017408 0.1814212203025818 3052
1782931017412 0.18397964537143707 3053
1782931017416 0.23447346687316895 3054
1782931017420 0.3295741677284241 3055
1782931017422 0.27242377400398254 3056
1782931017425 0.32606953382492065 3057
1782931017427 0.40803423523902893 3058
1782931017431 0.48598575592041016 3059
1782931017435 0.1328691691160202 3060
1782931017438 0.12332429736852646 3061
1782931017441 0.24213676154613495 3062
1782931017444 0.16995739936828613 3063
1782931017447 0.16695670783519745 3064
1782931017449 0.35636863112449646 3065
1782931017451 0.13840171694755554 3066
1782931017454 0.2269383817911148 3067
1782931017456 0.0731363445520401 3068
1782931017459 0.24468103051185608 3069
1782931017461 0.22813169658184052 3070
1782931017464 0.6216880083084106 3071
1782931017466 0.35423514246940613 3072
1782931017468 0.20291820168495178 3073
1782931017471 0.31055334210395813 3074
1782931017473 0.2979167699813843 3075
1782931017476 0.5174421668052673 3076
1782931017478 0.23496000468730927 3077
1782931017481 0.2577914297580719 3078
1782931017483 0.25042060017585754 3079
1782931017485 0.38371196389198303 3080
1782931017488 0.3552902638912201 3081
1782931017491 0.4133601188659668 3082
1782931017494 0.3593727648258209 3083
1782931017496 0.4329817295074463 3084
1782931017498 0.47212091088294983 3085
1782931017500 0.27026766538619995 3086
1782931017503 0.41381415724754333 3087
1782931017505 0.18928919732570648 3088
1782931017507 0.22837401926517487 3089
1782931017510 0.2928234934806824 3090
1782931017512 0.22334244847297668 3091
1782931017515 0.394028902053833 3092
1782931017517 0.359779417514801 3093
1782931017520 0.30505114793777466 3094
1782931017522 0.257443904876709 3095
1782931017525 0.3858030438423157 3096
1782931017527 0.21853521466255188 3097
1782931017530 0.20912966132164001 3098
1782931017533 0.16186530888080597 3099
1782931017537 0.21902132034301758 3100
1782931017539 0.34401604533195496 3101
1782931017542 0.3687003254890442 3102
1782931017544 0.22893144190311432 3103
1782931017546 0.24559728801250458 3104
1782931017548 0.3109295964241028 3105
1782931017551 0.21539685130119324 3106
1782931017554 0.45186179876327515 3107
1782931017556 0.3814582824707031 3108
1782931017559 0.26986631751060486 3109
1782931017561 0.25811898708343506 3110
1782931017563 0.32129165530204773 3111
1782931017566 0.5130560398101807 3112
1782931017568 0.3601093292236328 3113
1782931017571 0.20740990340709686 3114
1782931017573 0.18528123199939728 3115
1782931017575 0.36263009905815125 3116
1782931017578 0.23486120998859406 3117
1782931017580 0.40270504355430603 3118
1782931017582 0.2659611999988556 3119
1782931017586 0.25547340512275696 3120
1782931017588 0.14754953980445862 3121
1782931017590 0.4599325656890869 3122
1782931017593 0.3430987000465393 3123
1782931017595 0.5242049694061279 3124
1782931017598 0.44226059317588806 3125
1782931017600 0.3667352497577667 3126
1782931017602 0.3341350555419922 3127
1782931017605 0.11053329706192017 3128
1782931017607 0.42763081192970276 3129
1782931017609 0.4290604889392853 3130
1782931017611 0.2017984837293625 3131
1782931017614 0.11104685813188553 3132
1782931017616 0.2854636311531067 3133
1782931017618 0.18345937132835388 3134
1782931017620 0.18758264183998108 3135
1782931017623 0.2612236738204956 3136
1782931017625 0.36016160249710083 3137
1782931017629 0.45259565114974976 3138
1782931017631 0.17292368412017822 3139
1782931017633 0.4041220247745514 3140
1782931017636 0.2776135504245758 3141
1782931017638 0.514707088470459 3142
1782931017641 0.2392956018447876 3143
1782931017643 0.30716273188591003 3144
1782931017645 0.223399817943573 3145
1782931017648 0.2970840036869049 3146
1782931017650 0.3204367458820343 3147
1782931017653 0.31521809101104736 3148
1782931017656 0.3077255189418793 3149
1782931017658 0.2927507162094116 3150
1782931017661 0.2732836604118347 3151
1782931017663 0.23444466292858124 3152
1782931017665 0.49393779039382935 3153
1782931017668 0.36016014218330383 3154
1782931017671 0.3577749729156494 3155
1782931017674 0.649747908115387 3156
1782931017676 0.44285210967063904 3157
1782931017679 0.4015338122844696 3158
1782931017681 0.522201418876648 3159
1782931017684 0.4008306860923767 3160
1782931017686 0.29756635427474976 3161
1782931017689 0.22693058848381042 3162
1782931017692 0.27857786417007446 3163
1782931017694 0.2100842148065567 3164
1782931017696 0.4129822850227356 3165
1782931017699 0.37995070219039917 3166
1782931017701 0.4331013858318329 3167
1782931017703 0.1922544538974762 3168
1782931017706 0.3904713988304138 3169
1782931017708 0.2311786413192749 3170
1782931017710 0.4158670902252197 3171
1782931017713 0.3224007785320282 3172
1782931017715 0.18109412491321564 3173
1782931017718 0.3228358328342438 3174
1782931017720 0.287436306476593 3175
1782931017723 0.32591018080711365 3176
1782931017725 0.2588467299938202 3177
1782931017727 0.21920643746852875 3178
1782931017729 0.2055613249540329 3179
1782931017732 0.21345585584640503 3180
1782931017734 0.12072620540857315 3181
1782931017737 0.3461295962333679 3182
1782931017739 0.17321844398975372 3183
1782931017742 0.314743310213089 3184
1782931017744 0.411293625831604 3185
1782931017746 0.2337246686220169 3186
1782931017749 0.37763160467147827 3187
1782931017752 0.3861503601074219 3188
1782931017754 0.3938136398792267 3189
1782931017757 0.31113508343696594 3190
1782931017759 0.21841977536678314 3191
1782931017762 0.17344515025615692 3192
1782931017764 0.2439415156841278 3193
1782931017766 0.1912853717803955 3194
1782931017769 0.17837102711200714 3195
1782931017772 0.1306024193763733 3196
1782931017774 0.1889810562133789 3197
1782931017777 0.26480624079704285 3198
1782931017779 0.358352929353714 3199
1782931017781 0.1822822391986847 3200
1782931017784 0.40315356850624084 3201
1782931017787 0.1425490528345108 3202
1782931017789 0.23897536098957062 3203
1782931017791 0.472330778837204 3204
1782931017794 0.5766194462776184 3205
1782931017796 0.30141037702560425 3206
1782931017798 0.24079729616641998 3207
1782931017801 0.26752835512161255 3208
1782931017803 0.19599200785160065 3209
1782931017805 0.18324260413646698 3210
1782931017808 0.19115495681762695 3211
1782931017810 0.4493798315525055 3212
1782931017813 0.2959381937980652 3213
1782931017816 0.5063275694847107 3214
1782931017819 0.3430112600326538 3215
1782931017821 0.40224555134773254 3216
1782931017824 0.45402565598487854 3217
1782931017827 0.3158925473690033 3218
1782931017829 0.314550518989563 3219
1782931017831 0.3922056555747986 3220
1782931017834 0.19197000563144684 3221
1782931017836 0.43108585476875305 3222
1782931017839 0.42879408597946167 3223
1782931017843 0.38460755348205566 3224
1782931017845 0.560795783996582 3225
1782931017848 0.2724096179008484 3226
1782931017850 0.31666135787963867 3227
1782931017854 0.1323956698179245 3228
1782931017857 0.20861504971981049 3229
1782931017859 0.20717491209506989 3230
1782931017861 0.21349617838859558 3231
1782931017864 0.23088285326957703 3232
1782931017866 0.364342600107193 3233
1782931017868 0.4819331169128418 3234
1782931017871 0.27426066994667053 3235
1782931017873 0.35692206025123596 3236
1782931017876 0.46696722507476807 3237
1782931017879 0.5223923325538635 3238
1782931017882 0.26059821248054504 3239
1782931017884 0.3029535710811615 3240
1782931017886 0.2538735270500183 3241
1782931017889 0.36480215191841125 3242
1782931017891 0.29593101143836975 3243
1782931017893 0.2364477515220642 3244
1782931017896 0.27626532316207886 3245
1782931017898 0.25998345017433167 3246
1782931017900 0.30256667733192444 3247
1782931017903 0.25209200382232666 3248
1782931017905 0.3756090998649597 3249
1782931017907 0.2805194556713104 3250
1782931017910 0.20232227444648743 3251
1782931017912 0.40432438254356384 3252
1782931017915 0.4051690995693207 3253
1782931017917 0.16431032121181488 3254
1782931017920 0.24599605798721313 3255
1782931017923 0.19187982380390167 3256
1782931017927 0.1875416338443756 3257
1782931017930 0.44666966795921326 3258
1782931017932 0.1736288219690323 3259
1782931017935 0.22121569514274597 3260
1782931017938 0.1880141943693161 3261
1782931017940 0.384834349155426 3262
1782931017943 0.30292651057243347 3263
1782931017945 0.42318323254585266 3264
1782931017948 0.17515727877616882 3265
1782931017950 0.3714461028575897 3266
1782931017953 0.11093346029520035 3267
1782931017956 0.3752543032169342 3268
1782931017959 0.4113016724586487 3269
1782931017962 0.2987002432346344 3270
1782931017966 0.6709961295127869 3271
1782931017969 0.3770766854286194 3272
1782931017972 0.15999047458171844 3273
1782931017975 0.17159757018089294 3274
1782931017978 0.26567211747169495 3275
1782931017981 0.22465482354164124 3276
1782931017984 0.22763609886169434 3277
1782931017988 0.15367336571216583 3278
1782931017990 0.44511494040489197 3279
1782931017993 0.09448191523551941 3280
1782931017995 0.20081128180027008 3281
1782931017998 0.23787805438041687 3282
1782931018001 0.097107894718647 3283
1782931018004 0.21839840710163116 3284
1782931018007 0.3956051766872406 3285
1782931018009 0.3358379602432251 3286
1782931018012 0.2815159559249878 3287
1782931018014 0.1788765788078308 3288
1782931018019 0.20656602084636688 3289
1782931018022 0.22821642458438873 3290
1782931018025 0.330961138010025 3291
1782931018027 0.27597668766975403 3292
1782931018030 0.39778751134872437 3293
1782931018033 0.271574467420578 3294
1782931018035 0.45130056142807007 3295
1782931018038 0.2593546509742737 3296
1782931018041 0.36095568537712097 3297
1782931018044 0.18946373462677002 3298
1782931018048 0.34548866748809814 3299
1782931018051 0.3175075948238373 3300
1782931018054 0.36783111095428467 3301
1782931018056 0.16994108259677887 3302
1782931018059 0.11026167869567871 3303
1782931018061 0.39178141951560974 3304
1782931018064 0.23009952902793884 3305
1782931018066 0.3086662292480469 3306
1782931018068 0.21838580071926117 3307
1782931018071 0.21091914176940918 3308
1782931018073 0.2842271625995636 3309
1782931018076 0.50121009349823 3310
1782931018078 0.20221605896949768 3311
1782931018081 0.25966396927833557 3312
1782931018083 0.2590731382369995 3313
1782931018087 0.1513914316892624 3314
1782931018090 0.15612569451332092 3315
1782931018092 0.2926293611526489 3316
1782931018095 0.37244075536727905 3317
1782931018097 0.2695704400539398 3318
1782931018099 0.6207562685012817 3319
1782931018103 0.6825243234634399 3320
1782931018106 0.36528000235557556 3321
1782931018108 0.15727104246616364 3322
1782931018110 0.4403465688228607 3323
1782931018112 0.23396018147468567 3324
1782931018114 0.2139442414045334 3325
1782931018117 0.3485063314437866 3326
1782931018120 0.2447333186864853 3327
1782931018122 0.28482040762901306 3328
1782931018124 0.20912253856658936 3329
1782931018126 0.311678022146225 3330
1782931018129 0.37452730536460876 3331
1782931018132 0.34868866205215454 3332
1782931018134 0.11682610213756561 3333
1782931018137 0.22003388404846191 3334
1782931018139 0.3610069751739502 3335
1782931018142 0.286419153213501 3336
1782931018144 0.17917366325855255 3337
1782931018147 0.3760563135147095 3338
1782931018149 0.6026673316955566 3339
1782931018152 0.23127047717571259 3340
1782931018155 0.39097651839256287 3341
1782931018159 0.28874415159225464 3342
1782931018161 0.15264494717121124 3343
1782931018164 0.5673245787620544 3344
1782931018166 0.2052084505558014 3345
1782931018168 0.20323055982589722 3346
1782931018171 0.46338990330696106 3347
1782931018173 0.43875354528427124 3348
1782931018176 0.30838900804519653 3349
1782931018179 0.2704335153102875 3350
1782931018182 0.25495612621307373 3351
1782931018185 0.2902849614620209 3352
1782931018188 0.2866654098033905 3353
1782931018190 0.15427915751934052 3354
1782931018194 0.31050989031791687 3355
1782931018196 0.42441537976264954 3356
1782931018199 0.3558923006057739 3357
1782931018202 0.3573265075683594 3358
1782931018206 0.23781216144561768 3359
1782931018208 0.21808220446109772 3360
1782931018211 0.1797388195991516 3361
1782931018214 0.24979346990585327 3362
1782931018216 0.250860333442688 3363
1782931018219 0.18930880725383759 3364
1782931018222 0.352848082780838 3365
1782931018224 0.24932655692100525 3366
1782931018226 0.2933041751384735 3367
1782931018229 0.06502591818571091 3368
1782931018231 0.3294270932674408 3369
1782931018235 0.3543711006641388 3370
1782931018237 0.2571203410625458 3371
1782931018239 0.14402729272842407 3372
1782931018242 0.30363237857818604 3373
1782931018244 0.2931238114833832 3374
1782931018247 0.1701090782880783 3375
1782931018249 0.11068559437990189 3376
1782931018252 0.22021661698818207 3377
1782931018254 0.220857635140419 3378
1782931018257 0.40149134397506714 3379
1782931018259 0.19881407916545868 3380
1782931018262 0.448691725730896 3381
1782931018264 0.41208192706108093 3382
1782931018266 0.5693925619125366 3383
1782931018270 0.22439372539520264 3384
1782931018273 0.1094086617231369 3385
1782931018276 0.3349141478538513 3386
1782931018278 0.13411971926689148 3387
1782931018281 0.3568423092365265 3388
1782931018283 0.3385639786720276 3389
1782931018288 0.6649103164672852 3390
1782931018291 0.28763899207115173 3391
1782931018293 0.33179888129234314 3392
1782931018296 0.15936559438705444 3393
1782931018298 0.3174353539943695 3394
1782931018301 0.38508155941963196 3395
1782931018303 0.11830037087202072 3396
1782931018306 0.3783760964870453 3397
1782931018308 0.19175533950328827 3398
1782931018310 0.49886587262153625 3399
1782931018313 0.3418000042438507 3400
1782931018315 0.2902833819389343 3401
1782931018317 0.35957834124565125 3402
1782931018320 0.4702892303466797 3403
1782931018323 0.38859906792640686 3404
1782931018325 0.20783616602420807 3405
1782931018327 0.23523323237895966 3406
1782931018331 0.19531162083148956 3407
1782931018333 0.23043903708457947 3408
1782931018337 0.5105853080749512 3409
1782931018340 0.24407702684402466 3410
1782931018342 0.24069514870643616 3411
1782931018345 0.32448968291282654 3412
1782931018347 0.19752806425094604 3413
1782931018349 0.27780818939208984 3414
1782931018352 0.37625759840011597 3415
1782931018354 0.20483946800231934 3416
1782931018357 0.672232985496521 3417
1782931018359 0.17264117300510406 3418
1782931018362 0.39013969898223877 3419
1782931018364 0.4448235332965851 3420
1782931018367 0.3021005690097809 3421
1782931018369 0.2913833558559418 3422
1782931018372 0.30928122997283936 3423
1782931018374 0.09371793270111084 3424
1782931018377 0.26555028557777405 3425
1782931018380 0.21794863045215607 3426
1782931018382 0.3546297550201416 3427
1782931018385 0.24951083958148956 3428
1782931018387 0.25457924604415894 3429
1782931018389 0.3777279853820801 3430
1782931018392 0.2464965134859085 3431
1782931018394 0.33248233795166016 3432
1782931018397 0.3914117217063904 3433
1782931018399 0.22727563977241516 3434
1782931018402 0.31356850266456604 3435
1782931018404 0.22589419782161713 3436
1782931018407 0.2740056812763214 3437
1782931018409 0.06496443599462509 3438
1782931018412 0.27606818079948425 3439
1782931018414 0.12456094473600388 3440
1782931018417 0.17427484691143036 3441
1782931018419 0.2538716793060303 3442
1782931018422 0.270145446062088 3443
1782931018424 0.1221029981970787 3444
1782931018426 0.2960129678249359 3445
1782931018429 0.27552106976509094 3446
1782931018431 0.4865696430206299 3447
1782931018433 0.3397170603275299 3448
1782931018435 0.2976568043231964 3449
1782931018438 0.34441429376602173 3450
1782931018440 0.16290229558944702 3451
1782931018443 0.2529289722442627 3452
1782931018445 0.15630194544792175 3453
1782931018448 0.28332504630088806 3454
1782931018450 0.1560007929801941 3455
1782931018452 0.3962944447994232 3456
1782931018456 0.3089011609554291 3457
1782931018459 0.17282697558403015 3458
1782931018463 0.45831409096717834 3459
1782931018465 0.23665402829647064 3460
1782931018468 0.3247237503528595 3461
1782931018471 0.4383987486362457 3462
1782931018473 0.2830418646335602 3463
1782931018476 0.34414830803871155 3464
1782931018479 0.13657887279987335 3465
1782931018481 0.2446494996547699 3466
1782931018484 0.3785950541496277 3467
1782931018487 0.3450358510017395 3468
1782931018489 0.2749255299568176 3469
1782931018492 0.2928217947483063 3470
1782931018494 0.31821209192276 3471
1782931018497 0.1655104160308838 3472
1782931018499 0.41989004611968994 3473
1782931018502 0.32517457008361816 3474
1782931018504 0.4252381920814514 3475
1782931018507 0.38536402583122253 3476
1782931018509 0.2921624481678009 3477
1782931018512 0.22358214855194092 3478
1782931018516 0.4080112874507904 3479
1782931018519 0.3301815986633301 3480
1782931018522 0.2571813762187958 3481
1782931018524 0.20451731979846954 3482
1782931018527 0.38683363795280457 3483
1782931018530 0.16857486963272095 3484
1782931018532 0.33060914278030396 3485
1782931018534 0.14607515931129456 3486
1782931018537 0.4375656843185425 3487
1782931018541 0.2019217312335968 3488
1782931018545 0.28067317605018616 3489
1782931018548 0.31674304604530334 3490
1782931018551 0.47262296080589294 3491
1782931018555 0.24445247650146484 3492
1782931018558 0.28131207823753357 3493
1782931018561 0.22576291859149933 3494
1782931018564 0.3370177447795868 3495
1782931018567 0.5088858008384705 3496
1782931018570 0.21818377077579498 3497
1782931018572 0.12731513381004333 3498
1782931018575 0.3555862009525299 3499
1782931018577 0.30778181552886963 3500
1782931018580 0.4669238030910492 3501
1782931018582 0.12783372402191162 3502
1782931018584 0.1730278730392456 3503
1782931018587 0.30681127309799194 3504
1782931018589 0.24199779331684113 3505
1782931018591 0.15149714052677155 3506
1782931018594 0.21366766095161438 3507
1782931018597 0.5364713668823242 3508
1782931018599 0.42907437682151794 3509
1782931018602 0.6670913696289062 3510
1782931018604 0.4598347246646881 3511
1782931018606 0.2813470959663391 3512
1782931018609 0.42560917139053345 3513
1782931018611 0.4705633223056793 3514
1782931018613 0.3297622501850128 3515
1782931018615 0.4818151891231537 3516
1782931018618 0.19583743810653687 3517
1782931018620 0.3810560703277588 3518
1782931018622 0.31215378642082214 3519
1782931018625 0.32186785340309143 3520
1782931018627 0.1809167116880417 3521
1782931018629 0.48103222250938416 3522
1782931018631 0.250954806804657 3523
1782931018634 0.3312917947769165 3524
1782931018636 0.23147036135196686 3525
1782931018638 0.21771356463432312 3526
1782931018641 0.15414732694625854 3527
1782931018643 0.2348053753376007 3528
1782931018646 0.21719971299171448 3529
1782931018648 0.37901997566223145 3530
1782931018650 0.2058682143688202 3531
1782931018653 0.22426167130470276 3532
1782931018655 0.24532364308834076 3533
1782931018657 0.3202025890350342 3534
1782931018660 0.09686745703220367 3535
1782931018662 0.26267489790916443 3536
1782931018665 0.372096449136734 3537
1782931018667 0.19085708260536194 3538
1782931018670 0.3760242462158203 3539
1782931018673 0.17550984025001526 3540
1782931018676 0.45920059084892273 3541
1782931018679 0.24998463690280914 3542
1782931018681 0.33567503094673157 3543
1782931018684 0.6051978468894958 3544
1782931018687 0.37393298745155334 3545
1782931018690 0.13431568443775177 3546
1782931018692 0.2837274372577667 3547
1782931018694 0.42114415764808655 3548
1782931018697 0.25282594561576843 3549
1782931018699 0.6585423946380615 3550
1782931018701 0.42487838864326477 3551
1782931018703 0.4206011891365051 3552
1782931018706 0.2727017402648926 3553
1782931018708 0.19697360694408417 3554
1782931018711 0.2063901275396347 3555
1782931018713 0.27254530787467957 3556
1782931018715 0.36183613538742065 3557
1782931018717 0.27969077229499817 3558
1782931018720 0.33961600065231323 3559
1782931018722 0.29495880007743835 3560
1782931018725 0.3969973623752594 3561
1782931018727 0.39760929346084595 3562
1782931018730 0.18995340168476105 3563
1782931018732 0.3431931138038635 3564
1782931018734 0.15755538642406464 3565
1782931018737 0.3182941973209381 3566
1782931018739 0.41284650564193726 3567
1782931018741 0.45241713523864746 3568
1782931018744 0.3480534553527832 3569
1782931018746 0.13830110430717468 3570
1782931018748 0.4993775188922882 3571
1782931018751 0.5691387057304382 3572
1782931018754 0.2728295922279358 3573
1782931018756 0.4375031590461731 3574
1782931018759 0.32154595851898193 3575
1782931018761 0.4864676296710968 3576
1782931018763 0.4057313799858093 3577
1782931018766 0.18809546530246735 3578
1782931018768 0.2970704734325409 3579
1782931018770 0.5877214074134827 3580
1782931018773 0.258421927690506 3581
1782931018775 0.34920981526374817 3582
1782931018777 0.3356739580631256 3583
1782931018779 0.5709258317947388 3584
1782931018782 0.5093448162078857 3585
1782931018785 0.4270460605621338 3586
1782931018787 0.17073914408683777 3587
1782931018789 0.48781847953796387 3588
1782931018791 0.3133276104927063 3589
1782931018794 0.3490523397922516 3590
1782931018796 0.0836031436920166 3591
1782931018798 0.2798640727996826 3592
1782931018801 0.3126925230026245 3593
1782931018803 0.2932634949684143 3594
1782931018806 0.1697918325662613 3595
1782931018808 0.28911957144737244 3596
1782931018810 0.14104558527469635 3597
1782931018812 0.43507543206214905 3598
1782931018815 0.4237995445728302 3599
1782931018818 0.17868557572364807 3600
1782931018820 0.22595077753067017 3601
1782931018823 0.2619806230068207 3602
1782931018826 0.2964572310447693 3603
1782931018828 0.42395761609077454 3604
1782931018830 0.19261643290519714 3605
1782931018832 0.2915908098220825 3606
1782931018834 0.2728203535079956 3607
1782931018837 0.32615193724632263 3608
1782931018839 0.35660624504089355 3609
1782931018841 0.22347314655780792 3610
1782931018843 0.50343918800354 3611
1782931018846 0.10223231464624405 3612
1782931018848 0.39976027607917786 3613
1782931018852 0.29022613167762756 3614
1782931018854 0.4171672761440277 3615
1782931018856 0.18260738253593445 3616
1782931018858 0.213848277926445 3617
1782931018860 0.19384309649467468 3618
1782931018863 0.20056575536727905 3619
1782931018865 0.47468283772468567 3620
1782931018867 0.23324982821941376 3621
1782931018870 0.2500847578048706 3622
1782931018872 0.23725637793540955 3623
1782931018875 0.20180006325244904 3624
1782931018877 0.3358159065246582 3625
1782931018879 0.13573607802391052 3626
1782931018882 0.5684598088264465 3627
1782931018884 0.39851829409599304 3628
1782931018887 0.4500528573989868 3629
1782931018889 0.48241451382637024 3630
1782931018891 0.5311837196350098 3631
1782931018894 0.23340491950511932 3632
1782931018896 0.35798946022987366 3633
1782931018898 0.14990127086639404 3634
1782931018901 0.4567798376083374 3635
1782931018903 0.07914836704730988 3636
1782931018905 0.30471041798591614 3637
1782931018907 0.2476108819246292 3638
1782931018910 0.3269791007041931 3639
1782931018912 0.22021371126174927 3640
1782931018915 0.3298534154891968 3641
1782931018917 0.410518079996109 3642
1782931018920 0.32111814618110657 3643
1782931018922 0.23623144626617432 3644
1782931018924 0.4733579456806183 3645
1782931018926 0.31631940603256226 3646
1782931018928 0.37351465225219727 3647
1782931018931 0.2028931826353073 3648
1782931018934 0.17390036582946777 3649
1782931018939 0.2714083194732666 3650
1782931018942 0.40248602628707886 3651
1782931018945 0.27960294485092163 3652
1782931018948 0.270233154296875 3653
1782931018951 0.289852499961853 3654
1782931018953 0.15024027228355408 3655
1782931018955 0.2650790512561798 3656
1782931018958 0.23927277326583862 3657
1782931018961 0.2792983651161194 3658
1782931018964 0.24693100154399872 3659
1782931018966 0.19586700201034546 3660
1782931018970 0.09506956487894058 3661
1782931018972 0.14988000690937042 3662
1782931018975 0.3761649429798126 3663
1782931018977 0.2469681054353714 3664
1782931018979 0.30419212579727173 3665
1782931018982 0.2465219646692276 3666
1782931018984 0.1551787555217743 3667
1782931018987 0.22948101162910461 3668
1782931018989 0.28750914335250854 3669
1782931018992 0.20274314284324646 3670
1782931018994 0.16895467042922974 3671
1782931018996 0.3302235007286072 3672
1782931018999 0.28991860151290894 3673
1782931019001 0.3239578604698181 3674
1782931019003 0.23077598214149475 3675
1782931019006 0.23035989701747894 3676
1782931019008 0.22707627713680267 3677
1782931019011 0.4477238357067108 3678
1782931019013 0.15253935754299164 3679
1782931019016 0.18281559646129608 3680
1782931019018 0.4268236458301544 3681
1782931019020 0.46947619318962097 3682
1782931019022 0.20723176002502441 3683
1782931019026 0.21937958896160126 3684
1782931019028 0.3069593012332916 3685
1782931019030 0.3229750692844391 3686
1782931019032 0.22608314454555511 3687
1782931019034 0.32306718826293945 3688
1782931019037 0.8139195442199707 3689
1782931019039 0.2934439778327942 3690
1782931019042 0.22732821106910706 3691
1782931019044 0.5222592949867249 3692
1782931019046 0.5664219260215759 3693
1782931019048 0.2618829011917114 3694
1782931019051 0.2032233476638794 3695
1782931019053 0.32544174790382385 3696
1782931019056 0.26044681668281555 3697
1782931019058 0.15838561952114105 3698
1782931019060 0.10844989120960236 3699
1782931019063 0.38376694917678833 3700
1782931019065 0.2337796837091446 3701
1782931019067 0.2367153912782669 3702
1782931019070 0.18875733017921448 3703
1782931019072 0.6107125282287598 3704
1782931019075 0.21824690699577332 3705
1782931019077 0.19198833405971527 3706
1782931019080 0.26293548941612244 3707
1782931019082 0.3538368344306946 3708
1782931019084 0.2009095400571823 3709
1782931019087 0.2281239628791809 3710
1782931019089 0.2446967214345932 3711
1782931019091 0.23616836965084076 3712
1782931019093 0.17765958607196808 3713
1782931019096 0.40309950709342957 3714
1782931019099 0.31195929646492004 3715
1782931019102 0.2040454000234604 3716
1782931019104 0.27886781096458435 3717
1782931019106 0.28028103709220886 3718
1782931019108 0.4064261317253113 3719
1782931019111 0.2161039412021637 3720
1782931019113 0.4167698323726654 3721
1782931019115 0.23434573411941528 3722
1782931019117 0.2626649737358093 3723
1782931019120 0.18000173568725586 3724
1782931019122 0.3541853725910187 3725
1782931019125 0.3589138090610504 3726
1782931019127 0.16303224861621857 3727
1782931019129 0.27585747838020325 3728
1782931019131 0.30499497056007385 3729
1782931019134 0.371900737285614 3730
1782931019136 0.2714732885360718 3731
1782931019139 0.26922041177749634 3732
1782931019141 0.27395209670066833 3733
1782931019143 0.2833944857120514 3734
1782931019146 0.17448455095291138 3735
1782931019148 0.2672155201435089 3736
1782931019150 0.6001480221748352 3737
1782931019153 0.11778376996517181 3738
1782931019155 0.45766860246658325 3739
1782931019157 0.3150365948677063 3740
1782931019160 0.42266908288002014 3741
1782931019162 0.22346769273281097 3742
1782931019164 0.16497491300106049 3743
1782931019167 0.20561794936656952 3744
1782931019169 0.22590574622154236 3745
1782931019171 0.5381388664245605 3746
1782931019174 0.30298370122909546 3747
1782931019311 0.1727532148361206 3748
1782931019314 0.2165430188179016 3749
1782931019316 0.3490935266017914 3750
1782931019318 0.3237190842628479 3751
1782931019321 0.16842052340507507 3752
1782931019323 0.5668037533760071 3753
1782931019326 0.4482979476451874 3754
1782931019328 0.24041689932346344 3755
1782931019330 0.21240639686584473 3756
1782931019332 0.2593865990638733 3757
1782931019334 0.4157260060310364 3758
1782931019337 0.29130542278289795 3759
1782931019339 0.3112611770629883 3760
1782931019341 0.09518735110759735 3761
1782931019343 0.1601831018924713 3762
1782931019345 0.40926119685173035 3763
1782931019348 0.211311474442482 3764
1782931019351 0.23398137092590332 3765
1782931019353 0.6757797598838806 3766
1782931019356 0.269037663936615 3767
1782931019358 0.26292771100997925 3768
1782931019360 0.3250432014465332 3769
1782931019362 0.20107020437717438 3770
1782931019365 0.4763535261154175 3771
1782931019367 0.22254538536071777 3772
1782931019370 0.24343857169151306 3773
1782931019374 0.3627127408981323 3774
1782931019376 0.3925730884075165 3775
1782931019378 0.5261117815971375 3776
1782931019380 0.1921878159046173 3777
1782931019383 0.32053983211517334 3778
1782931019385 0.2227831780910492 3779
1782931019389 0.2846471667289734 3780
1782931019392 0.24187596142292023 3781
1782931019394 0.37043651938438416 3782
1782931019396 0.5406993627548218 3783
1782931019400 0.10636726766824722 3784
1782931019402 0.34088853001594543 3785
1782931019405 0.2348235696554184 3786
1782931019408 0.1556791216135025 3787
1782931019410 0.6545512676239014 3788
1782931019412 0.2263898253440857 3789
1782931019415 0.23657537996768951 3790
1782931019418 0.1673067808151245 3791
1782931019421 0.4806056618690491 3792
1782931019423 0.29523396492004395 3793
1782931019425 0.15115931630134583 3794
1782931019428 0.25802746415138245 3795
1782931019430 0.29446324706077576 3796
1782931019433 0.20591706037521362 3797
1782931019435 0.21643292903900146 3798
1782931019438 0.15102185308933258 3799
1782931019440 0.18933752179145813 3800
1782931019442 0.13004712760448456 3801
1782931019445 0.3790145516395569 3802
1782931019447 0.38481074571609497 3803
1782931019451 0.38701939582824707 3804
1782931019453 0.2627955973148346 3805
1782931019457 0.26730382442474365 3806
1782931019459 0.22911337018013 3807
1782931019481 0.24293844401836395 3808
1782931019483 0.21852366626262665 3809
1782931019487 0.22645486891269684 3810
1782931019489 0.3787370026111603 3811
1782931019491 0.35127538442611694 3812
1782931019493 0.2819652855396271 3813
1782931019495 0.13288813829421997 3814
1782931019497 0.34632933139801025 3815
1782931019499 0.1981171816587448 3816
1782931019503 0.1673358678817749 3817
1782931019505 0.39973288774490356 3818
1782931019509 0.0957849994301796 3819
1782931019511 0.18745532631874084 3820
1782931019513 0.13613314926624298 3821
1782931019515 0.2017580270767212 3822
1782931019518 0.20512838661670685 3823
1782931019520 0.3368026316165924 3824
1782931019523 0.40336549282073975 3825
1782931019525 0.5009980201721191 3826
1782931019527 0.16263672709465027 3827
1782931019530 0.3252893388271332 3828
1782931019532 0.24756720662117004 3829
1782931019535 0.12074752897024155 3830
1782931019537 0.20202377438545227 3831
1782931019539 0.3532273769378662 3832
1782931019542 0.3398425877094269 3833
1782931019544 0.3007048964500427 3834
1782931019546 0.4743795394897461 3835
1782931019548 0.4076744019985199 3836
1782931019551 0.23080889880657196 3837
1782931019553 0.11321239173412323 3838
1782931019556 0.23072761297225952 3839
1782931019558 0.3257579207420349 3840
1782931019560 0.24887539446353912 3841
1782931019563 0.2112027108669281 3842
1782931019565 0.4642305374145508 3843
1782931019568 0.3666868805885315 3844
1782931019571 0.7310745716094971 3845
1782931019574 0.6147375106811523 3846
1782931019576 0.22713735699653625 3847
1782931019579 0.2306344360113144 3848
1782931019581 0.16125163435935974 3849
1782931019583 0.23380394279956818 3850
1782931019587 0.187558114528656 3851
1782931019589 0.3140712380409241 3852
1782931019591 0.27739185094833374 3853
1782931019595 0.2543043792247772 3854
1782931019597 0.418973445892334 3855
1782931019601 0.18552254140377045 3856
1782931019603 0.19818513095378876 3857
1782931019605 0.284187376499176 3858
1782931019607 0.22715391218662262 3859
1782931019610 0.19699929654598236 3860
1782931019612 0.21450868248939514 3861
1782931019614 0.35737344622612 3862
1782931019617 0.33530697226524353 3863
1782931019619 0.28727173805236816 3864
1782931019622 0.3415309190750122 3865
1782931019624 0.3122793138027191 3866
1782931019627 0.5201762318611145 3867
1782931019629 0.2169508934020996 3868
1782931019631 0.1436629742383957 3869
1782931019633 0.528570294380188 3870
1782931019637 0.19617566466331482 3871
1782931019640 0.273170530796051 3872
1782931019642 0.4387984871864319 3873
1782931019645 0.1432272493839264 3874
1782931019647 0.5114703178405762 3875
1782931019649 0.42055830359458923 3876
1782931019651 0.3306296169757843 3877
1782931019654 0.3422747254371643 3878
1782931019656 0.20305056869983673 3879
1782931019658 0.16747334599494934 3880
1782931019660 0.4524776041507721 3881
1782931019663 0.39198872447013855 3882
1782931019665 0.2307579070329666 3883
1782931019668 0.16754581034183502 3884
1782931019670 0.3671976625919342 3885
1782931019673 0.22957287728786469 3886
1782931019675 0.26357501745224 3887
1782931019678 0.2612314522266388 3888
1782931019681 0.14340196549892426 3889
1782931019683 0.3162183463573456 3890
1782931019686 0.27075114846229553 3891
1782931019688 0.22350886464118958 3892
1782931019691 0.20061863958835602 3893
1782931019693 0.34552860260009766 3894
1782931019696 0.559826672077179 3895
1782931019698 0.2690979540348053 3896
1782931019700 0.2150355726480484 3897
1782931019702 0.2650283873081207 3898
1782931019705 0.18180875480175018 3899
1782931019707 0.14983904361724854 3900
1782931019709 0.25101950764656067 3901
1782931019711 0.1933596432209015 3902
1782931019714 0.18225759267807007 3903
1782931019716 0.3802620470523834 3904
1782931019718 0.3487844467163086 3905
1782931019720 0.34663331508636475 3906
1782931019723 0.23405103385448456 3907
1782931019725 0.19714714586734772 3908
1782931019727 0.24362927675247192 3909
1782931019729 0.22412869334220886 3910
1782931019732 0.19408226013183594 3911
1782931019735 0.328908771276474 3912
1782931019738 0.23651573061943054 3913
1782931019740 0.3615491986274719 3914
1782931019743 0.18147799372673035 3915
1782931019745 0.5910800099372864 3916
1782931019747 0.2893470823764801 3917
1782931019750 0.27679625153541565 3918
1782931019752 0.33631205558776855 3919
1782931019754 0.3313875198364258 3920
1782931019758 0.29353877902030945 3921
1782931019760 0.30111417174339294 3922
1782931019762 0.45709556341171265 3923
1782931019765 0.4974018931388855 3924
1782931019767 0.16563668847084045 3925
1782931019769 0.2279496043920517 3926
1782931019773 0.24502091109752655 3927
1782931019775 0.16452495753765106 3928
1782931019778 0.2811417877674103 3929
1782931019780 0.21484991908073425 3930
1782931019783 0.36273613572120667 3931
1782931019786 0.5786625146865845 3932
1782931019788 0.19629071652889252 3933
1782931019790 0.4244265556335449 3934
1782931019792 0.3898506462574005 3935
1782931019796 0.23781517148017883 3936
1782931019798 0.6716238260269165 3937
1782931019800 0.23237097263336182 3938
1782931019802 0.47472915053367615 3939
1782931019805 0.21890655159950256 3940
1782931019807 0.3043835759162903 3941
1782931019809 0.19434532523155212 3942
1782931019812 0.4936787188053131 3943
1782931019814 0.4661455452442169 3944
1782931019816 0.1924702674150467 3945
1782931019818 0.25088152289390564 3946
1782931019821 0.3316628336906433 3947
1782931019823 0.2135627567768097 3948
1782931019825 0.38892948627471924 3949
1782931019828 0.2661849856376648 3950
1782931019830 0.16341078281402588 3951
1782931019832 0.27599507570266724 3952
1782931019835 0.6223629117012024 3953
1782931019837 0.19452188909053802 3954
1782931019839 0.14926409721374512 3955
1782931019842 0.2300703376531601 3956
1782931019844 0.352196604013443 3957
1782931019846 0.3411923348903656 3958
1782931019849 0.20674675703048706 3959
1782931019851 0.43071770668029785 3960
1782931019853 0.28692904114723206 3961
1782931019856 0.3144490718841553 3962
1782931019858 0.3616219758987427 3963
1782931019860 0.15088151395320892 3964
1782931019862 0.6676969528198242 3965
1782931019865 0.21282649040222168 3966
1782931019867 0.519752562046051 3967
1782931019869 0.6187964081764221 3968
1782931019871 0.22497986257076263 3969
1782931019873 0.4223453998565674 3970
1782931019876 0.5700374245643616 3971
1782931019878 0.22005997598171234 3972
1782931019880 0.12612180411815643 3973
1782931019882 0.26722148060798645 3974
1782931019885 0.22160553932189941 3975
1782931019887 0.32674211263656616 3976
1782931019890 0.3095603287220001 3977
1782931019893 0.2078598141670227 3978
1782931019895 0.18988794088363647 3979
1782931019898 0.17316347360610962 3980
1782931019900 0.13587482273578644 3981
1782931019902 0.2405737191438675 3982
1782931019905 0.39562907814979553 3983
1782931019907 0.1798347532749176 3984
1782931019909 0.27320361137390137 3985
1782931019912 0.13044406473636627 3986
1782931019914 0.26938527822494507 3987
1782931019917 0.36715713143348694 3988
1782931019919 0.32527872920036316 3989
1782931019922 0.3137214779853821 3990
1782931019924 0.21074937283992767 3991
1782931019926 0.1707696169614792 3992
1782931019928 0.32170480489730835 3993
1782931019931 0.38594257831573486 3994
1782931019933 0.19432485103607178 3995
1782931019936 0.23335084319114685 3996
1782931019938 0.23235979676246643 3997
1782931019940 0.41171565651893616 3998
1782931019943 0.3244391679763794 3999
1782931019945 0.26873713731765747 4000
1782931019947 0.2845408618450165 4001
1782931019949 0.2776261568069458 4002
1782931019952 0.2507981061935425 4003
1782931019954 0.3852148652076721 4004
1782931019956 0.19039484858512878 4005
1782931019959 0.25465962290763855 4006
1782931019961 0.2618081271648407 4007
1782931019963 0.2908932566642761 4008
1782931019966 0.2734852135181427 4009
1782931019968 0.21087099611759186 4010
1782931019970 0.31297481060028076 4011
1782931019973 0.3726990520954132 4012
1782931019975 0.18042542040348053 4013
1782931019977 0.2268514484167099 4014
1782931019980 0.30050358176231384 4015
1782931019982 0.30497387051582336 4016
1782931019986 0.26433050632476807 4017
1782931019988 0.4714062511920929 4018
1782931019990 0.2866469919681549 4019
1782931019992 0.18234078586101532 4020
1782931019995 0.4394380748271942 4021
1782931019997 0.28162726759910583 4022
1782931020000 0.3990059494972229 4023
1782931020003 0.40342777967453003 4024
1782931020006 0.34281015396118164 4025
1782931020008 0.2975419759750366 4026
1782931020011 0.22123339772224426 4027
1782931020013 0.3374665677547455 4028
1782931020016 0.2681102156639099 4029
1782931020019 0.3113056719303131 4030
1782931020022 0.433599054813385 4031
1782931020024 0.09977584332227707 4032
1782931020027 0.30612486600875854 4033
1782931020030 0.24398742616176605 4034
1782931020033 0.3250775635242462 4035
1782931020036 0.29484549164772034 4036
1782931020040 0.1797873079776764 4037
1782931020043 0.15939413011074066 4038
1782931020046 0.3583768904209137 4039
1782931020050 0.17169439792633057 4040
1782931020053 0.3334323465824127 4041
1782931020055 0.48657354712486267 4042
1782931020058 0.5679445862770081 4043
1782931020061 0.3468911051750183 4044
1782931020063 0.2378131002187729 4045
1782931020066 0.10655786842107773 4046
1782931020068 0.3461204469203949 4047
1782931020071 0.20128674805164337 4048
1782931020075 0.20293231308460236 4049
1782931020078 0.37490302324295044 4050
1782931020080 0.20096342265605927 4051
1782931020083 0.17049530148506165 4052
1782931020085 0.32986319065093994 4053
1782931020088 0.31698042154312134 4054
1782931020091 0.46838152408599854 4055
1782931020094 0.589060366153717 4056
1782931020098 0.27984490990638733 4057
1782931020101 0.19111552834510803 4058
1782931020103 0.5203704833984375 4059
1782931020106 0.2727624773979187 4060
1782931020109 0.5258836150169373 4061
1782931020111 0.5037139058113098 4062
1782931020114 0.1287701278924942 4063
1782931020116 0.34534379839897156 4064
1782931020118 0.29227593541145325 4065
1782931020121 0.24790795147418976 4066
1782931020123 0.2797473669052124 4067
1782931020126 0.14493724703788757 4068
1782931020128 0.13572140038013458 4069
1782931020130 0.31609076261520386 4070
1782931020132 0.3367624282836914 4071
1782931020135 0.5976857542991638 4072
1782931020138 0.1907951384782791 4073
1782931020140 0.22271285951137543 4074
1782931020143 0.17734399437904358 4075
1782931020145 0.39513105154037476 4076
1782931020148 0.32577604055404663 4077
1782931020150 0.1177225336432457 4078
1782931020152 0.6094917058944702 4079
1782931020155 0.3303021192550659 4080
1782931020157 0.2252454161643982 4081
1782931020160 0.20790164172649384 4082
1782931020162 0.2661616802215576 4083
1782931020164 0.5006706118583679 4084
1782931020167 0.22527006268501282 4085
1782931020169 0.24453745782375336 4086
1782931020172 0.22982245683670044 4087
1782931020174 0.44020020961761475 4088
1782931020176 0.557291567325592 4089
1782931020179 0.33195239305496216 4090
1782931020181 0.35688546299934387 4091
1782931020185 0.24017104506492615 4092
1782931020188 0.2319432646036148 4093
1782931020191 0.15371736884117126 4094
1782931020193 0.16989153623580933 4095
1782931020195 0.2819105088710785 4096
1782931020197 0.19942454993724823 4097
1782931020200 0.19302204251289368 4098
1782931020203 0.22286567091941833 4099
1782931020206 0.23536966741085052 4100
1782931020208 0.23580721020698547 4101
1782931020211 0.37598657608032227 4102
1782931020214 0.5236382484436035 4103
1782931020217 0.17710524797439575 4104
1782931020220 0.32138076424598694 4105
1782931020223 0.2537730634212494 4106
1782931020225 0.3405248820781708 4107
1782931020228 0.2646331191062927 4108
1782931020230 0.19126634299755096 4109
1782931020233 0.3097490072250366 4110
1782931020235 0.5507916212081909 4111
1782931020237 0.23236815631389618 4112
1782931020240 0.3847692012786865 4113
1782931020242 0.2526145279407501 4114
1782931020244 0.3232649862766266 4115
1782931020246 0.2401682287454605 4116
1782931020249 0.31155380606651306 4117
1782931020251 0.23313584923744202 4118
1782931020254 0.19240900874137878 4119
1782931020256 0.2697516679763794 4120
1782931020258 0.2828809320926666 4121
1782931020260 0.3319644629955292 4122
1782931020263 0.38737234473228455 4123
1782931020265 0.1322360336780548 4124
1782931020267 0.28816139698028564 4125
1782931020270 0.4978872835636139 4126
1782931020272 0.3060159683227539 4127
1782931020275 0.29987862706184387 4128
1782931020277 0.30177974700927734 4129
1782931020279 0.5075873732566833 4130
1782931020282 0.6355346441268921 4131
1782931020284 0.1975637823343277 4132
1782931020287 0.15709005296230316 4133
1782931020289 0.3627358078956604 4134
1782931020291 0.26728519797325134 4135
1782931020294 0.4251479506492615 4136
1782931020296 0.15386776626110077 4137
1782931020298 0.23435159027576447 4138
1782931020301 0.28397271037101746 4139
1782931020303 0.13478805124759674 4140
1782931020305 0.14420945942401886 4141
1782931020308 0.31404271721839905 4142
1782931020310 0.18115101754665375 4143
1782931020312 0.38162368535995483 4144
1782931020315 0.256817489862442 4145
1782931020317 0.46309250593185425 4146
1782931020319 0.17486022412776947 4147
1782931020322 0.2511298954486847 4148
1782931020324 0.3435657322406769 4149
1782931020327 0.2705237865447998 4150
1782931020329 0.23438221216201782 4151
1782931020331 0.3191256821155548 4152
1782931020334 0.4421320855617523 4153
1782931020336 0.15806275606155396 4154
1782931020338 0.28676992654800415 4155
1782931020341 0.2525021433830261 4156
1782931020343 0.43277740478515625 4157
1782931020345 0.30321621894836426 4158
1782931020347 0.3439437448978424 4159
1782931020350 0.38492390513420105 4160
1782931020352 0.38742315769195557 4161
1782931020355 0.16820496320724487 4162
1782931020357 0.1672854870557785 4163
1782931020360 0.11571527272462845 4164
1782931020362 0.2644631266593933 4165
1782931020365 0.2567889094352722 4166
1782931020367 0.33299556374549866 4167
1782931020369 0.23178631067276 4168
1782931020371 0.16056737303733826 4169
1782931020374 0.21611259877681732 4170
1782931020376 0.263406366109848 4171
1782931020379 0.26964184641838074 4172
1782931020381 0.3271506726741791 4173
1782931020383 0.43291762471199036 4174
1782931020386 0.24838899075984955 4175
1782931020388 0.409111887216568 4176
1782931020391 0.6386168003082275 4177
1782931020393 0.1846330314874649 4178
1782931020395 0.22525306046009064 4179
1782931020397 0.4448324739933014 4180
1782931020399 0.16225892305374146 4181
1782931020403 0.6188886165618896 4182
1782931020405 0.33826321363449097 4183
1782931020408 0.36821481585502625 4184
1782931020410 0.2154972106218338 4185
1782931020412 0.430158406496048 4186
1782931020414 0.3584979474544525 4187
1782931020418 0.2650887072086334 4188
1782931020420 0.25140252709388733 4189
1782931020422 0.37351271510124207 4190
1782931020425 0.21812985837459564 4191
1782931020427 0.4243294596672058 4192
1782931020429 0.1860027313232422 4193
1782931020432 0.12808898091316223 4194
1782931020434 0.20473533868789673 4195
1782931020436 0.23268412053585052 4196
1782931020439 0.697801411151886 4197
1782931020441 0.34692952036857605 4198
1782931020444 0.358746737241745 4199
1782931020446 0.33898597955703735 4200
1782931020448 0.13907913863658905 4201
1782931020451 0.24563756585121155 4202
1782931020453 0.34775274991989136 4203
1782931020455 0.39316293597221375 4204
1782931020458 0.3663623332977295 4205
1782931020460 0.44683122634887695 4206
1782931020462 0.2337598204612732 4207
1782931020464 0.4062686860561371 4208
1782931020468 0.0789465457201004 4209
1782931020470 0.28911638259887695 4210
1782931020473 0.23801825940608978 4211
1782931020475 0.2624034583568573 4212
1782931020477 0.2493220418691635 4213
1782931020479 0.2406443953514099 4214
1782931020482 0.36309489607810974 4215
1782931020484 0.1739698052406311 4216
1782931020487 0.263605535030365 4217
1782931020489 0.3698994517326355 4218
1782931020491 0.14316466450691223 4219
1782931020493 0.2838713228702545 4220
1782931020496 0.3504627048969269 4221
1782931020498 0.1789540797472 4222
1782931020500 0.24816802144050598 4223
1782931020503 0.4214174151420593 4224
1782931020505 0.2558129131793976 4225
1782931020507 0.5486811399459839 4226
1782931020509 0.3695344030857086 4227
1782931020513 0.31619134545326233 4228
1782931020515 0.4594214856624603 4229
1782931020519 0.24035733938217163 4230
1782931020522 0.34484073519706726 4231
1782931020525 0.1669820100069046 4232
1782931020527 0.20156638324260712 4233
1782931020529 0.10224056988954544 4234
1782931020532 0.23823775351047516 4235
1782931020535 0.24367070198059082 4236
1782931020537 0.1119598001241684 4237
1782931020544 0.44677698612213135 4238
1782931020549 0.16152940690517426 4239
1782931020551 0.2640586793422699 4240
1782931020556 0.14997969567775726 4241
1782931020561 0.3377729058265686 4242
1782931020565 0.21348345279693604 4243
1782931020577 0.24762964248657227 4244
1782931020579 0.165540412068367 4245
1782931020581 0.20384134352207184 4246
1782931020583 0.16811777651309967 4247
1782931020590 0.2883359491825104 4248
1782931020595 0.22659160196781158 4249
1782931020598 0.05893336981534958 4250
1782931020601 0.37792035937309265 4251
1782931020604 0.43801814317703247 4252
1782931020607 0.2688165009021759 4253
1782931020610 0.2570263743400574 4254
1782931020612 0.263393372297287 4255
1782931020615 0.463249146938324 4256
1782931020618 0.3314673900604248 4257
1782931020621 0.3280012905597687 4258
1782931020624 0.15514057874679565 4259
1782931020628 0.5017814040184021 4260
1782931020631 0.523462176322937 4261
1782931020633 0.2304736077785492 4262
1782931020637 0.39468008279800415 4263
1782931020639 0.28124019503593445 4264
1782931020642 0.26055440306663513 4265
1782931020644 0.32115551829338074 4266
1782931020647 0.14980973303318024 4267
1782931020649 0.32260504364967346 4268
1782931020652 0.6005427837371826 4269
1782931020655 0.36720097064971924 4270
1782931020657 0.1794278472661972 4271
1782931020659 0.3186017870903015 4272
1782931020662 0.19699065387248993 4273
1782931020665 0.31182846426963806 4274
1782931020667 0.270195335149765 4275
1782931020670 0.20245487987995148 4276
1782931020672 0.49945658445358276 4277
1782931020676 0.3983151614665985 4278
1782931020679 0.299687922000885 4279
1782931020682 0.25956234335899353 4280
1782931020684 0.2655075788497925 4281
1782931020687 0.3175274729728699 4282
1782931020689 0.16930294036865234 4283
1782931020691 0.15321414172649384 4284
1782931020694 0.38920149207115173 4285
1782931020696 0.6025651693344116 4286
1782931020699 0.3055749535560608 4287
1782931020701 0.24535608291625977 4288
1782931020703 0.14043597877025604 4289
1782931020706 0.4915790557861328 4290
1782931020708 0.33568960428237915 4291
1782931020710 0.2403024137020111 4292
1782931020714 0.17302444577217102 4293
1782931020716 0.4753105640411377 4294
1782931020719 0.6365223526954651 4295
1782931020722 0.13546885550022125 4296
1782931020724 0.35864362120628357 4297
1782931020726 0.21262294054031372 4298
1782931020729 0.2845222055912018 4299
1782931020731 0.519650936126709 4300
1782931020733 0.20757754147052765 4301
1782931020737 0.22345221042633057 4302
1782931020739 0.25578680634498596 4303
1782931020741 0.2321423888206482 4304
1782931020744 0.2665489912033081 4305
1782931020746 0.27107951045036316 4306
1782931020748 0.5120962858200073 4307
1782931020751 0.27766555547714233 4308
1782931020753 0.15845979750156403 4309
1782931020756 0.30353376269340515 4310
1782931020758 0.27784594893455505 4311
1782931020760 0.24534668028354645 4312
1782931020762 0.12420892715454102 4313
1782931020765 0.1816309690475464 4314
1782931020767 0.30914950370788574 4315
1782931020769 0.2633253335952759 4316
1782931020772 0.3461971580982208 4317
1782931020774 0.32737356424331665 4318
1782931020777 0.5688884854316711 4319
1782931020780 0.34591296315193176 4320
1782931020782 0.40356218814849854 4321
1782931020785 0.2932770252227783 4322
1782931020787 0.20741651952266693 4323
1782931020789 0.2563709020614624 4324
1782931020792 0.519188404083252 4325
1782931020794 0.1906190812587738 4326
1782931020797 0.255269318819046 4327
1782931020799 0.1494150608778 4328
1782931020801 0.3732061982154846 4329
1782931020804 0.5078637003898621 4330
1782931020806 0.3051173686981201 4331
1782931020808 0.29225149750709534 4332
1782931020811 0.49419260025024414 4333
1782931020813 0.3124184310436249 4334
1782931020815 0.30744174122810364 4335
1782931020818 0.3058038651943207 4336
1782931020820 0.13760966062545776 4337
1782931020822 0.19401243329048157 4338
1782931020825 0.47568437457084656 4339
1782931020827 0.3034193813800812 4340
1782931020829 0.1305488497018814 4341
1782931020831 0.2628037631511688 4342
1782931020834 0.3537249267101288 4343
1782931020836 0.15798494219779968 4344
1782931020838 0.29509273171424866 4345
1782931020841 0.21461114287376404 4346
1782931020843 0.18211495876312256 4347
1782931020845 0.21817952394485474 4348
1782931020847 0.18958646059036255 4349
1782931020850 0.529231607913971 4350
1782931020853 0.21476110816001892 4351
1782931020855 0.4175163507461548 4352
1782931020858 0.3216988444328308 4353
1782931020860 0.16765104234218597 4354
1782931020862 0.2102500945329666 4355
1782931020864 0.1718813180923462 4356
1782931020866 0.30597755312919617 4357
1782931020869 0.31108102202415466 4358
1782931020872 0.34736770391464233 4359
1782931020874 0.10000630468130112 4360
1782931020876 0.531580924987793 4361
1782931020879 0.11485882848501205 4362
1782931020880 0.3699873387813568 4363
1782931020883 0.4955514669418335 4364
1782931020885 0.2924630641937256 4365
1782931020888 0.3230668306350708 4366
1782931020890 0.3780994415283203 4367
1782931020892 0.12595853209495544 4368
1782931020894 0.14755357801914215 4369
1782931020896 0.20874077081680298 4370
1782931020898 0.318688303232193 4371
1782931020901 0.3429301679134369 4372
1782931020903 0.30319613218307495 4373
1782931020905 0.25740817189216614 4374
1782931020907 0.3266085386276245 4375
1782931020909 0.40934592485427856 4376
1782931020912 0.2520535886287689 4377
1782931020914 0.45505961775779724 4378
1782931020916 0.2854836583137512 4379
1782931020918 0.4006185829639435 4380
1782931020920 0.18640431761741638 4381
1782931020922 0.15941768884658813 4382
1782931020924 0.28449925780296326 4383
1782931020927 0.36018067598342896 4384
1782931020929 0.21295729279518127 4385
1782931020931 0.5404924154281616 4386
1782931020933 0.225557342171669 4387
1782931020937 0.20930516719818115 4388
1782931020939 0.5187641382217407 4389
1782931020941 0.21722082793712616 4390
1782931020944 0.20067952573299408 4391
1782931020946 0.28133994340896606 4392
1782931020948 0.18091686069965363 4393
1782931020951 0.2556247413158417 4394
1782931020953 0.27819254994392395 4395
1782931020955 0.3306460976600647 4396
1782931020958 0.1345178484916687 4397
1782931020960 0.25573408603668213 4398
1782931020962 0.3888711929321289 4399
1782931020964 0.48455238342285156 4400
1782931020967 0.15162402391433716 4401
1782931020970 0.32557499408721924 4402
1782931020972 0.43613460659980774 4403
1782931020976 0.27416518330574036 4404
1782931020978 0.2898586392402649 4405
1782931020980 0.32048073410987854 4406
1782931020982 0.5083956122398376 4407
1782931020985 0.44730380177497864 4408
1782931020989 0.2893954813480377 4409
1782931020991 0.3048410713672638 4410
1782931020995 0.24445974826812744 4411
1782931020998 0.3162994980812073 4412
1782931021000 0.11392293125391006 4413
1782931021003 0.3687818944454193 4414
1782931021006 0.4995361566543579 4415
1782931021008 0.316323846578598 4416
1782931021010 0.1777118742465973 4417
1782931021013 0.30819764733314514 4418
1782931021015 0.25078490376472473 4419
1782931021018 0.19805651903152466 4420
1782931021021 0.27955326437950134 4421
1782931021023 0.1451166421175003 4422
1782931021025 0.13109444081783295 4423
1782931021027 0.29682251811027527 4424
1782931021030 0.2223978489637375 4425
1782931021033 0.2946590185165405 4426
1782931021036 0.4024673104286194 4427
1782931021038 0.13662514090538025 4428
1782931021041 0.24623917043209076 4429
1782931021043 0.29983702301979065 4430
1782931021046 0.23814696073532104 4431
1782931021048 0.5098918080329895 4432
1782931021050 0.2870838940143585 4433
1782931021053 0.49937599897384644 4434
1782931021055 0.42874041199684143 4435
1782931021057 0.21503667533397675 4436
1782931021060 0.40114453434944153 4437
1782931021062 0.4949534237384796 4438
1782931021064 0.19195355474948883 4439
1782931021067 0.2809770703315735 4440
1782931021069 0.21451996266841888 4441
1782931021071 0.344647616147995 4442
1782931021074 0.6453272700309753 4443
1782931021076 0.21301186084747314 4444
1782931021079 0.297050416469574 4445
1782931021081 0.29917505383491516 4446
1782931021083 0.19725728034973145 4447
1782931021086 0.503246009349823 4448
1782931021088 0.3260919153690338 4449
1782931021090 0.1674533635377884 4450
1782931021092 0.3295198976993561 4451
1782931021095 0.23783168196678162 4452
1782931021097 0.10135895013809204 4453
1782931021099 0.17200978100299835 4454
1782931021101 0.6604371070861816 4455
1782931021104 0.45314350724220276 4456
1782931021106 0.2770373821258545 4457
1782931021109 0.45378637313842773 4458
1782931021111 0.4073905050754547 4459
1782931021113 0.21360591053962708 4460
1782931021115 0.2737148106098175 4461
1782931021118 0.296219140291214 4462
1782931021120 0.1380145102739334 4463
1782931021123 0.17915137112140656 4464
1782931021125 0.27850496768951416 4465
1782931021127 0.28619858622550964 4466
1782931021129 0.21063734591007233 4467
1782931021131 0.2575467824935913 4468
1782931021134 0.4158676266670227 4469
1782931021137 0.19850650429725647 4470
1782931021139 0.3670452833175659 4471
1782931021142 0.23249337077140808 4472
1782931021144 0.1827191412448883 4473
1782931021146 0.18917660415172577 4474
1782931021148 0.14662471413612366 4475
1782931021151 0.21456702053546906 4476
1782931021153 0.16320091485977173 4477
1782931021156 0.3840439021587372 4478
1782931021158 0.290249764919281 4479
1782931021160 0.5139357447624207 4480
1782931021162 0.1995045244693756 4481
1782931021165 0.3651094138622284 4482
1782931021167 0.30473533272743225 4483
1782931021170 0.307382196187973 4484
1782931021172 0.23756109178066254 4485
1782931021175 0.25442075729370117 4486
1782931021177 0.3080562651157379 4487
1782931021180 0.12334399670362473 4488
1782931021182 0.15057195723056793 4489
1782931021184 0.2141784429550171 4490
1782931021187 0.27253761887550354 4491
1782931021189 0.21044853329658508 4492
1782931021192 0.3216988146305084 4493
1782931021194 0.17136560380458832 4494
1782931021196 0.22508013248443604 4495
1782931021198 0.2132345288991928 4496
1782931021200 0.4237803518772125 4497
1782931021203 0.37907180190086365 4498
1782931021205 0.2961260676383972 4499
1782931021208 0.20691148936748505 4500
1782931021211 0.4144721031188965 4501
1782931021213 0.19838565587997437 4502
1782931021216 0.19052913784980774 4503
1782931021218 0.2835860550403595 4504
1782931021221 0.5357770919799805 4505
1782931021223 0.32168281078338623 4506
1782931021225 0.30008378624916077 4507
1782931021227 0.27981874346733093 4508
1782931021230 0.14774127304553986 4509
1782931021232 0.3934797942638397 4510
1782931021234 0.2876441478729248 4511
1782931021237 0.19454286992549896 4512
1782931021239 0.1732100248336792 4513
1782931021241 0.2710112929344177 4514
1782931021244 0.32305482029914856 4515
1782931021246 0.23801153898239136 4516
1782931021248 0.3395009934902191 4517
1782931021251 0.31849557161331177 4518
1782931021253 0.376558780670166 4519
1782931021255 0.20858684182167053 4520
1782931021258 0.4572005271911621 4521
1782931021260 0.3708997964859009 4522
1782931021262 0.3096897304058075 4523
1782931021264 0.21495991945266724 4524
1782931021267 0.3459133505821228 4525
1782931021269 0.4381036162376404 4526
1782931021271 0.254423052072525 4527
1782931021273 0.20050613582134247 4528
1782931021276 0.38072916865348816 4529
1782931021278 0.21108214557170868 4530
1782931021280 0.7034552097320557 4531
1782931021282 0.28690871596336365 4532
1782931021285 0.2615951597690582 4533
1782931021287 0.2217232584953308 4534
1782931021289 0.10706239193677902 4535
1782931021292 0.1247524619102478 4536
1782931021294 0.1524316668510437 4537
1782931021296 0.343472957611084 4538
1782931021298 0.4304729700088501 4539
1782931021301 0.25775158405303955 4540
1782931021303 0.381948858499527 4541
1782931021305 0.2582838833332062 4542
1782931021308 0.24686913192272186 4543
1782931021310 0.36096829175949097 4544
1782931021312 0.16973617672920227 4545
1782931021314 0.2897605895996094 4546
1782931021317 0.4659388065338135 4547
1782931021319 0.21397201716899872 4548
1782931021321 0.3519824147224426 4549
1782931021324 0.19225625693798065 4550
1782931021326 0.2923584282398224 4551
1782931021328 0.19232997298240662 4552
1782931021330 0.18720711767673492 4553
1782931021333 0.3546188473701477 4554
1782931021335 0.23113605380058289 4555
1782931021338 0.4806821644306183 4556
1782931021340 0.4180399179458618 4557
1782931021342 0.35770073533058167 4558
1782931021345 0.3018401563167572 4559
1782931021347 0.23821350932121277 4560
1782931021349 0.3760329782962799 4561
1782931021352 0.3127921521663666 4562
1782931021354 0.20816174149513245 4563
1782931021356 0.4024072289466858 4564
1782931021358 0.32260873913764954 4565
1782931021361 0.36726802587509155 4566
1782931021363 0.23431691527366638 4567
1782931021365 0.5480876564979553 4568
1782931021368 0.16528017818927765 4569
1782931021371 0.32609429955482483 4570
1782931021373 0.07027166336774826 4571
1782931021375 0.38325467705726624 4572
1782931021378 0.22264768183231354 4573
1782931021380 0.36457884311676025 4574
1782931021382 0.16633205115795135 4575
1782931021385 0.36752280592918396 4576
1782931021387 0.1866760104894638 4577
1782931021389 0.35715487599372864 4578
1782931021391 0.3745117485523224 4579
1782931021394 0.3042774200439453 4580
1782931021396 0.24042566120624542 4581
1782931021398 0.21905139088630676 4582
1782931021401 0.23947668075561523 4583
1782931021403 0.2700347304344177 4584
1782931021405 0.18235330283641815 4585
1782931021407 0.25730589032173157 4586
1782931021410 0.21692952513694763 4587
1782931021412 0.2987145185470581 4588
1782931021415 0.19936633110046387 4589
1782931021418 0.36962899565696716 4590
1782931021420 0.24018815159797668 4591
1782931021422 0.12006151676177979 4592
1782931021424 0.14163216948509216 4593
1782931021426 0.4228694438934326 4594
1782931021429 0.1402430385351181 4595
1782931021431 0.22407932579517365 4596
1782931021434 0.24235042929649353 4597
1782931021436 0.3395691514015198 4598
1782931021438 0.32599812746047974 4599
1782931021440 0.23319441080093384 4600
1782931021443 0.14972230792045593 4601
1782931021445 0.13814160227775574 4602
1782931021447 0.2613634467124939 4603
1782931021449 0.2557992935180664 4604
1782931021452 0.3314169645309448 4605
1782931021454 0.21795544028282166 4606
1782931021456 0.3840330243110657 4607
1782931021459 0.2948951721191406 4608
1782931021461 0.4299025535583496 4609
1782931021463 0.2604982852935791 4610
1782931021465 0.31996411085128784 4611
1782931021467 0.14853492379188538 4612
1782931021470 0.5052032470703125 4613
1782931021473 0.19279810786247253 4614
1782931021475 0.41964539885520935 4615
1782931021477 0.30226650834083557 4616
1782931021479 0.23726435005664825 4617
1782931021482 0.24758808314800262 4618
1782931021484 0.324005126953125 4619
1782931021487 0.33674249053001404 4620
1782931021489 0.27007654309272766 4621
1782931021491 0.3249906301498413 4622
1782931021493 0.3661389946937561 4623
1782931021496 0.16963516175746918 4624
1782931021498 0.35301315784454346 4625
1782931021500 0.2869059443473816 4626
1782931021503 0.27470359206199646 4627
1782931021505 0.40939727425575256 4628
1782931021508 0.41637110710144043 4629
1782931021510 0.24561956524848938 4630
1782931021513 0.5255546569824219 4631
1782931021515 0.11916086822748184 4632
1782931021517 0.45619291067123413 4633
1782931021520 0.40581899881362915 4634
1782931021522 0.25891396403312683 4635
1782931021525 0.27824246883392334 4636
1782931021528 0.36385461688041687 4637
1782931021530 0.5366573929786682 4638
1782931021533 0.23480530083179474 4639
1782931021535 0.1912497580051422 4640
1782931021537 0.3129463195800781 4641
1782931021540 0.3334532380104065 4642
1782931021543 0.21311558783054352 4643
1782931021545 0.22781789302825928 4644
1782931021547 0.4404480755329132 4645
1782931021549 0.2175954133272171 4646
1782931021551 0.19672711193561554 4647
1782931021554 0.2512184679508209 4648
1782931021556 0.6155557036399841 4649
1782931021558 0.24769844114780426 4650
1782931021562 0.32651883363723755 4651
1782931021564 0.18224883079528809 4652
1782931021567 0.26397207379341125 4653
1782931021569 0.5318488478660583 4654
1782931021572 0.3610585033893585 4655
1782931021574 0.46804776787757874 4656
1782931021576 0.3870871067047119 4657
1782931021579 0.1492750644683838 4658
1782931021581 0.369515985250473 4659
1782931021583 0.22396400570869446 4660
1782931021587 0.17477160692214966 4661
1782931021590 0.1265648454427719 4662
1782931021592 0.21355776488780975 4663
1782931021594 0.1369941085577011 4664
1782931021596 0.1686239093542099 4665
1782931021599 0.4155815839767456 4666
1782931021601 0.48977845907211304 4667
1782931021605 0.35139864683151245 4668
1782931021608 0.2507342994213104 4669
1782931021611 0.24381530284881592 4670
1782931021613 0.3215831518173218 4671
1782931021615 0.29645177721977234 4672
1782931021618 0.2717840075492859 4673
1782931021620 0.2993110716342926 4674
1782931021622 0.19302117824554443 4675
1782931021624 0.2670993208885193 4676
1782931021627 0.25175583362579346 4677
1782931021629 0.26029321551322937 4678
1782931021631 0.2830291986465454 4679
1782931021634 0.4440259635448456 4680
1782931021637 0.1592102348804474 4681
1782931021639 0.3479267954826355 4682
1782931021641 0.31729960441589355 4683
1782931021643 0.3909977078437805 4684
