1782931502088 2.3641960620880127 0
1782931502094 2.297820806503296 1
1782931502097 2.2352511882781982 2
1782931502100 2.206184148788452 3
1782931502103 2.0695371627807617 4
1782931502106 2.11395001411438 5
1782931502109 2.053495168685913 6
1782931502111 1.8778696060180664 7
1782931502114 1.8390237092971802 8
1782931502116 1.6859153509140015 9
1782931502119 1.7138642072677612 10
1782931502121 1.8999404907226562 11
1782931502124 1.7093206644058228 12
1782931502127 1.6928887367248535 13
1782931502129 1.7189819812774658 14
1782931502131 1.6300842761993408 15
1782931502134 1.632429599761963 16
1782931502137 1.5058155059814453 17
1782931502140 1.451858401298523 18
1782931502143 1.4732694625854492 19
1782931502145 1.7601686716079712 20
1782931502148 1.5080835819244385 21
1782931502150 1.3433291912078857 22
1782931502153 1.260434627532959 23
1782931502155 1.334342122077942 24
1782931502158 1.0539244413375854 25
1782931502161 0.9772118926048279 26
1782931502163 1.076820969581604 27
1782931502166 1.144490361213684 28
1782931502168 1.1198146343231201 29
1782931502171 0.9797688126564026 30
1782931502173 0.8782006502151489 31
1782931502176 1.0395190715789795 32
1782931502178 1.0136806964874268 33
1782931502181 0.9010812044143677 34
1782931502183 0.9823271036148071 35
1782931502186 0.8218420743942261 36
1782931502188 0.8532323241233826 37
1782931502191 0.7904129028320312 38
1782931502193 0.9566710591316223 39
1782931502196 0.8240247964859009 40
1782931502198 0.8012213706970215 41
1782931502201 0.7540590763092041 42
1782931502203 0.7829381823539734 43
1782931502206 0.6483842134475708 44
1782931502208 0.8415712118148804 45
1782931502211 0.7108513116836548 46
1782931502214 0.9229488968849182 47
1782931502216 0.713707685470581 48
1782931502219 0.7493612170219421 49
1782931502221 0.861836850643158 50
1782931502224 0.896134078502655 51
1782931502226 0.7668165564537048 52
1782931502229 0.8025149703025818 53
1782931502232 0.5066580772399902 54
1782931502234 0.5296758413314819 55
1782931502237 0.5135396122932434 56
1782931502239 0.9054945111274719 57
1782931502246 0.6416902542114258 58
1782931502248 0.6415382623672485 59
1782931502251 0.8629501461982727 60
1782931502253 0.6783548593521118 61
1782931502256 0.4462427794933319 62
1782931502259 0.6285830140113831 63
1782931502261 0.870282769203186 64
1782931502264 0.4695150852203369 65
1782931502266 0.5385388135910034 66
1782931502269 0.5892408490180969 67
1782931502271 0.5698310136795044 68
1782931502274 0.4981757700443268 69
1782931502277 0.5099215507507324 70
1782931502281 0.8367934823036194 71
1782931502284 0.6187116503715515 72
1782931502287 0.84040367603302 73
1782931502291 0.5658758282661438 74
1782931502293 0.7055057883262634 75
1782931502296 0.6076037883758545 76
1782931502298 0.5079987645149231 77
1782931502301 0.6454676985740662 78
1782931502304 0.547266960144043 79
1782931502308 0.8715816140174866 80
1782931502310 0.7128732204437256 81
1782931502313 0.5374865531921387 82
1782931502315 0.3852364122867584 83
1782931502319 0.7851207256317139 84
1782931502323 0.6277569532394409 85
1782931502327 0.4660657048225403 86
1782931502330 0.858335554599762 87
1782931502334 0.6015743017196655 88
1782931502338 0.5228898525238037 89
1782931502342 0.45087260007858276 90
1782931502346 0.5534459352493286 91
1782931502348 0.6345334053039551 92
1782931502351 0.5339169502258301 93
1782931502354 0.5238240361213684 94
1782931502357 0.6975072026252747 95
1782931502360 0.9705191254615784 96
1782931502362 0.42475244402885437 97
1782931502365 0.5936483144760132 98
1782931502367 0.35554957389831543 99
1782931502370 0.5277295112609863 100
1782931502372 0.6688836812973022 101
1782931502375 0.4213370978832245 102
1782931502378 0.5765243768692017 103
1782931502380 0.6143051981925964 104
1782931502383 0.3850316107273102 105
1782931502387 1.201791763305664 106
1782931502390 0.7576954364776611 107
1782931502393 0.3907072842121124 108
1782931502396 0.48890846967697144 109
1782931502398 0.5499320030212402 110
1782931502401 0.41654467582702637 111
1782931502404 0.40886637568473816 112
1782931502409 0.4720713496208191 113
1782931502412 0.33970025181770325 114
1782931502414 0.7448354363441467 115
1782931502417 0.45410579442977905 116
1782931502419 0.48585233092308044 117
1782931502422 0.5774787068367004 118
1782931502425 0.49776211380958557 119
1782931502428 0.4400310218334198 120
1782931502432 0.4699862599372864 121
1782931502436 0.3585798144340515 122
1782931502440 0.3667598366737366 123
1782931502444 0.7082919478416443 124
1782931502447 0.5938244462013245 125
1782931502451 0.6499494314193726 126
1782931502454 0.29356294870376587 127
1782931502457 0.6743487119674683 128
1782931502461 0.6820990443229675 129
1782931502464 0.41106560826301575 130
1782931502468 0.6929520964622498 131
1782931502473 0.6622348427772522 132
1782931502476 0.3648577630519867 133
1782931502480 0.40751057863235474 134
1782931502483 0.6401560306549072 135
1782931502487 1.0255893468856812 136
1782931502490 0.4524294435977936 137
1782931502494 0.18572913110256195 138
1782931502498 0.35966938734054565 139
1782931502502 0.3660527765750885 140
1782931502507 0.36865153908729553 141
1782931502510 0.6402719020843506 142
1782931502514 0.5442150831222534 143
1782931502518 0.4664950668811798 144
1782931502522 0.3195897936820984 145
1782931502526 0.6612275838851929 146
1782931502530 0.34533601999282837 147
1782931502534 0.47802814841270447 148
1782931502538 0.4616398215293884 149
1782931502542 0.3782803416252136 150
1782931502545 0.36171117424964905 151
1782931502550 0.36093392968177795 152
1782931502555 0.4588492512702942 153
1782931502560 0.6398361325263977 154
1782931502563 0.39472854137420654 155
1782931502567 0.2618695795536041 156
1782931502571 0.47910141944885254 157
1782931502575 0.2871202230453491 158
1782931502578 0.5352262854576111 159
1782931502583 0.3460726737976074 160
1782931502586 0.44692012667655945 161
1782931502589 0.5438967347145081 162
1782931502593 0.5896339416503906 163
1782931502597 0.5085219740867615 164
1782931502603 0.5998576283454895 165
1782931502607 0.1551474928855896 166
1782931502611 0.5334153175354004 167
1782931502615 0.7191093564033508 168
1782931502626 0.41628575325012207 169
1782931502628 0.19258901476860046 170
1782931502631 0.5866372585296631 171
1782931502634 0.4276596009731293 172
1782931502636 0.5075363516807556 173
1782931502639 0.31780049204826355 174
1782931502644 0.34192755818367004 175
1782931502651 0.4260788559913635 176
1782931502655 0.6151841878890991 177
1782931502660 0.3844122886657715 178
1782931502663 0.48177972435951233 179
1782931502665 0.9073995351791382 180
1782931502668 0.4918854832649231 181
1782931502670 0.49321839213371277 182
1782931502673 0.646889865398407 183
1782931502676 0.37097156047821045 184
1782931502678 0.37613755464553833 185
1782931502681 0.2939773201942444 186
1782931502683 0.2988470792770386 187
1782931502685 0.5812534093856812 188
1782931502688 0.1883511245250702 189
1782931502691 0.4038489758968353 190
1782931502693 0.23397432267665863 191
1782931502696 0.3940577507019043 192
1782931502698 0.4179031550884247 193
1782931502701 0.4492400586605072 194
1782931502703 0.2718639373779297 195
1782931502706 0.718841552734375 196
1782931502709 0.32731494307518005 197
1782931502711 0.3887130916118622 198
1782931502714 0.3932499885559082 199
1782931502716 0.164707750082016 200
1782931502719 0.6116286516189575 201
1782931502721 0.7243616580963135 202
1782931502724 0.24908789992332458 203
1782931502727 0.26608961820602417 204
1782931502730 0.39670655131340027 205
1782931502732 0.7263011932373047 206
1782931502735 0.4773712456226349 207
1782931502738 0.2279379814863205 208
1782931502741 0.5035706162452698 209
1782931502744 0.44319987297058105 210
1782931502746 0.47659415006637573 211
1782931502748 0.38351601362228394 212
1782931502751 0.6661894917488098 213
1782931502753 0.9065739512443542 214
1782931502756 0.37588492035865784 215
1782931502759 0.4554102122783661 216
1782931502761 0.3304709494113922 217
1782931502764 0.6775692105293274 218
1782931502766 0.598555326461792 219
1782931502769 0.540428638458252 220
1782931502772 0.21423695981502533 221
1782931502775 0.664687991142273 222
1782931502777 0.36950159072875977 223
1782931502780 0.2797930836677551 224
1782931502782 0.23458178341388702 225
1782931502785 0.34571197628974915 226
1782931502787 0.35133644938468933 227
1782931502790 0.29480451345443726 228
1782931502793 0.7183535695075989 229
1782931502797 0.3880421817302704 230
1782931502800 0.8510563373565674 231
1782931502802 0.5460276007652283 232
1782931502805 0.5814787149429321 233
1782931502809 0.38324883580207825 234
1782931502811 0.6319957971572876 235
1782931502814 0.3204179108142853 236
1782931502816 0.40920841693878174 237
1782931502819 0.36387768387794495 238
1782931502824 0.2406897246837616 239
1782931502828 0.41476064920425415 240
1782931502830 0.22114521265029907 241
1782931502833 0.3792106509208679 242
1782931502835 0.7090124487876892 243
1782931502838 0.5698729753494263 244
1782931502841 0.6087497472763062 245
1782931502844 0.5504592657089233 246
1782931502846 0.2525516152381897 247
1782931502849 0.39448070526123047 248
1782931502852 0.41293156147003174 249
1782931502855 0.446429580450058 250
1782931502858 0.3473244309425354 251
1782931502861 0.4547785520553589 252
1782931502863 0.21922902762889862 253
1782931502866 0.4190163016319275 254
1782931502868 0.5344273447990417 255
1782931502871 0.33226752281188965 256
1782931502874 0.31649255752563477 257
1782931502876 0.49958258867263794 258
1782931502879 0.3089224100112915 259
1782931502881 0.29160168766975403 260
1782931502883 0.5601386427879333 261
1782931502886 0.5434143543243408 262
1782931502888 0.2626146376132965 263
1782931502891 0.40817415714263916 264
1782931502894 0.6435703039169312 265
1782931502896 0.539223313331604 266
1782931502899 0.7622467279434204 267
1782931502901 0.5568233728408813 268
1782931502904 0.7028002738952637 269
1782931502909 0.2811177670955658 270
1782931502913 0.20955076813697815 271
1782931502937 0.3705991804599762 272
1782931502940 0.178400456905365 273
1782931502943 0.7693411707878113 274
1782931502945 0.27161192893981934 275
1782931502948 0.3720424175262451 276
1782931502950 0.32690462470054626 277
1782931502953 0.5072693228721619 278
1782931502956 0.55559241771698 279
1782931502958 0.35220810770988464 280
1782931502961 0.431842565536499 281
1782931502963 0.7214950323104858 282
1782931502966 0.555029571056366 283
1782931502968 0.2340524047613144 284
1782931502971 0.2269054800271988 285
1782931502974 0.6339628100395203 286
1782931502977 0.24894194304943085 287
1782931502979 0.5830088257789612 288
1782931502982 0.5407215356826782 289
1782931502985 0.5853199362754822 290
1782931502991 0.6040937900543213 291
1782931502994 0.42730697989463806 292
1782931502997 0.23935317993164062 293
1782931502999 0.29767194390296936 294
1782931503001 0.4370337724685669 295
1782931503004 0.27443817257881165 296
1782931503007 0.37411370873451233 297
1782931503009 0.5186601281166077 298
1782931503012 0.3238455057144165 299
1782931503014 0.22955505549907684 300
1782931503017 0.41403284668922424 301
1782931503019 0.48524966835975647 302
1782931503022 0.679452121257782 303
1782931503025 0.4563639760017395 304
1782931503027 0.4696454107761383 305
1782931503029 0.30830538272857666 306
1782931503032 0.2597772479057312 307
1782931503034 0.3662493824958801 308
1782931503037 0.2919948101043701 309
1782931503040 0.6737664937973022 310
1782931503042 0.1834956556558609 311
1782931503045 0.4302547574043274 312
1782931503047 0.7054840922355652 313
1782931503050 0.6891235709190369 314
1782931503052 0.38264548778533936 315
1782931503055 0.3725881576538086 316
1782931503058 0.20197993516921997 317
1782931503060 0.17418166995048523 318
1782931503063 0.37618905305862427 319
1782931503065 0.22467981278896332 320
1782931503068 0.4615737497806549 321
1782931503070 0.5360320210456848 322
1782931503073 0.5320784449577332 323
1782931503076 0.1807485818862915 324
1782931503078 0.46289873123168945 325
1782931503081 0.5673046708106995 326
1782931503083 0.2487674355506897 327
1782931503086 0.20821347832679749 328
1782931503088 0.4779996871948242 329
1782931503091 0.4125256836414337 330
1782931503094 0.29176244139671326 331
1782931503096 0.3081238269805908 332
1782931503099 0.3471331000328064 333
1782931503101 0.4363734722137451 334
1782931503104 0.27267301082611084 335
1782931503107 0.48739367723464966 336
1782931503109 0.37071579694747925 337
1782931503112 0.5993304252624512 338
1782931503114 0.30996182560920715 339
1782931503117 0.26156604290008545 340
1782931503119 0.3256211578845978 341
1782931503122 0.3420165777206421 342
1782931503125 0.2059573382139206 343
1782931503128 0.28374218940734863 344
1782931503131 0.31156203150749207 345
1782931503134 0.49783316254615784 346
1782931503136 0.6172299981117249 347
1782931503139 0.19376449286937714 348
1782931503142 0.39507153630256653 349
1782931503144 0.3591631352901459 350
1782931503147 0.3200053870677948 351
1782931503149 0.30869194865226746 352
1782931503152 0.6911817789077759 353
1782931503155 0.28353720903396606 354
1782931503157 0.4553854167461395 355
1782931503160 0.16372773051261902 356
1782931503163 0.3405359983444214 357
1782931503165 0.6308056712150574 358
1782931503168 0.32129594683647156 359
1782931503170 0.3958165943622589 360
1782931503175 0.1883319467306137 361
1782931503177 0.27306461334228516 362
1782931503180 0.4719080626964569 363
1782931503182 0.42997413873672485 364
1782931503185 0.4863888621330261 365
1782931503188 0.22568558156490326 366
1782931503191 0.4061400890350342 367
1782931503193 0.5251615047454834 368
1782931503196 0.5382032990455627 369
1782931503198 0.05546532943844795 370
1782931503201 0.3331657946109772 371
1782931503203 0.18035517632961273 372
1782931503206 0.38251206278800964 373
1782931503209 0.47878575325012207 374
1782931503211 0.3600575625896454 375
1782931503214 0.4501734673976898 376
1782931503216 0.48143085837364197 377
1782931503219 0.5074158310890198 378
1782931503222 0.1663316935300827 379
1782931503224 0.2440415620803833 380
1782931503228 0.5640838742256165 381
1782931503231 0.853053867816925 382
1782931503234 0.2729422450065613 383
1782931503236 0.30997365713119507 384
1782931503239 0.2420223355293274 385
1782931503242 0.2714349627494812 386
1782931503244 0.5178195238113403 387
1782931503247 0.32435014843940735 388
1782931503249 0.45357465744018555 389
1782931503252 0.5765465497970581 390
1782931503254 0.40780210494995117 391
1782931503258 0.4349321126937866 392
1782931503260 0.19295276701450348 393
1782931503263 0.318803995847702 394
1782931503265 0.4425172507762909 395
1782931503268 0.18453437089920044 396
1782931503270 0.24636748433113098 397
1782931503273 0.1860458254814148 398
1782931503276 0.40410465002059937 399
1782931503279 0.360444039106369 400
1782931503288 0.17472237348556519 401
1782931503291 0.24003008008003235 402
1782931503294 0.2297837734222412 403
1782931503300 0.18997624516487122 404
1782931503303 0.24087968468666077 405
1782931503347 0.35010406374931335 406
1782931503350 0.4599769413471222 407
1782931503353 0.32001903653144836 408
1782931503357 0.40971386432647705 409
1782931503359 0.26030224561691284 410
1782931503362 0.36590149998664856 411
1782931503364 0.5947301983833313 412
1782931503367 0.5536266565322876 413
1782931503369 0.27869313955307007 414
1782931503372 0.28230175375938416 415
1782931503375 0.4280446469783783 416
1782931503378 0.20147377252578735 417
1782931503380 0.5012072324752808 418
1782931503383 0.17665430903434753 419
1782931503385 0.20390823483467102 420
1782931503388 0.5323339104652405 421
1782931503391 0.40024617314338684 422
1782931503394 0.24216502904891968 423
1782931503396 0.31932777166366577 424
1782931503399 0.1879841387271881 425
1782931503401 0.291691392660141 426
1782931503404 0.20947907865047455 427
1782931503407 0.4284491539001465 428
1782931503410 0.2475576400756836 429
1782931503412 0.3862649202346802 430
1782931503415 0.7015396952629089 431
1782931503418 0.6136816143989563 432
1782931503420 0.19617517292499542 433
1782931503423 0.5888818502426147 434
1782931503426 0.573986828327179 435
1782931503450 0.2262807935476303 436
1782931503453 0.14983439445495605 437
1782931503457 1.0409621000289917 438
1782931503460 0.46082693338394165 439
1782931503462 0.5186577439308167 440
1782931503465 0.19969813525676727 441
1782931503467 0.2758634686470032 442
1782931503470 0.3374890685081482 443
1782931503472 0.49190860986709595 444
1782931503475 0.3810904026031494 445
1782931503477 0.7616298198699951 446
1782931503480 0.693993330001831 447
1782931503482 0.20435523986816406 448
1782931503484 0.7688287496566772 449
1782931503487 0.24870160222053528 450
1782931503489 0.39039847254753113 451
1782931503492 0.5588306784629822 452
1782931503494 0.3503596782684326 453
1782931503497 0.3877184987068176 454
1782931503499 0.5186776518821716 455
1782931503502 0.4812534749507904 456
1782931503504 0.5146346688270569 457
1782931503507 0.4290802478790283 458
1782931503511 0.5036157965660095 459
1782931503514 0.26764339208602905 460
1782931503517 0.4881991147994995 461
1782931503519 0.27282530069351196 462
1782931503522 0.32132861018180847 463
1782931503525 0.1803922802209854 464
1782931503527 0.31844404339790344 465
1782931503530 0.2786175310611725 466
1782931503532 0.1801302134990692 467
1782931503535 0.496083527803421 468
1782931503538 0.5749802589416504 469
1782931503541 0.3865542709827423 470
1782931503544 0.41803523898124695 471
1782931503546 0.132310688495636 472
1782931503549 0.2516685426235199 473
1782931503551 0.34406518936157227 474
1782931503554 0.45233315229415894 475
1782931503557 0.46415457129478455 476
1782931503559 0.5176689624786377 477
1782931503562 0.7671893835067749 478
1782931503564 0.33202266693115234 479
1782931503567 0.511546790599823 480
1782931503569 0.4754159152507782 481
1782931503572 0.4157385230064392 482
1782931503575 0.22020214796066284 483
1782931503578 0.3678154945373535 484
1782931503581 0.1830640435218811 485
1782931503584 0.368861585855484 486
1782931503586 0.4630820155143738 487
1782931503589 0.6131344437599182 488
1782931503591 0.6611754298210144 489
1782931503594 0.4381948709487915 490
1782931503596 0.38643500208854675 491
1782931503599 0.23398274183273315 492
1782931503601 0.15160346031188965 493
1782931503604 0.21428750455379486 494
1782931503607 0.3407522141933441 495
1782931503610 0.30104613304138184 496
1782931503612 0.48551416397094727 497
1782931503614 0.45723626017570496 498
1782931503617 0.23392198979854584 499
1782931503622 0.19046637415885925 500
1782931503625 0.1804324835538864 501
1782931503628 0.3685932159423828 502
1782931503630 0.1606387346982956 503
1782931503633 0.16863474249839783 504
1782931503635 0.3413146734237671 505
1782931503638 0.20510779321193695 506
1782931503641 0.3558271527290344 507
1782931503643 0.23349060118198395 508
1782931503646 0.24838264286518097 509
1782931503648 0.47491684556007385 510
1782931503651 0.20828667283058167 511
1782931503653 0.19520267844200134 512
1782931503656 0.2380710244178772 513
1782931503659 0.280567467212677 514
1782931503661 0.46735483407974243 515
1782931503664 0.5404921770095825 516
1782931503666 0.2904273569583893 517
1782931503669 0.43987715244293213 518
1782931503672 0.27612146735191345 519
1782931503675 0.5045414566993713 520
1782931503677 0.33455562591552734 521
1782931503680 0.17545977234840393 522
1782931503682 0.106883704662323 523
1782931503684 0.2891122102737427 524
1782931503687 0.3594728112220764 525
1782931503690 0.6001976728439331 526
1782931503693 0.09903252869844437 527
1782931503696 0.5233359336853027 528
1782931503698 0.22082141041755676 529
1782931503701 0.4840547442436218 530
1782931503703 0.41516542434692383 531
1782931503706 0.7388759255409241 532
1782931503709 0.29997363686561584 533
1782931503712 0.3974485993385315 534
1782931503715 0.513005256652832 535
1782931503717 0.20038197934627533 536
1782931503720 0.16627301275730133 537
1782931503723 0.1858658790588379 538
1782931503726 0.7357341051101685 539
1782931503729 0.3562089204788208 540
1782931503731 0.3076093792915344 541
1782931503734 0.6799823045730591 542
1782931503736 0.3003431558609009 543
1782931503739 0.20548459887504578 544
1782931503742 0.25236088037490845 545
1782931503745 0.23284181952476501 546
1782931503747 0.1557086557149887 547
1782931503750 0.3734027147293091 548
1782931503752 0.28394684195518494 549
1782931503755 0.4762387275695801 550
1782931503758 0.16862985491752625 551
1782931503761 0.1659168154001236 552
1782931503764 0.40798500180244446 553
1782931503767 0.31690263748168945 554
1782931503769 0.5300840139389038 555
1782931503773 0.09690792858600616 556
1782931503776 0.4481647312641144 557
1782931503778 0.2833382785320282 558
1782931503781 0.6810795068740845 559
1782931503783 0.1375836580991745 560
1782931503786 0.12585976719856262 561
1782931503789 0.45090386271476746 562
1782931503792 0.34895533323287964 563
1782931503795 0.12538383901119232 564
1782931503799 0.26576927304267883 565
1782931503801 0.2560971975326538 566
1782931503805 0.23453915119171143 567
1782931503808 0.36658209562301636 568
1782931503810 0.5244463086128235 569
1782931503813 0.11256389319896698 570
1782931503815 0.631371021270752 571
1782931503818 0.45543792843818665 572
1782931503821 0.36065444350242615 573
1782931503824 0.6560244560241699 574
1782931503827 0.1676633656024933 575
1782931503830 0.2883627116680145 576
1782931503832 0.5269214510917664 577
1782931503835 0.6953157782554626 578
1782931503837 0.5527289509773254 579
1782931503840 0.5132014751434326 580
1782931503843 0.45635396242141724 581
1782931503846 0.49757489562034607 582
1782931503848 0.33465784788131714 583
1782931503851 0.39109766483306885 584
1782931503854 0.1492968052625656 585
1782931503858 0.3620910346508026 586
1782931503860 0.2277669459581375 587
1782931503863 0.39776015281677246 588
1782931503868 0.4582832157611847 589
1782931503871 0.14510391652584076 590
1782931503875 0.45558059215545654 591
1782931503877 0.15822967886924744 592
1782931503880 0.25651875138282776 593
1782931503882 0.3064192235469818 594
1782931503885 0.3430675268173218 595
1782931503887 0.2790573239326477 596
1782931503891 0.09312354028224945 597
1782931503894 0.7117215991020203 598
1782931503896 0.668424129486084 599
1782931503899 0.3691745698451996 600
1782931503901 0.13152627646923065 601
1782931503905 0.37561169266700745 602
1782931503909 0.2535725235939026 603
1782931503911 0.32330071926116943 604
1782931503914 0.40011000633239746 605
1782931503916 0.45800232887268066 606
1782931503919 0.3500535488128662 607
1782931503922 0.21940957009792328 608
1782931503925 0.18807309865951538 609
1782931503928 0.5051389932632446 610
1782931503930 0.5765813589096069 611
1782931503933 0.2083737552165985 612
1782931503936 0.4463639259338379 613
1782931503939 0.1252758800983429 614
1782931503942 0.3810301721096039 615
1782931503944 0.5318368673324585 616
1782931503947 0.33453884720802307 617
1782931503949 0.31948211789131165 618
1782931503952 0.2511695623397827 619
1782931503954 0.1340559720993042 620
1782931503957 0.34181052446365356 621
1782931503960 0.21952734887599945 622
1782931503962 0.248405322432518 623
1782931503965 0.3762094974517822 624
1782931503968 0.20740264654159546 625
1782931503972 0.4336538016796112 626
1782931503976 0.17052564024925232 627
1782931503980 0.13315707445144653 628
1782931503983 0.3207969665527344 629
1782931503987 0.275340735912323 630
1782931503991 0.21654531359672546 631
1782931503994 0.2535049617290497 632
1782931503998 0.20340538024902344 633
1782931504002 0.22675833106040955 634
1782931504006 0.2823977470397949 635
1782931504010 0.19705143570899963 636
1782931504014 0.4791412651538849 637
1782931504017 0.5197551846504211 638
1782931504020 0.15900035202503204 639
1782931504028 0.22924259305000305 640
1782931504032 0.27666401863098145 641
1782931504035 0.3291325271129608 642
1782931504050 0.5060790777206421 643
1782931504063 0.3375089168548584 644
1782931504074 0.3140844404697418 645
1782931504105 0.4140268862247467 646
1782931504109 0.4058644771575928 647
1782931504113 0.18620985746383667 648
1782931504129 0.2683747410774231 649
1782931504136 0.37222230434417725 650
1782931504143 0.18148118257522583 651
1782931504147 0.17285040020942688 652
1782931504151 0.31126031279563904 653
1782931504154 0.3127250373363495 654
1782931504159 0.4225379228591919 655
1782931504163 0.6549208760261536 656
1782931504166 0.12326066195964813 657
1782931504170 0.1186181902885437 658
1782931504175 0.22791574895381927 659
1782931504178 0.2218492329120636 660
1782931504182 0.3335731625556946 661
1782931504186 0.19376544654369354 662
1782931504192 0.3651212155818939 663
1782931504196 0.09462711215019226 664
1782931504200 0.406342089176178 665
1782931504204 0.26306718587875366 666
1782931504208 0.16416974365711212 667
1782931504212 0.24034051597118378 668
1782931504216 0.18659177422523499 669
1782931504219 0.21497754752635956 670
1782931504223 0.31632786989212036 671
1782931504227 0.17609722912311554 672
1782931504231 0.27393674850463867 673
1782931504234 0.202004536986351 674
1782931504238 0.08347500115633011 675
1782931504242 0.789567232131958 676
1782931504246 0.334455668926239 677
1782931504249 0.21526330709457397 678
1782931504253 0.552858293056488 679
1782931504257 0.11626951396465302 680
1782931504261 0.5555480122566223 681
1782931504265 0.09937822073698044 682
1782931504269 0.4492861032485962 683
1782931504273 0.11454170942306519 684
1782931504277 0.189183309674263 685
1782931504281 0.28071314096450806 686
1782931504285 0.29325470328330994 687
1782931504290 0.2069782167673111 688
1782931504294 0.25150465965270996 689
1782931504297 0.5443954467773438 690
1782931504301 0.2899976372718811 691
1782931504305 0.14714334905147552 692
1782931504309 0.20260368287563324 693
1782931504313 0.2005579173564911 694
1782931504316 0.8272320628166199 695
1782931504321 0.38192683458328247 696
1782931504325 0.15798354148864746 697
1782931504329 0.23657196760177612 698
1782931504332 0.10766764730215073 699
1782931504336 0.27659720182418823 700
1782931504341 0.2670634984970093 701
1782931504345 0.5105701088905334 702
1782931504348 0.43283769488334656 703
1782931504352 0.5238704085350037 704
1782931504356 0.48181697726249695 705
1782931504359 0.3214355707168579 706
1782931504363 0.15065860748291016 707
1782931504366 0.2856157124042511 708
1782931504369 0.4129927456378937 709
1782931504373 0.1849202662706375 710
1782931504377 0.5431999564170837 711
1782931504380 0.2768869996070862 712
1782931504384 0.3060900568962097 713
1782931504387 0.4934351146221161 714
1782931504391 0.2479170858860016 715
1782931504395 0.12827102839946747 716
1782931504398 0.2480505108833313 717
1782931504401 0.8795639276504517 718
1782931504405 0.39386945962905884 719
1782931504409 0.31667497754096985 720
1782931504413 0.11417332291603088 721
1782931504416 0.3246004283428192 722
1782931504420 0.35272377729415894 723
1782931504425 0.533244252204895 724
1782931504429 0.5094539523124695 725
1782931504432 0.15358035266399384 726
1782931504436 0.3824005722999573 727
1782931504439 0.3447757065296173 728
1782931504444 0.44958433508872986 729
1782931504448 0.3318116366863251 730
1782931504451 0.19353511929512024 731
1782931504455 0.34037017822265625 732
1782931504459 0.21406111121177673 733
1782931504463 0.4512736201286316 734
1782931504466 0.30261343717575073 735
1782931504470 0.17653056979179382 736
1782931504474 0.25106847286224365 737
1782931504479 0.41870635747909546 738
1782931504483 0.2962111234664917 739
1782931504487 0.8628331422805786 740
1782931504492 0.2765190303325653 741
1782931504496 0.15707531571388245 742
1782931504500 0.3522011637687683 743
1782931504503 0.2589678466320038 744
1782931504507 0.17428812384605408 745
1782931504511 0.13325448334217072 746
1782931504515 0.48248764872550964 747
1782931504518 0.162139430642128 748
1782931504523 0.5735526084899902 749
1782931504527 0.4379303753376007 750
1782931504531 0.1636800915002823 751
1782931504534 0.3805847465991974 752
1782931504539 0.23809921741485596 753
1782931504543 0.8022191524505615 754
1782931504547 0.39370080828666687 755
1782931504550 0.24046418070793152 756
1782931504554 0.16353408992290497 757
1782931504558 0.2193950116634369 758
1782931504562 0.41130495071411133 759
1782931504566 0.1843109130859375 760
1782931504569 0.3849794268608093 761
1782931504573 0.2949563264846802 762
1782931504577 0.3250352144241333 763
1782931504580 0.24041129648685455 764
1782931504584 0.17210540175437927 765
1782931504587 0.15682025253772736 766
1782931504592 0.18453380465507507 767
1782931504596 0.2602003514766693 768
1782931504599 0.2794705033302307 769
1782931504602 0.29051700234413147 770
1782931504606 0.43302494287490845 771
1782931504610 0.24869483709335327 772
1782931504613 0.4068213105201721 773
1782931504617 0.2835250198841095 774
1782931504624 0.31792277097702026 775
1782931504636 0.46820104122161865 776
1782931504639 0.11005809158086777 777
1782931504643 0.485826313495636 778
1782931504645 0.6067695021629333 779
1782931504651 0.32161229848861694 780
1782931504654 0.5591654777526855 781
1782931504657 0.26112261414527893 782
1782931504660 0.20272116363048553 783
1782931504662 0.36598241329193115 784
1782931504665 0.6712526679039001 785
1782931504668 0.414008229970932 786
1782931504671 0.12206890434026718 787
1782931504676 0.20939140021800995 788
1782931504679 0.30175915360450745 789
1782931504682 0.1666409969329834 790
1782931504686 0.8214061856269836 791
1782931504703 0.22919131815433502 792
1782931504708 0.3764924108982086 793
1782931504711 0.873180091381073 794
1782931504714 0.3395353853702545 795
1782931504718 0.1530354768037796 796
1782931504723 0.43457984924316406 797
1782931504727 0.22099298238754272 798
1782931504731 0.3423517644405365 799
1782931504736 0.42781028151512146 800
1782931504740 0.13841687142848969 801
1782931504744 0.18766385316848755 802
1782931504747 0.17721538245677948 803
1782931504750 0.38796377182006836 804
1782931504756 0.13662701845169067 805
1782931504760 0.11651670187711716 806
1782931504764 0.3149801194667816 807
1782931504767 0.278016060590744 808
1782931504771 0.4094504415988922 809
1782931504774 0.24627162516117096 810
1782931504778 0.2638932466506958 811
1782931504781 0.545264482498169 812
1782931504785 0.32789120078086853 813
1782931504788 0.06354831904172897 814
1782931504793 0.5106146931648254 815
1782931504797 0.2143867313861847 816
1782931504800 0.46877771615982056 817
1782931504803 0.4166533350944519 818
1782931504808 0.32421600818634033 819
1782931504811 0.5944768190383911 820
1782931504814 0.22305642068386078 821
1782931504818 0.2563076913356781 822
1782931504822 0.2099803239107132 823
1782931504826 0.6686012744903564 824
1782931504829 0.449817031621933 825
1782931504833 0.2438371777534485 826
1782931504836 0.37311768531799316 827
1782931504841 0.1664259135723114 828
1782931504845 0.3043455481529236 829
1782931504848 0.3501732349395752 830
1782931504851 0.2541763484477997 831
1782931504855 0.12270994484424591 832
1782931504859 0.46779221296310425 833
1782931504862 0.3944283127784729 834
1782931504866 0.19840671122074127 835
1782931504869 0.6193065643310547 836
1782931504873 0.2990683913230896 837
1782931504877 0.5872650146484375 838
1782931504880 0.1818867325782776 839
1782931504884 0.24064770340919495 840
1782931504888 0.22219912707805634 841
1782931504891 0.305881142616272 842
1782931504895 0.395440012216568 843
1782931504898 0.19689558446407318 844
1782931504902 0.16209863126277924 845
1782931504906 0.18655535578727722 846
1782931504910 0.194484680891037 847
1782931504913 0.311398983001709 848
1782931504917 0.38595476746559143 849
1782931504920 0.1832125186920166 850
1782931504924 0.2631112039089203 851
1782931504928 0.18588362634181976 852
1782931504932 0.1401958167552948 853
1782931504935 0.24848835170269012 854
1782931504940 0.26977241039276123 855
1782931504943 0.5176668763160706 856
1782931504947 0.3765409290790558 857
1782931504950 0.22406147420406342 858
1782931504954 0.4565368890762329 859
1782931504958 0.3335334062576294 860
1782931504961 0.6680803298950195 861
1782931504965 0.42253226041793823 862
1782931504968 0.39197003841400146 863
1782931504974 0.6078914999961853 864
1782931504980 0.3286208212375641 865
1782931504983 0.32905301451683044 866
1782931504997 0.4951390326023102 867
1782931505003 0.3557170629501343 868
1782931505006 0.4353352189064026 869
1782931505010 0.25763142108917236 870
1782931505014 0.2747528553009033 871
1782931505017 0.15012827515602112 872
1782931505021 0.1452401876449585 873
1782931505024 0.536914587020874 874
1782931505028 0.24842828512191772 875
1782931505031 0.3429940342903137 876
1782931505035 0.23258379101753235 877
1782931505038 0.21796008944511414 878
1782931505042 0.3191068768501282 879
1782931505045 0.30991172790527344 880
1782931505049 0.434851735830307 881
1782931505052 0.29048290848731995 882
1782931505056 0.3032517433166504 883
1782931505060 0.2559070587158203 884
1782931505063 0.5115090608596802 885
1782931505067 0.3645351231098175 886
1782931505070 0.17533305287361145 887
1782931505076 0.2519207000732422 888
1782931505079 0.2131175398826599 889
1782931505084 0.38245418667793274 890
1782931505087 0.5663937330245972 891
1782931505091 0.38727784156799316 892
1782931505095 0.45838767290115356 893
1782931505099 0.23351094126701355 894
1782931505102 0.1778324395418167 895
1782931505106 0.2444494366645813 896
1782931505109 0.38094642758369446 897
1782931505113 0.3367141783237457 898
1782931505117 0.23140156269073486 899
1782931505120 0.2553073465824127 900
1782931505125 0.2562674283981323 901
1782931505128 0.3348865509033203 902
1782931505132 0.2592361569404602 903
1782931505135 0.41770729422569275 904
1782931505141 0.4062243402004242 905
1782931505146 0.23101820051670074 906
1782931505149 0.21887746453285217 907
1782931505153 0.3775842487812042 908
1782931505159 0.1755600869655609 909
1782931505164 0.5417503118515015 910
1782931505168 0.37714192271232605 911
1782931505171 0.19585351645946503 912
1782931505175 0.1410176008939743 913
1782931505181 0.13314564526081085 914
1782931505185 0.1796124130487442 915
1782931505188 0.19887255132198334 916
1782931505193 0.17867645621299744 917
1782931505196 0.10429016500711441 918
1782931505200 0.2214963585138321 919
1782931505203 0.2868020236492157 920
1782931505207 0.12118539214134216 921
1782931505211 0.41120004653930664 922
1782931505214 0.3663826882839203 923
1782931505218 0.4113110899925232 924
1782931505221 0.5374476313591003 925
1782931505225 0.16068637371063232 926
1782931505228 0.08061913400888443 927
1782931505232 0.35176441073417664 928
1782931505235 0.33267417550086975 929
1782931505239 0.42998024821281433 930
1782931505243 0.27504709362983704 931
1782931505246 0.16514955461025238 932
1782931505249 0.2357952743768692 933
1782931505253 0.31800132989883423 934
1782931505256 0.24900276958942413 935
1782931505260 0.16201196610927582 936
1782931505263 0.15185697376728058 937
1782931505267 0.3160146176815033 938
1782931505270 0.1249435767531395 939
1782931505274 0.18431372940540314 940
1782931505277 0.20377670228481293 941
1782931505281 0.2383836954832077 942
1782931505284 0.14496618509292603 943
1782931505287 0.17887893319129944 944
1782931505292 0.5627502202987671 945
1782931505296 0.13055139780044556 946
1782931505299 0.26810917258262634 947
1782931505303 0.21530276536941528 948
1782931505308 0.0551297552883625 949
1782931505311 0.2731848955154419 950
1782931505315 0.344844251871109 951
1782931505318 0.23777425289154053 952
1782931505322 0.5013526678085327 953
1782931505326 0.10983163118362427 954
1782931505329 0.32130521535873413 955
1782931505332 0.3404797613620758 956
1782931505338 0.03206397220492363 957
1782931505343 0.18263866007328033 958
1782931505346 0.4255921542644501 959
1782931505349 0.0988067239522934 960
1782931505352 0.08607687056064606 961
1782931505356 0.2832295000553131 962
1782931505361 0.21641583740711212 963
1782931505365 0.3389687240123749 964
1782931505387 0.35805514454841614 965
1782931505390 0.3663027882575989 966
1782931505394 0.3408230245113373 967
1782931505398 0.4052048325538635 968
1782931505401 0.2693040072917938 969
1782931505405 0.20307430624961853 970
1782931505414 0.10991402715444565 971
1782931505417 0.3668017089366913 972
1782931505420 0.3452320694923401 973
1782931505425 0.2564161717891693 974
1782931505428 0.2258514016866684 975
1782931505432 0.36369773745536804 976
1782931505436 0.3258141577243805 977
1782931505439 0.16950595378875732 978
1782931505443 0.3002251088619232 979
1782931505446 0.4174833297729492 980
1782931505450 0.2930040657520294 981
1782931505453 0.355734258890152 982
1782931505457 0.3178359270095825 983
1782931505462 0.11604472994804382 984
1782931505465 0.1890060156583786 985
1782931505469 0.5711118578910828 986
1782931505472 0.3068230152130127 987
1782931505476 0.5726255774497986 988
1782931505480 0.3528314232826233 989
1782931505484 0.28436240553855896 990
1782931505487 0.12721160054206848 991
1782931505491 0.21510644257068634 992
1782931505495 0.03794135898351669 993
1782931505498 0.1008143275976181 994
1782931505501 0.3050473630428314 995
1782931505505 0.19421041011810303 996
1782931505509 0.19992291927337646 997
1782931505513 0.22800882160663605 998
1782931505516 0.2692986726760864 999
1782931505519 0.17437228560447693 1000
1782931505523 0.23097270727157593 1001
1782931505527 0.3470490276813507 1002
1782931505532 0.13794159889221191 1003
1782931505536 0.14167150855064392 1004
1782931505539 0.11729375272989273 1005
1782931505544 0.12639601528644562 1006
1782931505547 0.17344410717487335 1007
1782931505551 0.27925610542297363 1008
1782931505554 0.2505069673061371 1009
1782931505558 0.2796962261199951 1010
1782931505562 0.1166645735502243 1011
1782931505565 0.17821447551250458 1012
1782931505569 0.3429323136806488 1013
1782931505573 0.22623547911643982 1014
1782931505577 0.2772050201892853 1015
1782931505581 0.5149029493331909 1016
1782931505584 0.40670618414878845 1017
1782931505589 0.19260667264461517 1018
1782931505595 0.4222685694694519 1019
1782931505599 0.2715175747871399 1020
1782931505603 0.16851773858070374 1021
1782931505607 0.2191571742296219 1022
1782931505610 0.2591498792171478 1023
1782931505614 0.5008502006530762 1024
1782931505617 0.45456087589263916 1025
1782931505621 0.1801193356513977 1026
1782931505627 0.24817736446857452 1027
1782931505632 0.18548963963985443 1028
1782931505636 0.09488938748836517 1029
1782931505639 0.4188665747642517 1030
1782931505643 0.12018958479166031 1031
1782931505647 0.6188021898269653 1032
1782931505650 0.26204782724380493 1033
1782931505653 0.1421143114566803 1034
1782931505658 0.2592281103134155 1035
1782931505661 0.09572162479162216 1036
1782931505665 0.319153368473053 1037
1782931505669 0.2723448872566223 1038
1782931505672 0.19361279904842377 1039
1782931505678 0.1832742691040039 1040
1782931505682 0.44931352138519287 1041
1782931505685 0.2867526412010193 1042
1782931505689 0.36493897438049316 1043
1782931505692 0.742363691329956 1044
1782931505696 0.2784877419471741 1045
1782931505699 0.32586178183555603 1046
1782931505703 0.28841322660446167 1047
1782931505706 0.25014591217041016 1048
1782931505710 0.3913767337799072 1049
1782931505713 0.37729358673095703 1050
1782931505717 0.12233688682317734 1051
1782931505720 0.3415724039077759 1052
1782931505724 0.17032314836978912 1053
1782931505728 0.09958356618881226 1054
1782931505731 0.10503336787223816 1055
1782931505735 0.11640260368585587 1056
1782931505738 0.9148575663566589 1057
1782931505742 0.3695530891418457 1058
1782931505746 0.31911909580230713 1059
1782931505749 0.22394810616970062 1060
1782931505752 0.113956980407238 1061
1782931505757 0.22527606785297394 1062
1782931505760 0.3574634790420532 1063
1782931505764 0.151034414768219 1064
1782931505767 0.1990557760000229 1065
1782931505770 0.2740681767463684 1066
1782931505775 0.16840380430221558 1067
1782931505780 0.4902361035346985 1068
1782931505783 0.12623174488544464 1069
1782931505787 0.6761668920516968 1070
1782931505791 0.16700667142868042 1071
1782931505794 0.20179815590381622 1072
1782931505798 0.2990681529045105 1073
1782931505801 0.08842477947473526 1074
1782931505805 0.13074469566345215 1075
1782931505809 0.41484513878822327 1076
1782931505813 0.4202657639980316 1077
1782931505816 0.3261879086494446 1078
1782931505820 0.25631290674209595 1079
1782931505824 0.4249894917011261 1080
1782931505827 0.18382765352725983 1081
1782931505831 0.24421699345111847 1082
1782931505834 0.08529360592365265 1083
1782931505837 0.28760483860969543 1084
1782931505842 0.22998659312725067 1085
1782931505845 0.22206194698810577 1086
1782931505849 0.3961249887943268 1087
1782931505852 0.2075934112071991 1088
1782931505856 0.24663537740707397 1089
1782931505860 0.7330228686332703 1090
1782931505863 0.3006591498851776 1091
1782931505866 0.1943867951631546 1092
1782931505870 0.33308500051498413 1093
1782931505874 0.2836528420448303 1094
1782931505877 0.17772120237350464 1095
1782931505881 0.17486143112182617 1096
1782931505885 0.188282772898674 1097
1782931505888 0.22010453045368195 1098
1782931505892 0.1281302273273468 1099
1782931505896 0.24663503468036652 1100
1782931505899 0.30702587962150574 1101
1782931505902 0.33852288126945496 1102
1782931505906 0.08850313723087311 1103
1782931505910 0.2819288372993469 1104
1782931505914 0.14995241165161133 1105
1782931505918 0.23874038457870483 1106
1782931505921 0.34454718232154846 1107
1782931505925 0.16352790594100952 1108
1782931505928 0.39369314908981323 1109
1782931505932 0.2805637717247009 1110
1782931505936 0.18888825178146362 1111
1782931505943 0.16481223702430725 1112
1782931505946 0.2066253125667572 1113
1782931505950 0.24327850341796875 1114
1782931505954 0.24848608672618866 1115
1782931505960 0.17491593956947327 1116
1782931505964 0.31185752153396606 1117
1782931505967 0.3770863711833954 1118
1782931505970 0.23705993592739105 1119
1782931505974 0.25110092759132385 1120
1782931505978 0.70657879114151 1121
1782931505981 0.43560999631881714 1122
1782931505984 0.18342158198356628 1123
1782931505987 0.4481526017189026 1124
1782931505992 0.21179817616939545 1125
1782931505997 0.21725167334079742 1126
1782931506000 0.23499785363674164 1127
1782931506004 0.17276614904403687 1128
1782931506012 0.21881648898124695 1129
1782931506017 0.10391611605882645 1130
1782931506021 0.20347748696804047 1131
1782931506027 0.19310630857944489 1132
1782931506030 0.3372861444950104 1133
1782931506034 0.0642961636185646 1134
1782931506039 0.054926663637161255 1135
1782931506043 0.09403113275766373 1136
1782931506047 0.2367372065782547 1137
1782931506051 0.0585404597222805 1138
1782931506054 0.027318114414811134 1139
1782931506058 0.2640494108200073 1140
1782931506062 0.184189110994339 1141
1782931506065 0.24502062797546387 1142
1782931506069 0.22469712793827057 1143
1782931506072 0.2341894805431366 1144
1782931506076 0.07154325395822525 1145
1782931506080 0.38875612616539 1146
1782931506083 0.14882996678352356 1147
1782931506091 0.49153944849967957 1148
1782931506095 0.2432508021593094 1149
1782931506098 0.3616616725921631 1150
1782931506102 0.20954275131225586 1151
1782931506106 0.5390679240226746 1152
1782931506110 0.1410556435585022 1153
1782931506113 0.3002321124076843 1154
1782931506117 0.08769556879997253 1155
1782931506120 0.2949853837490082 1156
1782931506124 0.035977285355329514 1157
1782931506128 0.31015077233314514 1158
1782931506131 0.23304320871829987 1159
1782931506134 0.05683436989784241 1160
1782931506139 0.2674180269241333 1161
1782931506142 0.08380157500505447 1162
1782931506146 0.26373472809791565 1163
1782931506149 0.07383064180612564 1164
1782931506152 0.34881162643432617 1165
1782931506156 0.28113865852355957 1166
1782931506160 0.39038413763046265 1167
1782931506164 0.4272709786891937 1168
1782931506167 0.1358775496482849 1169
1782931506170 0.07506321370601654 1170
1782931506174 0.2447405457496643 1171
1782931506178 0.349094420671463 1172
1782931506193 0.42753174901008606 1173
1782931506198 0.20617586374282837 1174
1782931506202 0.07700593769550323 1175
1782931506206 0.18639370799064636 1176
1782931506210 0.3044508397579193 1177
1782931506215 0.19206014275550842 1178
1782931506218 0.6292637586593628 1179
1782931506223 0.1664610207080841 1180
1782931506227 0.1439722329378128 1181
1782931506230 0.3785463869571686 1182
1782931506234 0.47244974970817566 1183
1782931506237 0.3447500467300415 1184
1782931506241 0.4827602505683899 1185
1782931506245 0.07319457828998566 1186
1782931506248 0.28978604078292847 1187
1782931506251 0.5315503478050232 1188
1782931506255 0.45341676473617554 1189
1782931506260 0.713813066482544 1190
1782931506263 0.32532575726509094 1191
1782931506267 0.43180423974990845 1192
1782931506270 0.2849741578102112 1193
1782931506274 0.3939739763736725 1194
1782931506279 0.20221760869026184 1195
1782931506282 0.11642001569271088 1196
1782931506286 0.16757889091968536 1197
1782931506290 0.4821416437625885 1198
1782931506297 0.12387215346097946 1199
1782931506300 0.44442951679229736 1200
1782931506304 0.20915603637695312 1201
1782931506308 0.14975795149803162 1202
1782931506311 0.09300210326910019 1203
1782931506315 0.246816486120224 1204
1782931506318 0.10965432226657867 1205
1782931506322 0.4618215560913086 1206
1782931506325 0.4530465602874756 1207
1782931506329 0.2660427987575531 1208
1782931506332 0.30751240253448486 1209
1782931506336 0.7053519487380981 1210
1782931506340 0.25175803899765015 1211
1782931506343 0.3789466619491577 1212
1782931506347 0.4524696469306946 1213
1782931506350 0.23823139071464539 1214
1782931506353 0.8851855397224426 1215
1782931506357 0.22242951393127441 1216
1782931506361 0.0939272791147232 1217
1782931506364 0.1671675145626068 1218
1782931506368 0.14385037124156952 1219
1782931506372 0.1644238531589508 1220
1782931506375 0.23178629577159882 1221
1782931506379 0.323979914188385 1222
1782931506382 0.34869733452796936 1223
1782931506386 0.2736409306526184 1224
1782931506392 0.24159595370292664 1225
1782931506399 0.3479606509208679 1226
1782931506403 0.1215905100107193 1227
1782931506408 0.3227895498275757 1228
1782931506412 0.10330848395824432 1229
1782931506415 0.18483604490756989 1230
1782931506419 0.3827666938304901 1231
1782931506423 0.32835298776626587 1232
1782931506427 0.25572705268859863 1233
1782931506430 0.49007025361061096 1234
1782931506433 0.1026257574558258 1235
1782931506438 0.17859569191932678 1236
1782931506453 0.23750726878643036 1237
1782931506458 0.26909127831459045 1238
1782931506462 0.40794458985328674 1239
1782931506465 0.19996993243694305 1240
1782931506469 0.38597598671913147 1241
1782931506474 0.5645370483398438 1242
1782931506477 0.12484440207481384 1243
1782931506481 0.21543869376182556 1244
1782931506484 0.08485374599695206 1245
1782931506488 0.22509387135505676 1246
1782931506493 0.5605322122573853 1247
1782931506496 0.3868487775325775 1248
1782931506500 0.22711707651615143 1249
1782931506503 0.16716758906841278 1250
1782931506507 0.16567273437976837 1251
1782931506511 0.49064356088638306 1252
1782931506514 0.24544720351696014 1253
1782931506518 0.20104588568210602 1254
1782931506521 0.2005065232515335 1255
1782931506525 0.4918191432952881 1256
1782931506529 0.24472321569919586 1257
1782931506532 0.37530142068862915 1258
1782931506536 0.20606090128421783 1259
1782931506539 0.31150996685028076 1260
1782931506543 0.25887441635131836 1261
1782931506546 0.3501369059085846 1262
1782931506550 0.15372778475284576 1263
1782931506553 0.23289746046066284 1264
1782931506557 0.10265698283910751 1265
1782931506561 0.49423205852508545 1266
1782931506565 0.31641316413879395 1267
1782931506568 0.099149189889431 1268
1782931506572 0.3830795884132385 1269
1782931506576 0.25136813521385193 1270
1782931506579 0.18892160058021545 1271
1782931506582 0.1690838634967804 1272
1782931506586 0.36141449213027954 1273
1782931506589 0.41745224595069885 1274
1782931506593 0.3043183982372284 1275
1782931506596 0.03607185557484627 1276
1782931506600 0.09234686195850372 1277
1782931506603 0.19524233043193817 1278
1782931506608 0.08201472461223602 1279
1782931506611 0.3223307430744171 1280
1782931506615 0.11010277271270752 1281
1782931506618 0.3599127531051636 1282
1782931506622 0.13696937263011932 1283
1782931506626 0.25101932883262634 1284
1782931506629 0.180852010846138 1285
1782931506633 0.12262541800737381 1286
1782931506637 0.12121521681547165 1287
1782931506642 0.2099056839942932 1288
1782931506645 0.18255117535591125 1289
1782931506649 0.24369359016418457 1290
1782931506652 0.4232180416584015 1291
1782931506657 0.19802790880203247 1292
1782931506660 0.1319095343351364 1293
1782931506664 0.10516200959682465 1294
1782931506667 0.07658111304044724 1295
1782931506673 0.15801098942756653 1296
1782931506678 0.13198253512382507 1297
1782931506681 0.4299328625202179 1298
1782931506685 0.1331297755241394 1299
1782931506689 0.2413785606622696 1300
1782931506695 0.29978376626968384 1301
1782931506698 0.33868396282196045 1302
1782931506702 0.4156665503978729 1303
1782931506706 0.30622202157974243 1304
1782931506710 0.2733975052833557 1305
1782931506714 0.14888693392276764 1306
1782931506718 0.19293543696403503 1307
1782931506722 0.5162502527236938 1308
1782931506725 0.27092063426971436 1309
1782931506729 0.503803014755249 1310
1782931506732 0.13130851089954376 1311
1782931506736 0.45184022188186646 1312
1782931506740 0.20713849365711212 1313
1782931506743 0.08531542122364044 1314
1782931506747 0.188436821103096 1315
1782931506751 0.1844538003206253 1316
1782931506754 0.1295318454504013 1317
1782931506758 0.505415678024292 1318
1782931506761 0.19135279953479767 1319
1782931506766 0.13308453559875488 1320
1782931506770 0.10863317549228668 1321
1782931506775 0.19799385964870453 1322
1782931506780 0.047350358217954636 1323
1782931506784 0.2614966332912445 1324
1782931506787 0.252173513174057 1325
1782931506793 0.169789656996727 1326
1782931506797 0.2927435636520386 1327
1782931506800 0.16629336774349213 1328
1782931506804 0.35838058590888977 1329
1782931506808 0.20216180384159088 1330
1782931506812 0.12282342463731766 1331
1782931506815 0.20327657461166382 1332
1782931506819 0.4067966043949127 1333
1782931506823 0.12178126722574234 1334
1782931506827 0.4962666630744934 1335
1782931506830 0.5133538246154785 1336
1782931506833 0.16855183243751526 1337
1782931506837 0.5575769543647766 1338
1782931506841 0.22275032103061676 1339
1782931506845 0.07939572632312775 1340
1782931506848 0.15940994024276733 1341
1782931506852 0.08791510760784149 1342
1782931506856 0.1804724782705307 1343
1782931506860 0.21155089139938354 1344
1782931506863 0.26044487953186035 1345
1782931506867 0.19567687809467316 1346
1782931506871 0.11264688521623611 1347
1782931506875 0.3496009111404419 1348
1782931506878 0.17668133974075317 1349
1782931506882 0.3863736391067505 1350
1782931506885 0.20317910611629486 1351
1782931506889 0.09129263460636139 1352
1782931506892 0.2123326063156128 1353
1782931506896 0.21053853631019592 1354
1782931506899 0.168620303273201 1355
1782931506903 0.5157517194747925 1356
1782931506908 0.15272802114486694 1357
1782931506911 0.10995195806026459 1358
1782931506915 0.2597014009952545 1359
1782931506918 0.04421565681695938 1360
1782931506922 0.3112536072731018 1361
1782931506926 0.09103986620903015 1362
1782931506929 0.2156350016593933 1363
1782931506932 0.1158590242266655 1364
1782931506936 0.2735825479030609 1365
1782931506940 0.3276824951171875 1366
1782931506943 0.561875581741333 1367
1782931506947 0.19706523418426514 1368
1782931506950 0.37548965215682983 1369
1782931506953 0.16242480278015137 1370
1782931506957 0.1526535153388977 1371
1782931506961 0.45826590061187744 1372
1782931506965 0.4121524393558502 1373
1782931506968 0.20433767139911652 1374
1782931506972 0.2590722143650055 1375
1782931506976 0.3193250298500061 1376
1782931506979 0.20291367173194885 1377
1782931506983 0.19412323832511902 1378
1782931506987 0.2512824833393097 1379
1782931506990 0.18970540165901184 1380
1782931506994 0.10691922903060913 1381
1782931506997 0.5882576107978821 1382
1782931507000 0.23168861865997314 1383
1782931507004 0.16329309344291687 1384
1782931507008 0.10964121669530869 1385
1782931507012 0.07827479392290115 1386
1782931507016 0.1678576022386551 1387
1782931507019 0.3760581910610199 1388
1782931507024 0.3968048393726349 1389
1782931507029 0.28601205348968506 1390
1782931507033 0.1045432761311531 1391
1782931507037 0.09090304374694824 1392
1782931507041 0.2159457802772522 1393
1782931507045 0.35010847449302673 1394
1782931507048 0.3474826216697693 1395
1782931507051 0.267537921667099 1396
1782931507057 0.15957927703857422 1397
1782931507060 0.29141125082969666 1398
1782931507064 0.21263892948627472 1399
1782931507067 0.10066790878772736 1400
1782931507070 0.34904688596725464 1401
1782931507074 0.0686575323343277 1402
1782931507077 0.2333896905183792 1403
1782931507081 0.33488309383392334 1404
1782931507084 0.07240711897611618 1405
1782931507093 0.3828004002571106 1406
1782931507097 0.18536357581615448 1407
1782931507100 0.10536818951368332 1408
1782931507103 0.34165170788764954 1409
1782931507107 0.3318935036659241 1410
1782931507111 0.12378942966461182 1411
1782931507114 0.5955026745796204 1412
1782931507118 0.16751468181610107 1413
1782931507122 0.30430299043655396 1414
1782931507125 0.14849072694778442 1415
1782931507129 0.2703309655189514 1416
1782931507132 0.7287241816520691 1417
1782931507135 0.10647537559270859 1418
1782931507139 0.2780364453792572 1419
1782931507142 0.288526326417923 1420
1782931507146 0.14842002093791962 1421
1782931507149 0.2139143943786621 1422
1782931507153 0.17981143295764923 1423
1782931507157 0.1238548681139946 1424
1782931507161 0.12181659787893295 1425
1782931507164 0.20912864804267883 1426
1782931507167 0.2238328754901886 1427
1782931507171 0.2655426859855652 1428
1782931507175 0.2831585109233856 1429
1782931507178 0.30857786536216736 1430
1782931507181 0.3279421329498291 1431
1782931507185 0.1935247927904129 1432
1782931507188 0.184346005320549 1433
1782931507192 0.5606604218482971 1434
1782931507196 0.1645009070634842 1435
1782931507199 0.27588942646980286 1436
1782931507202 0.6394044160842896 1437
1782931507206 0.20393915474414825 1438
1782931507209 0.16431254148483276 1439
1782931507213 0.35470035672187805 1440
1782931507217 0.1399029642343521 1441
1782931507220 0.11573901772499084 1442
1782931507223 0.35612693428993225 1443
1782931507227 0.10385532677173615 1444
1782931507231 0.10614378750324249 1445
1782931507234 0.22050023078918457 1446
1782931507238 0.12776684761047363 1447
1782931507241 0.43700525164604187 1448
1782931507245 0.26036304235458374 1449
1782931507249 0.33087411522865295 1450
1782931507252 0.11326248198747635 1451
1782931507256 0.4783332645893097 1452
1782931507260 0.34118789434432983 1453
1782931507264 0.1181187853217125 1454
1782931507267 0.07712317258119583 1455
1782931507272 0.26082271337509155 1456
1782931507276 0.14170826971530914 1457
1782931507279 0.11412220448255539 1458
1782931507282 0.28570061922073364 1459
1782931507286 0.09791054576635361 1460
1782931507290 0.2997047007083893 1461
1782931507293 0.2892117202281952 1462
1782931507298 0.24109765887260437 1463
1782931507303 0.052009694278240204 1464
1782931507307 0.6502989530563354 1465
1782931507310 0.3113684058189392 1466
1782931507314 0.14384597539901733 1467
1782931507317 0.19886095821857452 1468
1782931507321 0.08235487341880798 1469
1782931507325 0.10059161484241486 1470
1782931507328 0.6786929965019226 1471
1782931507332 0.2669002413749695 1472
1782931507335 0.26617497205734253 1473
1782931507338 0.2125609666109085 1474
1782931507342 0.08719146251678467 1475
1782931507345 0.10225865244865417 1476
1782931507349 0.17002160847187042 1477
1782931507352 0.1421542912721634 1478
1782931507355 0.20751263201236725 1479
1782931507359 0.127887561917305 1480
1782931507363 0.5886792540550232 1481
1782931507366 0.14595459401607513 1482
1782931507372 0.3753024935722351 1483
1782931507376 0.22571320831775665 1484
1782931507380 0.2531743049621582 1485
1782931507383 0.1460571140050888 1486
1782931507388 0.12749232351779938 1487
1782931507395 0.2727714776992798 1488
1782931507398 0.23412221670150757 1489
1782931507402 0.601408839225769 1490
1782931507407 0.2716549038887024 1491
1782931507410 0.08765744417905807 1492
1782931507414 0.19767332077026367 1493
1782931507419 0.16552598774433136 1494
1782931507423 0.4305521845817566 1495
1782931507427 0.10209990292787552 1496
1782931507430 0.24744080007076263 1497
1782931507433 0.2581532299518585 1498
1782931507437 0.15134434401988983 1499
1782931507440 0.36547309160232544 1500
1782931507444 0.2997112572193146 1501
1782931507450 0.1613277941942215 1502
1782931507454 0.12127426266670227 1503
1782931507458 0.280558317899704 1504
1782931507462 0.03517822176218033 1505
1782931507465 0.19947589933872223 1506
1782931507468 0.08773335814476013 1507
1782931507471 0.12014997005462646 1508
1782931507476 0.1825912892818451 1509
1782931507479 0.04303344711661339 1510
1782931507482 0.16045880317687988 1511
1782931507485 0.21607019007205963 1512
1782931507491 0.2929700016975403 1513
1782931507494 0.4757651090621948 1514
1782931507498 0.2173508256673813 1515
1782931507501 0.18767687678337097 1516
1782931507505 0.21801921725273132 1517
1782931507529 0.17509913444519043 1518
1782931507536 0.15568020939826965 1519
1782931507542 0.6191849708557129 1520
1782931507548 0.4755234122276306 1521
1782931507554 0.2889265716075897 1522
1782931507558 0.11124669015407562 1523
1782931507561 0.30624106526374817 1524
1782931507564 0.1124609038233757 1525
1782931507568 0.14984130859375 1526
1782931507572 0.16331756114959717 1527
1782931507576 0.37375468015670776 1528
1782931507579 0.4349879324436188 1529
1782931507583 0.13421185314655304 1530
1782931507586 0.13990850746631622 1531
1782931507590 0.21224619448184967 1532
1782931507593 0.28136971592903137 1533
1782931507597 0.14507506787776947 1534
1782931507600 0.1418391317129135 1535
1782931507603 0.19026461243629456 1536
1782931507608 0.23802044987678528 1537
1782931507612 0.08423390984535217 1538
1782931507615 0.5350742340087891 1539
1782931507621 0.23375657200813293 1540
1782931507625 0.35637158155441284 1541
1782931507628 0.43274351954460144 1542
1782931507632 0.5658290386199951 1543
1782931507635 0.2842034697532654 1544
1782931507640 0.11370543390512466 1545
1782931507644 0.13588912785053253 1546
1782931507648 0.06411708146333694 1547
1782931507651 0.20761598646640778 1548
1782931507655 0.15770278871059418 1549
1782931507659 0.2936802804470062 1550
1782931507662 0.2679452896118164 1551
1782931507666 0.0729803591966629 1552
1782931507669 0.21554601192474365 1553
1782931507673 0.21510078012943268 1554
1782931507678 0.08747228980064392 1555
1782931507682 0.49546414613723755 1556
1782931507687 0.17247825860977173 1557
1782931507692 0.22090139985084534 1558
1782931507695 0.06283947080373764 1559
1782931507699 0.5661419630050659 1560
1782931507703 0.21560683846473694 1561
1782931507709 0.1800566166639328 1562
1782931507713 0.17737509310245514 1563
1782931507717 0.306825190782547 1564
1782931507721 0.055754031985998154 1565
1782931507725 0.5411351919174194 1566
1782931507729 0.1751590222120285 1567
1782931507732 0.14097613096237183 1568
1782931507736 0.11612601578235626 1569
1782931507740 0.44852036237716675 1570
1782931507744 0.4298606514930725 1571
1782931507747 0.08604301512241364 1572
1782931507751 0.2514300048351288 1573
1782931507757 0.11502980440855026 1574
1782931507761 0.2789435088634491 1575
1782931507764 0.10611771047115326 1576
1782931507768 0.29130083322525024 1577
1782931507771 0.08614692836999893 1578
1782931507776 0.1132267490029335 1579
1782931507780 0.18176992237567902 1580
1782931507783 0.20550794899463654 1581
1782931507787 0.2093804031610489 1582
1782931507791 0.1134866252541542 1583
1782931507795 0.7514844536781311 1584
1782931507799 0.1230245903134346 1585
1782931507802 0.4759034812450409 1586
1782931507806 0.15057174861431122 1587
1782931507810 0.20734289288520813 1588
1782931507813 0.30090832710266113 1589
1782931507816 0.1890890747308731 1590
1782931507820 0.22712688148021698 1591
1782931507824 0.14753243327140808 1592
1782931507827 0.08251343667507172 1593
1782931507831 0.2894952893257141 1594
1782931507834 0.1780199408531189 1595
1782931507838 0.15580318868160248 1596
1782931507841 0.09462880343198776 1597
1782931507845 0.1505754590034485 1598
1782931507849 0.40334248542785645 1599
1782931507852 0.13111256062984467 1600
1782931507856 0.4287320077419281 1601
1782931507860 0.20837271213531494 1602
1782931507863 0.30020859837532043 1603
1782931507867 0.13739892840385437 1604
1782931507870 0.1189546287059784 1605
1782931507874 0.4168003499507904 1606
1782931507877 0.4460888206958771 1607
1782931507880 0.04616411030292511 1608
1782931507884 0.08450131863355637 1609
1782931507887 0.4091876447200775 1610
1782931507891 0.2772351801395416 1611
1782931507895 0.13642029464244843 1612
1782931507898 0.09665488451719284 1613
1782931507902 0.22620488703250885 1614
1782931507905 0.021108025684952736 1615
1782931507909 0.24036143720149994 1616
1782931507913 0.14067097008228302 1617
1782931507916 0.10408233106136322 1618
1782931507919 0.04317028447985649 1619
1782931507923 0.6122313141822815 1620
1782931507927 0.30914604663848877 1621
1782931507931 0.17888092994689941 1622
1782931507934 0.029555240646004677 1623
1782931507938 0.12457454204559326 1624
1782931507942 0.45683130621910095 1625
1782931507946 0.13942761719226837 1626
1782931507949 0.1428302675485611 1627
1782931507952 0.13999813795089722 1628
1782931507956 0.06066616252064705 1629
1782931507959 0.22290614247322083 1630
1782931507963 0.13619406521320343 1631
1782931507966 0.1376817524433136 1632
1782931507969 0.14394497871398926 1633
1782931507974 0.2561381757259369 1634
1782931507977 0.23809155821800232 1635
1782931507981 0.36849361658096313 1636
1782931507984 0.1423618197441101 1637
1782931507988 0.35276851058006287 1638
1782931507992 0.26461249589920044 1639
1782931507996 0.2184068113565445 1640
1782931507999 0.18642501533031464 1641
1782931508004 0.23123225569725037 1642
1782931508009 0.3426998257637024 1643
1782931508012 0.33206450939178467 1644
1782931508016 0.28893187642097473 1645
1782931508019 0.1230461522936821 1646
1782931508023 0.2749392092227936 1647
1782931508026 0.2506447732448578 1648
1782931508030 0.12593944370746613 1649
1782931508033 0.1597663313150406 1650
1782931508037 0.12353409081697464 1651
1782931508041 0.07625356316566467 1652
1782931508045 0.04290889576077461 1653
1782931508048 0.054248642176389694 1654
1782931508052 0.06697917729616165 1655
1782931508055 0.4238482117652893 1656
1782931508060 0.13807833194732666 1657
1782931508064 0.06945115327835083 1658
1782931508068 0.08297621458768845 1659
1782931508072 0.19779445230960846 1660
1782931508076 0.4932175874710083 1661
1782931508079 0.1208861768245697 1662
1782931508082 0.26832154393196106 1663
1782931508086 0.30082520842552185 1664
1782931508091 0.13993725180625916 1665
1782931508096 0.20621567964553833 1666
1782931508099 0.08366852253675461 1667
1782931508103 0.02577625960111618 1668
1782931508107 0.3578507900238037 1669
1782931508110 0.0770675465464592 1670
1782931508114 0.09194374829530716 1671
1782931508117 0.12338590621948242 1672
1782931508120 0.32472383975982666 1673
1782931508124 0.1852271854877472 1674
1782931508132 0.0655197873711586 1675
1782931508135 0.11972976475954056 1676
1782931508139 0.09155096113681793 1677
1782931508143 0.21961209177970886 1678
1782931508146 0.2589358985424042 1679
1782931508150 0.6116030216217041 1680
1782931508155 0.16112098097801208 1681
1782931508162 0.3197510242462158 1682
1782931508166 0.34022706747055054 1683
1782931508170 0.09493009746074677 1684
1782931508175 0.09484153240919113 1685
1782931508178 0.43093323707580566 1686
1782931508182 0.1529093235731125 1687
1782931508186 0.15549597144126892 1688
1782931508189 0.3482810854911804 1689
1782931508193 0.14788083732128143 1690
1782931508197 0.3369864821434021 1691
1782931508200 0.11921416223049164 1692
1782931508204 0.19566141068935394 1693
1782931508207 0.10196477174758911 1694
1782931508211 0.3405192494392395 1695
1782931508215 0.23730400204658508 1696
1782931508219 0.3492394685745239 1697
1782931508225 0.18135112524032593 1698
1782931508228 0.47400277853012085 1699
1782931508231 0.1344679296016693 1700
1782931508235 0.06521230190992355 1701
1782931508238 0.1949562430381775 1702
1782931508242 0.32112085819244385 1703
1782931508246 0.21350350975990295 1704
1782931508249 0.05981612205505371 1705
1782931508253 0.39741188287734985 1706
1782931508256 0.309945672750473 1707
1782931508260 0.2092849612236023 1708
1782931508263 0.11600115895271301 1709
1782931508267 0.05275248736143112 1710
1782931508270 0.23654386401176453 1711
1782931508274 0.025993984192609787 1712
1782931508278 0.12079337239265442 1713
1782931508281 0.12099245935678482 1714
1782931508285 0.32002493739128113 1715
1782931508289 0.13798628747463226 1716
1782931508292 0.2560229003429413 1717
1782931508296 0.21120275557041168 1718
1782931508300 0.134941965341568 1719
1782931508303 0.3228604793548584 1720
1782931508307 0.18913736939430237 1721
1782931508311 0.36115172505378723 1722
1782931508315 0.04134960100054741 1723
1782931508318 0.09657987207174301 1724
1782931508322 0.0984925851225853 1725
1782931508327 0.24206727743148804 1726
1782931508331 0.08860906958580017 1727
1782931508334 0.16616258025169373 1728
1782931508338 0.055278416723012924 1729
1782931508342 0.2548394799232483 1730
1782931508346 0.5378323793411255 1731
1782931508349 0.25398412346839905 1732
1782931508353 0.08055371046066284 1733
1782931508357 0.2519698143005371 1734
1782931508361 0.23278392851352692 1735
1782931508365 0.3455374538898468 1736
1782931508369 0.7321412563323975 1737
1782931508373 0.17405018210411072 1738
1782931508376 0.3820149898529053 1739
1782931508380 0.06744319200515747 1740
1782931508383 0.18414218723773956 1741
1782931508387 0.2027684599161148 1742
1782931508391 0.13323086500167847 1743
1782931508395 0.17615631222724915 1744
1782931508399 0.13597825169563293 1745
1782931508402 0.10498253256082535 1746
1782931508406 0.3780052065849304 1747
1782931508410 0.49736952781677246 1748
1782931508413 0.10030465573072433 1749
1782931508417 0.07796284556388855 1750
1782931508420 0.20871604979038239 1751
1782931508424 0.05815284699201584 1752
1782931508428 0.04788637161254883 1753
1782931508451 0.2673133313655853 1754
1782931508457 0.13129141926765442 1755
1782931508461 0.07939756661653519 1756
1782931508465 0.4071462154388428 1757
1782931508468 0.23134297132492065 1758
1782931508471 0.21554844081401825 1759
1782931508475 0.16859473288059235 1760
1782931508478 0.23426944017410278 1761
1782931508482 0.20408186316490173 1762
1782931508485 0.36486342549324036 1763
1782931508490 0.2599872052669525 1764
1782931508494 0.25731104612350464 1765
1782931508497 0.13786984980106354 1766
1782931508500 0.14095304906368256 1767
1782931508504 0.14497113227844238 1768
1782931508508 0.18299493193626404 1769
1782931508511 0.3653457760810852 1770
1782931508515 0.26381736993789673 1771
1782931508518 0.06532247364521027 1772
1782931508525 0.36692944169044495 1773
1782931508528 0.18880847096443176 1774
1782931508531 0.07804477959871292 1775
1782931508535 0.09272710978984833 1776
1782931508538 0.32945507764816284 1777
1782931508542 0.12017740309238434 1778
1782931508545 0.21659359335899353 1779
1782931508549 0.10418453812599182 1780
1782931508552 0.2683106064796448 1781
1782931508556 0.03595050796866417 1782
1782931508561 0.09779664874076843 1783
1782931508565 0.14120255410671234 1784
1782931508568 0.09390874207019806 1785
1782931508571 0.08839922398328781 1786
1782931508575 0.08798674494028091 1787
1782931508578 0.6544026136398315 1788
1782931508582 0.2210921198129654 1789
1782931508585 0.05856577679514885 1790
1782931508589 0.11187867075204849 1791
1782931508592 0.1420871615409851 1792
1782931508596 0.09389833360910416 1793
1782931508599 0.27058008313179016 1794
1782931508602 0.2581895589828491 1795
1782931508606 0.2845149338245392 1796
1782931508609 0.37787485122680664 1797
1782931508613 0.14576083421707153 1798
1782931508616 0.05731943994760513 1799
1782931508619 0.14081357419490814 1800
1782931508623 0.2263738363981247 1801
1782931508627 0.11203394085168839 1802
1782931508630 0.3020049035549164 1803
1782931508633 0.054019633680582047 1804
1782931508636 0.4052666127681732 1805
1782931508640 0.3586236238479614 1806
1782931508643 0.25798189640045166 1807
1782931508646 0.17715691030025482 1808
1782931508650 0.0705939307808876 1809
1782931508653 0.21148358285427094 1810
1782931508657 0.294748991727829 1811
1782931508660 0.2547348737716675 1812
1782931508664 0.1702655851840973 1813
1782931508667 0.2550516128540039 1814
1782931508670 0.33267438411712646 1815
1782931508674 0.2826775014400482 1816
1782931508678 0.2274523675441742 1817
1782931508681 0.24744892120361328 1818
1782931508685 0.253156453371048 1819
1782931508688 0.293599396944046 1820
1782931508692 0.0679396316409111 1821
1782931508695 0.08702976256608963 1822
1782931508698 0.5919323563575745 1823
1782931508702 0.13371342420578003 1824
1782931508707 0.08872609585523605 1825
1782931508710 0.4620877802371979 1826
1782931508713 0.25208067893981934 1827
1782931508717 0.12562668323516846 1828
1782931508721 0.08692088723182678 1829
1782931508726 0.11142389476299286 1830
1782931508729 0.11557585746049881 1831
1782931508733 0.12182464450597763 1832
1782931508736 0.2877742350101471 1833
1782931508739 0.11839917302131653 1834
1782931508743 0.4107029139995575 1835
1782931508746 0.031053753569722176 1836
1782931508750 0.3085508942604065 1837
1782931508753 0.18022291362285614 1838
1782931508757 0.1309891790151596 1839
1782931508760 0.2645016312599182 1840
1782931508764 0.10498710721731186 1841
1782931508767 0.29327815771102905 1842
1782931508770 0.15943603217601776 1843
1782931508774 0.2869269549846649 1844
1782931508780 0.25548797845840454 1845
1782931508784 0.231693297624588 1846
1782931508788 0.14493899047374725 1847
1782931508792 0.06597559154033661 1848
1782931508796 0.3394905924797058 1849
1782931508800 0.17725545167922974 1850
1782931508803 0.2875235080718994 1851
1782931508809 0.059892430901527405 1852
1782931508812 0.24617163836956024 1853
1782931508815 0.19027084112167358 1854
1782931508819 0.058570291846990585 1855
1782931508822 0.2703971266746521 1856
1782931508826 0.18066732585430145 1857
1782931508829 0.19030506908893585 1858
1782931508833 0.2260005921125412 1859
1782931508836 0.17612437903881073 1860
1782931508846 0.21770812571048737 1861
1782931508850 0.0780576542019844 1862
1782931508853 0.28867655992507935 1863
1782931508857 0.2660471498966217 1864
1782931508864 0.15610371530056 1865
1782931508883 0.3958871364593506 1866
1782931508887 0.11372997611761093 1867
1782931508891 0.05009862780570984 1868
1782931508894 0.04287765175104141 1869
1782931508897 0.15019968152046204 1870
1782931508901 0.11952594667673111 1871
1782931508904 0.338733971118927 1872
1782931508908 0.22055956721305847 1873
1782931508911 0.09742266684770584 1874
1782931509209 0.3730272352695465 1875
1782931509212 0.3969573676586151 1876
1782931509216 0.08024638146162033 1877
1782931509219 0.18327806890010834 1878
1782931509224 0.1247808039188385 1879
1782931509228 0.10381711274385452 1880
1782931509231 0.046578217297792435 1881
1782931509234 0.28567588329315186 1882
1782931509238 0.1737750768661499 1883
1782931509242 0.29738444089889526 1884
1782931509245 0.3224508464336395 1885
1782931509249 0.40306273102760315 1886
1782931509252 0.17069289088249207 1887
1782931509255 0.24318382143974304 1888
1782931509259 0.10938264429569244 1889
1782931509262 0.1257636547088623 1890
1782931509265 0.10508488118648529 1891
1782931509269 0.14775866270065308 1892
1782931509273 0.17629729211330414 1893
1782931509276 0.1392223984003067 1894
1782931509279 0.31181031465530396 1895
1782931509282 0.2166205793619156 1896
1782931509285 0.24220675230026245 1897
1782931509289 0.2090318500995636 1898
1782931509293 0.20373551547527313 1899
1782931509296 0.04562752693891525 1900
1782931509299 0.3312358260154724 1901
1782931509302 0.07652450352907181 1902
1782931509306 0.19812485575675964 1903
1782931509310 0.06405572593212128 1904
1782931509313 0.24817991256713867 1905
1782931509316 0.21461130678653717 1906
1782931509319 0.12886488437652588 1907
1782931509323 0.17846350371837616 1908
1782931509326 0.4803861677646637 1909
1782931509329 0.21273267269134521 1910
1782931509333 0.375027596950531 1911
1782931509336 0.18774105608463287 1912
1782931509339 0.13578519225120544 1913
1782931509343 0.09582125395536423 1914
1782931509346 0.2376459687948227 1915
1782931509349 0.158588245511055 1916
1782931509352 0.12822318077087402 1917
1782931509356 0.3361029326915741 1918
1782931509359 0.3043025732040405 1919
1782931509363 0.0640239492058754 1920
1782931509366 0.10707744210958481 1921
1782931509370 0.20214156806468964 1922
1782931509373 0.29299846291542053 1923
1782931509377 0.04737811163067818 1924
1782931509380 0.1842823624610901 1925
1782931509383 0.10986419022083282 1926
1782931509385 0.14568835496902466 1927
1782931509388 0.35533830523490906 1928
1782931509391 0.37631210684776306 1929
1782931509393 0.15835493803024292 1930
1782931509396 0.08891653269529343 1931
1782931509398 0.1864740550518036 1932
1782931509401 0.1710977405309677 1933
1782931509403 0.11137613654136658 1934
1782931509406 0.06530372053384781 1935
1782931509409 0.18612074851989746 1936
1782931509411 0.08709584921598434 1937
1782931509414 0.20854777097702026 1938
1782931509416 0.3941124677658081 1939
1782931509419 0.3525622487068176 1940
1782931509422 0.08327192813158035 1941
1782931509425 0.06076531112194061 1942
1782931509428 0.34903451800346375 1943
1782931509430 0.07158586382865906 1944
1782931509433 0.16885772347450256 1945
1782931509435 0.10559072345495224 1946
1782931509438 0.119715616106987 1947
1782931509440 0.1161099523305893 1948
1782931509443 0.1984475553035736 1949
1782931509445 0.2505943775177002 1950
1782931509448 0.3357429504394531 1951
1782931509450 0.3403266668319702 1952
1782931509452 0.2056228518486023 1953
1782931509456 0.1563495695590973 1954
1782931509458 0.11510010808706284 1955
1782931509461 0.0658249631524086 1956
1782931509463 0.34692975878715515 1957
1782931509466 0.05715012922883034 1958
1782931509468 0.2275964319705963 1959
1782931509471 0.15777191519737244 1960
1782931509474 0.17937350273132324 1961
1782931509477 0.052356623113155365 1962
1782931509480 0.27704161405563354 1963
1782931509482 0.45870810747146606 1964
1782931509484 0.29871630668640137 1965
1782931509487 0.04873926192522049 1966
1782931509490 0.1473170965909958 1967
1782931509493 0.12320516258478165 1968
1782931509495 0.19183237850666046 1969
1782931509497 0.6476678848266602 1970
1782931509500 0.03375951573252678 1971
1782931509502 0.23498934507369995 1972
1782931509505 0.2581488788127899 1973
1782931509508 0.11413928121328354 1974
1782931509511 0.3071034550666809 1975
1782931509513 0.08819867670536041 1976
1782931509515 0.1870105117559433 1977
1782931509518 0.3535025119781494 1978
1782931509520 0.07664821296930313 1979
1782931509523 0.22813284397125244 1980
1782931509530 0.20347197353839874 1981
1782931509533 0.16993090510368347 1982
1782931509535 0.221559539437294 1983
1782931509544 0.07622096687555313 1984
1782931509547 0.37379175424575806 1985
1782931509549 0.587028980255127 1986
1782931509552 0.20444545149803162 1987
1782931509554 0.05545710772275925 1988
1782931509557 0.1022343784570694 1989
1782931509560 0.07477922737598419 1990
1782931509562 0.06612684577703476 1991
1782931509565 0.1378166824579239 1992
1782931509572 0.35008135437965393 1993
1782931509575 0.019882332533597946 1994
1782931509584 0.22876298427581787 1995
1782931509587 0.19712869822978973 1996
1782931509591 0.3402608036994934 1997
1782931509595 0.054853349924087524 1998
1782931509598 0.32912367582321167 1999
1782931509601 0.1634140908718109 2000
1782931509604 0.32799825072288513 2001
1782931509608 0.24348831176757812 2002
1782931509611 0.295335978269577 2003
1782931509614 0.049116864800453186 2004
1782931509617 0.03878243640065193 2005
1782931509620 0.18160325288772583 2006
1782931509624 0.05176131799817085 2007
1782931509628 0.28918200731277466 2008
1782931509631 0.1289701908826828 2009
1782931509633 0.11130602657794952 2010
1782931509636 0.22847343981266022 2011
1782931509639 0.24712558090686798 2012
1782931509641 0.2594681978225708 2013
1782931509644 0.0849737748503685 2014
1782931509646 0.20581217110157013 2015
1782931509649 0.05820242688059807 2016
1782931509651 0.13271065056324005 2017
1782931509654 0.10709148645401001 2018
1782931509657 0.081236332654953 2019
1782931509659 0.10128699243068695 2020
1782931509662 0.04761386290192604 2021
1782931509664 0.49400946497917175 2022
1782931509667 0.16475963592529297 2023
1782931509669 0.1824604868888855 2024
1782931509672 0.1570671796798706 2025
1782931509675 0.06028380244970322 2026
1782931509679 0.24489277601242065 2027
1782931509681 0.13172894716262817 2028
1782931509684 0.1752164214849472 2029
1782931509687 0.07803709805011749 2030
1782931509690 0.23710225522518158 2031
1782931509693 0.20313780009746552 2032
1782931509695 0.31511303782463074 2033
1782931509698 0.18912459909915924 2034
1782931509700 0.15499180555343628 2035
1782931509703 0.12280573695898056 2036
1782931509706 0.14688783884048462 2037
1782931509709 0.141875222325325 2038
1782931509711 0.10746169090270996 2039
1782931509714 0.26735082268714905 2040
1782931509719 0.5332199931144714 2041
1782931509723 0.3401647210121155 2042
1782931509726 0.06845039129257202 2043
1782931509729 0.14145849645137787 2044
1782931509731 0.10403744876384735 2045
1782931509734 0.16366888582706451 2046
1782931509738 0.09970147162675858 2047
1782931509741 0.14104846119880676 2048
1782931509743 0.4004151225090027 2049
1782931509746 0.17273585498332977 2050
1782931509750 0.37135106325149536 2051
1782931509752 0.2698545455932617 2052
1782931509757 0.14464205503463745 2053
1782931509760 0.0972248911857605 2054
1782931509762 0.1796806901693344 2055
1782931509765 0.20555181801319122 2056
1782931509767 0.10416863113641739 2057
1782931509770 0.24084371328353882 2058
1782931509774 0.2932495176792145 2059
1782931509777 0.13954681158065796 2060
1782931509779 0.24480798840522766 2061
1782931509782 0.19543032348155975 2062
1782931509785 0.12342532724142075 2063
1782931509788 0.0863007977604866 2064
1782931509791 0.28247833251953125 2065
1782931509793 0.24937884509563446 2066
1782931509796 0.029788978397846222 2067
1782931509798 0.15663829445838928 2068
1782931509801 0.1392524391412735 2069
1782931509804 0.1323975771665573 2070
1782931509807 0.10316942632198334 2071
1782931509809 0.030125662684440613 2072
1782931509812 0.21414096653461456 2073
1782931509814 0.5463441014289856 2074
1782931509817 0.19474753737449646 2075
1782931509820 0.25111299753189087 2076
1782931509823 0.23917968571186066 2077
1782931509825 0.21477581560611725 2078
1782931509828 0.12243339419364929 2079
1782931509830 0.13313645124435425 2080
1782931509833 0.17466267943382263 2081
1782931509835 0.08869120478630066 2082
1782931509838 0.18956606090068817 2083
1782931509841 0.21730875968933105 2084
1782931509843 0.3246473968029022 2085
1782931509846 0.04602493718266487 2086
1782931509848 0.12469175457954407 2087
1782931509850 0.21905802190303802 2088
1782931509853 0.055480096489191055 2089
1782931509856 0.11021970957517624 2090
1782931509858 0.4443689286708832 2091
1782931509861 0.08193930238485336 2092
1782931509863 0.2254617065191269 2093
1782931509866 0.06617139279842377 2094
1782931509869 0.1486327350139618 2095
1782931509872 0.18800918757915497 2096
1782931509875 0.0912879928946495 2097
1782931509878 0.15817303955554962 2098
1782931509880 0.2540816068649292 2099
1782931509883 0.35550665855407715 2100
1782931509885 0.09177225828170776 2101
1782931509890 0.10826651006937027 2102
1782931509893 0.16966675221920013 2103
1782931509896 0.6422948837280273 2104
1782931509898 0.1660236120223999 2105
1782931509900 0.3285104036331177 2106
1782931509904 0.17798730731010437 2107
1782931509907 0.13414041697978973 2108
1782931509910 0.23699718713760376 2109
1782931509913 0.12433993816375732 2110
1782931509915 0.11238928884267807 2111
1782931509917 0.11595945060253143 2112
1782931509920 0.21120432019233704 2113
1782931509923 0.17267201840877533 2114
1782931509926 0.1617593616247177 2115
1782931509928 0.645057737827301 2116
1782931509930 0.14605680108070374 2117
1782931509933 0.24204252660274506 2118
1782931509935 0.08904380351305008 2119
1782931509939 0.14010049402713776 2120
1782931509942 0.29860174655914307 2121
1782931509944 0.11938437074422836 2122
1782931509947 0.3497275412082672 2123
1782931509949 0.057169876992702484 2124
1782931509951 0.5199137926101685 2125
1782931509955 0.29047420620918274 2126
1782931509959 0.29544374346733093 2127
1782931509962 0.2761489748954773 2128
1782931509964 0.10171110928058624 2129
1782931509967 0.10335727781057358 2130
1782931509969 0.15320293605327606 2131
1782931509972 0.13777494430541992 2132
1782931509975 0.30007556080818176 2133
1782931509978 0.08033231645822525 2134
1782931509980 0.1250956952571869 2135
1782931509982 0.05985625833272934 2136
1782931509985 0.053821198642253876 2137
1782931509988 0.07701655477285385 2138
1782931509991 0.1268170177936554 2139
1782931509994 0.08097932487726212 2140
1782931509996 0.3251235783100128 2141
1782931509999 0.10892876237630844 2142
1782931510001 0.1510821133852005 2143
1782931510004 0.12184000015258789 2144
1782931510007 0.2912085950374603 2145
1782931510009 0.24729765951633453 2146
1782931510012 0.05544769763946533 2147
1782931510014 0.0703354924917221 2148
1782931510017 0.3491712510585785 2149
1782931510019 0.10250727832317352 2150
1782931510022 0.14718766510486603 2151
1782931510025 0.10411521047353745 2152
1782931510028 0.1733875870704651 2153
1782931510030 0.17483192682266235 2154
1782931510033 0.4187772274017334 2155
1782931510035 0.12746982276439667 2156
1782931510038 0.37636029720306396 2157
1782931510041 0.09739890694618225 2158
1782931510043 0.08318392187356949 2159
1782931510046 0.290201872587204 2160
1782931510048 0.21668633818626404 2161
1782931510051 0.22512277960777283 2162
1782931510053 0.18373043835163116 2163
1782931510056 0.17906105518341064 2164
1782931510059 0.15536807477474213 2165
1782931510062 0.1370147466659546 2166
1782931510064 0.09350394457578659 2167
1782931510067 0.1631172001361847 2168
1782931510070 0.10788936913013458 2169
1782931510073 0.16918812692165375 2170
1782931510075 0.1300552785396576 2171
1782931510078 0.0741865485906601 2172
1782931510080 0.16099880635738373 2173
1782931510083 0.18388201296329498 2174
1782931510085 0.1935902237892151 2175
1782931510088 0.012500625103712082 2176
1782931510092 0.055103886872529984 2177
1782931510095 0.26233971118927 2178
1782931510098 0.3171095550060272 2179
1782931510100 0.35465702414512634 2180
1782931510103 0.1252601593732834 2181
1782931510109 0.3803834319114685 2182
1782931510112 0.08425892144441605 2183
1782931510115 0.21203407645225525 2184
1782931510117 0.29071080684661865 2185
1782931510120 0.35826119780540466 2186
1782931510123 0.10653156787157059 2187
1782931510126 0.1693326085805893 2188
1782931510129 0.09608825296163559 2189
1782931510131 0.2992287874221802 2190
1782931510134 0.09055736660957336 2191
1782931510139 0.16480658948421478 2192
1782931510141 0.07834302634000778 2193
1782931510144 0.1456490308046341 2194
1782931510146 0.21345430612564087 2195
1782931510149 0.14768770337104797 2196
1782931510151 0.09766729921102524 2197
1782931510154 0.23219522833824158 2198
1782931510157 0.1666468232870102 2199
1782931510159 0.22188979387283325 2200
1782931510162 0.1749596744775772 2201
1782931510164 0.2753470540046692 2202
1782931510167 0.06344113498926163 2203
1782931510169 0.10420297831296921 2204
1782931510172 0.12040550261735916 2205
1782931510174 0.12261991202831268 2206
1782931510177 0.045391179621219635 2207
1782931510179 0.16113826632499695 2208
1782931510182 0.41071510314941406 2209
1782931510184 0.06459536403417587 2210
1782931510187 0.18096518516540527 2211
1782931510189 0.11026319116353989 2212
1782931510192 0.6229051351547241 2213
1782931510195 0.13043494522571564 2214
1782931510197 0.3054298758506775 2215
1782931510200 0.08119385689496994 2216
1782931510202 0.09058400243520737 2217
1782931510205 0.11407720297574997 2218
1782931510208 0.12561370432376862 2219
1782931510211 0.40972211956977844 2220
1782931510213 0.10743838548660278 2221
1782931510223 0.046607982367277145 2222
1782931510227 0.307437926530838 2223
1782931510230 0.42515063285827637 2224
1782931510233 0.17089307308197021 2225
1782931510236 0.06053983420133591 2226
1782931510239 0.0573551282286644 2227
1782931510241 0.3897201716899872 2228
1782931510244 0.20421048998832703 2229
1782931510246 0.18168315291404724 2230
1782931510248 0.060419920831918716 2231
1782931510251 0.0574101060628891 2232
1782931510253 0.13788822293281555 2233
1782931510256 0.19101542234420776 2234
1782931510259 0.2987872064113617 2235
1782931510261 0.3060680031776428 2236
1782931510264 0.1770106554031372 2237
1782931510266 0.2695029675960541 2238
1782931510268 0.0465514250099659 2239
1782931510271 0.16071805357933044 2240
1782931510274 0.24341300129890442 2241
1782931510277 0.3416556715965271 2242
1782931510279 0.23062363266944885 2243
1782931510282 0.09049292653799057 2244
1782931510284 0.15700072050094604 2245
1782931510288 0.18096895515918732 2246
1782931510292 0.12821049988269806 2247
1782931510295 0.07465539127588272 2248
1782931510297 0.08520565927028656 2249
1782931510300 0.09460623562335968 2250
1782931510303 0.3201364576816559 2251
1782931510306 0.1480083167552948 2252
1782931510308 0.20553801953792572 2253
1782931510311 0.12497544288635254 2254
1782931510313 0.11478700488805771 2255
1782931510315 0.40664124488830566 2256
1782931510318 0.09980737417936325 2257
1782931510320 0.18017615377902985 2258
1782931510323 0.08347431570291519 2259
1782931510326 0.08173088729381561 2260
1782931510328 0.09245254099369049 2261
1782931510331 0.027578270062804222 2262
1782931510333 0.12983886897563934 2263
1782931510336 0.3058410882949829 2264
1782931510338 0.14610739052295685 2265
1782931510341 0.05175699293613434 2266
1782931510343 0.05980776250362396 2267
1782931510346 0.09068264812231064 2268
1782931510348 0.382667601108551 2269
1782931510351 0.2747982442378998 2270
1782931510353 0.06384605169296265 2271
1782931510356 0.10466385632753372 2272
1782931510359 0.20841507613658905 2273
1782931510361 0.09353625029325485 2274
1782931510364 0.0735921636223793 2275
1782931510366 0.17626826465129852 2276
1782931510369 0.08774582296609879 2277
1782931510371 0.12197312712669373 2278
1782931510374 0.2800176441669464 2279
1782931510377 0.07100799679756165 2280
1782931510380 0.11616498231887817 2281
1782931510382 0.2739953398704529 2282
1782931510385 0.3056119978427887 2283
1782931510387 0.09467148780822754 2284
1782931510390 0.16308936476707458 2285
1782931510393 0.11190755665302277 2286
1782931510395 0.10137549787759781 2287
1782931510398 0.02530759759247303 2288
1782931510400 0.03154682368040085 2289
1782931510402 0.19341930747032166 2290
1782931510405 0.10382173955440521 2291
1782931510408 0.09523854404687881 2292
1782931510410 0.304758757352829 2293
1782931510415 0.3415765166282654 2294
1782931510419 0.10643886774778366 2295
1782931510422 0.024586893618106842 2296
1782931510425 0.07363052666187286 2297
1782931510427 0.30459797382354736 2298
1782931510430 0.15209831297397614 2299
1782931510432 0.19337129592895508 2300
1782931510435 0.2950213849544525 2301
1782931510439 0.016170257702469826 2302
1782931510442 0.09480796009302139 2303
1782931510445 0.4910789728164673 2304
1782931510447 0.47822627425193787 2305
1782931510450 0.18503262102603912 2306
1782931510452 0.14219273626804352 2307
1782931510455 0.0784246101975441 2308
1782931510458 0.39055120944976807 2309
1782931510460 0.24139593541622162 2310
1782931510463 0.10308096557855606 2311
1782931510466 0.1364164799451828 2312
1782931510468 0.06112818419933319 2313
1782931510471 0.21227173507213593 2314
1782931510475 0.16450168192386627 2315
1782931510478 0.281581848859787 2316
1782931510480 0.19631575047969818 2317
1782931510483 0.34092575311660767 2318
1782931510486 0.19754216074943542 2319
1782931510491 0.3263980448246002 2320
1782931510495 0.04553794860839844 2321
1782931510498 0.06010289117693901 2322
1782931510500 0.17544931173324585 2323
1782931510503 0.24343016743659973 2324
1782931510505 0.452085018157959 2325
1782931510592 0.03346875309944153 2326
1782931510595 0.09355136007070541 2327
1782931510614 0.054788704961538315 2328
1782931510621 0.12394756078720093 2329
1782931510627 0.34439122676849365 2330
1782931510632 0.07115340977907181 2331
1782931510638 0.2646610140800476 2332
1782931510642 0.04405058175325394 2333
1782931510645 0.23368772864341736 2334
1782931510648 0.07891802489757538 2335
1782931510650 0.10930285602807999 2336
1782931510654 0.18488971889019012 2337
1782931510657 0.27319175004959106 2338
1782931510660 0.046828921884298325 2339
1782931510664 0.05828716233372688 2340
1782931510666 0.45819613337516785 2341
1782931510669 0.07562349736690521 2342
1782931510672 0.21959270536899567 2343
1782931510676 0.08396679162979126 2344
1782931510679 0.12882661819458008 2345
1782931510682 0.14440061151981354 2346
1782931510687 0.07344778627157211 2347
1782931510691 0.1371191293001175 2348
1782931510694 0.07580675184726715 2349
1782931510698 0.08605603128671646 2350
1782931510701 0.14525742828845978 2351
1782931510706 0.49110981822013855 2352
1782931510710 0.16817604005336761 2353
1782931510717 0.12487224489450455 2354
1782931510721 0.24738390743732452 2355
1782931510724 0.2599938213825226 2356
1782931510727 0.1832459717988968 2357
1782931510730 0.041839033365249634 2358
1782931510733 0.241535484790802 2359
1782931510736 0.23932291567325592 2360
1782931510739 0.1399107724428177 2361
1782931510742 0.04208577424287796 2362
1782931510745 0.08577654510736465 2363
1782931510747 0.0987999215722084 2364
1782931510750 0.3282836079597473 2365
1782931510752 0.5197433829307556 2366
1782931510757 0.2020275741815567 2367
1782931510760 0.20014379918575287 2368
1782931510764 0.4094344675540924 2369
1782931510767 0.09515765309333801 2370
1782931510770 0.05517047271132469 2371
1782931510774 0.08169925212860107 2372
1782931510777 0.1081094965338707 2373
1782931510779 0.2806459665298462 2374
1782931510782 0.40865424275398254 2375
1782931510786 0.18054863810539246 2376
1782931510790 0.20236432552337646 2377
1782931510793 0.20596934854984283 2378
1782931510795 0.23142756521701813 2379
1782931510798 0.18673092126846313 2380
1782931510801 0.07988367974758148 2381
1782931510803 0.07532311975955963 2382
1782931510806 0.13784830272197723 2383
1782931510809 0.23927153646945953 2384
1782931510811 0.09264391660690308 2385
1782931510813 0.039681438356637955 2386
1782931510816 0.13186268508434296 2387
1782931510819 0.14926022291183472 2388
1782931510821 0.4413118362426758 2389
1782931510824 0.2582137882709503 2390
1782931510827 0.24068136513233185 2391
1782931510830 0.10188710689544678 2392
1782931510833 0.0654568001627922 2393
1782931510836 0.07363743335008621 2394
1782931510839 0.09188961237668991 2395
1782931510842 0.14232845604419708 2396
1782931510844 0.20082026720046997 2397
1782931510847 0.1822332739830017 2398
1782931510850 0.2991503179073334 2399
1782931510854 0.11442628502845764 2400
1782931510857 0.07145144790410995 2401
1782931510860 0.162727490067482 2402
1782931510862 0.20081105828285217 2403
1782931510865 0.16136254370212555 2404
1782931510868 0.15883034467697144 2405
1782931510873 0.23671160638332367 2406
1782931510877 0.21598485112190247 2407
1782931510879 0.14321163296699524 2408
1782931510882 0.1940358579158783 2409
1782931510885 0.13173149526119232 2410
1782931510888 0.20988643169403076 2411
1782931510891 0.06825922429561615 2412
1782931510895 0.25313717126846313 2413
1782931510902 0.3066299259662628 2414
1782931510907 0.061527885496616364 2415
1782931510910 0.09312079846858978 2416
1782931510914 0.03682713955640793 2417
1782931510917 0.18665611743927002 2418
1782931510920 0.3390035033226013 2419
1782931510924 0.07979393005371094 2420
1782931510927 0.32295742630958557 2421
1782931510931 0.05198211967945099 2422
1782931510934 0.6918743848800659 2423
1782931510938 0.11480918526649475 2424
1782931510941 0.05310891196131706 2425
1782931510946 0.1557723581790924 2426
1782931510950 0.05398464947938919 2427
1782931510954 0.11592739075422287 2428
1782931510957 0.045729026198387146 2429
1782931510961 0.17274166643619537 2430
1782931510964 0.22207538783550262 2431
1782931510967 0.24957750737667084 2432
1782931510971 0.1239330992102623 2433
1782931510975 0.1697629690170288 2434
1782931510978 0.051764655858278275 2435
1782931510982 0.11271030455827713 2436
1782931510985 0.16540932655334473 2437
1782931510989 0.30936622619628906 2438
1782931510992 0.3911975026130676 2439
1782931510996 0.3023316562175751 2440
1782931510999 0.19036664068698883 2441
1782931511003 0.12891872227191925 2442
1782931511006 0.26154953241348267 2443
1782931511010 0.24414463341236115 2444
1782931511013 0.11756723374128342 2445
1782931511017 0.042105913162231445 2446
1782931511022 0.40785565972328186 2447
1782931511025 0.10012926161289215 2448
1782931511029 0.1535956859588623 2449
1782931511032 0.16447851061820984 2450
1782931511036 0.08936068415641785 2451
1782931511039 0.04061047360301018 2452
1782931511043 0.05447889864444733 2453
1782931511047 0.14601454138755798 2454
1782931511050 0.2643434405326843 2455
1782931511053 0.10286812484264374 2456
1782931511057 0.17589527368545532 2457
1782931511061 0.2999354302883148 2458
1782931511064 0.361929714679718 2459
1782931511067 0.0371081605553627 2460
1782931511069 0.2604812979698181 2461
1782931511072 0.06008604168891907 2462
1782931511075 0.2847481369972229 2463
1782931511078 0.23320366442203522 2464
1782931511080 0.19675149023532867 2465
1782931511083 0.049478929489851 2466
1782931511086 0.29061728715896606 2467
1782931511089 0.1504342257976532 2468
1782931511091 0.08089765906333923 2469
1782931511094 0.4763556122779846 2470
1782931511096 0.2791939377784729 2471
1782931511099 0.06493505835533142 2472
1782931511101 0.20114272832870483 2473
1782931511104 0.1711520105600357 2474
1782931511107 0.3495454490184784 2475
1782931511110 0.04684925079345703 2476
1782931511112 0.09481175243854523 2477
1782931511115 0.10964234918355942 2478
1782931511117 0.2034379094839096 2479
1782931511120 0.2769109308719635 2480
1782931511123 0.054841142147779465 2481
1782931511125 0.39633363485336304 2482
1782931511128 0.1800830066204071 2483
1782931511131 0.23848959803581238 2484
1782931511133 0.037109795957803726 2485
1782931511136 0.15733137726783752 2486
1782931511139 0.29523563385009766 2487
1782931511141 0.04644103720784187 2488
1782931511144 0.05911215767264366 2489
1782931511147 0.056168314069509506 2490
1782931511149 0.21726906299591064 2491
1782931511152 0.10870019346475601 2492
1782931511154 0.15459726750850677 2493
1782931511157 0.1318756341934204 2494
1782931511160 0.11396914720535278 2495
1782931511163 0.1502964347600937 2496
1782931511165 0.3051773011684418 2497
1782931511168 0.1841520071029663 2498
1782931511175 0.10359559953212738 2499
1782931511182 0.0669088289141655 2500
1782931511185 0.3161214292049408 2501
1782931511188 0.16227096319198608 2502
1782931511191 0.24623163044452667 2503
1782931511194 0.302372008562088 2504
1782931511229 0.10040414333343506 2505
1782931511235 0.05730371177196503 2506
1782931511242 0.09618467837572098 2507
1782931511248 0.18653231859207153 2508
1782931511253 0.059009864926338196 2509
1782931511257 0.03926534205675125 2510
1782931511261 0.06716088950634003 2511
1782931511264 0.22927111387252808 2512
1782931511267 0.22534024715423584 2513
1782931511271 0.03931298851966858 2514
1782931511275 0.14665943384170532 2515
1782931511278 0.06867483258247375 2516
1782931511281 0.08732326328754425 2517
1782931511284 0.03237783908843994 2518
1782931511288 0.24623702466487885 2519
1782931511292 0.036959994584321976 2520
1782931511295 0.1907506287097931 2521
1782931511299 0.12140283733606339 2522
1782931511302 0.03248004615306854 2523
1782931511305 0.4640321433544159 2524
1782931511309 0.08277518302202225 2525
1782931511312 0.7702448964118958 2526
1782931511315 0.37240374088287354 2527
1782931511319 0.10345416516065598 2528
1782931511322 0.3647056519985199 2529
1782931511326 0.16052557528018951 2530
1782931511329 0.09286767989397049 2531
1782931511332 0.09204398095607758 2532
1782931511336 0.24262204766273499 2533
1782931511339 0.37071841955184937 2534
1782931511343 0.060589347034692764 2535
1782931511346 0.4870828092098236 2536
1782931511349 0.1275111585855484 2537
1782931511353 0.14365185797214508 2538
1782931511356 0.39258188009262085 2539
1782931511360 0.022234153002500534 2540
1782931511363 0.16164204478263855 2541
1782931511367 0.19991302490234375 2542
1782931511370 0.11567113548517227 2543
1782931511374 0.44931620359420776 2544
1782931511379 0.09962127357721329 2545
1782931511383 0.2933353781700134 2546
1782931511386 0.11899717152118683 2547
1782931511390 0.10667503625154495 2548
1782931511397 0.19593921303749084 2549
1782931511401 0.10305440425872803 2550
1782931511406 0.05631660297513008 2551
1782931511410 0.3243744373321533 2552
1782931511414 0.1313820332288742 2553
1782931511417 0.04577570781111717 2554
1782931511421 0.031054485589265823 2555
1782931511425 0.35363030433654785 2556
1782931511429 0.5269985198974609 2557
1782931511432 0.07564404606819153 2558
1782931511436 0.0823315978050232 2559
1782931511439 0.04511626437306404 2560
1782931511443 0.14046241343021393 2561
1782931511446 0.23639729619026184 2562
1782931511450 0.12432935833930969 2563
1782931511454 0.26639631390571594 2564
1782931511458 0.3574633300304413 2565
1782931511461 0.13297198712825775 2566
1782931511464 0.2818407118320465 2567
1782931511468 0.11725170910358429 2568
1782931511471 0.24735960364341736 2569
1782931511475 0.06159722059965134 2570
1782931511479 0.24363486468791962 2571
1782931511482 0.27023276686668396 2572
1782931511486 0.28620660305023193 2573
1782931511490 0.060888390988111496 2574
1782931511494 0.39321568608283997 2575
1782931511497 0.1585809886455536 2576
1782931511501 0.06336849927902222 2577
1782931511505 0.11580132693052292 2578
1782931511509 0.25127464532852173 2579
1782931511512 0.1479407399892807 2580
1782931511516 0.06764218956232071 2581
1782931511519 0.1862090826034546 2582
1782931511523 0.2629360556602478 2583
1782931511527 0.16503216326236725 2584
1782931511530 0.2003898024559021 2585
1782931511533 0.1074996143579483 2586
1782931511537 0.1753690540790558 2587
1782931511540 0.048109933733940125 2588
1782931511544 0.15612153708934784 2589
1782931511547 0.09887630492448807 2590
1782931511551 0.22136613726615906 2591
1782931511554 0.11466198414564133 2592
1782931511558 0.041094906628131866 2593
1782931511562 0.036854445934295654 2594
1782931511566 0.19090382754802704 2595
1782931511571 0.2358073592185974 2596
1782931511575 0.22763800621032715 2597
1782931511578 0.26244983077049255 2598
1782931511582 0.18786317110061646 2599
1782931511585 0.3959209620952606 2600
1782931511589 0.06553199142217636 2601
1782931511593 0.17647825181484222 2602
1782931511604 0.14989842474460602 2603
1782931511608 0.13049109280109406 2604
1782931511611 0.04201749712228775 2605
1782931511615 0.3198273181915283 2606
1782931511618 0.1105349138379097 2607
1782931511622 0.04809696227312088 2608
1782931511625 0.011028259061276913 2609
1782931511629 0.10663465410470963 2610
1782931511632 0.2136191725730896 2611
1782931511635 0.2140233963727951 2612
1782931511639 0.0944850966334343 2613
1782931511642 0.29358264803886414 2614
1782931511646 0.11894488334655762 2615
1782931511652 0.10536657273769379 2616
1782931511656 0.2174876630306244 2617
1782931511659 0.4957653284072876 2618
1782931511663 0.10937393456697464 2619
1782931511666 0.15279603004455566 2620
1782931511669 0.2926940321922302 2621
1782931511673 0.07097683846950531 2622
1782931511676 0.06762523204088211 2623
1782931511680 0.15565277636051178 2624
1782931511683 0.20334744453430176 2625
1782931511687 0.20840436220169067 2626
1782931511692 0.17948780953884125 2627
1782931511696 0.1479785442352295 2628
1782931511699 0.18458598852157593 2629
1782931511702 0.18373079597949982 2630
1782931511705 0.22649748623371124 2631
1782931511709 0.3444245755672455 2632
1782931511712 0.1241113692522049 2633
1782931511716 0.09030082821846008 2634
1782931511719 0.07246141880750656 2635
1782931511723 0.19040964543819427 2636
1782931511727 0.22963635623455048 2637
1782931511730 0.13451753556728363 2638
1782931511734 0.1253194808959961 2639
1782931511737 0.17270593345165253 2640
1782931511742 0.17798036336898804 2641
1782931511745 0.14940443634986877 2642
1782931511749 0.14076516032218933 2643
1782931511752 0.10783612728118896 2644
1782931511756 0.12326784431934357 2645
1782931511759 0.24436992406845093 2646
1782931511763 0.03585072234272957 2647
1782931511766 0.13794858753681183 2648
1782931511771 0.1688176542520523 2649
1782931511775 0.10775330662727356 2650
1782931511781 0.08161497116088867 2651
1782931511785 0.06644026190042496 2652
1782931511790 0.2502140998840332 2653
1782931511793 0.12302543222904205 2654
1782931511797 0.1362527310848236 2655
1782931511801 0.04805239289999008 2656
1782931511805 0.06905728578567505 2657
1782931511808 0.3749628961086273 2658
1782931511812 0.273489773273468 2659
1782931511815 0.21294891834259033 2660
1782931511819 0.13247527182102203 2661
1782931511823 0.3410307765007019 2662
1782931511827 0.10252327471971512 2663
1782931511830 0.25658124685287476 2664
1782931511834 0.2172069549560547 2665
1782931511837 0.41762906312942505 2666
1782931511841 0.09587651491165161 2667
1782931511845 0.11266545206308365 2668
1782931511848 0.14871305227279663 2669
1782931511852 0.14822497963905334 2670
1782931511856 0.04644448682665825 2671
1782931511860 0.19512516260147095 2672
1782931511863 0.14071696996688843 2673
1782931511867 0.040129613131284714 2674
1782931511870 0.03729232773184776 2675
1782931511874 0.033528003841638565 2676
1782931511877 0.2221725881099701 2677
1782931511881 0.13064932823181152 2678
1782931511884 0.06077582389116287 2679
1782931511888 0.37018975615501404 2680
1782931511892 0.2540964186191559 2681
1782931511895 0.41296830773353577 2682
1782931511899 0.15587757527828217 2683
1782931511902 0.06809616833925247 2684
1782931511906 0.11641548573970795 2685
1782931511910 0.28436774015426636 2686
1782931511914 0.025181956589221954 2687
1782931511917 0.015734905377030373 2688
1782931511921 0.01696990430355072 2689
1782931511925 0.2668273448944092 2690
1782931511929 0.24447740614414215 2691
1782931511932 0.10541392117738724 2692
1782931511936 0.3262874484062195 2693
1782931511941 0.2505653202533722 2694
1782931511945 0.06282754987478256 2695
1782931511948 0.23350852727890015 2696
1782931511952 0.24089817702770233 2697
1782931511956 0.1695658415555954 2698
1782931511960 0.3440817892551422 2699
1782931511963 0.06604847311973572 2700
1782931511967 0.2964332103729248 2701
1782931511970 0.10432728379964828 2702
1782931511974 0.09782986342906952 2703
1782931511977 0.14831827580928802 2704
1782931511981 0.13676604628562927 2705
1782931511984 0.09666969627141953 2706
1782931511987 0.10087475180625916 2707
1782931511991 0.12364401668310165 2708
1782931511995 0.36458200216293335 2709
1782931511998 0.081339031457901 2710
1782931512001 0.0650443360209465 2711
1782931512005 0.12925638258457184 2712
1782931512009 0.24676068127155304 2713
1782931512012 0.042677585035562515 2714
1782931512015 0.538848876953125 2715
1782931512018 0.14414682984352112 2716
1782931512022 0.09852665662765503 2717
1782931512026 0.13780967891216278 2718
1782931512029 0.12720546126365662 2719
1782931512032 0.21728399395942688 2720
1782931512035 0.13089436292648315 2721
1782931512039 0.12333197146654129 2722
1782931512043 0.19890327751636505 2723
1782931512046 0.16274672746658325 2724
1782931512049 0.4982874095439911 2725
1782931512053 0.16704095900058746 2726
1782931512057 0.1939978152513504 2727
1782931512060 0.603736162185669 2728
1782931512064 0.1589081883430481 2729
1782931512067 0.10793739557266235 2730
1782931512071 0.09568074345588684 2731
1782931512078 0.3014441728591919 2732
1782931512081 0.06228858605027199 2733
1782931512085 0.06826399266719818 2734
1782931512089 0.10801184922456741 2735
1782931512092 0.03389079496264458 2736
1782931512096 0.40514856576919556 2737
1782931512099 0.07058937102556229 2738
1782931512103 0.33420121669769287 2739
1782931512107 0.046070657670497894 2740
1782931512111 0.17750781774520874 2741
1782931512115 0.03933441638946533 2742
1782931512119 0.06563112139701843 2743
1782931512122 0.08519341796636581 2744
1782931512126 0.0376274399459362 2745
1782931512130 0.16215790808200836 2746
1782931512133 0.05662674084305763 2747
1782931512136 0.19532820582389832 2748
1782931512140 0.3499692380428314 2749
1782931512144 0.0999978706240654 2750
1782931512147 0.16561293601989746 2751
1782931512152 0.03453848883509636 2752
1782931512156 0.23745350539684296 2753
1782931512160 0.05636705085635185 2754
1782931512163 0.057753972709178925 2755
1782931512167 0.012780148535966873 2756
1782931512170 0.057448096573352814 2757
1782931512174 0.14571383595466614 2758
1782931512178 0.11305887997150421 2759
1782931512181 0.17908012866973877 2760
1782931512184 0.09207309782505035 2761
1782931512190 0.17594996094703674 2762
1782931512194 0.3288322687149048 2763
1782931512199 0.1733100712299347 2764
1782931512203 0.23427742719650269 2765
1782931512207 0.11143559217453003 2766
1782931512210 0.20228475332260132 2767
1782931512214 0.022600838914513588 2768
1782931512217 0.12066137790679932 2769
1782931512221 0.15826517343521118 2770
1782931512225 0.3220036029815674 2771
1782931512228 0.08312278985977173 2772
1782931512231 0.07709993422031403 2773
1782931512235 0.037017617374658585 2774
1782931512243 0.07957352697849274 2775
1782931512246 0.3947007656097412 2776
1782931512250 0.3084489107131958 2777
1782931512254 0.18329691886901855 2778
1782931512261 0.09870044142007828 2779
1782931512264 0.127455934882164 2780
1782931512274 0.12479683011770248 2781
1782931512278 0.0895579606294632 2782
1782931512281 0.43956148624420166 2783
1782931512285 0.18814720213413239 2784
1782931512289 0.15289291739463806 2785
1782931512292 0.16500523686408997 2786
1782931512296 0.018531419336795807 2787
1782931512299 0.294429749250412 2788
1782931512303 0.2453194558620453 2789
1782931512307 0.130078986287117 2790
1782931512310 0.17135700583457947 2791
1782931512314 0.18654218316078186 2792
1782931512317 0.056780267506837845 2793
1782931512320 0.12894222140312195 2794
1782931512324 0.5451666116714478 2795
1782931512327 0.01599474623799324 2796
1782931512331 0.2609443962574005 2797
1782931512334 0.2681466341018677 2798
1782931512338 0.16876500844955444 2799
1782931512341 0.2895570397377014 2800
1782931512345 0.09467827528715134 2801
1782931512348 0.1631620079278946 2802
1782931512352 0.45775511860847473 2803
1782931512356 0.0616360567510128 2804
1782931512359 0.2100447565317154 2805
1782931512362 0.3756003975868225 2806
1782931512366 0.25808611512184143 2807
1782931512369 0.6140140891075134 2808
1782931512373 0.05444193631410599 2809
1782931512376 0.37235715985298157 2810
1782931512380 0.13891686499118805 2811
1782931512383 0.08488141000270844 2812
1782931512386 0.25473552942276 2813
1782931512390 0.11728735268115997 2814
1782931512394 0.428885281085968 2815
1782931512397 0.15872421860694885 2816
1782931512400 0.06610555201768875 2817
1782931512404 0.1888464093208313 2818
1782931512407 0.2514285445213318 2819
1782931512411 0.1966264396905899 2820
1782931512415 0.34949520230293274 2821
1782931512418 0.2188761681318283 2822
1782931512421 0.1752229630947113 2823
1782931512425 0.24425242841243744 2824
1782931512429 0.3642858862876892 2825
1782931512432 0.1411961317062378 2826
1782931512435 0.18021176755428314 2827
1782931512439 0.18038049340248108 2828
1782931512443 0.21408739686012268 2829
1782931512446 0.21719107031822205 2830
1782931512449 0.05123837664723396 2831
1782931512453 0.09332040697336197 2832
1782931512457 0.180784672498703 2833
1782931512460 0.39240145683288574 2834
1782931512464 0.22544704377651215 2835
1782931512467 0.03287951648235321 2836
1782931512470 0.038775477558374405 2837
1782931512474 0.27378588914871216 2838
1782931512478 0.1416540890932083 2839
1782931512481 0.24934443831443787 2840
1782931512485 0.04952320083975792 2841
1782931512488 0.2106359302997589 2842
1782931512492 0.08598285168409348 2843
1782931512495 0.22084055840969086 2844
1782931512498 0.2235347032546997 2845
1782931512502 0.22724255919456482 2846
1782931512505 0.07616685330867767 2847
1782931512509 0.29714447259902954 2848
1782931512512 0.13949061930179596 2849
1782931512516 0.026678061112761497 2850
1782931512519 0.17575816810131073 2851
1782931512523 0.10453549027442932 2852
1782931512526 0.03178227320313454 2853
1782931512529 0.07705925405025482 2854
1782931512533 0.16364111006259918 2855
1782931512536 0.29305392503738403 2856
1782931512540 0.16345883905887604 2857
1782931512543 0.2874252200126648 2858
1782931512547 0.03741084784269333 2859
1782931512550 0.1384812593460083 2860
1782931512553 0.3554128408432007 2861
1782931512557 0.2579505145549774 2862
1782931512561 0.17891038954257965 2863
1782931512564 0.09210825711488724 2864
1782931512567 0.2611749768257141 2865
1782931512571 0.1938413381576538 2866
1782931512574 0.09368323534727097 2867
1782931512578 0.10671570897102356 2868
1782931512581 0.15896210074424744 2869
1782931512584 0.12004244327545166 2870
1782931512588 0.6090561151504517 2871
1782931512592 0.3293520510196686 2872
1782931512595 0.2127465307712555 2873
1782931512600 0.0712149515748024 2874
1782931512603 0.19111788272857666 2875
1782931512607 0.04906000196933746 2876
1782931512610 0.09993892908096313 2877
1782931512615 0.2055366337299347 2878
1782931512622 0.0801909789443016 2879
1782931512626 0.12392522394657135 2880
1782931512630 0.12075716257095337 2881
1782931512635 0.08879151195287704 2882
1782931512639 0.03416517376899719 2883
1782931512643 0.206664577126503 2884
1782931512646 0.054319050163030624 2885
1782931512650 0.23264653980731964 2886
1782931512653 0.05865303426980972 2887
1782931512657 0.029236339032649994 2888
1782931512660 0.09124273806810379 2889
1782931512663 0.21475793421268463 2890
1782931512667 0.13778440654277802 2891
1782931512671 0.3668002486228943 2892
1782931512674 0.10349634289741516 2893
1782931512678 0.32592275738716125 2894
1782931512681 0.16985325515270233 2895
1782931512685 0.19487214088439941 2896
1782931512688 0.3722982406616211 2897
1782931512692 0.11660155653953552 2898
1782931512695 0.24356110394001007 2899
1782931512699 0.20947174727916718 2900
1782931512702 0.20647042989730835 2901
1782931512706 0.10192876309156418 2902
1782931512709 0.4848577082157135 2903
1782931512712 0.08014973253011703 2904
1782931512716 0.2197410762310028 2905
1782931512719 0.2265557497739792 2906
1782931512723 0.3113250136375427 2907
1782931512726 0.21110302209854126 2908
1782931512729 0.10531654208898544 2909
1782931512733 0.21708782017230988 2910
1782931512736 0.08211200684309006 2911
1782931512740 0.11623683571815491 2912
1782931512743 0.20017655193805695 2913
1782931512747 0.14515525102615356 2914
1782931512750 0.10327637195587158 2915
1782931512755 0.24359652400016785 2916
1782931512759 0.1610683649778366 2917
1782931512762 0.10331115871667862 2918
1782931512766 0.08882012963294983 2919
1782931512769 0.2999812066555023 2920
1782931512773 0.39263853430747986 2921
1782931512777 0.08950047940015793 2922
1782931512780 0.13165923953056335 2923
1782931512783 0.04692500829696655 2924
1782931512787 0.07678356021642685 2925
1782931512791 0.09408338367938995 2926
1782931512794 0.022652840241789818 2927
1782931512798 0.09357002377510071 2928
1782931512801 0.11480206251144409 2929
1782931512804 0.03594570234417915 2930
1782931512808 0.025475669652223587 2931
1782931512812 0.7062891721725464 2932
1782931512815 0.09429251402616501 2933
1782931512819 0.03006274253129959 2934
1782931512822 0.09756843745708466 2935
1782931512826 0.12906703352928162 2936
1782931512829 0.09121627360582352 2937
1782931512833 0.17280496656894684 2938
1782931512836 0.14933696389198303 2939
1782931512840 0.15992838144302368 2940
1782931512843 0.15875345468521118 2941
1782931512846 0.2565002739429474 2942
1782931512850 0.14214663207530975 2943
1782931512853 0.047164227813482285 2944
1782931512857 0.09521067887544632 2945
1782931512860 0.17533160746097565 2946
1782931512863 0.22695350646972656 2947
1782931512867 0.10609768331050873 2948
1782931512870 0.2565021514892578 2949
1782931512874 0.151773139834404 2950
1782931512878 0.05709613114595413 2951
1782931512881 0.18548496067523956 2952
1782931512884 0.1394398808479309 2953
1782931512888 0.34256699681282043 2954
1782931512892 0.1957155019044876 2955
1782931512895 0.042261626571416855 2956
1782931512899 0.20514914393424988 2957
1782931512902 0.1102835163474083 2958
1782931512906 0.14661942422389984 2959
1782931512909 0.11447709053754807 2960
1782931512913 0.05741221457719803 2961
1782931512916 0.2812638580799103 2962
1782931512919 0.13518688082695007 2963
1782931512923 0.15915973484516144 2964
1782931512926 0.042787015438079834 2965
1782931512929 0.09169098734855652 2966
1782931512933 0.3033180236816406 2967
1782931512950 0.16887405514717102 2968
1782931512964 0.18222297728061676 2969
1782931512967 0.06092775613069534 2970
1782931512971 0.05202338099479675 2971
1782931512974 0.07149289548397064 2972
1782931512978 0.03840215876698494 2973
1782931512980 0.37364038825035095 2974
1782931512983 0.041663575917482376 2975
1782931512985 0.10241011530160904 2976
1782931512988 0.1395762711763382 2977
1782931512991 0.06086919829249382 2978
1782931512994 0.2714531719684601 2979
1782931512996 0.03494631499052048 2980
1782931512999 0.21601325273513794 2981
1782931513002 0.23754265904426575 2982
1782931513005 0.0842626690864563 2983
1782931513007 0.10274111479520798 2984
1782931513010 0.014714614488184452 2985
1782931513012 0.15726271271705627 2986
1782931513015 0.2364473044872284 2987
1782931513017 0.17719940841197968 2988
1782931513020 0.014629886485636234 2989
1782931513023 0.2517774701118469 2990
1782931513025 0.32449185848236084 2991
1782931513028 0.15529733896255493 2992
1782931513031 0.1780095100402832 2993
1782931513033 0.08274346590042114 2994
1782931513036 0.028042200952768326 2995
1782931513040 0.09686122089624405 2996
1782931513042 0.04170587286353111 2997
1782931513045 0.036567430943250656 2998
1782931513048 0.09274551272392273 2999
1782931513051 0.3329160213470459 3000
1782931513053 0.056339193135499954 3001
1782931513057 0.12178061157464981 3002
1782931513059 0.19970348477363586 3003
1782931513062 0.1387394368648529 3004
1782931513065 0.19066597521305084 3005
1782931513067 0.1584545373916626 3006
1782931513070 0.054257843643426895 3007
1782931513073 0.5320428013801575 3008
1782931513076 0.3603518307209015 3009
1782931513079 0.12804709374904633 3010
1782931513081 0.07369686663150787 3011
1782931513084 0.1472654640674591 3012
1782931513087 0.1556566059589386 3013
1782931513089 0.16335664689540863 3014
1782931513092 0.17322497069835663 3015
1782931513095 0.3067310154438019 3016
1782931513098 0.44077712297439575 3017
1782931513101 0.6268699169158936 3018
1782931513106 0.049444299191236496 3019
1782931513111 0.2861716151237488 3020
1782931513114 0.20096011459827423 3021
1782931513117 0.15446965396404266 3022
1782931513119 0.06085599958896637 3023
1782931513122 0.3999067544937134 3024
1782931513125 0.01758635602891445 3025
1782931513127 0.3421187400817871 3026
1782931513130 0.35421833395957947 3027
1782931513133 0.19654518365859985 3028
1782931513135 0.020764339715242386 3029
1782931513138 0.08022095263004303 3030
1782931513141 0.15430046617984772 3031
1782931513143 0.08062965422868729 3032
1782931513146 0.18645213544368744 3033
1782931513148 0.09985820204019547 3034
1782931513151 0.2634800672531128 3035
1782931513153 0.16325856745243073 3036
1782931513156 0.024908972904086113 3037
1782931513159 0.14875604212284088 3038
1782931513162 0.17673026025295258 3039
1782931513165 0.6615585684776306 3040
1782931513167 0.07189735770225525 3041
1782931513170 0.15159446001052856 3042
1782931513172 0.02841557376086712 3043
1782931513175 0.1332012563943863 3044
1782931513178 0.03522203862667084 3045
1782931513181 0.41434964537620544 3046
1782931513184 0.12466463446617126 3047
1782931513187 0.26093703508377075 3048
1782931513189 0.3230415880680084 3049
1782931513192 0.177915558218956 3050
1782931513195 0.18153317272663116 3051
1782931513197 0.06870417296886444 3052
1782931513199 0.08864365518093109 3053
1782931513202 0.1137099638581276 3054
1782931513205 0.0497114323079586 3055
1782931513207 0.07730045169591904 3056
1782931513210 0.051257990300655365 3057
1782931513214 0.08911436051130295 3058
1782931513216 0.1879366785287857 3059
1782931513219 0.10743635147809982 3060
1782931513222 0.09652435779571533 3061
1782931513225 0.15986403822898865 3062
1782931513229 0.15153411030769348 3063
1782931513234 0.07525070756673813 3064
1782931513237 0.388088196516037 3065
1782931513239 0.09428772330284119 3066
1782931513242 0.15840405225753784 3067
1782931513245 0.2788376212120056 3068
1782931513247 0.1002824679017067 3069
1782931513250 0.2042715847492218 3070
1782931513257 0.10208726674318314 3071
1782931513259 0.06766802072525024 3072
1782931513262 0.14792895317077637 3073
1782931513264 0.11430072039365768 3074
1782931513267 0.02551611326634884 3075
1782931513269 0.07359375804662704 3076
1782931513272 0.26214295625686646 3077
1782931513275 0.24242711067199707 3078
1782931513300 0.15016932785511017 3079
1782931513306 0.12085374444723129 3080
1782931513311 0.10066711157560349 3081
1782931513316 0.18146057426929474 3082
1782931513321 0.1577666699886322 3083
1782931513326 0.20634910464286804 3084
1782931513331 0.2331719547510147 3085
1782931513335 0.058370232582092285 3086
1782931513341 0.04818515107035637 3087
1782931513346 0.19946859776973724 3088
1782931513350 0.16309800744056702 3089
1782931513355 0.24758771061897278 3090
1782931513359 0.0515705868601799 3091
1782931513361 0.1334240436553955 3092
1782931513364 0.06873960793018341 3093
1782931513366 0.05540852248668671 3094
1782931513369 0.18232810497283936 3095
1782931513372 0.3842421770095825 3096
1782931513374 0.12146640568971634 3097
1782931513377 0.12625804543495178 3098
1782931513379 0.04040507227182388 3099
1782931513381 0.4693849980831146 3100
1782931513384 0.2608383893966675 3101
1782931513387 0.07150791585445404 3102
1782931513390 0.18987643718719482 3103
1782931513392 0.38499441742897034 3104
1782931513395 0.3477650582790375 3105
1782931513400 0.04854695126414299 3106
1782931513403 0.282014936208725 3107
1782931513406 0.10155294835567474 3108
1782931513409 0.07681798934936523 3109
1782931513411 0.2208593338727951 3110
1782931513414 0.20590840280056 3111
1782931513416 0.10190924257040024 3112
1782931513419 0.14354300498962402 3113
1782931513424 0.07827246189117432 3114
1782931513428 0.053991757333278656 3115
1782931513431 0.3124651312828064 3116
1782931513433 0.05160505324602127 3117
1782931513436 0.0730203241109848 3118
1782931513439 0.19052450358867645 3119
1782931513442 0.14702115952968597 3120
1782931513445 0.16965243220329285 3121
1782931513447 0.035928502678871155 3122
1782931513449 0.21787290275096893 3123
1782931513452 0.100061796605587 3124
1782931513455 0.08665286004543304 3125
1782931513458 0.05860515683889389 3126
1782931513461 0.09849044680595398 3127
1782931513463 0.04371551051735878 3128
1782931513466 0.02908729761838913 3129
1782931513469 0.08850875496864319 3130
1782931513473 0.23134969174861908 3131
1782931513478 0.05248159542679787 3132
1782931513480 0.10158728063106537 3133
1782931513483 0.06250209361314774 3134
1782931513485 0.11396503448486328 3135
1782931513488 0.24323700368404388 3136
1782931513491 0.32758504152297974 3137
1782931513494 0.10008950531482697 3138
1782931513496 0.12280149012804031 3139
1782931513499 0.3732234239578247 3140
1782931513501 0.2550404369831085 3141
1782931513504 0.0334971658885479 3142
1782931513506 0.15096063911914825 3143
1782931513509 0.37345415353775024 3144
1782931513512 0.17723160982131958 3145
1782931513514 0.039951350539922714 3146
1782931513516 0.13988398015499115 3147
1782931513519 0.10589868575334549 3148
1782931513522 0.47915905714035034 3149
1782931513524 0.14773871004581451 3150
1782931513527 0.12508638203144073 3151
1782931513530 0.03051830269396305 3152
1782931513532 0.2241612672805786 3153
1782931513535 0.03148782253265381 3154
1782931513537 0.2529717683792114 3155
1782931513540 0.18266652524471283 3156
1782931513543 0.06614542007446289 3157
1782931513545 0.14213716983795166 3158
1782931513548 0.04678504914045334 3159
1782931513550 0.24905571341514587 3160
1782931513553 0.1710655689239502 3161
1782931513556 0.20551811158657074 3162
1782931513559 0.18399089574813843 3163
1782931513561 0.15082700550556183 3164
1782931513564 0.0459214486181736 3165
1782931513566 0.024463748559355736 3166
1782931513569 0.12203957885503769 3167
1782931513572 0.20381850004196167 3168
1782931513576 0.06999017298221588 3169
1782931513579 0.3963300883769989 3170
1782931513582 0.1654742807149887 3171
1782931513584 0.051047757267951965 3172
1782931513587 0.16969408094882965 3173
1782931513590 0.15950171649456024 3174
1782931513593 0.1030067577958107 3175
1782931513595 0.2692723572254181 3176
1782931513598 0.23054543137550354 3177
1782931513600 0.06721141189336777 3178
1782931513603 0.08827220648527145 3179
1782931513606 0.06982558965682983 3180
1782931513608 0.1834353357553482 3181
1782931513611 0.07211723923683167 3182
1782931513613 0.20074740052223206 3183
1782931513616 0.05362158268690109 3184
1782931513618 0.11507903784513474 3185
1782931513621 0.1644727736711502 3186
1782931513624 0.07184801250696182 3187
1782931513627 0.03138064220547676 3188
1782931513629 0.1360660195350647 3189
1782931513632 0.1435624361038208 3190
1782931513634 0.13778147101402283 3191
1782931513638 0.08641455322504044 3192
1782931513641 0.10908736288547516 3193
1782931513644 0.2464209347963333 3194
1782931513646 0.19772551953792572 3195
1782931513649 0.028495701029896736 3196
1782931513651 0.11894851177930832 3197
1782931513654 0.1395002156496048 3198
1782931513657 0.16963985562324524 3199
1782931513659 0.05873377248644829 3200
1782931513662 0.07812751829624176 3201
1782931513664 0.08558421581983566 3202
1782931513675 0.06998204439878464 3203
1782931513680 0.12056241929531097 3204
1782931513685 0.09913190454244614 3205
1782931513690 0.12407082319259644 3206
1782931513695 0.05003981292247772 3207
1782931513700 0.15258687734603882 3208
1782931513705 0.14403977990150452 3209
1782931513712 0.155289888381958 3210
1782931513727 0.06430303305387497 3211
1782931513730 0.20191419124603271 3212
1782931513733 0.3225834369659424 3213
1782931513735 0.1626826524734497 3214
1782931513738 0.1833171248435974 3215
1782931513741 0.2059069573879242 3216
1782931513744 0.036059703677892685 3217
1782931513746 0.06758144497871399 3218
1782931513749 0.128190279006958 3219
1782931513751 0.17373037338256836 3220
1782931513754 0.09198228269815445 3221
1782931513757 0.026499338448047638 3222
1782931513759 0.11996685713529587 3223
1782931513762 0.09286032617092133 3224
1782931513764 0.08471262454986572 3225
1782931513767 0.18371404707431793 3226
1782931513769 0.03985191509127617 3227
1782931513772 0.15079741179943085 3228
1782931513775 0.2314489781856537 3229
1782931513777 0.253651887178421 3230
1782931513780 0.16596390306949615 3231
1782931513782 0.5814727544784546 3232
1782931513785 0.18304871022701263 3233
1782931513788 0.1132127046585083 3234
1782931513790 0.11208698898553848 3235
1782931513793 0.2700943052768707 3236
1782931513796 0.208028644323349 3237
1782931513798 0.13702526688575745 3238
1782931513801 0.2351846992969513 3239
1782931513803 0.0749921128153801 3240
1782931513806 0.15923599898815155 3241
1782931513809 0.2888364791870117 3242
1782931513811 0.16875644028186798 3243
1782931513813 0.0504692867398262 3244
1782931513818 0.21638818085193634 3245
1782931513827 0.27403223514556885 3246
1782931513833 0.12992927432060242 3247
1782931513836 0.09221518784761429 3248
1782931513840 0.3709962069988251 3249
1782931513844 0.17714230716228485 3250
1782931513847 0.03787073865532875 3251
1782931513851 0.24197916686534882 3252
1782931513856 0.21018175780773163 3253
1782931513860 0.028891868889331818 3254
1782931513864 0.07001949846744537 3255
1782931513868 0.5051663517951965 3256
1782931513872 0.04571530595421791 3257
1782931513877 0.0636901706457138 3258
1782931513881 0.10846059024333954 3259
1782931513884 0.2419978529214859 3260
1782931513889 0.20180650055408478 3261
1782931513892 0.09814129769802094 3262
1782931513896 0.0689024105668068 3263
1782931513899 0.04807601869106293 3264
1782931513902 0.09826615452766418 3265
1782931513907 0.1659512221813202 3266
1782931513911 0.032289035618305206 3267
1782931513914 0.09330165386199951 3268
1782931513918 0.07155967503786087 3269
1782931513922 0.10146140307188034 3270
1782931513926 0.22622103989124298 3271
1782931513929 0.20245639979839325 3272
1782931513933 0.19512982666492462 3273
1782931513936 0.07761512696743011 3274
1782931513940 0.21326106786727905 3275
1782931513944 0.06998421996831894 3276
1782931513947 0.21556468307971954 3277
1782931513950 0.07530797272920609 3278
1782931513954 0.020266970619559288 3279
1782931513958 0.06531580537557602 3280
1782931513962 0.17861750721931458 3281
1782931513965 0.16581563651561737 3282
1782931513968 0.08857248723506927 3283
1782931513973 0.1715005785226822 3284
1782931513976 0.1904146820306778 3285
1782931513980 0.034560054540634155 3286
1782931513983 0.08885356038808823 3287
1782931513988 0.272067666053772 3288
1782931513991 0.06552885472774506 3289
1782931513995 0.13255299627780914 3290
1782931513999 0.08482158929109573 3291
1782931514002 0.2703724801540375 3292
1782931514009 0.428134024143219 3293
1782931514013 0.13794763386249542 3294
1782931514017 0.13030491769313812 3295
1782931514020 0.05806950852274895 3296
1782931514024 0.11052235960960388 3297
1782931514028 0.049739621579647064 3298
1782931514031 0.4011949300765991 3299
1782931514035 0.1989368498325348 3300
1782931514038 0.09694093465805054 3301
1782931514042 0.024236420169472694 3302
1782931514045 0.17138923704624176 3303
1782931514048 0.06927929073572159 3304
1782931514052 0.10034619271755219 3305
1782931514056 0.08775398135185242 3306
1782931514060 0.05252467095851898 3307
1782931514063 0.3005164861679077 3308
1782931514067 0.15471813082695007 3309
1782931514071 0.0498272143304348 3310
1782931514075 0.2650674879550934 3311
1782931514078 0.12989947199821472 3312
1782931514082 0.2261888086795807 3313
1782931514085 0.06567327678203583 3314
1782931514089 0.01575658842921257 3315
1782931514092 0.1066909208893776 3316
1782931514096 0.09437229484319687 3317
1782931514099 0.2069951444864273 3318
1782931514103 0.06959982961416245 3319
1782931514107 0.04325706884264946 3320
1782931514110 0.2852570116519928 3321
1782931514116 0.20609436929225922 3322
1782931514122 0.02682986855506897 3323
1782931514126 0.1230371817946434 3324
1782931514129 0.147663414478302 3325
1782931514132 0.11348504573106766 3326
1782931514136 0.48458826541900635 3327
1782931514140 0.2789071500301361 3328
1782931514144 0.38116255402565 3329
1782931514147 0.5096340775489807 3330
1782931514151 0.027161240577697754 3331
1782931514155 0.11746075749397278 3332
1782931514159 0.05164024978876114 3333
1782931514163 0.12248101830482483 3334
1782931514166 0.2667126953601837 3335
1782931514169 0.09948388487100601 3336
1782931514173 0.15911990404129028 3337
1782931514177 0.14440196752548218 3338
1782931514181 0.08131598681211472 3339
1782931514184 0.5466930866241455 3340
1782931514187 0.05702479928731918 3341
1782931514191 0.03389459848403931 3342
1782931514195 0.1511513739824295 3343
1782931514198 0.0570453442633152 3344
1782931514246 0.13305442035198212 3345
1782931514253 0.08783949166536331 3346
1782931514287 0.18315762281417847 3347
1782931514299 0.16981768608093262 3348
1782931514306 0.04664771258831024 3349
1782931514312 0.030290929600596428 3350
1782931514318 0.3796975016593933 3351
1782931514327 0.10782512277364731 3352
1782931514337 0.09646017849445343 3353
1782931514341 0.1414482742547989 3354
1782931514344 0.06294272094964981 3355
1782931514347 0.15723222494125366 3356
1782931514350 0.3595251739025116 3357
1782931514352 0.03525640815496445 3358
1782931514355 0.11583971232175827 3359
1782931514358 0.03959965705871582 3360
1782931514361 0.2554081380367279 3361
1782931514363 0.1708979606628418 3362
1782931514366 0.05338595062494278 3363
1782931514368 0.07358494400978088 3364
1782931514371 0.057785309851169586 3365
1782931514374 0.10570687055587769 3366
1782931514377 0.022527996450662613 3367
1782931514379 0.17643165588378906 3368
1782931514381 0.026148710399866104 3369
1782931514384 0.274058997631073 3370
1782931514387 0.2293807566165924 3371
1782931514390 0.030291326344013214 3372
1782931514393 0.038352880626916885 3373
1782931514395 0.03249993175268173 3374
1782931514398 0.24228361248970032 3375
1782931514400 0.06550796329975128 3376
1782931514403 0.05125404894351959 3377
1782931514406 0.04065368324518204 3378
1782931514409 0.026972370222210884 3379
1782931514411 0.03960954397916794 3380
1782931514414 0.18614794313907623 3381
1782931514416 0.1717562973499298 3382
1782931514419 0.09498392790555954 3383
1782931514422 0.03635752946138382 3384
1782931514425 0.0847429633140564 3385
1782931514427 0.022596221417188644 3386
1782931514430 0.07715392857789993 3387
1782931514432 0.3566656708717346 3388
1782931514435 0.0856645330786705 3389
1782931514438 0.050852738320827484 3390
1782931514441 0.05814262852072716 3391
1782931514443 0.48065292835235596 3392
1782931514446 0.2873815596103668 3393
1782931514448 0.19846858084201813 3394
1782931514451 0.12460356950759888 3395
1782931514453 0.036657799035310745 3396
1782931514456 0.16946400701999664 3397
1782931514460 0.23940367996692657 3398
1782931514462 0.0491190142929554 3399
1782931514465 0.05022692680358887 3400
1782931514467 0.028370872139930725 3401
1782931514470 0.10886621475219727 3402
1782931514473 0.16910681128501892 3403
1782931514476 0.06439973413944244 3404
1782931514478 0.1744714379310608 3405
1782931514481 0.1577611267566681 3406
1782931514484 0.0719347894191742 3407
1782931514487 0.10918039828538895 3408
1782931514490 0.14108632504940033 3409
1782931514493 0.1076660305261612 3410
1782931514495 0.10585250705480576 3411
1782931514497 0.04386742785573006 3412
1782931514500 0.0834081768989563 3413
1782931514503 0.05882750079035759 3414
1782931514506 0.5455552935600281 3415
1782931514509 0.15690527856349945 3416
1782931514511 0.3486424386501312 3417
1782931514514 0.053925737738609314 3418
1782931514516 0.1563635617494583 3419
1782931514518 0.06063981354236603 3420
1782931514521 0.1000366359949112 3421
1782931514524 0.07461408525705338 3422
1782931514526 0.08704179525375366 3423
1782931514530 0.07885678112506866 3424
1782931514532 0.06565951555967331 3425
1782931514535 0.03155122697353363 3426
1782931514537 0.07430864870548248 3427
1782931514540 0.21863345801830292 3428
1782931514543 0.12343199551105499 3429
1782931514545 0.09130546450614929 3430
1782931514548 0.18528607487678528 3431
1782931514550 0.06766480952501297 3432
1782931514553 0.3108849823474884 3433
1782931514556 0.14051935076713562 3434
1782931514558 0.048750244081020355 3435
1782931514560 0.0862620547413826 3436
1782931514563 0.18016284704208374 3437
1782931514565 0.018939943984150887 3438
1782931514568 0.47340908646583557 3439
1782931514570 0.02942696399986744 3440
1782931514573 0.08082114160060883 3441
1782931514577 0.20969073474407196 3442
1782931514580 0.2324126660823822 3443
1782931514583 0.04622165113687515 3444
1782931514587 0.013724344782531261 3445
1782931514590 0.19071605801582336 3446
1782931514594 0.10847730189561844 3447
1782931514597 0.1076529398560524 3448
1782931514600 0.07425198704004288 3449
1782931514604 0.07125251740217209 3450
1782931514607 0.19131885468959808 3451
1782931514611 0.034216299653053284 3452
1782931514614 0.058578308671712875 3453
1782931514617 0.19966816902160645 3454
1782931514621 0.1391725391149521 3455
1782931514624 0.02793600782752037 3456
1782931514628 0.038568347692489624 3457
1782931514631 0.3185358941555023 3458
1782931514635 0.3191213607788086 3459
1782931514639 0.06079549714922905 3460
1782931514642 0.05629941076040268 3461
1782931514645 0.44178181886672974 3462
1782931514649 0.49630007147789 3463
1782931514652 0.0864742249250412 3464
1782931514656 0.14191552996635437 3465
1782931514659 0.2864592373371124 3466
1782931514663 0.11396834254264832 3467
1782931514666 0.18242789804935455 3468
1782931514669 0.23242080211639404 3469
1782931514673 0.17848455905914307 3470
1782931514677 0.2465648502111435 3471
1782931514680 0.2982173264026642 3472
1782931514684 0.14694541692733765 3473
1782931514690 0.2754878103733063 3474
1782931514696 0.10929250717163086 3475
1782931514699 0.0713929757475853 3476
1782931514702 0.10552545636892319 3477
1782931514707 0.11227840930223465 3478
1782931514710 0.058367278426885605 3479
1782931514713 0.07732509821653366 3480
1782931514717 0.05450053885579109 3481
1782931514720 0.09218241274356842 3482
1782931514724 0.1497933268547058 3483
1782931514727 0.15374553203582764 3484
1782931514731 0.04500029981136322 3485
1782931514734 0.31007322669029236 3486
1782931514737 0.10833651572465897 3487
1782931514741 0.06978081911802292 3488
1782931514744 0.323568731546402 3489
1782931514748 0.029617609456181526 3490
1782931514751 0.03627930209040642 3491
1782931514754 0.14123713970184326 3492
1782931514758 0.10755272209644318 3493
1782931514761 0.045457810163497925 3494
1782931514765 0.057545918971300125 3495
1782931514768 0.16215990483760834 3496
1782931514772 0.2042475789785385 3497
1782931514776 0.2966040074825287 3498
1782931514779 0.3926430344581604 3499
1782931514782 0.17795391380786896 3500
1782931514785 0.27214908599853516 3501
1782931514789 0.11269208043813705 3502
1782931514793 0.10779625922441483 3503
1782931514797 0.056729041039943695 3504
1782931514800 0.2043774127960205 3505
1782931514804 0.05899929255247116 3506
1782931514808 0.2837076485157013 3507
1782931514811 0.05648692697286606 3508
1782931514815 0.11172613501548767 3509
1782931514819 0.22907891869544983 3510
1782931514822 0.19974885880947113 3511
1782931514826 0.1864883303642273 3512
1782931514829 0.024393638595938683 3513
1782931514832 0.039509255439043045 3514
1782931514836 0.033947478979825974 3515
1782931514840 0.33263030648231506 3516
1782931514843 0.09816183149814606 3517
1782931514846 0.11355569958686829 3518
1782931514850 0.09216491132974625 3519
1782931514853 0.09454640001058578 3520
1782931514857 0.10756631195545197 3521
1782931514861 0.14820560812950134 3522
1782931514865 0.09446516633033752 3523
1782931514868 0.07711292803287506 3524
1782931514872 0.13668960332870483 3525
1782931514876 0.1568910777568817 3526
1782931514880 0.03887670859694481 3527
1782931514883 0.08686132729053497 3528
1782931514887 0.09754828363656998 3529
1782931514890 0.1554563343524933 3530
1782931514894 0.02020641230046749 3531
1782931514897 0.07216931879520416 3532
1782931514900 0.07875917106866837 3533
1782931514905 0.09764640033245087 3534
1782931514909 0.025497378781437874 3535
1782931514912 0.1609083116054535 3536
1782931514916 0.07480178028345108 3537
1782931514919 0.4259231388568878 3538
1782931514923 0.224018394947052 3539
1782931514926 0.10108155012130737 3540
1782931514930 0.14748841524124146 3541
1782931514933 0.49759241938591003 3542
1782931514936 0.030658073723316193 3543
1782931514940 0.13775712251663208 3544
1782931514944 0.6151089072227478 3545
1782931514947 0.15405845642089844 3546
1782931514950 0.13550351560115814 3547
1782931514954 0.2382981926202774 3548
1782931514958 0.11771553009748459 3549
1782931514961 0.1010250672698021 3550
1782931514964 0.33154919743537903 3551
1782931514967 0.027984438464045525 3552
1782931514971 0.02405153587460518 3553
1782931514975 0.2633756697177887 3554
1782931514979 0.15885740518569946 3555
1782931514982 0.2540147304534912 3556
1782931514985 0.04133414104580879 3557
1782931514989 0.06573911011219025 3558
1782931514993 0.009072641842067242 3559
1782931514996 0.28615713119506836 3560
1782931514999 0.09069963544607162 3561
1782931515003 0.2367440015077591 3562
1782931515023 0.04142366722226143 3563
1782931515027 0.2581017017364502 3564
1782931515030 0.08967068791389465 3565
1782931515034 0.27956193685531616 3566
1782931515038 0.0657372698187828 3567
1782931515041 0.10235843807458878 3568
1782931515045 0.06642992794513702 3569
1782931515048 0.4932745099067688 3570
1782931515052 0.1880103349685669 3571
1782931515055 0.12571470439434052 3572
1782931515059 0.21917156875133514 3573
1782931515062 0.3713826835155487 3574
1782931515065 0.5213817954063416 3575
1782931515069 0.05793844535946846 3576
1782931515073 0.18143033981323242 3577
1782931515076 0.310639888048172 3578
1782931515079 0.10681024193763733 3579
1782931515082 0.0328437015414238 3580
1782931515086 0.20548975467681885 3581
1782931515090 0.046458885073661804 3582
1782931515093 0.23018591105937958 3583
1782931515096 0.13503412902355194 3584
1782931515100 0.08438047766685486 3585
1782931515104 0.04991929978132248 3586
1782931515108 0.08398443460464478 3587
1782931515112 0.14485673606395721 3588
1782931515115 0.014177086763083935 3589
1782931515120 0.11238974332809448 3590
1782931515123 0.07627648860216141 3591
1782931515127 0.2085142284631729 3592
1782931515130 0.04615189880132675 3593
1782931515134 0.1945853978395462 3594
1782931515137 0.06901088356971741 3595
1782931515141 0.04021027684211731 3596
1782931515145 0.2060314416885376 3597
1782931515148 0.34342992305755615 3598
1782931515152 0.023360764607787132 3599
1782931515156 0.3103148639202118 3600
1782931515159 0.02476036734879017 3601
1782931515163 0.08958161622285843 3602
1782931515167 0.1989612728357315 3603
1782931515170 0.14161090552806854 3604
1782931515174 0.06409338861703873 3605
1782931515177 0.12106698751449585 3606
1782931515181 0.020217414945364 3607
1782931515184 0.27025124430656433 3608
1782931515188 0.10030575096607208 3609
1782931515192 0.17888595163822174 3610
1782931515195 0.08045046776533127 3611
1782931515199 0.26353687047958374 3612
1782931515203 0.10740598291158676 3613
1782931515207 0.048689451068639755 3614
1782931515210 0.38815900683403015 3615
1782931515213 0.23889929056167603 3616
1782931515217 0.13111957907676697 3617
1782931515221 0.22224685549736023 3618
1782931515225 0.685395359992981 3619
1782931515228 0.22460739314556122 3620
1782931515232 0.02785300463438034 3621
1782931515235 0.05728643015027046 3622
1782931515242 0.21861682832241058 3623
1782931515245 0.29758092761039734 3624
1782931515248 0.36756256222724915 3625
1782931515253 0.047798022627830505 3626
1782931515258 0.09556897729635239 3627
1782931515261 0.15273819863796234 3628
1782931515264 0.3124457001686096 3629
1782931515268 0.10034363716840744 3630
1782931515271 0.06511405110359192 3631
1782931515275 0.04715149104595184 3632
1782931515278 0.051743071526288986 3633
1782931515281 0.27221915125846863 3634
1782931515284 0.17016299068927765 3635
1782931515288 0.037076886743307114 3636
1782931515291 0.2534722089767456 3637
1782931515295 0.2958119809627533 3638
1782931515298 0.03658251836895943 3639
1782931515301 0.07505377382040024 3640
1782931515305 0.16944099962711334 3641
1782931515308 0.20183128118515015 3642
1782931515312 0.5151822566986084 3643
1782931515315 0.03226623684167862 3644
1782931515318 0.03969962149858475 3645
1782931515322 0.09185968339443207 3646
1782931515327 0.09472300112247467 3647
1782931515330 0.16120468080043793 3648
1782931515333 0.11725685745477676 3649
1782931515337 0.27142366766929626 3650
1782931515340 0.23711422085762024 3651
1782931515344 0.1957167685031891 3652
1782931515347 0.18603220582008362 3653
1782931515350 0.16208600997924805 3654
1782931515354 0.3150661885738373 3655
1782931515358 0.16068166494369507 3656
1782931515361 0.13175815343856812 3657
1782931515365 0.07083098590373993 3658
1782931515385 0.16790524125099182 3659
1782931515389 0.14866022765636444 3660
1782931515393 0.04155222699046135 3661
1782931515397 0.2346315085887909 3662
1782931515400 0.07593332231044769 3663
1782931515404 0.15697908401489258 3664
1782931515413 0.02861570008099079 3665
1782931515417 0.04939260706305504 3666
1782931515421 0.5988233685493469 3667
1782931515425 0.20319239795207977 3668
1782931515428 0.03549353778362274 3669
1782931515431 0.0729241743683815 3670
1782931515435 0.2877295911312103 3671
1782931515439 0.026944253593683243 3672
1782931515443 0.04493056610226631 3673
1782931515446 0.23786769807338715 3674
1782931515449 0.09023746848106384 3675
1782931515452 0.14867660403251648 3676
1782931515456 0.12774546444416046 3677
1782931515459 0.07672195136547089 3678
1782931515462 0.09775573015213013 3679
1782931515465 0.15505351126194 3680
1782931515469 0.28555959463119507 3681
1782931515472 0.4655189514160156 3682
1782931515476 0.20155934989452362 3683
1782931515479 0.09163753688335419 3684
1782931515482 0.19777801632881165 3685
1782931515486 0.28301477432250977 3686
1782931515489 0.16621033847332 3687
1782931515493 0.14610952138900757 3688
1782931515496 0.18624530732631683 3689
1782931515499 0.10341725498437881 3690
1782931515503 0.36766624450683594 3691
1782931515507 0.28166458010673523 3692
1782931515510 0.3565155565738678 3693
1782931515513 0.09147845208644867 3694
1782931515516 0.3148273825645447 3695
1782931515520 0.07112056761980057 3696
1782931515523 0.04084773734211922 3697
1782931515527 0.01891721971333027 3698
1782931515530 0.11921560019254684 3699
1782931515533 0.0853971615433693 3700
1782931515536 0.22672885656356812 3701
1782931515540 0.17261822521686554 3702
1782931515543 0.036332711577415466 3703
1782931515547 0.2626025378704071 3704
1782931515550 0.19813571870326996 3705
1782931515553 0.15699008107185364 3706
1782931515556 0.07763368636369705 3707
1782931515560 0.1624688357114792 3708
1782931515563 0.2145935297012329 3709
1782931515566 0.033957935869693756 3710
1782931515569 0.16666489839553833 3711
1782931515573 0.43534356355667114 3712
1782931515579 0.13719168305397034 3713
1782931515583 0.08887780457735062 3714
1782931515586 0.25430387258529663 3715
1782931515591 0.10082356631755829 3716
1782931515595 0.05378100275993347 3717
1782931515598 0.30876702070236206 3718
1782931515601 0.12015824019908905 3719
1782931515605 0.07281617820262909 3720
1782931515609 0.12937690317630768 3721
1782931515612 0.07678857445716858 3722
1782931515615 0.049425866454839706 3723
1782931515618 0.1414846032857895 3724
1782931515622 0.018950054422020912 3725
1782931515626 0.22273989021778107 3726
1782931515629 0.18278910219669342 3727
1782931515632 0.23476575314998627 3728
1782931515635 0.17654229700565338 3729
1782931515639 0.22696299850940704 3730
1782931515643 0.09471917152404785 3731
1782931515648 0.13345935940742493 3732
1782931515651 0.06629537045955658 3733
1782931515655 0.3415394723415375 3734
1782931515658 0.21162739396095276 3735
1782931515661 0.13807815313339233 3736
1782931515665 0.31360965967178345 3737
1782931515668 0.1335170418024063 3738
1782931515671 0.16019299626350403 3739
1782931515675 0.061711110174655914 3740
1782931515678 0.11494515091180801 3741
1782931515681 0.17467333376407623 3742
1782931515685 0.495598703622818 3743
1782931515688 0.13369612395763397 3744
1782931515692 0.19289137423038483 3745
1782931515695 0.04285416007041931 3746
1782931515698 0.14139539003372192 3747
1782931515701 0.17557378113269806 3748
1782931515705 0.08673425018787384 3749
1782931516097 0.061463452875614166 3750
1782931516100 0.16738007962703705 3751
1782931516103 0.11705558747053146 3752
1782931516106 0.1361200511455536 3753
1782931516108 0.09035652130842209 3754
1782931516112 0.03503851592540741 3755
1782931516115 0.1501382291316986 3756
1782931516117 0.08874831348657608 3757
1782931516120 0.2112731784582138 3758
1782931516123 0.07715002447366714 3759
1782931516126 0.14255157113075256 3760
1782931516129 0.03382626548409462 3761
1782931516131 0.3147733807563782 3762
1782931516136 0.11602388322353363 3763
1782931516139 0.29898226261138916 3764
1782931516141 0.08068431168794632 3765
1782931516144 0.19592757523059845 3766
1782931516147 0.27511152625083923 3767
1782931516149 0.156640887260437 3768
1782931516152 0.03444964438676834 3769
1782931516155 0.10789504647254944 3770
1782931516157 0.024648502469062805 3771
1782931516160 0.662767231464386 3772
1782931516162 0.1184130609035492 3773
1782931516165 0.12240605801343918 3774
1782931516167 0.05347635969519615 3775
1782931516170 0.1774851232767105 3776
1782931516173 0.22628457844257355 3777
1782931516175 0.0922231525182724 3778
1782931516178 0.09386303275823593 3779
1782931516180 0.31856659054756165 3780
1782931516183 0.12053205817937851 3781
1782931516185 0.04037730023264885 3782
1782931516188 0.11824651807546616 3783
1782931516190 0.24627923965454102 3784
1782931516193 0.46705570816993713 3785
1782931516196 0.0746762678027153 3786
1782931516198 0.08192557096481323 3787
1782931516201 0.2931017577648163 3788
1782931516203 0.2622813284397125 3789
1782931516206 0.22931595146656036 3790
1782931516209 0.17647941410541534 3791
1782931516211 0.03096039593219757 3792
1782931516214 0.1390533745288849 3793
1782931516217 0.052926406264305115 3794
1782931516220 0.21207869052886963 3795
1782931516226 0.08315698057413101 3796
1782931516228 0.09377065300941467 3797
1782931516231 0.15869443118572235 3798
1782931516233 0.2491471767425537 3799
1782931516236 0.1961677223443985 3800
1782931516238 0.07762163877487183 3801
1782931516241 0.11014854162931442 3802
1782931516243 0.07240979373455048 3803
1782931516246 0.3377865254878998 3804
1782931516248 0.0185043066740036 3805
1782931516251 0.18226829171180725 3806
1782931516253 0.15431098639965057 3807
1782931516257 0.3144778609275818 3808
1782931516262 0.13104473054409027 3809
1782931516267 0.11152325570583344 3810
1782931516270 0.12731106579303741 3811
1782931516274 0.0163965355604887 3812
1782931516276 0.1635734587907791 3813
1782931516279 0.1980050802230835 3814
1782931516281 0.10459817945957184 3815
1782931516284 0.2625628709793091 3816
1782931516287 0.32095053791999817 3817
1782931516292 0.10824552178382874 3818
1782931516295 0.02947763353586197 3819
1782931516297 0.4130794107913971 3820
1782931516300 0.11316850781440735 3821
1782931516305 0.27758702635765076 3822
1782931516309 0.08402767777442932 3823
1782931516312 0.15013495087623596 3824
1782931516314 0.38604843616485596 3825
1782931516319 0.2132895290851593 3826
1782931516325 0.12342175096273422 3827
1782931516335 0.1773333102464676 3828
1782931516339 0.08897755295038223 3829
1782931516341 0.056429143995046616 3830
1782931516344 0.08181539177894592 3831
1782931516352 0.13273991644382477 3832
1782931516355 0.3681041896343231 3833
1782931516357 0.2597106993198395 3834
1782931516360 0.21181654930114746 3835
1782931516363 0.22807614505290985 3836
1782931516365 0.05996527895331383 3837
1782931516368 0.08182542771100998 3838
1782931516371 0.17942388355731964 3839
1782931516374 0.13329960405826569 3840
1782931516377 0.026391947641968727 3841
1782931516379 0.052290547639131546 3842
1782931516381 0.06260623782873154 3843
1782931516384 0.3943231701850891 3844
1782931516386 0.11907965689897537 3845
1782931516389 0.3739798069000244 3846
1782931516392 0.04982275143265724 3847
1782931516394 0.14772266149520874 3848
1782931516397 0.04170677810907364 3849
1782931516399 0.04869900271296501 3850
1782931516401 0.27984005212783813 3851
1782931516404 0.09009814262390137 3852
1782931516407 0.060861218720674515 3853
1782931516409 0.10975708812475204 3854
1782931516412 0.11183496564626694 3855
1782931516414 0.10550117492675781 3856
1782931516417 0.0585685633122921 3857
1782931516419 0.19150160253047943 3858
1782931516422 0.09568767249584198 3859
1782931516425 0.34453973174095154 3860
1782931516427 0.1675504446029663 3861
1782931516430 0.11232885718345642 3862
1782931516432 0.02667536772787571 3863
1782931516434 0.22289253771305084 3864
1782931516440 0.3521696925163269 3865
1782931516442 0.07197639346122742 3866
1782931516445 0.09098716080188751 3867
1782931516447 0.1503603309392929 3868
1782931516449 0.20413808524608612 3869
1782931516452 0.06371014565229416 3870
1782931516456 0.019229229539632797 3871
1782931516458 0.3426908850669861 3872
1782931516461 0.18057242035865784 3873
1782931516463 0.16919496655464172 3874
1782931516465 0.11572432518005371 3875
1782931516468 0.10067592561244965 3876
1782931516470 0.10759321600198746 3877
1782931516473 0.033787742257118225 3878
1782931516475 0.16116635501384735 3879
1782931516478 0.022558769211173058 3880
1782931516480 0.0591055266559124 3881
1782931516482 0.05905766785144806 3882
1782931516485 0.4867067039012909 3883
1782931516489 0.12252625823020935 3884
1782931516492 0.02111348882317543 3885
1782931516495 0.0618826262652874 3886
1782931516497 0.04514939337968826 3887
1782931516499 0.0567944273352623 3888
1782931516502 0.031283311545848846 3889
1782931516505 0.20824182033538818 3890
1782931516508 0.061254724860191345 3891
1782931516510 0.35560429096221924 3892
1782931516513 0.04361708462238312 3893
1782931516515 0.09916968643665314 3894
1782931516519 0.0596524253487587 3895
1782931516522 0.07944480329751968 3896
1782931516524 0.010456406511366367 3897
1782931516527 0.057944782078266144 3898
1782931516529 0.06184606999158859 3899
1782931516532 0.10908186435699463 3900
1782931516534 0.08838487416505814 3901
1782931516540 0.07552103698253632 3902
1782931516545 0.028763923794031143 3903
1782931516548 0.09956702589988708 3904
1782931516550 0.02075193263590336 3905
1782931516553 0.08109831809997559 3906
1782931516556 0.1449567973613739 3907
1782931516559 0.06260832399129868 3908
1782931516561 0.04853066802024841 3909
1782931516564 0.03323203697800636 3910
1782931516566 0.07350847125053406 3911
1782931516569 0.23743627965450287 3912
1782931516572 0.12018867582082748 3913
1782931516574 0.1291058212518692 3914
1782931516577 0.2159707248210907 3915
1782931516579 0.10818763077259064 3916
1782931516582 0.12044444680213928 3917
1782931516584 0.4028227627277374 3918
1782931516587 0.06529141962528229 3919
1782931516589 0.1804824024438858 3920
1782931516592 0.0382244847714901 3921
1782931516594 0.3195945918560028 3922
1782931516597 0.04592365399003029 3923
1782931516599 0.09676918387413025 3924
1782931516602 0.018504370003938675 3925
1782931516608 0.07917691767215729 3926
1782931516610 0.17119048535823822 3927
1782931516613 0.33740559220314026 3928
1782931516615 0.19868049025535583 3929
1782931516618 0.25981250405311584 3930
1782931516620 0.17810805141925812 3931
1782931516623 0.017788616940379143 3932
1782931516626 0.18262431025505066 3933
1782931516628 0.1306602507829666 3934
1782931516630 0.2597775161266327 3935
1782931516633 0.2776481509208679 3936
1782931516635 0.058278415352106094 3937
1782931516638 0.11181315034627914 3938
1782931516641 0.2210887372493744 3939
1782931516643 0.08019085228443146 3940
1782931516646 0.04830839857459068 3941
1782931516648 0.21066401898860931 3942
1782931516651 0.17202149331569672 3943
1782931516653 0.42828232049942017 3944
1782931516656 0.18334874510765076 3945
1782931516659 0.05339048057794571 3946
1782931516662 0.06413956731557846 3947
1782931516664 0.060299407690763474 3948
1782931516667 0.39414218068122864 3949
1782931516671 0.020257385447621346 3950
1782931516674 0.18198217451572418 3951
1782931516676 0.1803426593542099 3952
1782931516679 0.040426481515169144 3953
1782931516682 0.14232750236988068 3954
1782931516684 0.09300114214420319 3955
1782931516687 0.041221823543310165 3956
1782931516690 0.1962594985961914 3957
1782931516692 0.1526360809803009 3958
1782931516695 0.0286326315253973 3959
1782931516699 0.013375762850046158 3960
1782931516702 0.3611351251602173 3961
1782931516706 0.10051603615283966 3962
1782931516708 0.03666073456406593 3963
1782931516711 0.05353603884577751 3964
1782931516713 0.16227987408638 3965
1782931516725 0.283338338136673 3966
1782931516730 0.1127539649605751 3967
1782931516735 0.10576450824737549 3968
1782931516740 0.17773717641830444 3969
1782931516745 0.0526379719376564 3970
1782931516750 0.18041707575321198 3971
1782931516754 0.05975182354450226 3972
1782931516757 0.08110462874174118 3973
1782931516760 0.0919225662946701 3974
1782931516763 0.11473500728607178 3975
1782931516766 0.25740450620651245 3976
1782931516770 0.0984497219324112 3977
1782931516773 0.04922442510724068 3978
1782931516776 0.37191110849380493 3979
1782931516779 0.051628731191158295 3980
1782931516782 0.19425097107887268 3981
1782931516785 0.04803308844566345 3982
1782931516787 0.027852777391672134 3983
1782931516790 0.2521844208240509 3984
1782931516793 0.1261969357728958 3985
1782931516796 0.0681082159280777 3986
1782931516799 0.11546793580055237 3987
1782931516802 0.0739937424659729 3988
1782931516805 0.024812126532197 3989
1782931516809 0.07660338282585144 3990
1782931516812 0.04325844347476959 3991
1782931516815 0.2070157378911972 3992
1782931516817 0.506709098815918 3993
1782931516820 0.20434440672397614 3994
1782931516823 0.4753373861312866 3995
1782931516826 0.22277328372001648 3996
1782931516828 0.019522327929735184 3997
1782931516832 0.1769571304321289 3998
1782931516835 0.14599764347076416 3999
1782931516839 0.1375347226858139 4000
1782931516842 0.15181460976600647 4001
1782931516845 0.09351479262113571 4002
1782931516848 0.11277291923761368 4003
1782931516850 0.07648811489343643 4004
1782931516853 0.14859098196029663 4005
1782931516857 0.18457335233688354 4006
1782931516860 0.09663597494363785 4007
1782931516863 0.02556823194026947 4008
1782931516866 0.05304034799337387 4009
1782931516869 0.09036162495613098 4010
1782931516872 0.13531921803951263 4011
1782931516874 0.28812482953071594 4012
1782931516877 0.03197038546204567 4013
1782931516879 0.16085273027420044 4014
1782931516882 0.30146509408950806 4015
1782931516885 0.019297121092677116 4016
1782931516889 0.0997786596417427 4017
1782931516892 0.018217692151665688 4018
1782931516894 0.2745678722858429 4019
1782931516897 0.03151072561740875 4020
1782931516899 0.14013352990150452 4021
1782931516902 0.058674901723861694 4022
1782931516905 0.24420782923698425 4023
1782931516907 0.048036180436611176 4024
1782931516910 0.2038828730583191 4025
1782931516912 0.0310272965580225 4026
1782931516915 0.15331672132015228 4027
1782931516917 0.015679460018873215 4028
1782931516920 0.06253227591514587 4029
1782931516923 0.1836511343717575 4030
1782931516926 0.09067056328058243 4031
1782931516928 0.14712518453598022 4032
1782931516931 0.07757502794265747 4033
1782931516933 0.03266959637403488 4034
1782931516936 0.09150008112192154 4035
1782931516939 0.26677125692367554 4036
1782931516942 0.021301981061697006 4037
1782931516945 0.11524254083633423 4038
1782931516948 0.24037648737430573 4039
1782931516950 0.059342384338378906 4040
1782931516953 0.06373336166143417 4041
1782931516957 0.07439108192920685 4042
1782931516960 0.023281311616301537 4043
1782931516963 0.08146710693836212 4044
1782931516966 0.08804716914892197 4045
1782931516968 0.02703382447361946 4046
1782931516972 0.0566217266023159 4047
1782931516976 0.14708061516284943 4048
1782931516979 0.3021758794784546 4049
1782931516982 0.025814056396484375 4050
1782931516985 0.11162269115447998 4051
1782931516988 0.3706883192062378 4052
1782931516994 0.28297340869903564 4053
1782931516997 0.10841129720211029 4054
1782931516999 0.12582458555698395 4055
1782931517002 0.040692344307899475 4056
1782931517005 0.08503859490156174 4057
1782931517008 0.06404800713062286 4058
1782931517011 0.07876147329807281 4059
1782931517014 0.1927133947610855 4060
1782931517017 0.06333213299512863 4061
1782931517022 0.12300583720207214 4062
1782931517025 0.05107234790921211 4063
1782931517028 0.3035326898097992 4064
1782931517030 0.26444685459136963 4065
1782931517033 0.04250694438815117 4066
1782931517036 0.1641281098127365 4067
1782931517039 0.14163073897361755 4068
1782931517042 0.06692692637443542 4069
1782931517048 0.1229650229215622 4070
1782931517050 0.102431520819664 4071
1782931517053 0.2790392339229584 4072
1782931517056 0.1396332085132599 4073
1782931517059 0.02196843922138214 4074
1782931517061 0.06972471624612808 4075
1782931517064 0.26520854234695435 4076
1782931517067 0.19554437696933746 4077
1782931517071 0.17270274460315704 4078
1782931517074 0.09003722667694092 4079
1782931517077 0.17006824910640717 4080
1782931517080 0.07885513454675674 4081
1782931517082 0.13764171302318573 4082
1782931517099 0.02381197363138199 4083
1782931517102 0.04399849846959114 4084
1782931517105 0.05092545598745346 4085
1782931517126 0.029123535379767418 4086
1782931517129 0.043386880308389664 4087
1782931517131 0.026036858558654785 4088
1782931517134 0.24481363594532013 4089
1782931517136 0.14991521835327148 4090
1782931517139 0.09610855579376221 4091
1782931517142 0.06319606304168701 4092
1782931517144 0.13380785286426544 4093
1782931517147 0.09803659468889236 4094
1782931517149 0.13028790056705475 4095
1782931517152 0.13962844014167786 4096
1782931517156 0.14547118544578552 4097
1782931517159 0.14031939208507538 4098
1782931517162 0.14493420720100403 4099
1782931517165 0.0807269811630249 4100
1782931517169 0.05825354903936386 4101
1782931517173 0.017093870788812637 4102
1782931517177 0.14383666217327118 4103
1782931517179 0.014489341527223587 4104
1782931517182 0.025706613436341286 4105
1782931517186 0.11474837362766266 4106
1782931517188 0.11613518744707108 4107
1782931517191 0.08142760396003723 4108
1782931517194 0.08812060952186584 4109
1782931517196 0.44069066643714905 4110
1782931517199 0.09807441383600235 4111
1782931517201 0.2387138307094574 4112
1782931517204 0.272098183631897 4113
1782931517206 0.21646812558174133 4114
1782931517209 0.11980236321687698 4115
1782931517212 0.3031681776046753 4116
1782931517214 0.22376476228237152 4117
1782931517217 0.21372424066066742 4118
1782931517219 0.12413562089204788 4119
1782931517222 0.13829132914543152 4120
1782931517225 0.24662965536117554 4121
1782931517227 0.020063316449522972 4122
1782931517230 0.2067466527223587 4123
1782931517232 0.13750478625297546 4124
1782931517235 0.04262504726648331 4125
1782931517237 0.037816695868968964 4126
1782931517240 0.11516937613487244 4127
1782931517243 0.02038172259926796 4128
1782931517245 0.3017297089099884 4129
1782931517248 0.028971154242753983 4130
1782931517250 0.03004561923444271 4131
1782931517253 0.11256153881549835 4132
1782931517256 0.13963960111141205 4133
1782931517259 0.10484195500612259 4134
1782931517262 0.25250378251075745 4135
1782931517264 0.09978914260864258 4136
1782931517267 0.1234259083867073 4137
1782931517271 0.1264886111021042 4138
1782931517274 0.06505630910396576 4139
1782931517276 0.06405320018529892 4140
1782931517279 0.565544843673706 4141
1782931517281 0.26291748881340027 4142
1782931517284 0.20815813541412354 4143
1782931517286 0.07946246862411499 4144
1782931517289 0.11649981886148453 4145
1782931517292 0.11809422075748444 4146
1782931517294 0.02053729072213173 4147
1782931517297 0.19768957793712616 4148
1782931517328 0.09858088195323944 4149
1782931517331 0.04278159514069557 4150
1782931517334 0.13109923899173737 4151
1782931517336 0.08013744652271271 4152
1782931517340 0.26959675550460815 4153
1782931517343 0.20641176402568817 4154
1782931517345 0.04645761102437973 4155
1782931517348 0.06636461615562439 4156
1782931517351 0.14719456434249878 4157
1782931517353 0.2320454865694046 4158
1782931517356 0.03041570633649826 4159
1782931517359 0.06349195539951324 4160
1782931517361 0.1605229526758194 4161
1782931517364 0.33634695410728455 4162
1782931517366 0.26461127400398254 4163
1782931517370 0.2470482736825943 4164
1782931517374 0.13876831531524658 4165
1782931517377 0.4453572630882263 4166
1782931517379 0.0757417157292366 4167
1782931517382 0.08276470750570297 4168
1782931517384 0.09014574438333511 4169
1782931517387 0.35163062810897827 4170
1782931517390 0.21390919387340546 4171
1782931517393 0.10092782974243164 4172
1782931517395 0.07897653430700302 4173
1782931517398 0.06669348478317261 4174
1782931517400 0.2692285478115082 4175
1782931517405 0.045856889337301254 4176
1782931517408 0.022042008116841316 4177
1782931517411 0.21729402244091034 4178
1782931517416 0.09565278142690659 4179
1782931517418 0.16479885578155518 4180
1782931517421 0.08686165511608124 4181
1782931517424 0.32267338037490845 4182
1782931517427 0.39178943634033203 4183
1782931517435 0.13283270597457886 4184
1782931517440 0.06472557038068771 4185
1782931517443 0.11221763491630554 4186
1782931517446 0.2653418779373169 4187
1782931517449 0.07159217447042465 4188
1782931517452 0.45365333557128906 4189
1782931517457 0.16286344826221466 4190
1782931517460 0.03950148820877075 4191
1782931517463 0.03879915550351143 4192
1782931517469 0.06620077788829803 4193
1782931517473 0.1725900024175644 4194
1782931517477 0.0664467141032219 4195
1782931517480 0.04885132238268852 4196
1782931517484 0.20112444460391998 4197
1782931517487 0.03492923825979233 4198
1782931517491 0.4183328151702881 4199
1782931517494 0.1426887959241867 4200
1782931517498 0.027997804805636406 4201
1782931517502 0.09245788305997849 4202
1782931517507 0.08239255845546722 4203
1782931517510 0.05153655260801315 4204
1782931517514 0.034445349127054214 4205
1782931517517 0.09948396682739258 4206
1782931517521 0.026343785226345062 4207
1782931517524 0.26542744040489197 4208
1782931517528 0.20724362134933472 4209
1782931517532 0.08505137264728546 4210
1782931517535 0.06451427936553955 4211
1782931517539 0.014420296996831894 4212
1782931517543 0.1762392818927765 4213
1782931517547 0.00934921856969595 4214
1782931517550 0.037862058728933334 4215
1782931517554 0.05377664789557457 4216
1782931517558 0.03369344025850296 4217
1782931517561 0.01958712749183178 4218
1782931517565 0.14785446226596832 4219
1782931517570 0.042761996388435364 4220
1782931517574 0.05069291591644287 4221
1782931517577 0.008849497884511948 4222
1782931517581 0.10168273746967316 4223
1782931517584 0.16036978363990784 4224
1782931517588 0.1089332327246666 4225
1782931517591 0.06475193053483963 4226
1782931517595 0.04499476030468941 4227
1782931517598 0.34441179037094116 4228
1782931517602 0.09861952066421509 4229
1782931517606 0.0763922780752182 4230
1782931517609 0.0944739580154419 4231
1782931517612 0.06410803645849228 4232
1782931517616 0.3275923728942871 4233
1782931517619 0.2770303785800934 4234
1782931517623 0.5920652151107788 4235
1782931517627 0.09148703515529633 4236
1782931517631 0.08725985139608383 4237
1782931517635 0.06791602075099945 4238
1782931517640 0.23599755764007568 4239
1782931517643 0.1477811336517334 4240
1782931517647 0.04186652600765228 4241
1782931517650 0.06254872679710388 4242
1782931517654 0.0274883471429348 4243
1782931517657 0.16559526324272156 4244
1782931517661 0.04049672931432724 4245
1782931517665 0.14382800459861755 4246
1782931517668 0.2304547280073166 4247
1782931517671 0.12602385878562927 4248
1782931517675 0.13092944025993347 4249
1782931517678 0.06435772776603699 4250
1782931517681 0.03698020428419113 4251
1782931517685 0.10179536044597626 4252
1782931517688 0.06713735312223434 4253
1782931517692 0.01237941812723875 4254
1782931517695 0.25649887323379517 4255
1782931517699 0.09367608278989792 4256
1782931517702 0.25342291593551636 4257
1782931517705 0.05919089913368225 4258
1782931517709 0.11708647012710571 4259
1782931517712 0.030587028712034225 4260
1782931517716 0.06953193247318268 4261
1782931517719 0.057003431022167206 4262
1782931517723 0.2677428722381592 4263
1782931517726 0.05020030587911606 4264
1782931517730 0.18389467895030975 4265
1782931517733 0.13157980144023895 4266
1782931517737 0.10094358772039413 4267
1782931517741 0.24099639058113098 4268
1782931517744 0.044688597321510315 4269
1782931517747 0.20736277103424072 4270
1782931517750 0.015726393088698387 4271
1782931517754 0.10488471388816833 4272
1782931517758 0.049575500190258026 4273
1782931517761 0.17436330020427704 4274
1782931517764 0.12381219118833542 4275
1782931517767 0.3227209150791168 4276
1782931517771 0.2685074210166931 4277
1782931517775 0.028283756226301193 4278
1782931517778 0.20424841344356537 4279
1782931517781 0.061662521213293076 4280
1782931517785 0.12694375216960907 4281
1782931517789 0.4062875509262085 4282
1782931517793 0.0426742248237133 4283
1782931517796 0.04946085065603256 4284
1782931517799 0.1348397135734558 4285
1782931517804 0.04904695227742195 4286
1782931517808 0.27314525842666626 4287
1782931517811 0.37466397881507874 4288
1782931517814 0.23639808595180511 4289
1782931517817 0.2027185708284378 4290
1782931517821 0.3214302361011505 4291
1782931517825 0.12552307546138763 4292
1782931517828 0.052868276834487915 4293
1782931517832 0.13986824452877045 4294
1782931517835 0.27048417925834656 4295
1782931517839 0.6708322167396545 4296
1782931517842 0.07089141756296158 4297
1782931517845 0.18797501921653748 4298
1782931517849 0.0639062151312828 4299
1782931517857 0.1095171868801117 4300
1782931517861 0.050575628876686096 4301
1782931517864 0.019824856892228127 4302
1782931517868 0.03375665470957756 4303
1782931517872 0.183815598487854 4304
1782931517875 0.033162012696266174 4305
1782931517905 0.018402099609375 4306
1782931517909 0.024792874231934547 4307
1782931517912 0.25059184432029724 4308
1782931517916 0.21274471282958984 4309
1782931517919 0.04334646090865135 4310
1782931517923 0.07385498285293579 4311
1782931517926 0.1149839535355568 4312
1782931517930 0.12709230184555054 4313
1782931517933 0.2583383619785309 4314
1782931517937 0.15057867765426636 4315
1782931517941 0.1752832531929016 4316
1782931517944 0.369721919298172 4317
1782931517948 0.20788231492042542 4318
1782931517951 0.1532396674156189 4319
1782931517955 0.04035187140107155 4320
1782931517959 0.09164317697286606 4321
1782931517962 0.2536519169807434 4322
1782931517966 0.09535884857177734 4323
1782931517970 0.0074171810410916805 4324
1782931517974 0.05540388077497482 4325
1782931517978 0.0787813737988472 4326
1782931517981 0.13472746312618256 4327
1782931517984 0.25150901079177856 4328
1782931517988 0.24560879170894623 4329
1782931517992 0.15677188336849213 4330
1782931517995 0.02190348505973816 4331
1782931517998 0.05657358840107918 4332
1782931518001 0.09503839910030365 4333
1782931518005 0.019700277596712112 4334
1782931518009 0.044506583362817764 4335
1782931518012 0.23753413558006287 4336
1782931518015 0.038822565227746964 4337
1782931518018 0.16270606219768524 4338
1782931518023 0.1273241490125656 4339
1782931518027 0.029307257384061813 4340
1782931518031 0.31479963660240173 4341
1782931518034 0.07961839437484741 4342
1782931518038 0.03572869673371315 4343
1782931518041 0.14749254286289215 4344
1782931518045 0.05922066047787666 4345
1782931518048 0.030449332669377327 4346
1782931518052 0.055182840675115585 4347
1782931518056 0.1864718347787857 4348
1782931518059 0.17073564231395721 4349
1782931518063 0.04759418964385986 4350
1782931518066 0.10157321393489838 4351
1782931518071 0.39137834310531616 4352
1782931518077 0.05746355652809143 4353
1782931518080 0.19761228561401367 4354
1782931518084 0.36427032947540283 4355
1782931518087 0.08531025052070618 4356
1782931518091 0.025384260341525078 4357
1782931518094 0.05404409021139145 4358
1782931518098 0.13813501596450806 4359
1782931518101 0.06467067450284958 4360
1782931518105 0.145029678940773 4361
1782931518109 0.1166067123413086 4362
1782931518112 0.16428419947624207 4363
1782931518115 0.26188284158706665 4364
1782931518118 0.08690951019525528 4365
1782931518123 0.1799328774213791 4366
1782931518126 0.13775935769081116 4367
1782931518129 0.06120644882321358 4368
1782931518133 0.10372144728899002 4369
1782931518139 0.15826453268527985 4370
1782931518146 0.05585753545165062 4371
1782931518149 0.012644770555198193 4372
1782931518153 0.07615819573402405 4373
1782931518156 0.01002711895853281 4374
1782931518159 0.01018838956952095 4375
1782931518163 0.5822011828422546 4376
1782931518166 0.037233296781778336 4377
1782931518169 0.0797610953450203 4378
1782931518173 0.020622707903385162 4379
1782931518176 0.12724828720092773 4380
1782931518179 0.062499355524778366 4381
1782931518182 0.0477365180850029 4382
1782931518185 0.027614494785666466 4383
1782931518188 0.15776658058166504 4384
1782931518191 0.15213017165660858 4385
1782931518194 0.03173946961760521 4386
1782931518198 0.05739990994334221 4387
1782931518201 0.007412462495267391 4388
1782931518204 0.07107262313365936 4389
1782931518207 0.07143007963895798 4390
1782931518211 0.24270065128803253 4391
1782931518214 0.1252000331878662 4392
1782931518217 0.30914250016212463 4393
1782931518221 0.047726478427648544 4394
1782931518224 0.07825666666030884 4395
1782931518229 0.043583039194345474 4396
1782931518233 0.33516615629196167 4397
1782931518236 0.23070953786373138 4398
1782931518243 0.10060849785804749 4399
1782931518247 0.1592124104499817 4400
1782931518250 0.4439208507537842 4401
1782931518255 0.10930770635604858 4402
1782931518258 0.12638793885707855 4403
1782931518262 0.10265795886516571 4404
1782931518265 0.07530154287815094 4405
1782931518269 0.06656922399997711 4406
1782931518273 0.03560551628470421 4407
1782931518276 0.2079240083694458 4408
1782931518280 0.33490872383117676 4409
1782931518283 0.07046450674533844 4410
1782931518288 0.22579476237297058 4411
1782931518292 0.24685974419116974 4412
1782931518296 0.019130215048789978 4413
1782931518299 0.24986135959625244 4414
1782931518306 0.03002670221030712 4415
1782931518311 0.11765012890100479 4416
1782931518314 0.08951923251152039 4417
1782931518317 0.0832197293639183 4418
1782931518321 0.16304412484169006 4419
1782931518327 0.032679829746484756 4420
1782931518331 0.0222709272056818 4421
1782931518334 0.15880542993545532 4422
1782931518340 0.06462837755680084 4423
1782931518344 0.21066069602966309 4424
1782931518347 0.04226941242814064 4425
1782931518353 0.43961071968078613 4426
1782931518357 0.04728730767965317 4427
1782931518361 0.18260551989078522 4428
1782931518365 0.11539897322654724 4429
1782931518374 0.12853918969631195 4430
1782931518378 0.11653975397348404 4431
1782931518383 0.10340730100870132 4432
1782931518387 0.20505838096141815 4433
1782931518391 0.17801062762737274 4434
1782931518395 0.01646326668560505 4435
1782931518399 0.12129323184490204 4436
1782931518403 0.09344161301851273 4437
1782931518411 0.07786040008068085 4438
1782931518416 0.14123551547527313 4439
1782931518419 0.1866903156042099 4440
1782931518423 0.14696580171585083 4441
1782931518427 0.03191511332988739 4442
1782931518451 0.2567324638366699 4443
1782931518456 0.14180020987987518 4444
1782931518459 0.1013200655579567 4445
1782931518463 0.05702127888798714 4446
1782931518466 0.0751972645521164 4447
1782931518469 0.16262924671173096 4448
1782931518472 0.1676405966281891 4449
1782931518476 0.11236965656280518 4450
1782931518479 0.1223103255033493 4451
1782931518482 0.1817503422498703 4452
1782931518486 0.051776111125946045 4453
1782931518489 0.0386928990483284 4454
1782931518493 0.027696961537003517 4455
1782931518496 0.1464560329914093 4456
1782931518499 0.09881208091974258 4457
1782931518502 0.021908121183514595 4458
1782931518506 0.03794097527861595 4459
1782931518509 0.028278611600399017 4460
1782931518513 0.023722762241959572 4461
1782931518516 0.09506034106016159 4462
1782931518519 0.06739858537912369 4463
1782931518523 0.08202428370714188 4464
1782931518526 0.16986507177352905 4465
1782931518529 0.14579850435256958 4466
1782931518533 0.36263036727905273 4467
1782931518536 0.07669719308614731 4468
1782931518540 0.07123662531375885 4469
1782931518543 0.1610107570886612 4470
1782931518546 0.12271148711442947 4471
1782931518549 0.10982286185026169 4472
1782931518553 0.06055952608585358 4473
1782931518556 0.5709811449050903 4474
1782931518560 0.037141405045986176 4475
1782931518563 0.027643956243991852 4476
1782931518566 0.0706229954957962 4477
1782931518570 0.06019042432308197 4478
1782931518574 0.18571490049362183 4479
1782931518577 0.037217386066913605 4480
1782931518580 0.20335844159126282 4481
1782931518584 0.03912726789712906 4482
1782931518587 0.10203127562999725 4483
1782931518591 0.06737510114908218 4484
1782931518595 0.08502501249313354 4485
1782931518598 0.4154745638370514 4486
1782931518601 0.04540443792939186 4487
1782931518605 0.08038287609815598 4488
1782931518609 0.10244899988174438 4489
1782931518612 0.08013266324996948 4490
1782931518616 0.06608667224645615 4491
1782931518619 0.09512932598590851 4492
1782931518623 0.267362505197525 4493
1782931518626 0.27825695276260376 4494
1782931518630 0.05327847972512245 4495
1782931518633 0.7391710877418518 4496
1782931518637 0.05423175171017647 4497
1782931518640 0.08097365498542786 4498
1782931518644 0.11405886709690094 4499
1782931518647 0.03462519496679306 4500
1782931518650 0.09132231026887894 4501
1782931518656 0.07093089818954468 4502
1782931518661 0.02201014943420887 4503
1782931518664 0.15049752593040466 4504
1782931518667 0.2152336984872818 4505
1782931518671 0.09710399806499481 4506
1782931518675 0.09298132359981537 4507
1782931518678 0.2526922821998596 4508
1782931518682 0.17037338018417358 4509
1782931518685 0.274655818939209 4510
1782931518689 0.030920397490262985 4511
1782931518692 0.25322461128234863 4512
1782931518697 0.012466894462704659 4513
1782931518704 0.04593346267938614 4514
1782931518711 0.13742703199386597 4515
1782931518715 0.012910183519124985 4516
1782931518718 0.1458917260169983 4517
1782931518721 0.11194083094596863 4518
1782931518724 0.07262614369392395 4519
1782931518726 0.08519560843706131 4520
1782931518731 0.26747891306877136 4521
1782931518734 0.04082050174474716 4522
1782931518737 0.36638954281806946 4523
1782931518740 0.13857600092887878 4524
1782931518742 0.02143319882452488 4525
1782931518745 0.15551401674747467 4526
1782931518748 0.011276355013251305 4527
1782931518750 0.0628378838300705 4528
1782931518753 0.03663782775402069 4529
1782931518756 0.10148347914218903 4530
1782931518759 0.13468687236309052 4531
1782931518761 0.17326539754867554 4532
1782931518764 0.225730761885643 4533
1782931518772 0.09909879416227341 4534
1782931518775 0.09426912665367126 4535
1782931518778 0.14751307666301727 4536
1782931518781 0.2666940987110138 4537
1782931518783 0.1450987607240677 4538
1782931518786 0.18985587358474731 4539
1782931518789 0.1016722097992897 4540
1782931518792 0.11481451243162155 4541
1782931518795 0.08214414119720459 4542
1782931518797 0.11291174590587616 4543
1782931518800 0.0558415986597538 4544
1782931518802 0.05538097023963928 4545
1782931518806 0.15468516945838928 4546
1782931518808 0.29380738735198975 4547
1782931518810 0.05688033252954483 4548
1782931518813 0.08594663441181183 4549
1782931518815 0.040823470801115036 4550
1782931518818 0.06473764032125473 4551
1782931518822 0.09348184615373611 4552
1782931518825 0.08405321836471558 4553
1782931518827 0.05033872276544571 4554
1782931518830 0.14034467935562134 4555
1782931518832 0.03138839080929756 4556
1782931518835 0.09095493704080582 4557
1782931518839 0.09149515628814697 4558
1782931518842 0.10171661525964737 4559
1782931518844 0.041559215635061264 4560
1782931518847 0.06523703783750534 4561
1782931518849 0.1306326538324356 4562
1782931518851 0.040647827088832855 4563
1782931518854 0.01976197399199009 4564
1782931518857 0.013351725414395332 4565
1782931518859 0.20839565992355347 4566
1782931518862 0.03111986629664898 4567
1782931518864 0.11909165978431702 4568
1782931518867 0.08255555480718613 4569
1782931518870 0.0498000904917717 4570
1782931518873 0.017711251974105835 4571
1782931518875 0.029227932915091515 4572
1782931518878 0.03242744505405426 4573
1782931518880 0.14500416815280914 4574
1782931518883 0.10462085157632828 4575
1782931518885 0.09354846179485321 4576
1782931518888 0.21645750105381012 4577
1782931518891 0.06759867072105408 4578
1782931518893 0.34533384442329407 4579
1782931518896 0.06208261474967003 4580
1782931518898 0.12466301023960114 4581
1782931518901 0.014945901930332184 4582
1782931518904 0.2214818149805069 4583
1782931518907 0.20594243705272675 4584
1782931518909 0.32455867528915405 4585
1782931518912 0.02738586999475956 4586
1782931518914 0.13459788262844086 4587
1782931518917 0.037867654114961624 4588
1782931518920 0.05641201511025429 4589
1782931518923 0.032594576478004456 4590
1782931518926 0.11364997923374176 4591
1782931518928 0.10890059173107147 4592
1782931518931 0.05846308171749115 4593
1782931518933 0.019144373014569283 4594
1782931518937 0.012506372295320034 4595
1782931518940 0.1982450634241104 4596
1782931518942 0.2655078172683716 4597
1782931518945 0.10361006110906601 4598
1782931518947 0.039703287184238434 4599
1782931518950 0.10898800194263458 4600
1782931518953 0.09562686085700989 4601
1782931518956 0.12297035753726959 4602
1782931518959 0.24816977977752686 4603
1782931518961 0.0894436314702034 4604
1782931518964 0.042230796068906784 4605
1782931518966 0.11670815944671631 4606
1782931518970 0.037668343633413315 4607
1782931518973 0.11153537034988403 4608
1782931518975 0.22475309669971466 4609
1782931518978 0.27122390270233154 4610
1782931518980 0.08532481640577316 4611
1782931518983 0.05511404201388359 4612
1782931518985 0.29342564940452576 4613
1782931518988 0.08863314986228943 4614
1782931518991 0.07623624056577682 4615
1782931518994 0.06634887307882309 4616
1782931518996 0.04130761697888374 4617
1782931518998 0.03491932153701782 4618
1782931519001 0.08151005953550339 4619
1782931519005 0.18112309277057648 4620
1782931519008 0.10934861749410629 4621
1782931519010 0.276432067155838 4622
1782931519012 0.025865813717246056 4623
1782931519015 0.086124949157238 4624
1782931519017 0.05350014194846153 4625
1782931519020 0.18663159012794495 4626
1782931519023 0.14408594369888306 4627
1782931519026 0.1801978200674057 4628
1782931519029 0.031990475952625275 4629
1782931519031 0.1416831612586975 4630
1782931519034 0.2729565501213074 4631
1782931519037 0.06695021688938141 4632
1782931519039 0.03390970453619957 4633
1782931519042 0.04989396780729294 4634
1782931519044 0.17101146280765533 4635
1782931519047 0.04909375309944153 4636
1782931519049 0.2409438192844391 4637
1782931519052 0.12336135655641556 4638
1782931519054 0.06905432790517807 4639
1782931519057 0.019835395738482475 4640
1782931519060 0.02536243014037609 4641
1782931519062 0.0434834249317646 4642
1782931519064 0.05393832176923752 4643
1782931519067 0.010515378788113594 4644
1782931519069 0.008616968989372253 4645
1782931519072 0.1715661585330963 4646
1782931519075 0.07768528163433075 4647
1782931519077 0.011588438414037228 4648
1782931519080 0.14882728457450867 4649
1782931519082 0.03584021329879761 4650
1782931519084 0.1315833032131195 4651
1782931519088 0.02672973833978176 4652
1782931519091 0.15524938702583313 4653
1782931519093 0.16496926546096802 4654
1782931519096 0.05206941440701485 4655
1782931519098 0.055391110479831696 4656
1782931519101 0.07821930199861526 4657
1782931519104 0.17723123729228973 4658
1782931519107 0.0811602920293808 4659
1782931519109 0.11337682604789734 4660
1782931519112 0.05148233845829964 4661
1782931519114 0.37038862705230713 4662
1782931519122 0.024621624499559402 4663
1782931519125 0.09908030182123184 4664
1782931519128 0.2399022877216339 4665
1782931519131 0.13997721672058105 4666
1782931519133 0.1408427655696869 4667
1782931519158 0.038556840270757675 4668
1782931519174 0.09682390093803406 4669
1782931519178 0.045776791870594025 4670
1782931519181 0.16961203515529633 4671
1782931519185 0.12208312749862671 4672
1782931519188 0.20547664165496826 4673
1782931519191 0.24569571018218994 4674
1782931519193 0.24382779002189636 4675
1782931519196 0.08361421525478363 4676
1782931519198 0.10837501287460327 4677
1782931519201 0.04050758481025696 4678
1782931519204 0.055927906185388565 4679
1782931519207 0.15202221274375916 4680
1782931519210 0.022579491138458252 4681
1782931519213 0.18167483806610107 4682
1782931519216 0.05916202440857887 4683
1782931519220 0.16540685296058655 4684
1782931519223 0.08059319108724594 4685
1782931519227 0.11519762128591537 4686
1782931519229 0.006594324950128794 4687
1782931519232 0.0602821484208107 4688
1782931519234 0.07159467041492462 4689
1782931519237 0.02632107026875019 4690
1782931519241 0.03338015824556351 4691
1782931519244 0.04977590590715408 4692
1782931519246 0.016039257869124413 4693
1782931519249 0.11030466109514236 4694
1782931519253 0.07091604173183441 4695
1782931519256 0.02054549753665924 4696
1782931519261 0.06727626919746399 4697
1782931519265 0.017332665622234344 4698
1782931519267 0.08723240345716476 4699
1782931519270 0.007777600549161434 4700
1782931519276 0.11816119402647018 4701
1782931519279 0.017515754327178 4702
1782931519281 0.518414318561554 4703
1782931519284 0.09124527871608734 4704
1782931519287 0.16198472678661346 4705
1782931519291 0.14929750561714172 4706
1782931519293 0.024505598470568657 4707
1782931519296 0.01983247697353363 4708
1782931519298 0.21974225342273712 4709
1782931519301 0.39785563945770264 4710
1782931519303 0.172273650765419 4711
1782931519306 0.4236283004283905 4712
1782931519309 0.20205529034137726 4713
1782931519311 0.11279936879873276 4714
1782931519314 0.25968417525291443 4715
1782931519316 0.025395693257451057 4716
1782931519319 0.2661963999271393 4717
1782931519322 0.11229933053255081 4718
1782931519324 0.18084236979484558 4719
1782931519327 0.18712761998176575 4720
1782931519329 0.24354514479637146 4721
1782931519331 0.5677247047424316 4722
1782931519334 0.14484162628650665 4723
1782931519336 0.15980596840381622 4724
1782931519339 0.12693336606025696 4725
1782931519342 0.03700168430805206 4726
1782931519344 0.00790461990982294 4727
1782931519347 0.5244617462158203 4728
1782931519349 0.09997395426034927 4729
1782931519352 0.10847504436969757 4730
1782931519355 0.20361453294754028 4731
1782931519357 0.08000294864177704 4732
1782931519360 0.26638755202293396 4733
1782931519362 0.10010235011577606 4734
1782931519364 0.01526574045419693 4735
1782931519367 0.16422949731349945 4736
1782931519371 0.20992915332317352 4737
1782931519375 0.38375386595726013 4738
1782931519377 0.03834282234311104 4739
1782931519380 0.0853399708867073 4740
1782931519382 0.1244642585515976 4741
1782931519385 0.04915600270032883 4742
1782931519389 0.10500511527061462 4743
1782931519391 0.19416002929210663 4744
1782931519394 0.026021549478173256 4745
1782931519397 0.2752414047718048 4746
1782931519399 0.03436209261417389 4747
1782931519402 0.015844212844967842 4748
1782931519405 0.051877766847610474 4749
1782931519408 0.11144810169935226 4750
1782931519410 0.0639730840921402 4751
1782931519413 0.015955327078700066 4752
1782931519415 0.11131855845451355 4753
1782931519418 0.028236661106348038 4754
1782931519421 0.25206637382507324 4755
1782931519423 0.08848186582326889 4756
1782931519426 0.03700350970029831 4757
1782931519428 0.21021848917007446 4758
1782931519431 0.08913391828536987 4759
1782931519433 0.09474198520183563 4760
1782931519437 0.02432655170559883 4761
1782931519440 0.17346446216106415 4762
1782931519442 0.21115148067474365 4763
1782931519445 0.08781317621469498 4764
1782931519447 0.23839175701141357 4765
1782931519449 0.16261598467826843 4766
1782931519452 0.18547748029232025 4767
1782931519455 0.38144201040267944 4768
1782931519457 0.10890476405620575 4769
1782931519460 0.02785029262304306 4770
1782931519462 0.12501415610313416 4771
1782931519465 0.24181687831878662 4772
1782931519467 0.2097836285829544 4773
1782931519470 0.07780593633651733 4774
1782931519472 0.03158396854996681 4775
1782931519475 0.21633805334568024 4776
1782931519477 0.2068948596715927 4777
1782931519480 0.3038828372955322 4778
1782931519482 0.12277677655220032 4779
1782931519485 0.069032222032547 4780
1782931519487 0.2789841592311859 4781
1782931519490 0.17558716237545013 4782
1782931519492 0.180744469165802 4783
1782931519495 0.009717247448861599 4784
1782931519498 0.19034993648529053 4785
1782931519500 0.028651516884565353 4786
1782931519503 0.18484511971473694 4787
1782931519514 0.027858255431056023 4788
1782931519517 0.09677369892597198 4789
1782931519520 0.07304725050926208 4790
1782931519522 0.4083440899848938 4791
1782931519525 0.17364779114723206 4792
1782931519527 0.11248371005058289 4793
1782931519530 0.11547200381755829 4794
1782931519532 0.25701722502708435 4795
1782931519534 0.2653273344039917 4796
1782931519537 0.05169341713190079 4797
1782931519540 0.0925135612487793 4798
1782931519542 0.028363898396492004 4799
1782931519545 0.15653544664382935 4800
1782931519555 0.10933812707662582 4801
1782931519558 0.02738466113805771 4802
1782931519560 0.10169113427400589 4803
1782931519562 0.2500550150871277 4804
1782931519565 0.18545854091644287 4805
1782931519567 0.16036656498908997 4806
1782931519570 0.01227553840726614 4807
1782931519572 0.09704716503620148 4808
1782931519575 0.08516573905944824 4809
1782931519577 0.32514816522598267 4810
1782931519580 0.20710235834121704 4811
1782931519582 0.253757119178772 4812
1782931519584 0.014737947843968868 4813
1782931519587 0.13213679194450378 4814
1782931519590 0.09900613129138947 4815
1782931519592 0.0530238077044487 4816
1782931519595 0.3029867708683014 4817
1782931519597 0.17369817197322845 4818
1782931519599 0.06780705600976944 4819
1782931519603 0.264670729637146 4820
1782931519606 0.09396197646856308 4821
1782931519609 0.03925324231386185 4822
1782931519611 0.06849707663059235 4823
1782931519613 0.030228953808546066 4824
1782931519616 0.03224601969122887 4825
1782931519619 0.2694072425365448 4826
1782931519622 0.15565179288387299 4827
1782931519624 0.09048447012901306 4828
1782931519627 0.051760707050561905 4829
1782931519629 0.08131451904773712 4830
1782931519632 0.2554478943347931 4831
1782931519634 0.08553797006607056 4832
1782931519637 0.2047872543334961 4833
1782931519640 0.10105707496404648 4834
1782931519642 0.047101594507694244 4835
1782931519644 0.09041615575551987 4836
1782931519647 0.08504068106412888 4837
1782931519649 0.12692800164222717 4838
1782931519652 0.08345236629247665 4839
1782931519655 0.3672843277454376 4840
1782931519657 0.10969443619251251 4841
1782931519659 0.23168310523033142 4842
1782931519662 0.07699213176965714 4843
1782931519664 0.057959865778684616 4844
1782931519667 0.14684823155403137 4845
1782931519670 0.08206980675458908 4846
1782931519673 0.034184981137514114 4847
1782931519675 0.15537628531455994 4848
1782931519678 0.01365851704031229 4849
1782931519680 0.06394466757774353 4850
1782931519683 0.21918126940727234 4851
1782931519686 0.2216615080833435 4852
1782931519689 0.12477125227451324 4853
1782931519691 0.13557535409927368 4854
1782931519694 0.0404234416782856 4855
1782931519701 0.012155876494944096 4856
1782931519709 0.4299701154232025 4857
1782931519716 0.1341230571269989 4858
1782931519718 0.3838576078414917 4859
1782931519721 0.44142720103263855 4860
1782931519724 0.062187373638153076 4861
1782931519726 0.0215078666806221 4862
1782931519729 0.037700969725847244 4863
1782931519731 0.015522606670856476 4864
1782931519734 0.41801080107688904 4865
1782931519737 0.07566899806261063 4866
1782931519740 0.2584075331687927 4867
1782931519742 0.11507338285446167 4868
1782931519745 0.16363202035427094 4869
1782931519748 0.07683240622282028 4870
1782931519750 0.10312172770500183 4871
1782931519753 0.09057876467704773 4872
1782931519756 0.05761881545186043 4873
1782931519758 0.028538865968585014 4874
1782931519761 0.0645512267947197 4875
1782931519763 0.1967420130968094 4876
1782931519766 0.15493148565292358 4877
1782931519768 0.026366982609033585 4878
1782931519771 0.051921021193265915 4879
1782931519774 0.004200912080705166 4880
1782931519777 0.06259722262620926 4881
1782931519779 0.17787475883960724 4882
1782931519782 0.1271582990884781 4883
1782931519784 0.09728814661502838 4884
1782931519787 0.09772217273712158 4885
1782931519790 0.27157068252563477 4886
1782931519792 0.10472477227449417 4887
1782931519795 0.018314704298973083 4888
1782931519797 0.0627497136592865 4889
1782931519800 0.350360631942749 4890
1782931519802 0.38995903730392456 4891
1782931519805 0.25106576085090637 4892
1782931519808 0.11992831528186798 4893
1782931519810 0.19733567535877228 4894
1782931519813 0.06685758382081985 4895
1782931519815 0.3645953834056854 4896
1782931519818 0.12540307641029358 4897
1782931519821 0.12629401683807373 4898
1782931519824 0.03303387388586998 4899
1782931519826 0.1501825749874115 4900
1782931519829 0.19165371358394623 4901
1782931519831 0.078123077750206 4902
1782931519833 0.1255165934562683 4903
1782931519836 0.04024514555931091 4904
1782931519839 0.15962642431259155 4905
1782931519842 0.04679353907704353 4906
1782931519844 0.343615859746933 4907
1782931519847 0.10072623193264008 4908
1782931519849 0.0782845988869667 4909
1782931519852 0.19021987915039062 4910
1782931519855 0.011666831560432911 4911
1782931519857 0.10572794824838638 4912
1782931519860 0.12068382650613785 4913
1782931519862 0.08575140684843063 4914
1782931519865 0.17125843465328217 4915
1782931519867 0.015741141512989998 4916
1782931519870 0.1334598958492279 4917
1782931519873 0.09304739534854889 4918
1782931519878 0.04473895952105522 4919
1782931519882 0.2742132544517517 4920
1782931519884 0.30569571256637573 4921
1782931519887 0.03955803066492081 4922
1782931519890 0.3177264332771301 4923
1782931519893 0.16182880103588104 4924
1782931519895 0.11619160324335098 4925
1782931519898 0.21709229052066803 4926
1782931519900 0.03400636464357376 4927
1782931519903 0.010493921115994453 4928
1782931519906 0.05706559121608734 4929
1782931519908 0.09181142598390579 4930
1782931519911 0.29992416501045227 4931
1782931519913 0.12003679573535919 4932
1782931519916 0.10395112633705139 4933
1782931519918 0.2099398672580719 4934
1782931519921 0.16485291719436646 4935
1782931519923 0.13773119449615479 4936
1782931519926 0.022340064868330956 4937
1782931519932 0.016275474801659584 4938
1782931519935 0.019245266914367676 4939
1782931519938 0.0969998687505722 4940
1782931519940 0.12299980223178864 4941
1782931519943 0.2479531615972519 4942
1782931519981 0.061168305575847626 4943
1782931519987 0.20215819776058197 4944
1782931519990 0.14674130082130432 4945
1782931519992 0.3380856215953827 4946
1782931519995 0.005099909845739603 4947
1782931519997 0.07176925241947174 4948
1782931520000 0.03523747995495796 4949
1782931520004 0.043181389570236206 4950
1782931520009 0.0812373235821724 4951
1782931520011 0.19341562688350677 4952
1782931520014 0.07049371302127838 4953
1782931520016 0.23759426176548004 4954
1782931520019 0.09579221159219742 4955
1782931520021 0.12987452745437622 4956
1782931520024 0.11185668408870697 4957
1782931520027 0.05215170606970787 4958
1782931520029 0.0832211896777153 4959
1782931520032 0.05764899030327797 4960
1782931520034 0.06985639780759811 4961
1782931520037 0.18889060616493225 4962
1782931520039 0.013733466155827045 4963
1782931520042 0.07207497209310532 4964
1782931520044 0.1346002072095871 4965
1782931520047 0.23755353689193726 4966
1782931520049 0.0677490159869194 4967
1782931520052 0.12689054012298584 4968
1782931520055 0.12125562131404877 4969
1782931520057 0.009769135154783726 4970
1782931520060 0.048262499272823334 4971
1782931520062 0.1623251587152481 4972
1782931520065 0.11069370806217194 4973
1782931520067 0.34595930576324463 4974
1782931520071 0.053719840943813324 4975
1782931520074 0.10430149734020233 4976
1782931520076 0.06495747715234756 4977
1782931520079 0.2576415240764618 4978
1782931520081 0.1846538484096527 4979
1782931520084 0.02778543531894684 4980
1782931520086 0.0813526064157486 4981
1782931520089 0.18393267691135406 4982
1782931520092 0.12711696326732635 4983
1782931520094 0.027434879913926125 4984
1782931520096 0.02362346649169922 4985
1782931520099 0.33493900299072266 4986
1782931520101 0.3978627920150757 4987
1782931520104 0.16939662396907806 4988
1782931520107 0.12401966750621796 4989
1782931520109 0.024333501234650612 4990
1782931520112 0.14776283502578735 4991
1782931520114 0.05642751604318619 4992
1782931520117 0.21410588920116425 4993
1782931520120 0.08722154051065445 4994
1782931520125 0.21608233451843262 4995
1782931520127 0.040864937007427216 4996
1782931520130 0.023781342431902885 4997
1782931520133 0.0784360021352768 4998
1782931520135 0.014560582116246223 4999
1782931520139 0.086942657828331 5000
1782931520142 0.030426016077399254 5001
1782931520145 0.02508644573390484 5002
1782931520148 0.10916266590356827 5003
1782931520152 0.08540720492601395 5004
1782931520156 0.06175881624221802 5005
1782931520159 0.03866511955857277 5006
1782931520162 0.03865179792046547 5007
1782931520166 0.1719333827495575 5008
1782931520169 0.5866568684577942 5009
1782931520173 0.07285118103027344 5010
1782931520176 0.05466200411319733 5011
1782931520179 0.12079029530286789 5012
1782931520182 0.011178177781403065 5013
1782931520186 0.06558845937252045 5014
1782931520189 0.3476349711418152 5015
1782931520193 0.23172971606254578 5016
1782931520196 0.039202552288770676 5017
1782931520198 0.24749873578548431 5018
1782931520201 0.17809081077575684 5019
1782931520204 0.049928873777389526 5020
1782931520206 0.3464787006378174 5021
1782931520209 0.09995051473379135 5022
1782931520211 0.03716721013188362 5023
1782931520214 0.1800740659236908 5024
1782931520217 0.14859861135482788 5025
1782931520219 0.07580254226922989 5026
1782931520222 0.10381774604320526 5027
1782931520225 0.07757125049829483 5028
1782931520227 0.3248559236526489 5029
1782931520230 0.6430910229682922 5030
1782931520237 0.05643203854560852 5031
1782931520240 0.10239427536725998 5032
1782931520242 0.025178495794534683 5033
1782931520245 0.03591358661651611 5034
1782931520247 0.033357974141836166 5035
1782931520249 0.06693927943706512 5036
1782931520252 0.08781680464744568 5037
1782931520255 0.011367850005626678 5038
1782931520258 0.0330035500228405 5039
1782931520260 0.0647546797990799 5040
1782931520263 0.15559367835521698 5041
1782931520265 0.013105073943734169 5042
1782931520268 0.041986726224422455 5043
1782931520271 0.12629857659339905 5044
1782931520274 0.16907662153244019 5045
1782931520276 0.1334473341703415 5046
1782931520279 0.051008883863687515 5047
1782931520281 0.2167019248008728 5048
1782931520284 0.05603213235735893 5049
1782931520286 0.30965855717658997 5050
1782931520289 0.10475606471300125 5051
1782931520292 0.08209913969039917 5052
1782931520294 0.12116086483001709 5053
1782931520297 0.017056694254279137 5054
1782931520299 0.08070993423461914 5055
1782931520302 0.1992218792438507 5056
1782931520304 0.04745880514383316 5057
1782931520307 0.00862223468720913 5058
1782931520310 0.0962953194975853 5059
1782931520312 0.04128642380237579 5060
1782931520315 0.01533428579568863 5061
1782931520317 0.10090810805559158 5062
1782931520320 0.10842330008745193 5063
1782931520323 0.05657627806067467 5064
1782931520325 0.12575940787792206 5065
1782931520328 0.05473475530743599 5066
1782931520330 0.1518843173980713 5067
1782931520333 0.14980244636535645 5068
1782931520335 0.039707452058792114 5069
1782931520338 0.0532929003238678 5070
1782931520341 0.06189882382750511 5071
1782931520344 0.06361152231693268 5072
1782931520346 0.05304912477731705 5073
1782931520348 0.27255845069885254 5074
1782931520351 0.20185509324073792 5075
1782931520354 0.08729138970375061 5076
1782931520357 0.06592631340026855 5077
1782931520359 0.008280618116259575 5078
1782931520362 0.11624561250209808 5079
1782931520364 0.05525803938508034 5080
1782931520368 0.17749400436878204 5081
1782931520371 0.03804585337638855 5082
1782931520374 0.25318101048469543 5083
1782931520378 0.12902574241161346 5084
1782931520381 0.13479293882846832 5085
1782931520383 0.19515536725521088 5086
1782931520386 0.110700823366642 5087
1782931520389 0.13309063017368317 5088
1782931520394 0.19002766907215118 5089
1782931520397 0.06378482282161713 5090
1782931520399 0.1903074085712433 5091
1782931520402 0.013147021643817425 5092
1782931520405 0.28264278173446655 5093
1782931520408 0.02065698802471161 5094
1782931520412 0.17461740970611572 5095
1782931520415 0.3423846364021301 5096
1782931520421 0.020936166867613792 5097
1782931520424 0.1665886491537094 5098
1782931520431 0.06839988380670547 5099
1782931520435 0.15752501785755157 5100
1782931520438 0.04442768543958664 5101
1782931520441 0.039401546120643616 5102
1782931520443 0.0538870170712471 5103
1782931520448 0.1526939868927002 5104
1782931520450 0.07767216116189957 5105
1782931520453 0.06990523636341095 5106
1782931520461 0.0710904598236084 5107
1782931520463 0.06709294766187668 5108
1782931520466 0.12728101015090942 5109
1782931520470 0.08096007257699966 5110
1782931520476 0.05704288184642792 5111
1782931520479 0.27065032720565796 5112
1782931520482 0.02736162766814232 5113
1782931520484 0.03943345695734024 5114
1782931520487 0.23298294842243195 5115
1782931520490 0.016210932284593582 5116
1782931520492 0.03063717670738697 5117
1782931520495 0.11824219673871994 5118
1782931520497 0.1976137012243271 5119
1782931520500 0.08763662725687027 5120
1782931520502 0.15580379962921143 5121
1782931520505 0.21973887085914612 5122
1782931520508 0.08442888408899307 5123
1782931520510 0.3169078230857849 5124
1782931520513 0.15318849682807922 5125
1782931520515 0.06447181105613708 5126
1782931520518 0.40296605229377747 5127
1782931520521 0.01432698406279087 5128
1782931520523 0.0498383529484272 5129
1782931520526 0.18090678751468658 5130
1782931520528 0.03215368837118149 5131
1782931520531 0.2626773416996002 5132
1782931520533 0.026912016794085503 5133
1782931520536 0.3345347046852112 5134
1782931520539 0.08872570097446442 5135
1782931520541 0.1403692662715912 5136
1782931520544 0.009121494367718697 5137
1782931520546 0.14806491136550903 5138
1782931520548 0.2100812941789627 5139
1782931520551 0.32138440012931824 5140
1782931520554 0.08589307963848114 5141
1782931520557 0.0679873451590538 5142
1782931520559 0.178327739238739 5143
1782931520562 0.2400374859571457 5144
1782931520564 0.055580366402864456 5145
1782931520567 0.04953014478087425 5146
1782931520570 0.06234724819660187 5147
1782931520573 0.02553693950176239 5148
1782931520576 0.1910831779241562 5149
1782931520578 0.24218536913394928 5150
1782931520581 0.028394527733325958 5151
1782931520583 0.06449762731790543 5152
1782931520586 0.07117033004760742 5153
1782931520589 0.1938520073890686 5154
1782931520591 0.2383129894733429 5155
1782931520594 0.11741609126329422 5156
1782931520596 0.05494261905550957 5157
1782931520599 0.1216963529586792 5158
1782931520601 0.07279514521360397 5159
1782931520604 0.14898188412189484 5160
1782931520607 0.027276966720819473 5161
1782931520609 0.05350341647863388 5162
1782931520612 0.27542591094970703 5163
1782931520614 0.06301858276128769 5164
1782931520617 0.1537405401468277 5165
1782931520620 0.10188982635736465 5166
1782931520622 0.04807404428720474 5167
1782931520625 0.07967449724674225 5168
1782931520627 0.16657176613807678 5169
1782931520630 0.011453120037913322 5170
1782931520632 0.04354093223810196 5171
1782931520635 0.05839107185602188 5172
1782931520638 0.08121569454669952 5173
1782931520641 0.06259187310934067 5174
1782931520643 0.24174252152442932 5175
1782931520646 0.04115357622504234 5176
1782931520648 0.22354206442832947 5177
1782931520651 0.05513108894228935 5178
1782931520653 0.358047217130661 5179
1782931520656 0.21501658856868744 5180
1782931520659 0.13465210795402527 5181
1782931520661 0.1627921462059021 5182
1782931520664 0.09287356585264206 5183
1782931520667 0.1973731815814972 5184
1782931520669 0.025846371427178383 5185
1782931520672 0.07886910438537598 5186
1782931520675 0.042353931814432144 5187
1782931520677 0.14959724247455597 5188
1782931520680 0.3406882584095001 5189
1782931520683 0.11047875136137009 5190
1782931520685 0.04739576205611229 5191
1782931520688 0.2552739977836609 5192
1782931520691 0.02686609886586666 5193
1782931520694 0.17575840651988983 5194
1782931520696 0.1693212389945984 5195
1782931520699 0.11954046785831451 5196
1782931520701 0.109495148062706 5197
1782931520704 0.10027902573347092 5198
1782931520707 0.07165849953889847 5199
1782931520709 0.034367453306913376 5200
1782931520712 0.05200894922018051 5201
1782931520714 0.11381158232688904 5202
1782931520717 0.24978607892990112 5203
1782931520720 0.021653804928064346 5204
1782931520723 0.17789238691329956 5205
1782931520725 0.10818634927272797 5206
1782931520728 0.16389206051826477 5207
1782931520730 0.06193734332919121 5208
1782931520733 0.2938409447669983 5209
1782931520736 0.30863916873931885 5210
1782931520739 0.12284641712903976 5211
1782931520741 0.10976769775152206 5212
1782931520744 0.006835415493696928 5213
1782931520746 0.1985543966293335 5214
1782931520749 0.07073783874511719 5215
1782931520751 0.024020394310355186 5216
1782931520754 0.0749472826719284 5217
1782931520757 0.11920371651649475 5218
1782931520759 0.12689681351184845 5219
1782931520762 0.049865081906318665 5220
1782931520764 0.03081803396344185 5221
1782931520767 0.2394588589668274 5222
1782931520769 0.32963451743125916 5223
1782931520772 0.00940016284584999 5224
1782931520775 0.18343763053417206 5225
1782931520777 0.17765823006629944 5226
1782931520780 0.03805744647979736 5227
1782931520782 0.04689649119973183 5228
1782931520785 0.08527923375368118 5229
1782931520787 0.07717601209878922 5230
1782931520791 0.29633063077926636 5231
1782931520793 0.2530086040496826 5232
1782931520797 0.021330779418349266 5233
1782931520800 0.019080370664596558 5234
1782931520803 0.02920728735625744 5235
1782931520806 0.23931187391281128 5236
1782931520808 0.01689988374710083 5237
1782931520811 0.016047151759266853 5238
1782931520813 0.028939200565218925 5239
1782931520816 0.42026612162590027 5240
1782931520821 0.19499917328357697 5241
1782931520824 0.11254388093948364 5242
1782931520826 0.036186203360557556 5243
1782931520829 0.03126876428723335 5244
1782931520831 0.08518624305725098 5245
1782931520834 0.1535690873861313 5246
1782931520837 0.021443843841552734 5247
1782931520840 0.12615519762039185 5248
1782931520842 0.05573581904172897 5249
1782931520845 0.03389093279838562 5250
1782931520847 0.12195292860269547 5251
1782931520849 0.05466984584927559 5252
1782931520852 0.08005978167057037 5253
1782931520855 0.07692304253578186 5254
1782931520858 0.203139066696167 5255
1782931520860 0.039179522544145584 5256
1782931520862 0.22287212312221527 5257
1782931520865 0.05529269203543663 5258
1782931520867 0.12243763357400894 5259
1782931520870 0.02715499885380268 5260
1782931520873 0.23112714290618896 5261
1782931520875 0.04803256317973137 5262
1782931520878 0.04091327264904976 5263
1782931520880 0.22650547325611115 5264
1782931520883 0.12162178009748459 5265
1782931520886 0.12792783975601196 5266
1782931520888 0.08703623712062836 5267
1782931520891 0.039171215146780014 5268
1782931520893 0.26210394501686096 5269
1782931520896 0.006132074166089296 5270
1782931520898 0.016452882438898087 5271
1782931520901 0.19175951182842255 5272
1782931520904 0.16691692173480988 5273
1782931520906 0.05745166540145874 5274
1782931520909 0.014087225310504436 5275
1782931520911 0.22216229140758514 5276
1782931520913 0.041590407490730286 5277
1782931520916 0.08598914742469788 5278
1782931520920 0.2391415387392044 5279
1782931520923 0.1651032418012619 5280
1782931520925 0.0933522880077362 5281
1782931520928 0.11956516653299332 5282
1782931520930 0.09192362427711487 5283
1782931520933 0.037929777055978775 5284
1782931520936 0.054687872529029846 5285
1782931520939 0.09198388457298279 5286
1782931520942 0.11035450547933578 5287
1782931520944 0.10781648755073547 5288
1782931520947 0.05574251338839531 5289
1782931520949 0.3204728066921234 5290
1782931520952 0.016442274674773216 5291
1782931520955 0.0640520304441452 5292
1782931520957 0.09382223337888718 5293
1782931520960 0.010798919945955276 5294
1782931520962 0.10945434868335724 5295
1782931520965 0.08003398030996323 5296
1782931520967 0.08754879236221313 5297
1782931520970 0.27926382422447205 5298
1782931520973 0.025823302567005157 5299
1782931520976 0.1615767478942871 5300
1782931520978 0.05711818486452103 5301
1782931520980 0.11034979671239853 5302
1782931520983 0.12777414917945862 5303
1782931520986 0.2103344053030014 5304
1782931520989 0.019257042557001114 5305
1782931520992 0.051344677805900574 5306
1782931520994 0.09381730109453201 5307
1782931520997 0.05463026091456413 5308
1782931520999 0.03633039817214012 5309
1782931521001 0.03803838789463043 5310
1782931521004 0.0325419083237648 5311
1782931521007 0.12933102250099182 5312
1782931521010 0.028720995411276817 5313
1782931521012 0.022672468796372414 5314
1782931521015 0.13057979941368103 5315
1782931521017 0.012487964704632759 5316
1782931521020 0.11718864738941193 5317
1782931521023 0.01201505959033966 5318
1782931521025 0.016674131155014038 5319
1782931521028 0.16571871936321259 5320
1782931521030 0.10823163390159607 5321
1782931521033 0.2756631076335907 5322
1782931521035 0.03786681592464447 5323
1782931521038 0.06164998188614845 5324
1782931521040 0.0288790762424469 5325
1782931521043 0.06205364316701889 5326
1782931521045 0.026722218841314316 5327
1782931521048 0.1037144735455513 5328
1782931521050 0.053547490388154984 5329
1782931521053 0.12905284762382507 5330
1782931521056 0.019301598891615868 5331
1782931521058 0.1337118297815323 5332
1782931521061 0.09350834786891937 5333
1782931521063 0.1252869963645935 5334
1782931521066 0.12887535989284515 5335
1782931521070 0.05740963667631149 5336
1782931521073 0.01905619539320469 5337
1782931521076 0.06492683291435242 5338
1782931521078 0.15430176258087158 5339
1782931521081 0.151759535074234 5340
1782931521083 0.14639700949192047 5341
1782931521086 0.40702763199806213 5342
1782931521089 0.02111038751900196 5343
1782931521091 0.5009185671806335 5344
1782931521094 0.08419595658779144 5345
1782931521096 0.12070659548044205 5346
1782931521098 0.07534176111221313 5347
1782931521101 0.03250773623585701 5348
1782931521104 0.18191073834896088 5349
1782931521106 0.012995793484151363 5350
1782931521109 0.11201416701078415 5351
1782931521111 0.12632372975349426 5352
1782931521114 0.04583415016531944 5353
1782931521116 0.19751758873462677 5354
1782931521119 0.07045634835958481 5355
1782931521122 0.07689738273620605 5356
1782931521124 0.15992401540279388 5357
1782931521127 0.13784882426261902 5358
1782931521129 0.012347176671028137 5359
1782931521132 0.015526734292507172 5360
1782931521134 0.04065177962183952 5361
1782931521139 0.047247178852558136 5362
1782931521141 0.09840318560600281 5363
1782931521144 0.278112530708313 5364
1782931521146 0.08929915726184845 5365
1782931521149 0.009597893804311752 5366
1782931521151 0.10772871971130371 5367
1782931521154 0.15031854808330536 5368
1782931521157 0.05067547410726547 5369
1782931521159 0.014992546290159225 5370
1782931521162 0.285728394985199 5371
1782931521164 0.047389835119247437 5372
1782931521170 0.2715299427509308 5373
1782931521173 0.027318984270095825 5374
1782931521176 0.08678362518548965 5375
1782931521178 0.06673756241798401 5376
1782931521181 0.024832163006067276 5377
1782931521183 0.01591316983103752 5378
1782931521226 0.022116007283329964 5379
1782931521228 0.09599485993385315 5380
1782931521231 0.1617887169122696 5381
1782931521233 0.0801708996295929 5382
1782931521236 0.02620595134794712 5383
1782931521239 0.08217459172010422 5384
1782931521242 0.19518788158893585 5385
1782931521244 0.3481818735599518 5386
1782931521246 0.01967218518257141 5387
1782931521249 0.06736217439174652 5388
1782931521251 0.1292068511247635 5389
1782931521254 0.06794365495443344 5390
1782931521257 0.09247229993343353 5391
1782931521259 0.0628325566649437 5392
1782931521262 0.2932652533054352 5393
1782931521264 0.13397812843322754 5394
1782931521266 0.011732125654816628 5395
1782931521269 0.07396718114614487 5396
1782931521272 0.034279290586709976 5397
1782931521274 0.10127969831228256 5398
1782931521277 0.27600786089897156 5399
1782931521279 0.06639806181192398 5400
1782931521282 0.029242902994155884 5401
1782931521284 0.08882404863834381 5402
1782931521287 0.06822927296161652 5403
1782931521290 0.021180560812354088 5404
1782931521292 0.12139188498258591 5405
1782931521295 0.05221942812204361 5406
1782931521297 0.05790898948907852 5407
1782931521299 0.3263969123363495 5408
1782931521302 0.169451043009758 5409
1782931521306 0.059307023882865906 5410
1782931521308 0.2047320008277893 5411
1782931521311 0.1480463147163391 5412
1782931521313 0.02959633618593216 5413
1782931521316 0.09652895480394363 5414
1782931521318 0.03797869011759758 5415
1782931521321 0.020223287865519524 5416
1782931521324 0.05396704375743866 5417
1782931521326 0.2530595064163208 5418
1782931521329 0.07841823995113373 5419
1782931521331 0.16359233856201172 5420
1782931521333 0.07665973156690598 5421
1782931521336 0.0225952360779047 5422
1782931521339 0.09393379837274551 5423
1782931521341 0.125615194439888 5424
1782931521344 0.03028351441025734 5425
1782931521346 0.15337365865707397 5426
1782931521349 0.021129148080945015 5427
1782931521353 0.11348587274551392 5428
1782931521356 0.1385663002729416 5429
1782931521358 0.3391583263874054 5430
1782931521361 0.017947601154446602 5431
1782931521363 0.015917517244815826 5432
1782931521366 0.16053836047649384 5433
1782931521370 0.048481106758117676 5434
1782931521373 0.07142016291618347 5435
1782931521375 0.02177502028644085 5436
1782931521378 0.1274968385696411 5437
1782931521380 0.22184675931930542 5438
1782931521383 0.04143937677145004 5439
1782931521385 0.028607850894331932 5440
1782931521388 0.013129827566444874 5441
1782931521391 0.12521231174468994 5442
1782931521394 0.020624663680791855 5443
1782931521396 0.08124011754989624 5444
1782931521399 0.04231077805161476 5445
1782931521402 0.12841229140758514 5446
1782931521405 0.07314302772283554 5447
1782931521408 0.04928769916296005 5448
1782931521410 0.08931265771389008 5449
1782931521413 0.05717344582080841 5450
1782931521415 0.017200149595737457 5451
1782931521418 0.19551943242549896 5452
1782931521421 0.2657619118690491 5453
1782931521423 0.012341751717031002 5454
1782931521426 0.12067092210054398 5455
1782931521428 0.07290417701005936 5456
1782931521431 0.03275532275438309 5457
1782931521433 0.31403520703315735 5458
1782931521436 0.07196374237537384 5459
1782931521439 0.21437034010887146 5460
1782931521442 0.03228079155087471 5461
1782931521444 0.061482761055231094 5462
1782931521447 0.06377360969781876 5463
1782931521449 0.033190906047821045 5464
1782931521452 0.049511052668094635 5465
1782931521456 0.26829084753990173 5466
1782931521459 0.17424048483371735 5467
1782931521461 0.06560751050710678 5468
1782931521464 0.23042331635951996 5469
1782931521466 0.13925661146640778 5470
1782931521469 0.3951764404773712 5471
1782931521472 0.09054221212863922 5472
1782931521474 0.4794750213623047 5473
1782931521477 0.11206400394439697 5474
1782931521479 0.05327638238668442 5475
1782931521482 0.1626421958208084 5476
1782931521484 0.01265205442905426 5477
1782931521487 0.2920241951942444 5478
1782931521490 0.09311790019273758 5479
1782931521493 0.12224945425987244 5480
1782931521495 0.01447138749063015 5481
1782931521498 0.22131171822547913 5482
1782931521500 0.03856245428323746 5483
1782931521503 0.25432315468788147 5484
1782931521506 0.16861318051815033 5485
1782931521508 0.0986744612455368 5486
1782931521511 0.24866876006126404 5487
1782931521513 0.0579347126185894 5488
1782931521516 0.049275368452072144 5489
1782931521518 0.09648851305246353 5490
1782931521521 0.03560144081711769 5491
1782931521523 0.034836288541555405 5492
1782931521526 0.19634564220905304 5493
1782931521528 0.1182127594947815 5494
1782931521531 0.021283341571688652 5495
1782931521534 0.0944543108344078 5496
1782931521537 0.0658586248755455 5497
1782931521540 0.06903275102376938 5498
1782931521542 0.17382243275642395 5499
1782931521545 0.29309338331222534 5500
1782931521547 0.0793420597910881 5501
1782931521549 0.07008618116378784 5502
1782931521552 0.03184514865279198 5503
1782931521555 0.22549955546855927 5504
1782931521558 0.4427031874656677 5505
1782931521561 0.039642345160245895 5506
1782931521563 0.10717891901731491 5507
1782931521566 0.08088620752096176 5508
1782931521569 0.061848655343055725 5509
1782931521572 0.030265484005212784 5510
1782931521574 0.07050275802612305 5511
1782931521577 0.041743360459804535 5512
1782931521579 0.1514669954776764 5513
1782931521582 0.05157303065061569 5514
1782931521584 0.17247946560382843 5515
1782931521587 0.1651962250471115 5516
1782931521590 0.030382275581359863 5517
1782931521593 0.017957977950572968 5518
1782931521595 0.037291016429662704 5519
1782931521598 0.07263103127479553 5520
1782931521600 0.016467144712805748 5521
1782931521603 0.07586650550365448 5522
1782931521606 0.17710085213184357 5523
1782931521609 0.13623590767383575 5524
1782931521611 0.021946324035525322 5525
1782931521613 0.14931543171405792 5526
1782931521616 0.19068802893161774 5527
1782931521619 0.20843084156513214 5528
1782931521623 0.17103824019432068 5529
1782931521626 0.05763306841254234 5530
1782931521632 0.010060440748929977 5531
1782931521635 0.10376271605491638 5532
1782931521638 0.02816697396337986 5533
1782931521640 0.20509378612041473 5534
1782931521643 0.06094925478100777 5535
1782931521645 0.05905582010746002 5536
1782931521648 0.1767069399356842 5537
1782931521650 0.03055974468588829 5538
1782931521653 0.04028885066509247 5539
1782931521655 0.18269187211990356 5540
1782931521658 0.3099779486656189 5541
1782931521663 0.30791378021240234 5542
1782931521665 0.12680000066757202 5543
1782931521668 0.1766553521156311 5544
1782931521671 0.011658070608973503 5545
1782931521673 0.08478553593158722 5546
1782931521676 0.22013716399669647 5547
1782931521678 0.048066478222608566 5548
1782931521681 0.19320258498191833 5549
1782931521683 0.14385437965393066 5550
1782931521687 0.16460062563419342 5551
1782931521690 0.10771846771240234 5552
1782931521692 0.028521977365016937 5553
1782931521695 0.038117505609989166 5554
1782931521697 0.014457023702561855 5555
1782931521700 0.06590858846902847 5556
1782931521703 0.20948241651058197 5557
1782931521705 0.10244788229465485 5558
1782931521709 0.07336337864398956 5559
1782931521712 0.01664002612233162 5560
1782931521715 0.03248013183474541 5561
1782931521717 0.2066519409418106 5562
1782931521720 0.10438720136880875 5563
1782931521723 0.4047878682613373 5564
1782931521725 0.09598828852176666 5565
1782931521728 0.1269649863243103 5566
1782931521730 0.16623787581920624 5567
1782931521732 0.07134896516799927 5568
1782931521735 0.039192136377096176 5569
1782931521738 0.20165270566940308 5570
1782931521740 0.09066033363342285 5571
1782931521743 0.022895904257893562 5572
1782931521745 0.09608767181634903 5573
1782931521748 0.05747511237859726 5574
1782931521751 0.31480658054351807 5575
1782931521753 0.14695359766483307 5576
1782931521756 0.04196704551577568 5577
1782931521758 0.16339698433876038 5578
1782931521761 0.024595491588115692 5579
1782931521763 0.031276680529117584 5580
1782931521766 0.1424631029367447 5581
1782931521768 0.03495835140347481 5582
1782931521771 0.18237687647342682 5583
1782931521774 0.14092044532299042 5584
1782931521776 0.21339797973632812 5585
1782931521779 0.02811543457210064 5586
1782931521781 0.027009429410099983 5587
1782931521784 0.09884140640497208 5588
1782931521788 0.06971278786659241 5589
1782931521791 0.1971648633480072 5590
1782931521793 0.23677434027194977 5591
1782931521796 0.14491085708141327 5592
1782931521798 0.03426066040992737 5593
1782931521802 0.016660267487168312 5594
1782931521808 0.06184578686952591 5595
1782931521811 0.03794574737548828 5596
1782931521813 0.11131619662046432 5597
1782931521816 0.49098485708236694 5598
1782931521818 0.059101805090904236 5599
1782931521821 0.29339855909347534 5600
1782931521823 0.1277335286140442 5601
1782931521826 0.1831052154302597 5602
1782931521828 0.0857827290892601 5603
1782931521831 0.11416023224592209 5604
1782931521833 0.12268228828907013 5605
1782931521836 0.23172849416732788 5606
1782931521839 0.020019955933094025 5607
1782931521841 0.07954332232475281 5608
1782931521844 0.20846156775951385 5609
1782931521846 0.05300939083099365 5610
1782931521849 0.14193089306354523 5611
1782931521851 0.21010886132717133 5612
1782931521854 0.058176860213279724 5613
1782931521857 0.11929647624492645 5614
1782931521859 0.05839161202311516 5615
1782931521862 0.07796796411275864 5616
1782931521864 0.04797733947634697 5617
1782931521867 0.09680710732936859 5618
1782931521869 0.08105994015932083 5619
1782931521872 0.011305484920740128 5620
1782931521875 0.09635668247938156 5621
1782931521877 0.07143346220254898 5622
1782931521879 0.09000703692436218 5623
1782931521882 0.1744188815355301 5624
1782931522168 0.02206038311123848 5625
1782931522171 0.10344046354293823 5626
1782931522173 0.04658922553062439 5627
1782931522176 0.004471033811569214 5628
1782931522178 0.09573740512132645 5629
1782931522180 0.02307262271642685 5630
1782931522183 0.10532713681459427 5631
1782931522185 0.18052171170711517 5632
1782931522188 0.10467111319303513 5633
1782931522191 0.11048097163438797 5634
1782931522193 0.19197320938110352 5635
1782931522195 0.05367838591337204 5636
1782931522198 0.0966002345085144 5637
1782931522200 0.05274248123168945 5638
1782931522203 0.12083461135625839 5639
1782931522206 0.07254433631896973 5640
1782931522208 0.030151283368468285 5641
1782931522210 0.18764761090278625 5642
1782931522213 0.03428000584244728 5643
1782931522216 0.17864200472831726 5644
1782931522218 0.07811234891414642 5645
1782931522221 0.10513988882303238 5646
1782931522224 0.0844011902809143 5647
1782931522226 0.06841801851987839 5648
1782931522229 0.04843520373106003 5649
1782931522237 0.01296765822917223 5650
1782931522246 0.0753256306052208 5651
1782931522249 0.006730768363922834 5652
1782931522251 0.05107030272483826 5653
1782931522254 0.1827744096517563 5654
1782931522257 0.09768767654895782 5655
1782931522259 0.04332519322633743 5656
1782931522262 0.1085791364312172 5657
1782931522264 0.17941787838935852 5658
1782931522266 0.13872620463371277 5659
1782931522269 0.05439254269003868 5660
1782931522273 0.05700297653675079 5661
1782931522277 0.321786493062973 5662
1782931522282 0.04071038216352463 5663
1782931522284 0.006562710274010897 5664
1782931522287 0.042056139558553696 5665
1782931522290 0.17869551479816437 5666
1782931522292 0.03456258401274681 5667
1782931522295 0.07661152631044388 5668
1782931522297 0.021537622436881065 5669
1782931522300 0.09662481397390366 5670
1782931522302 0.07626548409461975 5671
1782931522305 0.1369447261095047 5672
1782931522307 0.26160338521003723 5673
1782931522310 0.06005115434527397 5674
1782931522312 0.07360082119703293 5675
1782931522315 0.22198061645030975 5676
1782931522317 0.09204895049333572 5677
1782931522320 0.317430317401886 5678
1782931522323 0.061762239784002304 5679
1782931522325 0.08098652958869934 5680
1782931522328 0.11591968685388565 5681
1782931522330 0.1877395510673523 5682
1782931522332 0.09367088973522186 5683
1782931522335 0.017245333641767502 5684
1782931522338 0.12969395518302917 5685
1782931522340 0.06802182644605637 5686
1782931522343 0.06973307579755783 5687
1782931522346 0.1351918876171112 5688
1782931522348 0.06063370406627655 5689
1782931522350 0.028073182329535484 5690
1782931522354 0.14528636634349823 5691
1782931522357 0.42974984645843506 5692
1782931522359 0.09840701520442963 5693
1782931522362 0.10511545836925507 5694
1782931522364 0.09030115604400635 5695
1782931522366 0.044980600476264954 5696
1782931522369 0.09980347007513046 5697
1782931522372 0.02348562330007553 5698
1782931522375 0.32708197832107544 5699
1782931522377 0.1428534984588623 5700
1782931522380 0.018333008512854576 5701
1782931522382 0.07091252505779266 5702
1782931522385 0.04953395202755928 5703
1782931522389 0.04030747339129448 5704
1782931522391 0.12127376347780228 5705
1782931522394 0.12466203421354294 5706
1782931522396 0.13758842647075653 5707
1782931522399 0.05601710081100464 5708
1782931522401 0.09850843995809555 5709
1782931522404 0.04114694893360138 5710
1782931522407 0.12242145836353302 5711
1782931522409 0.12133210152387619 5712
1782931522412 0.0917336717247963 5713
1782931522414 0.02794521674513817 5714
1782931522417 0.0639854148030281 5715
1782931522420 0.028089726343750954 5716
1782931522423 0.00985375139862299 5717
1782931522426 0.00462888041511178 5718
1782931522429 0.0681629478931427 5719
1782931522432 0.11361421644687653 5720
1782931522434 0.07692064344882965 5721
1782931522437 0.22872591018676758 5722
1782931522440 0.08903758227825165 5723
1782931522443 0.06682095676660538 5724
1782931522448 0.0691065639257431 5725
1782931522451 0.07338063418865204 5726
1782931522454 0.0831177830696106 5727
1782931522457 0.10345904529094696 5728
1782931522460 0.04144905507564545 5729
1782931522462 0.07594923675060272 5730
1782931522465 0.15536104142665863 5731
1782931522468 0.06632395833730698 5732
1782931522471 0.12828245759010315 5733
1782931522474 0.1387639194726944 5734
1782931522481 0.19382493197917938 5735
1782931522484 0.09096068888902664 5736
1782931522488 0.08674737811088562 5737
1782931522492 0.05307359993457794 5738
1782931522494 0.09713229537010193 5739
1782931522497 0.21782942116260529 5740
1782931522500 0.024417227134108543 5741
1782931522503 0.13578179478645325 5742
1782931522511 0.10072580724954605 5743
1782931522513 0.07944320887327194 5744
1782931522516 0.033553346991539 5745
1782931522520 0.0718410387635231 5746
1782931522523 0.022222323343157768 5747
1782931522526 0.10770601779222488 5748
1782931522528 0.08140382915735245 5749
1782931522531 0.02009502239525318 5750
1782931522533 0.17340430617332458 5751
1782931522536 0.1297277808189392 5752
1782931522539 0.14112627506256104 5753
1782931522541 0.14090290665626526 5754
1782931522544 0.03435690701007843 5755
1782931522546 0.14023448526859283 5756
1782931522548 0.07033959776163101 5757
1782931522551 0.02808091789484024 5758
1782931522555 0.21956390142440796 5759
1782931522557 0.18338344991207123 5760
1782931522560 0.09657716751098633 5761
1782931522562 0.019773263484239578 5762
1782931522565 0.034112103283405304 5763
1782931522567 0.21745020151138306 5764
1782931522570 0.05176624655723572 5765
1782931522573 0.105368472635746 5766
1782931522575 0.12099098414182663 5767
1782931522578 0.024802466854453087 5768
1782931522580 0.3379514217376709 5769
1782931522583 0.1988823264837265 5770
1782931522588 0.07615991681814194 5771
1782931522591 0.07181227952241898 5772
1782931522594 0.07604348659515381 5773
1782931522596 0.08999422937631607 5774
1782931522599 0.05955459177494049 5775
1782931522601 0.007190923672169447 5776
1782931522605 0.053346458822488785 5777
1782931522607 0.1660642921924591 5778
1782931522610 0.02745979093015194 5779
1782931522612 0.05632641538977623 5780
1782931522615 0.026647647842764854 5781
1782931522618 0.04550362378358841 5782
1782931522620 0.13215714693069458 5783
1782931522623 0.07845864444971085 5784
1782931522626 0.1195288747549057 5785
1782931522628 0.05242098867893219 5786
1782931522631 0.12975311279296875 5787
1782931522633 0.06679221987724304 5788
1782931522636 0.0730058029294014 5789
1782931522639 0.09785199165344238 5790
1782931522642 0.4061385989189148 5791
1782931522644 0.12103046476840973 5792
1782931522647 0.15696516633033752 5793
1782931522649 0.21173734962940216 5794
1782931522652 0.025614995509386063 5795
1782931522655 0.07740447670221329 5796
1782931522658 0.20498985052108765 5797
1782931522660 0.04463537782430649 5798
1782931522663 0.09375941008329391 5799
1782931522665 0.017790628597140312 5800
1782931522668 0.04415252432227135 5801
1782931522671 0.4080908000469208 5802
1782931522674 0.11404936760663986 5803
1782931522676 0.16231772303581238 5804
1782931522679 0.03681908920407295 5805
1782931522681 0.014278880320489407 5806
1782931522684 0.17634327709674835 5807
1782931522687 0.032039135694503784 5808
1782931522690 0.01906006410717964 5809
1782931522692 0.056308723986148834 5810
1782931522696 0.1545252799987793 5811
1782931522698 0.09350383281707764 5812
1782931522700 0.09702065587043762 5813
1782931522703 0.005406675860285759 5814
1782931522706 0.576560914516449 5815
1782931522709 0.17215782403945923 5816
1782931522711 0.06507918238639832 5817
1782931522714 0.022585807368159294 5818
1782931522716 0.04797498136758804 5819
1782931522719 0.008057382889091969 5820
1782931522721 0.03350947052240372 5821
1782931522724 0.10172715783119202 5822
1782931522727 0.19551241397857666 5823
1782931522729 0.17071497440338135 5824
1782931522732 0.0806662067770958 5825
1782931522735 0.1449471414089203 5826
1782931522738 0.025072796270251274 5827
1782931522740 0.19149649143218994 5828
1782931522743 0.14365509152412415 5829
1782931522746 0.023569313809275627 5830
1782931522748 0.030067583546042442 5831
1782931522751 0.017322150990366936 5832
1782931522754 0.060088712722063065 5833
1782931522756 0.07068251073360443 5834
1782931522759 0.10340394079685211 5835
1782931522761 0.12728610634803772 5836
1782931522764 0.03893827274441719 5837
1782931522766 0.10304810106754303 5838
1782931522769 0.018047479912638664 5839
1782931522772 0.13388822972774506 5840
1782931522775 0.07629918307065964 5841
1782931522777 0.19626572728157043 5842
1782931522780 0.08387438207864761 5843
1782931522782 0.036105915904045105 5844
1782931522785 0.041860468685626984 5845
1782931522788 0.020488940179347992 5846
1782931522791 0.06075124442577362 5847
1782931522794 0.012166675180196762 5848
1782931522796 0.040999311953783035 5849
1782931522799 0.2042539417743683 5850
1782931522801 0.3082887828350067 5851
1782931522804 0.01988380029797554 5852
1782931522807 0.020345060154795647 5853
1782931522810 0.09082379937171936 5854
1782931522813 0.19348978996276855 5855
1782931522817 0.08999159187078476 5856
1782931522820 0.018687952309846878 5857
1782931522823 0.06811688095331192 5858
1782931522825 0.03726477175951004 5859
1782931522828 0.0611601322889328 5860
1782931522830 0.02244889922440052 5861
1782931522833 0.21819259226322174 5862
1782931522840 0.09619937837123871 5863
1782931522843 0.02015870250761509 5864
1782931522846 0.02857622504234314 5865
1782931522848 0.020329389721155167 5866
1782931522851 0.18705429136753082 5867
1782931522853 0.09875907748937607 5868
1782931522856 0.08165986090898514 5869
1782931522859 0.08339077234268188 5870
1782931522861 0.17143207788467407 5871
1782931522863 0.11254005879163742 5872
1782931522866 0.3148708939552307 5873
1782931522868 0.05476686730980873 5874
1782931522871 0.06755944341421127 5875
1782931522874 0.09957887977361679 5876
1782931522876 0.08573806285858154 5877
1782931522879 0.14471861720085144 5878
1782931522881 0.04246584326028824 5879
1782931522889 0.4197987914085388 5880
1782931522892 0.13976728916168213 5881
1782931522895 0.17954230308532715 5882
1782931522897 0.07689809799194336 5883
1782931522900 0.03580847382545471 5884
1782931522903 0.06996946036815643 5885
1782931522906 0.14412249624729156 5886
1782931522909 0.04416894540190697 5887
1782931522912 0.09973575174808502 5888
1782931522914 0.09598468244075775 5889
1782931522917 0.1618015319108963 5890
1782931522920 0.056013625115156174 5891
1782931522922 0.25084492564201355 5892
1782931522925 0.09106390923261642 5893
1782931522927 0.028274497017264366 5894
1782931522930 0.11611034721136093 5895
1782931522932 0.07255901396274567 5896
1782931522935 0.09123433381319046 5897
1782931522938 0.10668738931417465 5898
1782931522941 0.012475146912038326 5899
1782931522943 0.09840437769889832 5900
1782931522945 0.15310579538345337 5901
1782931522948 0.22147995233535767 5902
1782931522950 0.026488935574889183 5903
1782931522953 0.04289893060922623 5904
1782931522956 0.07104841619729996 5905
1782931522958 0.24413101375102997 5906
1782931522962 0.008876304142177105 5907
1782931522967 0.23486942052841187 5908
1782931522971 0.03164441138505936 5909
1782931522975 0.046857427805662155 5910
1782931522978 0.007019628304988146 5911
1782931522980 0.015840094536542892 5912
1782931522982 0.0722104161977768 5913
1782931522987 0.041125934571027756 5914
1782931522991 0.09222511947154999 5915
1782931522994 0.08411997556686401 5916
1782931522996 0.15440437197685242 5917
1782931522999 0.010042696259915829 5918
1782931523002 0.05966595932841301 5919
1782931523005 0.09083782881498337 5920
1782931523007 0.2560062110424042 5921
1782931523010 0.09484946727752686 5922
1782931523012 0.08013463765382767 5923
1782931523015 0.027641786262392998 5924
1782931523018 0.011692389845848083 5925
1782931523022 0.18344755470752716 5926
1782931523024 0.022811781615018845 5927
1782931523027 0.04817560687661171 5928
1782931523029 0.07575563341379166 5929
1782931523032 0.20582491159439087 5930
1782931523036 0.048835549503564835 5931
1782931523040 0.026571253314614296 5932
1782931523042 0.009813893586397171 5933
1782931523045 0.3361969292163849 5934
1782931523047 0.10406890511512756 5935
1782931523050 0.042439766228199005 5936
1782931523053 0.09161831438541412 5937
1782931523056 0.040957219898700714 5938
1782931523058 0.05447506159543991 5939
1782931523061 0.07648483663797379 5940
1782931523063 0.09123501181602478 5941
1782931523067 0.03977557644248009 5942
1782931523070 0.06282451748847961 5943
1782931523072 0.13364621996879578 5944
1782931523075 0.015368456020951271 5945
1782931523077 0.08030775189399719 5946
1782931523080 0.04531489685177803 5947
1782931523082 0.11871884763240814 5948
1782931523085 0.2125648707151413 5949
1782931523088 0.03541677072644234 5950
1782931523091 0.18873772025108337 5951
1782931523094 0.008380218409001827 5952
1782931523096 0.13021644949913025 5953
1782931523099 0.07617636770009995 5954
1782931523101 0.36112427711486816 5955
1782931523104 0.06836002320051193 5956
1782931523107 0.10883022844791412 5957
1782931523110 0.02938077226281166 5958
1782931523112 0.05973232164978981 5959
1782931523115 0.38053563237190247 5960
1782931523121 0.07376184314489365 5961
1782931523124 0.21443066000938416 5962
1782931523127 0.041056253015995026 5963
1782931523130 0.1623753011226654 5964
1782931523133 0.04830243065953255 5965
1782931523136 0.08501330763101578 5966
1782931523139 0.3872252106666565 5967
1782931523141 0.03656788915395737 5968
1782931523144 0.013611776754260063 5969
1782931523146 0.054474905133247375 5970
1782931523149 0.2818171977996826 5971
1782931523151 0.059998273849487305 5972
1782931523154 0.038937680423259735 5973
1782931523157 0.04579099267721176 5974
1782931523160 0.02743677608668804 5975
1782931523164 0.04741847515106201 5976
1782931523168 0.11146146804094315 5977
1782931523171 0.021516621112823486 5978
1782931523174 0.05841569975018501 5979
1782931523176 0.058008648455142975 5980
1782931523178 0.01803649216890335 5981
1782931523181 0.2872215807437897 5982
1782931523183 0.21495366096496582 5983
1782931523187 0.1921253502368927 5984
1782931523190 0.08623161166906357 5985
1782931523193 0.043833158910274506 5986
1782931523195 0.08350763469934464 5987
1782931523198 0.057613812386989594 5988
1782931523200 0.4774823486804962 5989
1782931523203 0.3778351843357086 5990
1782931523206 0.025260010734200478 5991
1782931523208 0.12903745472431183 5992
1782931523211 0.007765261922031641 5993
1782931523214 0.21719250082969666 5994
1782931523216 0.1408182978630066 5995
1782931523219 0.12903806567192078 5996
1782931523222 0.04552469775080681 5997
1782931523225 0.16440623998641968 5998
1782931523228 0.15457521378993988 5999
1782931523230 0.0399811826646328 6000
1782931523233 0.14626464247703552 6001
1782931523237 0.06552346795797348 6002
1782931523242 0.03082287311553955 6003
1782931523245 0.14728394150733948 6004
1782931523249 0.14309698343276978 6005
1782931523252 0.012560226954519749 6006
1782931523257 0.04994560033082962 6007
1782931523260 0.028870150446891785 6008
1782931523264 0.17687568068504333 6009
1782931523267 0.07779879122972488 6010
1782931523271 0.014896806329488754 6011
1782931523275 0.024909839034080505 6012
1782931523287 0.16161580383777618 6013
1782931523291 0.01835651323199272 6014
1782931523294 0.03069405071437359 6015
1782931523297 0.12624260783195496 6016
1782931523301 0.3089294731616974 6017
1782931523305 0.04524634778499603 6018
1782931523308 0.25533026456832886 6019
1782931523311 0.03362688049674034 6020
1782931523315 0.021507367491722107 6021
1782931523318 0.053060054779052734 6022
1782931523322 0.06300994753837585 6023
1782931523325 0.024997558444738388 6024
1782931523328 0.019076289609074593 6025
1782931523332 0.025389952585101128 6026
1782931523335 0.10918676108121872 6027
1782931523339 0.04316462203860283 6028
1782931523343 0.23439905047416687 6029
1782931523346 0.08853702247142792 6030
1782931523349 0.06903842091560364 6031
1782931523353 0.12899057567119598 6032
1782931523357 0.03290148451924324 6033
1782931523360 0.059420544654130936 6034
1782931523363 0.03141620755195618 6035
1782931523366 0.0402473621070385 6036
1782931523370 0.019652245566248894 6037
1782931523374 0.14726491272449493 6038
1782931523377 0.05441330000758171 6039
1782931523380 0.17790617048740387 6040
1782931523383 0.011172904632985592 6041
1782931523387 0.3097367584705353 6042
1782931523390 0.15370364487171173 6043
1782931523394 0.03182516619563103 6044
1782931523397 0.16614754498004913 6045
1782931523401 0.020274411886930466 6046
1782931523405 0.15386271476745605 6047
1782931523408 0.018515730276703835 6048
1782931523412 0.12849760055541992 6049
1782931523416 0.10186754167079926 6050
1782931523419 0.10225198417901993 6051
1782931523423 0.043263643980026245 6052
1782931523426 0.09953474998474121 6053
1782931523451 0.013757981359958649 6054
1782931523456 0.09944615513086319 6055
1782931523460 0.11352898925542831 6056
1782931523464 0.05248154327273369 6057
1782931523467 0.017191555351018906 6058
1782931523471 0.09354999661445618 6059
1782931523474 0.06917135417461395 6060
1782931523478 0.13012953102588654 6061
1782931523482 0.04134660214185715 6062
1782931523485 0.003886403748765588 6063
1782931523488 0.02291153371334076 6064
1782931523492 0.1570434719324112 6065
1782931523495 0.06024352088570595 6066
1782931523498 0.1613447368144989 6067
1782931523501 0.0260555949062109 6068
1782931523505 0.11089393496513367 6069
1782931523508 0.1089107096195221 6070
1782931523512 0.043138135224580765 6071
1782931523515 0.11807055026292801 6072
1782931523518 0.005086822435259819 6073
1782931523522 0.1043173223733902 6074
1782931523525 0.1376989334821701 6075
1782931523528 0.19076135754585266 6076
1782931523531 0.21246398985385895 6077
1782931523535 0.26355960965156555 6078
1782931523538 0.23795154690742493 6079
1782931523542 0.11071960628032684 6080
1782931523545 0.3088555932044983 6081
1782931523548 0.08531716465950012 6082
1782931523551 0.047612182796001434 6083
1782931523555 0.03019719198346138 6084
1782931523559 0.407703161239624 6085
1782931523562 0.06465983390808105 6086
1782931523565 0.06194961816072464 6087
1782931523568 0.19273418188095093 6088
1782931523572 0.08345216512680054 6089
1782931523575 0.12621866166591644 6090
1782931523578 0.1040617972612381 6091
1782931523582 0.17427533864974976 6092
1782931523585 0.16340038180351257 6093
1782931523589 0.07825419306755066 6094
1782931523592 0.09363653510808945 6095
1782931523595 0.4379628002643585 6096
1782931523598 0.04698815569281578 6097
1782931523602 0.1849074363708496 6098
1782931523605 0.04729160666465759 6099
1782931523609 0.23254890739917755 6100
1782931523612 0.05400381609797478 6101
1782931523615 0.12681153416633606 6102
1782931523619 0.027615467086434364 6103
1782931523623 0.12662671506404877 6104
1782931523626 0.06929563730955124 6105
1782931523629 0.10447580367326736 6106
1782931523636 0.01439184695482254 6107
1782931523640 0.11504581570625305 6108
1782931523644 0.09054025262594223 6109
1782931523651 0.2805148959159851 6110
1782931523655 0.026360725983977318 6111
1782931523678 0.27684953808784485 6112
1782931523681 0.19021068513393402 6113
1782931523684 0.17596104741096497 6114
1782931523688 0.019574783742427826 6115
1782931523692 0.06971950829029083 6116
1782931523695 0.020263150334358215 6117
1782931523704 0.3615656793117523 6118
1782931523708 0.15088532865047455 6119
1782931523711 0.1884218007326126 6120
1782931523715 0.028809644281864166 6121
1782931523718 0.05758703127503395 6122
1782931523722 0.18719781935214996 6123
1782931523725 0.06586597859859467 6124
1782931523728 0.06702084839344025 6125
1782931523731 0.11056022346019745 6126
1782931523735 0.012845966964960098 6127
1782931523738 0.03968213498592377 6128
1782931523742 0.015051278285682201 6129
1782931523745 0.011780766770243645 6130
1782931523748 0.03323228657245636 6131
1782931523751 0.051497578620910645 6132
1782931523755 0.013809950090944767 6133
1782931523758 0.05974797531962395 6134
1782931523761 0.030203785747289658 6135
1782931523765 0.19250617921352386 6136
1782931523768 0.03858717530965805 6137
1782931523771 0.013769138604402542 6138
1782931523775 0.03899330273270607 6139
1782931523778 0.1546156108379364 6140
1782931523781 0.08713125437498093 6141
1782931523785 0.042449161410331726 6142
1782931523788 0.22589698433876038 6143
1782931523792 0.08584953844547272 6144
1782931523795 0.0758453980088234 6145
1782931523799 0.023124592378735542 6146
1782931523802 0.023916251957416534 6147
1782931523806 0.056215718388557434 6148
1782931523809 0.08726034313440323 6149
1782931523813 0.017547637224197388 6150
1782931523816 0.10646066814661026 6151
1782931523820 0.05649877339601517 6152
1782931523823 0.027315940707921982 6153
1782931523827 0.05919764190912247 6154
1782931523830 0.06854861974716187 6155
1782931523833 0.06456353515386581 6156
1782931523838 0.06673072278499603 6157
1782931523842 0.005691571161150932 6158
1782931523846 0.05853917822241783 6159
1782931523849 0.025760460644960403 6160
1782931523853 0.06133265420794487 6161
1782931523856 0.12586234509944916 6162
1782931523860 0.1934862583875656 6163
1782931523863 0.18734635412693024 6164
1782931523866 0.02139248698949814 6165
1782931523870 0.037173084914684296 6166
1782931523874 0.01689312234520912 6167
1782931523877 0.12019894272089005 6168
1782931523881 0.09092257916927338 6169
1782931523884 0.09385693818330765 6170
1782931523887 0.044552359730005264 6171
1782931523891 0.2427155077457428 6172
1782931523894 0.12792906165122986 6173
1782931523898 0.03127950429916382 6174
1782931523901 0.08260760456323624 6175
1782931523905 0.01935424469411373 6176
1782931523909 0.07581232488155365 6177
1782931523913 0.259513795375824 6178
1782931523917 0.14460207521915436 6179
1782931523921 0.11266303807497025 6180
1782931523924 0.05173690617084503 6181
1782931523928 0.07997424155473709 6182
1782931523931 0.10904919356107712 6183
1782931523935 0.1376347690820694 6184
1782931523939 0.2784920334815979 6185
1782931523942 0.18704767525196075 6186
1782931523946 0.029699575155973434 6187
1782931523949 0.04569835588335991 6188
1782931523952 0.08408686518669128 6189
1782931523956 0.3696390390396118 6190
1782931523959 0.044383782893419266 6191
1782931523963 0.037510309368371964 6192
1782931523966 0.04179124906659126 6193
1782931523970 0.006801157258450985 6194
1782931523973 0.05154065787792206 6195
1782931523977 0.10611654818058014 6196
1782931523980 0.09748789668083191 6197
1782931523983 0.23192599415779114 6198
1782931523988 0.051518380641937256 6199
1782931523992 0.04284830018877983 6200
1782931523995 0.12506090104579926 6201
1782931523998 0.060407646000385284 6202
1782931524003 0.1364079713821411 6203
1782931524007 0.033994849771261215 6204
1782931524011 0.18312968313694 6205
1782931524014 0.10960737615823746 6206
1782931524018 0.322658896446228 6207
1782931524023 0.2671668231487274 6208
1782931524026 0.11192252486944199 6209
1782931524030 0.06458276510238647 6210
1782931524033 0.021584369242191315 6211
1782931524038 0.06100543960928917 6212
1782931524041 0.013589075766503811 6213
1782931524045 0.01856978051364422 6214
1782931524048 0.05382808297872543 6215
1782931524051 0.045822400599718094 6216
1782931524055 0.10644393414258957 6217
1782931524061 0.1281152069568634 6218
1782931524065 0.08701960742473602 6219
1782931524072 0.039650894701480865 6220
1782931524085 0.01717388443648815 6221
1782931524103 0.04766583815217018 6222
1782931524107 0.31845855712890625 6223
1782931524111 0.10078290104866028 6224
1782931524114 0.05597621947526932 6225
1782931524117 0.18705692887306213 6226
1782931524121 0.01754959113895893 6227
1782931524125 0.24602733552455902 6228
1782931524128 0.05303676053881645 6229
1782931524132 0.17569033801555634 6230
1782931524135 0.06673937290906906 6231
1782931524139 0.1357252597808838 6232
1782931524142 0.017464857548475266 6233
1782931524146 0.20697584748268127 6234
1782931524149 0.04278494790196419 6235
1782931524153 0.029627028852701187 6236
1782931524157 0.15209616720676422 6237
1782931524160 0.08150557428598404 6238
1782931524163 0.15294337272644043 6239
1782931524167 0.1694255769252777 6240
1782931524171 0.014791388064622879 6241
1782931524174 0.031062355265021324 6242
1782931524178 0.3301299810409546 6243
1782931524182 0.18365463614463806 6244
1782931524186 0.4886610805988312 6245
1782931524190 0.5283681154251099 6246
1782931524193 0.023941345512866974 6247
1782931524196 0.015928687527775764 6248
1782931524199 0.09906018525362015 6249
1782931524203 0.08490736037492752 6250
1782931524207 0.23219193518161774 6251
1782931524210 0.06360388547182083 6252
1782931524217 0.05224383622407913 6253
1782931524222 0.022349387407302856 6254
1782931524225 0.017950836569070816 6255
1782931524229 0.2335905283689499 6256
1782931524232 0.13291524350643158 6257
1782931524237 0.07959114760160446 6258
1782931524241 0.17432285845279694 6259
1782931524245 0.26098036766052246 6260
1782931524248 0.07697007060050964 6261
1782931524252 0.09360538423061371 6262
1782931524257 0.05764944851398468 6263
1782931524260 0.052022721618413925 6264
1782931524263 0.0393814891576767 6265
1782931524267 0.11293374001979828 6266
1782931524271 0.26281705498695374 6267
1782931524274 0.061139438301324844 6268
1782931524277 0.1193070262670517 6269
1782931524281 0.10548308491706848 6270
1782931524285 0.06394324451684952 6271
1782931524288 0.009749741293489933 6272
1782931524292 0.03390037268400192 6273
1782931524295 0.20697006583213806 6274
1782931524299 0.3277648091316223 6275
1782931524302 0.028539469465613365 6276
1782931524306 0.026472803205251694 6277
1782931524309 0.17921894788742065 6278
1782931524313 0.25545209646224976 6279
1782931524316 0.14560535550117493 6280
1782931524319 0.17256347835063934 6281
1782931524323 0.07977178692817688 6282
1782931524327 0.0769573450088501 6283
1782931524331 0.04952976107597351 6284
1782931524334 0.08530139923095703 6285
1782931524338 0.18454544246196747 6286
1782931524341 0.023625081405043602 6287
1782931524344 0.023129286244511604 6288
1782931524348 0.13502027094364166 6289
1782931524351 0.07611408084630966 6290
1782931524355 0.014528291299939156 6291
1782931524359 0.06111748516559601 6292
1782931524362 0.052352894097566605 6293
1782931524365 0.1681755930185318 6294
1782931524369 0.08567947894334793 6295
1782931524372 0.05969754233956337 6296
1782931524376 0.1667366325855255 6297
1782931524379 0.100131094455719 6298
1782931524382 0.041992440819740295 6299
1782931524386 0.23144806921482086 6300
1782931524390 0.03168392553925514 6301
1782931524393 0.07891891151666641 6302
1782931524397 0.07942736893892288 6303
1782931524400 0.051956091076135635 6304
1782931524404 0.10547380149364471 6305
1782931524408 0.03577912226319313 6306
1782931524411 0.25090670585632324 6307
1782931524414 0.06431365758180618 6308
1782931524418 0.03356840834021568 6309
1782931524422 0.09244952350854874 6310
1782931524425 0.0803891122341156 6311
1782931524429 0.3223099410533905 6312
1782931524432 0.013519239611923695 6313
1782931524435 0.04120546579360962 6314
1782931524439 0.012489601038396358 6315
1782931524442 0.035672686994075775 6316
1782931524445 0.05603647232055664 6317
1782931524448 0.34725651144981384 6318
1782931524452 0.35996150970458984 6319
1782931524455 0.08776260912418365 6320
1782931524459 0.07886144518852234 6321
1782931524462 0.034022971987724304 6322
1782931524465 0.06268128007650375 6323
1782931524470 0.06361182779073715 6324
1782931524474 0.11934304982423782 6325
1782931524478 0.011945407837629318 6326
1782931524482 0.035851042717695236 6327
1782931524486 0.09592434018850327 6328
1782931524490 0.27440202236175537 6329
1782931524493 0.024952001869678497 6330
1782931524497 0.0781242847442627 6331
1782931524501 0.1282205730676651 6332
1782931524505 0.20045782625675201 6333
1782931524509 0.03730214387178421 6334
1782931524512 0.07215561717748642 6335
1782931524516 0.1296217441558838 6336
1782931524521 0.1347874104976654 6337
1782931524525 0.043068915605545044 6338
1782931524535 0.07331886142492294 6339
1782931524539 0.10561159253120422 6340
1782931524543 0.096638023853302 6341
1782931524553 0.10534629970788956 6342
1782931524557 0.022228935733437538 6343
1782931524560 0.12517447769641876 6344
1782931524564 0.04740790277719498 6345
1782931524567 0.060271456837654114 6346
1782931524572 0.038121312856674194 6347
1782931524576 0.05722702294588089 6348
1782931524579 0.07695931941270828 6349
1782931524582 0.0455961599946022 6350
1782931524586 0.10287722945213318 6351
1782931524590 0.09193412214517593 6352
1782931524593 0.16362690925598145 6353
1782931524596 0.40484219789505005 6354
1782931524599 0.11614036560058594 6355
1782931524603 0.061398692429065704 6356
1782931524612 0.11471635848283768 6357
1782931524640 0.03863672912120819 6358
1782931524643 0.0817752406001091 6359
1782931524647 0.02802588790655136 6360
1782931524650 0.0841033011674881 6361
1782931524654 0.12906530499458313 6362
1782931524657 0.11872166395187378 6363
1782931524661 0.010716966353356838 6364
1782931524664 0.06120572239160538 6365
1782931524667 0.12525156140327454 6366
1782931524671 0.02761165425181389 6367
1782931524675 0.13880346715450287 6368
1782931524678 0.027432776987552643 6369
1782931524681 0.5128116011619568 6370
1782931524685 0.021885579451918602 6371
1782931524689 0.18445217609405518 6372
1782931524692 0.10835479944944382 6373
1782931524695 0.017588794231414795 6374
1782931524699 0.031212570145726204 6375
1782931524702 0.07529274374246597 6376
1782931524706 0.17338433861732483 6377
1782931524709 0.18905341625213623 6378
1782931524713 0.2138053923845291 6379
1782931524716 0.03352921083569527 6380
1782931524719 0.12480227649211884 6381
1782931524723 0.051100973039865494 6382
1782931524727 0.01746169850230217 6383
1782931524730 0.30136629939079285 6384
1782931524733 0.17235364019870758 6385
1782931524737 0.06709408760070801 6386
1782931524740 0.027564559131860733 6387
1782931524744 0.20212723314762115 6388
1782931524747 0.07034418731927872 6389
1782931524750 0.03883730620145798 6390
1782931524754 0.06258916854858398 6391
1782931524757 0.04452579468488693 6392
1782931524760 0.11901874095201492 6393
1782931524764 0.11517756432294846 6394
1782931524767 0.043294649571180344 6395
1782931524771 0.1865372210741043 6396
1782931524774 0.042961470782756805 6397
1782931524778 0.04535119608044624 6398
1782931524781 0.01929645985364914 6399
1782931524784 0.09878990054130554 6400
1782931524788 0.05675417557358742 6401
1782931524795 0.02192067541182041 6402
1782931524802 0.3142571449279785 6403
1782931524812 0.07532608509063721 6404
1782931524820 0.11897268146276474 6405
1782931524826 0.017153166234493256 6406
1782931524829 0.12077804654836655 6407
1782931524832 0.08374723047018051 6408
1782931524836 0.043204180896282196 6409
1782931524840 0.09937116503715515 6410
1782931524843 0.12141677737236023 6411
1782931524846 0.1292983740568161 6412
1782931524850 0.05440720170736313 6413
1782931524853 0.10278434306383133 6414
1782931524857 0.22196991741657257 6415
1782931524861 0.07585663348436356 6416
1782931524864 0.04462137073278427 6417
1782931524867 0.12532439827919006 6418
1782931524871 0.014930875971913338 6419
1782931524874 0.12647919356822968 6420
1782931524878 0.06671300530433655 6421
1782931524881 0.01096661202609539 6422
1782931524885 0.10249996185302734 6423
1782931524890 0.04883395880460739 6424
1782931524893 0.16640545427799225 6425
1782931524896 0.03574127331376076 6426
1782931524900 0.06349124014377594 6427
1782931524904 0.03337539732456207 6428
1782931524907 0.09436901658773422 6429
1782931524911 0.10268691927194595 6430
1782931524914 0.011826150119304657 6431
1782931524919 0.04920874163508415 6432
1782931524923 0.4733632802963257 6433
1782931524926 0.1700046956539154 6434
1782931524930 0.11972060799598694 6435
1782931524933 0.05269535630941391 6436
1782931524938 0.009716887958347797 6437
1782931524941 0.07693696767091751 6438
1782931524945 0.09922962635755539 6439
1782931524949 0.07518300414085388 6440
1782931524952 0.0552121102809906 6441
1782931524956 0.128133624792099 6442
1782931524960 0.07957823574542999 6443
1782931524963 0.17407706379890442 6444
1782931524967 0.05380523204803467 6445
1782931524971 0.23517745733261108 6446
1782931524975 0.1036907508969307 6447
1782931524978 0.12930160760879517 6448
1782931524982 0.044558193534612656 6449
1782931524985 0.09466316550970078 6450
1782931524989 0.07831641286611557 6451
1782931524992 0.15926580131053925 6452
1782931524995 0.11553177982568741 6453
1782931524998 0.037157729268074036 6454
1782931525002 0.060725413262844086 6455
1782931525006 0.04286126792430878 6456
1782931525010 0.06799200922250748 6457
1782931525014 0.036838922649621964 6458
1782931525017 0.3180621564388275 6459
1782931525021 0.0382353700697422 6460
1782931525025 0.06452848017215729 6461
1782931525028 0.20707589387893677 6462
1782931525031 0.16870331764221191 6463
1782931525034 0.11520817130804062 6464
1782931525038 0.004826783202588558 6465
1782931525042 0.18509413301944733 6466
1782931525045 0.0539231076836586 6467
1782931525048 0.00998752936720848 6468
1782931525051 0.019840683788061142 6469
1782931525055 0.029277142137289047 6470
1782931525059 0.07480385899543762 6471
1782931525062 0.16262924671173096 6472
1782931525065 0.3325141668319702 6473
1782931525069 0.1444401890039444 6474
1782931525073 0.05122743919491768 6475
1782931525076 0.05248722806572914 6476
1782931525079 0.008777528069913387 6477
1782931525083 0.06302064657211304 6478
1782931525086 0.06720709055662155 6479
1782931525090 0.011418718844652176 6480
1782931525094 0.1615731418132782 6481
1782931525097 0.23649956285953522 6482
1782931525100 0.27467840909957886 6483
1782931525104 0.0813661441206932 6484
1782931525108 0.26168525218963623 6485
1782931525111 0.01735665835440159 6486
1782931525114 0.020647618919610977 6487
1782931525117 0.21837440133094788 6488
1782931525121 0.2823672890663147 6489
1782931525125 0.03778383508324623 6490
1782931525128 0.3101397156715393 6491
1782931525131 0.10600955784320831 6492
1782931525135 0.07317753881216049 6493
1782931525139 0.07306119799613953 6494
1782931525143 0.028508491814136505 6495
1782931525148 0.17913219332695007 6496
1782931525156 0.38713622093200684 6497
1782931525160 0.29644498229026794 6498
1782931525163 0.3946232497692108 6499
1782931525167 0.056272707879543304 6500
1782931525170 0.42786577343940735 6501
1782931525174 0.04801983758807182 6502
1782931525177 0.053172770887613297 6503
1782931525180 0.10448314994573593 6504
1782931525183 0.06273593008518219 6505
1782931525187 0.19290757179260254 6506
1782931525190 0.14050623774528503 6507
1782931525194 0.3058781027793884 6508
1782931525197 0.055242497473955154 6509
1782931525200 0.04111702740192413 6510
1782931525203 0.11066952347755432 6511
1782931525207 0.05187367647886276 6512
1782931525210 0.09781952947378159 6513
1782931525213 0.04047803208231926 6514
1782931525217 0.13085943460464478 6515
1782931525221 0.08408811688423157 6516
1782931525224 0.17503352463245392 6517
1782931525228 0.03224043548107147 6518
1782931525231 0.10422326624393463 6519
1782931525234 0.07062551379203796 6520
1782931525238 0.03288838267326355 6521
1782931525241 0.09784271568059921 6522
1782931525245 0.01644584909081459 6523
1782931525248 0.044141776859760284 6524
1782931525251 0.04202381148934364 6525
1782931525256 0.018015461042523384 6526
1782931525264 0.06300876289606094 6527
1782931525296 0.010257529094815254 6528
1782931525301 0.1045706644654274 6529
1782931525310 0.1304280012845993 6530
1782931525314 0.0443645715713501 6531
1782931525445 0.06078583374619484 6532
1782931525459 0.16106125712394714 6533
1782931525463 0.18625816702842712 6534
1782931525469 0.10785450041294098 6535
1782931525473 0.0021731392480432987 6536
1782931525477 0.027720889076590538 6537
1782931525479 0.09158939123153687 6538
1782931525482 0.023153413087129593 6539
1782931525486 0.02165941148996353 6540
1782931525489 0.04044916108250618 6541
1782931525492 0.10959268361330032 6542
1782931525496 0.053680822253227234 6543
1782931525498 0.16910560429096222 6544
1782931525501 0.18788675963878632 6545
1782931525504 0.033883094787597656 6546
1782931525507 0.11490783840417862 6547
1782931525509 0.25410547852516174 6548
1782931525512 0.048441506922245026 6549
1782931525524 0.17348307371139526 6550
1782931525527 0.10659918189048767 6551
1782931525529 0.056975364685058594 6552
1782931525532 0.09440077841281891 6553
1782931525534 0.027904318645596504 6554
1782931525537 0.07914286851882935 6555
1782931525540 0.014131233096122742 6556
1782931525542 0.1166573017835617 6557
1782931525544 0.10393744707107544 6558
1782931525547 0.06595778465270996 6559
1782931525549 0.24120743572711945 6560
1782931525552 0.05836854502558708 6561
1782931525555 0.1259675770998001 6562
1782931525557 0.2201046347618103 6563
1782931525560 0.03338071331381798 6564
1782931525562 0.12266020476818085 6565
1782931525565 0.08753518760204315 6566
1782931525568 0.04212399944663048 6567
1782931525571 0.03937266767024994 6568
1782931525575 0.05850125104188919 6569
1782931525578 0.03133613243699074 6570
1782931525581 0.12023168802261353 6571
1782931525584 0.09604731947183609 6572
1782931525588 0.02415388822555542 6573
1782931525590 0.27323052287101746 6574
1782931525593 0.02164105512201786 6575
1782931525595 0.01968829706311226 6576
1782931525599 0.07021903991699219 6577
1782931525601 0.007095322944223881 6578
1782931525604 0.22428250312805176 6579
1782931525607 0.31924405694007874 6580
1782931525610 0.09555932879447937 6581
1782931525612 0.028820091858506203 6582
1782931525614 0.01875310018658638 6583
1782931525617 0.025241080671548843 6584
1782931525620 0.26817142963409424 6585
1782931525623 0.12585948407649994 6586
1782931525625 0.03174655884504318 6587
1782931525628 0.04706461727619171 6588
1782931525630 0.12729321420192719 6589
1782931525633 0.030850205570459366 6590
1782931525636 0.34654638171195984 6591
1782931525639 0.09814497828483582 6592
1782931525642 0.1513405442237854 6593
1782931525644 0.010832488536834717 6594
1782931525647 0.014766450971364975 6595
1782931525649 0.015696341171860695 6596
1782931525653 0.23937644064426422 6597
1782931525657 0.13646601140499115 6598
1782931525660 0.10887695848941803 6599
1782931525662 0.041723981499671936 6600
1782931525665 0.17178526520729065 6601
1782931525667 0.021603640168905258 6602
1782931525670 0.21128398180007935 6603
1782931525673 0.12619343400001526 6604
1782931525676 0.11740998923778534 6605
1782931525679 0.40795841813087463 6606
1782931525681 0.09964433312416077 6607
1782931525684 0.0064064497128129005 6608
1782931525687 0.07420901954174042 6609
1782931525690 0.18203002214431763 6610
1782931525693 0.10184852033853531 6611
1782931525695 0.043654609471559525 6612
1782931525698 0.03009856306016445 6613
1782931525700 0.06677602231502533 6614
1782931525708 0.15274693071842194 6615
1782931525712 0.11756465584039688 6616
1782931525716 0.05505413934588432 6617
1782931525719 0.06841477006673813 6618
1782931525723 0.007921921089291573 6619
1782931525728 0.08361385017633438 6620
1782931525735 0.08397699892520905 6621
1782931525748 0.07794447988271713 6622
1782931525752 0.22530904412269592 6623
1782931525756 0.31597602367401123 6624
1782931525760 0.02896799147129059 6625
1782931525763 0.14654532074928284 6626
1782931525768 0.03412908688187599 6627
1782931525772 0.06257301568984985 6628
1782931525776 0.10279713571071625 6629
1782931525779 0.07260293513536453 6630
1782931525783 0.3009382486343384 6631
1782931525786 0.0908985435962677 6632
1782931525790 0.08494824916124344 6633
1782931525793 0.03280709683895111 6634
1782931525797 0.01998939737677574 6635
1782931525800 0.17141123116016388 6636
1782931525804 0.018355127424001694 6637
1782931525807 0.22988294064998627 6638
1782931525812 0.1218888908624649 6639
1782931525815 0.015893464908003807 6640
1782931525820 0.09610921144485474 6641
1782931525825 0.028614986687898636 6642
1782931525828 0.059440162032842636 6643
1782931525831 0.16845521330833435 6644
1782931525837 0.038104526698589325 6645
1782931525842 0.05903049185872078 6646
1782931525846 0.028674794360995293 6647
1782931525849 0.027141617611050606 6648
1782931525853 0.07566286623477936 6649
1782931525858 0.06501170247793198 6650
1782931525861 0.14967027306556702 6651
1782931525865 0.2082280069589615 6652
1782931525868 0.08245439827442169 6653
1782931525872 0.10870541632175446 6654
1782931525876 0.04877098649740219 6655
1782931525879 0.011538203805685043 6656
1782931525882 0.13344214856624603 6657
1782931525886 0.11314213275909424 6658
1782931525890 0.07657010108232498 6659
1782931525894 0.08023466914892197 6660
1782931525898 0.24928788840770721 6661
1782931525901 0.27652737498283386 6662
1782931525905 0.1019456535577774 6663
1782931525909 0.11003910005092621 6664
1782931525912 0.12300537526607513 6665
1782931525916 0.18891602754592896 6666
1782931525919 0.1354207992553711 6667
1782931525923 0.16125614941120148 6668
1782931525926 0.09549354761838913 6669
1782931525930 0.11189313232898712 6670
1782931525933 0.04403175786137581 6671
1782931525937 0.2536467909812927 6672
1782931525940 0.07815781980752945 6673
1782931525944 0.1272154301404953 6674
1782931525948 0.09799419343471527 6675
1782931525953 0.021395742893218994 6676
1782931525956 0.2551220655441284 6677
1782931525960 0.029332686215639114 6678
1782931525963 0.04822126775979996 6679
1782931525968 0.10086451470851898 6680
1782931525972 0.05909132957458496 6681
1782931525975 0.04720476642251015 6682
1782931525979 0.14061801135540009 6683
1782931525983 0.024377325549721718 6684
1782931525986 0.005890404339879751 6685
1782931525990 0.07645735144615173 6686
1782931525993 0.44723010063171387 6687
1782931525997 0.0600278340280056 6688
1782931526000 0.04936237260699272 6689
1782931526004 0.018504753708839417 6690
1782931526008 0.08681463450193405 6691
1782931526011 0.19104158878326416 6692
1782931526014 0.030448704957962036 6693
1782931526018 0.03617071732878685 6694
1782931526021 0.06667159497737885 6695
1782931526025 0.019646307453513145 6696
1782931526030 0.017728112637996674 6697
1782931526034 0.3510565161705017 6698
1782931526038 0.06038537248969078 6699
1782931526042 0.032615914940834045 6700
1782931526045 0.084584541618824 6701
1782931526049 0.022084051743149757 6702
1782931526053 0.06333538889884949 6703
1782931526057 0.004259311128407717 6704
1782931526062 0.15475384891033173 6705
1782931526066 0.04215336591005325 6706
1782931526070 0.06781380623579025 6707
1782931526075 0.1976550817489624 6708
1782931526078 0.04113302007317543 6709
1782931526081 0.032208748161792755 6710
1782931526086 0.18357542157173157 6711
1782931526089 0.08315327763557434 6712
1782931526093 0.013241383247077465 6713
1782931526096 0.06203967705368996 6714
1782931526099 0.1988496482372284 6715
1782931526110 0.08410773426294327 6716
1782931526114 0.05897172540426254 6717
1782931526120 0.02238616906106472 6718
1782931526124 0.3159608542919159 6719
1782931526132 0.23643365502357483 6720
1782931526137 0.29754966497421265 6721
1782931526140 0.06419642269611359 6722
1782931526144 0.18846680223941803 6723
1782931526148 0.06913638859987259 6724
1782931526153 0.05355646461248398 6725
1782931526164 0.04894397780299187 6726
1782931526168 0.07818305492401123 6727
1782931526173 0.0686437115073204 6728
1782931526177 0.04415670037269592 6729
1782931526180 0.01956763118505478 6730
1782931526184 0.20539332926273346 6731
1782931526188 0.30827662348747253 6732
1782931526192 0.06401804834604263 6733
1782931526196 0.07193872332572937 6734
1782931526199 0.04510995000600815 6735
1782931526204 0.10161899775266647 6736
1782931526208 0.1056050956249237 6737
1782931526212 0.05148661509156227 6738
1782931526216 0.044773370027542114 6739
1782931526222 0.00550547381862998 6740
1782931526226 0.152230367064476 6741
1782931526231 0.055691540241241455 6742
1782931526235 0.16366572678089142 6743
1782931526240 0.2653428614139557 6744
1782931526244 0.009593535214662552 6745
1782931526248 0.050592485815286636 6746
1782931526254 0.034929461777210236 6747
1782931526258 0.06630939245223999 6748
1782931526261 0.27548837661743164 6749
1782931526264 0.007610708940774202 6750
1782931526268 0.11270271241664886 6751
1782931526272 0.24181345105171204 6752
1782931526276 0.037969160825014114 6753
1782931526279 0.25374796986579895 6754
1782931526283 0.03014562278985977 6755
1782931526294 0.012182217091321945 6756
1782931526300 0.13923469185829163 6757
1782931526307 0.1382877081632614 6758
1782931526314 0.08138074725866318 6759
1782931526320 0.210744246840477 6760
1782931526341 0.24998340010643005 6761
1782931526347 0.020500423386693 6762
1782931526351 0.16256794333457947 6763
1782931526356 0.010843160562217236 6764
1782931526360 0.05486023798584938 6765
1782931526364 0.12726059556007385 6766
1782931526368 0.1819993257522583 6767
1782931526372 0.12165363132953644 6768
1782931526376 0.03384176269173622 6769
1782931526379 0.1151089295744896 6770
1782931526383 0.2027607262134552 6771
1782931526387 0.05539277568459511 6772
1782931526391 0.22452464699745178 6773
1782931526394 0.15734201669692993 6774
1782931526398 0.27752867341041565 6775
1782931526402 0.18751998245716095 6776
1782931526406 0.08588264882564545 6777
1782931526410 0.05988539010286331 6778
1782931526414 0.11239543557167053 6779
1782931526420 0.15392842888832092 6780
1782931526424 0.19986578822135925 6781
1782931526428 0.16101732850074768 6782
1782931526433 0.3318532705307007 6783
1782931526438 0.12476547807455063 6784
1782931526442 0.0887734666466713 6785
1782931526445 0.2742776870727539 6786
1782931526448 0.13627715408802032 6787
1782931526453 0.025410102680325508 6788
1782931526457 0.02864506095647812 6789
1782931526460 0.14527073502540588 6790
1782931526464 0.1227240040898323 6791
1782931526469 0.01448909379541874 6792
1782931526473 0.038916174322366714 6793
1782931526476 0.07084908336400986 6794
1782931526480 0.36900386214256287 6795
1782931526484 0.2493695318698883 6796
1782931526489 0.18977725505828857 6797
1782931526493 0.2697949707508087 6798
1782931526496 0.023550424724817276 6799
1782931526500 0.08959394693374634 6800
1782931526504 0.055326178669929504 6801
1782931526509 0.042374126613140106 6802
1782931526512 0.16022616624832153 6803
1782931526516 0.2956089973449707 6804
1782931526520 0.08609088510274887 6805
1782931526524 0.08406855165958405 6806
1782931526529 0.08355072885751724 6807
1782931526532 0.023090971633791924 6808
1782931526536 0.0936400294303894 6809
1782931526540 0.12486379593610764 6810
1782931526544 0.1820152997970581 6811
1782931526548 0.02432508021593094 6812
1782931526552 0.12398471683263779 6813
1782931526556 0.04039517790079117 6814
1782931526560 0.36903658509254456 6815
1782931526565 0.017841262742877007 6816
1782931526568 0.2260475605726242 6817
1782931526572 0.025560205802321434 6818
1782931526576 0.01948842778801918 6819
1782931526580 0.02466437965631485 6820
1782931526584 0.02877086028456688 6821
1782931526588 0.03913024812936783 6822
1782931526592 0.03537103161215782 6823
1782931526597 0.035045091062784195 6824
1782931526601 0.03593045100569725 6825
1782931526605 0.2654087245464325 6826
1782931526609 0.25104010105133057 6827
1782931526612 0.05556519329547882 6828
1782931526616 0.16760322451591492 6829
1782931526619 0.09110528975725174 6830
1782931526623 0.00753756333142519 6831
1782931526627 0.018955247476696968 6832
1782931526631 0.17566585540771484 6833
1782931526636 0.007791395764797926 6834
1782931526640 0.09303922951221466 6835
1782931526644 0.08367180824279785 6836
1782931526647 0.09094584733247757 6837
1782931526650 0.23104585707187653 6838
1782931526655 0.10575778782367706 6839
1782931526659 0.04755532741546631 6840
1782931526662 0.007057507522404194 6841
1782931526666 0.11942443996667862 6842
1782931526670 0.024055467918515205 6843
1782931526673 0.015767710283398628 6844
1782931526677 0.05798685923218727 6845
1782931526680 0.15905405580997467 6846
1782931526684 0.016278229653835297 6847
1782931526691 0.02250644750893116 6848
1782931526695 0.02355954609811306 6849
1782931526698 0.10525012761354446 6850
1782931526701 0.06075603514909744 6851
1782931526706 0.017145009711384773 6852
1782931526709 0.029080336913466454 6853
1782931526713 0.062434229999780655 6854
1782931526716 0.12351490557193756 6855
1782931526719 0.031583093106746674 6856
1782931526724 0.025443803519010544 6857
1782931526727 0.06903628259897232 6858
1782931526731 0.055155202746391296 6859
1782931526735 0.08194530755281448 6860
1782931526739 0.02257557399570942 6861
1782931526742 0.06408119946718216 6862
1782931526746 0.3465653359889984 6863
1782931526749 0.19406527280807495 6864
1782931526753 0.0870799869298935 6865
1782931526757 0.11173225939273834 6866
1782931526760 0.07333839684724808 6867
1782931526764 0.1269538253545761 6868
1782931526768 0.08823273330926895 6869
1782931526772 0.038409892469644547 6870
1782931526776 0.05157795548439026 6871
1782931526780 0.03437977656722069 6872
1782931526783 0.06207967549562454 6873
1782931526787 0.033515289425849915 6874
1782931526791 0.1179266944527626 6875
1782931526794 0.09638077765703201 6876
1782931526798 0.020103687420487404 6877
1782931526802 0.02673690766096115 6878
1782931526806 0.008357623592019081 6879
1782931526809 0.1465098261833191 6880
1782931526813 0.07063361257314682 6881
1782931526816 0.14642170071601868 6882
1782931526821 0.05232579633593559 6883
1782931526825 0.3196321129798889 6884
1782931526829 0.00785866566002369 6885
1782931526832 0.02933342568576336 6886
1782931526836 0.03290843963623047 6887
1782931526841 0.15871287882328033 6888
1782931526844 0.032378003001213074 6889
1782931526848 0.021958187222480774 6890
1782931526856 0.08351936936378479 6891
1782931526860 0.015534508042037487 6892
1782931526864 0.1903434693813324 6893
1782931526868 0.04519388824701309 6894
1782931526872 0.2677308917045593 6895
1782931526877 0.05548343062400818 6896
1782931526880 0.05892292037606239 6897
1782931526885 0.07547349482774734 6898
1782931526889 0.07153668254613876 6899
1782931526892 0.17224596440792084 6900
1782931526895 0.4607180655002594 6901
1782931526900 0.07334236800670624 6902
1782931526904 0.04241609573364258 6903
1782931526907 0.0686895102262497 6904
1782931526911 0.1166650578379631 6905
1782931526914 0.08675257861614227 6906
1782931526918 0.029862087219953537 6907
1782931526922 0.0993240624666214 6908
1782931526926 0.3170783817768097 6909
1782931526930 0.017948415130376816 6910
1782931526933 0.17454533278942108 6911
1782931526937 0.042842525988817215 6912
1782931526941 0.06909199804067612 6913
1782931526945 0.07286572456359863 6914
1782931526949 0.06110893562436104 6915
1782931526952 0.2586997151374817 6916
1782931526956 0.008622325025498867 6917
1782931526959 0.013876024633646011 6918
1782931526963 0.07131583988666534 6919
1782931526966 0.07734746485948563 6920
1782931526970 0.024009641259908676 6921
1782931526974 0.05854751169681549 6922
1782931526978 0.01729557290673256 6923
1782931526981 0.16499879956245422 6924
1782931526985 0.0802726000547409 6925
1782931526989 0.023494983091950417 6926
1782931526992 0.028505105525255203 6927
1782931526997 0.019863814115524292 6928
1782931527000 0.049113161861896515 6929
1782931527003 0.04894230142235756 6930
1782931527007 0.0233263298869133 6931
1782931527010 0.058923911303281784 6932
1782931527014 0.03981141373515129 6933
1782931527018 0.02619115822017193 6934
1782931527022 0.01088164746761322 6935
1782931527026 0.023404007777571678 6936
1782931527029 0.06934801489114761 6937
1782931527033 0.23565773665905 6938
1782931527037 0.015100684016942978 6939
1782931527041 0.10323576629161835 6940
1782931527045 0.09551779180765152 6941
1782931527048 0.03736665099859238 6942
1782931527051 0.0859135091304779 6943
1782931527055 0.10691459476947784 6944
1782931527059 0.06294799596071243 6945
1782931527062 0.005744045600295067 6946
1782931527066 0.07133857160806656 6947
1782931527069 0.047981373965740204 6948
1782931527073 0.03428968787193298 6949
1782931527076 0.06951555609703064 6950
1782931527080 0.02378031797707081 6951
1782931527083 0.0410354807972908 6952
1782931527088 0.02150861732661724 6953
1782931527091 0.007895389571785927 6954
1782931527095 0.028930000960826874 6955
1782931527098 0.3165421783924103 6956
1782931527103 0.1151067242026329 6957
1782931527106 0.09183896332979202 6958
1782931527110 0.06966594606637955 6959
1782931527114 0.5562387704849243 6960
1782931527118 0.2873474657535553 6961
1782931527124 0.04203442484140396 6962
1782931527128 0.044543683528900146 6963
1782931527132 0.037629175931215286 6964
1782931527137 0.017193656414747238 6965
1782931527140 0.07982049137353897 6966
1782931527144 0.026044709607958794 6967
1782931527147 0.08170851320028305 6968
1782931527151 0.007984383031725883 6969
1782931527154 0.17376163601875305 6970
1782931527158 0.2803361415863037 6971
1782931527161 0.200309619307518 6972
1782931527165 0.02198457159101963 6973
1782931527170 0.1119559034705162 6974
1782931527176 0.03601106256246567 6975
1782931527180 0.38671231269836426 6976
1782931527184 0.018014876171946526 6977
1782931527188 0.17726297676563263 6978
1782931527191 0.021287616342306137 6979
1782931527195 0.011587177403271198 6980
1782931527198 0.01837850734591484 6981
1782931527203 0.08719149231910706 6982
1782931527207 0.10119234770536423 6983
1782931527211 0.0615374892950058 6984
1782931527215 0.16122515499591827 6985
1782931527218 0.017680484801530838 6986
1782931527222 0.28296756744384766 6987
1782931527225 0.004922670777887106 6988
1782931527229 0.03342565521597862 6989
1782931527232 0.010674518533051014 6990
1782931527235 0.09724678099155426 6991
1782931527240 0.3834557831287384 6992
1782931527243 0.00831580813974142 6993
1782931527246 0.09493140131235123 6994
1782931527249 0.061161864548921585 6995
1782931527253 0.16730563342571259 6996
1782931527257 0.14177252352237701 6997
1782931527260 0.1441459357738495 6998
1782931527264 0.03042610175907612 6999
1782931527269 0.10889017581939697 7000
1782931527273 0.11878733336925507 7001
1782931527276 0.11622549593448639 7002
1782931527281 0.01851765625178814 7003
1782931527284 0.05767582729458809 7004
1782931527288 0.043259210884571075 7005
1782931527292 0.02284400165081024 7006
1782931527295 0.06166738271713257 7007
1782931527299 0.19813953340053558 7008
1782931527302 0.41633710265159607 7009
1782931527306 0.2650471329689026 7010
1782931527309 0.14991019666194916 7011
1782931527313 0.0733693316578865 7012
1782931527316 0.06940864771604538 7013
1782931527320 0.16929811239242554 7014
1782931527324 0.3676600456237793 7015
1782931527327 0.09495919197797775 7016
1782931527331 0.1079176738858223 7017
1782931527335 0.11068763583898544 7018
1782931527338 0.21480946242809296 7019
1782931527343 0.08004355430603027 7020
1782931527346 0.11269425600767136 7021
1782931527350 0.10176852345466614 7022
1782931527356 0.08305682986974716 7023
1782931527359 0.015131133608520031 7024
1782931527363 0.07276162505149841 7025
1782931527366 0.1548534780740738 7026
1782931527370 0.09467749297618866 7027
1782931527373 0.09003415703773499 7028
1782931527377 0.05229616537690163 7029
1782931527379 0.024506911635398865 7030
1782931527384 0.027640968561172485 7031
1782931527389 0.08268716931343079 7032
1782931527393 0.0578087754547596 7033
1782931527398 0.031194210052490234 7034
1782931527402 0.07938220351934433 7035
1782931527405 0.0421486422419548 7036
1782931527409 0.06534932553768158 7037
1782931527412 0.0680483803153038 7038
1782931527416 0.24154017865657806 7039
1782931527420 0.048886705189943314 7040
1782931527424 0.20795391499996185 7041
1782931527428 0.31484994292259216 7042
1782931527431 0.05602600798010826 7043
1782931527434 0.0260198675096035 7044
1782931527438 0.048795223236083984 7045
1782931527442 0.3886728286743164 7046
1782931527447 0.015967609360814095 7047
1782931527451 0.10059933364391327 7048
1782931527455 0.012363619171082973 7049
1782931527458 0.14461399614810944 7050
1782931527462 0.026560550555586815 7051
1782931527465 0.14155170321464539 7052
1782931527471 0.10990418493747711 7053
1782931527475 0.016038179397583008 7054
1782931527478 0.08636590093374252 7055
1782931527482 0.15368638932704926 7056
1782931527487 0.05451212078332901 7057
1782931527492 0.1126963198184967 7058
1782931527495 0.05043267086148262 7059
1782931527499 0.08573085814714432 7060
1782931527503 0.07125706225633621 7061
1782931527508 0.0125766322016716 7062
1782931527511 0.06980466097593307 7063
1782931527515 0.4506227374076843 7064
1782931527518 0.16877169907093048 7065
1782931527522 0.1424502432346344 7066
1782931527526 0.05731561779975891 7067
1782931527529 0.019454525783658028 7068
1782931527532 0.2112649381160736 7069
1782931527537 0.1368117332458496 7070
1782931527541 0.07345253974199295 7071
1782931527544 0.03132284805178642 7072
1782931527548 0.2341230809688568 7073
1782931527552 0.06343207508325577 7074
1782931527557 0.2264489233493805 7075
1782931527560 0.15131962299346924 7076
1782931527564 0.08202491700649261 7077
1782931527569 0.033780112862586975 7078
1782931527573 0.18106013536453247 7079
1782931527576 0.6048544645309448 7080
1782931527579 0.05690298601984978 7081
1782931527583 0.16243897378444672 7082
1782931527587 0.06759753078222275 7083
1782931527592 0.29272574186325073 7084
1782931527595 0.06584318727254868 7085
1782931527599 0.11460883170366287 7086
1782931527602 0.06207118183374405 7087
1782931527606 0.05947574973106384 7088
1782931527610 0.03738807141780853 7089
1782931527613 0.11279086023569107 7090
1782931527616 0.09032812714576721 7091
1782931527620 0.0297208521515131 7092
1782931527623 0.11332844197750092 7093
1782931527627 0.011325539089739323 7094
1782931527631 0.09757005423307419 7095
1782931527634 0.03908299282193184 7096
1782931527638 0.3245726227760315 7097
1782931527642 0.10840868949890137 7098
1782931527645 0.02544572204351425 7099
1782931527649 0.024378085508942604 7100
1782931527652 0.004978824872523546 7101
1782931527656 0.13086867332458496 7102
1782931527660 0.008593554608523846 7103
1782931527663 0.010571565479040146 7104
1782931527667 0.021152745932340622 7105
1782931527670 0.07374776899814606 7106
1782931527674 0.24289517104625702 7107
1782931527677 0.03829573839902878 7108
1782931527681 0.1025867909193039 7109
1782931527684 0.18622921407222748 7110
1782931527689 0.17073297500610352 7111
1782931527693 0.2637649178504944 7112
1782931527698 0.2169383019208908 7113
1782931527701 0.010906800627708435 7114
1782931527706 0.06044519320130348 7115
1782931527709 0.012288193218410015 7116
1782931527712 0.13765305280685425 7117
1782931527716 0.16032275557518005 7118
1782931527719 0.19635158777236938 7119
1782931527723 0.05727911368012428 7120
1782931527727 0.2280457317829132 7121
1782931527730 0.030014611780643463 7122
1782931527733 0.022531840950250626 7123
1782931527737 0.11498035490512848 7124
1782931527741 0.013871483504772186 7125
1782931527744 0.004198416136205196 7126
1782931527748 0.05265653878450394 7127
1782931527751 0.015390249900519848 7128
1782931527755 0.10001839697360992 7129
1782931527759 0.18096011877059937 7130
1782931527762 0.04486064985394478 7131
1782931527766 0.23641833662986755 7132
1782931527771 0.24030879139900208 7133
1782931527779 0.04738209769129753 7134
1782931527783 0.03569003567099571 7135
1782931527788 0.01689627766609192 7136
1782931527792 0.15713384747505188 7137
1782931527795 0.1916690468788147 7138
1782931527798 0.024723244830965996 7139
1782931527802 0.1891831010580063 7140
1782931527806 0.14919453859329224 7141
1782931527825 0.10557474941015244 7142
1782931527831 0.11539465934038162 7143
1782931527855 0.020890487357974052 7144
1782931527858 0.2833179235458374 7145
1782931527862 0.10693563520908356 7146
1782931527865 0.15859147906303406 7147
1782931527868 0.08815599977970123 7148
1782931527873 0.07736475765705109 7149
1782931527876 0.1761663556098938 7150
1782931527880 0.07223708182573318 7151
1782931527883 0.016819115728139877 7152
1782931527887 0.18670977652072906 7153
1782931527891 0.06326540559530258 7154
1782931527894 0.010847963392734528 7155
1782931527897 0.41963285207748413 7156
1782931527901 0.1978459358215332 7157
1782931527905 0.32716381549835205 7158
1782931527908 0.22293761372566223 7159
1782931527912 0.03923259675502777 7160
1782931527915 0.03526795282959938 7161
1782931527918 0.2994517385959625 7162
1782931527922 0.047740668058395386 7163
1782931527926 0.07436035573482513 7164
1782931527929 0.24896396696567535 7165
1782931527933 0.017363291233778 7166
1782931527937 0.051209162920713425 7167
1782931527941 0.19973686337471008 7168
1782931527944 0.12076624482870102 7169
1782931527947 0.07267838716506958 7170
1782931527951 0.06889565289020538 7171
1782931527955 0.4659627079963684 7172
1782931527959 0.009452858939766884 7173
1782931527962 0.19867882132530212 7174
1782931527966 0.09384944289922714 7175
1782931527969 0.019826849922537804 7176
1782931527973 0.057942312210798264 7177
1782931527976 0.04607715830206871 7178
1782931527980 0.04100200906395912 7179
1782931527984 0.1182570606470108 7180
1782931527989 0.10882269591093063 7181
1782931527995 0.12407518178224564 7182
1782931527998 0.14107421040534973 7183
1782931528003 0.019486894831061363 7184
1782931528007 0.05039317533373833 7185
1782931528011 0.2788073718547821 7186
1782931528014 0.5854794979095459 7187
1782931528018 0.26244640350341797 7188
1782931528022 0.12452799081802368 7189
1782931528025 0.009576329961419106 7190
1782931528029 0.01558360829949379 7191
1782931528032 0.030344434082508087 7192
1782931528036 0.4697898030281067 7193
1782931528040 0.19259965419769287 7194
1782931528044 0.03954016789793968 7195
1782931528047 0.34873712062835693 7196
1782931528051 0.1354459524154663 7197
1782931528056 0.43211981654167175 7198
1782931528059 0.10516984760761261 7199
1782931528062 0.0354963093996048 7200
1782931528066 0.09700975567102432 7201
1782931528070 0.013826646842062473 7202
1782931528073 0.1431002914905548 7203
1782931528077 0.1944604068994522 7204
1782931528080 0.02494640462100506 7205
1782931528084 0.06846975535154343 7206
1782931528087 0.1110490933060646 7207
1782931528091 0.03482215479016304 7208
1782931528095 0.020354479551315308 7209
1782931528098 0.014884051866829395 7210
1782931528102 0.09174498915672302 7211
1782931528106 0.11369620263576508 7212
1782931528110 0.2342345416545868 7213
1782931528114 0.03837958350777626 7214
1782931528119 0.03285888209939003 7215
1782931528126 0.010595329105854034 7216
1782931528130 0.11563494056463242 7217
1782931528133 0.09574134647846222 7218
1782931528137 0.021829895675182343 7219
1782931528141 0.11417661607265472 7220
1782931528144 0.01937946118414402 7221
1782931528148 0.043539829552173615 7222
1782931528151 0.045069869607686996 7223
1782931528155 0.020985113456845284 7224
1782931528163 0.17784039676189423 7225
1782931528166 0.023941397666931152 7226
1782931528170 0.08186663687229156 7227
1782931528178 0.024142447859048843 7228
1782931528181 0.055107180029153824 7229
1782931528186 0.015248622745275497 7230
1782931528190 0.1220630332827568 7231
1782931528194 0.11870410293340683 7232
1782931528197 0.02543739601969719 7233
1782931528202 0.10079770535230637 7234
1782931528207 0.023220982402563095 7235
1782931528210 0.02065124362707138 7236
1782931528214 0.013160773552954197 7237
1782931528220 0.22637419402599335 7238
1782931528225 0.43965715169906616 7239
1782931528228 0.046961329877376556 7240
1782931528232 0.2345190793275833 7241
1782931528235 0.013039941899478436 7242
1782931528239 0.007966168224811554 7243
1782931528242 0.16805334389209747 7244
1782931528246 0.06038425490260124 7245
1782931528249 0.20439815521240234 7246
1782931528254 0.1364697962999344 7247
1782931528257 0.1356375813484192 7248
1782931528262 0.07090606540441513 7249
1782931528265 0.030340056866407394 7250
1782931528269 0.10957461595535278 7251
1782931528273 0.04874981939792633 7252
1782931528278 0.10077767819166183 7253
1782931528281 0.045952748507261276 7254
1782931528285 0.17296560108661652 7255
1782931528291 0.004584623966366053 7256
1782931528310 0.21132758259773254 7257
1782931528316 0.04773608595132828 7258
1782931528324 0.025976266711950302 7259
1782931528359 0.015501720830798149 7260
1782931528364 0.009836237877607346 7261
1782931528367 0.06475425511598587 7262
1782931528371 0.1232445165514946 7263
1782931528375 0.01285251323133707 7264
1782931528380 0.12822793424129486 7265
1782931528383 0.011721123941242695 7266
1782931528386 0.028944117948412895 7267
1782931528389 0.07514555752277374 7268
1782931528393 0.033900510519742966 7269
1782931528396 0.06429832428693771 7270
1782931528399 0.16987083852291107 7271
1782931528404 0.12551721930503845 7272
1782931528407 0.03586376830935478 7273
1782931528411 0.03632410615682602 7274
1782931528415 0.14155767858028412 7275
1782931528418 0.25982344150543213 7276
1782931528421 0.23410570621490479 7277
1782931528425 0.13505619764328003 7278
1782931528428 0.331687867641449 7279
1782931528451 0.09978263080120087 7280
1782931528456 0.01755490154027939 7281
1782931528459 0.019390728324651718 7282
1782931528464 0.066485695540905 7283
1782931528467 0.009873834438621998 7284
1782931528470 0.05972059816122055 7285
1782931528474 0.20272168517112732 7286
1782931528477 0.191941037774086 7287
1782931528480 0.19843406975269318 7288
1782931528483 0.04533610865473747 7289
1782931528487 0.08190710097551346 7290
1782931528491 0.07028818130493164 7291
1782931528494 0.036753688007593155 7292
1782931528497 0.0693555623292923 7293
1782931528501 0.13297303020954132 7294
1782931528505 0.25496140122413635 7295
1782931528509 0.04507128894329071 7296
1782931528513 0.1005544662475586 7297
1782931528518 0.09778611361980438 7298
1782931528522 0.1327923983335495 7299
1782931528525 0.023231659084558487 7300
1782931528529 0.15860290825366974 7301
1782931528532 0.0447603240609169 7302
1782931528535 0.05990277975797653 7303
1782931528539 0.22103911638259888 7304
1782931528542 0.018333908170461655 7305
1782931528547 0.24283525347709656 7306
1782931528551 0.04452788084745407 7307
1782931528554 0.3006109297275543 7308
1782931528558 0.06400750577449799 7309
1782931528561 0.10960106551647186 7310
1782931528563 0.044532448053359985 7311
1782931528566 0.11387817561626434 7312
1782931528568 0.0666099265217781 7313
1782931528571 0.03444067761301994 7314
1782931528574 0.011724118143320084 7315
1782931528578 0.05691906437277794 7316
1782931528581 0.24286366999149323 7317
1782931528583 0.3730331063270569 7318
1782931528587 0.08781205862760544 7319
1782931528590 0.24371352791786194 7320
1782931528593 0.05140233412384987 7321
1782931528595 0.06778711825609207 7322
1782931528598 0.013321693055331707 7323
1782931528600 0.0257404912263155 7324
1782931528603 0.032044459134340286 7325
1782931528606 0.018719764426350594 7326
1782931528608 0.06542308628559113 7327
1782931528611 0.015160583890974522 7328
1782931528613 0.08867324143648148 7329
1782931528616 0.02814917080104351 7330
1782931528619 0.09104350954294205 7331
1782931528621 0.05004143342375755 7332
1782931528624 0.0870872512459755 7333
1782931528630 0.09567428380250931 7334
1782931528633 0.09469260275363922 7335
1782931528635 0.04044590890407562 7336
1782931528638 0.03794950619339943 7337
1782931528641 0.09299842268228531 7338
1782931528646 0.13576628267765045 7339
1782931528649 0.07271528989076614 7340
1782931528652 0.039622485637664795 7341
1782931528654 0.1097232922911644 7342
1782931528657 0.03734176233410835 7343
1782931528665 0.18495427072048187 7344
1782931528667 0.43377402424812317 7345
1782931528670 0.13830558955669403 7346
1782931528673 0.3170618414878845 7347
1782931528679 0.23701193928718567 7348
1782931528682 0.0966738760471344 7349
1782931528685 0.069742351770401 7350
1782931528688 0.0903681069612503 7351
1782931528690 0.025907889008522034 7352
1782931528693 0.07725256681442261 7353
1782931528695 0.08181039988994598 7354
1782931528698 0.2239549309015274 7355
1782931528701 0.02944565750658512 7356
1782931528704 0.11415021121501923 7357
1782931528707 0.04733087122440338 7358
1782931528709 0.15968118607997894 7359
1782931528712 0.049082498997449875 7360
1782931528715 0.01458024326711893 7361
1782931528717 0.011371894739568233 7362
1782931528720 0.056578002870082855 7363
1782931528723 0.09044352173805237 7364
1782931528726 0.015179499052464962 7365
1782931528728 0.0495084747672081 7366
1782931528731 0.042832523584365845 7367
1782931528733 0.09915614128112793 7368
1782931528736 0.026183804497122765 7369
1782931528739 0.10645042359828949 7370
1782931528742 0.4570784866809845 7371
1782931528745 0.3586355447769165 7372
1782931528747 0.041250139474868774 7373
1782931528750 0.029033619910478592 7374
1782931528752 0.6403378844261169 7375
1782931528755 0.01368760410696268 7376
1782931528758 0.03919136896729469 7377
1782931528761 0.045314762741327286 7378
1782931528763 0.11171168088912964 7379
1782931528766 0.004145240876823664 7380
1782931528769 0.25619134306907654 7381
1782931528772 0.0039973268285393715 7382
1782931528774 0.0198574960231781 7383
1782931528777 0.19488507509231567 7384
1782931528779 0.24826815724372864 7385
1782931528782 0.05867690220475197 7386
1782931528785 0.046526797115802765 7387
1782931528788 0.021909572184085846 7388
1782931528790 0.022500870749354362 7389
1782931528793 0.22723133862018585 7390
1782931528796 0.191691592335701 7391
1782931528798 0.04140310734510422 7392
1782931528801 0.18364271521568298 7393
1782931528804 0.03883335366845131 7394
1782931528807 0.08908622711896896 7395
1782931528809 0.030968032777309418 7396
1782931528812 0.15669375658035278 7397
1782931528814 0.04051443189382553 7398
1782931528818 0.27844560146331787 7399
1782931528823 0.06423158198595047 7400
1782931528827 0.24020333588123322 7401
1782931528830 0.5444540977478027 7402
1782931528832 0.03402767702937126 7403
1782931528835 0.05615001916885376 7404
1782931528838 0.009350603446364403 7405
1782931528840 0.11924748867750168 7406
1782931528843 0.0713193267583847 7407
1782931528845 0.28339138627052307 7408
1782931528848 0.06334847211837769 7409
1782931528850 0.05269903317093849 7410
1782931528853 0.24004949629306793 7411
1782931528874 0.11434676498174667 7412
1782931528877 0.23283904790878296 7413
1782931528879 0.01810748316347599 7414
1782931528882 0.07055630534887314 7415
1782931528885 0.021787187084555626 7416
1782931528887 0.11329137533903122 7417
1782931528890 0.021328262984752655 7418
1782931528892 0.06113182753324509 7419
1782931528895 0.01918887346982956 7420
1782931528897 0.05145934224128723 7421
1782931528900 0.317223459482193 7422
1782931528902 0.06450318545103073 7423
1782931528905 0.01798330619931221 7424
1782931528907 0.07284801453351974 7425
1782931528910 0.021722346544265747 7426
1782931528912 0.36188894510269165 7427
1782931528915 0.04602019488811493 7428
1782931528917 0.018430786207318306 7429
1782931528920 0.1666034460067749 7430
1782931528922 0.1448904424905777 7431
1782931528925 0.10024581849575043 7432
1782931528927 0.01118592917919159 7433
1782931528930 0.13755977153778076 7434
1782931528932 0.1752202808856964 7435
1782931528936 0.0348232202231884 7436
1782931528939 0.3719530999660492 7437
1782931528942 0.10729486495256424 7438
1782931528944 0.05439567193388939 7439
1782931528946 0.027256673201918602 7440
1782931528949 0.055132292211055756 7441
1782931528951 0.1071358248591423 7442
1782931528954 0.028448792174458504 7443
1782931528957 0.07278013229370117 7444
1782931528960 0.38478946685791016 7445
1782931528962 0.0390201173722744 7446
1782931528964 0.1679374724626541 7447
1782931528967 0.07629506289958954 7448
1782931528969 0.07583149522542953 7449
1782931528972 0.09849434345960617 7450
1782931528975 0.1489707976579666 7451
1782931528977 0.029468854889273643 7452
1782931528980 0.017829468473792076 7453
1782931528982 0.037681907415390015 7454
1782931528985 0.02310779131948948 7455
1782931528987 0.02735297381877899 7456
1782931528990 0.07520672678947449 7457
1782931528992 0.05440489202737808 7458
1782931528995 0.030294444411993027 7459
1782931529000 0.0656142309308052 7460
1782931529003 0.08966809511184692 7461
1782931529006 0.015286816284060478 7462
1782931529008 0.023365188390016556 7463
1782931529010 0.3491027057170868 7464
1782931529013 0.10223830491304398 7465
1782931529017 0.09938962012529373 7466
1782931529020 0.05331242084503174 7467
1782931529022 0.038936588913202286 7468
1782931529025 0.05939105525612831 7469
1782931529027 0.11301164329051971 7470
1782931529030 0.033737991005182266 7471
1782931529032 0.04397857189178467 7472
1782931529037 0.21651968359947205 7473
1782931529040 0.09082533419132233 7474
1782931529042 0.02375144325196743 7475
1782931529044 0.013967558741569519 7476
1782931529052 0.025606293231248856 7477
1782931529055 0.060856349766254425 7478
1782931529058 0.18903964757919312 7479
1782931529060 0.021017057821154594 7480
1782931529062 0.2646501064300537 7481
1782931529065 0.04290340840816498 7482
1782931529067 0.11433872580528259 7483
1782931529070 0.11477628350257874 7484
1782931529073 0.018244605511426926 7485
1782931529075 0.006286992225795984 7486
1782931529078 0.026553917676210403 7487
1782931529080 0.12827053666114807 7488
1782931529082 0.2802090644836426 7489
1782931529085 0.05020288750529289 7490
1782931529088 0.03795095905661583 7491
1782931529090 0.03100806660950184 7492
1782931529093 0.17745381593704224 7493
1782931529095 0.022939352318644524 7494
1782931529098 0.2369515597820282 7495
1782931529100 0.06275328993797302 7496
1782931529103 0.012843924574553967 7497
1782931529105 0.06343027204275131 7498
1782931529108 0.13299429416656494 7499
1782931529381 0.018938172608613968 7500
1782931529386 0.0032927985303103924 7501
1782931529389 0.21378061175346375 7502
1782931529391 0.29723936319351196 7503
1782931529393 0.06335843354463577 7504
1782931529396 0.1124916523694992 7505
1782931529399 0.04189835116267204 7506
1782931529403 0.0835878774523735 7507
1782931529408 0.16265611350536346 7508
1782931529413 0.020489243790507317 7509
1782931529415 0.07627664506435394 7510
1782931529419 0.036024611443281174 7511
1782931529422 0.22368483245372772 7512
1782931529424 0.029728654772043228 7513
1782931529427 0.10603757202625275 7514
1782931529429 0.33517730236053467 7515
1782931529432 0.05134127289056778 7516
1782931529435 0.09744422137737274 7517
1782931529438 0.03927084803581238 7518
1782931529440 0.08525507897138596 7519
1782931529443 0.16367915272712708 7520
1782931529445 0.01460951380431652 7521
1782931529448 0.08994956314563751 7522
1782931529453 0.07034913450479507 7523
1782931529456 0.015934549272060394 7524
1782931529459 0.0992371216416359 7525
1782931529461 0.12617690861225128 7526
1782931529464 0.2721143662929535 7527
1782931529466 0.0773361399769783 7528
1782931529469 0.04728582873940468 7529
1782931529472 0.2512142062187195 7530
1782931529475 0.21420708298683167 7531
1782931529502 0.02617041952908039 7532
1782931529506 0.019111620262265205 7533
1782931529508 0.04408329352736473 7534
1782931529511 0.029312577098608017 7535
1782931529513 0.15774856507778168 7536
1782931529516 0.07223350554704666 7537
1782931529519 0.04679504409432411 7538
1782931529521 0.010812829248607159 7539
1782931529524 0.01321972906589508 7540
1782931529527 0.1440434753894806 7541
1782931529529 0.10858572274446487 7542
1782931529531 0.14444231986999512 7543
1782931529534 0.12280529737472534 7544
1782931529537 0.09708341211080551 7545
1782931529540 0.030027780681848526 7546
1782931529542 0.055544547736644745 7547
1782931529545 0.10023893415927887 7548
1782931529547 0.06439944356679916 7549
1782931529550 0.017703518271446228 7550
1782931529553 0.1728062927722931 7551
1782931529556 0.06057296320796013 7552
1782931529558 0.03445059433579445 7553
1782931529560 0.02857702039182186 7554
1782931529563 0.03633810579776764 7555
1782931529565 0.07151836901903152 7556
1782931529568 0.055942535400390625 7557
1782931529571 0.09900198131799698 7558
1782931529576 0.03803947940468788 7559
1782931529579 0.13471166789531708 7560
1782931529581 0.07394661009311676 7561
1782931529584 0.11515841633081436 7562
1782931529587 0.020983615890145302 7563
1782931529590 0.014559094794094563 7564
1782931529593 0.03615829721093178 7565
1782931529595 0.1072247326374054 7566
1782931529598 0.04817473143339157 7567
1782931529600 0.17279677093029022 7568
1782931529603 0.024292150512337685 7569
1782931529606 0.009288039058446884 7570
1782931529609 0.2433723360300064 7571
1782931529611 0.013600434176623821 7572
1782931529614 0.011985065415501595 7573
1782931529616 0.032384492456912994 7574
1782931529620 0.10755017399787903 7575
1782931529623 0.061616379767656326 7576
1782931529625 0.21452705562114716 7577
1782931529628 0.03894757479429245 7578
1782931529630 0.06994521617889404 7579
1782931529633 0.010725283995270729 7580
1782931529638 0.16389930248260498 7581
1782931529640 0.08122892677783966 7582
1782931529643 0.18704982101917267 7583
1782931529645 0.2513996362686157 7584
1782931529648 0.15092599391937256 7585
1782931529651 0.2963128685951233 7586
1782931529656 0.03714590519666672 7587
1782931529660 0.04576418176293373 7588
1782931529662 0.09319164603948593 7589
1782931529664 0.06838851422071457 7590
1782931529667 0.1264813393354416 7591
1782931529671 0.04583665356040001 7592
1782931529673 0.02008220925927162 7593
1782931529676 0.4024922847747803 7594
1782931529678 0.3282327353954315 7595
1782931529680 0.01731988787651062 7596
1782931529683 0.11915723979473114 7597
1782931529686 0.03195313364267349 7598
1782931529689 0.040197208523750305 7599
1782931529691 0.028790120035409927 7600
1782931529694 0.014329818077385426 7601
1782931529696 0.06955190002918243 7602
1782931529699 0.21822455525398254 7603
1782931529703 0.2544334828853607 7604
1782931529706 0.1084008738398552 7605
1782931529710 0.054591432213783264 7606
1782931529712 0.016455385833978653 7607
1782931529715 0.10581132024526596 7608
1782931529717 0.17383462190628052 7609
1782931529720 0.01630481518805027 7610
1782931529723 0.15011651813983917 7611
1782931529725 0.009240629151463509 7612
1782931529728 0.056975215673446655 7613
1782931529730 0.16667631268501282 7614
1782931529732 0.08630543202161789 7615
1782931529736 0.02242337539792061 7616
1782931529739 0.286109983921051 7617
1782931529743 0.12760590016841888 7618
1782931529745 0.1051139160990715 7619
1782931529747 0.13017183542251587 7620
1782931529750 0.01647835783660412 7621
1782931529753 0.18020717799663544 7622
1782931529756 0.20810802280902863 7623
1782931529758 0.018356002867221832 7624
1782931529761 0.036867447197437286 7625
1782931529763 0.009772767312824726 7626
1782931529766 0.034481726586818695 7627
1782931529768 0.0435517281293869 7628
1782931529771 0.21038967370986938 7629
1782931529774 0.1755174845457077 7630
1782931529776 0.12425209581851959 7631
1782931529779 0.004893922246992588 7632
1782931529781 0.314872145652771 7633
1782931529784 0.10589505732059479 7634
1782931529786 0.06797447800636292 7635
1782931529789 0.06840028613805771 7636
1782931529792 0.13626553118228912 7637
1782931529794 0.2053060233592987 7638
1782931529796 0.13940414786338806 7639
1782931529799 0.06541819870471954 7640
1782931529802 0.13699080049991608 7641
1782931529804 0.04419723525643349 7642
1782931529807 0.0466359443962574 7643
1782931529809 0.018934767693281174 7644
1782931529812 0.03138867765665054 7645
1782931529814 0.055883780121803284 7646
1782931529816 0.021948158740997314 7647
1782931529819 0.1319940984249115 7648
1782931529822 0.021968167275190353 7649
1782931529825 0.14554297924041748 7650
1782931529827 0.0562562569975853 7651
1782931529829 0.0828130915760994 7652
1782931529832 0.07516457140445709 7653
1782931529835 0.03992248326539993 7654
1782931529838 0.031914886087179184 7655
1782931529840 0.084078349173069 7656
1782931529843 0.12588392198085785 7657
1782931529849 0.047050461173057556 7658
1782931529861 0.020388484001159668 7659
1782931529896 0.11595969647169113 7660
1782931529899 0.05337171256542206 7661
1782931529901 0.01329055242240429 7662
1782931529904 0.05342064052820206 7663
1782931529916 0.023164326325058937 7664
1782931529918 0.012726555578410625 7665
1782931529921 0.013644607737660408 7666
1782931529924 0.026190979406237602 7667
1782931529927 0.07580822706222534 7668
1782931529930 0.06382842361927032 7669
1782931529933 0.1344633847475052 7670
1782931529935 0.1061876192688942 7671
1782931529938 0.008534620516002178 7672
1782931529941 0.18868261575698853 7673
1782931529943 0.21408288180828094 7674
1782931529946 0.11149783432483673 7675
1782931529949 0.026467695832252502 7676
1782931529951 0.04444228857755661 7677
1782931529955 0.2938031852245331 7678
1782931529958 0.013943214900791645 7679
1782931529960 0.009609926491975784 7680
1782931529963 0.014371924102306366 7681
1782931529965 0.07214710861444473 7682
1782931529968 0.015633748844265938 7683
1782931529971 0.15326999127864838 7684
1782931529973 0.0069969575852155685 7685
1782931529976 0.026498010382056236 7686
1782931529979 0.014512171037495136 7687
1782931529981 0.32813140749931335 7688
1782931529985 0.15820710361003876 7689
1782931529988 0.025254417210817337 7690
1782931529990 0.05485713109374046 7691
1782931529993 0.13293001055717468 7692
1782931529995 0.018893199041485786 7693
1782931529998 0.13516052067279816 7694
1782931530000 0.08778522163629532 7695
1782931530003 0.004167511593550444 7696
1782931530006 0.10055594891309738 7697
1782931530008 0.0799853652715683 7698
1782931530011 0.025619812309741974 7699
1782931530013 0.028659043833613396 7700
1782931530016 0.37180259823799133 7701
1782931530019 0.056348949670791626 7702
1782931530021 0.14527514576911926 7703
1782931530024 0.07203424721956253 7704
1782931530026 0.2647082507610321 7705
1782931530029 0.03270987048745155 7706
1782931530031 0.0687800794839859 7707
1782931530034 0.08533206582069397 7708
1782931530037 0.020222777500748634 7709
1782931530039 0.2770073711872101 7710
1782931530042 0.076338991522789 7711
1782931530044 0.08164429664611816 7712
1782931530047 0.028738543391227722 7713
1782931530049 0.03814997151494026 7714
1782931530052 0.01648169569671154 7715
1782931530055 0.27773526310920715 7716
1782931530058 0.2141643762588501 7717
1782931530060 0.20198945701122284 7718
1782931530063 0.09562965482473373 7719
1782931530065 0.14822620153427124 7720
1782931530068 0.1397319883108139 7721
1782931530071 0.14376436173915863 7722
1782931530074 0.06768117100000381 7723
1782931530076 0.0934305489063263 7724
1782931530079 0.25684067606925964 7725
1782931530081 0.12689180672168732 7726
1782931530084 0.24300716817378998 7727
1782931530087 0.03802165016531944 7728
1782931530089 0.054135702550411224 7729
1782931530092 0.1677691787481308 7730
1782931530094 0.030304566025733948 7731
1782931530097 0.24476875364780426 7732
1782931530099 0.08604114502668381 7733
1782931530102 0.033265408128499985 7734
1782931530105 0.11040495336055756 7735
1782931530108 0.04780736565589905 7736
1782931530111 0.1128086969256401 7737
1782931530113 0.08583889901638031 7738
1782931530116 0.13964879512786865 7739
1782931530118 0.10101056843996048 7740
1782931530121 0.19319501519203186 7741
1782931530124 0.09973128139972687 7742
1782931530126 0.10302576422691345 7743
1782931530129 0.2122362107038498 7744
1782931530131 0.026011532172560692 7745
1782931530134 0.1543477475643158 7746
1782931530137 0.06537659466266632 7747
1782931530139 0.15145133435726166 7748
1782931530142 0.044633954763412476 7749
1782931530144 0.09434236586093903 7750
1782931530147 0.4831783175468445 7751
1782931530149 0.04950008541345596 7752
1782931530152 0.05313889682292938 7753
1782931530155 0.017489561811089516 7754
1782931530158 0.0036906511522829533 7755
1782931530160 0.24008242785930634 7756
1782931530163 0.1353752762079239 7757
1782931530165 0.0306098572909832 7758
1782931530168 0.11947506666183472 7759
1782931530170 0.04653261974453926 7760
1782931530173 0.07034119963645935 7761
1782931530175 0.02418050728738308 7762
1782931530178 0.039021085947752 7763
1782931530180 0.23956985771656036 7764
1782931530183 0.21260611712932587 7765
1782931530186 0.03795222193002701 7766
1782931530189 0.014837833121418953 7767
1782931530194 0.26152870059013367 7768
1782931530197 0.04050254821777344 7769
1782931530200 0.048663198947906494 7770
1782931530203 0.051756858825683594 7771
1782931530206 0.07280480861663818 7772
1782931530211 0.07528501003980637 7773
1782931530213 0.012973477132618427 7774
1782931530216 0.0709507092833519 7775
1782931530219 0.008965929970145226 7776
1782931530223 0.12309541553258896 7777
1782931530226 0.009167460724711418 7778
1782931530229 0.05139696225523949 7779
1782931530232 0.0860990434885025 7780
1782931530235 0.23230315744876862 7781
1782931530238 0.007436766754835844 7782
1782931530241 0.015970490872859955 7783
1782931530243 0.13343022763729095 7784
1782931530246 0.10091198980808258 7785
1782931530248 0.0414753220975399 7786
1782931530251 0.028833957388997078 7787
1782931530253 0.19981110095977783 7788
1782931530256 0.10641167312860489 7789
1782931530259 0.19080191850662231 7790
1782931530261 0.01904493384063244 7791
1782931530264 0.048089779913425446 7792
1782931530266 0.01749061606824398 7793
1782931530270 0.06792326271533966 7794
1782931530273 0.22105170786380768 7795
1782931530275 0.028484148904681206 7796
1782931530277 0.1858043521642685 7797
1782931530280 0.2811731696128845 7798
1782931530282 0.0734659880399704 7799
1782931530285 0.07723835110664368 7800
1782931530288 0.018163057044148445 7801
1782931530290 0.11928685009479523 7802
1782931530293 0.003412584774196148 7803
1782931530295 0.09142294526100159 7804
1782931530298 0.013937299139797688 7805
1782931530300 0.3510253429412842 7806
1782931530303 0.07884763181209564 7807
1782931530306 0.08198180049657822 7808
1782931530308 0.060840390622615814 7809
1782931530311 0.08130507916212082 7810
1782931530313 0.01625788025557995 7811
1782931530316 0.04764352738857269 7812
1782931530318 0.09872053563594818 7813
1782931530321 0.12949055433273315 7814
1782931530324 0.012421490624547005 7815
1782931530326 0.15229515731334686 7816
1782931530329 0.05937213450670242 7817
1782931530331 0.05663198232650757 7818
1782931530334 0.11782392859458923 7819
1782931530337 0.02170063555240631 7820
1782931530339 0.05983532965183258 7821
1782931530342 0.21480360627174377 7822
1782931530344 0.01886475272476673 7823
1782931530347 0.11039907485246658 7824
1782931530349 0.04444711282849312 7825
1782931530355 0.015723632648587227 7826
1782931530359 0.09176564961671829 7827
1782931530362 0.049057088792324066 7828
1782931530364 0.01427402812987566 7829
1782931530368 0.053014125674963 7830
1782931530371 0.1122288852930069 7831
1782931530373 0.16350631415843964 7832
1782931530376 0.10083269327878952 7833
1782931530383 0.11635767668485641 7834
1782931530392 0.14082784950733185 7835
1782931530395 0.04824433475732803 7836
1782931530399 0.14377543330192566 7837
1782931530403 0.15631616115570068 7838
1782931530433 0.20756292343139648 7839
1782931530437 0.034582603722810745 7840
1782931530441 0.11269450187683105 7841
1782931530444 0.03788904845714569 7842
1782931530454 0.04117945581674576 7843
1782931530458 0.17066362500190735 7844
1782931530461 0.07725349068641663 7845
1782931530465 0.12567894160747528 7846
1782931530469 0.09163139760494232 7847
1782931530472 0.027244485914707184 7848
1782931530476 0.08266611397266388 7849
1782931530479 0.01072914618998766 7850
1782931530483 0.08708599209785461 7851
1782931530486 0.028589872643351555 7852
1782931530490 0.09217549860477448 7853
1782931530494 0.025228383019566536 7854
1782931530498 0.040101371705532074 7855
1782931530502 0.015136896632611752 7856
1782931530505 0.09231972694396973 7857
1782931530509 0.00929519347846508 7858
1782931530512 0.01602346822619438 7859
1782931530515 0.15507692098617554 7860
1782931530519 0.059403859078884125 7861
1782931530523 0.05485685169696808 7862
1782931530526 0.06323010474443436 7863
1782931530529 0.12956510484218597 7864
1782931530533 0.00593230314552784 7865
1782931530537 0.022214723750948906 7866
1782931530540 0.16427218914031982 7867
1782931530544 0.024198293685913086 7868
1782931530547 0.28869014978408813 7869
1782931530550 0.014477993361651897 7870
1782931530554 0.12111296504735947 7871
1782931530559 0.13388845324516296 7872
1782931530563 0.17241255939006805 7873
1782931530567 0.03574521839618683 7874
1782931530571 0.13805660605430603 7875
1782931530574 0.01760469749569893 7876
1782931530577 0.008274337276816368 7877
1782931530582 0.2088441550731659 7878
1782931530592 0.0809076651930809 7879
1782931530596 0.19092534482479095 7880
1782931530602 0.059982020407915115 7881
1782931530605 0.006254525855183601 7882
1782931530609 0.030313031747937202 7883
1782931530613 0.08807683736085892 7884
1782931530616 0.04157090559601784 7885
1782931530621 0.10807143896818161 7886
1782931530625 0.011732098646461964 7887
1782931530628 0.07173048704862595 7888
1782931530632 0.031368110328912735 7889
1782931530635 0.035433877259492874 7890
1782931530639 0.27928033471107483 7891
1782931530643 0.16892997920513153 7892
1782931530646 0.08846737444400787 7893
1782931530649 0.27060261368751526 7894
1782931530653 0.10859262943267822 7895
1782931530657 0.2944815158843994 7896
1782931530661 0.03989456221461296 7897
1782931530664 0.09076203405857086 7898
1782931530668 0.08215318620204926 7899
1782931530677 0.0817296952009201 7900
1782931530680 0.21340440213680267 7901
1782931530684 0.12772157788276672 7902
1782931530694 0.0481351763010025 7903
1782931530703 0.04968497157096863 7904
1782931530708 0.009978937916457653 7905
1782931530711 0.0771375298500061 7906
1782931530717 0.03145222365856171 7907
1782931530720 0.13725872337818146 7908
1782931530724 0.011670159175992012 7909
1782931530727 0.14816606044769287 7910
1782931530731 0.03977805748581886 7911
1782931530734 0.036024197936058044 7912
1782931530738 0.018953463062644005 7913
1782931530742 0.01457953080534935 7914
1782931530745 0.08879601210355759 7915
1782931530748 0.2026607245206833 7916
1782931530753 0.10760429501533508 7917
1782931530756 0.0379379577934742 7918
1782931530759 0.011771942488849163 7919
1782931530763 0.015750376507639885 7920
1782931530766 0.14033947885036469 7921
1782931530770 0.10556657612323761 7922
1782931530774 0.04520661011338234 7923
1782931530777 0.0981525108218193 7924
1782931530781 0.060763534158468246 7925
1782931530784 0.015067063271999359 7926
1782931530788 0.11418717354536057 7927
1782931530791 0.14740155637264252 7928
1782931530794 0.20143891870975494 7929
1782931530797 0.09794049710035324 7930
1782931530801 0.012542340904474258 7931
1782931530805 0.05014089494943619 7932
1782931530808 0.24378220736980438 7933
1782931530811 0.1371372491121292 7934
1782931530814 0.017529478296637535 7935
1782931530818 0.05428234860301018 7936
1782931530822 0.1243736669421196 7937
1782931530825 0.298334538936615 7938
1782931530828 0.017707601189613342 7939
1782931530832 0.018530622124671936 7940
1782931530835 0.11870066076517105 7941
1782931530841 0.1345256119966507 7942
1782931530845 0.0675162672996521 7943
1782931530848 0.03382175788283348 7944
1782931530853 0.03486737981438637 7945
1782931530857 0.18993282318115234 7946
1782931530860 0.07563107460737228 7947
1782931530863 0.04005854204297066 7948
1782931530867 0.043561361730098724 7949
1782931530870 0.029471252113580704 7950
1782931530874 0.18770577013492584 7951
1782931530877 0.4616677761077881 7952
1782931530881 0.15743966400623322 7953
1782931530884 0.0036230527330189943 7954
1782931530888 0.2655203342437744 7955
1782931530891 0.07667312771081924 7956
1782931530895 0.04852638021111488 7957
1782931530898 0.11304435133934021 7958
1782931530902 0.003942947834730148 7959
1782931530906 0.19612948596477509 7960
1782931530909 0.06102360039949417 7961
1782931530912 0.11663223803043365 7962
1782931530915 0.0635286346077919 7963
1782931530919 0.2995353043079376 7964
1782931530922 0.25017356872558594 7965
1782931530926 0.21295204758644104 7966
1782931530929 0.17814642190933228 7967
1782931530932 0.03807668760418892 7968
1782931530936 0.191139355301857 7969
1782931530940 0.03084278106689453 7970
1782931530943 0.08604742586612701 7971
1782931530946 0.14711853861808777 7972
1782931530949 0.006990497466176748 7973
1782931530953 0.15505275130271912 7974
1782931530957 0.16965144872665405 7975
1782931530960 0.13646164536476135 7976
1782931530963 0.1621343344449997 7977
1782931530967 0.40813103318214417 7978
1782931530971 0.010644134134054184 7979
1782931530974 0.08381538093090057 7980
1782931530978 0.02061953954398632 7981
1782931530981 0.12321895360946655 7982
1782931530987 0.12154613435268402 7983
1782931530991 0.2208172082901001 7984
1782931530994 0.08051620423793793 7985
1782931530997 0.07925862818956375 7986
1782931531001 0.1432364583015442 7987
1782931531005 0.03465665504336357 7988
1782931531008 0.13862207531929016 7989
1782931531011 0.06898607313632965 7990
1782931531014 0.10376298427581787 7991
1782931531018 0.22501929104328156 7992
1782931531022 0.07250409573316574 7993
1782931531025 0.05054149404168129 7994
1782931531029 0.057910580188035965 7995
1782931531032 0.20432525873184204 7996
1782931531036 0.014364966191351414 7997
1782931531039 0.07027654349803925 7998
1782931531043 0.041177183389663696 7999
1782931531046 0.07881542295217514 8000
1782931531049 0.06570450961589813 8001
1782931531053 0.01665632799267769 8002
1782931531056 0.15461887419223785 8003
1782931531060 0.011375374160706997 8004
1782931531063 0.08071645349264145 8005
1782931531066 0.21855825185775757 8006
1782931531070 0.17831404507160187 8007
1782931531073 0.030981149524450302 8008
1782931531077 0.0745202898979187 8009
1782931531080 0.01875804364681244 8010
1782931531083 0.056995026767253876 8011
1782931531087 0.013122111558914185 8012
1782931531090 0.09107579290866852 8013
1782931531094 0.083941750228405 8014
1782931531097 0.017514191567897797 8015
1782931531101 0.09601043909788132 8016
1782931531104 0.03235671669244766 8017
1782931531110 0.26388445496559143 8018
1782931531113 0.12609568238258362 8019
1782931531117 0.03907904773950577 8020
1782931531121 0.03493637591600418 8021
1782931531124 0.12296102941036224 8022
1782931531128 0.018889453262090683 8023
1782931531131 0.17280037701129913 8024
1782931531134 0.09615612775087357 8025
1782931531138 0.025815535336732864 8026
1782931531141 0.10005727410316467 8027
1782931531145 0.024141846224665642 8028
1782931531148 0.0673777312040329 8029
1782931531151 0.014742027968168259 8030
1782931531155 0.12371731549501419 8031
1782931531158 0.008569210767745972 8032
1782931531161 0.012162771075963974 8033
1782931531165 0.015762945637106895 8034
1782931531169 0.04086478054523468 8035
1782931531172 0.02180677093565464 8036
1782931531176 0.03081860952079296 8037
1782931531179 0.18950463831424713 8038
1782931531182 0.02812892384827137 8039
1782931531186 0.08473505079746246 8040
1782931531191 0.13285359740257263 8041
1782931531194 0.1838628053665161 8042
1782931531197 0.003611672669649124 8043
1782931531202 0.016302451491355896 8044
1782931531206 0.02348562516272068 8045
1782931531209 0.24942539632320404 8046
1782931531214 0.01810414344072342 8047
1782931531220 0.11782226711511612 8048
1782931531223 0.037677135318517685 8049
1782931531227 0.014325913041830063 8050
1782931531230 0.14915890991687775 8051
1782931531233 0.12302948534488678 8052
1782931531237 0.16154249012470245 8053
1782931531241 0.1683443784713745 8054
1782931531244 0.0799698531627655 8055
1782931531247 0.005297456867992878 8056
1782931531250 0.11982544511556625 8057
1782931531254 0.20374593138694763 8058
1782931531258 0.021240128204226494 8059
1782931531261 0.015559760853648186 8060
1782931531264 0.04840448498725891 8061
1782931531267 0.03328912705183029 8062
1782931531271 0.03495858237147331 8063
1782931531274 0.014920788817107677 8064
1782931531277 0.03330779820680618 8065
1782931531280 0.024732448160648346 8066
1782931531284 0.11940740793943405 8067
1782931531287 0.002373411087319255 8068
1782931531291 0.020240481942892075 8069
1782931531294 0.0763133317232132 8070
1782931531298 0.007581403013318777 8071
1782931531301 0.012364156544208527 8072
1782931531305 0.0157709289342165 8073
1782931531308 0.05734634026885033 8074
1782931531311 0.008910926058888435 8075
1782931531314 0.012852827087044716 8076
1782931531317 0.12108718603849411 8077
1782931531321 0.01641705259680748 8078
1782931531325 0.19854536652565002 8079
1782931531328 0.0346641018986702 8080
1782931531331 0.09516648948192596 8081
1782931531334 0.045507147908210754 8082
1782931531338 0.10262133926153183 8083
1782931531341 0.16276828944683075 8084
1782931531344 0.04338979721069336 8085
1782931531347 0.07106513530015945 8086
1782931531351 0.010214201174676418 8087
1782931531354 0.030823679640889168 8088
1782931531358 0.18980960547924042 8089
1782931531361 0.10091284662485123 8090
1782931531364 0.06243329867720604 8091
1782931531369 0.011727448552846909 8092
1782931531373 0.022037366405129433 8093
1782931531376 0.2662356197834015 8094
1782931531379 0.03488381952047348 8095
1782931531383 0.033083077520132065 8096
1782931531387 0.017266234382987022 8097
1782931531390 0.05557483062148094 8098
1782931531393 0.08388000726699829 8099
1782931531396 0.012451877817511559 8100
1782931531400 0.007726626470685005 8101
1782931531404 0.4592287540435791 8102
1782931531407 0.08932868391275406 8103
1782931531410 0.02267180196940899 8104
1782931531413 0.22450146079063416 8105
1782931531416 0.06192728877067566 8106
1782931531420 0.0128999724984169 8107
1782931531424 0.061600420624017715 8108
1782931531427 0.050075411796569824 8109
1782931531430 0.1221790462732315 8110
1782931531434 0.09974701702594757 8111
1782931531438 0.0825033187866211 8112
1782931531441 0.39742887020111084 8113
1782931531445 0.01731100119650364 8114
1782931531448 0.09345974773168564 8115
1782931531456 0.11298517882823944 8116
1782931531465 0.020975615829229355 8117
1782931531469 0.17076468467712402 8118
1782931531473 0.2841038405895233 8119
1782931531476 0.0878424346446991 8120
1782931531480 0.05804581195116043 8121
1782931531483 0.03947502374649048 8122
1782931531487 0.02097584679722786 8123
1782931531490 0.006013978272676468 8124
1782931531494 0.07544698566198349 8125
1782931531497 0.06797488033771515 8126
1782931531502 0.015537215396761894 8127
1782931531506 0.3303229510784149 8128
1782931531509 0.01265211496502161 8129
1782931531513 0.25207385420799255 8130
1782931531517 0.009554553776979446 8131
1782931531520 0.06228422746062279 8132
1782931531524 0.009920474141836166 8133
1782931531528 0.06187902018427849 8134
1782931531532 0.03296806663274765 8135
1782931531535 0.2076629251241684 8136
1782931531540 0.00830137450248003 8137
1782931531543 0.17175492644309998 8138
1782931531546 0.10505105555057526 8139
1782931531550 0.015507768839597702 8140
1782931531554 0.039076030254364014 8141
1782931531578 0.07717983424663544 8142
1782931531584 0.027054138481616974 8143
1782931531588 0.09647561609745026 8144
1782931531592 0.10817420482635498 8145
1782931531596 0.037678010761737823 8146
1782931531600 0.13587601482868195 8147
1782931531604 0.09348705410957336 8148
1782931531607 0.2440924197435379 8149
1782931531611 0.004389479290693998 8150
1782931531614 0.11332786083221436 8151
1782931531618 0.11003874987363815 8152
1782931531622 0.04794507846236229 8153
1782931531625 0.18866892158985138 8154
1782931531628 0.00544326938688755 8155
1782931531632 0.16635119915008545 8156
1782931531635 0.013943260535597801 8157
1782931531639 0.014435101300477982 8158
1782931531643 0.07359333336353302 8159
1782931531646 0.03825780376791954 8160
1782931531650 0.04334697127342224 8161
1782931531654 0.053550563752651215 8162
1782931531657 0.01959463581442833 8163
1782931531661 0.006697250995784998 8164
1782931531664 0.022347843274474144 8165
1782931531668 0.05814322084188461 8166
1782931531672 0.020046094432473183 8167
1782931531676 0.11087243258953094 8168
1782931531680 0.012453188188374043 8169
1782931531683 0.01893170364201069 8170
1782931531687 0.09079422801733017 8171
1782931531691 0.1807536482810974 8172
1782931531694 0.18845511972904205 8173
1782931531698 0.04937506839632988 8174
1782931531701 0.12258505076169968 8175
1782931531705 0.029618222266435623 8176
1782931531708 0.028381288051605225 8177
1782931531712 0.03938932716846466 8178
1782931531715 0.060440655797719955 8179
1782931531718 0.013232857920229435 8180
1782931531722 0.07875321805477142 8181
1782931531726 0.10852906852960587 8182
1782931531729 0.06814601272344589 8183
1782931531733 0.04426741227507591 8184
1782931531737 0.016278451308608055 8185
1782931531741 0.02805354818701744 8186
1782931531744 0.0800464078783989 8187
1782931531747 0.18752434849739075 8188
1782931531751 0.0489891916513443 8189
1782931531755 0.20666860044002533 8190
1782931531758 0.018329257145524025 8191
1782931531762 0.0645313560962677 8192
1782931531765 0.09550797194242477 8193
1782931531769 0.06564772874116898 8194
1782931531772 0.07094839215278625 8195
1782931531779 0.04196871072053909 8196
1782931531782 0.010804686695337296 8197
1782931531788 0.016600022092461586 8198
1782931531792 0.18185777962207794 8199
1782931531795 0.003066003555431962 8200
1782931531799 0.13685449957847595 8201
1782931531803 0.07840893417596817 8202
1782931531807 0.18859262764453888 8203
1782931531811 0.024051588028669357 8204
1782931531815 0.05558213219046593 8205
1782931531818 0.015629881992936134 8206
1782931531822 0.01850297302007675 8207
1782931531825 0.1959148645401001 8208
1782931531829 0.019625212997198105 8209
1782931531832 0.06835831701755524 8210
1782931531835 0.13149234652519226 8211
1782931531839 0.074822336435318 8212
1782931531843 0.25596320629119873 8213
1782931531847 0.12084761261940002 8214
1782931531850 0.2929975986480713 8215
1782931531854 0.07312887161970139 8216
1782931531857 0.0935007706284523 8217
1782931531861 0.16926759481430054 8218
1782931531864 0.05674876272678375 8219
1782931531867 0.03937946632504463 8220
1782931531872 0.13329552114009857 8221
1782931531875 0.21795618534088135 8222
1782931531878 0.15614630281925201 8223
1782931531882 0.016586575657129288 8224
1782931531886 0.2632923126220703 8225
1782931531890 0.030928174033761024 8226
1782931531893 0.013864700682461262 8227
1782931531897 0.02896716259419918 8228
1782931531900 0.01642550900578499 8229
1782931531904 0.008717235177755356 8230
1782931531907 0.022117387503385544 8231
1782931531911 0.012014130130410194 8232
1782931531914 0.2505311369895935 8233
1782931531917 0.009372859261929989 8234
1782931531921 0.11204929649829865 8235
1782931531924 0.03210516273975372 8236
1782931531928 0.025634070858359337 8237
1782931531931 0.10652831196784973 8238
1782931531934 0.025402339175343513 8239
1782931532053 0.06838355213403702 8240
1782931532057 0.029535068199038506 8241
1782931532060 0.0867861956357956 8242
1782931532063 0.1331602782011032 8243
1782931532067 0.019443409517407417 8244
1782931532070 0.027126390486955643 8245
1782931532074 0.038557715713977814 8246
1782931532077 0.01699700765311718 8247
1782931532080 0.1757158786058426 8248
1782931532084 0.07327040284872055 8249
1782931532087 0.03677460178732872 8250
1782931532091 0.3490942418575287 8251
1782931532094 0.23114851117134094 8252
1782931532098 0.013157072477042675 8253
1782931532103 0.039391059428453445 8254
1782931532107 0.05548383295536041 8255
1782931532110 0.060173869132995605 8256
1782931532114 0.04337153211236 8257
1782931532119 0.022147729992866516 8258
1782931532124 0.270934522151947 8259
1782931532127 0.05601944401860237 8260
1782931532130 0.010008394718170166 8261
1782931532134 0.029597971588373184 8262
1782931532138 0.11673092842102051 8263
1782931532141 0.24927298724651337 8264
1782931532144 0.06332697719335556 8265
1782931532148 0.05803751200437546 8266
1782931532151 0.1130121573805809 8267
1782931532155 0.015709614381194115 8268
1782931532159 0.2723923623561859 8269
1782931532162 0.06743013113737106 8270
1782931532165 0.2753765881061554 8271
1782931532168 0.04446273297071457 8272
1782931532172 0.022655783221125603 8273
1782931532175 0.09155862033367157 8274
1782931532179 0.032396525144577026 8275
1782931532182 0.15403424203395844 8276
1782931532186 0.012479863129556179 8277
1782931532190 0.04977365583181381 8278
1782931532193 0.019290663301944733 8279
1782931532197 0.10818386822938919 8280
1782931532200 0.056589044630527496 8281
1782931532204 0.015577815473079681 8282
1782931532208 0.08156576007604599 8283
1782931532213 0.4137825071811676 8284
1782931532216 0.035050276666879654 8285
1782931532221 0.007954398170113564 8286
1782931532225 0.12496592104434967 8287
1782931532230 0.20146457850933075 8288
1782931532235 0.1269354671239853 8289
1782931532243 0.10322444140911102 8290
1782931532248 0.0945860892534256 8291
1782931532252 0.1011461541056633 8292
1782931532256 0.09994560480117798 8293
1782931532260 0.09256582707166672 8294
1782931532264 0.10567598044872284 8295
1782931532271 0.01816740818321705 8296
1782931532275 0.04113364592194557 8297
1782931532280 0.07751401513814926 8298
1782931532286 0.17820261418819427 8299
1782931532290 0.3935815989971161 8300
1782931532293 0.043815355747938156 8301
1782931532297 0.11877008527517319 8302
1782931532300 0.1738787591457367 8303
1782931532304 0.006850488018244505 8304
1782931532308 0.007010095287114382 8305
1782931532311 0.02284090593457222 8306
1782931532314 0.027044225484132767 8307
1782931532318 0.033837173134088516 8308
1782931532321 0.3136466145515442 8309
1782931532325 0.0795220285654068 8310
1782931532328 0.029134057462215424 8311
1782931532331 0.029393920674920082 8312
1782931532334 0.04423585906624794 8313
1782931532338 0.14148835837841034 8314
1782931532342 0.017576636746525764 8315
1782931532346 0.058216992765665054 8316
1782931532349 0.03436350077390671 8317
1782931532352 0.10462724417448044 8318
1782931532356 0.0665082260966301 8319
1782931532359 0.04012163728475571 8320
1782931532363 0.2724587321281433 8321
1782931532366 0.0033636512234807014 8322
1782931532370 0.07984382659196854 8323
1782931532373 0.014291557483375072 8324
1782931532376 0.12532944977283478 8325
1782931532380 0.01548578217625618 8326
1782931532383 0.03713579103350639 8327
1782931532387 0.08596151322126389 8328
1782931532390 0.09972185641527176 8329
1782931532393 0.024513136595487595 8330
1782931532396 0.10563171654939651 8331
1782931532400 0.09105107188224792 8332
1782931532404 0.1396726667881012 8333
1782931532408 0.013081781566143036 8334
1782931532411 0.11793351173400879 8335
1782931532415 0.0034707733429968357 8336
1782931532419 0.008196600712835789 8337
1782931532423 0.05031397193670273 8338
1782931532426 0.05364044010639191 8339
1782931532429 0.03570449352264404 8340
1782931532432 0.06320495903491974 8341
1782931532436 0.051518186926841736 8342
1782931532439 0.0028998779598623514 8343
1782931532443 0.07406967133283615 8344
1782931532446 0.024312062188982964 8345
1782931532449 0.015467703342437744 8346
1782931532452 0.08045320957899094 8347
1782931532455 0.01722535863518715 8348
1782931532460 0.03682330995798111 8349
1782931532463 0.02867298386991024 8350
1782931532466 0.10586541891098022 8351
1782931532470 0.026719167828559875 8352
1782931532474 0.17235054075717926 8353
1782931532481 0.019705966114997864 8354
1782931532485 0.11324431747198105 8355
1782931532489 0.03012951649725437 8356
1782931532492 0.00484791724011302 8357
1782931532495 0.01736859232187271 8358
1782931532499 0.1247795969247818 8359
1782931532504 0.14700791239738464 8360
1782931532508 0.027552150189876556 8361
1782931532511 0.12319575995206833 8362
1782931532515 0.019164135679602623 8363
1782931532518 0.08994706720113754 8364
1782931532522 0.005575480870902538 8365
1782931532525 0.08372218161821365 8366
1782931532528 0.12481150776147842 8367
1782931532532 0.11695075780153275 8368
1782931532535 0.047013040632009506 8369
1782931532539 0.03461654484272003 8370
1782931532543 0.21237990260124207 8371
1782931532546 0.060221534222364426 8372
1782931532549 0.021667789667844772 8373
1782931532553 0.024317873641848564 8374
1782931532556 0.09154597669839859 8375
1782931532560 0.15814273059368134 8376
1782931532563 0.04570233076810837 8377
1782931532566 0.1476389765739441 8378
1782931532570 0.008367428556084633 8379
1782931532573 0.22218948602676392 8380
1782931532577 0.16413459181785583 8381
1782931532580 0.014168181456625462 8382
1782931532583 0.07893072068691254 8383
1782931532587 0.07680784910917282 8384
1782931532590 0.15942662954330444 8385
1782931532594 0.026981910690665245 8386
1782931532597 0.020619451999664307 8387
1782931532600 0.1064835786819458 8388
1782931532604 0.05847863480448723 8389
1782931532608 0.11301977187395096 8390
1782931532611 0.019034679979085922 8391
1782931532615 0.03611277416348457 8392
1782931532618 0.13720735907554626 8393
1782931532622 0.05110803246498108 8394
1782931532625 0.03802536427974701 8395
1782931532629 0.06029699370265007 8396
1782931532632 0.04497687518596649 8397
1782931532636 0.09573321789503098 8398
1782931532639 0.201698899269104 8399
1782931532643 0.029260139912366867 8400
1782931532648 0.029098844155669212 8401
1782931532651 0.06513986736536026 8402
1782931532655 0.03135408088564873 8403
1782931532658 0.05969582498073578 8404
1782931532662 0.13747666776180267 8405
1782931532665 0.09374012798070908 8406
1782931532670 0.25929632782936096 8407
1782931532674 0.009866186417639256 8408
1782931532678 0.3364807665348053 8409
1782931532681 0.05614437907934189 8410
1782931532684 0.0603812150657177 8411
1782931532688 0.015699418261647224 8412
1782931532693 0.052180759608745575 8413
1782931532696 0.06404757499694824 8414
1782931532700 0.02679060585796833 8415
1782931532703 0.03241264447569847 8416
1782931532707 0.3054134249687195 8417
1782931532710 0.1551157385110855 8418
1782931532713 0.053755804896354675 8419
1782931532717 0.11369282007217407 8420
1782931532721 0.029451314359903336 8421
1782931532725 0.19619780778884888 8422
1782931532729 0.20693600177764893 8423
1782931532732 0.17974743247032166 8424
1782931532735 0.07862590253353119 8425
1782931532739 0.02566218003630638 8426
1782931532743 0.03887692838907242 8427
1782931532746 0.05977415665984154 8428
1782931532750 0.036647479981184006 8429
1782931532754 0.13893423974514008 8430
1782931532758 0.22909750044345856 8431
1782931532761 0.2607977092266083 8432
1782931532764 0.02101041190326214 8433
1782931532768 0.016744662076234818 8434
1782931532772 0.06452414393424988 8435
1782931532775 0.1186501756310463 8436
1782931532781 0.18331710994243622 8437
1782931532784 0.1640026718378067 8438
1782931532788 0.029677798971533775 8439
1782931532792 0.02800806798040867 8440
1782931532796 0.018641147762537003 8441
1782931532800 0.05166062340140343 8442
1782931532804 0.11861491948366165 8443
1782931532807 0.0896056517958641 8444
1782931532811 0.020446954295039177 8445
1782931532815 0.031553126871585846 8446
1782931532818 0.01367093250155449 8447
1782931532822 0.23535019159317017 8448
1782931532826 0.28845706582069397 8449
1782931532829 0.14460374414920807 8450
1782931532833 0.010311385616660118 8451
1782931532839 0.21344655752182007 8452
1782931532843 0.2194867581129074 8453
1782931532847 0.1581532061100006 8454
1782931532851 0.3252895176410675 8455
1782931532856 0.02469056472182274 8456
1782931532859 0.02036803960800171 8457
1782931532862 0.028226211667060852 8458
1782931532866 0.039181239902973175 8459
1782931532869 0.10992541909217834 8460
1782931532873 0.022167669609189034 8461
1782931532876 0.2581687867641449 8462
1782931532880 0.21915008127689362 8463
1782931532883 0.04818546772003174 8464
1782931532887 0.015275159850716591 8465
1782931532891 0.04733477532863617 8466
1782931532894 0.08509683609008789 8467
1782931532897 0.016793707385659218 8468
1782931532901 0.015290583483874798 8469
1782931532905 0.11311250925064087 8470
1782931532909 0.06313648074865341 8471
1782931532912 0.050899796187877655 8472
1782931532915 0.04454748332500458 8473
1782931532919 0.028459681198000908 8474
1782931532923 0.07514169812202454 8475
1782931532926 0.19474485516548157 8476
1782931532930 0.07522837817668915 8477
1782931532933 0.08987324684858322 8478
1782931532937 0.011792602948844433 8479
1782931532941 0.17514066398143768 8480
1782931532944 0.036745619028806686 8481
1782931532947 0.09811848402023315 8482
1782931532951 0.021251162514090538 8483
1782931532955 0.08613813668489456 8484
1782931532958 0.147890105843544 8485
1782931532962 0.05374179780483246 8486
1782931532965 0.06939821690320969 8487
1782931532970 0.009783631190657616 8488
1782931532974 0.021929046139121056 8489
1782931532978 0.03119225613772869 8490
1782931532981 0.09152132272720337 8491
1782931532985 0.044464681297540665 8492
1782931532988 0.0038878254126757383 8493
1782931532992 0.037458330392837524 8494
1782931532995 0.055285923182964325 8495
1782931532998 0.048450831323862076 8496
1782931533002 0.043687134981155396 8497
1782931533005 0.03581211343407631 8498
1782931533010 0.057965245097875595 8499
1782931533043 0.023994723334908485 8500
1782931533069 0.026725543662905693 8501
1782931533073 0.04673561453819275 8502
1782931533075 0.049147531390190125 8503
1782931533078 0.009873507544398308 8504
1782931533080 0.13456811010837555 8505
1782931533083 0.12010179460048676 8506
1782931533085 0.13613523542881012 8507
1782931533089 0.1565314084291458 8508
1782931533091 0.01123721431940794 8509
1782931533094 0.056573621928691864 8510
1782931533096 0.10437199473381042 8511
1782931533098 0.07540836930274963 8512
1782931533101 0.16961638629436493 8513
1782931533104 0.21662673354148865 8514
1782931533106 0.012857383117079735 8515
1782931533109 0.1600181609392166 8516
1782931533111 0.12521199882030487 8517
1782931533114 0.21451979875564575 8518
1782931533117 0.14179152250289917 8519
1782931533119 0.030382901430130005 8520
1782931533122 0.015984710305929184 8521
1782931533125 0.05159059911966324 8522
1782931533127 0.012317145243287086 8523
1782931533130 0.019307579845190048 8524
1782931533132 0.08722849190235138 8525
1782931533135 0.23509010672569275 8526
1782931533138 0.09334736317396164 8527
1782931533140 0.0639658197760582 8528
1782931533143 0.032211627811193466 8529
1782931533147 0.028832852840423584 8530
1782931533150 0.2033848613500595 8531
1782931533153 0.006613935809582472 8532
1782931533157 0.05319656804203987 8533
1782931533159 0.08864931762218475 8534
1782931533162 0.020824864506721497 8535
1782931533165 0.09338488429784775 8536
1782931533168 0.01740793138742447 8537
1782931533171 0.0514635294675827 8538
1782931533173 0.12422529608011246 8539
1782931533184 0.12235541641712189 8540
1782931533188 0.12215359508991241 8541
1782931533191 0.07062852382659912 8542
1782931533193 0.39414894580841064 8543
1782931533196 0.0634540393948555 8544
1782931533198 0.23541180789470673 8545
1782931533201 0.021981561556458473 8546
1782931533204 0.10521592199802399 8547
1782931533206 0.020107463002204895 8548
1782931533209 0.028176330029964447 8549
1782931533211 0.023337773978710175 8550
1782931533214 0.0627603605389595 8551
1782931533218 0.09089657664299011 8552
1782931533221 0.0878869965672493 8553
1782931533224 0.03151338919997215 8554
1782931533227 0.533257007598877 8555
1782931533229 0.04046262800693512 8556
1782931533232 0.17540675401687622 8557
1782931533234 0.018990276381373405 8558
1782931533237 0.03977401927113533 8559
1782931533240 0.01854017563164234 8560
1782931533242 0.16907919943332672 8561
1782931533245 0.033187221735715866 8562
1782931533247 0.03205565735697746 8563
1782931533249 0.04153875634074211 8564
1782931533252 0.20697121322155 8565
1782931533255 0.14546260237693787 8566
1782931533258 0.24528229236602783 8567
1782931533260 0.02136140502989292 8568
1782931533263 0.035359617322683334 8569
1782931533265 0.1783711016178131 8570
1782931533268 0.04326499626040459 8571
1782931533271 0.033064138144254684 8572
1782931533273 0.10835953056812286 8573
1782931533276 0.018107302486896515 8574
1782931533278 0.07458510249853134 8575
1782931533280 0.14186620712280273 8576
1782931533283 0.014002768322825432 8577
1782931533286 0.09221640974283218 8578
1782931533289 0.17568743228912354 8579
1782931533291 0.05744344741106033 8580
1782931533294 0.04537886381149292 8581
1782931533296 0.0692141205072403 8582
1782931533299 0.12580326199531555 8583
1782931533301 0.0382477231323719 8584
1782931533304 0.05172119289636612 8585
1782931533307 0.023453200235962868 8586
1782931533309 0.024296801537275314 8587
1782931533311 0.09920550882816315 8588
1782931533314 0.012640348635613918 8589
1782931533316 0.3329852521419525 8590
1782931533319 0.054672930389642715 8591
1782931533322 0.01668330281972885 8592
1782931533324 0.15240848064422607 8593
1782931533327 0.16979898512363434 8594
1782931533329 0.042851779609918594 8595
1782931533332 0.08692195266485214 8596
1782931533335 0.0381104052066803 8597
1782931533337 0.03429955989122391 8598
1782931533340 0.22318479418754578 8599
1782931533342 0.022336289286613464 8600
1782931533345 0.1442704051733017 8601
1782931533347 0.07201600819826126 8602
1782931533350 0.07767442613840103 8603
1782931533353 0.15226100385189056 8604
1782931533356 0.15258951485157013 8605
1782931533358 0.05261177942156792 8606
1782931533361 0.013914708979427814 8607
1782931533363 0.012000234797596931 8608
1782931533366 0.09910989552736282 8609
1782931533369 0.04671824723482132 8610
1782931533371 0.00291717192158103 8611
1782931533374 0.003387321485206485 8612
1782931533377 0.17016085982322693 8613
1782931533379 0.11691828817129135 8614
1782931533382 0.1801944077014923 8615
1782931533384 0.042162537574768066 8616
1782931533387 0.016888372600078583 8617
1782931533390 0.03803405538201332 8618
1782931533393 0.17766207456588745 8619
1782931533395 0.04714002460241318 8620
1782931533398 0.25286033749580383 8621
1782931533401 0.029837433248758316 8622
1782931533404 0.059146981686353683 8623
1782931533407 0.08460589498281479 8624
1782931533410 0.09420368820428848 8625
1782931533412 0.06520050764083862 8626
1782931533415 0.06225185841321945 8627
1782931533418 0.01707826927304268 8628
1782931533421 0.16204951703548431 8629
1782931533423 0.2616903781890869 8630
1782931533427 0.023074371740221977 8631
1782931533453 0.18482723832130432 8632
1782931533457 0.013137356378138065 8633
1782931533461 0.022941965609788895 8634
1782931533463 0.11456587165594101 8635
1782931533466 0.008367478847503662 8636
1782931533468 0.04197794944047928 8637
1782931533471 0.0818733498454094 8638
1782931533474 0.024069637060165405 8639
1782931533476 0.5117548704147339 8640
1782931533478 0.09833702445030212 8641
1782931533481 0.5510573387145996 8642
1782931533483 0.28183478116989136 8643
1782931533486 0.23529551923274994 8644
1782931533488 0.06960131227970123 8645
1782931533491 0.019797081127762794 8646
1782931533493 0.13562248647212982 8647
1782931533496 0.0548749677836895 8648
1782931533498 0.08421261608600616 8649
1782931533501 0.045542649924755096 8650
1782931533504 0.13961337506771088 8651
1782931533507 0.21057885885238647 8652
1782931533509 0.04154759272933006 8653
1782931533512 0.15411458909511566 8654
1782931533514 0.015889734029769897 8655
1782931533517 0.14949430525302887 8656
1782931533520 0.14625364542007446 8657
1782931533522 0.06381185352802277 8658
1782931533525 0.1131453588604927 8659
1782931533527 0.05904984474182129 8660
1782931533530 0.18177439272403717 8661
1782931533532 0.058660462498664856 8662
1782931533535 0.009148466400802135 8663
1782931533538 0.2511938512325287 8664
1782931533540 0.29870352149009705 8665
1782931533543 0.06349726021289825 8666
1782931533545 0.0590512678027153 8667
1782931533548 0.22151227295398712 8668
1782931533551 0.42353951930999756 8669
1782931533554 0.1787598729133606 8670
1782931533557 0.01798398792743683 8671
1782931533559 0.11538407951593399 8672
1782931533562 0.1504320651292801 8673
1782931533564 0.037137847393751144 8674
1782931533568 0.14100666344165802 8675
1782931533572 0.0625835657119751 8676
1782931533574 0.18364541232585907 8677
1782931533577 0.3077402710914612 8678
1782931533579 0.028782112523913383 8679
1782931533582 0.02879238873720169 8680
1782931533585 0.046451594680547714 8681
1782931533588 0.16917431354522705 8682
1782931533590 0.06166697293519974 8683
1782931533593 0.0642571672797203 8684
1782931533596 0.07402331382036209 8685
1782931533599 0.03257637843489647 8686
1782931533602 0.03209847956895828 8687
1782931533605 0.004287756513804197 8688
1782931533607 0.05022916570305824 8689
1782931533610 0.13080906867980957 8690
1782931533612 0.011456986889243126 8691
1782931533616 0.04122975096106529 8692
1782931533619 0.032579950988292694 8693
1782931533622 0.3067781329154968 8694
1782931533624 0.021528994664549828 8695
1782931533627 0.022486362606287003 8696
1782931533630 0.019849224016070366 8697
1782931533632 0.013715448789298534 8698
1782931533635 0.03020019270479679 8699
1782931533638 0.1898379772901535 8700
1782931533640 0.019474372267723083 8701
1782931533643 0.10686663538217545 8702
1782931533645 0.15127141773700714 8703
1782931533648 0.04357588663697243 8704
1782931533651 0.021528752520680428 8705
1782931533654 0.0780954658985138 8706
1782931533657 0.2150571495294571 8707
1782931533660 0.16610005497932434 8708
1782931533662 0.0539952851831913 8709
1782931533665 0.08353235572576523 8710
1782931533667 0.11559461057186127 8711
1782931533670 0.19038161635398865 8712
1782931533673 0.1539086103439331 8713
1782931533676 0.03600092604756355 8714
1782931533678 0.04384338855743408 8715
1782931533680 0.09146293997764587 8716
1782931533683 0.14185692369937897 8717
1782931533686 0.04618028178811073 8718
1782931533688 0.018873654305934906 8719
1782931533691 0.04557882249355316 8720
1782931533694 0.10694947093725204 8721
1782931533696 0.02676105499267578 8722
1782931533699 0.23394402861595154 8723
1782931533701 0.024583768099546432 8724
1782931533704 0.03271396830677986 8725
1782931533707 0.010626638308167458 8726
1782931533710 0.09096183627843857 8727
1782931533712 0.021770037710666656 8728
1782931533715 0.14591597020626068 8729
1782931533719 0.13882267475128174 8730
1782931533722 0.06485988944768906 8731
1782931533724 0.021132875233888626 8732
1782931533727 0.03195880353450775 8733
1782931533729 0.022108638659119606 8734
1782931533732 0.014587159268558025 8735
1782931533735 0.007426495663821697 8736
1782931533738 0.06400348246097565 8737
1782931533740 0.11092757433652878 8738
1782931533743 0.010663812048733234 8739
1782931533745 0.029997223988175392 8740
1782931533748 0.07155758142471313 8741
1782931533751 0.014639805071055889 8742
1782931533754 0.028628267347812653 8743
1782931533756 0.15286238491535187 8744
1782931533759 0.0047645168378949165 8745
1782931533761 0.024944312870502472 8746
1782931533764 0.027900591492652893 8747
1782931533766 0.02336597815155983 8748
1782931533769 0.06622340530157089 8749
1782931533772 0.22452454268932343 8750
1782931533774 0.19061249494552612 8751
1782931533777 0.044453732669353485 8752
1782931533779 0.07024850696325302 8753
1782931533782 0.03984356299042702 8754
1782931533784 0.04277767241001129 8755
1782931533788 0.09121968597173691 8756
1782931533791 0.2941112518310547 8757
1782931533793 0.018649069592356682 8758
1782931533796 0.0027984757907688618 8759
1782931533798 0.10420653969049454 8760
1782931533801 0.20231150090694427 8761
1782931533803 0.09097757190465927 8762
1782931533806 0.07436052709817886 8763
1782931533808 0.15653592348098755 8764
1782931533811 0.007069569546729326 8765
1782931533813 0.07568897306919098 8766
1782931533816 0.04734836891293526 8767
1782931533819 0.16664892435073853 8768
1782931533821 0.34861597418785095 8769
1782931533824 0.0951361432671547 8770
1782931533827 0.0689035952091217 8771
1782931533829 0.05897768959403038 8772
1782931533832 0.09988948702812195 8773
1782931533834 0.19403444230556488 8774
1782931533837 0.01737838052213192 8775
1782931533840 0.0855570062994957 8776
1782931533842 0.14374373853206635 8777
1782931533845 0.008134240284562111 8778
1782931533847 0.050198111683130264 8779
1782931533849 0.011069192551076412 8780
1782931533852 0.08658009022474289 8781
1782931533855 0.1578839123249054 8782
1782931533858 0.07083740830421448 8783
1782931533860 0.01793660782277584 8784
1782931533863 0.012322507798671722 8785
1782931533865 0.034265175461769104 8786
1782931533868 0.011445901356637478 8787
1782931533871 0.34208619594573975 8788
1782931533873 0.0530572235584259 8789
1782931533876 0.04315156117081642 8790
1782931533879 0.008444905281066895 8791
1782931533881 0.009505074471235275 8792
1782931533884 0.03846846520900726 8793
1782931533887 0.01552535779774189 8794
1782931533889 0.09222548454999924 8795
1782931533892 0.18809874355793 8796
1782931533894 0.3512456715106964 8797
1782931533897 0.0074601368978619576 8798
1782931533899 0.06517888605594635 8799
1782931533902 0.016221042722463608 8800
1782931533905 0.006548247765749693 8801
1782931533907 0.1601538062095642 8802
1782931533910 0.018539488315582275 8803
1782931533912 0.1139911413192749 8804
1782931533914 0.14018000662326813 8805
1782931533917 0.03700891137123108 8806
1782931533920 0.00835419725626707 8807
1782931533922 0.06380117684602737 8808
1782931533925 0.010313388891518116 8809
1782931533928 0.011669139377772808 8810
1782931533930 0.10802367329597473 8811
1782931533933 0.1227220967411995 8812
1782931533936 0.012767770327627659 8813
1782931533939 0.07193250954151154 8814
1782931533941 0.04405907168984413 8815
1782931533944 0.22974760830402374 8816
1782931533946 0.07111750543117523 8817
1782931533949 0.009742001071572304 8818
1782931533951 0.036349788308143616 8819
1782931533954 0.02559868060052395 8820
1782931533957 0.051183070987463 8821
1782931533960 0.2204163819551468 8822
1782931533962 0.03980237618088722 8823
1782931533965 0.050935208797454834 8824
1782931533968 0.03191845864057541 8825
1782931533971 0.061629027128219604 8826
1782931533973 0.01706278696656227 8827
1782931533976 0.029895851388573647 8828
1782931533978 0.019847452640533447 8829
1782931533981 0.1103464737534523 8830
1782931533984 0.20590919256210327 8831
1782931533987 0.0138151366263628 8832
1782931533990 0.1126115694642067 8833
1782931533992 0.04897898808121681 8834
1782931533994 0.0856742411851883 8835
1782931533997 0.02225128747522831 8836
1782931533999 0.019417911767959595 8837
1782931534002 0.07606732100248337 8838
1782931534004 0.014686775393784046 8839
1782931534007 0.15543517470359802 8840
1782931534009 0.009445562027394772 8841
1782931534012 0.03750516101717949 8842
1782931534014 0.018150335177779198 8843
1782931534022 0.138382226228714 8844
1782931534028 0.006208930164575577 8845
1782931534030 0.08881961554288864 8846
1782931534033 0.49051690101623535 8847
1782931534036 0.02204153500497341 8848
1782931534039 0.014918157830834389 8849
1782931534041 0.0550505705177784 8850
1782931534046 0.04751148447394371 8851
1782931534048 0.14574065804481506 8852
1782931534052 0.16674913465976715 8853
1782931534055 0.2706703543663025 8854
1782931534060 0.00956731103360653 8855
1782931534062 0.025670884177088737 8856
1782931534065 0.00675846915692091 8857
1782931534068 0.028869248926639557 8858
1782931534071 0.09388372302055359 8859
1782931534074 0.0468863770365715 8860
1782931534086 0.029712669551372528 8861
1782931534089 0.09852856397628784 8862
1782931534091 0.013640082441270351 8863
1782931534094 0.30592039227485657 8864
1782931534096 0.26639682054519653 8865
1782931534099 0.2226904034614563 8866
1782931534105 0.07325156778097153 8867
1782931534109 0.09369901567697525 8868
1782931534111 0.11532644927501678 8869
1782931534114 0.0023605807218700647 8870
1782931534116 0.1815672069787979 8871
1782931534119 0.011281514540314674 8872
1782931534122 0.1775616854429245 8873
1782931534124 0.08972066640853882 8874
1782931534127 0.035031624138355255 8875
1782931534129 0.09143446385860443 8876
1782931534132 0.1851235032081604 8877
1782931534135 0.3730689287185669 8878
1782931534137 0.010912538506090641 8879
1782931534140 0.07949379831552505 8880
1782931534142 0.02498156577348709 8881
1782931534145 0.11800162494182587 8882
1782931534147 0.007650946266949177 8883
1782931534150 0.1581501066684723 8884
1782931534153 0.10312675684690475 8885
1782931534155 0.046607811003923416 8886
1782931534158 0.003801798215135932 8887
1782931534160 0.06809820234775543 8888
1782931534163 0.017742762342095375 8889
1782931534165 0.12585031986236572 8890
1782931534168 0.04327360540628433 8891
1782931534170 0.0770263746380806 8892
1782931534173 0.09913770854473114 8893
1782931534175 0.013667577877640724 8894
1782931534178 0.161859393119812 8895
1782931534180 0.09320942312479019 8896
1782931534183 0.05026695132255554 8897
1782931534186 0.07269153743982315 8898
1782931534189 0.03114226460456848 8899
1782931534191 0.09943393617868423 8900
1782931534194 0.016788259148597717 8901
1782931534196 0.03132911026477814 8902
1782931534199 0.3507598042488098 8903
1782931534202 0.0326257050037384 8904
1782931534205 0.03320612385869026 8905
1782931534207 0.17790263891220093 8906
1782931534210 0.09315425157546997 8907
1782931534212 0.1258239895105362 8908
1782931534215 0.00988830253481865 8909
1782931534218 0.08262379467487335 8910
1782931534221 0.028205152601003647 8911
1782931534224 0.02250232920050621 8912
1782931534227 0.26713719964027405 8913
1782931534229 0.0795050859451294 8914
1782931534232 0.4810517132282257 8915
1782931534234 0.023925095796585083 8916
1782931534237 0.03250348940491676 8917
1782931534240 0.10045671463012695 8918
1782931534242 0.07606784999370575 8919
1782931534245 0.006306159775704145 8920
1782931534247 0.018303360790014267 8921
1782931534250 0.05091189220547676 8922
1782931534253 0.24901182949543 8923
1782931534255 0.07283762097358704 8924
1782931534258 0.09092946350574493 8925
1782931534260 0.037097565829753876 8926
1782931534263 0.03783072531223297 8927
1782931534265 0.08102063089609146 8928
1782931534268 0.04811450466513634 8929
1782931534271 0.11424390971660614 8930
1782931534274 0.12834948301315308 8931
1782931534276 0.1161763072013855 8932
1782931534279 0.022460894659161568 8933
1782931534282 0.05262000858783722 8934
1782931534284 0.016451509669423103 8935
1782931534290 0.03399749845266342 8936
1782931534293 0.055062707513570786 8937
1782931534295 0.10041864216327667 8938
1782931534298 0.16026902198791504 8939
1782931534300 0.04523543640971184 8940
1782931534303 0.1021094098687172 8941
1782931534307 0.020604312419891357 8942
1782931534309 0.14004039764404297 8943
1782931534312 0.054882973432540894 8944
1782931534314 0.11417822539806366 8945
1782931534317 0.0459497906267643 8946
1782931534320 0.013095569796860218 8947
1782931534323 0.07616934925317764 8948
1782931534325 0.15306521952152252 8949
1782931534328 0.052634548395872116 8950
1782931534332 0.1568126529455185 8951
1782931534337 0.14103005826473236 8952
1782931534339 0.04069120064377785 8953
1782931534342 0.016240254044532776 8954
1782931534344 0.09049878269433975 8955
1782931534347 0.01130395382642746 8956
1782931534349 0.2649689316749573 8957
1782931534353 0.0199583787471056 8958
1782931534357 0.027455225586891174 8959
1782931534359 0.12722153961658478 8960
1782931534362 0.18829181790351868 8961
1782931534364 0.145738884806633 8962
1782931534367 0.17593732476234436 8963
1782931534370 0.03430245816707611 8964
1782931534373 0.015812138095498085 8965
1782931534375 0.04582446068525314 8966
1782931534378 0.0754198506474495 8967
1782931534380 0.07892981171607971 8968
1782931534382 0.11778707802295685 8969
1782931534386 0.11262953281402588 8970
1782931534389 0.19244448840618134 8971
1782931534391 0.04087814316153526 8972
1782931534394 0.1565481424331665 8973
1782931534396 0.02851240336894989 8974
1782931534399 0.05434019863605499 8975
1782931534402 0.3024030029773712 8976
1782931534404 0.011414004489779472 8977
1782931534407 0.0336838997900486 8978
1782931534409 0.04617263749241829 8979
1782931534412 0.023479383438825607 8980
1782931534414 0.0964854285120964 8981
1782931534417 0.05267006903886795 8982
1782931534420 0.01845370978116989 8983
1782931534422 0.004102818202227354 8984
1782931534425 0.006920146755874157 8985
1782931534427 0.10894457995891571 8986
1782931534430 0.012180029414594173 8987
1782931534432 0.21113377809524536 8988
1782931534435 0.48600396513938904 8989
1782931534438 0.03234211355447769 8990
1782931534440 0.10550408065319061 8991
1782931534443 0.12244924902915955 8992
1782931534445 0.013900657184422016 8993
1782931534448 0.046024806797504425 8994
1782931534450 0.03133290633559227 8995
1782931534453 0.029479514807462692 8996
1782931534456 0.07784328609704971 8997
1782931534458 0.252026230096817 8998
1782931534461 0.010198577307164669 8999
1782931534465 0.34095531702041626 9000
1782931534467 0.0432203970849514 9001
1782931534470 0.029581507667899132 9002
1782931534473 0.08379761874675751 9003
1782931534475 0.05210817605257034 9004
1782931534478 0.0768325924873352 9005
1782931534480 0.05866694450378418 9006
1782931534483 0.12486977130174637 9007
1782931534487 0.1317444145679474 9008
1782931534489 0.028479112312197685 9009
1782931534492 0.25523993372917175 9010
1782931534496 0.051637038588523865 9011
1782931534499 0.043685343116521835 9012
1782931534503 0.03752638399600983 9013
1782931534505 0.1530904471874237 9014
1782931534508 0.05015473812818527 9015
1782931534510 0.0636359453201294 9016
1782931534513 0.09198884665966034 9017
1782931534515 0.2062883824110031 9018
1782931534519 0.10413939505815506 9019
1782931534522 0.015101263299584389 9020
1782931534524 0.08968682587146759 9021
1782931534527 0.006127675995230675 9022
1782931534529 0.02503727376461029 9023
1782931534532 0.14062099158763885 9024
1782931534534 0.05443912371993065 9025
1782931534537 0.0072335670702159405 9026
1782931534540 0.04777573049068451 9027
1782931534543 0.202714741230011 9028
1782931534545 0.04079776629805565 9029
1782931534547 0.03469150513410568 9030
1782931534552 0.03876819461584091 9031
1782931534555 0.0889812707901001 9032
1782931534558 0.15288062393665314 9033
1782931534560 0.027290236204862595 9034
1782931534563 0.3857634365558624 9035
1782931534565 0.017558280378580093 9036
1782931534568 0.015328170731663704 9037
1782931534570 0.13177509605884552 9038
1782931534573 0.04968733340501785 9039
1782931534575 0.020947543904185295 9040
1782931534578 0.12027687579393387 9041
1782931534580 0.08871258795261383 9042
1782931534583 0.0084395045414567 9043
1782931534586 0.05588729307055473 9044
1782931534589 0.09734445065259933 9045
1782931534592 0.1026965081691742 9046
1782931534594 0.21847973763942719 9047
1782931534597 0.04266282916069031 9048
1782931534599 0.05109444633126259 9049
1782931534602 0.03338070586323738 9050
1782931534605 0.02599521540105343 9051
1782931534608 0.0042443303391337395 9052
1782931534610 0.09705621749162674 9053
1782931534613 0.07708786427974701 9054
1782931534615 0.04216108098626137 9055
1782931534620 0.0671127513051033 9056
1782931534623 0.007462507579475641 9057
1782931534625 0.16793379187583923 9058
1782931534628 0.0709754228591919 9059
1782931534630 0.021665146574378014 9060
1782931534633 0.4305169880390167 9061
1782931534636 0.017759159207344055 9062
1782931534639 0.007576032541692257 9063
1782931534641 0.027426959946751595 9064
1782931534644 0.021853914484381676 9065
1782931534646 0.026458153501152992 9066
1782931534649 0.017202533781528473 9067
1782931534652 0.09286084026098251 9068
1782931534655 0.2928600311279297 9069
1782931534657 0.3593840003013611 9070
1782931534660 0.00713362218812108 9071
1782931534662 0.04736814647912979 9072
1782931534665 0.15790528059005737 9073
1782931534667 0.1627785861492157 9074
1782931534670 0.08947012573480606 9075
1782931534673 0.15585985779762268 9076
1782931534675 0.025726506486535072 9077
1782931534678 0.07248961925506592 9078
1782931534680 0.1099635660648346 9079
1782931534683 0.07098301500082016 9080
1782931534687 0.005281571764498949 9081
1782931534690 0.026546720415353775 9082
1782931534693 0.41065776348114014 9083
1782931534695 0.3308478593826294 9084
1782931534700 0.06887491047382355 9085
1782931534703 0.06059810146689415 9086
1782931534706 0.3665924370288849 9087
1782931534708 0.178483247756958 9088
1782931534711 0.06623275578022003 9089
1782931534714 0.07934671640396118 9090
1782931534717 0.14478912949562073 9091
1782931534719 0.1766398698091507 9092
1782931534722 0.052226435393095016 9093
1782931534724 0.004628516733646393 9094
1782931534727 0.012977153062820435 9095
1782931534729 0.020129011943936348 9096
1782931534732 0.035113587975502014 9097
1782931534735 0.030953753739595413 9098
1782931534738 0.05063559114933014 9099
1782931534740 0.0301778856664896 9100
1782931534743 0.2331540733575821 9101
1782931534745 0.11572212725877762 9102
1782931534748 0.2384348064661026 9103
1782931534750 0.034425459802150726 9104
1782931534753 0.45032811164855957 9105
1782931534756 0.09107200801372528 9106
1782931534758 0.012524777092039585 9107
1782931534760 0.07223352044820786 9108
1782931534763 0.06905090808868408 9109
1782931534766 0.09131050109863281 9110
1782931534768 0.09428674727678299 9111
1782931534771 0.008151734247803688 9112
1782931534773 0.12071982026100159 9113
1782931534776 0.13710938394069672 9114
1782931534778 0.18161427974700928 9115
1782931534781 0.22797276079654694 9116
1782931534783 0.012844213284552097 9117
1782931534786 0.06293930858373642 9118
1782931534789 0.05987438187003136 9119
1782931534791 0.18195688724517822 9120
1782931534794 0.10397486388683319 9121
1782931534796 0.014843562617897987 9122
1782931534799 0.026132702827453613 9123
1782931534803 0.14417697489261627 9124
1782931534806 0.12864957749843597 9125
1782931534808 0.08694425970315933 9126
1782931534811 0.18044507503509521 9127
1782931534813 0.06955933570861816 9128
1782931534816 0.13499754667282104 9129
1782931534823 0.05402297154068947 9130
1782931534826 0.012573069892823696 9131
1782931534829 0.026141561567783356 9132
1782931534831 0.0951896533370018 9133
1782931534834 0.07063250243663788 9134
1782931534837 0.04075755178928375 9135
1782931534839 0.2635263204574585 9136
1782931534842 0.015836915001273155 9137
1782931534844 0.011438182555139065 9138
1782931534846 0.13095438480377197 9139
1782931534850 0.009943094104528427 9140
1782931534853 0.16213901340961456 9141
1782931534856 0.040449246764183044 9142
1782931534859 0.317549467086792 9143
1782931534861 0.010311818681657314 9144
1782931534863 0.02425234392285347 9145
1782931534866 0.009811654686927795 9146
1782931534869 0.02316548116505146 9147
1782931534872 0.17307165265083313 9148
1782931534874 0.018794529139995575 9149
1782931534877 0.17036235332489014 9150
1782931534879 0.03494463488459587 9151
1782931534882 0.18906648457050323 9152
1782931534884 0.14701445400714874 9153
1782931534887 0.1861434280872345 9154
1782931534890 0.3181594908237457 9155
1782931534892 0.08392494916915894 9156
1782931534895 0.010744024999439716 9157
1782931534897 0.2318773865699768 9158
1782931534901 0.10693846642971039 9159
1782931534904 0.004770876839756966 9160
1782931534906 0.011111054569482803 9161
1782931534909 0.08475880324840546 9162
1782931534911 0.014658452942967415 9163
1782931534914 0.035411231219768524 9164
1782931534916 0.01766006089746952 9165
1782931534919 0.10603466629981995 9166
1782931534922 0.09948266297578812 9167
1782931534924 0.23416580259799957 9168
1782931534927 0.2426716387271881 9169
1782931534929 0.105036161839962 9170
1782931534932 0.08716548979282379 9171
1782931534934 0.0630466565489769 9172
1782931534937 0.01992224156856537 9173
1782931534940 0.3053053915500641 9174
1782931534942 0.07783223688602448 9175
1782931534945 0.05209582671523094 9176
1782931534947 0.09497774392366409 9177
1782931534950 0.0601365901529789 9178
1782931534953 0.48686063289642334 9179
1782931534955 0.034873515367507935 9180
1782931534958 0.05266144499182701 9181
1782931534960 0.026293454691767693 9182
1782931534963 0.09955845773220062 9183
1782931534965 0.17662476003170013 9184
1782931534968 0.10046064853668213 9185
1782931534971 0.05756520852446556 9186
1782931534974 0.10265544801950455 9187
1782931534976 0.030946126207709312 9188
1782931534978 0.12340904772281647 9189
1782931534981 0.2509308159351349 9190
1782931534983 0.10241232812404633 9191
1782931534986 0.019358651712536812 9192
1782931534989 0.05284053087234497 9193
1782931534991 0.03642663732171059 9194
1782931534994 0.2228468954563141 9195
1782931534996 0.19657132029533386 9196
1782931534999 0.1943996101617813 9197
1782931535001 0.01756599359214306 9198
1782931535004 0.01214599795639515 9199
1782931535007 0.029157886281609535 9200
1782931535009 0.16355152428150177 9201
1782931535011 0.39802300930023193 9202
1782931535014 0.0064834426157176495 9203
1782931535017 0.10860220342874527 9204
1782931535019 0.004120590165257454 9205
1782931535022 0.030458057299256325 9206
1782931535024 0.08160922676324844 9207
1782931535027 0.027729280292987823 9208
1782931535029 0.007061714772135019 9209
1782931535032 0.06322779506444931 9210
1782931535035 0.09847460687160492 9211
1782931535038 0.16881337761878967 9212
1782931535040 0.03836476057767868 9213
1782931535042 0.025885073468089104 9214
1782931535045 0.04010690748691559 9215
1782931535047 0.12819595634937286 9216
1782931535050 0.011102989315986633 9217
1782931535053 0.10465910285711288 9218
1782931535056 0.14974674582481384 9219
1782931535058 0.20453493297100067 9220
1782931535060 0.008569960482418537 9221
1782931535064 0.14826659858226776 9222
1782931535068 0.019216185435652733 9223
1782931535073 0.07249414920806885 9224
1782931535076 0.005347562022507191 9225
1782931535078 0.25667980313301086 9226
1782931535081 0.00464831804856658 9227
1782931535083 0.37962329387664795 9228
1782931535086 0.015355539508163929 9229
1782931535089 0.10846561938524246 9230
1782931535091 0.07677445560693741 9231
1782931535094 0.009616800583899021 9232
1782931535096 0.21004486083984375 9233
1782931535099 0.08186907321214676 9234
1782931535101 0.020008206367492676 9235
1782931535104 0.18769168853759766 9236
1782931535107 0.013183608651161194 9237
1782931535109 0.08218877017498016 9238
1782931535112 0.22139953076839447 9239
1782931535114 0.06084367632865906 9240
1782931535117 0.01574457623064518 9241
1782931535120 0.14209656417369843 9242
1782931535122 0.7286926507949829 9243
1782931535125 0.029325783252716064 9244
1782931535128 0.32476332783699036 9245
1782931535130 0.010189873166382313 9246
1782931535132 0.07306705415248871 9247
1782931535135 0.01854907162487507 9248
1782931535138 0.1148170530796051 9249
1782931535140 0.1453879326581955 9250
1782931535143 0.03565992787480354 9251
1782931535145 0.2504747211933136 9252
1782931535148 0.01161674689501524 9253
1782931535150 0.10954893380403519 9254
1782931535153 0.03633352741599083 9255
1782931535156 0.08910578489303589 9256
1782931535158 0.1311531662940979 9257
1782931535161 0.12709634006023407 9258
1782931535163 0.16308054327964783 9259
1782931535165 0.06007383018732071 9260
1782931535168 0.049274563789367676 9261
1782931535171 0.2323334962129593 9262
1782931535173 0.040132831782102585 9263
1782931535176 0.05969485267996788 9264
1782931535178 0.08279451727867126 9265
1782931535181 0.24965311586856842 9266
1782931535183 0.18227256834506989 9267
1782931535187 0.042822424322366714 9268
1782931535190 0.02421814762055874 9269
1782931535192 0.1785595864057541 9270
1782931535195 0.6134479641914368 9271
1782931535198 0.052773527801036835 9272
1782931535201 0.042552415281534195 9273
1782931535204 0.07250403612852097 9274
1782931535206 0.011442826129496098 9275
1782931535209 0.27002260088920593 9276
1782931535211 0.025120921432971954 9277
1782931535214 0.0725579783320427 9278
1782931535217 0.17207574844360352 9279
1782931535220 0.12828698754310608 9280
1782931535222 0.021032128483057022 9281
1782931535225 0.0393792949616909 9282
1782931535228 0.04013087600469589 9283
1782931535230 0.07952617108821869 9284
1782931535233 0.11470098048448563 9285
1782931535236 0.1030658558011055 9286
1782931535239 0.021440211683511734 9287
1782931535241 0.012011226266622543 9288
1782931535252 0.009918577037751675 9289
1782931535255 0.02848970890045166 9290
1782931535257 0.010886864736676216 9291
1782931535260 0.05588984861969948 9292
1782931535262 0.15572558343410492 9293
1782931535265 0.16983844339847565 9294
1782931535267 0.11806809902191162 9295
1782931535270 0.19245857000350952 9296
1782931535273 0.09517186135053635 9297
1782931535275 0.026603760197758675 9298
1782931535278 0.1412714272737503 9299
1782931535280 0.026433078572154045 9300
1782931535283 0.06974823027849197 9301
1782931535286 0.025822967290878296 9302
1782931535288 0.00478016771376133 9303
1782931535291 0.16302654147148132 9304
1782931535293 0.019346950575709343 9305
1782931535296 0.029493803158402443 9306
1782931535298 0.018972016870975494 9307
1782931535301 0.07809729874134064 9308
1782931535304 0.1905379593372345 9309
1782931535307 0.1657119244337082 9310
1782931535309 0.2213873267173767 9311
1782931535312 0.027096372097730637 9312
1782931535314 0.048169851303100586 9313
1782931535317 0.014334558509290218 9314
1782931535320 0.22656968235969543 9315
1782931535322 0.08932144194841385 9316
1782931535325 0.04894297942519188 9317
1782931535327 0.09059460461139679 9318
1782931535330 0.07996716350317001 9319
1782931535332 0.03883436322212219 9320
1782931535335 0.03270867094397545 9321
1782931535338 0.051231153309345245 9322
1782931535340 0.1042976900935173 9323
1782931535343 0.04845591261982918 9324
1782931535345 0.03042769990861416 9325
1782931535348 0.0519014447927475 9326
1782931535351 0.04064672812819481 9327
1782931535354 0.046258747577667236 9328
1782931535357 0.06095212325453758 9329
1782931535359 0.3670283555984497 9330
1782931535362 0.03874039277434349 9331
1782931535364 0.008247535675764084 9332
1782931535367 0.008123161271214485 9333
1782931535370 0.15837590396404266 9334
1782931535372 0.22522535920143127 9335
1782931535375 0.049476344138383865 9336
1782931535377 0.06307307630777359 9337
1782931535380 0.02687751315534115 9338
1782931535382 0.08587278425693512 9339
1782931535385 0.06317372620105743 9340
1782931535388 0.020849617198109627 9341
1782931535391 0.21906356513500214 9342
1782931535394 0.02376342937350273 9343
1782931535396 0.5737442970275879 9344
1782931535399 0.03196270763874054 9345
1782931535403 0.03802976384758949 9346
1782931535406 0.021854883059859276 9347
1782931535408 0.05598083883523941 9348
1782931535411 0.1997751146554947 9349
1782931535413 0.0360378734767437 9350
1782931535418 0.23152601718902588 9351
1782931535421 0.36271074414253235 9352
1782931535424 0.02556511200964451 9353
1782931535426 0.01820209063589573 9354
1782931535429 0.09855370968580246 9355
1782931535431 0.07162677496671677 9356
1782931535434 0.09380611032247543 9357
1782931535436 0.029529541730880737 9358
1782931535439 0.3024543523788452 9359
1782931535441 0.08654643595218658 9360
1782931535444 0.11962755024433136 9361
1782931535446 0.23982807993888855 9362
1782931535449 0.16857650876045227 9363
1782931535452 0.21266500651836395 9364
1782931535455 0.02371126599609852 9365
1782931535458 0.1861668974161148 9366
1782931535460 0.052467092871665955 9367
1782931535462 0.16090579330921173 9368
1782931535465 0.21509124338626862 9369
1782931535468 0.11555808782577515 9370
1782931535471 0.020599709823727608 9371
1782931535473 0.025748830288648605 9372
1782931535476 0.038510605692863464 9373
1782931535478 0.1697094589471817 9374
