1780868932454 16.401391983032227 0
1780868932459 18.6446590423584 1
1780868932463 12.750114440917969 2
1780868932467 18.479778289794922 3
1780868932469 14.326866149902344 4
1780868932473 12.21939468383789 5
1780868932475 11.539225578308105 6
1780868932480 14.220520973205566 7
1780868932484 14.920564651489258 8
1780868932487 9.93099594116211 9
1780868932490 11.453150749206543 10
1780868932495 8.523255348205566 11
1780868932499 9.833024024963379 12
1780868932502 10.123434066772461 13
1780868932506 8.757316589355469 14
1780868932509 8.257205963134766 15
1780868932513 7.194530963897705 16
1780868932516 8.734657287597656 17
1780868932519 7.880909442901611 18
1780868932522 6.768006801605225 19
1780868932525 6.802319049835205 20
1780868932528 5.118935585021973 21
1780868932531 4.673757076263428 22
1780868932534 4.66602087020874 23
1780868932537 5.5836896896362305 24
1780868932541 5.419891357421875 25
1780868932545 5.260622024536133 26
1780868932548 4.153281211853027 27
1780868932552 4.294076919555664 28
1780868932555 3.5743744373321533 29
1780868932560 2.7436695098876953 30
1780868932563 2.8180787563323975 31
1780868932567 2.9926869869232178 32
1780868932571 2.554809093475342 33
1780868932576 2.449007749557495 34
1780868932579 2.2643511295318604 35
1780868932583 1.7686686515808105 36
1780868932587 2.0058913230895996 37
1780868932591 2.6345064640045166 38
1780868932594 1.964770793914795 39
1780868932598 1.7698488235473633 40
1780868932601 1.985176682472229 41
1780868932605 1.4835102558135986 42
1780868932608 1.117726445198059 43
1780868932611 1.319742202758789 44
1780868932615 1.3523603677749634 45
1780868932618 1.2419846057891846 46
1780868932621 1.3383790254592896 47
1780868932625 1.2041187286376953 48
1780868932629 1.1618568897247314 49
1780868932632 1.2811334133148193 50
1780868932635 1.3225635290145874 51
1780868932639 1.0190860033035278 52
1780868932642 1.2454414367675781 53
1780868932646 1.0255892276763916 54
1780868932649 1.1553653478622437 55
1780868932652 1.1052260398864746 56
1780868932656 1.034354567527771 57
1780868932661 1.0117888450622559 58
1780868932665 0.8790466785430908 59
1780868932668 1.1382403373718262 60
1780868932672 1.032942771911621 61
1780868932676 1.0023037195205688 62
1780868932680 1.0900532007217407 63
1780868932684 0.7993381023406982 64
1780868932687 1.1341825723648071 65
1780868932692 0.8689418435096741 66
1780868932696 0.8905845880508423 67
1780868932699 0.9645748138427734 68
1780868932703 0.8488035202026367 69
1780868932707 0.8427355289459229 70
1780868932710 0.80064457654953 71
1780868932715 0.9362720251083374 72
1780868932718 0.9107050895690918 73
1780868932721 0.8150490522384644 74
1780868932725 0.9719680547714233 75
1780868932729 0.9047443866729736 76
1780868932732 0.8943387269973755 77
1780868932735 0.8343386650085449 78
1780868932739 0.7506628632545471 79
1780868932744 0.7955604195594788 80
1780868932747 0.7122272253036499 81
1780868932751 0.7395386099815369 82
1780868932755 0.840348482131958 83
1780868932759 0.6876488327980042 84
1780868932762 0.8774964213371277 85
1780868932765 0.8013261556625366 86
1780868932769 0.7292730808258057 87
1780868932773 0.8138991594314575 88
1780868932778 0.7211794853210449 89
1780868932781 0.8436548113822937 90
1780868932785 0.7187770009040833 91
1780868932789 0.6061261892318726 92
1780868932793 0.780184268951416 93
1780868932796 0.8693159222602844 94
1780868932799 0.709128201007843 95
1780868932804 0.6734730005264282 96
1780868932808 0.7179775238037109 97
1780868932812 0.6917028427124023 98
1780868932815 0.9227395057678223 99
1780868932819 0.5729588270187378 100
1780868932824 0.5516823530197144 101
1780868932827 0.41958802938461304 102
1780868932831 0.6397801041603088 103
1780868932836 0.5163176655769348 104
1780868932840 0.8971611261367798 105
1780868932846 0.5178101062774658 106
1780868932849 0.6868507862091064 107
1780868932854 0.7331539392471313 108
1780868932857 0.5832973122596741 109
1780868932860 0.576316237449646 110
1780868932865 0.6723992228507996 111
1780868932869 0.5658213496208191 112
1780868932873 0.5409425497055054 113
1780868932878 0.5832756757736206 114
1780868932881 0.565479040145874 115
1780868932884 0.7017847895622253 116
1780868932890 0.6461336612701416 117
1780868932894 0.6565490961074829 118
1780868932898 0.6559017896652222 119
1780868932902 0.5681582093238831 120
1780868932906 0.8846949338912964 121
1780868932909 0.6962689757347107 122
1780868932913 0.6890347003936768 123
1780868932918 0.584998369216919 124
1780868932922 0.5719044208526611 125
1780868932925 0.6460683345794678 126
1780868932929 0.5801841616630554 127
1780868932932 0.6657840013504028 128
1780868932936 0.6038997769355774 129
1780868932940 0.6847296357154846 130
1780868932944 0.6539517641067505 131
1780868932947 0.6064884066581726 132
1780868932951 0.6024670004844666 133
1780868932955 0.5299327969551086 134
1780868932959 0.4557572901248932 135
1780868932964 0.7178621888160706 136
1780868932968 0.6483299136161804 137
1780868932972 0.633590042591095 138
1780868932977 0.5624408721923828 139
1780868932981 0.55596923828125 140
1780868932986 0.554046094417572 141
1780868932989 0.49295565485954285 142
1780868932993 0.7068670988082886 143
1780868932996 0.4552876651287079 144
1780868933001 0.5587937831878662 145
1780868933005 0.567772626876831 146
1780868933009 0.5771461725234985 147
1780868933013 0.6741360425949097 148
1780868933017 0.5344234704971313 149
1780868933021 0.35286614298820496 150
1780868933025 0.33297932147979736 151
1780868933028 0.6379400491714478 152
1780868933033 0.49665695428848267 153
1780868933037 0.47240981459617615 154
1780868933040 0.6216884851455688 155
1780868933044 0.4863196909427643 156
1780868933048 0.6386628746986389 157
1780868933053 0.5451567769050598 158
1780868933056 0.5734274983406067 159
1780868933060 0.6416245698928833 160
1780868933064 0.5933842658996582 161
1780868933068 0.46815359592437744 162
1780868933072 0.6618086695671082 163
1780868933075 0.7238562703132629 164
1780868933081 0.5470756888389587 165
1780868933085 0.6109063029289246 166
1780868933089 0.5811570882797241 167
1780868933092 0.4164770841598511 168
1780868933095 0.6188561320304871 169
1780868933099 0.47893595695495605 170
1780868933103 0.6801201701164246 171
1780868933106 0.5296894311904907 172
1780868933110 0.4795982837677002 173
1780868933114 0.6208370327949524 174
1780868933119 0.6380055546760559 175
1780868933123 0.4745781421661377 176
1780868933129 0.7186263203620911 177
1780868933132 0.6099659204483032 178
1780868933136 0.5575624108314514 179
1780868933140 0.412242591381073 180
1780868933143 0.4636319577693939 181
1780868933148 0.49599793553352356 182
1780868933152 0.5416704416275024 183
1780868933157 0.4824267029762268 184
1780868933161 0.6157262921333313 185
1780868933165 0.5806632041931152 186
1780868933169 0.607595682144165 187
1780868933172 0.4714294373989105 188
1780868933175 0.3978526294231415 189
1780868933179 0.7014455199241638 190
1780868933184 0.6181759834289551 191
1780868933187 0.5127999186515808 192
1780868933191 0.6444042921066284 193
1780868933197 0.4794604480266571 194
1780868933201 0.5028045177459717 195
1780868933205 0.46724534034729004 196
1780868933208 0.6314708590507507 197
1780868933212 0.6470213532447815 198
1780868933216 0.4527297019958496 199
1780868933220 0.5468644499778748 200
1780868933224 0.5178055167198181 201
1780868933229 0.46736064553260803 202
1780868933233 0.729143500328064 203
1780868933237 0.5713744759559631 204
1780868933240 0.5183013081550598 205
1780868933244 0.5511139035224915 206
1780868933248 0.3979301452636719 207
1780868933252 0.49492841958999634 208
1780868933255 0.6367993354797363 209
1780868933260 0.578126072883606 210
1780868933265 0.6652199625968933 211
1780868933268 0.5500397086143494 212
1780868933271 0.5064478516578674 213
1780868933274 0.4477995038032532 214
1780868933279 0.4990134537220001 215
1780868933283 0.4977283477783203 216
1780868933286 0.563588559627533 217
1780868933290 0.5747928619384766 218
1780868933294 0.5083818435668945 219
1780868933297 0.49086055159568787 220
1780868933301 0.6010759472846985 221
1780868933304 0.33975446224212646 222
1780868933309 0.4935827851295471 223
1780868933312 0.5003693103790283 224
1780868933316 0.5600929856300354 225
1780868933319 0.4726077914237976 226
1780868933322 0.5330456495285034 227
1780868933326 0.4280773401260376 228
1780868933331 0.4232194125652313 229
1780868933334 0.482837438583374 230
1780868933338 0.4281710088253021 231
1780868933341 0.41652822494506836 232
1780868933344 0.5441598892211914 233
1780868933347 0.8234357833862305 234
1780868933352 0.48028790950775146 235
1780868933355 0.5945345759391785 236
1780868933358 0.32663828134536743 237
1780868933362 0.5628337860107422 238
1780868933366 0.49986717104911804 239
1780868933370 0.3689868152141571 240
1780868933373 0.5465446710586548 241
1780868933378 0.5287238359451294 242
1780868933381 0.5273453593254089 243
1780868933385 0.501152753829956 244
1780868933388 0.621959388256073 245
1780868933391 0.4384946823120117 246
1780868933396 0.46613386273384094 247
1780868933400 0.41102802753448486 248
1780868933403 0.4375780522823334 249
1780868933406 0.5180637836456299 250
1780868933410 0.45246779918670654 251
1780868933414 0.4683641195297241 252
1780868933418 0.4949730932712555 253
1780868933420 0.4570293128490448 254
1780868933424 0.42533960938453674 255
1780868933428 0.6515589952468872 256
1780868933431 0.4492935240268707 257
1780868933434 0.3980230987071991 258
1780868933438 0.52040696144104 259
1780868933442 0.5151901245117188 260
1780868933446 0.5041607022285461 261
1780868933449 0.5021174550056458 262
1780868933453 0.38715896010398865 263
1780868933457 0.6082945466041565 264
1780868933461 0.6177690029144287 265
1780868933465 0.5481996536254883 266
1780868933468 0.4403802454471588 267
1780868933472 0.4161064326763153 268
1780868933476 0.4340055584907532 269
1780868933481 0.7110759615898132 270
1780868933485 0.4454673230648041 271
1780868933488 0.4177868366241455 272
1780868933492 0.328933447599411 273
1780868933496 0.5926143527030945 274
1780868933500 0.5725684762001038 275
1780868933503 0.7282532453536987 276
1780868933507 0.4720226228237152 277
1780868933511 0.45879679918289185 278
1780868933515 0.8099622130393982 279
1780868933520 0.5500545501708984 280
1780868933524 0.6943438649177551 281
1780868933528 0.6058788895606995 282
1780868933532 0.4030667245388031 283
1780868933536 0.5574467778205872 284
1780868933541 0.536919355392456 285
1780868933544 0.5404293537139893 286
1780868933549 0.3977222144603729 287
1780868933553 0.3979596793651581 288
1780868933557 0.47226792573928833 289
1780868933561 0.583966076374054 290
1780868933564 0.6542282104492188 291
1780868933567 0.42379269003868103 292
1780868933571 0.6232110857963562 293
1780868933575 0.38523173332214355 294
1780868933579 0.415283203125 295
1780868933582 0.41905277967453003 296
1780868933585 0.4057149887084961 297
1780868933590 0.4374958276748657 298
1780868933594 0.6754053831100464 299
1780868933597 0.7377943992614746 300
1780868933602 0.39978161454200745 301
1780868933606 0.4833672344684601 302
1780868933611 0.39240604639053345 303
1780868933614 0.39069584012031555 304
1780868933618 0.448820561170578 305
1780868933624 0.48779210448265076 306
1780868933629 0.4672091007232666 307
1780868933633 0.38828182220458984 308
1780868933636 0.4889020025730133 309
1780868933641 0.4695681035518646 310
1780868933645 0.3544967770576477 311
1780868933648 0.372036874294281 312
1780868933651 0.42443564534187317 313
1780868933656 0.5015573501586914 314
1780868933659 0.4318293333053589 315
1780868933664 0.38601523637771606 316
1780868933667 0.39829251170158386 317
1780868933671 0.48776447772979736 318
1780868933678 0.4567030966281891 319
1780868933681 0.2705540359020233 320
1780868933685 0.435827374458313 321
1780868933689 0.30009889602661133 322
1780868933693 0.46244436502456665 323
1780868933696 0.4220471680164337 324
1780868933700 0.6594601273536682 325
1780868933705 0.4791345000267029 326
1780868933709 0.43283602595329285 327
1780868933713 0.7650206685066223 328
1780868933718 0.40153828263282776 329
1780868933723 0.39840641617774963 330
1780868933727 0.547002911567688 331
1780868933730 0.5283951163291931 332
1780868933734 0.4565531611442566 333
1780868933738 0.42771774530410767 334
1780868933742 0.4880266487598419 335
1780868933745 0.42614254355430603 336
1780868933749 0.46447595953941345 337
1780868933755 0.5680235624313354 338
1780868933759 0.5192304849624634 339
1780868933762 0.49211108684539795 340
1780868933765 0.46792513132095337 341
1780868933769 0.5546236038208008 342
1780868933774 0.43840858340263367 343
1780868933779 0.3698424994945526 344
1780868933783 0.5686304569244385 345
1780868933787 0.48593807220458984 346
1780868933792 0.40237921476364136 347
1780868933796 0.5255187749862671 348
1780868933800 0.3592655062675476 349
1780868933804 0.44059956073760986 350
1780868933809 0.5242151618003845 351
1780868933813 0.43166232109069824 352
1780868933817 0.40498635172843933 353
1780868933822 0.3284182846546173 354
1780868933826 0.4384121894836426 355
1780868933829 0.41393914818763733 356
1780868933832 0.4584820568561554 357
1780868933837 0.4614982306957245 358
1780868933841 0.5441327691078186 359
1780868933845 0.5800609588623047 360
1780868933848 0.3174694776535034 361
1780868933853 0.28739967942237854 362
1780868933858 0.5187568068504333 363
1780868933861 0.4899967312812805 364
1780868933865 0.32058537006378174 365
1780868933871 0.5660058259963989 366
1780868933875 0.5489059686660767 367
1780868933878 0.4615509510040283 368
1780868933882 0.32989153265953064 369
1780868933886 0.4296737611293793 370
1780868933890 0.5223584175109863 371
1780868933894 0.6203406453132629 372
1780868933897 0.27128127217292786 373
1780868933901 0.5784464478492737 374
1780868933906 0.28572097420692444 375
1780868933909 0.34987911581993103 376
1780868933912 0.5895306468009949 377
1780868933917 0.5389572978019714 378
1780868933921 0.43070024251937866 379
1780868933925 0.2630601227283478 380
1780868933929 0.5469512939453125 381
1780868933934 0.34908053278923035 382
1780868933939 0.30589789152145386 383
1780868933943 0.492020845413208 384
1780868933946 0.4411316514015198 385
1780868933950 0.5151870250701904 386
1780868933955 0.49748197197914124 387
1780868933958 0.4812023341655731 388
1780868933962 0.41818949580192566 389
1780868933966 0.48892953991889954 390
1780868933971 0.5997797250747681 391
1780868933975 0.36693263053894043 392
1780868933978 0.4094846844673157 393
1780868933983 0.5554085969924927 394
1780868933987 0.20935578644275665 395
1780868933990 0.6506868600845337 396
1780868933994 0.3970736563205719 397
1780868933998 0.32701539993286133 398
1780868934003 0.5519434809684753 399
1780868934009 0.35715794563293457 400
1780868934012 0.4318479001522064 401
1780868934017 0.4759199917316437 402
1780868934021 0.39145708084106445 403
1780868934027 0.3700465261936188 404
1780868934033 0.29954928159713745 405
1780868934038 0.3665858805179596 406
1780868934043 0.6378676295280457 407
1780868934047 0.2741752862930298 408
1780868934052 0.5796773433685303 409
1780868934057 0.380961537361145 410
1780868934063 0.6147060394287109 411
1780868934068 0.3870895802974701 412
1780868934074 0.31063389778137207 413
1780868934078 0.34728381037712097 414
1780868934082 0.37446489930152893 415
1780868934087 0.34080538153648376 416
1780868934091 0.4353026747703552 417
1780868934095 0.4570741355419159 418
1780868934101 0.4966520369052887 419
1780868934105 0.4242706298828125 420
1780868934112 0.4327790439128876 421
1780868934118 0.46568000316619873 422
1780868934123 0.3546130657196045 423
1780868934130 0.41333359479904175 424
1780868934135 0.357454389333725 425
1780868934140 0.4117449223995209 426
1780868934147 0.40763455629348755 427
1780868934151 0.40988218784332275 428
1780868934155 0.2648918032646179 429
1780868934160 0.36166343092918396 430
1780868934164 0.36096835136413574 431
1780868934172 0.43411514163017273 432
1780868934178 0.4363819360733032 433
1780868934184 0.5304368138313293 434
1780868934188 0.5589370131492615 435
1780868934193 0.4261409044265747 436
1780868934197 0.44822973012924194 437
1780868934202 0.4663526117801666 438
1780868934210 0.6380941271781921 439
1780868934215 0.4587216079235077 440
1780868934220 0.38256391882896423 441
1780868934223 0.3320290744304657 442
1780868934229 0.4061961770057678 443
1780868934233 0.3804141879081726 444
1780868934239 0.3818308413028717 445
1780868934245 0.46823015809059143 446
1780868934251 0.47670066356658936 447
1780868934256 0.4893573224544525 448
1780868934262 0.32744550704956055 449
1780868934268 0.37820059061050415 450
1780868934273 0.19722163677215576 451
1780868934279 0.3354049324989319 452
1780868934283 0.4555451273918152 453
1780868934287 0.2745411694049835 454
1780868934292 0.36223363876342773 455
1780868934297 0.4619402289390564 456
1780868934301 0.4938366115093231 457
1780868934305 0.235655277967453 458
1780868934310 0.5239261984825134 459
1780868934317 0.5145300030708313 460
1780868934322 0.2822525203227997 461
1780868934327 0.42077672481536865 462
1780868934333 0.28613096475601196 463
1780868934337 0.2544722855091095 464
1780868934342 0.5035392642021179 465
1780868934349 0.3986819386482239 466
1780868934353 0.34992069005966187 467
1780868934358 0.4230702519416809 468
1780868934363 0.409146785736084 469
1780868934369 0.4099567234516144 470
1780868934373 0.4391438364982605 471
1780868934378 0.27803048491477966 472
1780868934382 0.39379560947418213 473
1780868934387 0.43410757184028625 474
1780868934392 0.29685577750205994 475
1780868934397 0.5157521367073059 476
1780868934402 0.49191713333129883 477
1780868934407 0.3546578288078308 478
1780868934412 0.4073161482810974 479
1780868934417 0.4654984176158905 480
1780868934421 0.4115959107875824 481
1780868934426 0.3435375690460205 482
1780868934447 0.40842553973197937 483
1780868934452 0.613559901714325 484
1780868934456 0.33471158146858215 485
1780868934461 0.2520422041416168 486
1780868934466 0.43257638812065125 487
1780868934470 0.34168848395347595 488
1780868934475 0.3455238342285156 489
1780868934480 0.37268880009651184 490
1780868934485 0.3757524788379669 491
1780868934491 0.6045892238616943 492
1780868934496 0.40795111656188965 493
1780868934500 0.41827207803726196 494
1780868934509 0.28182274103164673 495
1780868934513 0.35677140951156616 496
1780868934517 0.4625815451145172 497
1780868934522 0.33430618047714233 498
1780868934528 0.4119969308376312 499
1780868934533 0.5133979916572571 500
1780868934538 0.49484023451805115 501
1780868934543 0.42654097080230713 502
1780868934547 0.2582974433898926 503
1780868934551 0.3003285825252533 504
1780868934556 0.41899561882019043 505
1780868934559 0.5436444282531738 506
1780868934564 0.4355892241001129 507
1780868934567 0.4437371790409088 508
1780868934573 0.31283536553382874 509
1780868934578 0.4569181501865387 510
1780868934582 0.36243870854377747 511
1780868934587 0.2923927307128906 512
1780868934591 0.2631930112838745 513
1780868934596 0.40668627619743347 514
1780868934599 0.37360095977783203 515
1780868934604 0.3449394106864929 516
1780868934608 0.505678653717041 517
1780868934613 0.4235425889492035 518
1780868934618 0.4264914393424988 519
1780868934623 0.31199324131011963 520
1780868934627 0.35997262597084045 521
1780868934631 0.296553373336792 522
1780868934636 0.49918532371520996 523
1780868934640 0.4597018361091614 524
1780868934645 0.23492172360420227 525
1780868934649 0.27280327677726746 526
1780868934654 0.32795336842536926 527
1780868934660 0.5271831750869751 528
1780868934664 0.2639683485031128 529
1780868934671 0.4276520311832428 530
1780868934676 0.5172679424285889 531
1780868934680 0.4830136001110077 532
1780868934685 0.5462545156478882 533
1780868934690 0.3715224266052246 534
1780868934694 0.6193941235542297 535
1780868934699 0.38837698101997375 536
1780868934704 0.3889114260673523 537
1780868934709 0.3421850800514221 538
1780868934713 0.3908146619796753 539
1780868934718 0.4245782196521759 540
1780868934723 0.25284868478775024 541
1780868934727 0.2749105989933014 542
1780868934731 0.47211912274360657 543
1780868934736 0.44463106989860535 544
1780868934741 0.39621493220329285 545
1780868934745 0.5013598799705505 546
1780868934749 0.31730809807777405 547
1780868934753 0.3053431808948517 548
1780868934757 0.37607717514038086 549
1780868934761 0.3755185604095459 550
1780868934766 0.5541539788246155 551
1780868934772 0.5299656391143799 552
1780868934775 0.41179782152175903 553
1780868934779 0.6156505346298218 554
1780868934785 0.18130181729793549 555
1780868934789 0.3266187310218811 556
1780868934794 0.2129807472229004 557
1780868934799 0.4080139696598053 558
1780868934804 0.5469822883605957 559
1780868934808 0.31841737031936646 560
1780868934812 0.2875455319881439 561
1780868934817 0.3529971241950989 562
1780868934822 0.2312922477722168 563
1780868934826 0.3266748785972595 564
1780868934830 0.49344581365585327 565
1780868934836 0.4021669924259186 566
1780868934840 0.25152263045310974 567
1780868934843 0.3020108640193939 568
1780868934848 0.6058118343353271 569
1780868934852 0.44708722829818726 570
1780868934856 0.42675095796585083 571
1780868934860 0.42950865626335144 572
1780868934865 0.34867221117019653 573
1780868934870 0.3546268045902252 574
1780868934874 0.36198848485946655 575
1780868934878 0.258830189704895 576
1780868934883 0.47202736139297485 577
1780868934888 0.2626526355743408 578
1780868934891 0.45241695642471313 579
1780868934897 0.3707222044467926 580
1780868934901 0.3322243094444275 581
1780868934906 0.22962558269500732 582
1780868934909 0.35024493932724 583
1780868934914 0.321122407913208 584
1780868934918 0.6593064665794373 585
1780868934922 0.4258407652378082 586
1780868934926 0.47370004653930664 587
1780868934930 0.46670281887054443 588
1780868934935 0.2982044816017151 589
1780868934939 0.46683329343795776 590
1780868934943 0.2365686595439911 591
1780868934947 0.2992545962333679 592
1780868934952 0.28531694412231445 593
1780868934956 0.472072958946228 594
1780868934959 0.40587568283081055 595
1780868934964 0.52232825756073 596
1780868934969 0.3720266819000244 597
1780868934972 0.2353893220424652 598
1780868934976 0.3655654489994049 599
1780868934981 0.36784374713897705 600
1780868934986 0.216165229678154 601
1780868934990 0.35046282410621643 602
1780868934994 0.46019747853279114 603
1780868934998 0.35892704129219055 604
1780868935003 0.2970845401287079 605
1780868935007 0.4335804581642151 606
1780868935012 0.23013336956501007 607
1780868935016 0.3486737310886383 608
1780868935021 0.3082227110862732 609
1780868935025 0.40868279337882996 610
1780868935030 0.36743804812431335 611
1780868935035 0.3548988997936249 612
1780868935039 0.2401130199432373 613
1780868935043 0.4937218129634857 614
1780868935048 0.3007195293903351 615
1780868935052 0.3634161949157715 616
1780868935056 0.43456071615219116 617
1780868935060 0.61439448595047 618
1780868935064 0.6165015697479248 619
1780868935069 0.3400615155696869 620
1780868935072 0.510750412940979 621
1780868935078 0.3148503303527832 622
1780868935083 0.26670193672180176 623
1780868935086 0.42111819982528687 624
1780868935091 0.3452189564704895 625
1780868935096 0.3413122594356537 626
1780868935101 0.5069923996925354 627
1780868935104 0.615070104598999 628
1780868935109 0.42387065291404724 629
1780868935113 0.42955029010772705 630
1780868935118 0.4674484133720398 631
1780868935121 0.26584818959236145 632
1780868935126 0.4643227159976959 633
1780868935131 0.23941972851753235 634
1780868935135 0.17999190092086792 635
1780868935139 0.3282756209373474 636
1780868935144 0.3941580057144165 637
1780868935148 0.41491013765335083 638
1780868935151 0.40400829911231995 639
1780868935155 0.3778173625469208 640
1780868935159 0.37221774458885193 641
1780868935163 0.4392479658126831 642
1780868935167 0.29545122385025024 643
1780868935171 0.37107545137405396 644
1780868935176 0.25691357254981995 645
1780868935181 0.29113832116127014 646
1780868935185 0.26981663703918457 647
1780868935188 0.29831773042678833 648
1780868935194 0.24428680539131165 649
1780868935199 0.32219216227531433 650
1780868935203 0.1759987622499466 651
1780868935208 0.363940954208374 652
1780868935212 0.35679611563682556 653
1780868935216 0.5755689740180969 654
1780868935219 0.2996769845485687 655
1780868935224 0.4146682322025299 656
1780868935228 0.3709339499473572 657
1780868935232 0.2507871985435486 658
1780868935237 0.1619296669960022 659
1780868935242 0.25524306297302246 660
1780868935246 0.49789905548095703 661
1780868935250 0.4881117343902588 662
1780868935254 0.3423476815223694 663
1780868935259 0.5372893214225769 664
1780868935264 0.23676016926765442 665
1780868935268 0.3677346110343933 666
1780868935272 0.40141624212265015 667
1780868935276 0.44625163078308105 668
1780868935281 0.39137598872184753 669
1780868935285 0.39515239000320435 670
1780868935288 0.40030398964881897 671
1780868935293 0.3226769268512726 672
1780868935297 0.503128707408905 673
1780868935302 0.26295071840286255 674
1780868935306 0.3281477093696594 675
1780868935310 0.37940463423728943 676
1780868935314 0.4734210669994354 677
1780868935318 0.25870952010154724 678
1780868935322 0.22326703369617462 679
1780868935326 0.3847264349460602 680
1780868935330 0.4801233112812042 681
1780868935334 0.3474743366241455 682
1780868935338 0.5943424105644226 683
1780868935342 0.34184685349464417 684
1780868935345 0.44305866956710815 685
1780868935348 0.3312239944934845 686
1780868935351 0.42569151520729065 687
1780868935355 0.3928799629211426 688
1780868935359 0.373947411775589 689
1780868935362 0.34690651297569275 690
1780868935367 0.5214800834655762 691
1780868935371 0.24453486502170563 692
1780868935376 0.4683193862438202 693
1780868935380 0.2805755138397217 694
1780868935383 0.39831069111824036 695
1780868935387 0.5322270393371582 696
1780868935391 0.5791987180709839 697
1780868935395 0.23092438280582428 698
1780868935399 0.3820239007472992 699
1780868935404 0.6655501127243042 700
1780868935409 0.28178703784942627 701
1780868935413 0.32405218482017517 702
1780868935416 0.29810452461242676 703
1780868935421 0.4920903444290161 704
1780868935425 0.30657410621643066 705
1780868935429 0.2849295139312744 706
1780868935432 0.23025068640708923 707
1780868935436 0.25153812766075134 708
1780868935440 0.2969028353691101 709
1780868935444 0.19143366813659668 710
1780868935448 0.40708646178245544 711
1780868935452 0.25935351848602295 712
1780868935456 0.5325584411621094 713
1780868935460 0.5314607620239258 714
1780868935463 0.371110737323761 715
1780868935467 0.5585112571716309 716
1780868935471 0.3264402449131012 717
1780868935476 0.3228985667228699 718
1780868935480 0.42894184589385986 719
1780868935484 0.20903080701828003 720
1780868935488 0.29627087712287903 721
1780868935493 0.3466384708881378 722
1780868935496 0.34610146284103394 723
1780868935502 0.5041989088058472 724
1780868935506 0.3050713837146759 725
1780868935510 0.3373638987541199 726
1780868935515 0.2979239821434021 727
1780868935520 0.3891890048980713 728
1780868935524 0.3294302821159363 729
1780868935529 0.5582269430160522 730
1780868935534 0.2584685981273651 731
1780868935539 0.5078946352005005 732
1780868935542 0.43590179085731506 733
1780868935545 0.397795706987381 734
1780868935550 0.6712430119514465 735
1780868935554 0.27820056676864624 736
1780868935558 0.27890270948410034 737
1780868935561 0.7853167057037354 738
1780868935565 0.3136822283267975 739
1780868935571 0.2624238133430481 740
1780868935576 0.7481507658958435 741
1780868935579 0.34840086102485657 742
1780868935583 0.21503271162509918 743
1780868935587 0.5391470193862915 744
1780868935591 0.5960022211074829 745
1780868935596 0.4401751458644867 746
1780868935600 0.31821566820144653 747
1780868935605 0.5779811143875122 748
1780868935608 0.49880656599998474 749
1780868935612 0.3804410994052887 750
1780868935617 0.3405259847640991 751
1780868935622 0.5570244193077087 752
1780868935626 0.6759629249572754 753
1780868935629 0.4395383596420288 754
1780868935633 0.21124839782714844 755
1780868935637 0.2818911671638489 756
1780868935641 0.2520650327205658 757
1780868935645 0.29992321133613586 758
1780868935650 0.33138954639434814 759
1780868935654 0.16876716911792755 760
1780868935659 0.40271714329719543 761
1780868935665 0.3211671710014343 762
1780868935669 0.37978672981262207 763
1780868935673 0.4070986211299896 764
1780868935676 0.2857302129268646 765
1780868935683 0.29327982664108276 766
1780868935688 0.5289862751960754 767
1780868935692 0.35430747270584106 768
1780868935696 0.37859219312667847 769
1780868935701 0.3299064040184021 770
1780868935705 0.3172038495540619 771
1780868935709 0.4574258029460907 772
1780868935712 0.5586518049240112 773
1780868935717 0.6568179130554199 774
1780868935721 0.5428181886672974 775
1780868935725 0.29714885354042053 776
1780868935729 0.27464115619659424 777
1780868935734 0.36480364203453064 778
1780868935738 0.40879592299461365 779
1780868935741 0.5197983980178833 780
1780868935746 0.36603283882141113 781
1780868935751 0.3816257119178772 782
1780868935755 0.6294660568237305 783
1780868935759 0.22014585137367249 784
1780868935766 0.38421496748924255 785
1780868935770 0.35611194372177124 786
1780868935774 0.4534582495689392 787
1780868935777 0.4757184386253357 788
1780868935782 0.3623923063278198 789
1780868935787 0.35782235860824585 790
1780868935791 0.5371496677398682 791
1780868935794 0.3957103490829468 792
1780868935799 0.32388800382614136 793
1780868935804 0.2817566394805908 794
1780868935807 0.2616228461265564 795
1780868935812 0.3032686710357666 796
1780868935818 0.3571684956550598 797
1780868935822 0.23010404407978058 798
1780868935825 0.4289761483669281 799
1780868935830 0.45995619893074036 800
1780868935834 0.46655431389808655 801
1780868935838 0.2072344720363617 802
1780868935842 0.3960958421230316 803
1780868935847 0.35330691933631897 804
1780868935852 0.24427354335784912 805
1780868935855 0.2772814929485321 806
1780868935860 0.23886772990226746 807
1780868935864 0.2808661162853241 808
1780868935870 0.39470845460891724 809
1780868935874 0.20204530656337738 810
1780868935879 0.3553180694580078 811
1780868935883 0.2632504105567932 812
1780868935887 0.27592599391937256 813
1780868935891 0.2678408622741699 814
1780868935896 0.3178541660308838 815
1780868935901 0.25270944833755493 816
1780868935905 0.33556947112083435 817
1780868935909 0.6435221433639526 818
1780868935914 0.2660728693008423 819
1780868935919 0.5814103484153748 820
1780868935923 0.30002743005752563 821
1780868935928 0.3540761172771454 822
1780868935933 0.46177467703819275 823
1780868935937 0.18837639689445496 824
1780868935940 0.5196212530136108 825
1780868935945 0.3449249267578125 826
1780868935949 0.2349376082420349 827
1780868935954 0.48408451676368713 828
1780868935960 0.46820491552352905 829
1780868935965 0.5571416020393372 830
1780868935969 0.2876770496368408 831
1780868935972 0.3715095520019531 832
1780868935977 0.3490844666957855 833
1780868935982 0.2603885233402252 834
1780868935986 0.5894402265548706 835
1780868935989 0.4091862142086029 836
1780868935994 0.5233034491539001 837
1780868935998 0.2829127311706543 838
1780868936002 0.3374747633934021 839
1780868936006 0.49469050765037537 840
1780868936011 0.21068379282951355 841
1780868936016 0.16698475182056427 842
1780868936019 0.6115363240242004 843
1780868936024 0.21407550573349 844
1780868936028 0.22979173064231873 845
1780868936032 0.2669512629508972 846
1780868936035 0.26874876022338867 847
1780868936038 0.25879114866256714 848
1780868936045 0.39301854372024536 849
1780868936050 0.39054709672927856 850
1780868936054 0.2332639843225479 851
1780868936059 0.5999069809913635 852
1780868936064 0.28880229592323303 853
1780868936067 0.24202358722686768 854
1780868936071 0.2816570997238159 855
1780868936076 0.24051271378993988 856
1780868936080 0.33801475167274475 857
1780868936085 0.2517896890640259 858
1780868936089 0.41649532318115234 859
1780868936094 0.3930073380470276 860
1780868936099 0.5181998610496521 861
1780868936103 0.48826223611831665 862
1780868936109 0.3027839958667755 863
1780868936113 0.331788033246994 864
1780868936117 0.45113617181777954 865
1780868936121 0.2506375312805176 866
1780868936125 0.4328407645225525 867
1780868936129 0.32473352551460266 868
1780868936133 0.6406235694885254 869
1780868936136 0.33813709020614624 870
1780868936140 0.31568676233291626 871
1780868936144 0.172983780503273 872
1780868936149 0.3038156032562256 873
1780868936152 0.2931811213493347 874
1780868936157 0.40993058681488037 875
1780868936161 0.3865315914154053 876
1780868936165 0.2465939074754715 877
1780868936169 0.4539952874183655 878
1780868936174 0.3937342166900635 879
1780868936178 0.27312391996383667 880
1780868936182 0.4198431372642517 881
1780868936187 0.43933460116386414 882
1780868936191 0.32769501209259033 883
1780868936196 0.39141732454299927 884
1780868936200 0.3735353648662567 885
1780868936204 0.3387009799480438 886
1780868936208 0.23246456682682037 887
1780868936213 0.22885647416114807 888
1780868936217 0.4587668776512146 889
1780868936220 0.2279650717973709 890
1780868936225 0.4562545120716095 891
1780868936229 0.2827460467815399 892
1780868936232 0.4065565764904022 893
1780868936236 0.20876125991344452 894
1780868936240 0.3599308729171753 895
1780868936244 0.4973317086696625 896
1780868936248 0.2814531624317169 897
1780868936253 0.5741205215454102 898
1780868936257 0.36002442240715027 899
1780868936260 0.3779312074184418 900
1780868936264 0.2836121618747711 901
1780868936268 0.4424307346343994 902
1780868936274 0.7069630026817322 903
1780868936278 0.2933661937713623 904
1780868936282 0.3268115520477295 905
1780868936286 0.26203933358192444 906
1780868936292 0.5253203511238098 907
1780868936295 0.2651354968547821 908
1780868936299 0.3230116367340088 909
1780868936303 0.3491309583187103 910
1780868936307 0.6423403024673462 911
1780868936311 0.3219541311264038 912
1780868936316 0.34601855278015137 913
1780868936322 0.2703659236431122 914
1780868936326 0.3431739807128906 915
1780868936329 0.45964086055755615 916
1780868936333 0.2252516895532608 917
1780868936337 0.285670667886734 918
1780868936343 0.8473918437957764 919
1780868936347 0.4770042300224304 920
1780868936352 0.37324732542037964 921
1780868936357 0.2569592297077179 922
1780868936361 0.4724864363670349 923
1780868936365 0.3815241754055023 924
1780868936370 0.23483213782310486 925
1780868936374 0.4973253607749939 926
1780868936377 0.4408283829689026 927
1780868936381 0.3336084187030792 928
1780868936385 0.34385204315185547 929
1780868936391 0.2508474886417389 930
1780868936394 0.16799110174179077 931
1780868936400 0.4975953996181488 932
1780868936404 0.30641382932662964 933
1780868936409 0.24236944317817688 934
1780868936412 0.287415087223053 935
1780868936417 0.5392981767654419 936
1780868936640 0.395937442779541 937
1780868936643 0.34890010952949524 938
1780868936648 0.32988250255584717 939
1780868936652 0.5226770043373108 940
1780868936656 0.3999638259410858 941
1780868936659 0.36418381333351135 942
1780868936664 0.4766518771648407 943
1780868936668 0.31677502393722534 944
1780868936673 0.48340511322021484 945
1780868936677 0.4771661162376404 946
1780868936681 0.39326241612434387 947
1780868936685 0.5947461724281311 948
1780868936690 0.26184436678886414 949
1780868936696 0.2831627428531647 950
1780868936700 0.4241286516189575 951
1780868936704 0.33261916041374207 952
1780868936708 0.48218467831611633 953
1780868936712 0.39306724071502686 954
1780868936717 0.3104068338871002 955
1780868936720 0.2742913067340851 956
1780868936724 0.5486769676208496 957
1780868936728 0.19663909077644348 958
1780868936732 0.48662570118904114 959
1780868936736 0.3503630757331848 960
1780868936740 0.47094443440437317 961
1780868936745 0.15300747752189636 962
1780868936750 0.33689478039741516 963
1780868936754 0.32306692004203796 964
1780868936759 0.16809652745723724 965
1780868936764 0.3854692578315735 966
1780868936768 0.29000961780548096 967
1780868936772 0.4574168026447296 968
1780868936776 0.3354854881763458 969
1780868936781 0.3780739903450012 970
1780868936785 0.3835524022579193 971
1780868936788 0.40855082869529724 972
1780868936793 0.47190049290657043 973
1780868936797 0.16472545266151428 974
1780868936801 0.309425413608551 975
1780868936805 0.12452536821365356 976
1780868936809 0.2169373333454132 977
1780868936814 0.21399220824241638 978
1780868936819 0.38758236169815063 979
1780868936823 0.6136151552200317 980
1780868936828 0.6046130061149597 981
1780868936832 0.32714927196502686 982
1780868936836 0.5090091824531555 983
1780868936840 0.27518579363822937 984
1780868936845 0.3303607404232025 985
1780868936849 0.3995688259601593 986
1780868936852 0.2870669662952423 987
1780868936856 0.49594616889953613 988
1780868936861 0.15687422454357147 989
1780868936865 0.16333824396133423 990
1780868936868 0.34205737709999084 991
1780868936872 0.33386868238449097 992
1780868936877 0.3410496115684509 993
1780868936881 0.3369286060333252 994
1780868936884 0.24729683995246887 995
1780868936890 0.35137632489204407 996
1780868936894 0.28450271487236023 997
1780868936899 0.31230470538139343 998
1780868936903 0.3973858058452606 999
1780868936907 0.47760897874832153 1000
1780868936911 0.2584495544433594 1001
1780868936915 0.18605583906173706 1002
1780868936918 0.189124196767807 1003
1780868936922 0.3383788466453552 1004
1780868936926 0.2370036393404007 1005
1780868936930 0.4493907690048218 1006
1780868936934 0.5769926905632019 1007
1780868936938 0.49081021547317505 1008
1780868936942 0.37612083554267883 1009
1780868936947 0.4317370653152466 1010
1780868936951 0.2535479664802551 1011
1780868936954 0.30576983094215393 1012
1780868936959 0.14155153930187225 1013
1780868936963 0.2874875068664551 1014
1780868936969 0.3486844599246979 1015
1780868936973 0.3286246955394745 1016
1780868936978 0.41397109627723694 1017
1780868936981 0.28099799156188965 1018
1780868936984 0.3604840338230133 1019
1780868936988 0.2406107485294342 1020
1780868936993 0.17634418606758118 1021
1780868936998 0.4082934856414795 1022
1780868937001 0.39778995513916016 1023
1780868937007 0.6396464705467224 1024
1780868937011 0.38713693618774414 1025
1780868937015 0.33297213912010193 1026
1780868937019 0.24357059597969055 1027
1780868937024 0.2541261315345764 1028
1780868937028 0.16737347841262817 1029
1780868937031 0.3229941725730896 1030
1780868937035 0.35304975509643555 1031
1780868937039 0.399032860994339 1032
1780868937043 0.37279653549194336 1033
1780868937047 0.2582316994667053 1034
1780868937054 0.27297359704971313 1035
1780868937059 0.31123724579811096 1036
1780868937064 0.3562626242637634 1037
1780868937069 0.33720114827156067 1038
1780868937074 0.25278180837631226 1039
1780868937078 0.4175001084804535 1040
1780868937081 0.3065377473831177 1041
1780868937084 0.13413210213184357 1042
1780868937089 0.4482199549674988 1043
1780868937093 0.5682666301727295 1044
1780868937098 0.27690088748931885 1045
1780868937101 0.24409423768520355 1046
1780868937106 0.2849080264568329 1047
1780868937110 0.3303474485874176 1048
1780868937114 0.36130213737487793 1049
1780868937117 0.3680865168571472 1050
1780868937122 0.40060117840766907 1051
1780868937127 0.3146366775035858 1052
1780868937130 0.37147149443626404 1053
1780868937136 0.18317578732967377 1054
1780868937140 0.27830833196640015 1055
1780868937147 0.4210679233074188 1056
1780868937150 0.37351489067077637 1057
1780868937155 0.4351658821105957 1058
1780868937159 0.30516162514686584 1059
1780868937163 0.4881300628185272 1060
1780868937167 0.4729069471359253 1061
1780868937172 0.301332950592041 1062
1780868937176 0.44755417108535767 1063
1780868937182 0.4557882845401764 1064
1780868937187 0.3078136444091797 1065
1780868937191 0.2737787961959839 1066
1780868937196 0.2761063277721405 1067
1780868937200 0.48691436648368835 1068
1780868937204 0.29587599635124207 1069
1780868937208 0.23485210537910461 1070
1780868937211 0.39089128375053406 1071
1780868937215 0.38281935453414917 1072
1780868937220 0.6998600959777832 1073
1780868937225 0.4168260097503662 1074
1780868937228 0.18553632497787476 1075
1780868937232 0.40744978189468384 1076
1780868937236 0.6568126678466797 1077
1780868937239 0.24213840067386627 1078
1780868937243 0.507495641708374 1079
1780868937246 0.1889389604330063 1080
1780868937250 0.308508038520813 1081
1780868937254 0.304238885641098 1082
1780868937258 0.3625260889530182 1083
1780868937262 0.4030461609363556 1084
1780868937266 0.4208833575248718 1085
1780868937270 0.2971200942993164 1086
1780868937274 0.3283044695854187 1087
1780868937278 0.30920058488845825 1088
1780868937281 0.34752219915390015 1089
1780868937286 0.25954127311706543 1090
1780868937290 0.443687379360199 1091
1780868937293 0.30986833572387695 1092
1780868937297 0.383141428232193 1093
1780868937301 0.21944573521614075 1094
1780868937305 0.39687713980674744 1095
1780868937309 0.24092815816402435 1096
1780868937312 0.453098863363266 1097
1780868937316 0.39733272790908813 1098
1780868937320 0.2078266590833664 1099
1780868937324 0.5588952898979187 1100
1780868937328 0.5227717757225037 1101
1780868937332 0.43112844228744507 1102
1780868937336 0.24036099016666412 1103
1780868937340 0.2961582541465759 1104
1780868937343 0.2256653755903244 1105
1780868937348 0.42785730957984924 1106
1780868937352 0.2879633605480194 1107
1780868937356 0.47056642174720764 1108
1780868937359 0.3356102406978607 1109
1780868937363 0.33770063519477844 1110
1780868937367 0.28680357336997986 1111
1780868937371 0.31818175315856934 1112
1780868937375 0.5284346342086792 1113
1780868937379 0.3731572926044464 1114
1780868937384 0.43200135231018066 1115
1780868937388 0.3187945783138275 1116
1780868937393 0.29134461283683777 1117
1780868937397 0.4777301251888275 1118
1780868937401 0.182653546333313 1119
1780868937405 0.12873700261116028 1120
1780868937408 0.19455310702323914 1121
1780868937411 0.33868056535720825 1122
1780868937415 0.30618816614151 1123
1780868937419 0.2066059559583664 1124
1780868937423 0.22031237185001373 1125
1780868937427 0.4958881437778473 1126
1780868937431 0.43125391006469727 1127
1780868937434 0.4217568039894104 1128
1780868937439 0.47976937890052795 1129
1780868937443 0.20760990679264069 1130
1780868937448 0.3307301998138428 1131
1780868937452 0.48595309257507324 1132
1780868937456 0.2917175590991974 1133
1780868937460 0.38594403862953186 1134
1780868937465 0.29833555221557617 1135
1780868937469 0.2608187198638916 1136
1780868937473 0.3509542644023895 1137
1780868937477 0.4416801631450653 1138
1780868937481 0.33582013845443726 1139
1780868937485 0.45217886567115784 1140
1780868937490 0.2132323831319809 1141
1780868937493 0.29240643978118896 1142
1780868937498 0.3897714614868164 1143
1780868937502 0.3694840371608734 1144
1780868937505 0.27734142541885376 1145
1780868937509 0.22319039702415466 1146
1780868937514 0.3912559449672699 1147
1780868937518 0.3970890939235687 1148
1780868937522 0.48419898748397827 1149
1780868937525 0.3021109998226166 1150
1780868937529 0.19142723083496094 1151
1780868937533 0.2641622722148895 1152
1780868937537 0.46266910433769226 1153
1780868937540 0.22450385987758636 1154
1780868937544 0.27836254239082336 1155
1780868937548 0.5269967913627625 1156
1780868937552 0.4441818296909332 1157
1780868937558 0.3041379153728485 1158
1780868937563 0.4140566885471344 1159
1780868937567 0.48021116852760315 1160
1780868937571 0.49877241253852844 1161
1780868937575 0.5080344080924988 1162
1780868937580 0.19609762728214264 1163
1780868937585 0.423936665058136 1164
1780868937588 0.2034994512796402 1165
1780868937592 0.2272091656923294 1166
1780868937597 0.17052844166755676 1167
1780868937602 0.3023737967014313 1168
1780868937606 0.37737834453582764 1169
1780868937611 0.19592012465000153 1170
1780868937615 0.35742419958114624 1171
1780868937620 0.22113995254039764 1172
1780868937623 0.3768622577190399 1173
1780868937629 0.38067933917045593 1174
1780868937633 0.3083702325820923 1175
1780868937638 0.3355257213115692 1176
1780868937641 0.23332035541534424 1177
1780868937645 0.3595188856124878 1178
1780868937649 0.392855703830719 1179
1780868937653 0.29184961318969727 1180
1780868937657 0.20223785936832428 1181
1780868937663 0.4134421646595001 1182
1780868937667 0.43032780289649963 1183
1780868937670 0.531198263168335 1184
1780868937674 0.3048418164253235 1185
1780868937678 0.28090202808380127 1186
1780868937682 0.2908085286617279 1187
1780868937687 0.2692521810531616 1188
1780868937690 0.27722200751304626 1189
1780868937694 0.2770799398422241 1190
1780868937698 0.3469078540802002 1191
1780868937702 0.2786162197589874 1192
1780868937705 0.3254905939102173 1193
1780868937710 0.25581854581832886 1194
1780868937714 0.2839653193950653 1195
1780868937718 0.24132302403450012 1196
1780868937722 0.23030921816825867 1197
1780868937727 0.5841986536979675 1198
1780868937731 0.363040030002594 1199
1780868937735 0.6205070614814758 1200
1780868937738 0.4375706911087036 1201
1780868937743 0.39708927273750305 1202
1780868937747 0.6523984670639038 1203
1780868937751 0.2838191092014313 1204
1780868937755 0.39457741379737854 1205
1780868937760 0.4625001549720764 1206
1780868937763 0.2887142598628998 1207
1780868937767 0.2295324206352234 1208
1780868937772 0.2611359655857086 1209
1780868937776 0.3385911285877228 1210
1780868937781 0.20794613659381866 1211
1780868937784 0.5853659510612488 1212
1780868937788 0.34557944536209106 1213
1780868937793 0.372354656457901 1214
1780868937796 0.2968091666698456 1215
1780868937800 0.16667479276657104 1216
1780868937803 0.27563926577568054 1217
1780868937807 0.1690952479839325 1218
1780868937811 0.2882000803947449 1219
1780868937815 0.40279150009155273 1220
1780868937819 0.3836759924888611 1221
1780868937823 0.32912471890449524 1222
1780868937828 0.2852250933647156 1223
1780868937834 0.24716167151927948 1224
1780868937837 0.46015214920043945 1225
1780868937841 0.3319152593612671 1226
1780868937847 0.454159140586853 1227
1780868937850 0.3764055669307709 1228
1780868937857 0.552480936050415 1229
1780868937862 0.19110694527626038 1230
1780868937867 0.40171846747398376 1231
1780868937871 0.42160406708717346 1232
1780868937876 0.2602410614490509 1233
1780868937880 0.2980335056781769 1234
1780868937884 0.5007945895195007 1235
1780868937888 0.2434355467557907 1236
1780868937892 0.2653508484363556 1237
1780868937896 0.24103930592536926 1238
1780868937900 0.42453327775001526 1239
1780868937904 0.4557000994682312 1240
1780868937908 0.37892332673072815 1241
1780868937912 0.33731716871261597 1242
1780868937916 0.2833021581172943 1243
1780868937921 0.3219837546348572 1244
1780868937925 0.29414018988609314 1245
1780868937929 0.46135735511779785 1246
1780868937933 0.23198285698890686 1247
1780868937937 0.2898431718349457 1248
1780868937941 0.3197539150714874 1249
1780868937946 0.28662848472595215 1250
1780868937950 0.19084005057811737 1251
1780868937955 0.3561736047267914 1252
1780868937960 0.3725496530532837 1253
1780868937964 0.2750578820705414 1254
1780868937967 0.32399067282676697 1255
1780868937971 0.47846880555152893 1256
1780868937977 0.4376480281352997 1257
1780868937981 0.17994248867034912 1258
1780868937984 0.507022500038147 1259
1780868937990 0.30779871344566345 1260
1780868937993 0.3375380039215088 1261
1780868937997 0.22457543015480042 1262
1780868938001 0.2558346688747406 1263
1780868938005 0.277809202671051 1264
1780868938010 0.2609860301017761 1265
1780868938014 0.2770855128765106 1266
1780868938020 0.5359836220741272 1267
1780868938024 0.37638476490974426 1268
1780868938028 0.20927348732948303 1269
1780868938032 0.15371446311473846 1270
1780868938038 0.28971007466316223 1271
1780868938041 0.582263708114624 1272
1780868938045 0.3912726938724518 1273
1780868938049 0.3625779449939728 1274
1780868938055 0.43306607007980347 1275
1780868938061 0.4156736731529236 1276
1780868938065 0.5378934741020203 1277
1780868938070 0.535733699798584 1278
1780868938075 0.45739009976387024 1279
1780868938079 0.38671958446502686 1280
1780868938082 0.35167476534843445 1281
1780868938087 0.308498740196228 1282
1780868938091 0.5996407866477966 1283
1780868938094 0.16671428084373474 1284
1780868938098 0.46645355224609375 1285
1780868938102 0.2781601548194885 1286
1780868938107 0.38859954476356506 1287
1780868938112 0.4529240131378174 1288
1780868938117 0.3503057360649109 1289
1780868938122 0.286800742149353 1290
1780868938126 0.21488656103610992 1291
1780868938129 0.3421992361545563 1292
1780868938135 0.18789136409759521 1293
1780868938139 0.3757667541503906 1294
1780868938143 0.4439705014228821 1295
1780868938147 0.29039236903190613 1296
1780868938151 0.5981376767158508 1297
1780868938156 0.3148641884326935 1298
1780868938160 0.14690715074539185 1299
1780868938164 0.4714002311229706 1300
1780868938168 0.30152085423469543 1301
1780868938174 0.2794136106967926 1302
1780868938178 0.21099230647087097 1303
1780868938182 0.37533676624298096 1304
1780868938187 0.406726211309433 1305
1780868938191 0.40866023302078247 1306
1780868938194 0.15947502851486206 1307
1780868938198 0.4365618824958801 1308
1780868938203 0.5692421197891235 1309
1780868938207 0.3388328552246094 1310
1780868938210 0.1432584971189499 1311
1780868938214 0.28062254190444946 1312
1780868938218 0.2953750193119049 1313
1780868938223 0.326134592294693 1314
1780868938226 0.2918248474597931 1315
1780868938231 0.29631876945495605 1316
1780868938235 0.24139705300331116 1317
1780868938239 0.3235867917537689 1318
1780868938244 0.3080771267414093 1319
1780868938248 0.24886415898799896 1320
1780868938252 0.5189073085784912 1321
1780868938257 0.5519967079162598 1322
1780868938260 0.3346421420574188 1323
1780868938264 0.18189039826393127 1324
1780868938268 0.2765427231788635 1325
1780868938273 0.15360449254512787 1326
1780868938278 0.2537236213684082 1327
1780868938283 0.34282806515693665 1328
1780868938287 0.20557110011577606 1329
1780868938292 0.17469947040081024 1330
1780868938295 0.4697727560997009 1331
1780868938299 0.20281049609184265 1332
1780868938306 0.3379889726638794 1333
1780868938309 0.39912736415863037 1334
1780868938313 0.37055930495262146 1335
1780868938317 0.4586220681667328 1336
1780868938321 0.3148810565471649 1337
1780868938325 0.3655111789703369 1338
1780868938329 0.3632546663284302 1339
1780868938333 0.2409002035856247 1340
1780868938337 0.47345593571662903 1341
1780868938340 0.38048055768013 1342
1780868938346 0.4831203818321228 1343
1780868938351 0.2599753737449646 1344
1780868938355 0.2782624661922455 1345
1780868938359 0.2267192304134369 1346
1780868938364 0.4028056859970093 1347
1780868938368 0.5894755125045776 1348
1780868938371 0.24395862221717834 1349
1780868938375 0.44781386852264404 1350
1780868938380 0.2156466692686081 1351
1780868938384 0.44453519582748413 1352
1780868938389 0.520629346370697 1353
1780868938392 0.32200562953948975 1354
1780868938397 0.4505579471588135 1355
1780868938401 0.28874361515045166 1356
1780868938406 0.3254050016403198 1357
1780868938410 0.2053038328886032 1358
1780868938414 0.34727150201797485 1359
1780868938419 0.4295934736728668 1360
1780868938423 0.3307088613510132 1361
1780868938427 0.37440669536590576 1362
1780868938431 0.3764289617538452 1363
1780868938436 0.4214538633823395 1364
1780868938440 0.33041802048683167 1365
1780868938444 0.5113398432731628 1366
1780868938449 0.37947705388069153 1367
1780868938453 0.31451162695884705 1368
1780868938456 0.35946884751319885 1369
1780868938460 0.4726746082305908 1370
1780868938465 0.26162606477737427 1371
1780868938469 0.3158789873123169 1372
1780868938473 0.2753504514694214 1373
1780868938477 0.23845411837100983 1374
1780868938482 0.266941100358963 1375
1780868938487 0.4473353922367096 1376
1780868938491 0.2576915919780731 1377
1780868938496 0.2892144024372101 1378
1780868938500 0.4553757607936859 1379
1780868938504 0.433881551027298 1380
1780868938507 0.25082358717918396 1381
1780868938511 0.37476179003715515 1382
1780868938516 0.32350441813468933 1383
1780868938519 0.28173336386680603 1384
1780868938524 0.28051355481147766 1385
1780868938528 0.6304726600646973 1386
1780868938533 0.6235264539718628 1387
1780868938537 0.3964862525463104 1388
1780868938542 0.24987269937992096 1389
1780868938547 0.40539196133613586 1390
1780868938551 0.24363945424556732 1391
1780868938557 0.34641632437705994 1392
1780868938562 0.23887473344802856 1393
1780868938568 0.2789354920387268 1394
1780868938573 0.43874481320381165 1395
1780868938578 0.3391193151473999 1396
1780868938582 0.39433038234710693 1397
1780868938587 0.3110412657260895 1398
1780868938592 0.3704031705856323 1399
1780868938596 0.32713693380355835 1400
1780868938600 0.2843625843524933 1401
1780868938604 0.511163592338562 1402
1780868938610 0.22529947757720947 1403
1780868938614 0.4357510507106781 1404
1780868938618 0.2636241316795349 1405
1780868938624 0.34949690103530884 1406
1780868938628 0.17287671566009521 1407
1780868938633 0.40403392910957336 1408
1780868938636 0.1909160017967224 1409
1780868938639 0.12608622014522552 1410
1780868938644 0.28881746530532837 1411
1780868938649 0.47833073139190674 1412
1780868938652 0.29015451669692993 1413
1780868938656 0.32633835077285767 1414
1780868938662 0.26092877984046936 1415
1780868938666 0.3170739412307739 1416
1780868938669 0.3106784224510193 1417
1780868938673 0.30535924434661865 1418
1780868938678 0.35263392329216003 1419
1780868938682 0.4292714595794678 1420
1780868938686 0.43281030654907227 1421
1780868938691 0.22653768956661224 1422
1780868938695 0.2626012861728668 1423
1780868938699 0.25787046551704407 1424
1780868938705 0.4841834604740143 1425
1780868938709 0.3330303728580475 1426
1780868938713 0.22279991209506989 1427
1780868938718 0.3447352945804596 1428
1780868938722 0.26544031500816345 1429
1780868938727 0.2668510377407074 1430
1780868938732 0.12471021711826324 1431
1780868938735 0.32151517271995544 1432
1780868938740 0.32190173864364624 1433
1780868938745 0.29671984910964966 1434
1780868938750 0.33143287897109985 1435
1780868938754 0.5423197150230408 1436
1780868938758 0.383402019739151 1437
1780868938763 0.2272702306509018 1438
1780868938766 0.3431525230407715 1439
1780868938770 0.30154505372047424 1440
1780868938775 0.3618323802947998 1441
1780868938779 0.2829245328903198 1442
1780868938783 0.31302329897880554 1443
1780868938789 0.2684084177017212 1444
1780868938794 0.3058919906616211 1445
1780868938798 0.2881045639514923 1446
1780868938802 0.18923033773899078 1447
1780868938807 0.3382120132446289 1448
1780868938811 0.36758896708488464 1449
1780868938815 0.3572293221950531 1450
1780868938821 0.3222867250442505 1451
1780868938825 0.5482697486877441 1452
1780868938829 0.3296842575073242 1453
1780868938834 0.3484376072883606 1454
1780868938838 0.28375717997550964 1455
1780868938843 0.33241456747055054 1456
1780868938847 0.3223443031311035 1457
1780868938852 0.3231215476989746 1458
1780868938856 0.3526206910610199 1459
1780868938861 0.217426136136055 1460
1780868938865 0.23757731914520264 1461
1780868938868 0.23859111964702606 1462
1780868938873 0.16531632840633392 1463
1780868938877 0.32638320326805115 1464
1780868938880 0.37311655282974243 1465
1780868938884 0.6438422203063965 1466
1780868938888 0.3508329689502716 1467
1780868938893 0.5474315285682678 1468
1780868938897 0.16390790045261383 1469
1780868938903 0.18029624223709106 1470
1780868938907 0.15736545622348785 1471
1780868938911 0.17079567909240723 1472
1780868938916 0.3082462251186371 1473
1780868938922 0.4235903024673462 1474
1780868938928 0.2998006045818329 1475
1780868938932 0.24893371760845184 1476
1780868938936 0.19125841557979584 1477
1780868938941 0.4927241802215576 1478
1780868938946 0.3896743953227997 1479
1780868938949 0.3542715013027191 1480
1780868938954 0.5109682083129883 1481
1780868938959 0.5237990021705627 1482
1780868938964 0.29272332787513733 1483
1780868938968 0.28459054231643677 1484
1780868938972 0.4309554994106293 1485
1780868938976 0.27623406052589417 1486
1780868938981 0.4289068281650543 1487
1780868938985 0.29659056663513184 1488
1780868938989 0.4202752113342285 1489
1780868938994 0.329500675201416 1490
1780868938998 0.20626327395439148 1491
1780868939003 0.4263380467891693 1492
1780868939010 0.34999504685401917 1493
1780868939014 0.19512657821178436 1494
1780868939020 0.410523384809494 1495
1780868939024 0.35296615958213806 1496
1780868939028 0.3295445144176483 1497
1780868939032 0.21963359415531158 1498
1780868939036 0.18642155826091766 1499
1780868939040 0.41691234707832336 1500
1780868939044 0.23577484488487244 1501
1780868939048 0.3718931972980499 1502
1780868939053 0.2637067437171936 1503
1780868939057 0.38417690992355347 1504
1780868939061 0.34242770075798035 1505
1780868939066 0.2672841548919678 1506
1780868939071 0.42390766739845276 1507
1780868939074 0.2594994902610779 1508
1780868939079 0.24973948299884796 1509
1780868939085 0.2547774910926819 1510
1780868939089 0.39345014095306396 1511
1780868939092 0.4414951801300049 1512
1780868939097 0.32891473174095154 1513
1780868939101 0.30861952900886536 1514
1780868939105 0.6765750646591187 1515
1780868939110 0.24949653446674347 1516
1780868939113 0.1772371530532837 1517
1780868939118 0.3970063328742981 1518
1780868939121 0.2952939569950104 1519
1780868939126 0.5118403434753418 1520
1780868939130 0.319912850856781 1521
1780868939135 0.27396509051322937 1522
1780868939139 0.38555726408958435 1523
1780868939142 0.6002156138420105 1524
1780868939146 0.269470751285553 1525
1780868939150 0.33845430612564087 1526
1780868939155 0.44240453839302063 1527
1780868939159 0.48362305760383606 1528
1780868939165 0.44838109612464905 1529
1780868939170 0.34714722633361816 1530
1780868939174 0.32225409150123596 1531
1780868939178 0.26025325059890747 1532
1780868939183 0.41940271854400635 1533
1780868939188 0.19633302092552185 1534
1780868939191 0.26851704716682434 1535
1780868939195 0.25450292229652405 1536
1780868939199 0.2908845543861389 1537
1780868939204 0.3145439028739929 1538
1780868939207 0.28408005833625793 1539
1780868939211 0.35268434882164 1540
1780868939216 0.4946958124637604 1541
1780868939221 0.253524512052536 1542
1780868939227 0.09532979130744934 1543
1780868939233 0.3439849317073822 1544
1780868939237 0.42416617274284363 1545
1780868939241 0.4178808927536011 1546
1780868939247 0.3342844247817993 1547
1780868939251 0.21159039437770844 1548
1780868939256 0.45035654306411743 1549
1780868939260 0.3450221121311188 1550
1780868939265 0.22488054633140564 1551
1780868939268 0.44364219903945923 1552
1780868939272 0.3329162895679474 1553
1780868939276 0.29909828305244446 1554
1780868939281 0.27655401825904846 1555
1780868939286 0.32392802834510803 1556
1780868939290 0.21384719014167786 1557
1780868939293 0.29898256063461304 1558
1780868939299 0.379477858543396 1559
1780868939303 0.3169495165348053 1560
1780868939307 0.32561466097831726 1561
1780868939312 0.19158637523651123 1562
1780868939317 0.23992623388767242 1563
1780868939321 0.3213493227958679 1564
1780868939325 0.15774177014827728 1565
1780868939330 0.2857716381549835 1566
1780868939335 0.29895341396331787 1567
1780868939338 0.20289796590805054 1568
1780868939344 0.11249955743551254 1569
1780868939347 0.40627798438072205 1570
1780868939351 0.42404186725616455 1571
1780868939355 0.4544055163860321 1572
1780868939360 0.2022199034690857 1573
1780868939364 0.22796130180358887 1574
1780868939368 0.3142012357711792 1575
1780868939371 0.31806784868240356 1576
1780868939375 0.5870758295059204 1577
1780868939380 0.19903451204299927 1578
1780868939384 0.1367647796869278 1579
1780868939387 0.2809612452983856 1580
1780868939391 0.46275249123573303 1581
1780868939395 0.31022554636001587 1582
1780868939400 0.39911994338035583 1583
1780868939404 0.3014504313468933 1584
1780868939408 0.3027871549129486 1585
1780868939413 0.4505094885826111 1586
1780868939417 0.268449068069458 1587
1780868939422 0.5284993648529053 1588
1780868939427 0.5153120160102844 1589
1780868939431 0.17531299591064453 1590
1780868939434 0.21129435300827026 1591
1780868939438 0.2519429922103882 1592
1780868939443 0.3814619779586792 1593
1780868939447 0.3480098247528076 1594
1780868939451 0.35725581645965576 1595
1780868939454 0.2706950008869171 1596
1780868939461 0.4873683750629425 1597
1780868939465 0.23640216886997223 1598
1780868939471 0.3581927418708801 1599
1780868939476 0.46431276202201843 1600
1780868939479 0.20136983692646027 1601
1780868939485 0.513848602771759 1602
1780868939489 0.37594860792160034 1603
1780868939494 0.30538037419319153 1604
1780868939498 0.26100802421569824 1605
1780868939502 0.17703811824321747 1606
1780868939508 0.476916640996933 1607
1780868939512 0.24450282752513885 1608
1780868939516 0.17935265600681305 1609
1780868939519 0.2543328106403351 1610
1780868939523 0.2281273901462555 1611
1780868939527 0.3311784863471985 1612
1780868939531 0.24955911934375763 1613
1780868939535 0.3943387567996979 1614
1780868939539 0.4369853436946869 1615
1780868939543 0.4788159430027008 1616
1780868939547 0.3760697543621063 1617
1780868939551 0.3660440742969513 1618
1780868939556 0.49496498703956604 1619
1780868939564 0.2574005126953125 1620
1780868939569 0.2579789161682129 1621
1780868939574 0.1479083001613617 1622
1780868939578 0.32155641913414 1623
1780868939583 0.3197321891784668 1624
1780868939587 0.25170522928237915 1625
1780868939592 0.3631913959980011 1626
1780868939596 0.34097129106521606 1627
1780868939600 0.4474867880344391 1628
1780868939603 0.3391443192958832 1629
1780868939607 0.3295791447162628 1630
1780868939611 0.3657793700695038 1631
1780868939616 0.44362378120422363 1632
1780868939619 0.21208316087722778 1633
1780868939625 0.24734584987163544 1634
1780868939630 0.2871423065662384 1635
1780868939635 0.22834797203540802 1636
1780868939639 0.15087614953517914 1637
1780868939644 0.29539352655410767 1638
1780868939647 0.2240498960018158 1639
1780868939651 0.45580044388771057 1640
1780868939655 0.23227599263191223 1641
1780868939660 0.2550394833087921 1642
1780868939664 0.35755103826522827 1643
1780868939667 0.20861327648162842 1644
1780868939672 0.340192973613739 1645
1780868939676 0.5011154413223267 1646
1780868939680 0.6483996510505676 1647
1780868939685 0.29418784379959106 1648
1780868939689 0.2404254525899887 1649
1780868939693 0.18261027336120605 1650
1780868939696 0.29681795835494995 1651
1780868939701 0.48677846789360046 1652
1780868939705 0.2191324681043625 1653
1780868939710 0.20493271946907043 1654
1780868939714 0.21141883730888367 1655
1780868939717 0.2599644660949707 1656
1780868939721 0.46904629468917847 1657
1780868939725 0.4550536274909973 1658
1780868939729 0.357765793800354 1659
1780868939733 0.31796446442604065 1660
1780868939738 0.43785226345062256 1661
1780868939743 0.2504381835460663 1662
1780868939746 0.2766302227973938 1663
1780868939750 0.5125104188919067 1664
1780868939755 0.3318857252597809 1665
1780868939760 0.2959321141242981 1666
1780868939763 0.2576024830341339 1667
1780868939767 0.287096232175827 1668
1780868939772 0.24508178234100342 1669
1780868939777 0.2266520857810974 1670
1780868939781 0.2987344264984131 1671
1780868939784 0.24005857110023499 1672
1780868939789 0.455649733543396 1673
1780868939793 0.6466854214668274 1674
1780868939797 0.30957645177841187 1675
1780868939800 0.19513975083827972 1676
1780868939806 0.418310284614563 1677
1780868939811 0.25937914848327637 1678
1780868939815 0.3309735953807831 1679
1780868939819 0.25604259967803955 1680
1780868939824 0.3308736979961395 1681
1780868939827 0.3881200850009918 1682
1780868939833 0.34796950221061707 1683
1780868939837 0.5888821482658386 1684
1780868939841 0.3762630224227905 1685
1780868939845 0.19113238155841827 1686
1780868939848 0.3266935348510742 1687
1780868939853 0.5136446952819824 1688
1780868939857 0.3034307360649109 1689
1780868939862 0.21130074560642242 1690
1780868939866 0.3647024631500244 1691
1780868939871 0.24372774362564087 1692
1780868939875 0.2817439138889313 1693
1780868939878 0.3330962657928467 1694
1780868939883 0.3870115280151367 1695
1780868939888 0.2528630495071411 1696
1780868939892 0.30128899216651917 1697
1780868939895 0.36811691522598267 1698
1780868939899 0.4464690685272217 1699
1780868939903 0.3723878562450409 1700
1780868939908 0.6034972667694092 1701
1780868939912 0.27106159925460815 1702
1780868939917 0.3729328215122223 1703
1780868939921 0.28610721230506897 1704
1780868939926 0.5915573239326477 1705
1780868939929 0.34619420766830444 1706
1780868939933 0.502029538154602 1707
1780868939937 0.3408080041408539 1708
1780868939943 0.1781594455242157 1709
1780868939949 0.26427921652793884 1710
1780868939953 0.20673498511314392 1711
1780868939957 0.30094170570373535 1712
1780868939960 0.3975581228733063 1713
1780868939965 0.43499791622161865 1714
1780868939969 0.37720176577568054 1715
1780868939974 0.2545388638973236 1716
1780868939978 0.3630785644054413 1717
1780868939984 0.3431091010570526 1718
1780868939988 0.4836481213569641 1719
1780868939992 0.2090776562690735 1720
1780868939995 0.18385049700737 1721
1780868939999 0.37954726815223694 1722
1780868940005 0.30168217420578003 1723
1780868940009 0.41234123706817627 1724
1780868940013 0.4368966817855835 1725
1780868940017 0.29310378432273865 1726
1780868940021 0.30690887570381165 1727
1780868940024 0.24944736063480377 1728
1780868940028 0.2448880523443222 1729
1780868940033 0.4397161900997162 1730
1780868940038 0.19617263972759247 1731
1780868940043 0.2587890625 1732
1780868940048 0.252981036901474 1733
1780868940053 0.5179410576820374 1734
1780868940056 0.3500385880470276 1735
1780868940059 0.32933029532432556 1736
1780868940064 0.3882546126842499 1737
1780868940068 0.34631580114364624 1738
1780868940073 0.24597033858299255 1739
1780868940076 0.16351599991321564 1740
1780868940081 0.23677325248718262 1741
1780868940087 0.30152806639671326 1742
1780868940092 0.35081249475479126 1743
1780868940098 0.40031129121780396 1744
1780868940102 0.2691669464111328 1745
1780868940106 0.16264203190803528 1746
1780868940112 0.2514732778072357 1747
1780868940117 0.4674823582172394 1748
1780868940120 0.35025569796562195 1749
1780868940125 0.11962886154651642 1750
1780868940131 0.2014368176460266 1751
1780868940137 0.2227979600429535 1752
1780868940141 0.2792525887489319 1753
1780868940145 0.4361143112182617 1754
1780868940149 0.293397456407547 1755
1780868940153 0.26405036449432373 1756
1780868940157 0.1562843769788742 1757
1780868940161 0.2838829755783081 1758
1780868940166 0.39047572016716003 1759
1780868940169 0.12172891199588776 1760
1780868940173 0.16365835070610046 1761
1780868940178 0.3617999255657196 1762
1780868940182 0.15496940910816193 1763
1780868940186 0.18226952850818634 1764
1780868940190 0.40125536918640137 1765
1780868940194 0.360174298286438 1766
1780868940199 0.23025840520858765 1767
1780868940203 0.22716501355171204 1768
1780868940207 0.26785895228385925 1769
1780868940212 0.45397821068763733 1770
1780868940217 0.515698254108429 1771
1780868940220 0.2408168613910675 1772
1780868940224 0.20943477749824524 1773
1780868940228 0.389507532119751 1774
1780868940233 0.31682875752449036 1775
1780868940237 0.28581881523132324 1776
1780868940241 0.23511038720607758 1777
1780868940246 0.2884044051170349 1778
1780868940251 0.346842885017395 1779
1780868940254 0.243737131357193 1780
1780868940258 0.17709170281887054 1781
1780868940264 0.4271688461303711 1782
1780868940268 0.23793542385101318 1783
1780868940271 0.2420242577791214 1784
1780868940276 0.3267182409763336 1785
1780868940280 0.5054360628128052 1786
1780868940284 0.22724686563014984 1787
1780868940289 0.2711130380630493 1788
1780868940295 0.3906339704990387 1789
1780868940300 0.33254504203796387 1790
1780868940303 0.22314423322677612 1791
1780868940307 0.4064226746559143 1792
1780868940312 0.3029939532279968 1793
1780868940316 0.39899441599845886 1794
1780868940320 0.5305851697921753 1795
1780868940325 0.42629924416542053 1796
1780868940329 0.08792556822299957 1797
1780868940333 0.4913940131664276 1798
1780868940336 0.1828194111585617 1799
1780868940341 0.48205724358558655 1800
1780868940345 0.3245092034339905 1801
1780868940348 0.31258419156074524 1802
1780868940351 0.28444239497184753 1803
1780868940355 0.43504196405410767 1804
1780868940360 0.17614354193210602 1805
1780868940364 0.2997105121612549 1806
1780868940368 0.2807375490665436 1807
1780868940371 0.4355386793613434 1808
1780868940375 0.23699137568473816 1809
1780868940380 0.3382042348384857 1810
1780868940384 0.36220166087150574 1811
1780868940388 0.6933625936508179 1812
1780868940393 0.2945699393749237 1813
1780868940399 0.47889769077301025 1814
1780868940402 0.31982260942459106 1815
1780868940407 0.22960498929023743 1816
1780868940412 0.4906209707260132 1817
1780868940415 0.23713938891887665 1818
1780868940419 0.274719774723053 1819
1780868940425 0.27561745047569275 1820
1780868940429 0.3590623736381531 1821
1780868940433 0.28348520398139954 1822
1780868940439 0.33680108189582825 1823
1780868940443 0.30760008096694946 1824
1780868940447 0.3481777310371399 1825
1780868940450 0.3215511739253998 1826
1780868940454 0.3606645166873932 1827
1780868940459 0.3569244146347046 1828
1780868940463 0.2763902246952057 1829
1780868940466 0.2242135852575302 1830
1780868940471 0.33956000208854675 1831
1780868940476 0.22029909491539001 1832
1780868940479 0.3523820638656616 1833
1780868940483 0.23329459130764008 1834
1780868940488 0.26358696818351746 1835
1780868940492 0.15685135126113892 1836
1780868940497 0.5564457774162292 1837
1780868940501 0.2459704726934433 1838
1780868940505 0.21216727793216705 1839
1780868940510 0.2723093628883362 1840
1780868940516 0.36373573541641235 1841
1780868940520 0.4758440852165222 1842
1780868940525 0.36514514684677124 1843
1780868940529 0.449652761220932 1844
1780868940532 0.31665199995040894 1845
1780868940537 0.29545858502388 1846
1780868940542 0.3045543432235718 1847
1780868940545 0.2008470892906189 1848
1780868940549 0.257865846157074 1849
1780868940552 0.2870090901851654 1850
1780868940557 0.14981909096240997 1851
1780868940562 0.3206147849559784 1852
1780868940565 0.17649202048778534 1853
1780868940569 0.42437970638275146 1854
1780868940574 0.5437672138214111 1855
1780868940579 0.49725064635276794 1856
1780868940583 0.2596568763256073 1857
1780868940588 0.265733927488327 1858
1780868940592 0.40686944127082825 1859
1780868940596 0.2744736075401306 1860
1780868940600 0.4611402451992035 1861
1780868940605 0.2848619520664215 1862
1780868940609 0.4120281934738159 1863
1780868940614 0.26023030281066895 1864
1780868940619 0.31356364488601685 1865
1780868940623 0.27958351373672485 1866
1780868940627 0.21901656687259674 1867
1780868940631 0.367790162563324 1868
1780868940636 0.4188291132450104 1869
1780868940641 0.1661510020494461 1870
1780868940644 0.38536638021469116 1871
1780868940648 0.4537508189678192 1872
1780868940653 0.2067233771085739 1873
1780868940882 0.23523610830307007 1874
1780868940886 0.2532429099082947 1875
1780868940891 0.5008481740951538 1876
1780868940894 0.24342507123947144 1877
1780868940899 0.2945898175239563 1878
1780868940903 0.22483395040035248 1879
1780868940907 0.22505474090576172 1880
1780868940912 0.2406032532453537 1881
1780868940917 0.3270225524902344 1882
1780868940921 0.3101266026496887 1883
1780868940925 0.20167899131774902 1884
1780868940929 0.2047700434923172 1885
1780868940933 0.2691666781902313 1886
1780868940937 0.34913337230682373 1887
1780868940941 0.23517949879169464 1888
1780868940945 0.32579487562179565 1889
1780868940950 0.3212844431400299 1890
1780868940954 0.4022054672241211 1891
1780868940958 0.18499453365802765 1892
1780868940962 0.3204311728477478 1893
1780868940967 0.20667098462581635 1894
1780868940972 0.23522557318210602 1895
1780868940976 0.5491211414337158 1896
1780868940980 0.19770748913288116 1897
1780868940986 0.20751717686653137 1898
1780868940990 0.2752493619918823 1899
1780868940995 0.3922578692436218 1900
1780868940999 0.5038647651672363 1901
1780868941003 0.4260441064834595 1902
1780868941007 0.22511112689971924 1903
1780868941010 0.17109443247318268 1904
1780868941014 0.3451404571533203 1905
1780868941019 0.4968828856945038 1906
1780868941024 0.30217990279197693 1907
1780868941028 0.22992922365665436 1908
1780868941033 0.27631646394729614 1909
1780868941036 0.2550780177116394 1910
1780868941040 0.5045211315155029 1911
1780868941044 0.2864900529384613 1912
1780868941048 0.5771019458770752 1913
1780868941052 0.4539508819580078 1914
1780868941055 0.2940714657306671 1915
1780868941060 0.27877166867256165 1916
1780868941064 0.312595397233963 1917
1780868941070 0.45592930912971497 1918
1780868941073 0.37500616908073425 1919
1780868941077 0.21755725145339966 1920
1780868941082 0.16501374542713165 1921
1780868941086 0.24259531497955322 1922
1780868941090 0.277521550655365 1923
1780868941097 0.45252835750579834 1924
1780868941115 0.18220099806785583 1925
1780868941120 0.43290719389915466 1926
1780868941123 0.20077911019325256 1927
1780868941128 0.2801362872123718 1928
1780868941132 0.3313848674297333 1929
1780868941136 0.34659141302108765 1930
1780868941139 0.46203264594078064 1931
1780868941145 0.26245108246803284 1932
1780868941149 0.5824384689331055 1933
1780868941153 0.4124123752117157 1934
1780868941157 0.22099515795707703 1935
1780868941163 0.38962680101394653 1936
1780868941167 0.31973767280578613 1937
1780868941171 0.35131052136421204 1938
1780868941177 0.24380458891391754 1939
1780868941181 0.6091605424880981 1940
1780868941185 0.22281640768051147 1941
1780868941188 0.2868429124355316 1942
1780868941193 0.650650143623352 1943
1780868941197 0.16649170219898224 1944
1780868941201 0.3012228310108185 1945
1780868941204 0.18835073709487915 1946
1780868941209 0.28576672077178955 1947
1780868941212 0.1967848837375641 1948
1780868941217 0.30608537793159485 1949
1780868941221 0.3626561462879181 1950
1780868941225 0.17497357726097107 1951
1780868941229 0.3605346977710724 1952
1780868941232 0.2712668180465698 1953
1780868941236 0.573656439781189 1954
1780868941239 0.2560792565345764 1955
1780868941244 0.5450491309165955 1956
1780868941247 0.2574591338634491 1957
1780868941251 0.5830662846565247 1958
1780868941256 0.24630847573280334 1959
1780868941260 0.4100927412509918 1960
1780868941265 0.21383172273635864 1961
1780868941268 0.17349344491958618 1962
1780868941272 0.3928079903125763 1963
1780868941276 0.2288064807653427 1964
1780868941280 0.2668127715587616 1965
1780868941284 0.47613176703453064 1966
1780868941290 0.22790437936782837 1967
1780868941294 0.1528952568769455 1968
1780868941298 0.2845827043056488 1969
1780868941304 0.27000191807746887 1970
1780868941308 0.23778532445430756 1971
1780868941312 0.2762173116207123 1972
1780868941316 0.2649710476398468 1973
1780868941320 0.3300599157810211 1974
1780868941324 0.24542297422885895 1975
1780868941328 0.4820348024368286 1976
1780868941331 0.3325638771057129 1977
1780868941334 0.30624836683273315 1978
1780868941338 0.271761953830719 1979
1780868941342 0.31706205010414124 1980
1780868941346 0.3504147529602051 1981
1780868941349 0.20926113426685333 1982
1780868941353 0.33682575821876526 1983
1780868941357 0.268018513917923 1984
1780868941489 0.23265504837036133 1985
1780868941492 0.26532796025276184 1986
1780868941496 0.29916563630104065 1987
1780868941499 0.3135555684566498 1988
1780868941503 0.2953847646713257 1989
1780868941506 0.1907179206609726 1990
1780868941510 0.2939136326313019 1991
1780868941513 0.46149030327796936 1992
1780868941516 0.34049075841903687 1993
1780868941520 0.35911422967910767 1994
1780868941523 0.25434350967407227 1995
1780868941526 0.25792431831359863 1996
1780868941530 0.3494609594345093 1997
1780868941534 0.39502963423728943 1998
1780868941538 0.20851843059062958 1999
1780868941541 0.3078586161136627 2000
1780868941545 0.2762416899204254 2001
1780868941548 0.25430944561958313 2002
1780868941551 0.3144056499004364 2003
1780868941555 0.3868866562843323 2004
1780868941559 0.12680189311504364 2005
1780868941562 0.24924439191818237 2006
1780868941565 0.16850817203521729 2007
1780868941569 0.39711204171180725 2008
1780868941573 0.2190771996974945 2009
1780868941577 0.22366493940353394 2010
1780868941580 0.36172398924827576 2011
1780868941585 0.37340155243873596 2012
1780868941588 0.45675504207611084 2013
1780868941592 0.4994972348213196 2014
1780868941595 0.24121615290641785 2015
1780868941598 0.43991750478744507 2016
1780868941603 0.3221810758113861 2017
1780868941607 0.4439191520214081 2018
1780868941611 0.28216108679771423 2019
1780868941614 0.3664923310279846 2020
1780868941618 0.43196359276771545 2021
1780868941623 0.34614938497543335 2022
1780868941626 0.4068280756473541 2023
1780868941631 0.30403992533683777 2024
1780868941635 0.1710776537656784 2025
1780868941639 0.2681320905685425 2026
1780868941642 0.315261572599411 2027
1780868941645 0.26751360297203064 2028
1780868941650 0.1837519109249115 2029
1780868941654 0.24205486476421356 2030
1780868941657 0.1717689484357834 2031
1780868941661 0.3265390694141388 2032
1780868942297 0.37091654539108276 2033
1780868942301 0.2730000615119934 2034
1780868942305 0.20314349234104156 2035
1780868942308 0.3281165659427643 2036
1780868942312 0.2589055597782135 2037
1780868942316 0.3341749906539917 2038
1780868942319 0.17947296798229218 2039
1780868942323 0.37971070408821106 2040
1780868942326 0.24517342448234558 2041
1780868942330 0.29176923632621765 2042
1780868942335 0.40462303161621094 2043
1780868942338 0.37750664353370667 2044
1780868942342 0.27829107642173767 2045
1780868942346 0.5318740606307983 2046
1780868942350 0.35556095838546753 2047
1780868942354 0.4099442958831787 2048
1780868942357 0.32956641912460327 2049
1780868942363 0.3464842736721039 2050
1780868942366 0.35509365797042847 2051
1780868942370 0.29982686042785645 2052
1780868942374 0.3937831521034241 2053
1780868942378 0.23497280478477478 2054
1780868942382 0.34310436248779297 2055
1780868942387 0.35743874311447144 2056
1780868942390 0.3511578440666199 2057
1780868942394 0.4594660699367523 2058
1780868942398 0.3547794818878174 2059
1780868942402 0.4039195477962494 2060
1780868942406 0.13150441646575928 2061
1780868942410 0.2066388875246048 2062
1780868942415 0.18488271534442902 2063
1780868942419 0.28218740224838257 2064
1780868942422 0.40571942925453186 2065
1780868942426 0.3895910978317261 2066
1780868942430 0.2580236792564392 2067
1780868942434 0.3077397644519806 2068
1780868942438 0.19144876301288605 2069
1780868942442 0.2246423363685608 2070
1780868942446 0.3989517390727997 2071
1780868942449 0.1300344616174698 2072
1780868942453 0.2555672824382782 2073
1780868942456 0.1681445986032486 2074
1780868942460 0.4299831688404083 2075
1780868942464 0.2797417640686035 2076
1780868942468 0.38474977016448975 2077
1780868942471 0.25947141647338867 2078
1780868942476 0.20847737789154053 2079
1780868942480 0.2494041919708252 2080
1780868942484 0.405422568321228 2081
1780868942490 0.2648501396179199 2082
1780868942496 0.35173943638801575 2083
1780868942499 0.3932059705257416 2084
1780868942504 0.3791966140270233 2085
1780868942508 0.2998024523258209 2086
1780868942512 0.3324888348579407 2087
1780868942516 0.18558131158351898 2088
1780868942520 0.2176458239555359 2089
1780868942524 0.5022685527801514 2090
1780868942528 0.30402517318725586 2091
1780868942532 0.29404833912849426 2092
1780868942536 0.3789668083190918 2093
1780868942542 0.17218293249607086 2094
1780868942547 0.33872443437576294 2095
1780868942551 0.1961582452058792 2096
1780868942556 0.5683814883232117 2097
1780868942561 0.40004000067710876 2098
1780868942565 0.22849813103675842 2099
1780868942568 0.27447018027305603 2100
1780868942574 0.42804282903671265 2101
1780868942578 0.3896466791629791 2102
1780868942582 0.23307456076145172 2103
1780868942585 0.30282706022262573 2104
1780868942591 0.26454514265060425 2105
1780868942595 0.39116841554641724 2106
1780868942599 0.3287145793437958 2107
1780868942602 0.264860600233078 2108
1780868942607 0.44633185863494873 2109
1780868942612 0.24747490882873535 2110
1780868942615 0.4362613260746002 2111
1780868942619 0.26771652698516846 2112
1780868942623 0.29960691928863525 2113
1780868942628 0.2095889151096344 2114
1780868942632 0.22665943205356598 2115
1780868942636 0.38524580001831055 2116
1780868942640 0.09306944161653519 2117
1780868942644 0.43060439825057983 2118
1780868942647 0.2661145031452179 2119
1780868942651 0.5310983657836914 2120
1780868942655 0.16421830654144287 2121
1780868942659 0.19083672761917114 2122
1780868942663 0.35448509454727173 2123
1780868942668 0.40905627608299255 2124
1780868942673 0.3027293086051941 2125
1780868942676 0.19299253821372986 2126
1780868942680 0.39118754863739014 2127
1780868942683 0.3427514433860779 2128
1780868942690 0.3312188386917114 2129
1780868942694 0.18789826333522797 2130
1780868942698 0.3009951412677765 2131
1780868942704 0.23990179598331451 2132
1780868942709 0.2870233356952667 2133
1780868942714 0.3776312470436096 2134
1780868942717 0.22989971935749054 2135
1780868942722 0.19169476628303528 2136
1780868942726 0.14954037964344025 2137
1780868942729 0.20574164390563965 2138
1780868942732 0.43912795186042786 2139
1780868942738 0.4868937134742737 2140
1780868942742 0.2515656352043152 2141
1780868942745 0.41737982630729675 2142
1780868942750 0.1500287503004074 2143
1780868942754 0.36307111382484436 2144
1780868942758 0.25882488489151 2145
1780868942762 0.3733176589012146 2146
1780868942765 0.2470148205757141 2147
1780868942770 0.4366416335105896 2148
1780868942774 0.23577150702476501 2149
1780868942779 0.36660245060920715 2150
1780868942782 0.33696630597114563 2151
1780868942787 0.15041621029376984 2152
1780868942791 0.23164278268814087 2153
1780868942795 0.4104838967323303 2154
1780868942799 0.23252040147781372 2155
1780868942804 0.3359323740005493 2156
1780868942808 0.34530162811279297 2157
1780868942812 0.2598104178905487 2158
1780868942817 0.19104616343975067 2159
1780868942821 0.41556474566459656 2160
1780868942825 0.3480234742164612 2161
1780868942829 0.2563364803791046 2162
1780868942832 0.5012156367301941 2163
1780868942838 0.280813604593277 2164
1780868942842 0.2509150207042694 2165
1780868942845 0.2576667070388794 2166
1780868942849 0.2804092764854431 2167
1780868942853 0.2651141583919525 2168
1780868942858 0.20178380608558655 2169
1780868942861 0.28154030442237854 2170
1780868942864 0.25926485657691956 2171
1780868942871 0.15136107802391052 2172
1780868942875 0.265905499458313 2173
1780868942879 0.20955470204353333 2174
1780868942885 0.28011199831962585 2175
1780868942889 0.2720297873020172 2176
1780868942893 0.35197368264198303 2177
1780868942896 0.30647772550582886 2178
1780868942900 0.30600595474243164 2179
1780868942904 0.4529784321784973 2180
1780868942908 0.2536562979221344 2181
1780868942911 0.4159451425075531 2182
1780868942916 0.45905959606170654 2183
1780868942921 0.16791829466819763 2184
1780868942926 0.3492127060890198 2185
1780868942930 0.18689016997814178 2186
1780868942934 0.3258579969406128 2187
1780868942938 0.4401347041130066 2188
1780868942942 0.29562681913375854 2189
1780868942946 0.18407440185546875 2190
1780868942950 0.19729235768318176 2191
1780868942953 0.43321865797042847 2192
1780868942957 0.2160913497209549 2193
1780868942960 0.25171926617622375 2194
1780868942964 0.28775182366371155 2195
1780868942968 0.2896449863910675 2196
1780868942972 0.2546682357788086 2197
1780868942976 0.1386498659849167 2198
1780868942979 0.4574267268180847 2199
1780868942983 0.30732405185699463 2200
1780868942987 0.35622167587280273 2201
1780868942991 0.20326784253120422 2202
1780868942995 0.36204439401626587 2203
1780868942999 0.25799551606178284 2204
1780868943002 0.5177182555198669 2205
1780868943007 0.5266038775444031 2206
1780868943010 0.28123757243156433 2207
1780868943015 0.4729405343532562 2208
1780868943020 0.38513967394828796 2209
1780868943023 0.2360275238752365 2210
1780868943028 0.20504403114318848 2211
1780868943032 0.5633997917175293 2212
1780868943036 0.4581192433834076 2213
1780868943040 0.1669110804796219 2214
1780868943043 0.27619999647140503 2215
1780868943048 0.24126960337162018 2216
1780868943053 0.18766629695892334 2217
1780868943057 0.40227600932121277 2218
1780868943060 0.2991505563259125 2219
1780868943064 0.41897305846214294 2220
1780868943068 0.24694320559501648 2221
1780868943073 0.2682492733001709 2222
1780868943076 0.3761538863182068 2223
1780868943080 0.2567046582698822 2224
1780868943084 0.24207079410552979 2225
1780868943088 0.6151123642921448 2226
1780868943092 0.2593369483947754 2227
1780868943097 0.40610823035240173 2228
1780868943102 0.36579379439353943 2229
1780868943106 0.6020278930664062 2230
1780868943109 0.2341040074825287 2231
1780868943114 0.3207351863384247 2232
1780868943118 0.32769840955734253 2233
1780868943122 0.5149527788162231 2234
1780868943125 0.34850138425827026 2235
1780868943130 0.1283198595046997 2236
1780868943136 0.36485305428504944 2237
1780868943139 0.32435452938079834 2238
1780868943145 0.32913076877593994 2239
1780868943150 0.4493503272533417 2240
1780868943154 0.324485182762146 2241
1780868943157 0.16268283128738403 2242
1780868943161 0.2605787217617035 2243
1780868943166 0.3495483994483948 2244
1780868943170 0.2282642275094986 2245
1780868943174 0.30647316575050354 2246
1780868943179 0.5222565531730652 2247
1780868943183 0.6231207251548767 2248
1780868943187 0.2020523101091385 2249
1780868943191 0.3051941990852356 2250
1780868943198 0.2778591513633728 2251
1780868943202 0.2216596007347107 2252
1780868943205 0.26636457443237305 2253
1780868943210 0.42410263419151306 2254
1780868943215 0.24996061623096466 2255
1780868943219 0.21747171878814697 2256
1780868943222 0.21532925963401794 2257
1780868943226 0.34427276253700256 2258
1780868943231 0.29559066891670227 2259
1780868943235 0.3356408178806305 2260
1780868943238 0.17419308423995972 2261
1780868943242 0.26349493861198425 2262
1780868943246 0.28094977140426636 2263
1780868943251 0.17376916110515594 2264
1780868943254 0.19786858558654785 2265
1780868943260 0.32396355271339417 2266
1780868943264 0.2015921175479889 2267
1780868943268 0.3045666217803955 2268
1780868943272 0.2776065170764923 2269
1780868943276 0.33473068475723267 2270
1780868943280 0.24830105900764465 2271
1780868943285 0.5087461471557617 2272
1780868943289 0.31188854575157166 2273
1780868943293 0.33598780632019043 2274
1780868943299 0.40735915303230286 2275
1780868943303 0.16738517582416534 2276
1780868943307 0.3100602328777313 2277
1780868943312 0.47948575019836426 2278
1780868943318 0.2841283679008484 2279
1780868943321 0.258876770734787 2280
1780868943326 0.3822658061981201 2281
1780868943330 0.3604915142059326 2282
1780868943334 0.2845515012741089 2283
1780868943338 0.1326846331357956 2284
1780868943343 0.7013027667999268 2285
1780868943347 0.15837307274341583 2286
1780868943351 0.49390527606010437 2287
1780868943355 0.17827776074409485 2288
1780868943359 0.21057040989398956 2289
1780868943363 0.5119995474815369 2290
1780868943367 0.5415850281715393 2291
1780868943370 0.3027925491333008 2292
1780868943376 0.30556368827819824 2293
1780868943380 0.5454888939857483 2294
1780868943385 0.2549227774143219 2295
1780868943388 0.3084900975227356 2296
1780868943393 0.4763333797454834 2297
1780868943397 0.37451210618019104 2298
1780868943401 0.1969931274652481 2299
1780868943405 0.3320470154285431 2300
1780868943410 0.15266098082065582 2301
1780868943415 0.27824273705482483 2302
1780868943419 0.497874915599823 2303
1780868943425 0.6603724360466003 2304
1780868943428 0.14927352964878082 2305
1780868943432 0.5386772155761719 2306
1780868943435 0.21452395617961884 2307
1780868943439 0.28881677985191345 2308
1780868943444 0.3107423782348633 2309
1780868943448 0.45231133699417114 2310
1780868943451 0.2123192697763443 2311
1780868943455 0.27090001106262207 2312
1780868943459 0.4470299184322357 2313
1780868943463 0.28914839029312134 2314
1780868943466 0.1961415708065033 2315
1780868943470 0.342465877532959 2316
1780868943475 0.2426217496395111 2317
1780868943479 0.29896777868270874 2318
1780868943483 0.5787050724029541 2319
1780868943487 0.20074301958084106 2320
1780868943492 0.2280281037092209 2321
1780868943497 0.5678759217262268 2322
1780868943500 0.23612558841705322 2323
1780868943505 0.2202063351869583 2324
1780868943509 0.3449852764606476 2325
1780868943514 0.23890484869480133 2326
1780868943519 0.2459782063961029 2327
1780868943523 0.30386897921562195 2328
1780868943529 0.45537590980529785 2329
1780868943532 0.2864964008331299 2330
1780868943536 0.2276044636964798 2331
1780868943541 0.30786585807800293 2332
1780868943545 0.27080968022346497 2333
1780868943549 0.4217160940170288 2334
1780868943553 0.48377764225006104 2335
1780868943558 0.18960979580879211 2336
1780868943562 0.5352421998977661 2337
1780868943566 0.34412679076194763 2338
1780868943569 0.243739515542984 2339
1780868943574 0.3545466363430023 2340
1780868943579 0.34683915972709656 2341
1780868943584 0.40100377798080444 2342
1780868943589 0.34414130449295044 2343
1780868943593 0.4709380567073822 2344
1780868943597 0.3814132511615753 2345
1780868943602 0.3324372470378876 2346
1780868943607 0.4569818079471588 2347
1780868943611 0.16730211675167084 2348
1780868943614 0.5066778659820557 2349
1780868943618 0.512708842754364 2350
1780868943622 0.23505167663097382 2351
1780868943626 0.25479447841644287 2352
1780868943630 0.13243721425533295 2353
1780868943633 0.12859834730625153 2354
1780868943638 0.21438774466514587 2355
1780868943643 0.5317382216453552 2356
1780868943646 0.1644151359796524 2357
1780868943649 0.3299303650856018 2358
1780868943655 0.2829720079898834 2359
1780868943659 0.23611754179000854 2360
1780868943663 0.272718608379364 2361
1780868943666 0.1468089371919632 2362
1780868943670 0.3279244303703308 2363
1780868943675 0.34783074259757996 2364
1780868943678 0.3191292881965637 2365
1780868943682 0.18501508235931396 2366
1780868943686 0.29604023694992065 2367
1780868943690 0.2587871551513672 2368
1780868943694 0.1838037520647049 2369
1780868943697 0.3831254839897156 2370
1780868943702 0.4625503718852997 2371
1780868943705 0.1730874627828598 2372
1780868943710 0.4052249491214752 2373
1780868943714 0.37002137303352356 2374
1780868943718 0.2797640264034271 2375
1780868943722 0.17223256826400757 2376
1780868943727 0.24439017474651337 2377
1780868943730 0.24553130567073822 2378
1780868943735 0.6316298246383667 2379
1780868943739 0.33225762844085693 2380
1780868943743 0.5754554271697998 2381
1780868943746 0.46343886852264404 2382
1780868943750 0.28145766258239746 2383
1780868943755 0.19549009203910828 2384
1780868943759 0.18872876465320587 2385
1780868943763 0.24071335792541504 2386
1780868943767 0.27247893810272217 2387
1780868943772 0.425266832113266 2388
1780868943775 0.40932902693748474 2389
1780868943779 0.597325325012207 2390
1780868943782 0.32067635655403137 2391
1780868943787 0.15640504658222198 2392
1780868943791 0.3486543893814087 2393
1780868943794 0.4972895383834839 2394
1780868943799 0.3315177261829376 2395
1780868943803 0.35510578751564026 2396
1780868943807 0.2261267453432083 2397
1780868943811 0.1851218044757843 2398
1780868943816 0.33818385004997253 2399
1780868943820 0.27824926376342773 2400
1780868943823 0.20823708176612854 2401
1780868943827 0.38668525218963623 2402
1780868943832 0.3515826165676117 2403
1780868943837 0.30132201313972473 2404
1780868943842 0.29558688402175903 2405
1780868943845 0.27883681654930115 2406
1780868943850 0.5764827132225037 2407
1780868943854 0.18609870970249176 2408
1780868943858 0.2812788188457489 2409
1780868943861 0.3772834241390228 2410
1780868943868 0.2558732032775879 2411
1780868943872 0.2830144762992859 2412
1780868943876 0.539804220199585 2413
1780868943883 0.15970855951309204 2414
1780868943887 0.40584424138069153 2415
1780868943891 0.20465287566184998 2416
1780868943894 0.3381125032901764 2417
1780868943898 0.2292296588420868 2418
1780868943902 0.29785314202308655 2419
1780868943907 0.223588764667511 2420
1780868943910 0.33629539608955383 2421
1780868943914 0.3497086763381958 2422
1780868943919 0.13314522802829742 2423
1780868943922 0.2354205846786499 2424
1780868943926 0.3721671402454376 2425
1780868943932 0.22967949509620667 2426
1780868943936 0.29447105526924133 2427
1780868943940 0.39797893166542053 2428
1780868943943 0.348025918006897 2429
1780868943948 0.20018532872200012 2430
1780868943952 0.18708710372447968 2431
1780868943956 0.14814813435077667 2432
1780868943959 0.17810724675655365 2433
1780868943963 0.2855856120586395 2434
1780868943967 0.29083195328712463 2435
1780868943971 0.2913980484008789 2436
1780868943975 0.4478170871734619 2437
1780868943979 0.21378807723522186 2438
1780868943984 0.5107096433639526 2439
1780868943987 0.42271003127098083 2440
1780868943992 0.31352826952934265 2441
1780868943997 0.3238319158554077 2442
1780868944002 0.16782177984714508 2443
1780868944006 0.25870710611343384 2444
1780868944010 0.1662716269493103 2445
1780868944015 0.24068255722522736 2446
1780868944019 0.26575472950935364 2447
1780868944023 0.3514976501464844 2448
1780868944026 0.4264659583568573 2449
1780868944031 0.2979012727737427 2450
1780868944035 0.24914632737636566 2451
1780868944039 0.3492885231971741 2452
1780868944042 0.4421031177043915 2453
1780868944046 0.2439684420824051 2454
1780868944051 0.13072827458381653 2455
1780868944054 0.21421954035758972 2456
1780868944059 0.3454294800758362 2457
1780868944063 0.15941013395786285 2458
1780868944068 0.30342763662338257 2459
1780868944072 0.17820529639720917 2460
1780868944076 0.34791842103004456 2461
1780868944081 0.4077637195587158 2462
1780868944085 0.2085040956735611 2463
1780868944088 0.4330061674118042 2464
1780868944092 0.49420472979545593 2465
1780868944096 0.34061866998672485 2466
1780868944101 0.20483988523483276 2467
1780868944104 0.15095579624176025 2468
1780868944109 0.5009026527404785 2469
1780868944114 0.2033156007528305 2470
1780868944117 0.4157584011554718 2471
1780868944122 0.2552764117717743 2472
1780868944125 0.2410539835691452 2473
1780868944129 0.29142454266548157 2474
1780868944133 0.2468743473291397 2475
1780868944137 0.22411447763442993 2476
1780868944140 0.1503450572490692 2477
1780868944144 0.321043998003006 2478
1780868944147 0.2387508749961853 2479
1780868944151 0.31606894731521606 2480
1780868944154 0.6012647151947021 2481
1780868944158 0.3290163576602936 2482
1780868944162 0.42878100275993347 2483
1780868944165 0.25893110036849976 2484
1780868944168 0.25628384947776794 2485
1780868944174 0.34683293104171753 2486
1780868944178 0.22597864270210266 2487
1780868944182 0.23630677163600922 2488
1780868944185 0.37169504165649414 2489
1780868944189 0.28499969840049744 2490
1780868944194 0.3159664571285248 2491
1780868944199 0.1616760790348053 2492
1780868944202 0.409769207239151 2493
1780868944206 0.28426945209503174 2494
1780868944211 0.3276642858982086 2495
1780868944214 0.4621826112270355 2496
1780868944218 0.19772487878799438 2497
1780868944221 0.22214855253696442 2498
1780868944226 0.19964554905891418 2499
1780868944230 0.19585996866226196 2500
1780868944234 0.29755863547325134 2501
1780868944237 0.37308165431022644 2502
1780868944242 0.4493010640144348 2503
1780868944245 0.43883705139160156 2504
1780868944249 0.4059079587459564 2505
1780868944253 0.14459925889968872 2506
1780868944257 0.496157705783844 2507
1780868944260 0.47119298577308655 2508
1780868944265 0.34956249594688416 2509
1780868944269 0.21495819091796875 2510
1780868944274 0.23397698998451233 2511
1780868944278 0.41854745149612427 2512
1780868944283 0.1857040822505951 2513
1780868944286 0.4504372477531433 2514
1780868944291 0.4056773781776428 2515
1780868944299 0.2604798972606659 2516
1780868944303 0.347679078578949 2517
1780868944308 0.20739255845546722 2518
1780868944312 0.38825246691703796 2519
1780868944316 0.5447247624397278 2520
1780868944319 0.5147335529327393 2521
1780868944324 0.1423199325799942 2522
1780868944328 0.34672996401786804 2523
1780868944332 0.39193782210350037 2524
1780868944336 0.5033944845199585 2525
1780868944341 0.19949118793010712 2526
1780868944346 0.4574683606624603 2527
1780868944349 0.49072542786598206 2528
1780868944353 0.3733430504798889 2529
1780868944358 0.2361631691455841 2530
1780868944361 0.5246024131774902 2531
1780868944365 0.33787965774536133 2532
1780868944369 0.2605239748954773 2533
1780868944374 0.1631723940372467 2534
1780868944379 0.1340886354446411 2535
1780868944382 0.4835699498653412 2536
1780868944386 0.4211905300617218 2537
1780868944391 0.3817560374736786 2538
1780868944396 0.5755038261413574 2539
1780868944400 0.24924156069755554 2540
1780868944404 0.28560739755630493 2541
1780868944408 0.43262237310409546 2542
1780868944411 0.19835136830806732 2543
1780868944417 0.5676758885383606 2544
1780868944421 0.5321172475814819 2545
1780868944425 0.35175204277038574 2546
1780868944428 0.17873577773571014 2547
1780868944432 0.4035167992115021 2548
1780868944436 0.37306949496269226 2549
1780868944440 0.18625131249427795 2550
1780868944445 0.23360563814640045 2551
1780868944448 0.15757417678833008 2552
1780868944452 0.3207673132419586 2553
1780868944457 0.32507389783859253 2554
1780868944461 0.25848230719566345 2555
1780868944464 0.25447773933410645 2556
1780868944469 0.5952951312065125 2557
1780868944472 0.24585816264152527 2558
1780868944477 0.1450287103652954 2559
1780868944480 0.24898622930049896 2560
1780868944483 0.16832895576953888 2561
1780868944488 0.5125133395195007 2562
1780868944492 0.3216415345668793 2563
1780868944496 0.3060266375541687 2564
1780868944500 0.1755736917257309 2565
1780868944505 0.4222016930580139 2566
1780868944508 0.2907352149486542 2567
1780868944512 0.22800663113594055 2568
1780868944517 0.15312889218330383 2569
1780868944521 0.40937069058418274 2570
1780868944526 0.2602643668651581 2571
1780868944531 0.3761439323425293 2572
1780868944535 0.12131931632757187 2573
1780868944539 0.5389376878738403 2574
1780868944544 0.2606021761894226 2575
1780868944547 0.3452923893928528 2576
1780868944551 0.48838645219802856 2577
1780868944556 0.3520771563053131 2578
1780868944560 0.24041256308555603 2579
1780868944565 0.27896547317504883 2580
1780868944569 0.3006460666656494 2581
1780868944573 0.18523626029491425 2582
1780868944578 0.3711714744567871 2583
1780868944582 0.30675166845321655 2584
1780868944587 0.2294514775276184 2585
1780868944591 0.4635503590106964 2586
1780868944595 0.44951826333999634 2587
1780868944598 0.1787654161453247 2588
1780868944603 0.3279617428779602 2589
1780868944607 0.3709571361541748 2590
1780868944610 0.32436466217041016 2591
1780868944615 0.36649641394615173 2592
1780868944619 0.32258474826812744 2593
1780868944623 0.17980481684207916 2594
1780868944627 0.28374847769737244 2595
1780868944631 0.46080806851387024 2596
1780868944637 0.39265888929367065 2597
1780868944641 0.2504305839538574 2598
1780868944644 0.43323686718940735 2599
1780868944648 0.4303746223449707 2600
1780868944652 0.23830559849739075 2601
1780868944656 0.3785179853439331 2602
1780868944660 0.26998355984687805 2603
1780868944664 0.2102281004190445 2604
1780868944668 0.41203880310058594 2605
1780868944674 0.34830620884895325 2606
1780868944678 0.400387167930603 2607
1780868944682 0.2219075709581375 2608
1780868944687 0.17872804403305054 2609
1780868944691 0.47119298577308655 2610
1780868944694 0.24628636240959167 2611
1780868944700 0.2997715175151825 2612
1780868944704 0.34273597598075867 2613
1780868944709 0.2625908851623535 2614
1780868944713 0.18533265590667725 2615
1780868944718 0.1813546121120453 2616
1780868944723 0.2461882382631302 2617
1780868944726 0.20609481632709503 2618
1780868944730 0.3488684892654419 2619
1780868944734 0.23661145567893982 2620
1780868944739 0.2670912742614746 2621
1780868944742 0.34378522634506226 2622
1780868944747 0.31673550605773926 2623
1780868944751 0.3008033335208893 2624
1780868944756 0.6973132491111755 2625
1780868944760 0.3635183870792389 2626
1780868944764 0.22618986666202545 2627
1780868944769 0.18126559257507324 2628
1780868944773 0.3675631582736969 2629
1780868944777 0.21107786893844604 2630
1780868944781 0.27496394515037537 2631
1780868944785 0.4210880994796753 2632
1780868944789 0.1656082272529602 2633
1780868944793 0.20939773321151733 2634
1780868944799 0.2938409447669983 2635
1780868944803 0.22743767499923706 2636
1780868944806 0.2897815704345703 2637
1780868944810 0.24052946269512177 2638
1780868944814 0.47690990567207336 2639
1780868944820 0.24100150167942047 2640
1780868944824 0.19727763533592224 2641
1780868944829 0.28078988194465637 2642
1780868944833 0.3605124056339264 2643
1780868944838 0.338123083114624 2644
1780868944842 0.2093268483877182 2645
1780868944847 0.5935908555984497 2646
1780868944851 0.31623509526252747 2647
1780868944855 0.2599997818470001 2648
1780868944859 0.3098454773426056 2649
1780868944863 0.31138843297958374 2650
1780868944867 0.33182159066200256 2651
1780868944871 0.15771602094173431 2652
1780868944875 0.41841715574264526 2653
1780868944880 0.32230526208877563 2654
1780868944886 0.27811768651008606 2655
1780868944889 0.3641871213912964 2656
1780868944894 0.21034103631973267 2657
1780868944899 0.37135323882102966 2658
1780868944903 0.21074068546295166 2659
1780868944906 0.32429730892181396 2660
1780868944911 0.35838964581489563 2661
1780868944915 0.44032609462738037 2662
1780868944919 0.18977384269237518 2663
1780868944923 0.1392941027879715 2664
1780868944927 0.33068981766700745 2665
1780868944931 0.31443023681640625 2666
1780868944936 0.490318238735199 2667
1780868944939 0.1677604615688324 2668
1780868944943 0.22270114719867706 2669
1780868944948 0.2627744674682617 2670
1780868944952 0.31657978892326355 2671
1780868944956 0.17887425422668457 2672
1780868944961 0.24922074377536774 2673
1780868944966 0.23877911269664764 2674
1780868944970 0.3128962814807892 2675
1780868944974 0.28458109498023987 2676
1780868944978 0.2647702395915985 2677
1780868944982 0.27883580327033997 2678
1780868944987 0.3386087715625763 2679
1780868944991 0.3704243302345276 2680
1780868944997 0.5313531756401062 2681
1780868945002 0.5013211369514465 2682
1780868945006 0.37744542956352234 2683
1780868945010 0.32726141810417175 2684
1780868945014 0.18480192124843597 2685
1780868945018 0.4178089201450348 2686
1780868945021 0.40031108260154724 2687
1780868945026 0.199025958776474 2688
1780868945031 0.5388460159301758 2689
1780868945034 0.1661444902420044 2690
1780868945039 0.3253851532936096 2691
1780868945043 0.18560682237148285 2692
1780868945047 0.4563235342502594 2693
1780868945051 0.2715829908847809 2694
1780868945055 0.22826410830020905 2695
1780868945059 0.31954526901245117 2696
1780868945063 0.409249871969223 2697
1780868945068 0.4576224088668823 2698
1780868945071 0.2475014328956604 2699
1780868945076 0.38563814759254456 2700
1780868945081 0.6021139025688171 2701
1780868945085 0.36778825521469116 2702
1780868945089 0.22180938720703125 2703
1780868945093 0.2960525453090668 2704
1780868945097 0.1516297459602356 2705
1780868945100 0.614507257938385 2706
1780868945104 0.4937269985675812 2707
1780868945108 0.2960030436515808 2708
1780868945113 0.2087276726961136 2709
1780868945118 0.2744368314743042 2710
1780868945123 0.43945446610450745 2711
1780868945128 0.45482516288757324 2712
1780868945131 0.23916815221309662 2713
1780868945136 0.11952744424343109 2714
1780868945140 0.21115925908088684 2715
1780868945144 0.23347489535808563 2716
1780868945148 0.20196080207824707 2717
1780868945151 0.16389451920986176 2718
1780868945155 0.1591973900794983 2719
1780868945160 0.373805969953537 2720
1780868945164 0.3532162010669708 2721
1780868945168 0.13273926079273224 2722
1780868945173 0.2972588539123535 2723
1780868945178 0.12842132151126862 2724
1780868945182 0.2346634715795517 2725
1780868945186 0.4509587287902832 2726
1780868945191 0.18685361742973328 2727
1780868945195 0.2209596186876297 2728
1780868945198 0.27091753482818604 2729
1780868945201 0.5225900411605835 2730
1780868945206 0.4415895342826843 2731
1780868945211 0.4625113606452942 2732
1780868945215 0.26962730288505554 2733
1780868945219 0.30702465772628784 2734
1780868945224 0.26896771788597107 2735
1780868945231 0.402910977602005 2736
1780868945234 0.2297353744506836 2737
1780868945239 0.2917678654193878 2738
1780868945244 0.16958178579807281 2739
1780868945249 0.19335629045963287 2740
1780868945253 0.2989078760147095 2741
1780868945257 0.24653826653957367 2742
1780868945261 0.24374884366989136 2743
1780868945266 0.4006105065345764 2744
1780868945270 0.3954443037509918 2745
1780868945274 0.3594321012496948 2746
1780868945278 0.346566766500473 2747
1780868945282 0.1998593509197235 2748
1780868945286 0.2807144820690155 2749
1780868945291 0.18298104405403137 2750
1780868945294 0.3193691074848175 2751
1780868945298 0.29937389492988586 2752
1780868945301 0.36540400981903076 2753
1780868945306 0.4090307354927063 2754
1780868945311 0.3792537450790405 2755
1780868945314 0.29608309268951416 2756
1780868945318 0.45562994480133057 2757
1780868945323 0.2490338236093521 2758
1780868945327 0.4931422770023346 2759
1780868945332 0.18627390265464783 2760
1780868945336 0.35113969445228577 2761
1780868945341 0.30309686064720154 2762
1780868945344 0.30240267515182495 2763
1780868945348 0.23736299574375153 2764
1780868945352 0.40458428859710693 2765
1780868945356 0.33096981048583984 2766
1780868945360 0.272789865732193 2767
1780868945364 0.3351576030254364 2768
1780868945369 0.2885149121284485 2769
1780868945373 0.2507578432559967 2770
1780868945378 0.4584731459617615 2771
1780868945382 0.23623958230018616 2772
1780868945387 0.4681906998157501 2773
1780868945391 0.22184056043624878 2774
1780868945395 0.24095909297466278 2775
1780868945399 0.2307998239994049 2776
1780868945404 0.19818644225597382 2777
1780868945408 0.10081278532743454 2778
1780868945412 0.36687013506889343 2779
1780868945415 0.2760910391807556 2780
1780868945420 0.20288211107254028 2781
1780868945424 0.21382910013198853 2782
1780868945428 0.26853516697883606 2783
1780868945431 0.28364235162734985 2784
1780868945436 0.21832425892353058 2785
1780868945440 0.3065185844898224 2786
1780868945444 0.3598666191101074 2787
1780868945447 0.18306034803390503 2788
1780868945453 0.37060800194740295 2789
1780868945457 0.443737268447876 2790
1780868945460 0.3380432724952698 2791
1780868945464 0.43221336603164673 2792
1780868945468 0.2542724311351776 2793
1780868945472 0.2313482165336609 2794
1780868945476 0.32366201281547546 2795
1780868945480 0.21406081318855286 2796
1780868945484 0.3612798750400543 2797
1780868945488 0.2094956934452057 2798
1780868945492 0.18695016205310822 2799
1780868945495 0.34406742453575134 2800
1780868945500 0.36734235286712646 2801
1780868945505 0.17055007815361023 2802
1780868945509 0.3523315191268921 2803
1780868945512 0.2865215241909027 2804
1780868945516 0.37661799788475037 2805
1780868945521 0.6258041858673096 2806
1780868945525 0.22404873371124268 2807
1780868945528 0.34391701221466064 2808
1780868945533 0.45626193284988403 2809
1780868945537 0.37317436933517456 2810
