1780864304469 2.381948471069336 0
1780864304475 2.209193229675293 1
1780864304479 2.2004683017730713 2
1780864304485 2.058384418487549 3
1780864304491 1.965320110321045 4
1780864304494 2.0315651893615723 5
1780864304500 1.893625020980835 6
1780864304505 1.8689560890197754 7
1780864304509 1.8650771379470825 8
1780864304513 1.7546634674072266 9
1780864304517 1.7793035507202148 10
1780864304522 1.5955312252044678 11
1780864304525 1.535851001739502 12
1780864304529 1.3683823347091675 13
1780864304534 1.4106438159942627 14
1780864304539 1.2688617706298828 15
1780864304544 1.3463003635406494 16
1780864304548 1.281119465827942 17
1780864304551 1.1606580018997192 18
1780864304556 1.172874093055725 19
1780864304559 1.116675853729248 20
1780864304564 1.0087292194366455 21
1780864304569 1.0010123252868652 22
1780864304572 1.166935920715332 23
1780864304578 0.948466420173645 24
1780864304582 1.1511777639389038 25
1780864304585 0.96404629945755 26
1780864304590 0.8083152770996094 27
1780864304596 0.850348174571991 28
1780864304599 0.8215731978416443 29
1780864304603 0.8981820344924927 30
1780864304607 0.6611452102661133 31
1780864304611 0.8603740930557251 32
1780864304616 0.7733913064002991 33
1780864304620 0.7485813498497009 34
1780864304623 0.8230127096176147 35
1780864304628 0.8876262903213501 36
1780864304632 0.7627690434455872 37
1780864304636 0.7395193576812744 38
1780864304641 0.6895376443862915 39
1780864304645 0.8246738910675049 40
1780864304649 0.6255266666412354 41
1780864304655 0.7628700137138367 42
1780864304661 0.8004769682884216 43
1780864304665 0.6150160431861877 44
1780864304669 0.641752302646637 45
1780864304673 0.6259785294532776 46
1780864304677 0.672429621219635 47
1780864304680 0.782246470451355 48
1780864304684 0.5348000526428223 49
1780864304689 0.6998679637908936 50
1780864304694 0.47725364565849304 51
1780864304698 0.6263940930366516 52
1780864304702 0.9352107048034668 53
1780864304706 0.5073519349098206 54
1780864304710 0.558635950088501 55
1780864304713 0.5647541284561157 56
1780864304717 0.5355717539787292 57
1780864304722 0.5686203837394714 58
1780864304728 0.6075854301452637 59
1780864304732 0.5393024682998657 60
1780864304736 0.47219303250312805 61
1780864304740 0.7256064414978027 62
1780864304744 0.544376790523529 63
1780864304748 0.6815809607505798 64
1780864304751 0.6119851469993591 65
1780864304756 0.5078949332237244 66
1780864304760 0.548747718334198 67
1780864304765 0.8002521991729736 68
1780864304769 0.3585728704929352 69
1780864304775 0.4506448209285736 70
1780864304780 0.6320133209228516 71
1780864304784 0.5028983354568481 72
1780864304789 0.5612701773643494 73
1780864304793 0.612481951713562 74
1780864304799 0.4266524910926819 75
1780864304804 0.49388548731803894 76
1780864304810 0.5969150066375732 77
1780864304816 0.5256031155586243 78
1780864304820 0.49991005659103394 79
1780864304827 0.4511512815952301 80
1780864304832 0.6531854271888733 81
1780864304835 0.7255979776382446 82
1780864304840 0.44334688782691956 83
1780864304847 0.6240994334220886 84
1780864304851 0.3666888177394867 85
1780864304855 0.5555923581123352 86
1780864304859 0.4400525987148285 87
1780864304863 0.5876193642616272 88
1780864304867 0.48923081159591675 89
1780864304872 0.7529786825180054 90
1780864304877 0.5968831181526184 91
1780864304881 0.41106268763542175 92
1780864304887 0.38417455554008484 93
1780864304892 0.46984899044036865 94
1780864304896 0.3435231149196625 95
1780864304900 0.467426598072052 96
1780864304904 0.4645865261554718 97
1780864304909 0.5843803286552429 98
1780864304913 0.46780630946159363 99
1780864304917 0.44067633152008057 100
1780864304924 0.5737361907958984 101
1780864304928 0.3749222457408905 102
1780864304932 0.649518609046936 103
1780864304935 0.42354992032051086 104
1780864304940 0.5834250450134277 105
1780864304944 0.6020917892456055 106
1780864304947 0.7192249298095703 107
1780864304953 0.421084463596344 108
1780864304957 0.5583724975585938 109
1780864304962 0.4442203640937805 110
1780864304966 0.4952380061149597 111
1780864304970 0.3579420745372772 112
1780864304974 0.47011813521385193 113
1780864304979 0.5225154757499695 114
1780864304983 0.6248214840888977 115
1780864304989 0.6226447820663452 116
1780864304994 0.5746482610702515 117
1780864304998 0.3396604359149933 118
1780864305002 0.3643931448459625 119
1780864305008 0.38600441813468933 120
1780864305012 0.5534534454345703 121
1780864305016 0.6493925452232361 122
1780864305020 0.5071561932563782 123
1780864305024 0.4280792474746704 124
1780864305029 0.3666466176509857 125
1780864305034 0.3388805389404297 126
1780864305037 0.5107641816139221 127
1780864305041 0.3812101185321808 128
1780864305045 0.43237099051475525 129
1780864305048 0.47480836510658264 130
1780864305054 0.5142549276351929 131
1780864305058 0.6649285554885864 132
1780864305062 0.6183996200561523 133
1780864305065 0.5464914441108704 134
1780864305070 0.2851198613643646 135
1780864305074 0.3248463273048401 136
1780864305078 0.6251416206359863 137
1780864305085 0.5030847787857056 138
1780864305088 0.5446244478225708 139
1780864305092 0.3462030291557312 140
1780864305098 0.611687421798706 141
1780864305103 0.30059054493904114 142
1780864305108 0.47021278738975525 143
1780864305112 0.4311440885066986 144
1780864305115 0.557857871055603 145
1780864305119 0.32985782623291016 146
1780864305124 0.45872917771339417 147
1780864305128 0.36541813611984253 148
1780864305131 0.4090813398361206 149
1780864305135 0.3253004550933838 150
1780864305140 0.6111547946929932 151
1780864305146 0.47284573316574097 152
1780864305151 0.29397886991500854 153
1780864305156 0.2878943681716919 154
1780864305160 0.42924025654792786 155
1780864305164 0.5680728554725647 156
1780864305167 0.5316608548164368 157
1780864305173 0.3055970072746277 158
1780864305176 0.34578725695610046 159
1780864305180 0.36774128675460815 160
1780864305186 0.542170524597168 161
1780864305191 0.33187416195869446 162
1780864305195 0.4386335015296936 163
1780864305199 0.3702240586280823 164
1780864305203 0.3806827962398529 165
1780864305209 0.3187563419342041 166
1780864305214 0.3938068449497223 167
1780864305218 0.4810423254966736 168
1780864305222 0.4810584485530853 169
1780864305226 0.3632955551147461 170
1780864305230 0.3689787685871124 171
1780864305234 0.3987017273902893 172
1780864305240 0.5399347543716431 173
1780864305244 0.3119773864746094 174
1780864305249 0.3404378890991211 175
1780864305253 0.43847742676734924 176
1780864305257 0.4769223630428314 177
1780864305262 0.3216872215270996 178
1780864305266 0.6189314723014832 179
1780864305271 0.36770087480545044 180
1780864305275 0.5155377984046936 181
1780864305279 0.45043516159057617 182
1780864305286 0.3684053122997284 183
1780864305291 0.45858830213546753 184
1780864305295 0.23057396709918976 185
1780864305301 0.3485659956932068 186
1780864305306 0.3296377658843994 187
1780864305310 0.4630233943462372 188
1780864305314 0.3481752574443817 189
1780864305319 0.47263556718826294 190
1780864305324 0.5091421604156494 191
1780864305327 0.29912111163139343 192
1780864305333 0.34456774592399597 193
1780864305339 0.43126317858695984 194
1780864305343 0.4632014334201813 195
1780864305346 0.23558562994003296 196
1780864305350 0.3273051381111145 197
1780864305357 0.2343551516532898 198
1780864305360 0.3359706401824951 199
1780864305364 0.22592505812644958 200
1780864305369 0.2479781210422516 201
1780864305374 0.25557011365890503 202
1780864305378 0.39473479986190796 203
1780864305382 0.38081759214401245 204
1780864305386 0.30609530210494995 205
1780864305393 0.5977866053581238 206
1780864305399 0.317474901676178 207
1780864305403 0.2985232472419739 208
1780864305407 0.39095115661621094 209
1780864305412 0.45368117094039917 210
1780864305416 0.2876516580581665 211
1780864305423 0.24446015059947968 212
1780864305426 0.25570595264434814 213
1780864305430 0.44503897428512573 214
1780864305435 0.5683765411376953 215
1780864305439 0.399788498878479 216
1780864305442 0.6045429110527039 217
1780864305446 0.17951196432113647 218
1780864305450 0.6597191691398621 219
1780864305454 0.3947298526763916 220
1780864305461 0.2878500819206238 221
1780864305464 0.4923323094844818 222
1780864305468 0.6660537123680115 223
1780864305474 0.3746812343597412 224
1780864305479 0.37570053339004517 225
1780864305484 0.507500171661377 226
1780864305490 0.42077699303627014 227
1780864305493 0.4178917109966278 228
1780864305498 0.5189990997314453 229
1780864305503 0.457250714302063 230
1780864305510 0.2737587094306946 231
1780864305516 0.24295102059841156 232
1780864305520 0.220115527510643 233
1780864305525 0.4682275056838989 234
1780864305529 0.41221362352371216 235
1780864305534 0.19985781610012054 236
1780864305538 0.39571699500083923 237
1780864305542 0.5335540771484375 238
1780864305547 0.5487990975379944 239
1780864305551 0.5666366815567017 240
1780864305556 0.3190617859363556 241
1780864305561 0.29383569955825806 242
1780864305565 0.34707900881767273 243
1780864305569 0.6393126845359802 244
1780864305575 0.392088919878006 245
1780864305579 0.23350518941879272 246
1780864305583 0.34326696395874023 247
1780864305588 0.3121970593929291 248
1780864305593 0.3483717739582062 249
1780864305598 0.273629754781723 250
1780864305603 0.29426977038383484 251
1780864305608 0.28159788250923157 252
1780864305612 0.33567288517951965 253
1780864305616 0.19195987284183502 254
1780864305623 0.35954129695892334 255
1780864305627 0.2736096978187561 256
1780864305632 0.3612009882926941 257
1780864305637 0.4633117616176605 258
1780864305641 0.3908395767211914 259
1780864305645 0.3828474283218384 260
1780864305651 0.14600127935409546 261
1780864305656 0.3073548376560211 262
1780864305660 0.3660523593425751 263
1780864305664 0.39580148458480835 264
1780864305668 0.4589206278324127 265
1780864305674 0.45749109983444214 266
1780864305679 0.4575801491737366 267
1780864305682 0.18474185466766357 268
1780864305688 0.4792526662349701 269
1780864305693 0.34918835759162903 270
1780864305697 0.490367591381073 271
1780864305702 0.26282018423080444 272
1780864305706 0.1516960710287094 273
1780864305710 0.3518257439136505 274
1780864305714 0.3524834215641022 275
1780864305718 0.35170406103134155 276
1780864305724 0.4039861857891083 277
1780864305728 0.26089927554130554 278
1780864305732 0.5074446201324463 279
1780864305737 0.14192484319210052 280
1780864305741 0.39217424392700195 281
1780864305747 0.2469903975725174 282
1780864305750 0.33639878034591675 283
1780864305756 0.4160267412662506 284
1780864305760 0.3475210964679718 285
1780864305764 0.4605580270290375 286
1780864305768 0.42015352845191956 287
1780864305773 0.4551824629306793 288
1780864305776 0.5672327280044556 289
1780864305781 0.5136426687240601 290
1780864305784 0.4385237395763397 291
1780864305789 0.2748335599899292 292
1780864305793 0.3601442575454712 293
1780864305797 0.4141673743724823 294
1780864305803 0.29152143001556396 295
1780864305808 0.20398063957691193 296
1780864305812 0.4314548075199127 297
1780864305818 0.1846981942653656 298
1780864305822 0.7269692420959473 299
1780864305828 0.26288968324661255 300
1780864305833 0.39484813809394836 301
1780864305839 0.4169001877307892 302
1780864305843 0.4464515745639801 303
1780864305847 0.19986066222190857 304
1780864305850 0.5762308239936829 305
1780864305857 0.3308003842830658 306
1780864305862 0.2676598131656647 307
1780864305866 0.5375419855117798 308
1780864305870 0.33612021803855896 309
1780864305875 0.26700523495674133 310
1780864305878 0.23806053400039673 311
1780864305883 0.30337685346603394 312
1780864305889 0.2990524470806122 313
1780864305893 0.2593461275100708 314
1780864305897 0.2860185205936432 315
1780864305903 0.22286316752433777 316
1780864305907 0.3325352668762207 317
1780864305912 0.40574607253074646 318
1780864305915 0.3817783296108246 319
1780864305919 0.22410713136196136 320
1780864305924 0.4075726866722107 321
1780864305928 0.3999182879924774 322
1780864305933 0.5225309133529663 323
1780864305938 0.22609859704971313 324
1780864305942 0.2954457402229309 325
1780864305946 0.23676954209804535 326
1780864305950 0.3283286988735199 327
1780864305955 0.5024728775024414 328
1780864305960 0.2232859879732132 329
1780864305964 0.3848077058792114 330
1780864305969 0.2772376835346222 331
1780864305974 0.2960599958896637 332
1780864305978 0.20521646738052368 333
1780864305981 0.25155484676361084 334
1780864305984 0.3054739534854889 335
1780864305988 0.2817241847515106 336
1780864305990 0.22738200426101685 337
1780864305996 0.5030527114868164 338
1780864306000 0.41156941652297974 339
1780864306005 0.32297050952911377 340
1780864306010 0.37956851720809937 341
1780864306013 0.1245691329240799 342
1780864306017 0.3455950617790222 343
1780864306023 0.3354811370372772 344
1780864306027 0.33002397418022156 345
1780864306031 0.22198863327503204 346
1780864306035 0.5228765606880188 347
1780864306040 0.283866822719574 348
1780864306044 0.17920225858688354 349
1780864306048 0.23954325914382935 350
1780864306051 0.5317227840423584 351
1780864306056 0.5490816235542297 352
1780864306060 0.23730453848838806 353
1780864306064 0.25978580117225647 354
1780864306067 0.37559622526168823 355
1780864306073 0.3046983480453491 356
1780864306077 0.3909807503223419 357
1780864306081 0.1957598626613617 358
1780864306085 0.6473274827003479 359
1780864306093 0.32462817430496216 360
1780864306097 0.2862738072872162 361
1780864306100 0.46155303716659546 362
1780864306106 0.29526716470718384 363
1780864306109 0.44886553287506104 364
1780864306114 0.25823619961738586 365
1780864306117 0.29138168692588806 366
1780864306123 0.4144749641418457 367
1780864306127 0.20174215734004974 368
1780864306131 0.35330119729042053 369
1780864306135 0.4765303432941437 370
1780864306140 0.3146456778049469 371
1780864306146 0.2613987624645233 372
1780864306150 0.3504963219165802 373
1780864306154 0.292141318321228 374
1780864306159 0.32238879799842834 375
1780864306163 0.2790704071521759 376
1780864306167 0.6676328182220459 377
1780864306172 0.20363573729991913 378
1780864306176 0.3368925154209137 379
1780864306180 0.2866142988204956 380
1780864306186 0.374722421169281 381
1780864306190 0.2436668574810028 382
1780864306195 0.193596750497818 383
1780864306200 0.24169225990772247 384
1780864306204 0.24238631129264832 385
1780864306209 0.326714426279068 386
1780864306213 0.3785613775253296 387
1780864306219 0.33102932572364807 388
1780864306223 0.5375564098358154 389
1780864306228 0.4790756106376648 390
1780864306231 0.2687629163265228 391
1780864306235 0.4977446496486664 392
1780864306240 0.34315550327301025 393
1780864306246 0.35775497555732727 394
1780864306249 0.46591436862945557 395
1780864306254 0.31864699721336365 396
1780864306257 0.6135624051094055 397
1780864306260 0.3229217231273651 398
1780864306266 0.2556678056716919 399
1780864306273 0.37230709195137024 400
1780864306277 0.21747753024101257 401
1780864306283 0.27284306287765503 402
1780864306288 0.3114863634109497 403
1780864306292 0.3188723623752594 404
1780864306296 0.22890858352184296 405
1780864306299 0.49014249444007874 406
1780864306303 0.38325467705726624 407
1780864306307 0.39824235439300537 408
1780864306312 0.3728508949279785 409
1780864306316 0.3398626446723938 410
1780864306321 0.261978417634964 411
1780864306326 0.6198259592056274 412
1780864306330 0.326353520154953 413
1780864306334 0.19687265157699585 414
1780864306339 0.2954872250556946 415
1780864306343 0.3849416971206665 416
1780864306348 0.34532833099365234 417
1780864306352 0.5145816206932068 418
1780864306357 0.4670148491859436 419
1780864306361 0.24915988743305206 420
1780864306365 0.2777943015098572 421
1780864306371 0.25588858127593994 422
1780864306375 0.218793585896492 423
1780864306379 0.3644722104072571 424
1780864306383 0.22010266780853271 425
1780864306388 0.1883402019739151 426
1780864306392 0.2796332836151123 427
1780864306396 0.513468325138092 428
1780864306401 0.39016246795654297 429
1780864306405 0.5557572245597839 430
1780864306410 0.4431282877922058 431
1780864306416 0.48129308223724365 432
1780864306422 0.4584936797618866 433
1780864306426 0.518394410610199 434
1780864306432 0.3892758786678314 435
1780864306436 0.16019929945468903 436
1780864306440 0.41413649916648865 437
1780864306444 0.32844677567481995 438
1780864306451 0.4456467032432556 439
1780864306457 0.4443475306034088 440
1780864306462 0.35479971766471863 441
1780864306466 0.43652647733688354 442
1780864306471 0.3372876048088074 443
1780864306475 0.2594773769378662 444
1780864306480 0.5403133034706116 445
1780864306484 0.5018556714057922 446
1780864306488 0.25094708800315857 447
1780864306494 0.38101744651794434 448
1780864306498 0.3297777473926544 449
1780864306503 0.311951607465744 450
1780864306507 0.3558315336704254 451
1780864306511 0.39732223749160767 452
1780864306516 0.23487071692943573 453
1780864306521 0.35819733142852783 454
1780864306525 0.39921122789382935 455
1780864306530 0.2097085416316986 456
1780864306534 0.12962092459201813 457
1780864306539 0.33982259035110474 458
1780864306544 0.2064559906721115 459
1780864306547 0.3145676851272583 460
1780864306551 0.4968448281288147 461
1780864306556 0.46744590997695923 462
1780864306562 0.14675496518611908 463
1780864306565 0.36145076155662537 464
1780864306570 0.3583974242210388 465
1780864306575 0.2542407512664795 466
1780864306580 0.3611157238483429 467
1780864306584 0.24029837548732758 468
1780864306588 0.31636476516723633 469
1780864306593 0.27329081296920776 470
1780864306598 0.2525002658367157 471
1780864306602 0.30189159512519836 472
1780864306608 0.2560316324234009 473
1780864306614 0.20973925292491913 474
1780864306618 0.33228930830955505 475
1780864306622 0.3667675256729126 476
1780864306626 0.18704096972942352 477
1780864306630 0.17193059623241425 478
1780864306633 0.2912634313106537 479
1780864306637 0.11601551622152328 480
1780864306641 0.3116209805011749 481
1780864306645 0.32106834650039673 482
1780864306651 0.44480064511299133 483
1780864306656 0.37153002619743347 484
1780864306662 0.21870937943458557 485
1780864306667 0.2887398600578308 486
1780864306671 0.329143762588501 487
1780864306675 0.2780131995677948 488
1780864306679 0.2755093574523926 489
1780864306682 0.4072367250919342 490
1780864306687 0.38056787848472595 491
1780864306691 0.11129447817802429 492
1780864306695 0.4627707302570343 493
1780864306699 0.36832961440086365 494
1780864306703 0.2301473468542099 495
1780864306709 0.19022202491760254 496
1780864306712 0.20855046808719635 497
1780864306717 0.20025770366191864 498
1780864306722 0.18125365674495697 499
1780864306727 0.17500494420528412 500
1780864306730 0.24804037809371948 501
1780864306735 0.16755971312522888 502
1780864306741 0.1955513209104538 503
1780864306745 0.18705375492572784 504
1780864306750 0.23590318858623505 505
1780864306754 0.25798553228378296 506
1780864306758 0.30732446908950806 507
1780864306764 0.5085467100143433 508
1780864306769 0.3201093077659607 509
1780864306773 0.2647447884082794 510
1780864306779 0.29522019624710083 511
1780864306783 0.46999648213386536 512
1780864306788 0.21976879239082336 513
1780864306794 0.13349826633930206 514
1780864306799 0.23392556607723236 515
1780864306804 0.4527828097343445 516
1780864306808 0.27267351746559143 517
1780864306815 0.22303719818592072 518
1780864306820 0.23530012369155884 519
1780864306824 0.3633231520652771 520
1780864306830 0.31170526146888733 521
1780864306833 0.5222880840301514 522
1780864306839 0.2645566165447235 523
1780864306844 0.38959577679634094 524
1780864306847 0.32732638716697693 525
1780864306852 0.2521733343601227 526
1780864306856 0.1400204598903656 527
1780864306862 0.5082921385765076 528
1780864306866 0.338853120803833 529
1780864306871 0.20106257498264313 530
1780864306875 0.3138958811759949 531
1780864306881 0.2050466239452362 532
1780864306885 0.2796485722064972 533
1780864306889 0.2676680088043213 534
1780864306893 0.384838730096817 535
1780864306899 0.2731366753578186 536
1780864306905 0.15161755681037903 537
1780864306910 0.41106534004211426 538
1780864306914 0.2764470875263214 539
1780864306919 0.3133905231952667 540
1780864306924 0.2157943844795227 541
1780864306927 0.32669153809547424 542
1780864306931 0.30035319924354553 543
1780864306935 0.3253248631954193 544
1780864306939 0.49664902687072754 545
1780864306944 0.3055045008659363 546
1780864306948 0.23109084367752075 547
1780864306952 0.2151312530040741 548
1780864306957 0.22713007032871246 549
1780864306961 0.3112161457538605 550
1780864306965 0.21324555575847626 551
1780864306970 0.21520604193210602 552
1780864306974 0.3108747899532318 553
1780864306978 0.3601154386997223 554
1780864306983 0.2725880742073059 555
1780864306989 0.21324791014194489 556
1780864306993 0.2797006666660309 557
1780864306998 0.27476266026496887 558
1780864307003 0.32364603877067566 559
1780864307008 0.548335611820221 560
1780864307012 0.3810262978076935 561
1780864307016 0.3464849293231964 562
1780864307020 0.29517871141433716 563
1780864307025 0.24568669497966766 564
1780864307028 0.1280849277973175 565
1780864307032 0.25371208786964417 566
1780864307037 0.07727308571338654 567
1780864307041 0.17015010118484497 568
1780864307045 0.07176432758569717 569
1780864307050 0.27136319875717163 570
1780864307055 0.31413182616233826 571
1780864307059 0.1718364953994751 572
1780864307063 0.2895123362541199 573
1780864307068 0.3560493588447571 574
1780864307071 0.3656555414199829 575
1780864307075 0.34622934460639954 576
1780864307079 0.24468928575515747 577
1780864307085 0.23054970800876617 578
1780864307089 0.311393678188324 579
1780864307093 0.21928530931472778 580
1780864307097 0.2073049694299698 581
1780864307102 0.20440657436847687 582
1780864307107 0.390395849943161 583
1780864307113 0.35063308477401733 584
1780864307119 0.19414840638637543 585
1780864307124 0.34999996423721313 586
1780864307128 0.17792601883411407 587
1780864307131 0.27612146735191345 588
1780864307136 0.5127384066581726 589
1780864307142 0.19312570989131927 590
1780864307145 0.43878865242004395 591
1780864307150 0.5576270818710327 592
1780864307154 0.16502468287944794 593
1780864307158 0.5226293802261353 594
1780864307163 0.46714746952056885 595
1780864307168 0.3769657611846924 596
1780864307172 0.3501107692718506 597
1780864307176 0.10152065753936768 598
1780864307180 0.32329535484313965 599
1780864307184 0.37252235412597656 600
1780864307188 0.2656182050704956 601
1780864307193 0.23640130460262299 602
1780864307198 0.39858704805374146 603
1780864307203 0.40981194376945496 604
1780864307207 0.5738548636436462 605
1780864307212 0.4192485213279724 606
1780864307218 0.6339288353919983 607
1780864307222 0.17817337810993195 608
1780864307226 0.21293233335018158 609
1780864307232 0.23898820579051971 610
1780864307237 0.3979831635951996 611
1780864307240 0.3199893534183502 612
1780864307246 0.3181789517402649 613
1780864307251 0.2380354106426239 614
1780864307255 0.2699606120586395 615
1780864307259 0.29412969946861267 616
1780864307264 0.33143138885498047 617
1780864307268 0.22798532247543335 618
1780864307272 0.38520559668540955 619
1780864307277 0.34212151169776917 620
1780864307282 0.34375905990600586 621
1780864307288 0.17736566066741943 622
1780864307292 0.46194759011268616 623
1780864307296 0.4089721143245697 624
1780864307300 0.18430040776729584 625
1780864307305 0.38007423281669617 626
1780864307309 0.2754712700843811 627
1780864307312 0.42065688967704773 628
1780864307316 0.34934088587760925 629
1780864307321 0.4305609464645386 630
1780864307325 0.39774560928344727 631
1780864307329 0.17316876351833344 632
1780864307335 0.5235300064086914 633
1780864307339 0.29317519068717957 634
1780864307343 0.2661419212818146 635
1780864307347 0.28745731711387634 636
1780864307353 0.4135468006134033 637
1780864307357 0.12514269351959229 638
1780864307361 0.2071099430322647 639
1780864307364 0.26383504271507263 640
1780864307368 0.33577799797058105 641
1780864307373 0.2698717415332794 642
1780864307377 0.1533679962158203 643
1780864307380 0.19044654071331024 644
1780864307384 0.3555540442466736 645
1780864307389 0.23908406496047974 646
1780864307393 0.20039460062980652 647
1780864307399 0.252237468957901 648
1780864307403 0.3392792344093323 649
1780864307408 0.3687703311443329 650
1780864307412 0.5110531449317932 651
1780864307417 0.2494601011276245 652
1780864307422 0.2169136106967926 653
1780864307425 0.33511582016944885 654
1780864307430 0.3527165949344635 655
1780864307434 0.35843425989151 656
1780864307439 0.18329636752605438 657
1780864307445 0.1612676978111267 658
1780864307449 0.34133628010749817 659
1780864307454 0.16078831255435944 660
1780864307459 0.11310355365276337 661
1780864307463 0.36106786131858826 662
1780864307468 0.29181867837905884 663
1780864307472 0.34185683727264404 664
1780864307478 0.19324463605880737 665
1780864307482 0.3092822730541229 666
1780864307489 0.39444851875305176 667
1780864307494 0.450661838054657 668
1780864307498 0.38535284996032715 669
1780864307504 0.1616903692483902 670
1780864307510 0.1413746327161789 671
1780864307515 0.2718757688999176 672
1780864307520 0.2181941419839859 673
1780864307524 0.3055049777030945 674
1780864307528 0.3620651364326477 675
1780864307534 0.2791028320789337 676
1780864307538 0.16737262904644012 677
1780864307543 0.38980352878570557 678
1780864307549 0.23151443898677826 679
1780864307557 0.1755165010690689 680
1780864307561 0.20942994952201843 681
1780864307565 0.2524929344654083 682
1780864307572 0.5268859267234802 683
1780864307576 0.2573629915714264 684
1780864307580 0.3372780680656433 685
1780864307586 0.5048648118972778 686
1780864307592 0.23878024518489838 687
1780864307596 0.28402072191238403 688
1780864307602 0.2184402197599411 689
1780864307607 0.1926702857017517 690
1780864307612 0.4115423262119293 691
1780864307616 0.15738998353481293 692
1780864307622 0.22094020247459412 693
1780864307626 0.46064651012420654 694
1780864307631 0.24964074790477753 695
1780864307634 0.16360993683338165 696
1780864307641 0.3920424282550812 697
1780864307644 0.24618259072303772 698
1780864307650 0.39914119243621826 699
1780864307654 0.21408939361572266 700
1780864307658 0.22118321061134338 701
1780864307663 0.21313129365444183 702
1780864307668 0.35710370540618896 703
1780864307675 0.2479463368654251 704
1780864307680 0.2947143316268921 705
1780864307684 0.43702027201652527 706
1780864307691 0.24114882946014404 707
1780864307695 0.5429087281227112 708
1780864307699 0.2571617066860199 709
1780864307704 0.32521679997444153 710
1780864307710 0.330730676651001 711
1780864307717 0.15883396565914154 712
1780864307723 0.2745889127254486 713
1780864307726 0.3384324908256531 714
1780864307731 0.3129941523075104 715
1780864307736 0.2229427844285965 716
1780864307740 0.3107469975948334 717
1780864307745 0.5693835616111755 718
1780864307750 0.21022401750087738 719
1780864307754 0.3003215789794922 720
1780864307759 0.31918075680732727 721
1780864307765 0.2431201934814453 722
1780864307772 0.1517736166715622 723
1780864307777 0.34468844532966614 724
1780864307781 0.26708701252937317 725
1780864307789 0.3209228813648224 726
1780864307793 0.15146087110042572 727
1780864307797 0.1944180727005005 728
1780864307801 0.1605626493692398 729
1780864307805 0.2678776681423187 730
1780864307808 0.3411824703216553 731
1780864307813 0.3322109580039978 732
1780864307818 0.26160117983818054 733
1780864307822 0.16889820992946625 734
1780864307828 0.41290873289108276 735
1780864307835 0.3401035666465759 736
1780864307841 0.20126473903656006 737
1780864307846 0.23484189808368683 738
1780864307853 0.26469966769218445 739
1780864307858 0.36092397570610046 740
1780864307862 0.2944025993347168 741
1780864307866 0.281335711479187 742
1780864307872 0.12790033221244812 743
1780864307879 0.2893601953983307 744
1780864307884 0.3863605260848999 745
1780864307890 0.19101913273334503 746
1780864307894 0.41180962324142456 747
1780864307898 0.1925312578678131 748
1780864307904 0.2518855929374695 749
1780864307909 0.31927064061164856 750
1780864307914 0.15766878426074982 751
1780864307921 0.17181481420993805 752
1780864307926 0.20928888022899628 753
1780864307930 0.22663918137550354 754
1780864307936 0.10876395553350449 755
1780864307940 0.2577195465564728 756
1780864307945 0.31050747632980347 757
1780864307949 0.2677014172077179 758
1780864307956 0.1969728022813797 759
1780864307960 0.6040523052215576 760
1780864307966 0.19346460700035095 761
1780864307971 0.2610018253326416 762
1780864307977 0.17583811283111572 763
1780864307983 0.4598611891269684 764
1780864307988 0.17406997084617615 765
1780864307993 0.324815571308136 766
1780864307997 0.14368551969528198 767
1780864308002 0.3222093880176544 768
1780864308007 0.3309263586997986 769
1780864308012 0.33888012170791626 770
1780864308016 0.49951666593551636 771
1780864308020 0.22346727550029755 772
1780864308026 0.13777288794517517 773
1780864308033 0.2329615205526352 774
1780864308040 0.27213090658187866 775
1780864308046 0.13308165967464447 776
1780864308050 0.20817705988883972 777
1780864308056 0.520725667476654 778
1780864308061 0.18784774839878082 779
1780864308065 0.49627459049224854 780
1780864308070 0.1649523377418518 781
1780864308074 0.2506060004234314 782
1780864308079 0.33786362409591675 783
1780864308084 0.19839200377464294 784
1780864308089 0.5296798348426819 785
1780864308093 0.16914893686771393 786
1780864308099 0.2417682260274887 787
1780864308103 0.25721415877342224 788
1780864308107 0.1612469106912613 789
1780864308112 0.19293512403964996 790
1780864308120 0.18408052623271942 791
1780864308124 0.42012497782707214 792
1780864308128 0.3757767081260681 793
1780864308133 0.21476855874061584 794
1780864308138 0.26112961769104004 795
1780864308142 0.15206068754196167 796
1780864308147 0.3035086989402771 797
1780864308153 0.17467179894447327 798
1780864308157 0.3707159161567688 799
1780864308162 0.29978057742118835 800
1780864308168 0.3017926514148712 801
1780864308172 0.1947382092475891 802
1780864308176 0.4777965545654297 803
1780864308181 0.09552954882383347 804
1780864308185 0.3376830220222473 805
1780864308191 0.1497267633676529 806
1780864308195 0.1676030457019806 807
1780864308199 0.2521989047527313 808
1780864308203 0.09155978262424469 809
1780864308207 0.5064735412597656 810
1780864308212 0.1304287165403366 811
1780864308217 0.376937597990036 812
1780864308220 0.19081281125545502 813
1780864308224 0.1869836002588272 814
1780864308229 0.26917198300361633 815
1780864308234 0.18075446784496307 816
1780864308238 0.3169024586677551 817
1780864308243 0.3260840177536011 818
1780864308247 0.32328423857688904 819
1780864308252 0.22817553579807281 820
1780864308256 0.2668741047382355 821
1780864308260 0.33918097615242004 822
1780864308265 0.22698357701301575 823
1780864308272 0.18816319108009338 824
1780864308277 0.18984365463256836 825
1780864308283 0.09262107312679291 826
1780864308288 0.08440049737691879 827
1780864308292 0.27473750710487366 828
1780864308296 0.13809573650360107 829
1780864308303 0.34260156750679016 830
1780864308307 0.21828484535217285 831
1780864308312 0.24929673969745636 832
1780864308320 0.20148314535617828 833
1780864308323 0.22979596257209778 834
1780864308328 0.11228710412979126 835
1780864308332 0.2725960910320282 836
1780864308337 0.17824611067771912 837
1780864308341 0.19000978767871857 838
1780864308345 0.2246427834033966 839
1780864308350 0.3971050977706909 840
1780864308354 0.35558682680130005 841
1780864308360 0.15007725358009338 842
1780864308365 0.3168681263923645 843
1780864308371 0.30454081296920776 844
1780864308376 0.28332245349884033 845
1780864308382 0.1920575052499771 846
1780864308387 0.2469833642244339 847
1780864308394 0.2614356577396393 848
1780864308397 0.3023746609687805 849
1780864308402 0.16625618934631348 850
1780864308405 0.32484734058380127 851
1780864308410 0.2323082983493805 852
1780864308414 0.4107724726200104 853
1780864308418 0.13318440318107605 854
1780864308423 0.23674744367599487 855
1780864308427 0.07254176586866379 856
1780864308431 0.2973027527332306 857
1780864308436 0.24296210706233978 858
1780864308441 0.15225398540496826 859
1780864308446 0.2819333076477051 860
1780864308452 0.23354384303092957 861
1780864308456 0.14215072989463806 862
1780864308459 0.1600753217935562 863
1780864308463 0.10699489712715149 864
1780864308468 0.46857938170433044 865
1780864308472 0.2222113013267517 866
1780864308476 0.28743577003479004 867
1780864308480 0.634655773639679 868
1780864308486 0.3219155967235565 869
1780864308489 0.14775590598583221 870
1780864308494 0.15202391147613525 871
1780864308500 0.20658348500728607 872
1780864308504 0.2506970167160034 873
1780864308508 0.3652200698852539 874
1780864308511 0.16564062237739563 875
1780864308516 0.08283574879169464 876
1780864308521 0.239126518368721 877
1780864308526 0.2772878408432007 878
1780864308530 0.40002769231796265 879
1780864308534 0.22668519616127014 880
1780864308539 0.27571478486061096 881
1780864308542 0.21033848822116852 882
1780864308546 0.195405974984169 883
1780864308551 0.1903391033411026 884
1780864308556 0.3916071653366089 885
1780864308562 0.2130528837442398 886
1780864308566 0.22827862203121185 887
1780864308570 0.22205254435539246 888
1780864308574 0.2542968988418579 889
1780864308579 0.20540130138397217 890
1780864308584 0.11557287722826004 891
1780864308588 0.1722085177898407 892
1780864308593 0.1214781254529953 893
1780864308597 0.43247148394584656 894
1780864308603 0.16882480680942535 895
1780864308608 0.16188134253025055 896
1780864308613 0.3452014923095703 897
1780864308617 0.31619447469711304 898
1780864308621 0.15165072679519653 899
1780864308628 0.2439773678779602 900
1780864308633 0.23147174715995789 901
1780864308637 0.2715144455432892 902
1780864308642 0.2924960255622864 903
1780864308647 0.18065233528614044 904
1780864308653 0.3189607262611389 905
1780864308657 0.23756515979766846 906
1780864308662 0.4003766179084778 907
1780864308667 0.30852439999580383 908
1780864308671 0.2503035068511963 909
1780864308675 0.27892106771469116 910
1780864308679 0.3144945204257965 911
1780864308685 0.14799965918064117 912
1780864308689 0.3838706314563751 913
1780864308692 0.13183318078517914 914
1780864308698 0.0854925662279129 915
1780864308702 0.19924506545066833 916
1780864308707 0.3068394958972931 917
1780864308710 0.21212759613990784 918
1780864308716 0.2202358990907669 919
1780864308720 0.3726300299167633 920
1780864308724 0.2987242341041565 921
1780864308728 0.32139062881469727 922
1780864308734 0.21252979338169098 923
1780864308738 0.24651718139648438 924
1780864308742 0.302433580160141 925
1780864308746 0.13732248544692993 926
1780864308750 0.1772911697626114 927
1780864308755 0.2000007927417755 928
1780864308759 0.25656378269195557 929
1780864308764 0.2122761607170105 930
1780864308770 0.20178861916065216 931
1780864308779 0.24444130063056946 932
1780864308786 0.34087616205215454 933
1780864308790 0.09652310609817505 934
1780864308799 0.16643869876861572 935
1780864308804 0.32140299677848816 936
1780864309011 0.48598864674568176 937
1780864309015 0.1494072824716568 938
1780864309019 0.12128767371177673 939
1780864309022 0.24108922481536865 940
1780864309028 0.2659547030925751 941
1780864309033 0.391844242811203 942
1780864309036 0.22064320743083954 943
1780864309043 0.16684329509735107 944
1780864309049 0.16112461686134338 945
1780864309053 0.20030160248279572 946
1780864309058 0.31969353556632996 947
1780864309062 0.3194131553173065 948
1780864309065 0.14053426682949066 949
1780864309070 0.16245877742767334 950
1780864309073 0.1588750034570694 951
1780864309077 0.2771393954753876 952
1780864309081 0.19975396990776062 953
1780864309086 0.3736550509929657 954
1780864309091 0.28591519594192505 955
1780864309096 0.11354798823595047 956
1780864309100 0.2010519653558731 957
1780864309104 0.34048131108283997 958
1780864309110 0.2530909478664398 959
1780864309114 0.20364826917648315 960
1780864309120 0.09239647537469864 961
1780864309124 0.16609710454940796 962
1780864309128 0.2674807608127594 963
1780864309132 0.3116164803504944 964
1780864309137 0.23279042541980743 965
1780864309141 0.205922931432724 966
1780864309147 0.17415909469127655 967
1780864309151 0.20786553621292114 968
1780864309154 0.3459087312221527 969
1780864309158 0.10464158654212952 970
1780864309161 0.17915651202201843 971
1780864309165 0.18240392208099365 972
1780864309169 0.16132798790931702 973
1780864309173 0.21923516690731049 974
1780864309176 0.36279115080833435 975
1780864309180 0.18790408968925476 976
1780864309184 0.1482904553413391 977
1780864309187 0.18548515439033508 978
1780864309192 0.17265605926513672 979
1780864309196 0.1911265105009079 980
1780864309200 0.4837179183959961 981
1780864309204 0.23154035210609436 982
1780864309207 0.20686165988445282 983
1780864309212 0.4678652584552765 984
1780864309216 0.26923713088035583 985
1780864309221 0.21436932682991028 986
1780864309225 0.22980116307735443 987
1780864309230 0.36601752042770386 988
1780864309234 0.21965105831623077 989
1780864309239 0.24303746223449707 990
1780864309244 0.2231815606355667 991
1780864309249 0.5186409950256348 992
1780864309254 0.1262279450893402 993
1780864309258 0.09785425662994385 994
1780864309263 0.15827064216136932 995
1780864309267 0.2396051585674286 996
1780864309271 0.2365970015525818 997
1780864309274 0.24003228545188904 998
1780864309277 0.27358853816986084 999
1780864309282 0.24773450195789337 1000
1780864309286 0.16236497461795807 1001
1780864309290 0.12127864360809326 1002
1780864309294 0.18667981028556824 1003
1780864309298 0.19740475714206696 1004
1780864309302 0.32409530878067017 1005
1780864309307 0.13931888341903687 1006
1780864309310 0.1641138643026352 1007
1780864309314 0.11386647075414658 1008
1780864309320 0.1334623247385025 1009
1780864309324 0.25569602847099304 1010
1780864309330 0.19355230033397675 1011
1780864309334 0.10407395660877228 1012
1780864309337 0.25809362530708313 1013
1780864309341 0.18145149946212769 1014
1780864309346 0.24528251588344574 1015
1780864309350 0.29058384895324707 1016
1780864309355 0.12027808278799057 1017
1780864309360 0.16532742977142334 1018
1780864309364 0.21073931455612183 1019
1780864309367 0.37573349475860596 1020
1780864309370 0.1489427536725998 1021
1780864309377 0.1825309544801712 1022
1780864309382 0.1749267280101776 1023
1780864309386 0.30789706110954285 1024
1780864309389 0.33302342891693115 1025
1780864309393 0.17175696790218353 1026
1780864309399 0.1996733546257019 1027
1780864309403 0.22555974125862122 1028
1780864309407 0.20524555444717407 1029
1780864309411 0.2933759093284607 1030
1780864309415 0.0770832970738411 1031
1780864309420 0.28140488266944885 1032
1780864309424 0.1271737962961197 1033
1780864309429 0.2054787427186966 1034
1780864309433 0.1342363953590393 1035
1780864309438 0.3518456220626831 1036
1780864309444 0.2187492549419403 1037
1780864309448 0.22768983244895935 1038
1780864309452 0.1628943532705307 1039
1780864309456 0.18701425194740295 1040
1780864309460 0.24487312138080597 1041
1780864309464 0.19882752001285553 1042
1780864309467 0.27207624912261963 1043
1780864309471 0.11236778646707535 1044
1780864309475 0.3247140645980835 1045
1780864309479 0.17361848056316376 1046
1780864309484 0.1719922423362732 1047
1780864309488 0.18710318207740784 1048
1780864309492 0.30806341767311096 1049
1780864309497 0.1927391141653061 1050
1780864309501 0.35850459337234497 1051
1780864309504 0.21083031594753265 1052
1780864309511 0.18315039575099945 1053
1780864309515 0.18160639703273773 1054
1780864309520 0.15621840953826904 1055
1780864309525 0.2540818750858307 1056
1780864309530 0.3836596608161926 1057
1780864309533 0.12730537354946136 1058
1780864309538 0.12572632730007172 1059
1780864309542 0.3231762647628784 1060
1780864309546 0.21265223622322083 1061
1780864309549 0.3382467031478882 1062
1780864309552 0.23607119917869568 1063
1780864309557 0.136037677526474 1064
1780864309561 0.1721750646829605 1065
1780864309567 0.2674153745174408 1066
1780864309570 0.12551255524158478 1067
1780864309576 0.05986229330301285 1068
1780864309580 0.09170643240213394 1069
1780864309583 0.24898414313793182 1070
1780864309587 0.15536867082118988 1071
1780864309594 0.2929273843765259 1072
1780864309598 0.09155234694480896 1073
1780864309601 0.22567136585712433 1074
1780864309606 0.15425434708595276 1075
1780864309611 0.19336092472076416 1076
1780864309615 0.2532269060611725 1077
1780864309618 0.2591311037540436 1078
1780864309623 0.18907104432582855 1079
1780864309627 0.2376718670129776 1080
1780864309631 0.2609909772872925 1081
1780864309635 0.15984120965003967 1082
1780864309640 0.12961256504058838 1083
1780864309645 0.15473826229572296 1084
1780864309648 0.13258953392505646 1085
1780864309652 0.14890499413013458 1086
1780864309656 0.09178681671619415 1087
1780864309661 0.2003784030675888 1088
1780864309665 0.3932172954082489 1089
1780864309669 0.2983202636241913 1090
1780864309675 0.21870076656341553 1091
1780864309680 0.31695955991744995 1092
1780864309683 0.15938423573970795 1093
1780864309689 0.20928195118904114 1094
1780864309692 0.1822347790002823 1095
1780864309696 0.1810118854045868 1096
1780864309699 0.197539284825325 1097
1780864309703 0.15817734599113464 1098
1780864309708 0.24158908426761627 1099
1780864309711 0.29663628339767456 1100
1780864309715 0.09804248064756393 1101
1780864309719 0.12207295745611191 1102
1780864309722 0.1343689113855362 1103
1780864309726 0.19237342476844788 1104
1780864309730 0.1958211362361908 1105
1780864309735 0.4622684121131897 1106
1780864309738 0.19348378479480743 1107
1780864309746 0.16168397665023804 1108
1780864309750 0.21305152773857117 1109
1780864309753 0.0870874673128128 1110
1780864309757 0.3751349151134491 1111
1780864309761 0.14829640090465546 1112
1780864309767 0.28738296031951904 1113
1780864309770 0.13276101648807526 1114
1780864309774 0.10788080841302872 1115
1780864309778 0.2431238889694214 1116
1780864309783 0.28414610028266907 1117
1780864309788 0.2931891083717346 1118
1780864309792 0.10974925011396408 1119
1780864309798 0.3610079884529114 1120
1780864309802 0.23774802684783936 1121
1780864309807 0.26063621044158936 1122
1780864309811 0.08921489119529724 1123
1780864309815 0.08676952123641968 1124
1780864309819 0.25989586114883423 1125
1780864309824 0.17122410237789154 1126
1780864309828 0.2460954636335373 1127
1780864309832 0.1765775829553604 1128
1780864309836 0.15549762547016144 1129
1780864309841 0.039801035076379776 1130
1780864309846 0.19077321887016296 1131
1780864309851 0.12702737748622894 1132
1780864309855 0.08655742555856705 1133
1780864309859 0.365127831697464 1134
1780864309862 0.15743547677993774 1135
1780864309866 0.1730491667985916 1136
1780864309869 0.14666041731834412 1137
1780864309875 0.09846919775009155 1138
1780864309879 0.21201206743717194 1139
1780864309884 0.15189228951931 1140
1780864309888 0.26588574051856995 1141
1780864309893 0.17961393296718597 1142
1780864309896 0.08247552812099457 1143
1780864309900 0.15269429981708527 1144
1780864309906 0.14172706007957458 1145
1780864309911 0.27823296189308167 1146
1780864309914 0.09479214251041412 1147
1780864309919 0.23518316447734833 1148
1780864309922 0.19736447930335999 1149
1780864309927 0.19767846167087555 1150
1780864309931 0.3412091135978699 1151
1780864309934 0.393867164850235 1152
1780864309939 0.10549990087747574 1153
1780864309943 0.3395901620388031 1154
1780864309948 0.15783394873142242 1155
1780864309952 0.13038156926631927 1156
1780864309956 0.17096556723117828 1157
1780864309960 0.3096151351928711 1158
1780864309967 0.30222874879837036 1159
1780864309971 0.07884121686220169 1160
1780864309977 0.22718212008476257 1161
1780864309981 0.2968292236328125 1162
1780864309985 0.11633496731519699 1163
1780864309988 0.3216862976551056 1164
1780864309992 0.22035187482833862 1165
1780864309997 0.1391531527042389 1166
1780864310001 0.11513031274080276 1167
1780864310005 0.3027522563934326 1168
1780864310010 0.07235176861286163 1169
1780864310014 0.3176008462905884 1170
1780864310019 0.22372089326381683 1171
1780864310023 0.16941164433956146 1172
1780864310027 0.11934272199869156 1173
1780864310031 0.12305678427219391 1174
1780864310035 0.34706929326057434 1175
1780864310041 0.2364240139722824 1176
1780864310045 0.22818030416965485 1177
1780864310050 0.15202254056930542 1178
1780864310053 0.24241086840629578 1179
1780864310058 0.12874765694141388 1180
1780864310061 0.11466938257217407 1181
1780864310065 0.5227656364440918 1182
1780864310070 0.24452699720859528 1183
1780864310077 0.29480111598968506 1184
1780864310080 0.07456972450017929 1185
1780864310085 0.2003455013036728 1186
1780864310089 0.26693224906921387 1187
1780864310093 0.1904381811618805 1188
1780864310098 0.23985590040683746 1189
1780864310102 0.10982153564691544 1190
1780864310107 0.17123647034168243 1191
1780864310111 0.126017764210701 1192
1780864310117 0.23020628094673157 1193
1780864310121 0.36484891176223755 1194
1780864310127 0.19162480533123016 1195
1780864310131 0.11163535714149475 1196
1780864310136 0.1535930037498474 1197
1780864310140 0.27148592472076416 1198
1780864310144 0.256808876991272 1199
1780864310149 0.21641850471496582 1200
1780864310153 0.26944518089294434 1201
1780864310157 0.30881214141845703 1202
1780864310161 0.1837030053138733 1203
1780864310166 0.14719471335411072 1204
1780864310171 0.23166696727275848 1205
1780864310175 0.44475892186164856 1206
1780864310179 0.23828846216201782 1207
1780864310185 0.13041913509368896 1208
1780864310190 0.17872066795825958 1209
1780864310194 0.2422000616788864 1210
1780864310197 0.42910557985305786 1211
1780864310201 0.15891918540000916 1212
1780864310206 0.13744144141674042 1213
1780864310211 0.2358262985944748 1214
1780864310215 0.30706480145454407 1215
1780864310218 0.19363151490688324 1216
1780864310223 0.0883258730173111 1217
1780864310227 0.27795180678367615 1218
1780864310233 0.339836448431015 1219
1780864310238 0.21970021724700928 1220
1780864310242 0.23306956887245178 1221
1780864310247 0.15305431187152863 1222
1780864310251 0.27446043491363525 1223
1780864310254 0.19816559553146362 1224
1780864310259 0.15653082728385925 1225
1780864310263 0.14021222293376923 1226
1780864310268 0.35218340158462524 1227
1780864310271 0.3171982169151306 1228
1780864310276 0.2409074455499649 1229
1780864310281 0.14785398542881012 1230
1780864310284 0.2935696840286255 1231
1780864310289 0.1362207680940628 1232
1780864310293 0.24087052047252655 1233
1780864310298 0.21245169639587402 1234
1780864310302 0.16057619452476501 1235
1780864310306 0.28782588243484497 1236
1780864310309 0.2778230309486389 1237
1780864310313 0.14902864396572113 1238
1780864310316 0.298829048871994 1239
1780864310321 0.18005971610546112 1240
1780864310328 0.28817135095596313 1241
1780864310332 0.17947804927825928 1242
1780864310337 0.1900033950805664 1243
1780864310342 0.06713879853487015 1244
1780864310347 0.13913723826408386 1245
1780864310353 0.16848145425319672 1246
1780864310358 0.12604941427707672 1247
1780864310363 0.2132491022348404 1248
1780864310367 0.18673932552337646 1249
1780864310371 0.2134542465209961 1250
1780864310376 0.2495633065700531 1251
1780864310381 0.11457956582307816 1252
1780864310384 0.16224980354309082 1253
1780864310390 0.07943486422300339 1254
1780864310396 0.1370420753955841 1255
1780864310401 0.15668536722660065 1256
1780864310406 0.12948015332221985 1257
1780864310410 0.10115128010511398 1258
1780864310415 0.123494952917099 1259
1780864310419 0.21032766997814178 1260
1780864310424 0.23513087630271912 1261
1780864310429 0.38451486825942993 1262
1780864310433 0.31637394428253174 1263
1780864310438 0.31927165389060974 1264
1780864310444 0.11472524702548981 1265
1780864310449 0.27453988790512085 1266
1780864310453 0.2754226326942444 1267
1780864310458 0.1984945684671402 1268
1780864310462 0.24967887997627258 1269
1780864310466 0.2017311453819275 1270
1780864310473 0.2459312230348587 1271
1780864310478 0.23444640636444092 1272
1780864310483 0.11942567676305771 1273
1780864310487 0.1807417869567871 1274
1780864310493 0.21806606650352478 1275
1780864310498 0.07951769977807999 1276
1780864310503 0.20737014710903168 1277
1780864310510 0.3250710368156433 1278
1780864310516 0.08954916149377823 1279
1780864310521 0.21440234780311584 1280
1780864310525 0.23919905722141266 1281
1780864310530 0.3204675316810608 1282
1780864310535 0.25099849700927734 1283
1780864310540 0.21689963340759277 1284
1780864310544 0.3276688754558563 1285
1780864310549 0.2499939203262329 1286
1780864310554 0.2669501304626465 1287
1780864310558 0.07518618553876877 1288
1780864310564 0.23610328137874603 1289
1780864310568 0.09558551758527756 1290
1780864310572 0.21207915246486664 1291
1780864310576 0.19055037200450897 1292
1780864310580 0.14586962759494781 1293
1780864310587 0.2113547921180725 1294
1780864310592 0.17985330522060394 1295
1780864310596 0.09290709346532822 1296
1780864310602 0.14634118974208832 1297
1780864310606 0.25883305072784424 1298
1780864310613 0.33499646186828613 1299
1780864310617 0.11219041049480438 1300
1780864310622 0.1771029680967331 1301
1780864310627 0.1494981050491333 1302
1780864310633 0.1048029437661171 1303
1780864310638 0.08118443936109543 1304
1780864310642 0.2836902141571045 1305
1780864310646 0.25281208753585815 1306
1780864310651 0.17562253773212433 1307
1780864310658 0.3429362177848816 1308
1780864310661 0.15611177682876587 1309
1780864310664 0.2316083163022995 1310
1780864310671 0.10138076543807983 1311
1780864310676 0.26122987270355225 1312
1780864310681 0.13007932901382446 1313
1780864310686 0.1570241004228592 1314
1780864310690 0.34334370493888855 1315
1780864310694 0.19306161999702454 1316
1780864310698 0.20265278220176697 1317
1780864310702 0.2722274661064148 1318
1780864310706 0.2365346997976303 1319
1780864310711 0.17923137545585632 1320
1780864310715 0.1625102162361145 1321
1780864310719 0.19036929309368134 1322
1780864310723 0.11231548339128494 1323
1780864310728 0.15297947824001312 1324
1780864310733 0.09919507056474686 1325
1780864310738 0.217593714594841 1326
1780864310742 0.1565232127904892 1327
1780864310745 0.2650056481361389 1328
1780864310750 0.22519826889038086 1329
1780864310753 0.2971043288707733 1330
1780864310758 0.17766280472278595 1331
1780864310762 0.39539510011672974 1332
1780864310765 0.14358387887477875 1333
1780864310769 0.171190544962883 1334
1780864310772 0.11769835650920868 1335
1780864310777 0.08133123070001602 1336
1780864310781 0.042938776314258575 1337
1780864310786 0.2439446896314621 1338
1780864310789 0.2493537962436676 1339
1780864310794 0.37615272402763367 1340
1780864310798 0.16318249702453613 1341
1780864310804 0.2136516124010086 1342
1780864310808 0.057007040828466415 1343
1780864310815 0.16558246314525604 1344
1780864310819 0.19673079252243042 1345
1780864310823 0.35280728340148926 1346
1780864310827 0.18042801320552826 1347
1780864310834 0.2144271731376648 1348
1780864310838 0.2683742344379425 1349
1780864310843 0.23721885681152344 1350
1780864310848 0.17481665313243866 1351
1780864310852 0.15348830819129944 1352
1780864310857 0.1704569309949875 1353
1780864310862 0.2040148675441742 1354
1780864310866 0.15305832028388977 1355
1780864310874 0.1677175909280777 1356
1780864310879 0.3446935713291168 1357
1780864310884 0.16991275548934937 1358
1780864310888 0.17202170193195343 1359
1780864310893 0.192848339676857 1360
1780864310897 0.24106520414352417 1361
1780864310902 0.3933180272579193 1362
1780864310907 0.4139573574066162 1363
1780864310912 0.08774922043085098 1364
1780864310917 0.21342334151268005 1365
1780864310923 0.07744891196489334 1366
1780864310927 0.15038220584392548 1367
1780864310931 0.25316187739372253 1368
1780864310935 0.1672079861164093 1369
1780864310939 0.13891392946243286 1370
1780864310943 0.09461003541946411 1371
1780864310948 0.20753417909145355 1372
1780864310954 0.14213623106479645 1373
1780864310958 0.23884238302707672 1374
1780864310962 0.15589211881160736 1375
1780864310967 0.18455302715301514 1376
1780864310974 0.06090168282389641 1377
1780864310977 0.09301432222127914 1378
1780864310983 0.20198950171470642 1379
1780864310989 0.10363064706325531 1380
1780864310993 0.2759213447570801 1381
1780864310997 0.14738036692142487 1382
1780864311001 0.17738036811351776 1383
1780864311006 0.13054117560386658 1384
1780864311010 0.11945020407438278 1385
1780864311014 0.05848056823015213 1386
1780864311019 0.211778923869133 1387
1780864311022 0.2479235827922821 1388
1780864311026 0.13363251090049744 1389
1780864311030 0.09485643357038498 1390
1780864311034 0.3170382082462311 1391
1780864311039 0.1821655035018921 1392
1780864311043 0.20681361854076385 1393
1780864311047 0.17329396307468414 1394
1780864311051 0.15148130059242249 1395
1780864311055 0.0592951774597168 1396
1780864311058 0.29834333062171936 1397
1780864311060 0.30765387415885925 1398
1780864311064 0.23467323184013367 1399
1780864311068 0.15402382612228394 1400
1780864311075 0.25833606719970703 1401
1780864311078 0.26828593015670776 1402
1780864311082 0.4545289874076843 1403
1780864311087 0.26456597447395325 1404
1780864311090 0.13110166788101196 1405
1780864311094 0.15780043601989746 1406
1780864311100 0.35613518953323364 1407
1780864311104 0.1459590196609497 1408
1780864311108 0.28405672311782837 1409
1780864311113 0.30231618881225586 1410
1780864311117 0.18066121637821198 1411
1780864311121 0.28061580657958984 1412
1780864311125 0.15932787954807281 1413
1780864311129 0.23927372694015503 1414
1780864311133 0.05715670809149742 1415
1780864311137 0.2661958634853363 1416
1780864311141 0.13173481822013855 1417
1780864311145 0.17368073761463165 1418
1780864311150 0.29138821363449097 1419
1780864311155 0.07984531670808792 1420
1780864311159 0.19595903158187866 1421
1780864311163 0.2224287986755371 1422
1780864311168 0.24975931644439697 1423
1780864311172 0.12425696849822998 1424
1780864311175 0.14092795550823212 1425
1780864311179 0.0659903734922409 1426
1780864311183 0.19858874380588531 1427
1780864311186 0.21172498166561127 1428
1780864311190 0.11963813006877899 1429
1780864311194 0.26703548431396484 1430
1780864311198 0.15472398698329926 1431
1780864311205 0.21546778082847595 1432
1780864311208 0.15505515038967133 1433
1780864311214 0.11823718994855881 1434
1780864311218 0.5037224888801575 1435
1780864311222 0.1479368954896927 1436
1780864311228 0.12299428135156631 1437
1780864311232 0.1460026204586029 1438
1780864311237 0.1174621656537056 1439
1780864311241 0.09441674500703812 1440
1780864311245 0.14135751128196716 1441
1780864311249 0.16140331327915192 1442
1780864311254 0.0716981291770935 1443
1780864311258 0.16563883423805237 1444
1780864311261 0.20038558542728424 1445
1780864311266 0.17750294506549835 1446
1780864311271 0.20885437726974487 1447
1780864311275 0.2768041789531708 1448
1780864311279 0.2662522494792938 1449
1780864311283 0.15230004489421844 1450
1780864311289 0.28646841645240784 1451
1780864311295 0.2337741106748581 1452
1780864311299 0.35899269580841064 1453
1780864311304 0.20392397046089172 1454
1780864311308 0.12501290440559387 1455
1780864311314 0.18138732016086578 1456
1780864311318 0.17867137491703033 1457
1780864311323 0.1513795107603073 1458
1780864311326 0.1505105048418045 1459
1780864311330 0.2906738817691803 1460
1780864311334 0.146099254488945 1461
1780864311339 0.061248328536748886 1462
1780864311343 0.0709952563047409 1463
1780864311347 0.07209192216396332 1464
1780864311351 0.30663400888442993 1465
1780864311356 0.09799130260944366 1466
1780864311361 0.15570013225078583 1467
1780864311366 0.16843806207180023 1468
1780864311370 0.2121758610010147 1469
1780864311374 0.2638803720474243 1470
1780864311377 0.1739596277475357 1471
1780864311381 0.125468447804451 1472
1780864311385 0.1992662400007248 1473
1780864311390 0.21575094759464264 1474
1780864311394 0.1687822937965393 1475
1780864311398 0.2576984465122223 1476
1780864311402 0.12271836400032043 1477
1780864311407 0.1750815063714981 1478
1780864311410 0.20173144340515137 1479
1780864311415 0.1693246066570282 1480
1780864311419 0.15723595023155212 1481
1780864311423 0.08324684202671051 1482
1780864311427 0.23306356370449066 1483
1780864311431 0.142955020070076 1484
1780864311435 0.09976784139871597 1485
1780864311439 0.28975909948349 1486
1780864311444 0.11713911592960358 1487
1780864311447 0.08203306794166565 1488
1780864311451 0.21462970972061157 1489
1780864311455 0.16442011296749115 1490
1780864311460 0.13532567024230957 1491
1780864311464 0.10193526744842529 1492
1780864311468 0.189102441072464 1493
1780864311472 0.13798417150974274 1494
1780864311478 0.26370587944984436 1495
1780864311482 0.18768291175365448 1496
1780864311486 0.0608200877904892 1497
1780864311490 0.05152234435081482 1498
1780864311495 0.24373503029346466 1499
1780864311500 0.12967954576015472 1500
1780864311505 0.24978624284267426 1501
1780864311509 0.21547479927539825 1502
1780864311512 0.2473180741071701 1503
1780864311520 0.2857126295566559 1504
1780864311523 0.1622086763381958 1505
1780864311528 0.19752980768680573 1506
1780864311533 0.222737655043602 1507
1780864311538 0.6303725838661194 1508
1780864311541 0.2048964947462082 1509
1780864311545 0.18073882162570953 1510
1780864311549 0.22060057520866394 1511
1780864311554 0.20267066359519958 1512
1780864311558 0.2594355046749115 1513
1780864311562 0.0556032769382 1514
1780864311566 0.11566291749477386 1515
1780864311570 0.20642730593681335 1516
1780864311574 0.23903760313987732 1517
1780864311577 0.10878333449363708 1518
1780864311582 0.48991990089416504 1519
1780864311586 0.24440908432006836 1520
1780864311591 0.0986735001206398 1521
1780864311597 0.22330893576145172 1522
1780864311601 0.22159452736377716 1523
1780864311605 0.14973831176757812 1524
1780864311609 0.17853891849517822 1525
1780864311613 0.13417918980121613 1526
1780864311617 0.0621035173535347 1527
1780864311621 0.08750371634960175 1528
1780864311625 0.19526325166225433 1529
1780864311629 0.16968359053134918 1530
1780864311634 0.20690713822841644 1531
1780864311638 0.2835402190685272 1532
1780864311642 0.15766622126102448 1533
1780864311646 0.173761785030365 1534
1780864311650 0.09035363048315048 1535
1780864311656 0.20100033283233643 1536
1780864311660 0.049458861351013184 1537
1780864311663 0.241162970662117 1538
1780864311668 0.17602548003196716 1539
1780864311674 0.1175975427031517 1540
1780864311678 0.2161581814289093 1541
1780864311682 0.174106165766716 1542
1780864311686 0.18259753286838531 1543
1780864311690 0.24707485735416412 1544
1780864311695 0.08913031220436096 1545
1780864311700 0.0472930483520031 1546
1780864311703 0.3109983503818512 1547
1780864311707 0.14310574531555176 1548
1780864311712 0.21980464458465576 1549
1780864311716 0.22079651057720184 1550
1780864311721 0.24998179078102112 1551
1780864311725 0.30296266078948975 1552
1780864311729 0.14814665913581848 1553
1780864311733 0.12948621809482574 1554
1780864311738 0.11842769384384155 1555
1780864311742 0.07958269864320755 1556
1780864311746 0.2053191363811493 1557
1780864311750 0.07592907547950745 1558
1780864311754 0.16926388442516327 1559
1780864311758 0.1557241976261139 1560
1780864311763 0.1808076649904251 1561
1780864311767 0.08176273852586746 1562
1780864311770 0.08583863079547882 1563
1780864311776 0.07802680134773254 1564
1780864311780 0.1896754950284958 1565
1780864311785 0.12241833657026291 1566
1780864311790 0.2246030569076538 1567
1780864311794 0.22914564609527588 1568
1780864311798 0.25295326113700867 1569
1780864311802 0.20027470588684082 1570
1780864311806 0.2756088078022003 1571
1780864311811 0.17684265971183777 1572
1780864311814 0.12255691736936569 1573
1780864311817 0.30531296133995056 1574
1780864311820 0.09853477030992508 1575
1780864311827 0.1760013997554779 1576
1780864311831 0.2833508849143982 1577
1780864311836 0.1621546745300293 1578
1780864311840 0.1765749603509903 1579
1780864311845 0.11958346515893936 1580
1780864311849 0.36326834559440613 1581
1780864311855 0.06533893942832947 1582
1780864311859 0.17335247993469238 1583
1780864311862 0.2154044806957245 1584
1780864311866 0.09466945379972458 1585
1780864311871 0.16770020127296448 1586
1780864311874 0.1913762092590332 1587
1780864311878 0.12413366883993149 1588
1780864311883 0.11034039407968521 1589
1780864311888 0.13596586883068085 1590
1780864311891 0.1387520730495453 1591
1780864311895 0.22077205777168274 1592
1780864311900 0.0670790821313858 1593
1780864311903 0.1385951191186905 1594
1780864311907 0.10630057007074356 1595
1780864311910 0.1500440239906311 1596
1780864311915 0.0931200310587883 1597
1780864311919 0.11112643778324127 1598
1780864311923 0.0983365923166275 1599
1780864311927 0.13551269471645355 1600
1780864311932 0.18867598474025726 1601
1780864311936 0.20460666716098785 1602
1780864311941 0.161931574344635 1603
1780864311947 0.17905789613723755 1604
1780864311951 0.13921679556369781 1605
1780864311954 0.29190805554389954 1606
1780864311959 0.2517068088054657 1607
1780864311964 0.05296311900019646 1608
1780864311968 0.1424299031496048 1609
1780864311973 0.07401139289140701 1610
1780864311976 0.17670004069805145 1611
1780864311980 0.1228911429643631 1612
1780864311985 0.16333363950252533 1613
1780864311989 0.23847366869449615 1614
1780864311993 0.3867206275463104 1615
1780864311996 0.1453259140253067 1616
1780864312001 0.1965743750333786 1617
1780864312004 0.2036982774734497 1618
1780864312008 0.23593424260616302 1619
1780864312013 0.30244681239128113 1620
1780864312017 0.10677851736545563 1621
1780864312020 0.2911553680896759 1622
1780864312026 0.17930826544761658 1623
1780864312030 0.3323705196380615 1624
1780864312036 0.14968864619731903 1625
1780864312041 0.13312996923923492 1626
1780864312045 0.2695675790309906 1627
1780864312049 0.06450174003839493 1628
1780864312054 0.16502486169338226 1629
1780864312058 0.1494104564189911 1630
1780864312062 0.0665893703699112 1631
1780864312066 0.22905820608139038 1632
1780864312072 0.11295650899410248 1633
1780864312076 0.12666651606559753 1634
1780864312080 0.21964146196842194 1635
1780864312084 0.12328993529081345 1636
1780864312089 0.1838654726743698 1637
1780864312092 0.1737142652273178 1638
1780864312096 0.058487534523010254 1639
1780864312100 0.1849752515554428 1640
1780864312103 0.16402649879455566 1641
1780864312107 0.1369381695985794 1642
1780864312112 0.20968252420425415 1643
1780864312116 0.10644543170928955 1644
1780864312119 0.21817971765995026 1645
1780864312122 0.34278562664985657 1646
1780864312127 0.10342895239591599 1647
1780864312130 0.08046698570251465 1648
1780864312133 0.2398146539926529 1649
1780864312137 0.05071823671460152 1650
1780864312141 0.1428092122077942 1651
1780864312145 0.062329091131687164 1652
1780864312152 0.1802356094121933 1653
1780864312157 0.1424400508403778 1654
1780864312160 0.24018000066280365 1655
1780864312164 0.13628047704696655 1656
1780864312169 0.13493742048740387 1657
1780864312174 0.14648494124412537 1658
1780864312179 0.07908350974321365 1659
1780864312182 0.26132336258888245 1660
1780864312185 0.08131249248981476 1661
1780864312189 0.1317145675420761 1662
1780864312193 0.3821521997451782 1663
1780864312197 0.5577725768089294 1664
1780864312200 0.10486815124750137 1665
1780864312204 0.13180889189243317 1666
1780864312208 0.16754700243473053 1667
1780864312212 0.159249946475029 1668
1780864312216 0.2551053762435913 1669
1780864312221 0.07595624774694443 1670
1780864312224 0.10193628817796707 1671
1780864312228 0.13593141734600067 1672
1780864312233 0.2739476263523102 1673
1780864312237 0.06973488628864288 1674
1780864312243 0.27239975333213806 1675
1780864312247 0.21053262054920197 1676
1780864312251 0.14458319544792175 1677
1780864312254 0.19615192711353302 1678
1780864312260 0.08251205086708069 1679
1780864312264 0.28492069244384766 1680
1780864312271 0.13155093789100647 1681
1780864312278 0.0885586366057396 1682
1780864312281 0.10567536950111389 1683
1780864312285 0.1318272054195404 1684
1780864312289 0.2005579024553299 1685
1780864312293 0.05210689827799797 1686
1780864312299 0.1938559114933014 1687
1780864312303 0.09476836770772934 1688
1780864312307 0.041450027376413345 1689
1780864312311 0.23925843834877014 1690
1780864312315 0.08543495088815689 1691
1780864312318 0.055467430502176285 1692
1780864312324 0.227131649851799 1693
1780864312327 0.07736658304929733 1694
1780864312332 0.23134876787662506 1695
1780864312335 0.2623326778411865 1696
1780864312340 0.09990531206130981 1697
1780864312345 0.2164515256881714 1698
1780864312349 0.08572908490896225 1699
1780864312354 0.10311812907457352 1700
1780864312357 0.11843880265951157 1701
1780864312362 0.1567540019750595 1702
1780864312365 0.09303523600101471 1703
1780864312370 0.1807018667459488 1704
1780864312374 0.10714030265808105 1705
1780864312378 0.11401252448558807 1706
1780864312383 0.3724242150783539 1707
1780864312386 0.2060856819152832 1708
1780864312393 0.13283762335777283 1709
1780864312397 0.09619852900505066 1710
1780864312401 0.09709249436855316 1711
1780864312405 0.05708364024758339 1712
1780864312410 0.13757216930389404 1713
1780864312414 0.19105663895606995 1714
1780864312418 0.104944609105587 1715
1780864312422 0.20727495849132538 1716
1780864312425 0.05852571874856949 1717
1780864312427 0.09685545414686203 1718
1780864312434 0.30295684933662415 1719
1780864312438 0.1734224110841751 1720
1780864312443 0.12142200022935867 1721
1780864312447 0.1380677968263626 1722
1780864312451 0.12174758315086365 1723
1780864312454 0.08327344805002213 1724
1780864312457 0.13435521721839905 1725
1780864312461 0.1443427950143814 1726
1780864312466 0.09960202127695084 1727
1780864312469 0.177750825881958 1728
1780864312473 0.18874137103557587 1729
1780864312476 0.2591967284679413 1730
1780864312479 0.2586999833583832 1731
1780864312482 0.2684270441532135 1732
1780864312486 0.19842100143432617 1733
1780864312490 0.22374571859836578 1734
1780864312493 0.24637465178966522 1735
1780864312497 0.23238591849803925 1736
1780864312503 0.07995884120464325 1737
1780864312507 0.11822610348463058 1738
1780864312512 0.0825478583574295 1739
1780864312515 0.05561226233839989 1740
1780864312522 0.15033170580863953 1741
1780864312526 0.18724733591079712 1742
1780864312531 0.11031780391931534 1743
1780864312534 0.17679810523986816 1744
1780864312538 0.08808009326457977 1745
1780864312543 0.07263696938753128 1746
1780864312549 0.16207928955554962 1747
1780864312553 0.23726487159729004 1748
1780864312557 0.32300102710723877 1749
1780864312561 0.20384283363819122 1750
1780864312567 0.08317837864160538 1751
1780864312573 0.13562528789043427 1752
1780864312580 0.10739711672067642 1753
1780864312584 0.21647535264492035 1754
1780864312588 0.208739772439003 1755
1780864312592 0.05938323587179184 1756
1780864312597 0.14729107916355133 1757
1780864312601 0.15750175714492798 1758
1780864312608 0.12843263149261475 1759
1780864312613 0.13276797533035278 1760
1780864312616 0.1712135523557663 1761
1780864312620 0.22646497189998627 1762
1780864312626 0.09801055490970612 1763
1780864312630 0.12405730038881302 1764
1780864312634 0.04793207719922066 1765
1780864312639 0.10127195715904236 1766
1780864312645 0.0969817265868187 1767
1780864312649 0.2577882409095764 1768
1780864312653 0.2015574723482132 1769
1780864312659 0.3231862485408783 1770
1780864312664 0.10921069234609604 1771
1780864312667 0.37728989124298096 1772
1780864312673 0.26130375266075134 1773
1780864312677 0.09517710655927658 1774
1780864312681 0.15568943321704865 1775
1780864312687 0.15118205547332764 1776
1780864312691 0.2068864405155182 1777
1780864312695 0.07288973778486252 1778
1780864312699 0.1761598289012909 1779
1780864312704 0.1964261829853058 1780
1780864312710 0.1840452253818512 1781
1780864312715 0.178569957613945 1782
1780864312719 0.11300019174814224 1783
1780864312724 0.18442925810813904 1784
1780864312729 0.23263110220432281 1785
1780864312732 0.2513542175292969 1786
1780864312736 0.2240217626094818 1787
1780864312740 0.21851715445518494 1788
1780864312745 0.0616617426276207 1789
1780864312749 0.11682648211717606 1790
1780864312754 0.15780998766422272 1791
1780864312760 0.11055677384138107 1792
1780864312764 0.09656765311956406 1793
1780864312768 0.09977250546216965 1794
1780864312772 0.1879911869764328 1795
1780864312777 0.07854752242565155 1796
1780864312780 0.10544374585151672 1797
1780864312785 0.3372470736503601 1798
1780864312789 0.19465447962284088 1799
1780864312794 0.07560276240110397 1800
1780864312798 0.166839137673378 1801
1780864312802 0.07476845383644104 1802
1780864312808 0.14811526238918304 1803
1780864312813 0.12293980270624161 1804
1780864312818 0.16182386875152588 1805
1780864312821 0.05469367653131485 1806
1780864312827 0.2971500754356384 1807
1780864312831 0.15194827318191528 1808
1780864312835 0.4807523787021637 1809
1780864312839 0.07575786858797073 1810
1780864312843 0.3091278374195099 1811
1780864312848 0.2171960473060608 1812
1780864312854 0.09073007851839066 1813
1780864312859 0.24835288524627686 1814
1780864312864 0.06661327928304672 1815
1780864312869 0.1558961123228073 1816
1780864312874 0.1343570500612259 1817
1780864312879 0.3004731833934784 1818
1780864312883 0.036559879779815674 1819
1780864312887 0.172948956489563 1820
1780864312892 0.2870328426361084 1821
1780864312897 0.14610353112220764 1822
1780864312904 0.16170667111873627 1823
1780864312912 0.1671283096075058 1824
1780864312916 0.22366759181022644 1825
1780864312923 0.18650634586811066 1826
1780864312929 0.2163415104150772 1827
1780864312935 0.07635597884654999 1828
1780864312939 0.2114417403936386 1829
1780864312944 0.1265750229358673 1830
1780864312948 0.15614594519138336 1831
1780864312953 0.03071635030210018 1832
1780864312958 0.5049912929534912 1833
1780864312963 0.09783949702978134 1834
1780864312968 0.13254423439502716 1835
1780864312973 0.15280376374721527 1836
1780864312978 0.13510963320732117 1837
1780864312982 0.11325060576200485 1838
1780864312987 0.10458424687385559 1839
1780864312993 0.46651703119277954 1840
1780864312996 0.15778295695781708 1841
1780864313004 0.2606380581855774 1842
1780864313008 0.19202376902103424 1843
1780864313012 0.09219509363174438 1844
1780864313017 0.22704659402370453 1845
1780864313023 0.2327067106962204 1846
1780864313028 0.26917901635169983 1847
1780864313032 0.04224337264895439 1848
1780864313036 0.15954385697841644 1849
1780864313041 0.17059844732284546 1850
1780864313045 0.1436428278684616 1851
1780864313050 0.14081715047359467 1852
1780864313055 0.1467660665512085 1853
1780864313058 0.17343740165233612 1854
1780864313063 0.29216986894607544 1855
1780864313068 0.0898272693157196 1856
1780864313072 0.2086675763130188 1857
1780864313076 0.22360444068908691 1858
1780864313079 0.08526983857154846 1859
1780864313085 0.16644641757011414 1860
1780864313089 0.08367756754159927 1861
1780864313093 0.06764262169599533 1862
1780864313097 0.2500278353691101 1863
1780864313103 0.2294321358203888 1864
1780864313107 0.0662478655576706 1865
1780864313114 0.17555654048919678 1866
1780864313119 0.13333970308303833 1867
1780864313123 0.23673716187477112 1868
1780864313127 0.15790744125843048 1869
1780864313133 0.18415473401546478 1870
1780864313139 0.30647310614585876 1871
1780864313144 0.22748957574367523 1872
1780864313150 0.16490592062473297 1873
1780864313331 0.09484921395778656 1874
1780864313335 0.10728727281093597 1875
1780864313338 0.12303254008293152 1876
1780864313342 0.1531265676021576 1877
1780864313345 0.2249259203672409 1878
1780864313349 0.09225714951753616 1879
1780864313352 0.21602363884449005 1880
1780864313357 0.1934681236743927 1881
1780864313360 0.25911712646484375 1882
1780864313363 0.129652738571167 1883
1780864313369 0.06775549054145813 1884
1780864313374 0.335177481174469 1885
1780864313378 0.14268754422664642 1886
1780864313382 0.20211727917194366 1887
1780864313387 0.1171811893582344 1888
1780864313393 0.24006782472133636 1889
1780864313397 0.10819486528635025 1890
1780864313401 0.3517959713935852 1891
1780864313405 0.08475538343191147 1892
1780864313408 0.2776804566383362 1893
1780864313413 0.24924682080745697 1894
1780864313416 0.1340821534395218 1895
1780864313421 0.0874861478805542 1896
1780864313426 0.0909123495221138 1897
1780864313430 0.1842033714056015 1898
1780864313437 0.13002458214759827 1899
1780864313441 0.10057777166366577 1900
1780864313445 0.16059386730194092 1901
1780864313450 0.1727140247821808 1902
1780864313455 0.177157923579216 1903
1780864313459 0.13670092821121216 1904
1780864313462 0.07685938477516174 1905
1780864313466 0.11919233947992325 1906
1780864313471 0.24725838005542755 1907
1780864313474 0.09961795061826706 1908
1780864313478 0.2549036145210266 1909
1780864313483 0.261394202709198 1910
1780864313487 0.21086783707141876 1911
1780864313490 0.14512500166893005 1912
1780864313494 0.1804271936416626 1913
1780864313499 0.06455174833536148 1914
1780864313503 0.32587510347366333 1915
1780864313509 0.2687346041202545 1916
1780864313513 0.162978395819664 1917
1780864313517 0.16307255625724792 1918
1780864313521 0.07689967751502991 1919
1780864313526 0.07321657985448837 1920
1780864313531 0.22682201862335205 1921
1780864313535 0.23295369744300842 1922
1780864313542 0.12394779920578003 1923
1780864313548 0.24432888627052307 1924
1780864313552 0.1142706573009491 1925
1780864313557 0.12873169779777527 1926
1780864313561 0.09407295286655426 1927
1780864313565 0.1063525378704071 1928
1780864313569 0.2634510397911072 1929
1780864313573 0.09587682038545609 1930
1780864313578 0.29381829500198364 1931
1780864313581 0.10863519459962845 1932
1780864313585 0.16997575759887695 1933
1780864313590 0.03666040301322937 1934
1780864313594 0.23091398179531097 1935
1780864313601 0.19080311059951782 1936
1780864313604 0.12551511824131012 1937
1780864313608 0.12341749668121338 1938
1780864313613 0.08113302290439606 1939
1780864313617 0.2596331238746643 1940
1780864313621 0.10594576597213745 1941
1780864313625 0.07185854017734528 1942
1780864313629 0.048651207238435745 1943
1780864313633 0.14273685216903687 1944
1780864313639 0.15690065920352936 1945
1780864313644 0.12906962633132935 1946
1780864313647 0.06186055764555931 1947
1780864313653 0.07037220895290375 1948
1780864313657 0.09279419481754303 1949
1780864313661 0.05862890183925629 1950
1780864313665 0.12768283486366272 1951
1780864313668 0.09327774494886398 1952
1780864313671 0.062094107270240784 1953
1780864313675 0.05331121385097504 1954
1780864313677 0.20306694507598877 1955
1780864313682 0.30017387866973877 1956
1780864313686 0.10807958990335464 1957
1780864313691 0.22078685462474823 1958
1780864313694 0.10209528356790543 1959
1780864313698 0.16275417804718018 1960
1780864313701 0.04222836717963219 1961
1780864313705 0.16772860288619995 1962
1780864313708 0.26594021916389465 1963
1780864313712 0.22568279504776 1964
1780864313717 0.08548887073993683 1965
1780864313721 0.14799711108207703 1966
1780864313724 0.14919553697109222 1967
1780864313728 0.15499721467494965 1968
1780864313734 0.06756103783845901 1969
1780864313738 0.15144458413124084 1970
1780864313742 0.3655603528022766 1971
1780864313745 0.04246958717703819 1972
1780864313750 0.20958161354064941 1973
1780864313754 0.14528146386146545 1974
1780864313758 0.10719308257102966 1975
1780864313762 0.08870125561952591 1976
1780864313766 0.17455726861953735 1977
1780864313771 0.10813058167695999 1978
1780864313774 0.22467230260372162 1979
1780864313780 0.10990773886442184 1980
1780864313785 0.11606152355670929 1981
1780864313788 0.24599069356918335 1982
1780864313793 0.17572656273841858 1983
1780864313797 0.11571058630943298 1984
1780864313801 0.05826900526881218 1985
1780864313805 0.13456103205680847 1986
1780864313810 0.16471850872039795 1987
1780864313815 0.23068150877952576 1988
1780864313818 0.1426110714673996 1989
1780864313823 0.08310063183307648 1990
1780864313826 0.2975417971611023 1991
1780864313830 0.06287845224142075 1992
1780864313835 0.06607047468423843 1993
1780864313838 0.04606141149997711 1994
1780864313842 0.27563348412513733 1995
1780864313846 0.3438001871109009 1996
1780864313851 0.1103605404496193 1997
1780864313854 0.1597193032503128 1998
1780864313858 0.11128903925418854 1999
1780864313862 0.10520274192094803 2000
1780864313865 0.11214812844991684 2001
1780864313867 0.14397375285625458 2002
1780864313873 0.07679817825555801 2003
1780864313876 0.1812036633491516 2004
1780864313881 0.12393052130937576 2005
1780864313887 0.23649434745311737 2006
1780864313890 0.07511109113693237 2007
1780864313893 0.14306651055812836 2008
1780864313898 0.0748131200671196 2009
1780864313902 0.15630750358104706 2010
1780864313906 0.10579580813646317 2011
1780864313910 0.13477367162704468 2012
1780864313913 0.054750896990299225 2013
1780864313918 0.10684474557638168 2014
1780864313922 0.1462591588497162 2015
1780864313926 0.07750906050205231 2016
1780864313931 0.1845780909061432 2017
1780864313936 0.1584804356098175 2018
1780864313939 0.06260816752910614 2019
1780864313944 0.09171958267688751 2020
1780864313948 0.11040914058685303 2021
1780864313953 0.06526932865381241 2022
1780864313957 0.2369442582130432 2023
1780864313960 0.03433947265148163 2024
1780864313965 0.36041852831840515 2025
1780864313971 0.12037134170532227 2026
1780864313975 0.11194130033254623 2027
1780864313979 0.05920468270778656 2028
1780864313985 0.12226931750774384 2029
1780864313990 0.07893388718366623 2030
1780864313995 0.23752303421497345 2031
1780864313999 0.10529214888811111 2032
1780864314003 0.08733013272285461 2033
1780864314007 0.10359000414609909 2034
1780864314011 0.14588798582553864 2035
1780864314015 0.0972999706864357 2036
1780864314020 0.18051758408546448 2037
1780864314024 0.17551732063293457 2038
1780864314027 0.15450364351272583 2039
1780864314031 0.1184583380818367 2040
1780864314034 0.03159458562731743 2041
1780864314037 0.05607273429632187 2042
1780864314043 0.2138076275587082 2043
1780864314048 0.10168613493442535 2044
1780864314052 0.08593659847974777 2045
1780864314055 0.12696734070777893 2046
1780864314059 0.20465411245822906 2047
1780864314064 0.15160228312015533 2048
1780864314068 0.11224847286939621 2049
1780864314072 0.13616986572742462 2050
1780864314076 0.03920368105173111 2051
1780864314080 0.13515295088291168 2052
1780864314084 0.07907288521528244 2053
1780864314088 0.246857687830925 2054
1780864314091 0.2301311045885086 2055
1780864314096 0.21875441074371338 2056
1780864314100 0.29457467794418335 2057
1780864314105 0.17281809449195862 2058
1780864314109 0.15943479537963867 2059
1780864314114 0.09972263872623444 2060
1780864314119 0.11609221249818802 2061
1780864314124 0.07393678277730942 2062
1780864314128 0.19923155009746552 2063
1780864314132 0.027224509045481682 2064
1780864314136 0.17548491060733795 2065
1780864314139 0.25525742769241333 2066
1780864314144 0.11485745012760162 2067
1780864314148 0.09454254806041718 2068
1780864314153 0.3796204626560211 2069
1780864314156 0.16997738182544708 2070
1780864314160 0.1353311687707901 2071
1780864314164 0.1019560694694519 2072
1780864314169 0.27592387795448303 2073
1780864314172 0.13236869871616364 2074
1780864314176 0.21465249359607697 2075
1780864314181 0.12653402984142303 2076
1780864314184 0.08611145615577698 2077
1780864314189 0.10039432346820831 2078
1780864314193 0.10462644696235657 2079
1780864314197 0.33185938000679016 2080
1780864314201 0.2615240216255188 2081
1780864314204 0.284286230802536 2082
1780864314209 0.14127323031425476 2083
1780864314213 0.2576085329055786 2084
1780864314216 0.09765984863042831 2085
1780864314220 0.11857660114765167 2086
1780864314224 0.0642305240035057 2087
1780864314230 0.11944368481636047 2088
1780864314235 0.18626166880130768 2089
1780864314238 0.3626210689544678 2090
1780864314242 0.12781479954719543 2091
1780864314246 0.18232320249080658 2092
1780864314250 0.23171207308769226 2093
1780864314253 0.14191554486751556 2094
1780864314259 0.07107126712799072 2095
1780864314264 0.15522369742393494 2096
1780864314267 0.12006722390651703 2097
1780864314271 0.2392200082540512 2098
1780864314275 0.0732402503490448 2099
1780864314279 0.08406611531972885 2100
1780864314283 0.04009323567152023 2101
1780864314288 0.12410794198513031 2102
1780864314292 0.28540343046188354 2103
1780864314296 0.11441565304994583 2104
1780864314300 0.09939121454954147 2105
1780864314304 0.03467264398932457 2106
1780864314309 0.07501449435949326 2107
1780864314313 0.08941330760717392 2108
1780864314317 0.0706830769777298 2109
1780864314323 0.09210565686225891 2110
1780864314328 0.15815579891204834 2111
1780864314333 0.05859944596886635 2112
1780864314338 0.22297385334968567 2113
1780864314343 0.10970698297023773 2114
1780864314348 0.20413199067115784 2115
1780864314353 0.46195748448371887 2116
1780864314357 0.09587669372558594 2117
1780864314361 0.11529099196195602 2118
1780864314365 0.1510026752948761 2119
1780864314369 0.04492928460240364 2120
1780864314375 0.13464713096618652 2121
1780864314379 0.18224571645259857 2122
1780864314383 0.2267356812953949 2123
1780864314388 0.05418180674314499 2124
1780864314393 0.09776385128498077 2125
1780864314396 0.11724410951137543 2126
1780864314401 0.11440098285675049 2127
1780864314405 0.1185072585940361 2128
1780864314409 0.11737515777349472 2129
1780864314413 0.24864746630191803 2130
1780864314417 0.13810645043849945 2131
1780864314424 0.1209402084350586 2132
1780864314428 0.15475869178771973 2133
1780864314433 0.1071498766541481 2134
1780864314436 0.08265724033117294 2135
1780864314440 0.18143734335899353 2136
1780864314445 0.2763747274875641 2137
1780864314450 0.14196550846099854 2138
1780864314454 0.11612343788146973 2139
1780864314461 0.20815014839172363 2140
1780864314464 0.10599009692668915 2141
1780864314469 0.15956512093544006 2142
1780864314473 0.32522380352020264 2143
1780864314478 0.3119337558746338 2144
1780864314482 0.09626676142215729 2145
1780864314486 0.15722090005874634 2146
1780864314490 0.3348548710346222 2147
1780864314494 0.13015371561050415 2148
1780864314499 0.080287866294384 2149
1780864314503 0.06312007457017899 2150
1780864314507 0.1606886088848114 2151
1780864314511 0.062256183475255966 2152
1780864314516 0.2428150773048401 2153
1780864314519 0.09174192696809769 2154
1780864314526 0.1593407690525055 2155
1780864314531 0.15199925005435944 2156
1780864314535 0.23555096983909607 2157
1780864314540 0.1186855286359787 2158
1780864314546 0.07911508530378342 2159
1780864314550 0.11370691657066345 2160
1780864314554 0.055881038308143616 2161
1780864314559 0.08297596126794815 2162
1780864314564 0.19795063138008118 2163
1780864314567 0.10150309652090073 2164
1780864314572 0.11324583739042282 2165
1780864314578 0.1285795420408249 2166
1780864314582 0.14377279579639435 2167
1780864314586 0.1533828228712082 2168
1780864314593 0.15998457372188568 2169
1780864314597 0.08357974141836166 2170
1780864314602 0.07776476442813873 2171
1780864314610 0.06510697305202484 2172
1780864314613 0.18261511623859406 2173
1780864314618 0.13589255511760712 2174
1780864314622 0.17137716710567474 2175
1780864314626 0.23538698256015778 2176
1780864314633 0.06831742078065872 2177
1780864314638 0.08158030360937119 2178
1780864314642 0.18818289041519165 2179
1780864314648 0.14185713231563568 2180
1780864314651 0.1586763560771942 2181
1780864314654 0.09844427555799484 2182
1780864314658 0.08133556693792343 2183
1780864314661 0.17101728916168213 2184
1780864314664 0.07017278671264648 2185
1780864314669 0.020019661635160446 2186
1780864314673 0.2493140548467636 2187
1780864314677 0.09162823855876923 2188
1780864314680 0.0799248144030571 2189
1780864314684 0.06480886042118073 2190
1780864314689 0.12896713614463806 2191
1780864314692 0.03921335190534592 2192
1780864314698 0.08588767796754837 2193
1780864314702 0.13723653554916382 2194
1780864314708 0.2685011029243469 2195
1780864314713 0.05855521932244301 2196
1780864314717 0.17142963409423828 2197
1780864314721 0.16172701120376587 2198
1780864314727 0.31599417328834534 2199
1780864314730 0.18419843912124634 2200
1780864314736 0.11915100365877151 2201
1780864314741 0.062053825706243515 2202
1780864314745 0.161967933177948 2203
1780864314749 0.1528601497411728 2204
1780864314753 0.13197290897369385 2205
1780864314757 0.10896047204732895 2206
1780864314761 0.07384603470563889 2207
1780864314765 0.12735779583454132 2208
1780864314769 0.03323778510093689 2209
1780864314773 0.09707200527191162 2210
1780864314777 0.16113977134227753 2211
1780864314782 0.27173101902008057 2212
1780864314786 0.16204501688480377 2213
1780864314792 0.09436990320682526 2214
1780864314796 0.1634831428527832 2215
1780864314800 0.10935133695602417 2216
1780864314804 0.1659143567085266 2217
1780864314809 0.17948397994041443 2218
1780864314813 0.13683560490608215 2219
1780864314817 0.1521044820547104 2220
1780864314820 0.1528075486421585 2221
1780864314825 0.06583593040704727 2222
1780864314830 0.1446520984172821 2223
1780864314835 0.1259223073720932 2224
1780864314839 0.13305369019508362 2225
1780864314845 0.05026373267173767 2226
1780864314850 0.2216949313879013 2227
1780864314853 0.06446792185306549 2228
1780864314861 0.03929527848958969 2229
1780864314866 0.05523846670985222 2230
1780864314870 0.1838536560535431 2231
1780864314874 0.27196359634399414 2232
1780864314878 0.06658244132995605 2233
1780864314882 0.1475691944360733 2234
1780864314887 0.08666344732046127 2235
1780864314892 0.30181920528411865 2236
1780864314895 0.11389081180095673 2237
1780864314899 0.11346700042486191 2238
1780864314905 0.15875056385993958 2239
1780864314909 0.12809830904006958 2240
1780864314913 0.08263636380434036 2241
1780864314917 0.17329032719135284 2242
1780864314921 0.13066065311431885 2243
1780864314926 0.07943300157785416 2244
1780864314933 0.223333939909935 2245
1780864314937 0.18053869903087616 2246
1780864314943 0.4019049108028412 2247
1780864314948 0.09614142775535583 2248
1780864314952 0.08419644087553024 2249
1780864314956 0.06732197105884552 2250
1780864314960 0.17904891073703766 2251
1780864314963 0.15715312957763672 2252
1780864314968 0.1848994344472885 2253
1780864314973 0.13912995159626007 2254
1780864314978 0.15712952613830566 2255
1780864314982 0.07846877723932266 2256
1780864314987 0.10885854810476303 2257
1780864314992 0.11451944708824158 2258
1780864314997 0.2038770616054535 2259
1780864315001 0.17852263152599335 2260
1780864315006 0.06016286090016365 2261
1780864315010 0.11059408634901047 2262
1780864315015 0.0885939747095108 2263
1780864315019 0.1215989738702774 2264
1780864315024 0.2371174842119217 2265
1780864315028 0.08202320337295532 2266
1780864315032 0.2086455076932907 2267
1780864315036 0.11258924007415771 2268
1780864315039 0.10579335689544678 2269
1780864315044 0.09684146195650101 2270
1780864315048 0.04739813879132271 2271
1780864315053 0.19994311034679413 2272
1780864315058 0.09924903512001038 2273
1780864315064 0.04188438877463341 2274
1780864315068 0.10882440954446793 2275
1780864315073 0.09860283881425858 2276
1780864315077 0.09450583904981613 2277
1780864315081 0.1562388688325882 2278
1780864315084 0.0556672066450119 2279
1780864315088 0.11530563235282898 2280
1780864315092 0.03378148749470711 2281
1780864315096 0.17069754004478455 2282
1780864315099 0.13164280354976654 2283
1780864315102 0.05596289411187172 2284
1780864315106 0.06326677650213242 2285
1780864315110 0.17093363404273987 2286
1780864315113 0.1913241744041443 2287
1780864315115 0.15342140197753906 2288
1780864315118 0.15856404602527618 2289
1780864315121 0.09970352053642273 2290
1780864315128 0.18595145642757416 2291
1780864315132 0.1456345021724701 2292
1780864315136 0.03181253746151924 2293
1780864315139 0.1021275669336319 2294
1780864315143 0.11972994357347488 2295
1780864315146 0.0416962094604969 2296
1780864315152 0.23240865767002106 2297
1780864315156 0.07411958277225494 2298
1780864315161 0.0994202122092247 2299
1780864315165 0.16000553965568542 2300
1780864315170 0.05721442401409149 2301
1780864315174 0.07585054636001587 2302
1780864315178 0.14043238759040833 2303
1780864315181 0.13837069272994995 2304
1780864315185 0.170528382062912 2305
1780864315189 0.10189803689718246 2306
1780864315194 0.0876956433057785 2307
1780864315198 0.1368267685174942 2308
1780864315201 0.12200170755386353 2309
1780864315206 0.1424218863248825 2310
1780864315209 0.09295758605003357 2311
1780864315213 0.19802173972129822 2312
1780864315216 0.17122675478458405 2313
1780864315221 0.19884298741817474 2314
1780864315226 0.027899814769625664 2315
1780864315230 0.09139453619718552 2316
1780864315233 0.17342650890350342 2317
1780864315237 0.0363413542509079 2318
1780864315241 0.05613360181450844 2319
1780864315244 0.07059115171432495 2320
1780864315248 0.030970053747296333 2321
1780864315252 0.12357303500175476 2322
1780864315256 0.0599660649895668 2323
1780864315260 0.08630935847759247 2324
1780864315264 0.16252654790878296 2325
1780864315268 0.13243252038955688 2326
1780864315273 0.11485067754983902 2327
1780864315276 0.10953692346811295 2328
1780864315280 0.1014261394739151 2329
1780864315283 0.20161263644695282 2330
1780864315287 0.1428762823343277 2331
1780864315290 0.2307235151529312 2332
1780864315294 0.07872385531663895 2333
1780864315298 0.11133600026369095 2334
1780864315302 0.11631803959608078 2335
1780864315306 0.23010827600955963 2336
1780864315311 0.16398464143276215 2337
1780864315315 0.047529708594083786 2338
1780864315319 0.0948081761598587 2339
1780864315323 0.10482726246118546 2340
1780864315327 0.11158807575702667 2341
1780864315331 0.04828265681862831 2342
1780864315335 0.07558024674654007 2343
1780864315339 0.06398769468069077 2344
1780864315342 0.06718219071626663 2345
1780864315346 0.09090037643909454 2346
1780864315350 0.052575867623090744 2347
1780864315355 0.06053929775953293 2348
1780864315358 0.07773085683584213 2349
1780864315362 0.24607639014720917 2350
1780864315365 0.13387636840343475 2351
1780864315371 0.1669514924287796 2352
1780864315374 0.13349924981594086 2353
1780864315377 0.285418838262558 2354
1780864315382 0.32153356075286865 2355
1780864315386 0.2184784710407257 2356
1780864315392 0.12499459087848663 2357
1780864315395 0.1469256728887558 2358
1780864315399 0.2224886119365692 2359
1780864315403 0.2844123840332031 2360
1780864315408 0.11962602287530899 2361
1780864315411 0.03465397655963898 2362
1780864315417 0.27241507172584534 2363
1780864315421 0.14921309053897858 2364
1780864315425 0.12253738194704056 2365
1780864315428 0.07545860856771469 2366
1780864315432 0.10656729340553284 2367
1780864315437 0.13787367939949036 2368
1780864315441 0.109473817050457 2369
1780864315445 0.14931505918502808 2370
1780864315449 0.1255224198102951 2371
1780864315454 0.19282299280166626 2372
1780864315458 0.03908059000968933 2373
1780864315463 0.060556888580322266 2374
1780864315468 0.08180170506238937 2375
1780864315472 0.12240065634250641 2376
1780864315475 0.1084430143237114 2377
1780864315478 0.09081964194774628 2378
1780864315485 0.04687570780515671 2379
1780864315489 0.17862768471240997 2380
1780864315492 0.1564788818359375 2381
1780864315495 0.16539038717746735 2382
1780864315500 0.18189604580402374 2383
1780864315505 0.10686931759119034 2384
1780864315509 0.208408921957016 2385
1780864315513 0.09747157990932465 2386
1780864315516 0.15592306852340698 2387
1780864315520 0.23334473371505737 2388
1780864315523 0.15422816574573517 2389
1780864315527 0.2691968083381653 2390
1780864315534 0.07554663717746735 2391
1780864315538 0.05659458041191101 2392
1780864315542 0.027321521192789078 2393
1780864315545 0.15223194658756256 2394
1780864315549 0.11869246512651443 2395
1780864315554 0.18593326210975647 2396
1780864315558 0.16051548719406128 2397
1780864315563 0.12240186333656311 2398
1780864315566 0.13370831310749054 2399
1780864315572 0.11060495674610138 2400
1780864315576 0.1488635540008545 2401
1780864315580 0.06992325931787491 2402
1780864315585 0.0856647714972496 2403
1780864315589 0.2820630967617035 2404
1780864315595 0.12954650819301605 2405
1780864315601 0.12425020337104797 2406
1780864315606 0.13792581856250763 2407
1780864315609 0.06232299283146858 2408
1780864315614 0.21370528638362885 2409
1780864315618 0.08899816125631332 2410
1780864315623 0.044573232531547546 2411
1780864315628 0.24283353984355927 2412
1780864315631 0.10001572221517563 2413
1780864315636 0.12036918103694916 2414
1780864315641 0.2540968954563141 2415
1780864315646 0.11174637079238892 2416
1780864315651 0.1444217562675476 2417
1780864315655 0.12073982506990433 2418
1780864315659 0.21955308318138123 2419
1780864315663 0.1049044132232666 2420
1780864315667 0.16652488708496094 2421
1780864315670 0.07650108635425568 2422
1780864315674 0.12935058772563934 2423
1780864315679 0.11486576497554779 2424
1780864315683 0.19744230806827545 2425
1780864315688 0.08249732106924057 2426
1780864315692 0.1730615794658661 2427
1780864315695 0.3165864050388336 2428
1780864315698 0.2569115161895752 2429
1780864315702 0.05731818452477455 2430
1780864315706 0.20846645534038544 2431
1780864315712 0.19419239461421967 2432
1780864315717 0.16029812395572662 2433
1780864315720 0.12227752059698105 2434
1780864315725 0.09321357309818268 2435
1780864315731 0.04765738546848297 2436
1780864315735 0.19149701297283173 2437
1780864315740 0.05136515945196152 2438
1780864315743 0.0514860600233078 2439
1780864315747 0.14406722784042358 2440
1780864315754 0.10403400659561157 2441
1780864315758 0.1347484439611435 2442
1780864315762 0.03470902889966965 2443
1780864315767 0.3482305705547333 2444
1780864315770 0.15394628047943115 2445
1780864315776 0.1174529567360878 2446
1780864315779 0.2114441841840744 2447
1780864315785 0.0660654827952385 2448
1780864315789 0.16720135509967804 2449
1780864315794 0.11292160302400589 2450
1780864315798 0.08878348022699356 2451
1780864315802 0.19796064496040344 2452
1780864315805 0.10239273309707642 2453
1780864315810 0.1303688883781433 2454
1780864315813 0.11111655831336975 2455
1780864315818 0.17466206848621368 2456
1780864315821 0.08144889771938324 2457
1780864315825 0.06845733523368835 2458
1780864315829 0.3141390085220337 2459
1780864315834 0.1095576137304306 2460
1780864315837 0.19525274634361267 2461
1780864315841 0.1829335242509842 2462
1780864315844 0.03628745675086975 2463
1780864315848 0.19310639798641205 2464
1780864315852 0.2010415941476822 2465
1780864315856 0.24079813063144684 2466
1780864315860 0.07540926337242126 2467
1780864315865 0.012342823669314384 2468
1780864315869 0.08157271146774292 2469
1780864315874 0.1233491599559784 2470
1780864315878 0.15214286744594574 2471
1780864315882 0.14743022620677948 2472
1780864315885 0.07414773851633072 2473
1780864315890 0.0954960361123085 2474
1780864315894 0.17586970329284668 2475
1780864315900 0.21688124537467957 2476
1780864315904 0.11808235943317413 2477
1780864315908 0.04651345685124397 2478
1780864315914 0.07504834979772568 2479
1780864315917 0.0820847600698471 2480
1780864315921 0.12119728326797485 2481
1780864315925 0.19565245509147644 2482
1780864315928 0.15660253167152405 2483
1780864315934 0.04149911180138588 2484
1780864315939 0.1633472591638565 2485
1780864315943 0.14917589724063873 2486
1780864315947 0.06976444274187088 2487
1780864315952 0.15229883790016174 2488
1780864315956 0.0469563789665699 2489
1780864315960 0.22374935448169708 2490
1780864315965 0.04610230773687363 2491
1780864315968 0.35471561551094055 2492
1780864315970 0.09313888102769852 2493
1780864315978 0.07695460319519043 2494
1780864315983 0.22021880745887756 2495
1780864315989 0.165354385972023 2496
1780864315992 0.03965218365192413 2497
1780864315996 0.046683114022016525 2498
1780864316000 0.08957415819168091 2499
1780864316004 0.15518467128276825 2500
1780864316007 0.13695064187049866 2501
1780864316013 0.09164315462112427 2502
1780864316018 0.2952049970626831 2503
1780864316022 0.07811624556779861 2504
1780864316028 0.09439811110496521 2505
1780864316032 0.2033362090587616 2506
1780864316035 0.11287199705839157 2507
1780864316040 0.22621935606002808 2508
1780864316044 0.17433366179466248 2509
1780864316048 0.07932539284229279 2510
1780864316052 0.2238931506872177 2511
1780864316057 0.15331237018108368 2512
1780864316063 0.27892816066741943 2513
1780864316068 0.42459407448768616 2514
1780864316072 0.09053128957748413 2515
1780864316077 0.036781612783670425 2516
1780864316081 0.1382637619972229 2517
1780864316085 0.05628635361790657 2518
1780864316088 0.08411069959402084 2519
1780864316091 0.03354445472359657 2520
1780864316096 0.09021733701229095 2521
1780864316100 0.07940416038036346 2522
1780864316104 0.19763308763504028 2523
1780864316108 0.296070396900177 2524
1780864316111 0.15783214569091797 2525
1780864316117 0.07311234623193741 2526
1780864316121 0.08691876381635666 2527
1780864316126 0.08641809970140457 2528
1780864316131 0.03931621089577675 2529
1780864316134 0.14350014925003052 2530
1780864316138 0.11830402165651321 2531
1780864316144 0.11148573458194733 2532
1780864316147 0.0733695700764656 2533
1780864316151 0.06632865965366364 2534
1780864316154 0.07412204146385193 2535
1780864316158 0.25235751271247864 2536
1780864316162 0.09148640930652618 2537
1780864316167 0.049877017736434937 2538
1780864316171 0.11748439818620682 2539
1780864316174 0.15010036528110504 2540
1780864316179 0.16303345561027527 2541
1780864316183 0.13137036561965942 2542
1780864316188 0.08827923983335495 2543
1780864316193 0.130479633808136 2544
1780864316198 0.09216703474521637 2545
1780864316203 0.1037718802690506 2546
1780864316206 0.2009047120809555 2547
1780864316211 0.11782893538475037 2548
1780864316215 0.09374696016311646 2549
1780864316219 0.13613282144069672 2550
1780864316223 0.14764998853206635 2551
1780864316227 0.12472890317440033 2552
1780864316232 0.02927379682660103 2553
1780864316236 0.09034700691699982 2554
1780864316240 0.11378733813762665 2555
1780864316244 0.12014785408973694 2556
1780864316249 0.02959432266652584 2557
1780864316253 0.17234483361244202 2558
1780864316258 0.1691572070121765 2559
1780864316263 0.1593216359615326 2560
1780864316267 0.24649178981781006 2561
1780864316270 0.1873532384634018 2562
1780864316273 0.029351454228162766 2563
1780864316278 0.11192375421524048 2564
1780864316282 0.2126692682504654 2565
1780864316285 0.19686362147331238 2566
1780864316290 0.06323400139808655 2567
1780864316294 0.1786019653081894 2568
1780864316300 0.18976004421710968 2569
1780864316304 0.14616242051124573 2570
1780864316308 0.12205012887716293 2571
1780864316313 0.07537514716386795 2572
1780864316318 0.06434755027294159 2573
1780864316323 0.16489164531230927 2574
1780864316327 0.08768252283334732 2575
1780864316331 0.25304126739501953 2576
1780864316334 0.049853455275297165 2577
1780864316338 0.10089420527219772 2578
1780864316343 0.054368775337934494 2579
1780864316347 0.13864010572433472 2580
1780864316351 0.11663465946912766 2581
1780864316356 0.13070566952228546 2582
1780864316361 0.1339433193206787 2583
1780864316366 0.05764888972043991 2584
1780864316369 0.09287086874246597 2585
1780864316375 0.1811322420835495 2586
1780864316380 0.11543448269367218 2587
1780864316384 0.1863284409046173 2588
1780864316388 0.18973152339458466 2589
1780864316393 0.13708916306495667 2590
1780864316397 0.13621725142002106 2591
1780864316402 0.07256828993558884 2592
1780864316406 0.24425628781318665 2593
1780864316411 0.07943099737167358 2594
1780864316415 0.17600172758102417 2595
1780864316418 0.09550458192825317 2596
1780864316422 0.10683094710111618 2597
1780864316427 0.128153458237648 2598
1780864316431 0.13298580050468445 2599
1780864316434 0.19596271216869354 2600
1780864316439 0.06154993176460266 2601
1780864316444 0.19386467337608337 2602
1780864316448 0.15703800320625305 2603
1780864316452 0.22058634459972382 2604
1780864316456 0.09767745435237885 2605
1780864316460 0.19185857474803925 2606
1780864316465 0.0965569019317627 2607
1780864316471 0.05341476947069168 2608
1780864316475 0.04594173654913902 2609
1780864316480 0.2515900433063507 2610
1780864316484 0.09564345329999924 2611
1780864316487 0.1615544706583023 2612
1780864316492 0.06844134628772736 2613
1780864316495 0.2569301426410675 2614
1780864316500 0.13169017434120178 2615
1780864316504 0.03174092620611191 2616
1780864316508 0.1730753779411316 2617
1780864316512 0.05863160640001297 2618
1780864316516 0.21134093403816223 2619
1780864316521 0.09860004484653473 2620
1780864316526 0.07535617053508759 2621
1780864316530 0.0856073647737503 2622
1780864316535 0.08650263398885727 2623
1780864316540 0.06168965995311737 2624
1780864316543 0.029600538313388824 2625
1780864316547 0.10478079319000244 2626
1780864316550 0.17936627566814423 2627
1780864316553 0.12807348370552063 2628
1780864316560 0.18323931097984314 2629
1780864316564 0.042468201369047165 2630
1780864316568 0.13615162670612335 2631
1780864316572 0.09676642715930939 2632
1780864316576 0.17298954725265503 2633
1780864316580 0.021729731932282448 2634
1780864316584 0.21747344732284546 2635
1780864316587 0.04781541973352432 2636
1780864316590 0.184259295463562 2637
1780864316594 0.1606050431728363 2638
1780864316598 0.15222355723381042 2639
1780864316602 0.14643137156963348 2640
1780864316608 0.12386959046125412 2641
1780864316611 0.11046639829874039 2642
1780864316615 0.10727960616350174 2643
1780864316618 0.10320553928613663 2644
1780864316622 0.12572599947452545 2645
1780864316627 0.056101128458976746 2646
1780864316632 0.0759526789188385 2647
1780864316636 0.1589117795228958 2648
1780864316639 0.13664458692073822 2649
1780864316645 0.10645758360624313 2650
1780864316649 0.15159006416797638 2651
1780864316654 0.09846904873847961 2652
1780864316658 0.030372004956007004 2653
1780864316662 0.05390981584787369 2654
1780864316665 0.07659699022769928 2655
1780864316669 0.07121473550796509 2656
1780864316675 0.11513351649045944 2657
1780864316679 0.033279839903116226 2658
1780864316683 0.09374558925628662 2659
1780864316687 0.1716686487197876 2660
1780864316692 0.07580588012933731 2661
1780864316696 0.04512490704655647 2662
1780864316700 0.06405395269393921 2663
1780864316703 0.05768321827054024 2664
1780864316707 0.06013825535774231 2665
1780864316712 0.11087299138307571 2666
1780864316717 0.06881485134363174 2667
1780864316720 0.11329536139965057 2668
1780864316724 0.13521476089954376 2669
1780864316728 0.23741447925567627 2670
1780864316732 0.24551606178283691 2671
1780864316737 0.11345259845256805 2672
1780864316741 0.1121525689959526 2673
1780864316744 0.10669869184494019 2674
1780864316747 0.0943061038851738 2675
1780864316751 0.15377657115459442 2676
1780864316758 0.0876837819814682 2677
1780864316762 0.11698145419359207 2678
1780864316766 0.04887515679001808 2679
1780864316769 0.03444927930831909 2680
1780864316773 0.1090831533074379 2681
1780864316777 0.08017116785049438 2682
1780864316781 0.06837049871683121 2683
1780864316785 0.13807713985443115 2684
1780864316790 0.2595476508140564 2685
1780864316795 0.1184774860739708 2686
1780864316800 0.03459961712360382 2687
1780864316806 0.039110518991947174 2688
1780864316810 0.0902400016784668 2689
1780864316814 0.09664633125066757 2690
1780864316819 0.21212683618068695 2691
1780864316823 0.1900395154953003 2692
1780864316827 0.10415316373109818 2693
1780864316831 0.10611920803785324 2694
1780864316836 0.19957199692726135 2695
1780864316840 0.06787936389446259 2696
1780864316844 0.09258996695280075 2697
1780864316848 0.17918580770492554 2698
1780864316853 0.03985512629151344 2699
1780864316858 0.07191261649131775 2700
1780864316862 0.09164523333311081 2701
1780864316866 0.05534938722848892 2702
1780864316869 0.22876130044460297 2703
1780864316873 0.11633583158254623 2704
1780864316879 0.08316515386104584 2705
1780864316882 0.061098773032426834 2706
1780864316889 0.03414881229400635 2707
1780864316892 0.15933716297149658 2708
1780864316897 0.09692201018333435 2709
1780864316902 0.0879252701997757 2710
1780864316907 0.12296516448259354 2711
1780864316911 0.05691476911306381 2712
1780864316915 0.13956515491008759 2713
1780864316918 0.1556040495634079 2714
1780864316922 0.07056944072246552 2715
1780864316926 0.049693670123815536 2716
1780864316929 0.060333218425512314 2717
1780864316933 0.10970765352249146 2718
1780864316938 0.0302936602383852 2719
1780864316942 0.06179594621062279 2720
1780864316947 0.03288954123854637 2721
1780864316952 0.09888792037963867 2722
1780864316955 0.11426545679569244 2723
1780864316961 0.04466957971453667 2724
1780864316964 0.2498631328344345 2725
1780864316968 0.06626571714878082 2726
1780864316975 0.05240087956190109 2727
1780864316979 0.1267414540052414 2728
1780864316982 0.15012910962104797 2729
1780864316988 0.04323781281709671 2730
1780864316993 0.0728684589266777 2731
1780864316997 0.2450542151927948 2732
1780864317003 0.2375071495771408 2733
1780864317007 0.24049299955368042 2734
1780864317010 0.2604252099990845 2735
1780864317015 0.09577174484729767 2736
1780864317018 0.06489154696464539 2737
1780864317022 0.22142329812049866 2738
1780864317027 0.07591739296913147 2739
1780864317031 0.15334966778755188 2740
1780864317036 0.14989091455936432 2741
1780864317041 0.16965757310390472 2742
1780864317045 0.09231395274400711 2743
1780864317049 0.0583830252289772 2744
1780864317055 0.05713174492120743 2745
1780864317059 0.07487396895885468 2746
1780864317062 0.09174492955207825 2747
1780864317068 0.15308831632137299 2748
1780864317073 0.1350637525320053 2749
1780864317077 0.08745436370372772 2750
1780864317082 0.33127719163894653 2751
1780864317086 0.08232556283473969 2752
1780864317091 0.12944342195987701 2753
1780864317096 0.09669846296310425 2754
1780864317100 0.07912629842758179 2755
1780864317105 0.17193247377872467 2756
1780864317109 0.07007710635662079 2757
1780864317112 0.03139232471585274 2758
1780864317116 0.07167761772871017 2759
1780864317120 0.09017936885356903 2760
1780864317125 0.09672640264034271 2761
1780864317129 0.14355093240737915 2762
1780864317134 0.1941368579864502 2763
1780864317139 0.03363857790827751 2764
1780864317142 0.05725554749369621 2765
1780864317146 0.13841021060943604 2766
1780864317150 0.19804762303829193 2767
1780864317154 0.1216323971748352 2768
1780864317158 0.25297048687934875 2769
1780864317162 0.14181962609291077 2770
1780864317166 0.07255714386701584 2771
1780864317170 0.14237825572490692 2772
1780864317175 0.13298353552818298 2773
1780864317181 0.15250445902347565 2774
1780864317184 0.10642808675765991 2775
1780864317188 0.040207501500844955 2776
1780864317194 0.1589241772890091 2777
1780864317198 0.1048244833946228 2778
1780864317202 0.025550734251737595 2779
1780864317207 0.1096232533454895 2780
1780864317210 0.2744201123714447 2781
1780864317215 0.13157030940055847 2782
1780864317219 0.08060002326965332 2783
1780864317223 0.14405176043510437 2784
1780864317227 0.051424477249383926 2785
1780864317233 0.19391140341758728 2786
1780864317238 0.11845236271619797 2787
1780864317242 0.10865738987922668 2788
1780864317247 0.060294684022665024 2789
1780864317252 0.10352165997028351 2790
1780864317257 0.1552083045244217 2791
1780864317260 0.03605956211686134 2792
1780864317264 0.11424487829208374 2793
1780864317270 0.251159131526947 2794
1780864317274 0.11626788228750229 2795
1780864317278 0.04931861162185669 2796
1780864317282 0.12410187721252441 2797
1780864317286 0.25542598962783813 2798
1780864317293 0.2054283320903778 2799
1780864317297 0.14113442599773407 2800
1780864317302 0.15933963656425476 2801
1780864317307 0.07711232453584671 2802
1780864317311 0.1364183872938156 2803
1780864317314 0.0812963917851448 2804
1780864317318 0.15628589689731598 2805
1780864317322 0.10699444264173508 2806
1780864317326 0.07479231804609299 2807
1780864317330 0.20214545726776123 2808
1780864317334 0.07205784320831299 2809
1780864317338 0.09331567585468292 2810
1780864317506 0.09682194143533707 2811
1780864317510 0.04091034084558487 2812
1780864317517 0.042178925126791 2813
1780864317521 0.15555225312709808 2814
1780864317525 0.1347423642873764 2815
1780864317529 0.12293735146522522 2816
1780864317534 0.04403093829751015 2817
1780864317538 0.12274307012557983 2818
1780864317542 0.1524868607521057 2819
1780864317545 0.10805007815361023 2820
1780864317549 0.10578803718090057 2821
1780864317554 0.11846410483121872 2822
1780864317559 0.04390070214867592 2823
1780864317564 0.041271042078733444 2824
1780864317568 0.1496371328830719 2825
1780864317573 0.09010406583547592 2826
1780864317577 0.14978131651878357 2827
1780864317581 0.13868817687034607 2828
1780864317584 0.23431110382080078 2829
1780864317588 0.018754569813609123 2830
1780864317593 0.1409657895565033 2831
1780864317596 0.0451858825981617 2832
1780864317601 0.08259411156177521 2833
1780864317604 0.13079456984996796 2834
1780864317607 0.1788562685251236 2835
1780864317611 0.16823866963386536 2836
1780864317614 0.19318075478076935 2837
1780864317617 0.08580128848552704 2838
1780864317620 0.1879667043685913 2839
1780864317624 0.03861868008971214 2840
1780864317631 0.1222413033246994 2841
1780864317635 0.09675123542547226 2842
1780864317639 0.10674892365932465 2843
1780864317643 0.29465189576148987 2844
1780864317648 0.17930711805820465 2845
1780864317652 0.09530684351921082 2846
1780864317657 0.044928178191185 2847
1780864317660 0.17466169595718384 2848
1780864317664 0.05018771067261696 2849
1780864317670 0.033696506172418594 2850
1780864317673 0.1026512011885643 2851
1780864317676 0.09171593189239502 2852
1780864317682 0.10040545463562012 2853
1780864317687 0.08451464772224426 2854
1780864317690 0.06974383443593979 2855
1780864317694 0.06403500586748123 2856
1780864317698 0.015027089044451714 2857
1780864317703 0.1027723178267479 2858
1780864317706 0.1691831797361374 2859
1780864317710 0.11445637047290802 2860
1780864317714 0.11711958795785904 2861
1780864317718 0.11959909647703171 2862
1780864317723 0.09179741144180298 2863
1780864317727 0.1914576292037964 2864
1780864317732 0.1397923231124878 2865
1780864317736 0.1481827050447464 2866
1780864317739 0.07099910825490952 2867
1780864317743 0.13311393558979034 2868
1780864317747 0.11513115465641022 2869
1780864317751 0.09152700006961823 2870
1780864317755 0.07089172303676605 2871
1780864317758 0.1171683669090271 2872
1780864317764 0.04616396501660347 2873
1780864317768 0.13191726803779602 2874
1780864317772 0.1796344518661499 2875
1780864317775 0.11954794824123383 2876
1780864317781 0.06253333389759064 2877
1780864317785 0.2727460265159607 2878
1780864317788 0.07897523045539856 2879
1780864317791 0.21113966405391693 2880
1780864317797 0.1179201528429985 2881
1780864317802 0.07736038416624069 2882
1780864317805 0.17887520790100098 2883
1780864317810 0.06194819509983063 2884
1780864317816 0.1277245432138443 2885
1780864317821 0.030378248542547226 2886
1780864317825 0.06255056709051132 2887
1780864317828 0.06477975845336914 2888
1780864317835 0.07648026943206787 2889
1780864317838 0.11277929693460464 2890
1780864317842 0.11407903581857681 2891
1780864317846 0.11683224141597748 2892
1780864317850 0.10410959273576736 2893
1780864317854 0.2796212434768677 2894
1780864317858 0.2703271508216858 2895
1780864317862 0.09769755601882935 2896
1780864317866 0.1481485664844513 2897
1780864317869 0.07918203622102737 2898
1780864317874 0.19075901806354523 2899
1780864317878 0.12254117429256439 2900
1780864317882 0.11610458791255951 2901
1780864317886 0.12950481474399567 2902
1780864317891 0.0506230965256691 2903
1780864317895 0.12939749658107758 2904
1780864317898 0.07759131491184235 2905
1780864317902 0.2886156737804413 2906
1780864317906 0.10775543749332428 2907
1780864317909 0.039055272936820984 2908
1780864317913 0.09085918962955475 2909
1780864317918 0.20243506133556366 2910
1780864317921 0.09833075851202011 2911
1780864317925 0.1393536776304245 2912
1780864317928 0.14071819186210632 2913
1780864317933 0.027933964505791664 2914
1780864317936 0.1038784384727478 2915
1780864317939 0.13637016713619232 2916
1780864317944 0.10908249020576477 2917
1780864317947 0.11150224506855011 2918
1780864317951 0.13599169254302979 2919
1780864317957 0.10903440415859222 2920
1780864317961 0.04706206172704697 2921
1780864317966 0.07248950749635696 2922
1780864317971 0.1792910397052765 2923
1780864317975 0.16251982748508453 2924
1780864317979 0.08369389176368713 2925
1780864317983 0.13100536167621613 2926
1780864317988 0.06196187064051628 2927
1780864317991 0.048423416912555695 2928
1780864317996 0.155600443482399 2929
1780864317999 0.028437959030270576 2930
1780864318004 0.06782016158103943 2931
1780864318008 0.14497099816799164 2932
1780864318013 0.09024235606193542 2933
1780864318016 0.11904026567935944 2934
1780864318020 0.19740523397922516 2935
1780864318023 0.09795784950256348 2936
1780864318027 0.09639980643987656 2937
1780864318032 0.1763184815645218 2938
1780864318036 0.15603695809841156 2939
1780864318039 0.09716521203517914 2940
1780864318043 0.11728768050670624 2941
1780864318047 0.09150797873735428 2942
1780864318052 0.11798515915870667 2943
1780864318055 0.1093621701002121 2944
1780864318057 0.060694463551044464 2945
1780864318062 0.07720090448856354 2946
1780864318068 0.14091889560222626 2947
1780864318071 0.048088155686855316 2948
1780864318075 0.24489760398864746 2949
1780864318078 0.08841222524642944 2950
1780864318081 0.16554056107997894 2951
1780864318084 0.13000144064426422 2952
1780864318087 0.06283213943243027 2953
1780864318092 0.025989338755607605 2954
1780864318095 0.06842441111803055 2955
1780864318098 0.09253724664449692 2956
1780864318104 0.07367704808712006 2957
1780864318109 0.08838514983654022 2958
1780864318113 0.19721773266792297 2959
1780864318118 0.04278232529759407 2960
1780864318121 0.08456997573375702 2961
1780864318126 0.047255922108888626 2962
1780864318131 0.11708267033100128 2963
1780864318135 0.045342739671468735 2964
1780864318142 0.18117491900920868 2965
1780864318145 0.09034597873687744 2966
1780864318149 0.10194402188062668 2967
1780864318157 0.10967808961868286 2968
1780864318161 0.07510101050138474 2969
1780864318164 0.0767204612493515 2970
1780864318168 0.046694066375494 2971
1780864318172 0.06806943565607071 2972
1780864318176 0.10865692049264908 2973
1780864318179 0.1000889390707016 2974
1780864318184 0.15563037991523743 2975
1780864318188 0.16829001903533936 2976
1780864318192 0.12321943044662476 2977
1780864318197 0.3070993721485138 2978
1780864318200 0.189284548163414 2979
1780864318203 0.11386033147573471 2980
1780864318206 0.04008643329143524 2981
1780864318210 0.14079171419143677 2982
1780864318214 0.041579876095056534 2983
1780864318218 0.23457415401935577 2984
1780864318222 0.03309335932135582 2985
1780864318225 0.0809512734413147 2986
1780864318228 0.08322926610708237 2987
1780864318232 0.06919548660516739 2988
1780864318236 0.1610795110464096 2989
1780864318242 0.21130138635635376 2990
1780864318247 0.058844562619924545 2991
1780864318251 0.06778676062822342 2992
1780864318255 0.32966136932373047 2993
1780864318259 0.07300024479627609 2994
1780864318265 0.09406709671020508 2995
1780864318269 0.16013455390930176 2996
1780864318274 0.16888655722141266 2997
1780864318278 0.11518171429634094 2998
1780864318282 0.22630903124809265 2999
1780864318285 0.06465648859739304 3000
1780864318289 0.1076795905828476 3001
1780864318293 0.034474991261959076 3002
1780864318298 0.09318993240594864 3003
1780864318303 0.04569942504167557 3004
1780864318307 0.11664712429046631 3005
1780864318311 0.09708598256111145 3006
1780864318314 0.1877451390028 3007
1780864318318 0.23223096132278442 3008
1780864318321 0.06761488318443298 3009
1780864318326 0.038619812577962875 3010
1780864318330 0.031963493674993515 3011
1780864318333 0.059543807059526443 3012
1780864318337 0.16318652033805847 3013
1780864318342 0.15962691605091095 3014
1780864318349 0.09630347043275833 3015
1780864318352 0.03387241065502167 3016
1780864318358 0.07944413274526596 3017
1780864318363 0.13396485149860382 3018
1780864318369 0.19129793345928192 3019
1780864318372 0.09782687574625015 3020
1780864318377 0.11480189114809036 3021
1780864318381 0.08108355104923248 3022
1780864318385 0.09608730673789978 3023
1780864318388 0.05558067560195923 3024
1780864318394 0.034350790083408356 3025
1780864318397 0.13987286388874054 3026
1780864318401 0.06220552325248718 3027
1780864318405 0.13969199359416962 3028
1780864318410 0.1226433739066124 3029
1780864318414 0.032369740307331085 3030
1780864318419 0.08663428574800491 3031
1780864318424 0.07690374553203583 3032
1780864318428 0.1064683049917221 3033
1780864318433 0.059226054698228836 3034
1780864318437 0.10610121488571167 3035
1780864318441 0.17939750850200653 3036
1780864318445 0.19133920967578888 3037
1780864318451 0.16787953674793243 3038
1780864318454 0.18769291043281555 3039
1780864318460 0.0321025587618351 3040
1780864318463 0.26253247261047363 3041
1780864318468 0.14448674023151398 3042
1780864318474 0.16154037415981293 3043
1780864318478 0.12283574789762497 3044
1780864318482 0.120264932513237 3045
1780864318485 0.20948095619678497 3046
1780864318491 0.14736807346343994 3047
1780864318494 0.10987759381532669 3048
1780864318498 0.07586999982595444 3049
1780864318503 0.10964584350585938 3050
1780864318508 0.15685413777828217 3051
1780864318513 0.07233218848705292 3052
1780864318516 0.21392467617988586 3053
1780864318520 0.15126846730709076 3054
1780864318526 0.21348005533218384 3055
1780864318532 0.03318215534090996 3056
1780864318535 0.19247879087924957 3057
1780864318539 0.16773410141468048 3058
1780864318545 0.033221062272787094 3059
1780864318550 0.13842637836933136 3060
1780864318553 0.10888799279928207 3061
1780864318558 0.043656084686517715 3062
1780864318562 0.016301065683364868 3063
1780864318565 0.05102831870317459 3064
1780864318571 0.04021744802594185 3065
1780864318574 0.14344078302383423 3066
1780864318578 0.03922755643725395 3067
1780864318582 0.15404348075389862 3068
1780864318586 0.0654524639248848 3069
1780864318592 0.15841570496559143 3070
1780864318597 0.02999000996351242 3071
1780864318600 0.06789343804121017 3072
1780864318604 0.056857019662857056 3073
1780864318607 0.11511792987585068 3074
1780864318611 0.04240020737051964 3075
1780864318615 0.087140753865242 3076
1780864318618 0.031474608927965164 3077
1780864318622 0.037067536264657974 3078
1780864318626 0.08756642788648605 3079
1780864318631 0.15614831447601318 3080
1780864318634 0.03951539844274521 3081
1780864318638 0.07934001833200455 3082
1780864318642 0.09179815649986267 3083
1780864318647 0.10535788536071777 3084
1780864318650 0.09633717685937881 3085
1780864318654 0.0404893159866333 3086
1780864318658 0.1638832688331604 3087
1780864318662 0.09739311039447784 3088
1780864318666 0.04557672142982483 3089
1780864318670 0.18942704796791077 3090
1780864318673 0.14560744166374207 3091
1780864318676 0.03811178356409073 3092
1780864318680 0.24594685435295105 3093
1780864318685 0.04544426128268242 3094
1780864318689 0.02117869257926941 3095
1780864318695 0.11978328973054886 3096
1780864318699 0.23424318432807922 3097
1780864318702 0.0654243528842926 3098
1780864318706 0.12659025192260742 3099
1780864318711 0.12286058068275452 3100
1780864318715 0.11284265667200089 3101
1780864318719 0.2893720865249634 3102
1780864318724 0.07390622049570084 3103
1780864318729 0.03278067708015442 3104
1780864318735 0.03547590970993042 3105
1780864318739 0.05632832273840904 3106
1780864318743 0.1705292910337448 3107
1780864318747 0.05587810277938843 3108
1780864318750 0.04168522357940674 3109
1780864318755 0.20621587336063385 3110
1780864318758 0.06791097670793533 3111
1780864318764 0.15516895055770874 3112
1780864318767 0.11559668183326721 3113
1780864318771 0.08249476552009583 3114
1780864318775 0.10205338895320892 3115
1780864318778 0.1025710329413414 3116
1780864318783 0.1614631861448288 3117
1780864318788 0.0821770429611206 3118
1780864318791 0.02523970790207386 3119
1780864318794 0.2536269724369049 3120
1780864318799 0.42944657802581787 3121
1780864318805 0.0387110635638237 3122
1780864318809 0.034873440861701965 3123
1780864318813 0.11898746341466904 3124
1780864318818 0.027211684733629227 3125
1780864318823 0.09307587146759033 3126
1780864318827 0.08434321731328964 3127
1780864318830 0.16779384016990662 3128
1780864318834 0.07598958909511566 3129
1780864318840 0.0786176323890686 3130
1780864318843 0.14549611508846283 3131
1780864318848 0.17139369249343872 3132
1780864318855 0.06139698997139931 3133
1780864318859 0.05046848952770233 3134
1780864318862 0.11355290561914444 3135
1780864318867 0.2236773520708084 3136
1780864318871 0.12148190289735794 3137
1780864318875 0.21502931416034698 3138
1780864318878 0.11905709654092789 3139
1780864318882 0.08116751164197922 3140
1780864318887 0.11367397755384445 3141
1780864318890 0.028025595471262932 3142
1780864318893 0.10302815586328506 3143
1780864318897 0.04920731484889984 3144
1780864318902 0.1116158589720726 3145
1780864318905 0.13992707431316376 3146
1780864318907 0.11591780930757523 3147
1780864318912 0.08120552450418472 3148
1780864318915 0.04250302165746689 3149
1780864318920 0.1035894900560379 3150
1780864318924 0.09120751917362213 3151
1780864318929 0.14793166518211365 3152
1780864318932 0.07039061188697815 3153
1780864318935 0.18400923907756805 3154
1780864318940 0.030614187940955162 3155
1780864318944 0.030786855146288872 3156
1780864318948 0.21568772196769714 3157
1780864318953 0.28160059452056885 3158
1780864318959 0.09446735680103302 3159
1780864318962 0.14143343269824982 3160
1780864318967 0.03965311497449875 3161
1780864318972 0.08634831756353378 3162
1780864318976 0.1371045708656311 3163
1780864318981 0.17597423493862152 3164
1780864318986 0.15535517036914825 3165
1780864318990 0.06344082206487656 3166
1780864318995 0.028000859543681145 3167
1780864319000 0.12721478939056396 3168
1780864319003 0.09871143102645874 3169
1780864319007 0.07739005982875824 3170
1780864319011 0.11157771944999695 3171
1780864319016 0.10592447221279144 3172
1780864319019 0.06441529095172882 3173
1780864319023 0.12890218198299408 3174
1780864319027 0.1601327359676361 3175
1780864319031 0.10773477703332901 3176
1780864319035 0.08080467581748962 3177
1780864319040 0.05147600173950195 3178
1780864319043 0.15936094522476196 3179
1780864319047 0.04354329779744148 3180
1780864319052 0.14888788759708405 3181
1780864319056 0.11181104928255081 3182
1780864319060 0.28774958848953247 3183
1780864319066 0.1683155745267868 3184
1780864319070 0.0726243257522583 3185
1780864319073 0.05446961149573326 3186
1780864319077 0.17603954672813416 3187
1780864319080 0.17736530303955078 3188
1780864319084 0.17147091031074524 3189
1780864319088 0.2332298457622528 3190
1780864319092 0.11212093383073807 3191
1780864319095 0.12313008308410645 3192
1780864319099 0.10670505464076996 3193
1780864319103 0.12246733903884888 3194
1780864319106 0.18365436792373657 3195
1780864319111 0.19125980138778687 3196
1780864319116 0.11833707243204117 3197
1780864319120 0.10165798664093018 3198
1780864319124 0.07223401963710785 3199
1780864319129 0.11560409516096115 3200
1780864319133 0.12854604423046112 3201
1780864319138 0.07101530581712723 3202
1780864319141 0.07955962419509888 3203
1780864319145 0.1255071610212326 3204
1780864319148 0.09299831092357635 3205
1780864319152 0.1289757788181305 3206
1780864319156 0.056228578090667725 3207
1780864319160 0.05331461504101753 3208
1780864319165 0.06731640547513962 3209
1780864319170 0.12193825095891953 3210
1780864319174 0.10321950167417526 3211
1780864319177 0.07408332079648972 3212
1780864319180 0.15727120637893677 3213
1780864319186 0.026647526770830154 3214
1780864319191 0.38080349564552307 3215
1780864319195 0.13395878672599792 3216
1780864319199 0.04089164733886719 3217
1780864319203 0.10909352451562881 3218
1780864319206 0.08673539757728577 3219
1780864319211 0.16146674752235413 3220
1780864319215 0.19767160713672638 3221
1780864319219 0.1419982612133026 3222
1780864319224 0.10371218621730804 3223
1780864319227 0.1367972046136856 3224
1780864319231 0.09026241302490234 3225
1780864319235 0.06359289586544037 3226
1780864319239 0.10127022862434387 3227
1780864319242 0.10122531652450562 3228
1780864319246 0.18315552175045013 3229
1780864319252 0.1320827752351761 3230
1780864319256 0.10134705901145935 3231
1780864319259 0.04475780948996544 3232
1780864319263 0.047221869230270386 3233
1780864319268 0.09764162451028824 3234
1780864319271 0.16503120958805084 3235
1780864319275 0.03740154951810837 3236
1780864319279 0.03584016114473343 3237
1780864319283 0.03619170933961868 3238
1780864319289 0.1355554312467575 3239
1780864319293 0.21124835312366486 3240
1780864319296 0.10649953782558441 3241
1780864319300 0.1153046190738678 3242
1780864319305 0.1433597207069397 3243
1780864319308 0.17203669250011444 3244
1780864319312 0.06577539443969727 3245
1780864319316 0.07473087310791016 3246
1780864319319 0.23109102249145508 3247
1780864319324 0.17486245930194855 3248
1780864319328 0.20031268894672394 3249
1780864319333 0.05434398353099823 3250
1780864319337 0.09336990118026733 3251
1780864319341 0.10655366629362106 3252
1780864319347 0.041188839823007584 3253
1780864319351 0.08076263964176178 3254
1780864319356 0.03214879706501961 3255
1780864319359 0.11067184805870056 3256
1780864319363 0.08874007314443588 3257
1780864319368 0.14462149143218994 3258
1780864319372 0.03125625476241112 3259
1780864319376 0.07959014177322388 3260
1780864319379 0.034172944724559784 3261
1780864319383 0.021737119182944298 3262
1780864319388 0.09844864904880524 3263
1780864319392 0.07278088480234146 3264
1780864319395 0.22188499569892883 3265
1780864319401 0.09728780388832092 3266
1780864319406 0.10395307838916779 3267
1780864319411 0.027264410629868507 3268
1780864319415 0.05667543038725853 3269
1780864319422 0.05594559386372566 3270
1780864319426 0.14522747695446014 3271
1780864319431 0.20613496005535126 3272
1780864319435 0.08582434803247452 3273
1780864319438 0.15591396391391754 3274
1780864319442 0.08090902864933014 3275
1780864319448 0.08607256412506104 3276
1780864319452 0.09396208077669144 3277
1780864319456 0.10784844309091568 3278
1780864319462 0.08290985226631165 3279
1780864319466 0.14798453450202942 3280
1780864319470 0.11695631593465805 3281
1780864319474 0.028251580893993378 3282
1780864319479 0.07439474016427994 3283
1780864319484 0.12090346962213516 3284
1780864319489 0.09368979185819626 3285
1780864319492 0.01645931974053383 3286
1780864319497 0.055970966815948486 3287
1780864319503 0.29229217767715454 3288
1780864319507 0.09480764716863632 3289
1780864319513 0.019102370366454124 3290
1780864319516 0.11307051032781601 3291
1780864319521 0.026921145617961884 3292
1780864319526 0.12796300649642944 3293
1780864319530 0.17970627546310425 3294
1780864319534 0.05998020991683006 3295
1780864319539 0.034994371235370636 3296
1780864319543 0.20410294830799103 3297
1780864319548 0.038691479712724686 3298
1780864319553 0.14047013223171234 3299
1780864319557 0.1637594997882843 3300
1780864319561 0.275920033454895 3301
1780864319564 0.04374205693602562 3302
1780864319567 0.09467604011297226 3303
1780864319572 0.06049620732665062 3304
1780864319576 0.10633297264575958 3305
1780864319581 0.18831861019134521 3306
1780864319587 0.13129647076129913 3307
1780864319590 0.06449595838785172 3308
1780864319595 0.04943758249282837 3309
1780864319599 0.20734381675720215 3310
1780864319603 0.05441084876656532 3311
1780864319606 0.06981564313173294 3312
1780864319609 0.05805356800556183 3313
1780864319612 0.11833727359771729 3314
1780864319615 0.09404261410236359 3315
1780864319618 0.07292113453149796 3316
1780864319622 0.10191959887742996 3317
1780864319628 0.0664023905992508 3318
1780864319631 0.056671544909477234 3319
1780864319636 0.18226566910743713 3320
1780864319639 0.08097004145383835 3321
1780864319642 0.03416570648550987 3322
1780864319645 0.09208264201879501 3323
1780864319648 0.19608351588249207 3324
1780864319651 0.10792090743780136 3325
1780864319656 0.041556864976882935 3326
1780864319661 0.10302670300006866 3327
1780864319665 0.07973992824554443 3328
1780864319668 0.2286262810230255 3329
1780864319672 0.1158752590417862 3330
1780864319677 0.16214437782764435 3331
1780864319681 0.10991284251213074 3332
1780864319684 0.10895267128944397 3333
1780864319687 0.11823613196611404 3334
1780864319691 0.07559782266616821 3335
1780864319695 0.04354093223810196 3336
1780864319699 0.15434779226779938 3337
1780864319704 0.1316620260477066 3338
1780864319708 0.053799595683813095 3339
1780864319712 0.17530807852745056 3340
1780864319717 0.053013578057289124 3341
1780864319721 0.13561618328094482 3342
1780864319724 0.02362215891480446 3343
1780864319729 0.11329890787601471 3344
1780864319733 0.09871667623519897 3345
1780864319737 0.0724886879324913 3346
1780864319740 0.11450060456991196 3347
1780864319744 0.040951237082481384 3348
1780864319748 0.07766667008399963 3349
1780864319752 0.034799300134181976 3350
1780864319756 0.1105690598487854 3351
1780864319760 0.22910581529140472 3352
1780864319765 0.03404853492975235 3353
1780864319768 0.11922310292720795 3354
1780864319772 0.04233284294605255 3355
1780864319776 0.11381876468658447 3356
1780864319780 0.06360278278589249 3357
1780864319783 0.2225065678358078 3358
1780864319787 0.1854928731918335 3359
1780864319791 0.07249610871076584 3360
1780864319797 0.05999162048101425 3361
1780864319802 0.06026645004749298 3362
1780864319806 0.03217415139079094 3363
1780864319810 0.2667200267314911 3364
1780864319815 0.05642597749829292 3365
1780864319819 0.11537820845842361 3366
1780864319823 0.09042428433895111 3367
1780864319827 0.04762544482946396 3368
1780864319831 0.05332847312092781 3369
1780864319835 0.14314310252666473 3370
1780864319840 0.05309870466589928 3371
1780864319844 0.09714038670063019 3372
1780864319847 0.18199434876441956 3373
1780864319851 0.1586611419916153 3374
1780864319855 0.08669032156467438 3375
1780864319859 0.05929511412978172 3376
1780864319864 0.07546825706958771 3377
1780864319868 0.11909577995538712 3378
1780864319872 0.1299578845500946 3379
1780864319876 0.1675383597612381 3380
1780864319881 0.06910599023103714 3381
1780864319885 0.18009357154369354 3382
1780864319889 0.08342062681913376 3383
1780864319893 0.18848150968551636 3384
1780864319897 0.2514093816280365 3385
1780864319901 0.25664544105529785 3386
1780864319906 0.05400620028376579 3387
1780864319910 0.09742866456508636 3388
1780864319914 0.17376431822776794 3389
1780864319919 0.1984967291355133 3390
1780864319922 0.1721402406692505 3391
1780864319925 0.10594772547483444 3392
1780864319929 0.08209177851676941 3393
1780864319933 0.06818527728319168 3394
1780864319937 0.10393619537353516 3395
1780864319941 0.34405967593193054 3396
1780864319945 0.2042362540960312 3397
1780864319949 0.06756605952978134 3398
1780864319953 0.05127410218119621 3399
1780864319956 0.232247456908226 3400
1780864319961 0.05641021206974983 3401
1780864319966 0.0985681489109993 3402
1780864319970 0.17580603063106537 3403
1780864319974 0.19278362393379211 3404
1780864319979 0.0943225622177124 3405
1780864319983 0.20583578944206238 3406
1780864319987 0.17759136855602264 3407
1780864319993 0.05041128769516945 3408
1780864319997 0.03463997691869736 3409
1780864320002 0.04769004136323929 3410
1780864320006 0.1235496923327446 3411
1780864320010 0.2019079476594925 3412
1780864320015 0.13888311386108398 3413
1780864320019 0.04280628263950348 3414
1780864320023 0.09518389403820038 3415
1780864320027 0.06713561713695526 3416
1780864320031 0.09771431982517242 3417
1780864320036 0.0879826545715332 3418
1780864320039 0.09247896820306778 3419
1780864320044 0.07044777274131775 3420
1780864320048 0.13908691704273224 3421
1780864320052 0.06558781862258911 3422
1780864320057 0.1020672544836998 3423
1780864320061 0.047722090035676956 3424
1780864320067 0.08287976682186127 3425
1780864320070 0.04979759082198143 3426
1780864320074 0.08888401091098785 3427
1780864320078 0.1416121870279312 3428
1780864320082 0.04293246194720268 3429
1780864320088 0.3081231117248535 3430
1780864320093 0.1538992077112198 3431
1780864320096 0.07856966555118561 3432
1780864320102 0.08679777383804321 3433
1780864320109 0.054383646696805954 3434
1780864320116 0.09066726267337799 3435
1780864320120 0.10937750339508057 3436
1780864320125 0.040497563779354095 3437
1780864320130 0.03712084889411926 3438
1780864320134 0.16631869971752167 3439
1780864320138 0.18194445967674255 3440
1780864320143 0.035562317818403244 3441
1780864320147 0.10579156130552292 3442
1780864320151 0.034103378653526306 3443
1780864320155 0.08277203887701035 3444
1780864320160 0.1677936315536499 3445
1780864320165 0.12985235452651978 3446
1780864320169 0.08991804718971252 3447
1780864320174 0.13905403017997742 3448
1780864320177 0.2693645656108856 3449
1780864320183 0.0947372242808342 3450
1780864320187 0.09653090685606003 3451
1780864320191 0.03817255422472954 3452
1780864320196 0.20653298497200012 3453
1780864320200 0.07447025924921036 3454
1780864320204 0.13257171213626862 3455
1780864320209 0.08995454758405685 3456
1780864320214 0.01189349964261055 3457
1780864320218 0.06083353981375694 3458
1780864320223 0.07190915197134018 3459
1780864320227 0.10524166375398636 3460
1780864320232 0.04617152363061905 3461
1780864320237 0.10843019932508469 3462
1780864320242 0.052351899445056915 3463
1780864320246 0.04851141199469566 3464
1780864320250 0.03678440675139427 3465
1780864320254 0.04086707532405853 3466
1780864320259 0.10146679729223251 3467
1780864320263 0.09683357924222946 3468
1780864320267 0.12354984134435654 3469
1780864320270 0.12280777841806412 3470
1780864320275 0.05473071709275246 3471
1780864320279 0.04179321601986885 3472
1780864320283 0.10024860501289368 3473
1780864320288 0.04591767117381096 3474
1780864320293 0.015876058489084244 3475
1780864320297 0.21186207234859467 3476
1780864320301 0.14450940489768982 3477
1780864320305 0.2702208161354065 3478
1780864320309 0.12893450260162354 3479
1780864320315 0.1057010218501091 3480
1780864320319 0.08122095465660095 3481
1780864320327 0.07093195617198944 3482
1780864320333 0.05564987659454346 3483
1780864320338 0.1597159206867218 3484
1780864320343 0.07998669892549515 3485
1780864320348 0.208845853805542 3486
1780864320352 0.05735379830002785 3487
1780864320357 0.04332615062594414 3488
1780864320362 0.05022171512246132 3489
1780864320366 0.04074542969465256 3490
1780864320370 0.1358758956193924 3491
1780864320374 0.16756904125213623 3492
1780864320379 0.02644980698823929 3493
1780864320383 0.24299868941307068 3494
1780864320387 0.06141781061887741 3495
1780864320392 0.12076181173324585 3496
1780864320396 0.14628355205059052 3497
1780864320401 0.026559891179203987 3498
1780864320405 0.08908092230558395 3499
1780864320409 0.05263158679008484 3500
1780864320413 0.03751537948846817 3501
1780864320417 0.12855561077594757 3502
1780864320421 0.33188870549201965 3503
1780864320426 0.08572249114513397 3504
1780864320429 0.22753219306468964 3505
1780864320433 0.2265848070383072 3506
1780864320437 0.20495115220546722 3507
1780864320442 0.12895821034908295 3508
1780864320446 0.23484347760677338 3509
1780864320450 0.02281801402568817 3510
1780864320454 0.08521487563848495 3511
1780864320458 0.08430826663970947 3512
1780864320463 0.06571763753890991 3513
1780864320468 0.07876114547252655 3514
1780864320472 0.1121981292963028 3515
1780864320476 0.08326580375432968 3516
1780864320480 0.08307498693466187 3517
1780864320486 0.0997830182313919 3518
1780864320490 0.3193700611591339 3519
1780864320495 0.05545588582754135 3520
1780864320499 0.23485825955867767 3521
1780864320503 0.06230299174785614 3522
1780864320508 0.06846192479133606 3523
1780864320513 0.10925912111997604 3524
1780864320517 0.1399502158164978 3525
1780864320522 0.13429206609725952 3526
1780864320529 0.07560309767723083 3527
1780864320532 0.057433657348155975 3528
1780864320536 0.08868679404258728 3529
1780864320541 0.28840065002441406 3530
1780864320546 0.1186290755867958 3531
1780864320550 0.06248442456126213 3532
1780864320555 0.20810142159461975 3533
1780864320559 0.0430619940161705 3534
1780864320563 0.15919090807437897 3535
1780864320567 0.18488158285617828 3536
1780864320571 0.07378654927015305 3537
1780864320577 0.37217071652412415 3538
1780864320582 0.14347678422927856 3539
1780864320588 0.07536094635725021 3540
1780864320592 0.03532982990145683 3541
1780864320596 0.02632370963692665 3542
1780864320602 0.10586924850940704 3543
1780864320607 0.07174211740493774 3544
1780864320612 0.05428687855601311 3545
1780864320616 0.03892972692847252 3546
1780864320619 0.14254885911941528 3547
1780864320624 0.05006184056401253 3548
1780864320628 0.06247880309820175 3549
1780864320632 0.013068266212940216 3550
1780864320638 0.04551733657717705 3551
1780864320642 0.11861217767000198 3552
1780864320646 0.15979984402656555 3553
1780864320649 0.18881967663764954 3554
1780864320657 0.11379344016313553 3555
1780864320661 0.046890560537576675 3556
1780864320664 0.07112954556941986 3557
1780864320670 0.0770740807056427 3558
1780864320674 0.027245061472058296 3559
1780864320678 0.04336140677332878 3560
1780864320681 0.02437339909374714 3561
1780864320684 0.029881305992603302 3562
1780864320689 0.18761642277240753 3563
1780864320693 0.08817579597234726 3564
1780864320697 0.08810359984636307 3565
1780864320702 0.02785082906484604 3566
1780864320709 0.12641851603984833 3567
1780864320713 0.12962211668491364 3568
1780864320718 0.13228647410869598 3569
1780864320722 0.04189961403608322 3570
1780864320728 0.19441145658493042 3571
1780864320733 0.11778055876493454 3572
1780864320737 0.12281843274831772 3573
1780864320741 0.08425283432006836 3574
1780864320744 0.07043026387691498 3575
1780864320748 0.239136204123497 3576
1780864320752 0.3872646987438202 3577
1780864320757 0.23848620057106018 3578
1780864320761 0.13635782897472382 3579
1780864320768 0.030309997498989105 3580
1780864320773 0.13315823674201965 3581
1780864320776 0.093095563352108 3582
1780864320780 0.058600328862667084 3583
1780864320785 0.1902891844511032 3584
1780864320789 0.1717563271522522 3585
1780864320794 0.06833997368812561 3586
1780864320800 0.09977801889181137 3587
1780864320804 0.1023024320602417 3588
1780864320809 0.14343370497226715 3589
1780864320815 0.10323990881443024 3590
1780864320820 0.21471787989139557 3591
1780864320823 0.34988072514533997 3592
1780864320829 0.05873853713274002 3593
1780864320833 0.05906016007065773 3594
1780864320837 0.20706935226917267 3595
1780864320842 0.22564762830734253 3596
1780864320846 0.3138487935066223 3597
1780864320850 0.09254518896341324 3598
1780864320854 0.0254385806620121 3599
1780864320858 0.17715252935886383 3600
1780864320861 0.04863901808857918 3601
1780864320866 0.07842382788658142 3602
1780864320870 0.03534533083438873 3603
1780864320874 0.14601683616638184 3604
1780864320877 0.2167663425207138 3605
1780864320880 0.04378170892596245 3606
1780864320885 0.12574559450149536 3607
1780864320888 0.08140885829925537 3608
1780864320892 0.07285013049840927 3609
1780864320895 0.04436291754245758 3610
1780864320902 0.11122578382492065 3611
1780864320906 0.0524427704513073 3612
1780864320911 0.07176773995161057 3613
1780864320916 0.10771408677101135 3614
1780864320920 0.0671008750796318 3615
1780864320923 0.0151418037712574 3616
1780864320927 0.17308372259140015 3617
1780864320931 0.25382718443870544 3618
1780864320935 0.06639929115772247 3619
1780864320939 0.08269345015287399 3620
1780864320942 0.11060753464698792 3621
1780864320946 0.12613677978515625 3622
1780864320950 0.06784875690937042 3623
1780864320956 0.12807288765907288 3624
1780864320962 0.08869937807321548 3625
1780864320967 0.12241661548614502 3626
1780864320970 0.07956518232822418 3627
1780864320974 0.028832165524363518 3628
1780864320978 0.034596897661685944 3629
1780864320982 0.0911303460597992 3630
1780864320985 0.09159451723098755 3631
1780864320991 0.0427660197019577 3632
1780864320995 0.04624645411968231 3633
1780864321000 0.16307517886161804 3634
1780864321004 0.034403689205646515 3635
1780864321009 0.23107078671455383 3636
1780864321014 0.15355107188224792 3637
1780864321017 0.22698348760604858 3638
1780864321022 0.05007203295826912 3639
1780864321025 0.08001304417848587 3640
1780864321029 0.16071441769599915 3641
1780864321034 0.20017890632152557 3642
1780864321039 0.05959852784872055 3643
1780864321045 0.05109916254878044 3644
1780864321050 0.10836876183748245 3645
1780864321053 0.1245797723531723 3646
1780864321057 0.10029485076665878 3647
1780864321060 0.0761994943022728 3648
1780864321065 0.11495447158813477 3649
1780864321069 0.15679824352264404 3650
1780864321073 0.19621899724006653 3651
1780864321076 0.17915847897529602 3652
1780864321080 0.038065191358327866 3653
1780864321084 0.1259671151638031 3654
1780864321088 0.09646566957235336 3655
1780864321092 0.028062298893928528 3656
1780864321097 0.2518622875213623 3657
1780864321102 0.10778636485338211 3658
1780864321106 0.07203863561153412 3659
1780864321110 0.031184835359454155 3660
1780864321114 0.1601698249578476 3661
1780864321118 0.05512598901987076 3662
1780864321122 0.08665140718221664 3663
1780864321126 0.09637629985809326 3664
1780864321132 0.09250452369451523 3665
1780864321136 0.10716214776039124 3666
1780864321140 0.09964797645807266 3667
1780864321144 0.0885104164481163 3668
1780864321150 0.11567941308021545 3669
1780864321155 0.17139889299869537 3670
1780864321158 0.325793594121933 3671
1780864321163 0.26171839237213135 3672
1780864321168 0.07892736792564392 3673
1780864321171 0.04745066165924072 3674
1780864321176 0.06524181365966797 3675
1780864321179 0.1196182444691658 3676
1780864321183 0.08511658012866974 3677
1780864321187 0.05990803986787796 3678
1780864321190 0.03212689608335495 3679
1780864321194 0.06280677020549774 3680
1780864321197 0.031755294650793076 3681
1780864321202 0.06862691044807434 3682
1780864321204 0.07361523807048798 3683
1780864321207 0.327859103679657 3684
1780864321213 0.06911077350378036 3685
1780864321218 0.30132341384887695 3686
1780864321222 0.03289732709527016 3687
1780864321225 0.04911698028445244 3688
1780864321230 0.07419989258050919 3689
1780864321233 0.09030787646770477 3690
1780864321237 0.17330946028232574 3691
1780864321242 0.046940844506025314 3692
1780864321245 0.05909494310617447 3693
1780864321250 0.15137195587158203 3694
1780864321254 0.07089095562696457 3695
1780864321259 0.06600899249315262 3696
1780864321264 0.10321812331676483 3697
1780864321268 0.12499192357063293 3698
1780864321273 0.3795493245124817 3699
1780864321277 0.04408169165253639 3700
1780864321280 0.06394471228122711 3701
1780864321285 0.17596553266048431 3702
1780864321290 0.04587208479642868 3703
1780864321293 0.1805955022573471 3704
1780864321296 0.13853873312473297 3705
1780864321300 0.16382353007793427 3706
1780864321304 0.03956142067909241 3707
1780864321308 0.06667095422744751 3708
1780864321311 0.14557024836540222 3709
1780864321314 0.0741000771522522 3710
1780864321318 0.024123985320329666 3711
1780864321321 0.21089261770248413 3712
1780864321325 0.10919316858053207 3713
1780864321329 0.09387687593698502 3714
1780864321334 0.08064014464616776 3715
1780864321339 0.12467320263385773 3716
1780864321343 0.16794827580451965 3717
1780864321347 0.0679050162434578 3718
1780864321351 0.11609361320734024 3719
1780864321355 0.04599964991211891 3720
1780864321359 0.16984401643276215 3721
1780864321363 0.13176585733890533 3722
1780864321367 0.1657457947731018 3723
1780864321373 0.09121175110340118 3724
1780864321378 0.03751383721828461 3725
1780864321383 0.11785673350095749 3726
1780864321388 0.04952893778681755 3727
1780864321393 0.05940137803554535 3728
1780864321397 0.10554555803537369 3729
1780864321401 0.13529562950134277 3730
1780864321404 0.14613614976406097 3731
1780864321408 0.05564571171998978 3732
1780864321412 0.13461588323116302 3733
1780864321417 0.06947316974401474 3734
1780864321421 0.1815381795167923 3735
1780864321424 0.04318729788064957 3736
1780864321429 0.1416509747505188 3737
1780864321433 0.13612376153469086 3738
1780864321439 0.15552093088626862 3739
1780864321443 0.15760783851146698 3740
1780864321446 0.014690064825117588 3741
1780864321450 0.078480564057827 3742
1780864321454 0.15361301600933075 3743
1780864321459 0.05503302812576294 3744
1780864321464 0.16388434171676636 3745
1780864321468 0.1368345022201538 3746
1780864321472 0.03472466021776199 3747
1780864321646 0.026565447449684143 3748
1780864321649 0.27824094891548157 3749
1780864321652 0.17972931265830994 3750
1780864321654 0.05216534063220024 3751
1780864321658 0.10987149178981781 3752
1780864321664 0.09398209303617477 3753
1780864321667 0.11270280182361603 3754
1780864321671 0.22001414000988007 3755
1780864321676 0.12066469341516495 3756
1780864321681 0.15970927476882935 3757
1780864321684 0.109856016933918 3758
1780864321689 0.14766718447208405 3759
1780864321693 0.05752992257475853 3760
1780864321696 0.14631439745426178 3761
1780864321700 0.05175112560391426 3762
1780864321705 0.18678437173366547 3763
1780864321709 0.03663415461778641 3764
1780864321714 0.03155948594212532 3765
1780864321718 0.09547995775938034 3766
1780864321722 0.07278920710086823 3767
1780864321726 0.05621227249503136 3768
1780864321729 0.11311280727386475 3769
1780864321735 0.10155919939279556 3770
1780864321738 0.06483400613069534 3771
1780864321742 0.07841619104146957 3772
1780864321748 0.07080663740634918 3773
1780864321752 0.09141092747449875 3774
1780864321756 0.0686347633600235 3775
1780864321761 0.08549196273088455 3776
1780864321765 0.0746983140707016 3777
1780864321768 0.09936322271823883 3778
1780864321772 0.057590778917074203 3779
1780864321776 0.02854781411588192 3780
1780864321781 0.058501146733760834 3781
1780864321784 0.12746071815490723 3782
1780864321789 0.1468101143836975 3783
1780864321794 0.02417786978185177 3784
1780864321798 0.08238997310400009 3785
1780864321802 0.14100448787212372 3786
1780864321806 0.11131182312965393 3787
1780864321809 0.1642606258392334 3788
1780864321815 0.09205923229455948 3789
1780864321818 0.15992367267608643 3790
1780864321823 0.0932924672961235 3791
1780864321827 0.07483307272195816 3792
1780864321830 0.08987867832183838 3793
1780864321833 0.06464726477861404 3794
1780864321837 0.4500431716442108 3795
1780864321840 0.07259071618318558 3796
1780864321843 0.033740025013685226 3797
1780864321850 0.016055218875408173 3798
1780864321855 0.13648147881031036 3799
1780864321860 0.19331935048103333 3800
1780864321863 0.06332339346408844 3801
1780864321867 0.10115284472703934 3802
1780864321870 0.03144719824194908 3803
1780864321874 0.06631927192211151 3804
1780864321879 0.14907397329807281 3805
1780864321882 0.21436041593551636 3806
1780864321886 0.18836553394794464 3807
1780864321889 0.11165504157543182 3808
1780864321893 0.19725064933300018 3809
1780864321896 0.039517566561698914 3810
1780864321899 0.03900900110602379 3811
1780864321904 0.1137266531586647 3812
1780864321907 0.19715110957622528 3813
1780864321911 0.14029259979724884 3814
1780864321917 0.1076248288154602 3815
1780864321923 0.1004687249660492 3816
1780864321926 0.15342707931995392 3817
1780864321930 0.10656773298978806 3818
1780864321934 0.08972883224487305 3819
1780864321937 0.047084420919418335 3820
1780864321941 0.04553786292672157 3821
1780864321945 0.058726485818624496 3822
1780864321949 0.09793117642402649 3823
1780864321954 0.06598705053329468 3824
1780864321957 0.05055942013859749 3825
1780864321961 0.07852493971586227 3826
1780864321966 0.08987914770841599 3827
1780864321973 0.09717237204313278 3828
1780864321977 0.034330494701862335 3829
1780864321981 0.023366037756204605 3830
1780864321984 0.022794269025325775 3831
1780864321990 0.10045889765024185 3832
1780864321993 0.19138632714748383 3833
1780864321997 0.12211240082979202 3834
1780864322002 0.13862177729606628 3835
1780864322009 0.03221268206834793 3836
1780864322014 0.15935488045215607 3837
1780864322017 0.027504336088895798 3838
1780864322021 0.062098968774080276 3839
1780864322024 0.07718227803707123 3840
1780864322027 0.02737938053905964 3841
1780864322033 0.2924470603466034 3842
1780864322037 0.06051623448729515 3843
1780864322041 0.06979459524154663 3844
1780864322046 0.03245174139738083 3845
1780864322051 0.04785758629441261 3846
1780864322055 0.05655761435627937 3847
1780864322061 0.20771823823451996 3848
1780864322065 0.13125883042812347 3849
1780864322069 0.06589069217443466 3850
1780864322072 0.0598156675696373 3851
1780864322077 0.022662222385406494 3852
1780864322080 0.17081628739833832 3853
1780864322086 0.05905856937170029 3854
1780864322089 0.0623670294880867 3855
1780864322093 0.20581859350204468 3856
1780864322097 0.09695124626159668 3857
1780864322101 0.08927007764577866 3858
1780864322106 0.12659001350402832 3859
1780864322110 0.16034428775310516 3860
1780864322114 0.11750564724206924 3861
1780864322118 0.04199206829071045 3862
1780864322123 0.14005059003829956 3863
1780864322128 0.18237029016017914 3864
1780864322132 0.10227779299020767 3865
1780864322136 0.06364458054304123 3866
1780864322140 0.14390608668327332 3867
1780864322145 0.16768741607666016 3868
1780864322149 0.07681762427091599 3869
1780864322156 0.20513996481895447 3870
1780864322161 0.07765695452690125 3871
1780864322166 0.0817018523812294 3872
1780864322170 0.2546233534812927 3873
1780864322174 0.038524553179740906 3874
1780864322177 0.022149676457047462 3875
1780864322182 0.2152031809091568 3876
1780864322186 0.10873588174581528 3877
1780864322190 0.041177935898303986 3878
1780864322195 0.04632918909192085 3879
1780864322199 0.23982608318328857 3880
1780864322203 0.023088686168193817 3881
1780864322208 0.08378374576568604 3882
1780864322211 0.06781097501516342 3883
1780864322215 0.06432145088911057 3884
1780864322219 0.02609381638467312 3885
1780864322223 0.03277965635061264 3886
1780864322227 0.07903499901294708 3887
1780864322230 0.14001135528087616 3888
1780864322234 0.017414381727576256 3889
1780864322239 0.12911592423915863 3890
1780864322242 0.06443650275468826 3891
1780864322245 0.16198664903640747 3892
1780864322249 0.05120973289012909 3893
1780864322255 0.03469661623239517 3894
1780864322260 0.14107002317905426 3895
1780864322264 0.11413447558879852 3896
1780864322267 0.19066856801509857 3897
1780864322271 0.10222810506820679 3898
1780864322274 0.04624878615140915 3899
1780864322279 0.08667037636041641 3900
1780864322284 0.25018054246902466 3901
1780864322287 0.06594748049974442 3902
1780864322293 0.05610857531428337 3903
1780864322296 0.05489323288202286 3904
1780864322299 0.10967778414487839 3905
1780864322305 0.10746066272258759 3906
1780864322308 0.0919385477900505 3907
1780864322311 0.04387623071670532 3908
1780864322315 0.16265548765659332 3909
1780864322319 0.057824235409498215 3910
1780864322323 0.04744477570056915 3911
1780864322328 0.03163113817572594 3912
1780864322333 0.04731682687997818 3913
1780864322337 0.1529638171195984 3914
1780864322342 0.12111809849739075 3915
1780864322346 0.10445297509431839 3916
1780864322350 0.17007391154766083 3917
1780864322355 0.11944101005792618 3918
1780864322359 0.04128192365169525 3919
1780864322364 0.12732408940792084 3920
1780864322368 0.108560711145401 3921
1780864322372 0.0314997136592865 3922
1780864322376 0.042844582349061966 3923
1780864322382 0.05295077711343765 3924
1780864322385 0.02580740861594677 3925
1780864322388 0.09777575731277466 3926
1780864322393 0.02964215911924839 3927
1780864322399 0.1192212849855423 3928
1780864322403 0.11993039399385452 3929
1780864322407 0.028193671256303787 3930
1780864322411 0.08659989386796951 3931
1780864322417 0.2701186537742615 3932
1780864322420 0.06819275766611099 3933
1780864322425 0.12514038383960724 3934
1780864322428 0.10653689503669739 3935
1780864322432 0.04002704471349716 3936
1780864322436 0.09516818821430206 3937
1780864322439 0.10654762387275696 3938
1780864322444 0.04150020331144333 3939
1780864322448 0.04699784144759178 3940
1780864322452 0.07302124053239822 3941
1780864322456 0.04938814043998718 3942
1780864322460 0.18356145918369293 3943
1780864322464 0.12840713560581207 3944
1780864322467 0.19323962926864624 3945
1780864322471 0.18550464510917664 3946
1780864322476 0.08849707245826721 3947
1780864322480 0.17236602306365967 3948
1780864322485 0.06560909003019333 3949
1780864322490 0.05259322002530098 3950
1780864322493 0.1060679629445076 3951
1780864322497 0.08785834908485413 3952
1780864322502 0.1204567402601242 3953
1780864322507 0.02967875264585018 3954
1780864322511 0.043044742196798325 3955
1780864322514 0.1326931118965149 3956
1780864322519 0.024053873494267464 3957
1780864322522 0.08775488287210464 3958
1780864322528 0.1749679148197174 3959
1780864322533 0.08330414444208145 3960
1780864322537 0.0603383406996727 3961
1780864322541 0.12036720663309097 3962
1780864322544 0.0940813198685646 3963
1780864322549 0.15344661474227905 3964
1780864322554 0.11492819339036942 3965
1780864322558 0.03419213369488716 3966
1780864322562 0.07254469394683838 3967
1780864322566 0.06059737130999565 3968
1780864322570 0.059511564671993256 3969
1780864322574 0.07852049171924591 3970
1780864322577 0.0936284139752388 3971
1780864322580 0.05019645392894745 3972
1780864322584 0.09855256974697113 3973
1780864322589 0.3394309878349304 3974
1780864322593 0.04290711134672165 3975
1780864322595 0.09028676897287369 3976
1780864322598 0.09043118357658386 3977
1780864322602 0.1033865287899971 3978
1780864322608 0.08383584022521973 3979
1780864322612 0.20314672589302063 3980
1780864322616 0.20764154195785522 3981
1780864322619 0.07363352179527283 3982
1780864322623 0.03981251269578934 3983
1780864322626 0.08617327362298965 3984
1780864322628 0.12578818202018738 3985
1780864322631 0.06528140604496002 3986
1780864322638 0.17041748762130737 3987
1780864322641 0.040270864963531494 3988
1780864322647 0.062215402722358704 3989
1780864322650 0.11392442882061005 3990
1780864322654 0.04566376283764839 3991
1780864322658 0.07791301608085632 3992
1780864322661 0.07600829005241394 3993
1780864322665 0.17515945434570312 3994
1780864322670 0.05054539442062378 3995
1780864322673 0.12361401319503784 3996
1780864322677 0.09964904189109802 3997
1780864322682 0.05364227294921875 3998
1780864322687 0.0728173702955246 3999
1780864322690 0.035267166793346405 4000
1780864322694 0.19196219742298126 4001
1780864322698 0.0743008628487587 4002
1780864322703 0.12687988579273224 4003
1780864322707 0.03708085045218468 4004
1780864322711 0.08244246989488602 4005
1780864322717 0.026412423700094223 4006
1780864322721 0.09019999951124191 4007
1780864322725 0.04059261083602905 4008
1780864322729 0.06823477894067764 4009
1780864322732 0.10272296518087387 4010
1780864322736 0.10605772584676743 4011
1780864322740 0.08843208849430084 4012
1780864322746 0.051501937210559845 4013
1780864322749 0.020335247740149498 4014
1780864322753 0.055083539336919785 4015
1780864322759 0.03198542445898056 4016
1780864322764 0.1313951462507248 4017
1780864322768 0.13819058239459991 4018
1780864322772 0.05895049124956131 4019
1780864322775 0.06304726004600525 4020
1780864322780 0.15936127305030823 4021
1780864322784 0.11839254200458527 4022
1780864322788 0.10345172137022018 4023
1780864322793 0.13260124623775482 4024
1780864322798 0.14832434058189392 4025
1780864322802 0.049311183393001556 4026
1780864322806 0.19312137365341187 4027
1780864322810 0.019674671813845634 4028
1780864322816 0.09470216184854507 4029
1780864322820 0.023207267746329308 4030
1780864322824 0.04509565234184265 4031
1780864322829 0.02671617828309536 4032
1780864322833 0.09791884571313858 4033
1780864322837 0.027553005144000053 4034
1780864322841 0.05049503594636917 4035
1780864322846 0.07634779810905457 4036
1780864322850 0.14769881963729858 4037
1780864322855 0.052231330424547195 4038
1780864322858 0.10715880244970322 4039
1780864322862 0.09034612029790878 4040
1780864322867 0.06974530220031738 4041
1780864322871 0.07442941516637802 4042
1780864322875 0.13308598101139069 4043
1780864322879 0.03219296783208847 4044
1780864322884 0.1727086752653122 4045
1780864322887 0.02914700284600258 4046
1780864322891 0.09163311123847961 4047
1780864322895 0.02400796487927437 4048
1780864322898 0.21073424816131592 4049
1780864322903 0.05820917710661888 4050
1780864322906 0.06294973939657211 4051
1780864322911 0.05883697420358658 4052
1780864322915 0.10167984664440155 4053
1780864322919 0.2422650158405304 4054
1780864322922 0.0978538990020752 4055
1780864322926 0.08719038218259811 4056
1780864322932 0.22790111601352692 4057
1780864322936 0.048566218465566635 4058
1780864322940 0.052821941673755646 4059
1780864322945 0.033454712480306625 4060
1780864322950 0.07117616385221481 4061
1780864322954 0.10923460870981216 4062
1780864322959 0.13029955327510834 4063
1780864322964 0.0764240175485611 4064
1780864322968 0.052145153284072876 4065
1780864322971 0.1414065957069397 4066
1780864322975 0.13264122605323792 4067
1780864322982 0.029832560569047928 4068
1780864322986 0.08803921192884445 4069
1780864322991 0.09160065650939941 4070
1780864322997 0.05692067742347717 4071
1780864323002 0.1476661115884781 4072
1780864323005 0.0689067542552948 4073
1780864323009 0.12217351794242859 4074
1780864323014 0.08246510475873947 4075
1780864323017 0.06581538915634155 4076
1780864323022 0.03618244826793671 4077
1780864323028 0.026397664099931717 4078
1780864323031 0.07496035099029541 4079
1780864323035 0.018492205068469048 4080
1780864323039 0.0361480675637722 4081
1780864323043 0.10718516260385513 4082
1780864323047 0.07779224216938019 4083
1780864323051 0.09252336621284485 4084
1780864323056 0.07206328958272934 4085
1780864323060 0.052912112325429916 4086
1780864323064 0.0572451576590538 4087
1780864323071 0.03119422122836113 4088
1780864323075 0.07085301727056503 4089
1780864323078 0.04926907643675804 4090
1780864323084 0.0688692256808281 4091
1780864323088 0.16091620922088623 4092
1780864323092 0.15592600405216217 4093
1780864323096 0.126577228307724 4094
1780864323101 0.07358124107122421 4095
1780864323104 0.04060154780745506 4096
1780864323108 0.17516787350177765 4097
1780864323112 0.08922695368528366 4098
1780864323117 0.18512269854545593 4099
1780864323121 0.046731799840927124 4100
1780864323126 0.03904375061392784 4101
1780864323129 0.14469210803508759 4102
1780864323133 0.1370692253112793 4103
1780864323137 0.10569577664136887 4104
1780864323140 0.1498805582523346 4105
1780864323144 0.05486350506544113 4106
1780864323148 0.2279026359319687 4107
1780864323152 0.08709608763456345 4108
1780864323155 0.12956176698207855 4109
1780864323160 0.13947823643684387 4110
1780864323163 0.012691332958638668 4111
1780864323167 0.05280805006623268 4112
1780864323172 0.05359504371881485 4113
1780864323176 0.11394108831882477 4114
1780864323180 0.05628553777933121 4115
1780864323183 0.050985515117645264 4116
1780864323187 0.05685917288064957 4117
1780864323191 0.02598903328180313 4118
1780864323195 0.11021651327610016 4119
1780864323199 0.013041364960372448 4120
1780864323203 0.025473203510046005 4121
1780864323207 0.08583693951368332 4122
1780864323211 0.1736268252134323 4123
1780864323215 0.17519719898700714 4124
1780864323220 0.03301025927066803 4125
1780864323225 0.058025117963552475 4126
1780864323229 0.1314491331577301 4127
1780864323233 0.01788175292313099 4128
1780864323238 0.04971509799361229 4129
1780864323243 0.21419435739517212 4130
1780864323246 0.0876302495598793 4131
1780864323251 0.09114907681941986 4132
1780864323255 0.12335113435983658 4133
1780864323259 0.03126594424247742 4134
1780864323263 0.14199936389923096 4135
1780864323267 0.09202758222818375 4136
1780864323271 0.04967312887310982 4137
1780864323274 0.0581238754093647 4138
1780864323278 0.06099553406238556 4139
1780864323282 0.2094070017337799 4140
1780864323286 0.10572582483291626 4141
1780864323291 0.1654936522245407 4142
1780864323294 0.14359888434410095 4143
1780864323298 0.14905546605587006 4144
1780864323302 0.10247164964675903 4145
1780864323306 0.03073335438966751 4146
1780864323311 0.11282366514205933 4147
1780864323314 0.1351688951253891 4148
1780864323318 0.155237078666687 4149
1780864323321 0.008293051272630692 4150
1780864323324 0.03819664567708969 4151
1780864323328 0.17343579232692719 4152
1780864323332 0.06316424906253815 4153
1780864323339 0.0387885645031929 4154
1780864323343 0.05623041093349457 4155
1780864323346 0.035081759095191956 4156
1780864323350 0.1344648003578186 4157
1780864323353 0.14740288257598877 4158
1780864323358 0.02412022463977337 4159
1780864323361 0.07378588616847992 4160
1780864323365 0.07344114035367966 4161
1780864323369 0.08512118458747864 4162
1780864323373 0.09036539494991302 4163
1780864323376 0.054133906960487366 4164
1780864323381 0.07050381600856781 4165
1780864323384 0.030453257262706757 4166
1780864323388 0.04174330458045006 4167
1780864323392 0.06578343361616135 4168
1780864323396 0.04922894388437271 4169
1780864323399 0.1076463907957077 4170
1780864323404 0.04829298332333565 4171
1780864323408 0.04256753623485565 4172
1780864323412 0.0648639053106308 4173
1780864323417 0.06514424085617065 4174
1780864323421 0.04889586940407753 4175
1780864323426 0.018413441255688667 4176
1780864323429 0.13822127878665924 4177
1780864323435 0.11579369008541107 4178
1780864323439 0.06570199877023697 4179
1780864323441 0.06937533617019653 4180
1780864323445 0.12028525769710541 4181
1780864323449 0.07290901243686676 4182
1780864323454 0.13284623622894287 4183
1780864323458 0.05795052647590637 4184
1780864323462 0.07051939517259598 4185
1780864323466 0.114278145134449 4186
1780864323472 0.11366135627031326 4187
1780864323477 0.10422174632549286 4188
1780864323481 0.07026795297861099 4189
1780864323484 0.06251584738492966 4190
1780864323489 0.06254756450653076 4191
1780864323494 0.0740775316953659 4192
1780864323499 0.0623001828789711 4193
1780864323503 0.12813247740268707 4194
1780864323509 0.046718526631593704 4195
1780864323513 0.05810556933283806 4196
1780864323516 0.166486918926239 4197
1780864323520 0.035084497183561325 4198
1780864323524 0.06651590019464493 4199
1780864323530 0.043316058814525604 4200
1780864323533 0.1978446990251541 4201
1780864323537 0.11424548178911209 4202
1780864323541 0.05949592590332031 4203
1780864323546 0.06565742939710617 4204
1780864323549 0.051052674651145935 4205
1780864323554 0.15096935629844666 4206
1780864323558 0.08295956999063492 4207
1780864323562 0.05321080982685089 4208
1780864323566 0.1320590227842331 4209
1780864323571 0.10532216727733612 4210
1780864323575 0.03449404612183571 4211
1780864323579 0.07151839882135391 4212
1780864323585 0.12277353554964066 4213
1780864323590 0.13926245272159576 4214
1780864323593 0.029510855674743652 4215
1780864323596 0.10342339426279068 4216
1780864323600 0.047390684485435486 4217
1780864323605 0.05163539573550224 4218
1780864323608 0.15787212550640106 4219
1780864323614 0.08269941061735153 4220
1780864323617 0.017900869250297546 4221
1780864323622 0.28396475315093994 4222
1780864323627 0.07369691878557205 4223
1780864323630 0.19490854442119598 4224
1780864323633 0.2112191617488861 4225
1780864323636 0.028858207166194916 4226
1780864323638 0.04301188141107559 4227
1780864323641 0.05656559765338898 4228
1780864323648 0.14990352094173431 4229
1780864323652 0.04205445200204849 4230
1780864323656 0.10609137266874313 4231
1780864323661 0.038757532835006714 4232
1780864323666 0.061100542545318604 4233
1780864323669 0.08280012756586075 4234
1780864323674 0.04367011785507202 4235
1780864323677 0.1127777174115181 4236
1780864323680 0.048583678901195526 4237
1780864323685 0.10735779255628586 4238
1780864323688 0.10306162387132645 4239
1780864323691 0.04964678734540939 4240
1780864323694 0.08251769095659256 4241
1780864323698 0.025716476142406464 4242
1780864323702 0.06751702725887299 4243
1780864323706 0.028731171041727066 4244
1780864323709 0.028732717037200928 4245
1780864323713 0.05726099759340286 4246
1780864323718 0.04949323832988739 4247
1780864323723 0.040170829743146896 4248
1780864323726 0.04382617399096489 4249
1780864323731 0.06645883619785309 4250
1780864323738 0.12150627374649048 4251
1780864323742 0.15100906789302826 4252
1780864323746 0.08368339389562607 4253
1780864323752 0.05921889841556549 4254
1780864323758 0.18144984543323517 4255
1780864323762 0.08979146182537079 4256
1780864323766 0.16962911188602448 4257
1780864323770 0.018260406330227852 4258
1780864323777 0.036598384380340576 4259
1780864323780 0.09381083399057388 4260
1780864323784 0.14323316514492035 4261
1780864323788 0.07246806472539902 4262
1780864323793 0.1342460811138153 4263
1780864323797 0.07330255210399628 4264
1780864323801 0.07315679639577866 4265
1780864323805 0.06849054992198944 4266
1780864323809 0.15246742963790894 4267
1780864323813 0.16140906512737274 4268
1780864323816 0.250271201133728 4269
1780864323820 0.1925935596227646 4270
1780864323823 0.0887276828289032 4271
1780864323828 0.023665696382522583 4272
1780864323833 0.07025878131389618 4273
1780864323837 0.13368560373783112 4274
1780864323841 0.288533478975296 4275
1780864323846 0.10932385176420212 4276
1780864323850 0.028895089402794838 4277
1780864323856 0.1284499615430832 4278
1780864323860 0.06879711151123047 4279
1780864323864 0.11084398627281189 4280
1780864323868 0.10184267163276672 4281
1780864323873 0.01730576902627945 4282
1780864323877 0.11269296705722809 4283
1780864323881 0.07796284556388855 4284
1780864323885 0.08680078387260437 4285
1780864323890 0.16322457790374756 4286
1780864323894 0.07904604077339172 4287
1780864323899 0.07408031076192856 4288
1780864323904 0.15360915660858154 4289
1780864323907 0.06521058827638626 4290
1780864323911 0.06813617050647736 4291
1780864323916 0.09491126239299774 4292
1780864323919 0.1818317472934723 4293
1780864323924 0.08799777179956436 4294
1780864323929 0.13045361638069153 4295
1780864323933 0.09393996000289917 4296
1780864323936 0.13267339766025543 4297
1780864323941 0.13496442139148712 4298
1780864323945 0.08589231222867966 4299
1780864323950 0.178294375538826 4300
1780864323954 0.048797622323036194 4301
1780864323959 0.04240749031305313 4302
1780864323964 0.059728365391492844 4303
1780864323968 0.12547306716442108 4304
1780864323973 0.0823841467499733 4305
1780864323977 0.029127052053809166 4306
1780864323981 0.12212136387825012 4307
1780864323986 0.17506694793701172 4308
1780864323991 0.06757543236017227 4309
1780864323996 0.09334297478199005 4310
1780864324003 0.026588791981339455 4311
1780864324009 0.05975007265806198 4312
1780864324016 0.1513650119304657 4313
1780864324020 0.10648944973945618 4314
1780864324024 0.083981454372406 4315
1780864324028 0.02808796428143978 4316
1780864324033 0.05140892416238785 4317
1780864324037 0.2641802132129669 4318
1780864324041 0.3234042823314667 4319
1780864324047 0.10270776599645615 4320
1780864324052 0.10727201402187347 4321
1780864324056 0.08203043043613434 4322
1780864324060 0.12257785350084305 4323
1780864324065 0.08641602098941803 4324
1780864324069 0.0832027718424797 4325
1780864324074 0.1348794847726822 4326
1780864324079 0.07876399159431458 4327
1780864324084 0.04661135748028755 4328
1780864324089 0.035896532237529755 4329
1780864324093 0.21780310571193695 4330
1780864324097 0.12467063963413239 4331
1780864324101 0.3801359236240387 4332
1780864324105 0.09810083359479904 4333
1780864324109 0.1304185837507248 4334
1780864324114 0.11541363596916199 4335
1780864324120 0.13021329045295715 4336
1780864324125 0.1849224865436554 4337
1780864324129 0.05563519150018692 4338
1780864324135 0.12196154147386551 4339
1780864324139 0.08599905669689178 4340
1780864324143 0.022483061999082565 4341
1780864324148 0.012601552531123161 4342
1780864324154 0.06441328674554825 4343
1780864324158 0.07053124904632568 4344
1780864324165 0.1330753117799759 4345
1780864324169 0.05046461150050163 4346
1780864324174 0.03873361647129059 4347
1780864324179 0.09082570672035217 4348
1780864324184 0.10750629007816315 4349
1780864324188 0.03560669720172882 4350
1780864324193 0.16290289163589478 4351
1780864324198 0.09024497121572495 4352
1780864324203 0.10619311779737473 4353
1780864324207 0.1324806660413742 4354
1780864324211 0.03973642736673355 4355
1780864324216 0.10022677481174469 4356
1780864324221 0.10445228219032288 4357
1780864324226 0.07612776756286621 4358
1780864324229 0.1363050639629364 4359
1780864324235 0.04604392498731613 4360
1780864324240 0.05039098858833313 4361
1780864324245 0.11876393854618073 4362
1780864324249 0.11169929057359695 4363
1780864324255 0.021892661228775978 4364
1780864324259 0.041119445115327835 4365
1780864324263 0.04169175773859024 4366
1780864324267 0.056666091084480286 4367
1780864324271 0.08035982400178909 4368
1780864324275 0.011182046495378017 4369
1780864324278 0.11212340742349625 4370
1780864324283 0.04580799490213394 4371
1780864324287 0.05869878828525543 4372
1780864324289 0.2790137827396393 4373
1780864324296 0.09117604047060013 4374
1780864324301 0.0623372420668602 4375
1780864324306 0.09954533725976944 4376
1780864324311 0.025486547499895096 4377
1780864324315 0.199827179312706 4378
1780864324319 0.0899399146437645 4379
1780864324324 0.1354271024465561 4380
1780864324328 0.0989556610584259 4381
1780864324332 0.15055546164512634 4382
1780864324337 0.10191641747951508 4383
1780864324341 0.08722833544015884 4384
1780864324345 0.07704447954893112 4385
1780864324351 0.12115447223186493 4386
1780864324357 0.04761987552046776 4387
1780864324362 0.052366092801094055 4388
1780864324366 0.17592616379261017 4389
1780864324371 0.09658447653055191 4390
1780864324375 0.018482226878404617 4391
1780864324380 0.10864537209272385 4392
1780864324383 0.059929341077804565 4393
1780864324389 0.04228813573718071 4394
1780864324393 0.09323211014270782 4395
1780864324397 0.2735983729362488 4396
1780864324401 0.040682755410671234 4397
1780864324405 0.028724759817123413 4398
1780864324408 0.09819893538951874 4399
1780864324413 0.09359150379896164 4400
1780864324416 0.0333857536315918 4401
1780864324421 0.0316765233874321 4402
1780864324425 0.09882127493619919 4403
1780864324429 0.043469853699207306 4404
1780864324433 0.04998060688376427 4405
1780864324438 0.15935790538787842 4406
1780864324444 0.054771509021520615 4407
1780864324450 0.02988060563802719 4408
1780864324455 0.17190803587436676 4409
1780864324459 0.0597677081823349 4410
1780864324463 0.05078354850411415 4411
1780864324467 0.03206887096166611 4412
1780864324472 0.08122079819440842 4413
1780864324477 0.08349189162254333 4414
1780864324481 0.047327689826488495 4415
1780864324486 0.02823777124285698 4416
1780864324491 0.027325337752699852 4417
1780864324498 0.0689883604645729 4418
1780864324503 0.04729826748371124 4419
1780864324507 0.05966445803642273 4420
1780864324512 0.2827460467815399 4421
1780864324518 0.029253367334604263 4422
1780864324524 0.04535911977291107 4423
1780864324528 0.18196389079093933 4424
1780864324534 0.12489622831344604 4425
1780864324539 0.0300615094602108 4426
1780864324543 0.09596692025661469 4427
1780864324548 0.03983413428068161 4428
1780864324553 0.08497165888547897 4429
1780864324557 0.24497674405574799 4430
1780864324562 0.2263917624950409 4431
1780864324566 0.13470371067523956 4432
1780864324573 0.08774961531162262 4433
1780864324577 0.12294662743806839 4434
1780864324581 0.04418749734759331 4435
1780864324585 0.11995337903499603 4436
1780864324590 0.17083536088466644 4437
1780864324594 0.06202720105648041 4438
1780864324598 0.07609036564826965 4439
1780864324602 0.0955265462398529 4440
1780864324609 0.046443626284599304 4441
1780864324614 0.06862161308526993 4442
1780864324619 0.05536563694477081 4443
1780864324626 0.08545393496751785 4444
1780864324631 0.09190700203180313 4445
1780864324636 0.09670889377593994 4446
1780864324642 0.08957299590110779 4447
1780864324646 0.03874236345291138 4448
1780864324649 0.1895822137594223 4449
1780864324653 0.0776377022266388 4450
1780864324659 0.18386222422122955 4451
1780864324663 0.12942785024642944 4452
1780864324668 0.05557531863451004 4453
1780864324672 0.14104215800762177 4454
1780864324677 0.2846807539463043 4455
1780864324682 0.053520843386650085 4456
1780864324687 0.16159090399742126 4457
1780864324691 0.04265163466334343 4458
1780864324696 0.07305193692445755 4459
1780864324700 0.06853722780942917 4460
1780864324704 0.05420317128300667 4461
1780864324709 0.06949181854724884 4462
1780864324717 0.10075103491544724 4463
1780864324724 0.08661417663097382 4464
1780864324729 0.025108512490987778 4465
1780864324737 0.06597603112459183 4466
1780864324744 0.09565950185060501 4467
1780864324750 0.07629954069852829 4468
1780864324756 0.08184988796710968 4469
1780864324761 0.16402369737625122 4470
1780864324766 0.05220288783311844 4471
1780864324771 0.08755147457122803 4472
1780864324776 0.04924626648426056 4473
1780864324781 0.06186573579907417 4474
1780864324785 0.036626189947128296 4475
1780864324790 0.12589716911315918 4476
1780864324795 0.014236828312277794 4477
1780864324799 0.1729697734117508 4478
1780864324803 0.1032075583934784 4479
1780864324809 0.039447490125894547 4480
1780864324815 0.02937152236700058 4481
1780864324820 0.046393897384405136 4482
1780864324824 0.08162298798561096 4483
1780864324828 0.09609046578407288 4484
1780864324833 0.05086484178900719 4485
1780864324838 0.1488761603832245 4486
1780864324846 0.01412547193467617 4487
1780864324850 0.0666419118642807 4488
1780864324854 0.04296395927667618 4489
1780864324858 0.010656979866325855 4490
1780864324861 0.08299591392278671 4491
1780864324866 0.2982330024242401 4492
1780864324870 0.09763441979885101 4493
1780864324875 0.08223367482423782 4494
1780864324879 0.02608603984117508 4495
1780864324883 0.06413652747869492 4496
1780864324888 0.10424129664897919 4497
1780864324892 0.1740727722644806 4498
1780864324895 0.0739484652876854 4499
1780864324899 0.07369513064622879 4500
1780864324904 0.11699909716844559 4501
1780864324909 0.1091683879494667 4502
1780864324913 0.08207567036151886 4503
1780864324917 0.048281311988830566 4504
1780864324921 0.06615842878818512 4505
1780864324924 0.034910283982753754 4506
1780864324928 0.12136169523000717 4507
1780864324931 0.08179449290037155 4508
1780864324936 0.01422731950879097 4509
1780864324940 0.07688551396131516 4510
1780864324947 0.01827431470155716 4511
1780864324951 0.08593836426734924 4512
1780864324956 0.03929765149950981 4513
1780864324960 0.09305650740861893 4514
1780864324964 0.17765706777572632 4515
1780864324970 0.013913829810917377 4516
1780864324975 0.06539370864629745 4517
1780864324980 0.03221500664949417 4518
1780864324984 0.05579112842679024 4519
1780864324988 0.08213832974433899 4520
1780864324992 0.11296259611845016 4521
1780864324996 0.04297735542058945 4522
1780864325002 0.014572440646588802 4523
1780864325005 0.024996846914291382 4524
1780864325010 0.07119537889957428 4525
1780864325015 0.03335767984390259 4526
1780864325019 0.086350217461586 4527
1780864325023 0.17299093306064606 4528
1780864325028 0.010587774217128754 4529
1780864325032 0.027857957407832146 4530
1780864325037 0.015167633071541786 4531
1780864325041 0.19680935144424438 4532
1780864325046 0.09079694002866745 4533
1780864325050 0.1059313416481018 4534
1780864325055 0.12052726745605469 4535
1780864325059 0.07028939574956894 4536
1780864325063 0.041566912084817886 4537
1780864325068 0.051167406141757965 4538
1780864325072 0.10818973928689957 4539
1780864325079 0.21886968612670898 4540
1780864325084 0.15236017107963562 4541
1780864325088 0.1093784049153328 4542
1780864325093 0.04279625788331032 4543
1780864325097 0.09259464591741562 4544
1780864325102 0.027510613203048706 4545
1780864325107 0.03805310279130936 4546
1780864325112 0.06507708877325058 4547
1780864325115 0.12569373846054077 4548
1780864325121 0.11870037764310837 4549
1780864325126 0.2653951346874237 4550
1780864325131 0.04955059662461281 4551
1780864325135 0.11162889748811722 4552
1780864325139 0.13748379051685333 4553
1780864325145 0.07291364669799805 4554
1780864325150 0.1873912364244461 4555
1780864325154 0.06578335165977478 4556
1780864325159 0.05203855410218239 4557
1780864325164 0.11967519670724869 4558
1780864325169 0.056699786335229874 4559
1780864325174 0.11843527853488922 4560
1780864325178 0.10341775417327881 4561
1780864325182 0.031670406460762024 4562
1780864325188 0.03419332951307297 4563
1780864325192 0.0657120868563652 4564
1780864325196 0.11046437174081802 4565
1780864325202 0.10981164872646332 4566
1780864325207 0.061643850058317184 4567
1780864325214 0.06938036531209946 4568
1780864325220 0.1605786234140396 4569
1780864325225 0.05283688008785248 4570
1780864325230 0.03172360733151436 4571
1780864325238 0.1435353010892868 4572
1780864325243 0.05358495935797691 4573
1780864325247 0.17624600231647491 4574
1780864325252 0.11277712881565094 4575
1780864325257 0.08033314347267151 4576
1780864325261 0.14229169487953186 4577
1780864325265 0.0559874027967453 4578
1780864325273 0.06358761340379715 4579
1780864325277 0.0652407556772232 4580
1780864325282 0.08357353508472443 4581
1780864325285 0.23910944163799286 4582
1780864325289 0.10267068445682526 4583
1780864325294 0.08178969472646713 4584
1780864325300 0.2545076012611389 4585
1780864325305 0.09489237517118454 4586
1780864325309 0.2310825139284134 4587
1780864325313 0.08711516112089157 4588
1780864325318 0.04777134582400322 4589
1780864325323 0.11113167554140091 4590
1780864325328 0.07255827635526657 4591
1780864325333 0.11034063249826431 4592
1780864325337 0.1423613727092743 4593
1780864325341 0.0766151025891304 4594
1780864325348 0.10346271842718124 4595
1780864325354 0.22459469735622406 4596
1780864325358 0.06887206435203552 4597
1780864325363 0.11104226857423782 4598
1780864325367 0.1967434138059616 4599
1780864325372 0.05580902099609375 4600
1780864325378 0.13868974149227142 4601
1780864325382 0.033079300075769424 4602
1780864325386 0.0811183899641037 4603
1780864325390 0.09677736461162567 4604
1780864325396 0.03344748914241791 4605
1780864325401 0.02197590470314026 4606
1780864325405 0.10471312701702118 4607
1780864325410 0.16968406736850739 4608
1780864325414 0.0774986669421196 4609
1780864325419 0.047948382794857025 4610
1780864325423 0.09354861825704575 4611
1780864325428 0.1796664148569107 4612
1780864325432 0.09457624703645706 4613
1780864325438 0.15674693882465363 4614
1780864325441 0.05619131028652191 4615
1780864325446 0.10583566129207611 4616
1780864325452 0.273632675409317 4617
1780864325456 0.061644766479730606 4618
1780864325460 0.4697261452674866 4619
1780864325465 0.12410604953765869 4620
1780864325469 0.0320807583630085 4621
1780864325475 0.16268204152584076 4622
1780864325479 0.08320727199316025 4623
1780864325486 0.13404838740825653 4624
1780864325490 0.09749244898557663 4625
1780864325496 0.05899461731314659 4626
1780864325499 0.172446146607399 4627
1780864325504 0.05748458579182625 4628
1780864325508 0.07064718008041382 4629
1780864325512 0.06387282907962799 4630
1780864325518 0.19644784927368164 4631
1780864325522 0.05888545513153076 4632
1780864325527 0.25691503286361694 4633
1780864325532 0.06682028621435165 4634
1780864325536 0.023634048178792 4635
1780864325541 0.09734316915273666 4636
1780864325547 0.127569317817688 4637
1780864325552 0.07503099739551544 4638
1780864325558 0.055835869163274765 4639
1780864325565 0.09206902235746384 4640
1780864325569 0.03216618299484253 4641
1780864325573 0.008945117704570293 4642
1780864325578 0.032712969928979874 4643
1780864325584 0.07383845746517181 4644
1780864325588 0.16532021760940552 4645
1780864325593 0.05043770372867584 4646
1780864325600 0.1258358657360077 4647
1780864325604 0.033404529094696045 4648
1780864325609 0.013212071731686592 4649
1780864325614 0.059215474873781204 4650
1780864325619 0.038519471883773804 4651
1780864325623 0.21071383357048035 4652
1780864325630 0.08415208011865616 4653
1780864325637 0.056977417320013046 4654
1780864325641 0.11824757605791092 4655
1780864325645 0.05525526776909828 4656
1780864325650 0.06562727689743042 4657
1780864325654 0.07508637756109238 4658
1780864325659 0.04107823222875595 4659
1780864325665 0.07057741284370422 4660
1780864325669 0.01905803568661213 4661
1780864325674 0.051948949694633484 4662
1780864325678 0.10201820731163025 4663
1780864325682 0.014380681328475475 4664
1780864325686 0.15549100935459137 4665
1780864325693 0.051722802221775055 4666
1780864325697 0.05002256855368614 4667
1780864325702 0.03986072167754173 4668
1780864325707 0.1662120670080185 4669
1780864325711 0.28900614380836487 4670
1780864325714 0.022906428202986717 4671
1780864325718 0.15011408925056458 4672
1780864325722 0.15736082196235657 4673
1780864325728 0.2487175315618515 4674
1780864325734 0.05559743568301201 4675
1780864325741 0.09128037095069885 4676
1780864325746 0.06283088773488998 4677
1780864325751 0.15715499222278595 4678
1780864325755 0.04688980430364609 4679
1780864325762 0.1229712963104248 4680
1780864325766 0.14139017462730408 4681
1780864325771 0.08333641290664673 4682
1780864325775 0.09570403397083282 4683
1780864325779 0.02958916686475277 4684
