1782931001757 16.401391983032227 0
1782931001760 18.6446590423584 1
1782931001762 12.750114440917969 2
1782931001765 18.479778289794922 3
1782931001766 14.326866149902344 4
1782931001768 12.21939468383789 5
1782931001771 11.539225578308105 6
1782931001773 14.220520973205566 7
1782931001775 14.920564651489258 8
1782931001777 9.93099594116211 9
1782931001779 11.453150749206543 10
1782931001780 8.523255348205566 11
1782931001782 9.833024024963379 12
1782931001784 10.123434066772461 13
1782931001786 8.757316589355469 14
1782931001789 8.257205963134766 15
1782931001791 7.194530963897705 16
1782931001793 8.734657287597656 17
1782931001795 7.880909442901611 18
1782931001797 6.768006801605225 19
1782931001799 6.802319049835205 20
1782931001801 5.118935585021973 21
1782931001803 4.673757076263428 22
1782931001808 4.66602087020874 23
1782931001811 5.5836896896362305 24
1782931001813 5.419891357421875 25
1782931001815 5.260622024536133 26
1782931001817 4.153281211853027 27
1782931001819 4.294076919555664 28
1782931001824 3.5743744373321533 29
1782931001826 2.7436695098876953 30
1782931001828 2.8180787563323975 31
1782931001830 2.9926869869232178 32
1782931001832 2.554809093475342 33
1782931001834 2.449007749557495 34
1782931001835 2.2643511295318604 35
1782931001838 1.7686686515808105 36
1782931001840 2.0058913230895996 37
1782931001844 2.6345064640045166 38
1782931001846 1.964770793914795 39
1782931001848 1.7698488235473633 40
1782931001850 1.985176682472229 41
1782931001852 1.4835102558135986 42
1782931001855 1.117726445198059 43
1782931001857 1.319742202758789 44
1782931001859 1.3523603677749634 45
1782931001861 1.2419846057891846 46
1782931001863 1.3383790254592896 47
1782931001865 1.2041187286376953 48
1782931001868 1.1618568897247314 49
1782931001871 1.2811334133148193 50
1782931001873 1.3225635290145874 51
1782931001876 1.0190860033035278 52
1782931001878 1.2454414367675781 53
1782931001880 1.0255892276763916 54
1782931001884 1.1553653478622437 55
1782931001886 1.1052260398864746 56
1782931001890 1.034354567527771 57
1782931001892 1.0117888450622559 58
1782931001896 0.8790466785430908 59
1782931001899 1.1382403373718262 60
1782931001901 1.032942771911621 61
1782931001904 1.0023037195205688 62
1782931001906 1.0900532007217407 63
1782931001908 0.7993381023406982 64
1782931001910 1.1341825723648071 65
1782931001913 0.8689418435096741 66
1782931001916 0.8905845880508423 67
1782931001918 0.9645748138427734 68
1782931001921 0.8488035202026367 69
1782931001924 0.8427355289459229 70
1782931001928 0.80064457654953 71
1782931001930 0.9362720251083374 72
1782931001933 0.9107050895690918 73
1782931001935 0.8150490522384644 74
1782931001938 0.9719680547714233 75
1782931001940 0.9047443866729736 76
1782931001944 0.8943387269973755 77
1782931001947 0.8343386650085449 78
1782931001949 0.7506628632545471 79
1782931001953 0.7955604195594788 80
1782931001956 0.7122272253036499 81
1782931001959 0.7395386099815369 82
1782931001962 0.840348482131958 83
1782931001965 0.6876488327980042 84
1782931001967 0.8774964213371277 85
1782931001970 0.8013261556625366 86
1782931001973 0.7292730808258057 87
1782931001976 0.8138991594314575 88
1782931001978 0.7211794853210449 89
1782931001981 0.8436548113822937 90
1782931001983 0.7187770009040833 91
1782931001985 0.6061261892318726 92
1782931001989 0.780184268951416 93
1782931001991 0.8693159222602844 94
1782931001995 0.709128201007843 95
1782931001997 0.6734730005264282 96
1782931002001 0.7179775238037109 97
1782931002003 0.6917028427124023 98
1782931002006 0.9227395057678223 99
1782931002009 0.5729588270187378 100
1782931002011 0.5516823530197144 101
1782931002013 0.41958802938461304 102
1782931002015 0.6397801041603088 103
1782931002018 0.5163176655769348 104
1782931002020 0.8971611261367798 105
1782931002023 0.5178101062774658 106
1782931002025 0.6868507862091064 107
1782931002027 0.7331539392471313 108
1782931002029 0.5832973122596741 109
1782931002031 0.576316237449646 110
1782931002034 0.6723992228507996 111
1782931002036 0.5658213496208191 112
1782931002039 0.5409425497055054 113
1782931002041 0.5832756757736206 114
1782931002044 0.565479040145874 115
1782931002046 0.7017847895622253 116
1782931002048 0.6461336612701416 117
1782931002050 0.6565490961074829 118
1782931002053 0.6559017896652222 119
1782931002056 0.5681582093238831 120
1782931002059 0.8846949338912964 121
1782931002061 0.6962689757347107 122
1782931002063 0.6890347003936768 123
1782931002065 0.584998369216919 124
1782931002067 0.5719044208526611 125
1782931002070 0.6460683345794678 126
1782931002072 0.5801841616630554 127
1782931002074 0.6657840013504028 128
1782931002077 0.6038997769355774 129
1782931002079 0.6847296357154846 130
1782931002081 0.6539517641067505 131
1782931002083 0.6064884066581726 132
1782931002085 0.6024670004844666 133
1782931002088 0.5299327969551086 134
1782931002090 0.4557572901248932 135
1782931002093 0.7178621888160706 136
1782931002095 0.6483299136161804 137
1782931002097 0.633590042591095 138
1782931002099 0.5624408721923828 139
1782931002102 0.55596923828125 140
1782931002104 0.554046094417572 141
1782931002106 0.49295565485954285 142
1782931002109 0.7068670988082886 143
1782931002111 0.4552876651287079 144
1782931002113 0.5587937831878662 145
1782931002115 0.567772626876831 146
1782931002117 0.5771461725234985 147
1782931002120 0.6741360425949097 148
1782931002123 0.5344234704971313 149
1782931002125 0.35286614298820496 150
1782931002127 0.33297932147979736 151
1782931002129 0.6379400491714478 152
1782931002132 0.49665695428848267 153
1782931002134 0.47240981459617615 154
1782931002136 0.6216884851455688 155
1782931002139 0.4863196909427643 156
1782931002141 0.6386628746986389 157
1782931002144 0.5451567769050598 158
1782931002146 0.5734274983406067 159
1782931002148 0.6416245698928833 160
1782931002150 0.5933842658996582 161
1782931002153 0.46815359592437744 162
1782931002155 0.6618086695671082 163
1782931002158 0.7238562703132629 164
1782931002161 0.5470756888389587 165
1782931002163 0.6109063029289246 166
1782931002165 0.5811570882797241 167
1782931002167 0.4164770841598511 168
1782931002170 0.6188561320304871 169
1782931002172 0.47893595695495605 170
1782931002174 0.6801201701164246 171
1782931002177 0.5296894311904907 172
1782931002179 0.4795982837677002 173
1782931002181 0.6208370327949524 174
1782931002184 0.6380055546760559 175
1782931002186 0.4745781421661377 176
1782931002189 0.7186263203620911 177
1782931002191 0.6099659204483032 178
1782931002194 0.5575624108314514 179
1782931002196 0.412242591381073 180
1782931002198 0.4636319577693939 181
1782931002201 0.49599793553352356 182
1782931002204 0.5416704416275024 183
1782931002206 0.4824267029762268 184
1782931002208 0.6157262921333313 185
1782931002210 0.5806632041931152 186
1782931002213 0.607595682144165 187
1782931002215 0.4714294373989105 188
1782931002217 0.3978526294231415 189
1782931002221 0.7014455199241638 190
1782931002223 0.6181759834289551 191
1782931002226 0.5127999186515808 192
1782931002228 0.6444042921066284 193
1782931002230 0.4794604480266571 194
1782931002233 0.5028045177459717 195
1782931002235 0.46724534034729004 196
1782931002237 0.6314708590507507 197
1782931002240 0.6470213532447815 198
1782931002243 0.4527297019958496 199
1782931002246 0.5468644499778748 200
1782931002248 0.5178055167198181 201
1782931002250 0.46736064553260803 202
1782931002252 0.729143500328064 203
1782931002255 0.5713744759559631 204
1782931002257 0.5183013081550598 205
1782931002260 0.5511139035224915 206
1782931002262 0.3979301452636719 207
1782931002264 0.49492841958999634 208
1782931002267 0.6367993354797363 209
1782931002272 0.578126072883606 210
1782931002275 0.6652199625968933 211
1782931002278 0.5500397086143494 212
1782931002280 0.5064478516578674 213
1782931002283 0.4477995038032532 214
1782931002285 0.4990134537220001 215
1782931002289 0.4977283477783203 216
1782931002292 0.563588559627533 217
1782931002294 0.5747928619384766 218
1782931002296 0.5083818435668945 219
1782931002299 0.49086055159568787 220
1782931002301 0.6010759472846985 221
1782931002306 0.33975446224212646 222
1782931002309 0.4935827851295471 223
1782931002311 0.5003693103790283 224
1782931002313 0.5600929856300354 225
1782931002315 0.4726077914237976 226
1782931002319 0.5330456495285034 227
1782931002322 0.4280773401260376 228
1782931002325 0.4232194125652313 229
1782931002327 0.482837438583374 230
1782931002329 0.4281710088253021 231
1782931002331 0.41652822494506836 232
1782931002333 0.5441598892211914 233
1782931002335 0.8234357833862305 234
1782931002338 0.48028790950775146 235
1782931002341 0.5945345759391785 236
1782931002343 0.32663828134536743 237
1782931002345 0.5628337860107422 238
1782931002347 0.49986717104911804 239
1782931002349 0.3689868152141571 240
1782931002352 0.5465446710586548 241
1782931002354 0.5287238359451294 242
1782931002357 0.5273453593254089 243
1782931002359 0.501152753829956 244
1782931002361 0.621959388256073 245
1782931002364 0.4384946823120117 246
1782931002367 0.46613386273384094 247
1782931002369 0.41102802753448486 248
1782931002373 0.4375780522823334 249
1782931002375 0.5180637836456299 250
1782931002377 0.45246779918670654 251
1782931002379 0.4683641195297241 252
1782931002381 0.4949730932712555 253
1782931002384 0.4570293128490448 254
1782931002386 0.42533960938453674 255
1782931002389 0.6515589952468872 256
1782931002393 0.4492935240268707 257
1782931002395 0.3980230987071991 258
1782931002398 0.52040696144104 259
1782931002400 0.5151901245117188 260
1782931002403 0.5041607022285461 261
1782931002406 0.5021174550056458 262
1782931002409 0.38715896010398865 263
1782931002412 0.6082945466041565 264
1782931002414 0.6177690029144287 265
1782931002417 0.5481996536254883 266
1782931002419 0.4403802454471588 267
1782931002422 0.4161064326763153 268
1782931002424 0.4340055584907532 269
1782931002426 0.7110759615898132 270
1782931002429 0.4454673230648041 271
1782931002431 0.4177868366241455 272
1782931002433 0.328933447599411 273
1782931002437 0.5926143527030945 274
1782931002440 0.5725684762001038 275
1782931002443 0.7282532453536987 276
1782931002445 0.4720226228237152 277
1782931002447 0.45879679918289185 278
1782931002449 0.8099622130393982 279
1782931002453 0.5500545501708984 280
1782931002455 0.6943438649177551 281
1782931002458 0.6058788895606995 282
1782931002460 0.4030667245388031 283
1782931002462 0.5574467778205872 284
1782931002464 0.536919355392456 285
1782931002468 0.5404293537139893 286
1782931002471 0.3977222144603729 287
1782931002474 0.3979596793651581 288
1782931002476 0.47226792573928833 289
1782931002480 0.583966076374054 290
1782931002482 0.6542282104492188 291
1782931002484 0.42379269003868103 292
1782931002487 0.6232110857963562 293
1782931002489 0.38523173332214355 294
1782931002491 0.415283203125 295
1782931002494 0.41905277967453003 296
1782931002496 0.4057149887084961 297
1782931002498 0.4374958276748657 298
1782931002500 0.6754053831100464 299
1782931002502 0.7377943992614746 300
1782931002506 0.39978161454200745 301
1782931002508 0.4833672344684601 302
1782931002511 0.39240604639053345 303
1782931002513 0.39069584012031555 304
1782931002516 0.448820561170578 305
1782931002518 0.48779210448265076 306
1782931002520 0.4672091007232666 307
1782931002522 0.38828182220458984 308
1782931002524 0.4889020025730133 309
1782931002527 0.4695681035518646 310
1782931002529 0.3544967770576477 311
1782931002531 0.372036874294281 312
1782931002533 0.42443564534187317 313
1782931002536 0.5015573501586914 314
1782931002538 0.4318293333053589 315
1782931002541 0.38601523637771606 316
1782931002543 0.39829251170158386 317
1782931002545 0.48776447772979736 318
1782931002548 0.4567030966281891 319
1782931002550 0.2705540359020233 320
1782931002552 0.435827374458313 321
1782931002555 0.30009889602661133 322
1782931002557 0.46244436502456665 323
1782931002560 0.4220471680164337 324
1782931002562 0.6594601273536682 325
1782931002564 0.4791345000267029 326
1782931002568 0.43283602595329285 327
1782931002570 0.7650206685066223 328
1782931002573 0.40153828263282776 329
1782931002575 0.39840641617774963 330
1782931002577 0.547002911567688 331
1782931002579 0.5283951163291931 332
1782931002581 0.4565531611442566 333
1782931002584 0.42771774530410767 334
1782931002586 0.4880266487598419 335
1782931002590 0.42614254355430603 336
1782931002592 0.46447595953941345 337
1782931002594 0.5680235624313354 338
1782931002596 0.5192304849624634 339
1782931002599 0.49211108684539795 340
1782931002601 0.46792513132095337 341
1782931002604 0.5546236038208008 342
1782931002606 0.43840858340263367 343
1782931002608 0.3698424994945526 344
1782931002610 0.5686304569244385 345
1782931002612 0.48593807220458984 346
1782931002614 0.40237921476364136 347
1782931002617 0.5255187749862671 348
1782931002619 0.3592655062675476 349
1782931002621 0.44059956073760986 350
1782931002625 0.5242151618003845 351
1782931002627 0.43166232109069824 352
1782931002629 0.40498635172843933 353
1782931002631 0.3284182846546173 354
1782931002633 0.4384121894836426 355
1782931002636 0.41393914818763733 356
1782931002638 0.4584820568561554 357
1782931002640 0.4614982306957245 358
1782931002643 0.5441327691078186 359
1782931002645 0.5800609588623047 360
1782931002647 0.3174694776535034 361
1782931002649 0.28739967942237854 362
1782931002651 0.5187568068504333 363
1782931002654 0.4899967312812805 364
1782931002656 0.32058537006378174 365
1782931002658 0.5660058259963989 366
1782931002660 0.5489059686660767 367
1782931002663 0.4615509510040283 368
1782931002665 0.32989153265953064 369
1782931002667 0.4296737611293793 370
1782931002669 0.5223584175109863 371
1782931002672 0.6203406453132629 372
1782931002674 0.27128127217292786 373
1782931002676 0.5784464478492737 374
1782931002678 0.28572097420692444 375
1782931002681 0.34987911581993103 376
1782931002685 0.5895306468009949 377
1782931002690 0.5389572978019714 378
1782931002693 0.43070024251937866 379
1782931002696 0.2630601227283478 380
1782931002699 0.5469512939453125 381
1782931002703 0.34908053278923035 382
1782931002706 0.30589789152145386 383
1782931002708 0.492020845413208 384
1782931002712 0.4411316514015198 385
1782931002714 0.5151870250701904 386
1782931002717 0.49748197197914124 387
1782931002721 0.4812023341655731 388
1782931002725 0.41818949580192566 389
1782931002727 0.48892953991889954 390
1782931002730 0.5997797250747681 391
1782931002733 0.36693263053894043 392
1782931002735 0.4094846844673157 393
1782931002739 0.5554085969924927 394
1782931002741 0.20935578644275665 395
1782931002743 0.6506868600845337 396
1782931002746 0.3970736563205719 397
1782931002748 0.32701539993286133 398
1782931002750 0.5519434809684753 399
1782931002753 0.35715794563293457 400
1782931002755 0.4318479001522064 401
1782931002758 0.4759199917316437 402
1782931002760 0.39145708084106445 403
1782931002764 0.3700465261936188 404
1782931002766 0.29954928159713745 405
1782931002768 0.3665858805179596 406
1782931002771 0.6378676295280457 407
1782931002773 0.2741752862930298 408
1782931002775 0.5796773433685303 409
1782931002778 0.380961537361145 410
1782931002780 0.6147060394287109 411
1782931002782 0.3870895802974701 412
1782931002784 0.31063389778137207 413
1782931002786 0.34728381037712097 414
1782931002789 0.37446489930152893 415
1782931002792 0.34080538153648376 416
1782931002794 0.4353026747703552 417
1782931002796 0.4570741355419159 418
1782931002798 0.4966520369052887 419
1782931002800 0.4242706298828125 420
1782931002802 0.4327790439128876 421
1782931002805 0.46568000316619873 422
1782931002807 0.3546130657196045 423
1782931002809 0.41333359479904175 424
1782931002811 0.357454389333725 425
1782931002813 0.4117449223995209 426
1782931002817 0.40763455629348755 427
1782931002819 0.40988218784332275 428
1782931002822 0.2648918032646179 429
1782931002824 0.36166343092918396 430
1782931002826 0.36096835136413574 431
1782931002828 0.43411514163017273 432
1782931002831 0.4363819360733032 433
1782931002833 0.5304368138313293 434
1782931002835 0.5589370131492615 435
1782931002838 0.4261409044265747 436
1782931002840 0.44822973012924194 437
1782931002843 0.4663526117801666 438
1782931002845 0.6380941271781921 439
1782931002847 0.4587216079235077 440
1782931002850 0.38256391882896423 441
1782931002853 0.3320290744304657 442
1782931002856 0.4061961770057678 443
1782931002859 0.3804141879081726 444
1782931002861 0.3818308413028717 445
1782931002864 0.46823015809059143 446
1782931002866 0.47670066356658936 447
1782931002868 0.4893573224544525 448
1782931002871 0.32744550704956055 449
1782931002874 0.37820059061050415 450
1782931002876 0.19722163677215576 451
1782931002878 0.3354049324989319 452
1782931002880 0.4555451273918152 453
1782931002882 0.2745411694049835 454
1782931002885 0.36223363876342773 455
1782931002888 0.4619402289390564 456
1782931002890 0.4938366115093231 457
1782931002892 0.235655277967453 458
1782931002894 0.5239261984825134 459
1782931002896 0.5145300030708313 460
1782931002899 0.2822525203227997 461
1782931002901 0.42077672481536865 462
1782931002905 0.28613096475601196 463
1782931002907 0.2544722855091095 464
1782931002910 0.5035392642021179 465
1782931002912 0.3986819386482239 466
1782931002914 0.34992069005966187 467
1782931002916 0.4230702519416809 468
1782931002920 0.409146785736084 469
1782931002922 0.4099567234516144 470
1782931002924 0.4391438364982605 471
1782931002926 0.27803048491477966 472
1782931002929 0.39379560947418213 473
1782931002931 0.43410757184028625 474
1782931002933 0.29685577750205994 475
1782931002936 0.5157521367073059 476
1782931002938 0.49191713333129883 477
1782931002942 0.3546578288078308 478
1782931002944 0.4073161482810974 479
1782931002946 0.4654984176158905 480
1782931002948 0.4115959107875824 481
1782931002950 0.3435375690460205 482
1782931002963 0.40842553973197937 483
1782931002966 0.613559901714325 484
1782931002968 0.33471158146858215 485
1782931002971 0.2520422041416168 486
1782931002974 0.43257638812065125 487
1782931002976 0.34168848395347595 488
1782931002978 0.3455238342285156 489
1782931002980 0.37268880009651184 490
1782931002982 0.3757524788379669 491
1782931002985 0.6045892238616943 492
1782931002987 0.40795111656188965 493
1782931002989 0.41827207803726196 494
1782931002992 0.28182274103164673 495
1782931002994 0.35677140951156616 496
1782931002996 0.4625815451145172 497
1782931002998 0.33430618047714233 498
1782931003000 0.4119969308376312 499
1782931003003 0.5133979916572571 500
1782931003006 0.49484023451805115 501
1782931003008 0.42654097080230713 502
1782931003010 0.2582974433898926 503
1782931003013 0.3003285825252533 504
1782931003015 0.41899561882019043 505
1782931003018 0.5436444282531738 506
1782931003021 0.4355892241001129 507
1782931003023 0.4437371790409088 508
1782931003026 0.31283536553382874 509
1782931003028 0.4569181501865387 510
1782931003030 0.36243870854377747 511
1782931003032 0.2923927307128906 512
1782931003034 0.2631930112838745 513
1782931003037 0.40668627619743347 514
1782931003039 0.37360095977783203 515
1782931003041 0.3449394106864929 516
1782931003044 0.505678653717041 517
1782931003046 0.4235425889492035 518
1782931003048 0.4264914393424988 519
1782931003050 0.31199324131011963 520
1782931003052 0.35997262597084045 521
1782931003055 0.296553373336792 522
1782931003057 0.49918532371520996 523
1782931003060 0.4597018361091614 524
1782931003062 0.23492172360420227 525
1782931003064 0.27280327677726746 526
1782931003066 0.32795336842536926 527
1782931003069 0.5271831750869751 528
1782931003072 0.2639683485031128 529
1782931003074 0.4276520311832428 530
1782931003076 0.5172679424285889 531
1782931003078 0.4830136001110077 532
1782931003080 0.5462545156478882 533
1782931003083 0.3715224266052246 534
1782931003085 0.6193941235542297 535
1782931003088 0.38837698101997375 536
1782931003091 0.3889114260673523 537
1782931003093 0.3421850800514221 538
1782931003095 0.3908146619796753 539
1782931003097 0.4245782196521759 540
1782931003100 0.25284868478775024 541
1782931003102 0.2749105989933014 542
1782931003104 0.47211912274360657 543
1782931003106 0.44463106989860535 544
1782931003108 0.39621493220329285 545
1782931003110 0.5013598799705505 546
1782931003112 0.31730809807777405 547
1782931003115 0.3053431808948517 548
1782931003117 0.37607717514038086 549
1782931003119 0.3755185604095459 550
1782931003122 0.5541539788246155 551
1782931003125 0.5299656391143799 552
1782931003127 0.41179782152175903 553
1782931003129 0.6156505346298218 554
1782931003131 0.18130181729793549 555
1782931003133 0.3266187310218811 556
1782931003136 0.2129807472229004 557
1782931003139 0.4080139696598053 558
1782931003141 0.5469822883605957 559
1782931003144 0.31841737031936646 560
1782931003146 0.2875455319881439 561
1782931003148 0.3529971241950989 562
1782931003150 0.2312922477722168 563
1782931003152 0.3266748785972595 564
1782931003154 0.49344581365585327 565
1782931003157 0.4021669924259186 566
1782931003159 0.25152263045310974 567
1782931003161 0.3020108640193939 568
1782931003163 0.6058118343353271 569
1782931003165 0.44708722829818726 570
1782931003167 0.42675095796585083 571
1782931003170 0.42950865626335144 572
1782931003172 0.34867221117019653 573
1782931003176 0.3546268045902252 574
1782931003178 0.36198848485946655 575
1782931003180 0.258830189704895 576
1782931003182 0.47202736139297485 577
1782931003184 0.2626526355743408 578
1782931003187 0.45241695642471313 579
1782931003189 0.3707222044467926 580
1782931003191 0.3322243094444275 581
1782931003193 0.22962558269500732 582
1782931003195 0.35024493932724 583
1782931003198 0.321122407913208 584
1782931003200 0.6593064665794373 585
1782931003202 0.4258407652378082 586
1782931003206 0.47370004653930664 587
1782931003208 0.46670281887054443 588
1782931003210 0.2982044816017151 589
1782931003212 0.46683329343795776 590
1782931003214 0.2365686595439911 591
1782931003216 0.2992545962333679 592
1782931003221 0.28531694412231445 593
1782931003223 0.472072958946228 594
1782931003225 0.40587568283081055 595
1782931003228 0.52232825756073 596
1782931003230 0.3720266819000244 597
1782931003232 0.2353893220424652 598
1782931003234 0.3655654489994049 599
1782931003237 0.36784374713897705 600
1782931003239 0.216165229678154 601
1782931003241 0.35046282410621643 602
1782931003243 0.46019747853279114 603
1782931003245 0.35892704129219055 604
1782931003248 0.2970845401287079 605
1782931003250 0.4335804581642151 606
1782931003252 0.23013336956501007 607
1782931003255 0.3486737310886383 608
1782931003257 0.3082227110862732 609
1782931003259 0.40868279337882996 610
1782931003261 0.36743804812431335 611
1782931003264 0.3548988997936249 612
1782931003266 0.2401130199432373 613
1782931003268 0.4937218129634857 614
1782931003271 0.3007195293903351 615
1782931003273 0.3634161949157715 616
1782931003275 0.43456071615219116 617
1782931003277 0.61439448595047 618
1782931003279 0.6165015697479248 619
1782931003281 0.3400615155696869 620
1782931003284 0.510750412940979 621
1782931003286 0.3148503303527832 622
1782931003290 0.26670193672180176 623
1782931003292 0.42111819982528687 624
1782931003294 0.3452189564704895 625
1782931003296 0.3413122594356537 626
1782931003299 0.5069923996925354 627
1782931003301 0.615070104598999 628
1782931003303 0.42387065291404724 629
1782931003306 0.42955029010772705 630
1782931003308 0.4674484133720398 631
1782931003310 0.26584818959236145 632
1782931003312 0.4643227159976959 633
1782931003314 0.23941972851753235 634
1782931003317 0.17999190092086792 635
1782931003319 0.3282756209373474 636
1782931003321 0.3941580057144165 637
1782931003323 0.41491013765335083 638
1782931003326 0.40400829911231995 639
1782931003328 0.3778173625469208 640
1782931003330 0.37221774458885193 641
1782931003332 0.4392479658126831 642
1782931003334 0.29545122385025024 643
1782931003337 0.37107545137405396 644
1782931003339 0.25691357254981995 645
1782931003341 0.29113832116127014 646
1782931003343 0.26981663703918457 647
1782931003346 0.29831773042678833 648
1782931003348 0.24428680539131165 649
1782931003350 0.32219216227531433 650
1782931003352 0.1759987622499466 651
1782931003355 0.363940954208374 652
1782931003357 0.35679611563682556 653
1782931003360 0.5755689740180969 654
1782931003362 0.2996769845485687 655
1782931003364 0.4146682322025299 656
1782931003366 0.3709339499473572 657
1782931003368 0.2507871985435486 658
1782931003371 0.1619296669960022 659
1782931003373 0.25524306297302246 660
1782931003375 0.49789905548095703 661
1782931003377 0.4881117343902588 662
1782931003380 0.3423476815223694 663
1782931003383 0.5372893214225769 664
1782931003385 0.23676016926765442 665
1782931003387 0.3677346110343933 666
1782931003389 0.40141624212265015 667
1782931003392 0.44625163078308105 668
1782931003394 0.39137598872184753 669
1782931003396 0.39515239000320435 670
1782931003398 0.40030398964881897 671
1782931003400 0.3226769268512726 672
1782931003402 0.503128707408905 673
1782931003405 0.26295071840286255 674
1782931003407 0.3281477093696594 675
1782931003409 0.37940463423728943 676
1782931003411 0.4734210669994354 677
1782931003413 0.25870952010154724 678
1782931003415 0.22326703369617462 679
1782931003418 0.3847264349460602 680
1782931003421 0.4801233112812042 681
1782931003423 0.3474743366241455 682
1782931003425 0.5943424105644226 683
1782931003428 0.34184685349464417 684
1782931003430 0.44305866956710815 685
1782931003432 0.3312239944934845 686
1782931003434 0.42569151520729065 687
1782931003436 0.3928799629211426 688
1782931003439 0.373947411775589 689
1782931003441 0.34690651297569275 690
1782931003443 0.5214800834655762 691
1782931003447 0.24453486502170563 692
1782931003449 0.4683193862438202 693
1782931003453 0.2805755138397217 694
1782931003455 0.39831069111824036 695
1782931003458 0.5322270393371582 696
1782931003460 0.5791987180709839 697
1782931003463 0.23092438280582428 698
1782931003466 0.3820239007472992 699
1782931003469 0.6655501127243042 700
1782931003471 0.28178703784942627 701
1782931003474 0.32405218482017517 702
1782931003476 0.29810452461242676 703
1782931003479 0.4920903444290161 704
1782931003481 0.30657410621643066 705
1782931003483 0.2849295139312744 706
1782931003486 0.23025068640708923 707
1782931003489 0.25153812766075134 708
1782931003493 0.2969028353691101 709
1782931003496 0.19143366813659668 710
1782931003498 0.40708646178245544 711
1782931003501 0.25935351848602295 712
1782931003503 0.5325584411621094 713
1782931003506 0.5314607620239258 714
1782931003509 0.371110737323761 715
1782931003512 0.5585112571716309 716
1782931003514 0.3264402449131012 717
1782931003516 0.3228985667228699 718
1782931003518 0.42894184589385986 719
1782931003522 0.20903080701828003 720
1782931003524 0.29627087712287903 721
1782931003526 0.3466384708881378 722
1782931003529 0.34610146284103394 723
1782931003531 0.5041989088058472 724
1782931003533 0.3050713837146759 725
1782931003536 0.3373638987541199 726
1782931003538 0.2979239821434021 727
1782931003542 0.3891890048980713 728
1782931003544 0.3294302821159363 729
1782931003546 0.5582269430160522 730
1782931003548 0.2584685981273651 731
1782931003550 0.5078946352005005 732
1782931003553 0.43590179085731506 733
1782931003555 0.397795706987381 734
1782931003557 0.6712430119514465 735
1782931003560 0.27820056676864624 736
1782931003562 0.27890270948410034 737
1782931003564 0.7853167057037354 738
1782931003566 0.3136822283267975 739
1782931003569 0.2624238133430481 740
1782931003571 0.7481507658958435 741
1782931003574 0.34840086102485657 742
1782931003576 0.21503271162509918 743
1782931003579 0.5391470193862915 744
1782931003581 0.5960022211074829 745
1782931003584 0.4401751458644867 746
1782931003586 0.31821566820144653 747
1782931003588 0.5779811143875122 748
1782931003590 0.49880656599998474 749
1782931003593 0.3804410994052887 750
1782931003595 0.3405259847640991 751
1782931003597 0.5570244193077087 752
1782931003599 0.6759629249572754 753
1782931003601 0.4395383596420288 754
1782931003603 0.21124839782714844 755
1782931003606 0.2818911671638489 756
1782931003608 0.2520650327205658 757
1782931003610 0.29992321133613586 758
1782931003612 0.33138954639434814 759
1782931003615 0.16876716911792755 760
1782931003617 0.40271714329719543 761
1782931003619 0.3211671710014343 762
1782931003621 0.37978672981262207 763
1782931003624 0.4070986211299896 764
1782931003626 0.2857302129268646 765
1782931003628 0.29327982664108276 766
1782931003630 0.5289862751960754 767
1782931003633 0.35430747270584106 768
1782931003635 0.37859219312667847 769
1782931003638 0.3299064040184021 770
1782931003641 0.3172038495540619 771
1782931003643 0.4574258029460907 772
1782931003645 0.5586518049240112 773
1782931003647 0.6568179130554199 774
1782931003649 0.5428181886672974 775
1782931003652 0.29714885354042053 776
1782931003654 0.27464115619659424 777
1782931003656 0.36480364203453064 778
1782931003659 0.40879592299461365 779
1782931003661 0.5197983980178833 780
1782931003663 0.36603283882141113 781
1782931003665 0.3816257119178772 782
1782931003667 0.6294660568237305 783
1782931003669 0.22014585137367249 784
1782931003672 0.38421496748924255 785
1782931003674 0.35611194372177124 786
1782931003676 0.4534582495689392 787
1782931003678 0.4757184386253357 788
1782931003681 0.3623923063278198 789
1782931003683 0.35782235860824585 790
1782931003686 0.5371496677398682 791
1782931003688 0.3957103490829468 792
1782931003690 0.32388800382614136 793
1782931003692 0.2817566394805908 794
1782931003695 0.2616228461265564 795
1782931003697 0.3032686710357666 796
1782931003699 0.3571684956550598 797
1782931003702 0.23010404407978058 798
1782931003704 0.4289761483669281 799
1782931003706 0.45995619893074036 800
1782931003708 0.46655431389808655 801
1782931003711 0.2072344720363617 802
1782931003713 0.3960958421230316 803
1782931003715 0.35330691933631897 804
1782931003717 0.24427354335784912 805
1782931003719 0.2772814929485321 806
1782931003722 0.23886772990226746 807
1782931003725 0.2808661162853241 808
1782931003728 0.39470845460891724 809
1782931003730 0.20204530656337738 810
1782931003732 0.3553180694580078 811
1782931003734 0.2632504105567932 812
1782931003737 0.27592599391937256 813
1782931003739 0.2678408622741699 814
1782931003741 0.3178541660308838 815
1782931003743 0.25270944833755493 816
1782931003745 0.33556947112083435 817
1782931003748 0.6435221433639526 818
1782931003750 0.2660728693008423 819
1782931003752 0.5814103484153748 820
1782931003754 0.30002743005752563 821
1782931003757 0.3540761172771454 822
1782931003759 0.46177467703819275 823
1782931003761 0.18837639689445496 824
1782931003763 0.5196212530136108 825
1782931003765 0.3449249267578125 826
1782931003767 0.2349376082420349 827
1782931003770 0.48408451676368713 828
1782931003772 0.46820491552352905 829
1782931003775 0.5571416020393372 830
1782931003777 0.2876770496368408 831
1782931003779 0.3715095520019531 832
1782931003781 0.3490844666957855 833
1782931003783 0.2603885233402252 834
1782931003785 0.5894402265548706 835
1782931003788 0.4091862142086029 836
1782931003790 0.5233034491539001 837
1782931003792 0.2829127311706543 838
1782931003795 0.3374747633934021 839
1782931003797 0.49469050765037537 840
1782931003799 0.21068379282951355 841
1782931003801 0.16698475182056427 842
1782931003804 0.6115363240242004 843
1782931003806 0.21407550573349 844
1782931003808 0.22979173064231873 845
1782931003811 0.2669512629508972 846
1782931003814 0.26874876022338867 847
1782931003816 0.25879114866256714 848
1782931003818 0.39301854372024536 849
1782931003821 0.39054709672927856 850
1782931003824 0.2332639843225479 851
1782931003826 0.5999069809913635 852
1782931003828 0.28880229592323303 853
1782931003830 0.24202358722686768 854
1782931003832 0.2816570997238159 855
1782931003835 0.24051271378993988 856
1782931003837 0.33801475167274475 857
1782931003839 0.2517896890640259 858
1782931003841 0.41649532318115234 859
1782931003844 0.3930073380470276 860
1782931003846 0.5181998610496521 861
1782931003848 0.48826223611831665 862
1782931003850 0.3027839958667755 863
1782931003853 0.331788033246994 864
1782931003856 0.45113617181777954 865
1782931003858 0.2506375312805176 866
1782931003860 0.4328407645225525 867
1782931003862 0.32473352551460266 868
1782931003865 0.6406235694885254 869
1782931003867 0.33813709020614624 870
1782931003869 0.31568676233291626 871
1782931003871 0.172983780503273 872
1782931003874 0.3038156032562256 873
1782931003876 0.2931811213493347 874
1782931003878 0.40993058681488037 875
1782931003880 0.3865315914154053 876
1782931003882 0.2465939074754715 877
1782931003885 0.4539952874183655 878
1782931003887 0.3937342166900635 879
1782931003890 0.27312391996383667 880
1782931003892 0.4198431372642517 881
1782931003894 0.43933460116386414 882
1782931003896 0.32769501209259033 883
1782931003898 0.39141732454299927 884
1782931003901 0.3735353648662567 885
1782931003904 0.3387009799480438 886
1782931003906 0.23246456682682037 887
1782931003908 0.22885647416114807 888
1782931003910 0.4587668776512146 889
1782931003913 0.2279650717973709 890
1782931003916 0.4562545120716095 891
1782931003918 0.2827460467815399 892
1782931003921 0.4065565764904022 893
1782931003924 0.20876125991344452 894
1782931003926 0.3599308729171753 895
1782931003929 0.4973317086696625 896
1782931003931 0.2814531624317169 897
1782931003933 0.5741205215454102 898
1782931003936 0.36002442240715027 899
1782931003938 0.3779312074184418 900
1782931003940 0.2836121618747711 901
1782931003942 0.4424307346343994 902
1782931003945 0.7069630026817322 903
1782931003947 0.2933661937713623 904
1782931003949 0.3268115520477295 905
1782931003951 0.26203933358192444 906
1782931003954 0.5253203511238098 907
1782931003956 0.2651354968547821 908
1782931003958 0.3230116367340088 909
1782931003960 0.3491309583187103 910
1782931003963 0.6423403024673462 911
1782931003965 0.3219541311264038 912
1782931003967 0.34601855278015137 913
1782931003970 0.2703659236431122 914
1782931003972 0.3431739807128906 915
1782931003974 0.45964086055755615 916
1782931003976 0.2252516895532608 917
1782931003978 0.285670667886734 918
1782931003980 0.8473918437957764 919
1782931003982 0.4770042300224304 920
1782931003985 0.37324732542037964 921
1782931003987 0.2569592297077179 922
1782931003989 0.4724864363670349 923
1782931003991 0.3815241754055023 924
1782931003994 0.23483213782310486 925
1782931003996 0.4973253607749939 926
1782931003998 0.4408283829689026 927
1782931004000 0.3336084187030792 928
1782931004003 0.34385204315185547 929
1782931004006 0.2508474886417389 930
1782931004008 0.16799110174179077 931
1782931004010 0.4975953996181488 932
1782931004013 0.30641382932662964 933
1782931004015 0.24236944317817688 934
1782931004017 0.287415087223053 935
1782931004020 0.5392981767654419 936
1782931004158 0.395937442779541 937
1782931004160 0.34890010952949524 938
1782931004162 0.32988250255584717 939
1782931004164 0.5226770043373108 940
1782931004166 0.3999638259410858 941
1782931004169 0.36418381333351135 942
1782931004171 0.4766518771648407 943
1782931004173 0.31677502393722534 944
1782931004175 0.48340511322021484 945
1782931004178 0.4771661162376404 946
1782931004180 0.39326241612434387 947
1782931004182 0.5947461724281311 948
1782931004184 0.26184436678886414 949
1782931004186 0.2831627428531647 950
1782931004189 0.4241286516189575 951
1782931004191 0.33261916041374207 952
1782931004193 0.48218467831611633 953
1782931004195 0.39306724071502686 954
1782931004197 0.3104068338871002 955
1782931004199 0.2742913067340851 956
1782931004201 0.5486769676208496 957
1782931004204 0.19663909077644348 958
1782931004206 0.48662570118904114 959
1782931004208 0.3503630757331848 960
1782931004210 0.47094443440437317 961
1782931004213 0.15300747752189636 962
1782931004215 0.33689478039741516 963
1782931004217 0.32306692004203796 964
1782931004220 0.16809652745723724 965
1782931004222 0.3854692578315735 966
1782931004224 0.29000961780548096 967
1782931004226 0.4574168026447296 968
1782931004229 0.3354854881763458 969
1782931004231 0.3780739903450012 970
1782931004233 0.3835524022579193 971
1782931004236 0.40855082869529724 972
1782931004238 0.47190049290657043 973
1782931004240 0.16472545266151428 974
1782931004242 0.309425413608551 975
1782931004245 0.12452536821365356 976
1782931004247 0.2169373333454132 977
1782931004249 0.21399220824241638 978
1782931004251 0.38758236169815063 979
1782931004254 0.6136151552200317 980
1782931004256 0.6046130061149597 981
1782931004258 0.32714927196502686 982
1782931004260 0.5090091824531555 983
1782931004263 0.27518579363822937 984
1782931004265 0.3303607404232025 985
1782931004267 0.3995688259601593 986
1782931004269 0.2870669662952423 987
1782931004271 0.49594616889953613 988
1782931004274 0.15687422454357147 989
1782931004276 0.16333824396133423 990
1782931004278 0.34205737709999084 991
1782931004280 0.33386868238449097 992
1782931004282 0.3410496115684509 993
1782931004285 0.3369286060333252 994
1782931004287 0.24729683995246887 995
1782931004289 0.35137632489204407 996
1782931004292 0.28450271487236023 997
1782931004294 0.31230470538139343 998
1782931004296 0.3973858058452606 999
1782931004298 0.47760897874832153 1000
1782931004300 0.2584495544433594 1001
1782931004303 0.18605583906173706 1002
1782931004306 0.189124196767807 1003
1782931004308 0.3383788466453552 1004
1782931004310 0.2370036393404007 1005
1782931004313 0.4493907690048218 1006
1782931004315 0.5769926905632019 1007
1782931004317 0.49081021547317505 1008
1782931004320 0.37612083554267883 1009
1782931004323 0.4317370653152466 1010
1782931004325 0.2535479664802551 1011
1782931004327 0.30576983094215393 1012
1782931004329 0.14155153930187225 1013
1782931004332 0.2874875068664551 1014
1782931004335 0.3486844599246979 1015
1782931004337 0.3286246955394745 1016
1782931004340 0.41397109627723694 1017
1782931004343 0.28099799156188965 1018
1782931004346 0.3604840338230133 1019
1782931004348 0.2406107485294342 1020
1782931004351 0.17634418606758118 1021
1782931004353 0.4082934856414795 1022
1782931004356 0.39778995513916016 1023
1782931004358 0.6396464705467224 1024
1782931004361 0.38713693618774414 1025
1782931004363 0.33297213912010193 1026
1782931004366 0.24357059597969055 1027
1782931004368 0.2541261315345764 1028
1782931004371 0.16737347841262817 1029
1782931004373 0.3229941725730896 1030
1782931004375 0.35304975509643555 1031
1782931004378 0.399032860994339 1032
1782931004380 0.37279653549194336 1033
1782931004382 0.2582316994667053 1034
1782931004384 0.27297359704971313 1035
1782931004387 0.31123724579811096 1036
1782931004389 0.3562626242637634 1037
1782931004391 0.33720114827156067 1038
1782931004394 0.25278180837631226 1039
1782931004396 0.4175001084804535 1040
1782931004398 0.3065377473831177 1041
1782931004400 0.13413210213184357 1042
1782931004403 0.4482199549674988 1043
1782931004405 0.5682666301727295 1044
1782931004408 0.27690088748931885 1045
1782931004410 0.24409423768520355 1046
1782931004412 0.2849080264568329 1047
1782931004414 0.3303474485874176 1048
1782931004416 0.36130213737487793 1049
1782931004419 0.3680865168571472 1050
1782931004422 0.40060117840766907 1051
1782931004425 0.3146366775035858 1052
1782931004427 0.37147149443626404 1053
1782931004430 0.18317578732967377 1054
1782931004432 0.27830833196640015 1055
1782931004434 0.4210679233074188 1056
1782931004438 0.37351489067077637 1057
1782931004440 0.4351658821105957 1058
1782931004443 0.30516162514686584 1059
1782931004445 0.4881300628185272 1060
1782931004447 0.4729069471359253 1061
1782931004450 0.301332950592041 1062
1782931004453 0.44755417108535767 1063
1782931004456 0.4557882845401764 1064
1782931004458 0.3078136444091797 1065
1782931004480 0.2737787961959839 1066
1782931004482 0.2761063277721405 1067
1782931004485 0.48691436648368835 1068
1782931004487 0.29587599635124207 1069
1782931004489 0.23485210537910461 1070
1782931004491 0.39089128375053406 1071
1782931004493 0.38281935453414917 1072
1782931004495 0.6998600959777832 1073
1782931004497 0.4168260097503662 1074
1782931004499 0.18553632497787476 1075
1782931004501 0.40744978189468384 1076
1782931004503 0.6568126678466797 1077
1782931004506 0.24213840067386627 1078
1782931004508 0.507495641708374 1079
1782931004510 0.1889389604330063 1080
1782931004512 0.308508038520813 1081
1782931004514 0.304238885641098 1082
1782931004516 0.3625260889530182 1083
1782931004518 0.4030461609363556 1084
1782931004521 0.4208833575248718 1085
1782931004524 0.2971200942993164 1086
1782931004526 0.3283044695854187 1087
1782931004528 0.30920058488845825 1088
1782931004530 0.34752219915390015 1089
1782931004533 0.25954127311706543 1090
1782931004535 0.443687379360199 1091
1782931004538 0.30986833572387695 1092
1782931004540 0.383141428232193 1093
1782931004542 0.21944573521614075 1094
1782931004545 0.39687713980674744 1095
1782931004547 0.24092815816402435 1096
1782931004549 0.453098863363266 1097
1782931004551 0.39733272790908813 1098
1782931004554 0.2078266590833664 1099
1782931004556 0.5588952898979187 1100
1782931004558 0.5227717757225037 1101
1782931004560 0.43112844228744507 1102
1782931004562 0.24036099016666412 1103
1782931004565 0.2961582541465759 1104
1782931004567 0.2256653755903244 1105
1782931004569 0.42785730957984924 1106
1782931004572 0.2879633605480194 1107
1782931004574 0.47056642174720764 1108
1782931004576 0.3356102406978607 1109
1782931004578 0.33770063519477844 1110
1782931004581 0.28680357336997986 1111
1782931004583 0.31818175315856934 1112
1782931004585 0.5284346342086792 1113
1782931004587 0.3731572926044464 1114
1782931004590 0.43200135231018066 1115
1782931004592 0.3187945783138275 1116
1782931004594 0.29134461283683777 1117
1782931004597 0.4777301251888275 1118
1782931004598 0.182653546333313 1119
1782931004601 0.12873700261116028 1120
1782931004603 0.19455310702323914 1121
1782931004605 0.33868056535720825 1122
1782931004607 0.30618816614151 1123
1782931004609 0.2066059559583664 1124
1782931004612 0.22031237185001373 1125
1782931004614 0.4958881437778473 1126
1782931004616 0.43125391006469727 1127
1782931004618 0.4217568039894104 1128
1782931004621 0.47976937890052795 1129
1782931004623 0.20760990679264069 1130
1782931004625 0.3307301998138428 1131
1782931004627 0.48595309257507324 1132
1782931004629 0.2917175590991974 1133
1782931004632 0.38594403862953186 1134
1782931004634 0.29833555221557617 1135
1782931004636 0.2608187198638916 1136
1782931004638 0.3509542644023895 1137
1782931004641 0.4416801631450653 1138
1782931004643 0.33582013845443726 1139
1782931004645 0.45217886567115784 1140
1782931004647 0.2132323831319809 1141
1782931004649 0.29240643978118896 1142
1782931004652 0.3897714614868164 1143
1782931004654 0.3694840371608734 1144
1782931004656 0.27734142541885376 1145
1782931004659 0.22319039702415466 1146
1782931004663 0.3912559449672699 1147
1782931004665 0.3970890939235687 1148
1782931004670 0.48419898748397827 1149
1782931004672 0.3021109998226166 1150
1782931004675 0.19142723083496094 1151
1782931004677 0.2641622722148895 1152
1782931004679 0.46266910433769226 1153
1782931004682 0.22450385987758636 1154
1782931004684 0.27836254239082336 1155
1782931004687 0.5269967913627625 1156
1782931004689 0.4441818296909332 1157
1782931004691 0.3041379153728485 1158
1782931004693 0.4140566885471344 1159
1782931004696 0.48021116852760315 1160
1782931004698 0.49877241253852844 1161
1782931004700 0.5080344080924988 1162
1782931004702 0.19609762728214264 1163
1782931004705 0.423936665058136 1164
1782931004707 0.2034994512796402 1165
1782931004709 0.2272091656923294 1166
1782931004711 0.17052844166755676 1167
1782931004713 0.3023737967014313 1168
1782931004716 0.37737834453582764 1169
1782931004718 0.19592012465000153 1170
1782931004720 0.35742419958114624 1171
1782931004722 0.22113995254039764 1172
1782931004724 0.3768622577190399 1173
1782931004728 0.38067933917045593 1174
1782931004730 0.3083702325820923 1175
1782931004732 0.3355257213115692 1176
1782931004735 0.23332035541534424 1177
1782931004738 0.3595188856124878 1178
1782931004741 0.392855703830719 1179
1782931004743 0.29184961318969727 1180
1782931004746 0.20223785936832428 1181
1782931004749 0.4134421646595001 1182
1782931004751 0.43032780289649963 1183
1782931004756 0.531198263168335 1184
1782931004759 0.3048418164253235 1185
1782931004761 0.28090202808380127 1186
1782931004764 0.2908085286617279 1187
1782931004766 0.2692521810531616 1188
1782931004768 0.27722200751304626 1189
1782931004771 0.2770799398422241 1190
1782931004773 0.3469078540802002 1191
1782931004775 0.2786162197589874 1192
1782931004778 0.3254905939102173 1193
1782931004780 0.25581854581832886 1194
1782931004782 0.2839653193950653 1195
1782931004784 0.24132302403450012 1196
1782931004787 0.23030921816825867 1197
1782931004789 0.5841986536979675 1198
1782931004791 0.363040030002594 1199
1782931004793 0.6205070614814758 1200
1782931004796 0.4375706911087036 1201
1782931004799 0.39708927273750305 1202
1782931004801 0.6523984670639038 1203
1782931004804 0.2838191092014313 1204
1782931004806 0.39457741379737854 1205
1782931004809 0.4625001549720764 1206
1782931004811 0.2887142598628998 1207
1782931004813 0.2295324206352234 1208
1782931004815 0.2611359655857086 1209
1782931004818 0.3385911285877228 1210
1782931004820 0.20794613659381866 1211
1782931004823 0.5853659510612488 1212
1782931004825 0.34557944536209106 1213
1782931004827 0.372354656457901 1214
1782931004829 0.2968091666698456 1215
1782931004832 0.16667479276657104 1216
1782931004834 0.27563926577568054 1217
1782931004836 0.1690952479839325 1218
1782931004839 0.2882000803947449 1219
1782931004841 0.40279150009155273 1220
1782931004844 0.3836759924888611 1221
1782931004846 0.32912471890449524 1222
1782931004849 0.2852250933647156 1223
1782931004851 0.24716167151927948 1224
1782931004853 0.46015214920043945 1225
1782931004856 0.3319152593612671 1226
1782931004859 0.454159140586853 1227
1782931004861 0.3764055669307709 1228
1782931004863 0.552480936050415 1229
1782931004866 0.19110694527626038 1230
1782931004868 0.40171846747398376 1231
1782931004870 0.42160406708717346 1232
1782931004873 0.2602410614490509 1233
1782931004875 0.2980335056781769 1234
1782931004877 0.5007945895195007 1235
1782931004879 0.2434355467557907 1236
1782931004881 0.2653508484363556 1237
1782931004883 0.24103930592536926 1238
1782931004887 0.42453327775001526 1239
1782931004889 0.4557000994682312 1240
1782931004891 0.37892332673072815 1241
1782931004893 0.33731716871261597 1242
1782931004896 0.2833021581172943 1243
1782931004898 0.3219837546348572 1244
1782931004900 0.29414018988609314 1245
1782931004903 0.46135735511779785 1246
1782931004905 0.23198285698890686 1247
1782931004908 0.2898431718349457 1248
1782931004910 0.3197539150714874 1249
1782931004912 0.28662848472595215 1250
1782931004914 0.19084005057811737 1251
1782931004916 0.3561736047267914 1252
1782931004919 0.3725496530532837 1253
1782931004921 0.2750578820705414 1254
1782931004923 0.32399067282676697 1255
1782931004925 0.47846880555152893 1256
1782931004927 0.4376480281352997 1257
1782931004930 0.17994248867034912 1258
1782931004932 0.507022500038147 1259
1782931004934 0.30779871344566345 1260
1782931004937 0.3375380039215088 1261
1782931004939 0.22457543015480042 1262
1782931004942 0.2558346688747406 1263
1782931004944 0.277809202671051 1264
1782931004946 0.2609860301017761 1265
1782931004948 0.2770855128765106 1266
1782931004950 0.5359836220741272 1267
1782931004952 0.37638476490974426 1268
1782931004956 0.20927348732948303 1269
1782931004959 0.15371446311473846 1270
1782931004961 0.28971007466316223 1271
1782931004963 0.582263708114624 1272
1782931004966 0.3912726938724518 1273
1782931004968 0.3625779449939728 1274
1782931004970 0.43306607007980347 1275
1782931004972 0.4156736731529236 1276
1782931004974 0.5378934741020203 1277
1782931004976 0.535733699798584 1278
1782931004979 0.45739009976387024 1279
1782931004981 0.38671958446502686 1280
1782931004983 0.35167476534843445 1281
1782931004985 0.308498740196228 1282
1782931004988 0.5996407866477966 1283
1782931004990 0.16671428084373474 1284
1782931004992 0.46645355224609375 1285
1782931004994 0.2781601548194885 1286
1782931004997 0.38859954476356506 1287
1782931004999 0.4529240131378174 1288
1782931005001 0.3503057360649109 1289
1782931005003 0.286800742149353 1290
1782931005006 0.21488656103610992 1291
1782931005009 0.3421992361545563 1292
1782931005011 0.18789136409759521 1293
1782931005013 0.3757667541503906 1294
1782931005016 0.4439705014228821 1295
1782931005019 0.29039236903190613 1296
1782931005021 0.5981376767158508 1297
1782931005024 0.3148641884326935 1298
1782931005026 0.14690715074539185 1299
1782931005028 0.4714002311229706 1300
1782931005030 0.30152085423469543 1301
1782931005032 0.2794136106967926 1302
1782931005034 0.21099230647087097 1303
1782931005036 0.37533676624298096 1304
1782931005039 0.406726211309433 1305
1782931005041 0.40866023302078247 1306
1782931005043 0.15947502851486206 1307
1782931005046 0.4365618824958801 1308
1782931005048 0.5692421197891235 1309
1782931005050 0.3388328552246094 1310
1782931005052 0.1432584971189499 1311
1782931005055 0.28062254190444946 1312
1782931005057 0.2953750193119049 1313
1782931005059 0.326134592294693 1314
1782931005061 0.2918248474597931 1315
1782931005064 0.29631876945495605 1316
1782931005066 0.24139705300331116 1317
1782931005068 0.3235867917537689 1318
1782931005070 0.3080771267414093 1319
1782931005072 0.24886415898799896 1320
1782931005075 0.5189073085784912 1321
1782931005077 0.5519967079162598 1322
1782931005079 0.3346421420574188 1323
1782931005081 0.18189039826393127 1324
1782931005083 0.2765427231788635 1325
1782931005086 0.15360449254512787 1326
1782931005088 0.2537236213684082 1327
1782931005090 0.34282806515693665 1328
1782931005092 0.20557110011577606 1329
1782931005094 0.17469947040081024 1330
1782931005097 0.4697727560997009 1331
1782931005099 0.20281049609184265 1332
1782931005102 0.3379889726638794 1333
1782931005105 0.39912736415863037 1334
1782931005107 0.37055930495262146 1335
1782931005110 0.4586220681667328 1336
1782931005112 0.3148810565471649 1337
1782931005114 0.3655111789703369 1338
1782931005117 0.3632546663284302 1339
1782931005120 0.2409002035856247 1340
1782931005122 0.47345593571662903 1341
1782931005124 0.38048055768013 1342
1782931005126 0.4831203818321228 1343
1782931005130 0.2599753737449646 1344
1782931005132 0.2782624661922455 1345
1782931005135 0.2267192304134369 1346
1782931005137 0.4028056859970093 1347
1782931005139 0.5894755125045776 1348
1782931005141 0.24395862221717834 1349
1782931005144 0.44781386852264404 1350
1782931005146 0.2156466692686081 1351
1782931005148 0.44453519582748413 1352
1782931005150 0.520629346370697 1353
1782931005152 0.32200562953948975 1354
1782931005155 0.4505579471588135 1355
1782931005157 0.28874361515045166 1356
1782931005160 0.3254050016403198 1357
1782931005163 0.2053038328886032 1358
1782931005165 0.34727150201797485 1359
1782931005167 0.4295934736728668 1360
1782931005169 0.3307088613510132 1361
1782931005171 0.37440669536590576 1362
1782931005174 0.3764289617538452 1363
1782931005176 0.4214538633823395 1364
1782931005179 0.33041802048683167 1365
1782931005182 0.5113398432731628 1366
1782931005184 0.37947705388069153 1367
1782931005186 0.31451162695884705 1368
1782931005189 0.35946884751319885 1369
1782931005191 0.4726746082305908 1370
1782931005193 0.26162606477737427 1371
1782931005196 0.3158789873123169 1372
1782931005198 0.2753504514694214 1373
1782931005200 0.23845411837100983 1374
1782931005202 0.266941100358963 1375
1782931005205 0.4473353922367096 1376
1782931005207 0.2576915919780731 1377
1782931005209 0.2892144024372101 1378
1782931005211 0.4553757607936859 1379
1782931005214 0.433881551027298 1380
1782931005216 0.25082358717918396 1381
1782931005218 0.37476179003715515 1382
1782931005220 0.32350441813468933 1383
1782931005222 0.28173336386680603 1384
1782931005225 0.28051355481147766 1385
1782931005227 0.6304726600646973 1386
1782931005230 0.6235264539718628 1387
1782931005233 0.3964862525463104 1388
1782931005235 0.24987269937992096 1389
1782931005237 0.40539196133613586 1390
1782931005239 0.24363945424556732 1391
1782931005242 0.34641632437705994 1392
1782931005244 0.23887473344802856 1393
1782931005246 0.2789354920387268 1394
1782931005248 0.43874481320381165 1395
1782931005250 0.3391193151473999 1396
1782931005252 0.39433038234710693 1397
1782931005254 0.3110412657260895 1398
1782931005257 0.3704031705856323 1399
1782931005259 0.32713693380355835 1400
1782931005262 0.2843625843524933 1401
1782931005264 0.511163592338562 1402
1782931005266 0.22529947757720947 1403
1782931005268 0.4357510507106781 1404
1782931005270 0.2636241316795349 1405
1782931005272 0.34949690103530884 1406
1782931005275 0.17287671566009521 1407
1782931005277 0.40403392910957336 1408
1782931005279 0.1909160017967224 1409
1782931005281 0.12608622014522552 1410
1782931005286 0.28881746530532837 1411
1782931005288 0.47833073139190674 1412
1782931005291 0.29015451669692993 1413
1782931005293 0.32633835077285767 1414
1782931005295 0.26092877984046936 1415
1782931005298 0.3170739412307739 1416
1782931005300 0.3106784224510193 1417
1782931005302 0.30535924434661865 1418
1782931005305 0.35263392329216003 1419
1782931005308 0.4292714595794678 1420
1782931005310 0.43281030654907227 1421
1782931005312 0.22653768956661224 1422
1782931005314 0.2626012861728668 1423
1782931005316 0.25787046551704407 1424
1782931005319 0.4841834604740143 1425
1782931005322 0.3330303728580475 1426
1782931005324 0.22279991209506989 1427
1782931005327 0.3447352945804596 1428
1782931005329 0.26544031500816345 1429
1782931005331 0.2668510377407074 1430
1782931005333 0.12471021711826324 1431
1782931005336 0.32151517271995544 1432
1782931005338 0.32190173864364624 1433
1782931005340 0.29671984910964966 1434
1782931005342 0.33143287897109985 1435
1782931005344 0.5423197150230408 1436
1782931005347 0.383402019739151 1437
1782931005349 0.2272702306509018 1438
1782931005351 0.3431525230407715 1439
1782931005354 0.30154505372047424 1440
1782931005356 0.3618323802947998 1441
1782931005358 0.2829245328903198 1442
1782931005360 0.31302329897880554 1443
1782931005362 0.2684084177017212 1444
1782931005364 0.3058919906616211 1445
1782931005367 0.2881045639514923 1446
1782931005369 0.18923033773899078 1447
1782931005372 0.3382120132446289 1448
1782931005374 0.36758896708488464 1449
1782931005376 0.3572293221950531 1450
1782931005378 0.3222867250442505 1451
1782931005380 0.5482697486877441 1452
1782931005382 0.3296842575073242 1453
1782931005384 0.3484376072883606 1454
1782931005388 0.28375717997550964 1455
1782931005390 0.33241456747055054 1456
1782931005392 0.3223443031311035 1457
1782931005395 0.3231215476989746 1458
1782931005397 0.3526206910610199 1459
1782931005399 0.217426136136055 1460
1782931005401 0.23757731914520264 1461
1782931005404 0.23859111964702606 1462
1782931005406 0.16531632840633392 1463
1782931005408 0.32638320326805115 1464
1782931005410 0.37311655282974243 1465
1782931005412 0.6438422203063965 1466
1782931005415 0.3508329689502716 1467
1782931005418 0.5474315285682678 1468
1782931005420 0.16390790045261383 1469
1782931005423 0.18029624223709106 1470
1782931005425 0.15736545622348785 1471
1782931005427 0.17079567909240723 1472
1782931005429 0.3082462251186371 1473
1782931005432 0.4235903024673462 1474
1782931005434 0.2998006045818329 1475
1782931005436 0.24893371760845184 1476
1782931005438 0.19125841557979584 1477
1782931005441 0.4927241802215576 1478
1782931005443 0.3896743953227997 1479
1782931005445 0.3542715013027191 1480
1782931005448 0.5109682083129883 1481
1782931005450 0.5237990021705627 1482
1782931005453 0.29272332787513733 1483
1782931005455 0.28459054231643677 1484
1782931005458 0.4309554994106293 1485
1782931005460 0.27623406052589417 1486
1782931005462 0.4289068281650543 1487
1782931005464 0.29659056663513184 1488
1782931005466 0.4202752113342285 1489
1782931005469 0.329500675201416 1490
1782931005471 0.20626327395439148 1491
1782931005473 0.4263380467891693 1492
1782931005476 0.34999504685401917 1493
1782931005478 0.19512657821178436 1494
1782931005480 0.410523384809494 1495
1782931005482 0.35296615958213806 1496
1782931005485 0.3295445144176483 1497
1782931005487 0.21963359415531158 1498
1782931005489 0.18642155826091766 1499
1782931005491 0.41691234707832336 1500
1782931005493 0.23577484488487244 1501
1782931005496 0.3718931972980499 1502
1782931005498 0.2637067437171936 1503
1782931005500 0.38417690992355347 1504
1782931005503 0.34242770075798035 1505
1782931005505 0.2672841548919678 1506
1782931005508 0.42390766739845276 1507
1782931005511 0.2594994902610779 1508
1782931005513 0.24973948299884796 1509
1782931005516 0.2547774910926819 1510
1782931005518 0.39345014095306396 1511
1782931005521 0.4414951801300049 1512
1782931005529 0.32891473174095154 1513
1782931005532 0.30861952900886536 1514
1782931005534 0.6765750646591187 1515
1782931005537 0.24949653446674347 1516
1782931005540 0.1772371530532837 1517
1782931005542 0.3970063328742981 1518
1782931005544 0.2952939569950104 1519
1782931005547 0.5118403434753418 1520
1782931005549 0.319912850856781 1521
1782931005552 0.27396509051322937 1522
1782931005555 0.38555726408958435 1523
1782931005559 0.6002156138420105 1524
1782931005561 0.269470751285553 1525
1782931005563 0.33845430612564087 1526
1782931005566 0.44240453839302063 1527
1782931005569 0.48362305760383606 1528
1782931005571 0.44838109612464905 1529
1782931005574 0.34714722633361816 1530
1782931005577 0.32225409150123596 1531
1782931005579 0.26025325059890747 1532
1782931005581 0.41940271854400635 1533
1782931005585 0.19633302092552185 1534
1782931005588 0.26851704716682434 1535
1782931005590 0.25450292229652405 1536
1782931005592 0.2908845543861389 1537
1782931005594 0.3145439028739929 1538
1782931005597 0.28408005833625793 1539
1782931005599 0.35268434882164 1540
1782931005601 0.4946958124637604 1541
1782931005604 0.253524512052536 1542
1782931005606 0.09532979130744934 1543
1782931005608 0.3439849317073822 1544
1782931005610 0.42416617274284363 1545
1782931005613 0.4178808927536011 1546
1782931005615 0.3342844247817993 1547
1782931005617 0.21159039437770844 1548
1782931005620 0.45035654306411743 1549
1782931005622 0.3450221121311188 1550
1782931005624 0.22488054633140564 1551
1782931005626 0.44364219903945923 1552
1782931005628 0.3329162895679474 1553
1782931005631 0.29909828305244446 1554
1782931005633 0.27655401825904846 1555
1782931005636 0.32392802834510803 1556
1782931005639 0.21384719014167786 1557
1782931005641 0.29898256063461304 1558
1782931005643 0.379477858543396 1559
1782931005645 0.3169495165348053 1560
1782931005648 0.32561466097831726 1561
1782931005650 0.19158637523651123 1562
1782931005652 0.23992623388767242 1563
1782931005655 0.3213493227958679 1564
1782931005657 0.15774177014827728 1565
1782931005659 0.2857716381549835 1566
1782931005661 0.29895341396331787 1567
1782931005663 0.20289796590805054 1568
1782931005665 0.11249955743551254 1569
1782931005668 0.40627798438072205 1570
1782931005670 0.42404186725616455 1571
1782931005672 0.4544055163860321 1572
1782931005674 0.2022199034690857 1573
1782931005676 0.22796130180358887 1574
1782931005679 0.3142012357711792 1575
1782931005681 0.31806784868240356 1576
1782931005683 0.5870758295059204 1577
1782931005686 0.19903451204299927 1578
1782931005688 0.1367647796869278 1579
1782931005691 0.2809612452983856 1580
1782931005693 0.46275249123573303 1581
1782931005695 0.31022554636001587 1582
1782931005697 0.39911994338035583 1583
1782931005699 0.3014504313468933 1584
1782931005702 0.3027871549129486 1585
1782931005705 0.4505094885826111 1586
1782931005708 0.268449068069458 1587
1782931005710 0.5284993648529053 1588
1782931005712 0.5153120160102844 1589
1782931005714 0.17531299591064453 1590
1782931005717 0.21129435300827026 1591
1782931005719 0.2519429922103882 1592
1782931005721 0.3814619779586792 1593
1782931005724 0.3480098247528076 1594
1782931005726 0.35725581645965576 1595
1782931005728 0.2706950008869171 1596
1782931005731 0.4873683750629425 1597
1782931005733 0.23640216886997223 1598
1782931005735 0.3581927418708801 1599
1782931005738 0.46431276202201843 1600
1782931005740 0.20136983692646027 1601
1782931005742 0.513848602771759 1602
1782931005744 0.37594860792160034 1603
1782931005746 0.30538037419319153 1604
1782931005748 0.26100802421569824 1605
1782931005750 0.17703811824321747 1606
1782931005753 0.476916640996933 1607
1782931005755 0.24450282752513885 1608
1782931005757 0.17935265600681305 1609
1782931005759 0.2543328106403351 1610
1782931005761 0.2281273901462555 1611
1782931005764 0.3311784863471985 1612
1782931005766 0.24955911934375763 1613
1782931005768 0.3943387567996979 1614
1782931005770 0.4369853436946869 1615
1782931005773 0.4788159430027008 1616
1782931005775 0.3760697543621063 1617
1782931005777 0.3660440742969513 1618
1782931005779 0.49496498703956604 1619
1782931005781 0.2574005126953125 1620
1782931005783 0.2579789161682129 1621
1782931005786 0.1479083001613617 1622
1782931005788 0.32155641913414 1623
1782931005791 0.3197321891784668 1624
1782931005793 0.25170522928237915 1625
1782931005795 0.3631913959980011 1626
1782931005797 0.34097129106521606 1627
1782931005799 0.4474867880344391 1628
1782931005802 0.3391443192958832 1629
1782931005804 0.3295791447162628 1630
1782931005807 0.3657793700695038 1631
1782931005809 0.44362378120422363 1632
1782931005811 0.21208316087722778 1633
1782931005813 0.24734584987163544 1634
1782931005815 0.2871423065662384 1635
1782931005818 0.22834797203540802 1636
1782931005820 0.15087614953517914 1637
1782931005823 0.29539352655410767 1638
1782931005825 0.2240498960018158 1639
1782931005827 0.45580044388771057 1640
1782931005830 0.23227599263191223 1641
1782931005832 0.2550394833087921 1642
1782931005834 0.35755103826522827 1643
1782931005837 0.20861327648162842 1644
1782931005839 0.340192973613739 1645
1782931005841 0.5011154413223267 1646
1782931005843 0.6483996510505676 1647
1782931005845 0.29418784379959106 1648
1782931005847 0.2404254525899887 1649
1782931005849 0.18261027336120605 1650
1782931005853 0.29681795835494995 1651
1782931005855 0.48677846789360046 1652
1782931005857 0.2191324681043625 1653
1782931005859 0.20493271946907043 1654
1782931005862 0.21141883730888367 1655
1782931005864 0.2599644660949707 1656
1782931005866 0.46904629468917847 1657
1782931005868 0.4550536274909973 1658
1782931005871 0.357765793800354 1659
1782931005873 0.31796446442604065 1660
1782931005875 0.43785226345062256 1661
1782931005877 0.2504381835460663 1662
1782931005879 0.2766302227973938 1663
1782931005882 0.5125104188919067 1664
1782931005884 0.3318857252597809 1665
1782931005887 0.2959321141242981 1666
1782931005890 0.2576024830341339 1667
1782931005892 0.287096232175827 1668
1782931005894 0.24508178234100342 1669
1782931005897 0.2266520857810974 1670
1782931005899 0.2987344264984131 1671
1782931005901 0.24005857110023499 1672
1782931005903 0.455649733543396 1673
1782931005906 0.6466854214668274 1674
1782931005908 0.30957645177841187 1675
1782931005910 0.19513975083827972 1676
1782931005912 0.418310284614563 1677
1782931005914 0.25937914848327637 1678
1782931005916 0.3309735953807831 1679
1782931005919 0.25604259967803955 1680
1782931005922 0.3308736979961395 1681
1782931005924 0.3881200850009918 1682
1782931005927 0.34796950221061707 1683
1782931005929 0.5888821482658386 1684
1782931005932 0.3762630224227905 1685
1782931005934 0.19113238155841827 1686
1782931005937 0.3266935348510742 1687
1782931005939 0.5136446952819824 1688
1782931005941 0.3034307360649109 1689
1782931005943 0.21130074560642242 1690
1782931005946 0.3647024631500244 1691
1782931005948 0.24372774362564087 1692
1782931005950 0.2817439138889313 1693
1782931005954 0.3330962657928467 1694
1782931005956 0.3870115280151367 1695
1782931005958 0.2528630495071411 1696
1782931005961 0.30128899216651917 1697
1782931005963 0.36811691522598267 1698
1782931005966 0.4464690685272217 1699
1782931005968 0.3723878562450409 1700
1782931005971 0.6034972667694092 1701
1782931005973 0.27106159925460815 1702
1782931005975 0.3729328215122223 1703
1782931005977 0.28610721230506897 1704
1782931005981 0.5915573239326477 1705
1782931005984 0.34619420766830444 1706
1782931005986 0.502029538154602 1707
1782931005988 0.3408080041408539 1708
1782931005991 0.1781594455242157 1709
1782931005993 0.26427921652793884 1710
1782931005995 0.20673498511314392 1711
1782931005997 0.30094170570373535 1712
1782931006000 0.3975581228733063 1713
1782931006002 0.43499791622161865 1714
1782931006004 0.37720176577568054 1715
1782931006007 0.2545388638973236 1716
1782931006009 0.3630785644054413 1717
1782931006011 0.3431091010570526 1718
1782931006013 0.4836481213569641 1719
1782931006016 0.2090776562690735 1720
1782931006018 0.18385049700737 1721
1782931006020 0.37954726815223694 1722
1782931006022 0.30168217420578003 1723
1782931006024 0.41234123706817627 1724
1782931006027 0.4368966817855835 1725
1782931006029 0.29310378432273865 1726
1782931006031 0.30690887570381165 1727
1782931006033 0.24944736063480377 1728
1782931006036 0.2448880523443222 1729
1782931006038 0.4397161900997162 1730
1782931006041 0.19617263972759247 1731
1782931006043 0.2587890625 1732
1782931006045 0.252981036901474 1733
1782931006047 0.5179410576820374 1734
1782931006049 0.3500385880470276 1735
1782931006051 0.32933029532432556 1736
1782931006054 0.3882546126842499 1737
1782931006057 0.34631580114364624 1738
1782931006059 0.24597033858299255 1739
1782931006061 0.16351599991321564 1740
1782931006063 0.23677325248718262 1741
1782931006066 0.30152806639671326 1742
1782931006068 0.35081249475479126 1743
1782931006071 0.40031129121780396 1744
1782931006075 0.2691669464111328 1745
1782931006077 0.16264203190803528 1746
1782931006080 0.2514732778072357 1747
1782931006082 0.4674823582172394 1748
1782931006085 0.35025569796562195 1749
1782931006088 0.11962886154651642 1750
1782931006090 0.2014368176460266 1751
1782931006093 0.2227979600429535 1752
1782931006095 0.2792525887489319 1753
1782931006097 0.4361143112182617 1754
1782931006100 0.293397456407547 1755
1782931006103 0.26405036449432373 1756
1782931006106 0.1562843769788742 1757
1782931006109 0.2838829755783081 1758
1782931006112 0.39047572016716003 1759
1782931006114 0.12172891199588776 1760
1782931006117 0.16365835070610046 1761
1782931006120 0.3617999255657196 1762
1782931006122 0.15496940910816193 1763
1782931006125 0.18226952850818634 1764
1782931006127 0.40125536918640137 1765
1782931006129 0.360174298286438 1766
1782931006132 0.23025840520858765 1767
1782931006134 0.22716501355171204 1768
1782931006136 0.26785895228385925 1769
1782931006139 0.45397821068763733 1770
1782931006141 0.515698254108429 1771
1782931006143 0.2408168613910675 1772
1782931006145 0.20943477749824524 1773
1782931006147 0.389507532119751 1774
1782931006150 0.31682875752449036 1775
1782931006152 0.28581881523132324 1776
1782931006155 0.23511038720607758 1777
1782931006158 0.2884044051170349 1778
1782931006160 0.346842885017395 1779
1782931006162 0.243737131357193 1780
1782931006164 0.17709170281887054 1781
1782931006167 0.4271688461303711 1782
1782931006169 0.23793542385101318 1783
1782931006172 0.2420242577791214 1784
1782931006174 0.3267182409763336 1785
1782931006176 0.5054360628128052 1786
1782931006178 0.22724686563014984 1787
1782931006180 0.2711130380630493 1788
1782931006182 0.3906339704990387 1789
1782931006184 0.33254504203796387 1790
1782931006187 0.22314423322677612 1791
1782931006189 0.4064226746559143 1792
1782931006191 0.3029939532279968 1793
1782931006194 0.39899441599845886 1794
1782931006196 0.5305851697921753 1795
1782931006198 0.42629924416542053 1796
1782931006200 0.08792556822299957 1797
1782931006202 0.4913940131664276 1798
1782931006205 0.1828194111585617 1799
1782931006207 0.48205724358558655 1800
1782931006209 0.3245092034339905 1801
1782931006211 0.31258419156074524 1802
1782931006214 0.28444239497184753 1803
1782931006216 0.43504196405410767 1804
1782931006218 0.17614354193210602 1805
1782931006221 0.2997105121612549 1806
1782931006223 0.2807375490665436 1807
1782931006226 0.4355386793613434 1808
1782931006228 0.23699137568473816 1809
1782931006230 0.3382042348384857 1810
1782931006232 0.36220166087150574 1811
1782931006234 0.6933625936508179 1812
1782931006237 0.2945699393749237 1813
1782931006240 0.47889769077301025 1814
1782931006242 0.31982260942459106 1815
1782931006244 0.22960498929023743 1816
1782931006246 0.4906209707260132 1817
1782931006248 0.23713938891887665 1818
1782931006250 0.274719774723053 1819
1782931006253 0.27561745047569275 1820
1782931006255 0.3590623736381531 1821
1782931006257 0.28348520398139954 1822
1782931006260 0.33680108189582825 1823
1782931006262 0.30760008096694946 1824
1782931006264 0.3481777310371399 1825
1782931006266 0.3215511739253998 1826
1782931006269 0.3606645166873932 1827
1782931006271 0.3569244146347046 1828
1782931006273 0.2763902246952057 1829
1782931006276 0.2242135852575302 1830
1782931006278 0.33956000208854675 1831
1782931006280 0.22029909491539001 1832
1782931006282 0.3523820638656616 1833
1782931006284 0.23329459130764008 1834
1782931006287 0.26358696818351746 1835
1782931006289 0.15685135126113892 1836
1782931006291 0.5564457774162292 1837
1782931006293 0.2459704726934433 1838
1782931006296 0.21216727793216705 1839
1782931006298 0.2723093628883362 1840
1782931006300 0.36373573541641235 1841
1782931006302 0.4758440852165222 1842
1782931006304 0.36514514684677124 1843
1782931006307 0.449652761220932 1844
1782931006309 0.31665199995040894 1845
1782931006311 0.29545858502388 1846
1782931006314 0.3045543432235718 1847
1782931006316 0.2008470892906189 1848
1782931006318 0.257865846157074 1849
1782931006320 0.2870090901851654 1850
1782931006322 0.14981909096240997 1851
1782931006325 0.3206147849559784 1852
1782931006327 0.17649202048778534 1853
1782931006329 0.42437970638275146 1854
1782931006332 0.5437672138214111 1855
1782931006334 0.49725064635276794 1856
1782931006337 0.2596568763256073 1857
1782931006339 0.265733927488327 1858
1782931006341 0.40686944127082825 1859
1782931006345 0.2744736075401306 1860
1782931006347 0.4611402451992035 1861
1782931006349 0.2848619520664215 1862
1782931006351 0.4120281934738159 1863
1782931006354 0.26023030281066895 1864
1782931006356 0.31356364488601685 1865
1782931006358 0.27958351373672485 1866
1782931006360 0.21901656687259674 1867
1782931006363 0.367790162563324 1868
1782931006365 0.4188291132450104 1869
1782931006367 0.1661510020494461 1870
1782931006370 0.38536638021469116 1871
1782931006372 0.4537508189678192 1872
1782931006374 0.2067233771085739 1873
1782931006512 0.23523610830307007 1874
1782931006514 0.2532429099082947 1875
1782931006517 0.5008481740951538 1876
1782931006519 0.24342507123947144 1877
1782931006521 0.2945898175239563 1878
1782931006524 0.22483395040035248 1879
1782931006526 0.22505474090576172 1880
1782931006528 0.2406032532453537 1881
1782931006530 0.3270225524902344 1882
1782931006532 0.3101266026496887 1883
1782931006535 0.20167899131774902 1884
1782931006537 0.2047700434923172 1885
1782931006539 0.2691666781902313 1886
1782931006541 0.34913337230682373 1887
1782931006544 0.23517949879169464 1888
1782931006547 0.32579487562179565 1889
1782931006549 0.3212844431400299 1890
1782931006552 0.4022054672241211 1891
1782931006554 0.18499453365802765 1892
1782931006556 0.3204311728477478 1893
1782931006558 0.20667098462581635 1894
1782931006561 0.23522557318210602 1895
1782931006563 0.5491211414337158 1896
1782931006565 0.19770748913288116 1897
1782931006568 0.20751717686653137 1898
1782931006570 0.2752493619918823 1899
1782931006572 0.3922578692436218 1900
1782931006574 0.5038647651672363 1901
1782931006576 0.4260441064834595 1902
1782931006579 0.22511112689971924 1903
1782931006581 0.17109443247318268 1904
1782931006583 0.3451404571533203 1905
1782931006586 0.4968828856945038 1906
1782931006589 0.30217990279197693 1907
1782931006592 0.22992922365665436 1908
1782931006595 0.27631646394729614 1909
1782931006597 0.2550780177116394 1910
1782931006599 0.5045211315155029 1911
1782931006601 0.2864900529384613 1912
1782931006604 0.5771019458770752 1913
1782931006606 0.4539508819580078 1914
1782931006608 0.2940714657306671 1915
1782931006611 0.27877166867256165 1916
1782931006613 0.312595397233963 1917
1782931006615 0.45592930912971497 1918
1782931006617 0.37500616908073425 1919
1782931006620 0.21755725145339966 1920
1782931006622 0.16501374542713165 1921
1782931006625 0.24259531497955322 1922
1782931006627 0.277521550655365 1923
1782931006629 0.45252835750579834 1924
1782931006631 0.18220099806785583 1925
1782931006633 0.43290719389915466 1926
1782931006636 0.20077911019325256 1927
1782931006639 0.2801362872123718 1928
1782931006641 0.3313848674297333 1929
1782931006644 0.34659141302108765 1930
1782931006646 0.46203264594078064 1931
1782931006648 0.26245108246803284 1932
1782931006650 0.5824384689331055 1933
1782931006653 0.4124123752117157 1934
1782931006655 0.22099515795707703 1935
1782931006657 0.38962680101394653 1936
1782931006660 0.31973767280578613 1937
1782931006662 0.35131052136421204 1938
1782931006665 0.24380458891391754 1939
1782931006667 0.6091605424880981 1940
1782931006669 0.22281640768051147 1941
1782931006672 0.2868429124355316 1942
1782931006675 0.650650143623352 1943
1782931006677 0.16649170219898224 1944
1782931006679 0.3012228310108185 1945
1782931006681 0.18835073709487915 1946
1782931006683 0.28576672077178955 1947
1782931006686 0.1967848837375641 1948
1782931006688 0.30608537793159485 1949
1782931006690 0.3626561462879181 1950
1782931006693 0.17497357726097107 1951
1782931006696 0.3605346977710724 1952
1782931006698 0.2712668180465698 1953
1782931006700 0.573656439781189 1954
1782931006702 0.2560792565345764 1955
1782931006704 0.5450491309165955 1956
1782931006706 0.2574591338634491 1957
1782931006709 0.5830662846565247 1958
1782931006711 0.24630847573280334 1959
1782931006713 0.4100927412509918 1960
1782931006715 0.21383172273635864 1961
1782931006717 0.17349344491958618 1962
1782931006720 0.3928079903125763 1963
1782931006722 0.2288064807653427 1964
1782931006724 0.2668127715587616 1965
1782931006726 0.47613176703453064 1966
1782931006729 0.22790437936782837 1967
1782931006731 0.1528952568769455 1968
1782931006733 0.2845827043056488 1969
1782931006736 0.27000191807746887 1970
1782931006738 0.23778532445430756 1971
1782931006740 0.2762173116207123 1972
1782931006743 0.2649710476398468 1973
1782931006745 0.3300599157810211 1974
1782931006747 0.24542297422885895 1975
1782931006749 0.4820348024368286 1976
1782931006751 0.3325638771057129 1977
1782931006754 0.30624836683273315 1978
1782931006756 0.271761953830719 1979
1782931006759 0.31706205010414124 1980
1782931006761 0.3504147529602051 1981
1782931006763 0.20926113426685333 1982
1782931006766 0.33682575821876526 1983
1782931006768 0.268018513917923 1984
1782931006770 0.23265504837036133 1985
1782931006773 0.26532796025276184 1986
1782931006775 0.29916563630104065 1987
1782931006777 0.3135555684566498 1988
1782931006780 0.2953847646713257 1989
1782931006782 0.1907179206609726 1990
1782931006786 0.2939136326313019 1991
1782931006788 0.46149030327796936 1992
1782931006791 0.34049075841903687 1993
1782931006793 0.35911422967910767 1994
1782931006795 0.25434350967407227 1995
1782931006797 0.25792431831359863 1996
1782931006800 0.3494609594345093 1997
1782931006802 0.39502963423728943 1998
1782931006805 0.20851843059062958 1999
1782931006807 0.3078586161136627 2000
1782931006809 0.2762416899204254 2001
1782931006812 0.25430944561958313 2002
1782931006814 0.3144056499004364 2003
1782931006816 0.3868866562843323 2004
1782931006818 0.12680189311504364 2005
1782931006821 0.24924439191818237 2006
1782931006823 0.16850817203521729 2007
1782931006826 0.39711204171180725 2008
1782931006828 0.2190771996974945 2009
1782931006830 0.22366493940353394 2010
1782931006833 0.36172398924827576 2011
1782931006836 0.37340155243873596 2012
1782931006839 0.45675504207611084 2013
1782931006841 0.4994972348213196 2014
1782931006843 0.24121615290641785 2015
1782931006845 0.43991750478744507 2016
1782931006847 0.3221810758113861 2017
1782931006850 0.4439191520214081 2018
1782931006852 0.28216108679771423 2019
1782931006854 0.3664923310279846 2020
1782931006857 0.43196359276771545 2021
1782931006859 0.34614938497543335 2022
1782931006861 0.4068280756473541 2023
1782931006863 0.30403992533683777 2024
1782931006865 0.1710776537656784 2025
1782931006868 0.2681320905685425 2026
1782931006870 0.315261572599411 2027
1782931006872 0.26751360297203064 2028
1782931006876 0.1837519109249115 2029
1782931006878 0.24205486476421356 2030
1782931006880 0.1717689484357834 2031
1782931006882 0.3265390694141388 2032
1782931006885 0.37091654539108276 2033
1782931006887 0.2730000615119934 2034
1782931006889 0.20314349234104156 2035
1782931006891 0.3281165659427643 2036
1782931006894 0.2589055597782135 2037
1782931006896 0.3341749906539917 2038
1782931006898 0.17947296798229218 2039
1782931006900 0.37971070408821106 2040
1782931006902 0.24517342448234558 2041
1782931006905 0.29176923632621765 2042
1782931006907 0.40462303161621094 2043
1782931006909 0.37750664353370667 2044
1782931006911 0.27829107642173767 2045
1782931006914 0.5318740606307983 2046
1782931006916 0.35556095838546753 2047
1782931006919 0.4099442958831787 2048
1782931006921 0.32956641912460327 2049
1782931006923 0.3464842736721039 2050
1782931006926 0.35509365797042847 2051
1782931006928 0.29982686042785645 2052
1782931006930 0.3937831521034241 2053
1782931006932 0.23497280478477478 2054
1782931006934 0.34310436248779297 2055
1782931006937 0.35743874311447144 2056
1782931006939 0.3511578440666199 2057
1782931006942 0.4594660699367523 2058
1782931006944 0.3547794818878174 2059
1782931006946 0.4039195477962494 2060
1782931006950 0.13150441646575928 2061
1782931006952 0.2066388875246048 2062
1782931006955 0.18488271534442902 2063
1782931006957 0.28218740224838257 2064
1782931006959 0.40571942925453186 2065
1782931006961 0.3895910978317261 2066
1782931006964 0.2580236792564392 2067
1782931006966 0.3077397644519806 2068
1782931006968 0.19144876301288605 2069
1782931006971 0.2246423363685608 2070
1782931006973 0.3989517390727997 2071
1782931006975 0.1300344616174698 2072
1782931006977 0.2555672824382782 2073
1782931006979 0.1681445986032486 2074
1782931006982 0.4299831688404083 2075
1782931006984 0.2797417640686035 2076
1782931006987 0.38474977016448975 2077
1782931006989 0.25947141647338867 2078
1782931006991 0.20847737789154053 2079
1782931006994 0.2494041919708252 2080
1782931006996 0.405422568321228 2081
1782931006998 0.2648501396179199 2082
1782931007002 0.35173943638801575 2083
1782931007004 0.3932059705257416 2084
1782931007007 0.3791966140270233 2085
1782931007009 0.2998024523258209 2086
1782931007012 0.3324888348579407 2087
1782931007014 0.18558131158351898 2088
1782931007016 0.2176458239555359 2089
1782931007018 0.5022685527801514 2090
1782931007021 0.30402517318725586 2091
1782931007023 0.29404833912849426 2092
1782931007025 0.3789668083190918 2093
1782931007027 0.17218293249607086 2094
1782931007030 0.33872443437576294 2095
1782931007032 0.1961582452058792 2096
1782931007034 0.5683814883232117 2097
1782931007036 0.40004000067710876 2098
1782931007038 0.22849813103675842 2099
1782931007041 0.27447018027305603 2100
1782931007043 0.42804282903671265 2101
1782931007046 0.3896466791629791 2102
1782931007048 0.23307456076145172 2103
1782931007050 0.30282706022262573 2104
1782931007053 0.26454514265060425 2105
1782931007055 0.39116841554641724 2106
1782931007057 0.3287145793437958 2107
1782931007059 0.264860600233078 2108
1782931007062 0.44633185863494873 2109
1782931007064 0.24747490882873535 2110
1782931007067 0.4362613260746002 2111
1782931007070 0.26771652698516846 2112
1782931007072 0.29960691928863525 2113
1782931007074 0.2095889151096344 2114
1782931007077 0.22665943205356598 2115
1782931007079 0.38524580001831055 2116
1782931007081 0.09306944161653519 2117
1782931007083 0.43060439825057983 2118
1782931007086 0.2661145031452179 2119
1782931007089 0.5310983657836914 2120
1782931007091 0.16421830654144287 2121
1782931007093 0.19083672761917114 2122
1782931007096 0.35448509454727173 2123
1782931007098 0.40905627608299255 2124
1782931007100 0.3027293086051941 2125
1782931007103 0.19299253821372986 2126
1782931007105 0.39118754863739014 2127
1782931007107 0.3427514433860779 2128
1782931007109 0.3312188386917114 2129
1782931007112 0.18789826333522797 2130
1782931007114 0.3009951412677765 2131
1782931007116 0.23990179598331451 2132
1782931007118 0.2870233356952667 2133
1782931007121 0.3776312470436096 2134
1782931007123 0.22989971935749054 2135
1782931007125 0.19169476628303528 2136
1782931007127 0.14954037964344025 2137
1782931007130 0.20574164390563965 2138
1782931007132 0.43912795186042786 2139
1782931007134 0.4868937134742737 2140
1782931007136 0.2515656352043152 2141
1782931007139 0.41737982630729675 2142
1782931007142 0.1500287503004074 2143
1782931007144 0.36307111382484436 2144
1782931007146 0.25882488489151 2145
1782931007148 0.3733176589012146 2146
1782931007151 0.2470148205757141 2147
1782931007153 0.4366416335105896 2148
1782931007155 0.23577150702476501 2149
1782931007157 0.36660245060920715 2150
1782931007160 0.33696630597114563 2151
1782931007162 0.15041621029376984 2152
1782931007164 0.23164278268814087 2153
1782931007166 0.4104838967323303 2154
1782931007168 0.23252040147781372 2155
1782931007171 0.3359323740005493 2156
1782931007173 0.34530162811279297 2157
1782931007176 0.2598104178905487 2158
1782931007178 0.19104616343975067 2159
1782931007180 0.41556474566459656 2160
1782931007182 0.3480234742164612 2161
1782931007185 0.2563364803791046 2162
1782931007187 0.5012156367301941 2163
1782931007190 0.280813604593277 2164
1782931007192 0.2509150207042694 2165
1782931007195 0.2576667070388794 2166
1782931007197 0.2804092764854431 2167
1782931007199 0.2651141583919525 2168
1782931007201 0.20178380608558655 2169
1782931007204 0.28154030442237854 2170
1782931007206 0.25926485657691956 2171
1782931007208 0.15136107802391052 2172
1782931007210 0.265905499458313 2173
1782931007212 0.20955470204353333 2174
1782931007215 0.28011199831962585 2175
1782931007217 0.2720297873020172 2176
1782931007220 0.35197368264198303 2177
1782931007222 0.30647772550582886 2178
1782931007224 0.30600595474243164 2179
1782931007227 0.4529784321784973 2180
1782931007229 0.2536562979221344 2181
1782931007231 0.4159451425075531 2182
1782931007233 0.45905959606170654 2183
1782931007236 0.16791829466819763 2184
1782931007238 0.3492127060890198 2185
1782931007240 0.18689016997814178 2186
1782931007243 0.3258579969406128 2187
1782931007245 0.4401347041130066 2188
1782931007248 0.29562681913375854 2189
1782931007250 0.18407440185546875 2190
1782931007252 0.19729235768318176 2191
1782931007255 0.43321865797042847 2192
1782931007258 0.2160913497209549 2193
1782931007260 0.25171926617622375 2194
1782931007262 0.28775182366371155 2195
1782931007264 0.2896449863910675 2196
1782931007266 0.2546682357788086 2197
1782931007269 0.1386498659849167 2198
1782931007271 0.4574267268180847 2199
1782931007273 0.30732405185699463 2200
1782931007276 0.35622167587280273 2201
1782931007278 0.20326784253120422 2202
1782931007280 0.36204439401626587 2203
1782931007282 0.25799551606178284 2204
1782931007284 0.5177182555198669 2205
1782931007287 0.5266038775444031 2206
1782931007289 0.28123757243156433 2207
1782931007291 0.4729405343532562 2208
1782931007293 0.38513967394828796 2209
1782931007295 0.2360275238752365 2210
1782931007297 0.20504403114318848 2211
1782931007300 0.5633997917175293 2212
1782931007302 0.4581192433834076 2213
1782931007304 0.1669110804796219 2214
1782931007306 0.27619999647140503 2215
1782931007308 0.24126960337162018 2216
1782931007311 0.18766629695892334 2217
1782931007313 0.40227600932121277 2218
1782931007315 0.2991505563259125 2219
1782931007317 0.41897305846214294 2220
1782931007319 0.24694320559501648 2221
1782931007322 0.2682492733001709 2222
1782931007324 0.3761538863182068 2223
1782931007326 0.2567046582698822 2224
1782931007329 0.24207079410552979 2225
1782931007331 0.6151123642921448 2226
1782931007333 0.2593369483947754 2227
1782931007336 0.40610823035240173 2228
1782931007340 0.36579379439353943 2229
1782931007342 0.6020278930664062 2230
1782931007344 0.2341040074825287 2231
1782931007346 0.3207351863384247 2232
1782931007350 0.32769840955734253 2233
1782931007352 0.5149527788162231 2234
1782931007354 0.34850138425827026 2235
1782931007357 0.1283198595046997 2236
1782931007359 0.36485305428504944 2237
1782931007361 0.32435452938079834 2238
1782931007363 0.32913076877593994 2239
1782931007365 0.4493503272533417 2240
1782931007368 0.324485182762146 2241
1782931007371 0.16268283128738403 2242
1782931007373 0.2605787217617035 2243
1782931007376 0.3495483994483948 2244
1782931007378 0.2282642275094986 2245
1782931007380 0.30647316575050354 2246
1782931007382 0.5222565531730652 2247
1782931007384 0.6231207251548767 2248
1782931007387 0.2020523101091385 2249
1782931007389 0.3051941990852356 2250
1782931007392 0.2778591513633728 2251
1782931007394 0.2216596007347107 2252
1782931007396 0.26636457443237305 2253
1782931007399 0.42410263419151306 2254
1782931007401 0.24996061623096466 2255
1782931007404 0.21747171878814697 2256
1782931007406 0.21532925963401794 2257
1782931007408 0.34427276253700256 2258
1782931007410 0.29559066891670227 2259
1782931007413 0.3356408178806305 2260
1782931007415 0.17419308423995972 2261
1782931007417 0.26349493861198425 2262
1782931007420 0.28094977140426636 2263
1782931007422 0.17376916110515594 2264
1782931007424 0.19786858558654785 2265
1782931007428 0.32396355271339417 2266
1782931007430 0.2015921175479889 2267
1782931007432 0.3045666217803955 2268
1782931007434 0.2776065170764923 2269
1782931007437 0.33473068475723267 2270
1782931007439 0.24830105900764465 2271
1782931007441 0.5087461471557617 2272
1782931007444 0.31188854575157166 2273
1782931007446 0.33598780632019043 2274
1782931007448 0.40735915303230286 2275
1782931007450 0.16738517582416534 2276
1782931007453 0.3100602328777313 2277
1782931007455 0.47948575019836426 2278
1782931007458 0.2841283679008484 2279
1782931007460 0.258876770734787 2280
1782931007463 0.3822658061981201 2281
1782931007465 0.3604915142059326 2282
1782931007467 0.2845515012741089 2283
1782931007469 0.1326846331357956 2284
1782931007472 0.7013027667999268 2285
1782931007474 0.15837307274341583 2286
1782931007476 0.49390527606010437 2287
1782931007478 0.17827776074409485 2288
1782931007482 0.21057040989398956 2289
1782931007484 0.5119995474815369 2290
1782931007487 0.5415850281715393 2291
1782931007489 0.3027925491333008 2292
1782931007491 0.30556368827819824 2293
1782931007493 0.5454888939857483 2294
1782931007496 0.2549227774143219 2295
1782931007498 0.3084900975227356 2296
1782931007500 0.4763333797454834 2297
1782931007502 0.37451210618019104 2298
1782931007505 0.1969931274652481 2299
1782931007507 0.3320470154285431 2300
1782931007509 0.15266098082065582 2301
1782931007511 0.27824273705482483 2302
1782931007513 0.497874915599823 2303
1782931007516 0.6603724360466003 2304
1782931007518 0.14927352964878082 2305
1782931007520 0.5386772155761719 2306
1782931007523 0.21452395617961884 2307
1782931007525 0.28881677985191345 2308
1782931007527 0.3107423782348633 2309
1782931007529 0.45231133699417114 2310
1782931007532 0.2123192697763443 2311
1782931007534 0.27090001106262207 2312
1782931007538 0.4470299184322357 2313
1782931007540 0.28914839029312134 2314
1782931007542 0.1961415708065033 2315
1782931007544 0.342465877532959 2316
1782931007546 0.2426217496395111 2317
1782931007548 0.29896777868270874 2318
1782931007551 0.5787050724029541 2319
1782931007553 0.20074301958084106 2320
1782931007555 0.2280281037092209 2321
1782931007558 0.5678759217262268 2322
1782931007560 0.23612558841705322 2323
1782931007562 0.2202063351869583 2324
1782931007564 0.3449852764606476 2325
1782931007566 0.23890484869480133 2326
1782931007569 0.2459782063961029 2327
1782931007572 0.30386897921562195 2328
1782931007574 0.45537590980529785 2329
1782931007577 0.2864964008331299 2330
1782931007581 0.2276044636964798 2331
1782931007583 0.30786585807800293 2332
1782931007585 0.27080968022346497 2333
1782931007588 0.4217160940170288 2334
1782931007591 0.48377764225006104 2335
1782931007595 0.18960979580879211 2336
1782931007600 0.5352421998977661 2337
1782931007603 0.34412679076194763 2338
1782931007605 0.243739515542984 2339
1782931007608 0.3545466363430023 2340
1782931007610 0.34683915972709656 2341
1782931007613 0.40100377798080444 2342
1782931007617 0.34414130449295044 2343
1782931007621 0.4709380567073822 2344
1782931007623 0.3814132511615753 2345
1782931007626 0.3324372470378876 2346
1782931007628 0.4569818079471588 2347
1782931007631 0.16730211675167084 2348
1782931007633 0.5066778659820557 2349
1782931007637 0.512708842754364 2350
1782931007641 0.23505167663097382 2351
1782931007644 0.25479447841644287 2352
1782931007646 0.13243721425533295 2353
1782931007648 0.12859834730625153 2354
1782931007651 0.21438774466514587 2355
1782931007655 0.5317382216453552 2356
1782931007657 0.1644151359796524 2357
1782931007660 0.3299303650856018 2358
1782931007662 0.2829720079898834 2359
1782931007664 0.23611754179000854 2360
1782931007666 0.272718608379364 2361
1782931007669 0.1468089371919632 2362
1782931007671 0.3279244303703308 2363
1782931007673 0.34783074259757996 2364
1782931007676 0.3191292881965637 2365
1782931007678 0.18501508235931396 2366
1782931007680 0.29604023694992065 2367
1782931007682 0.2587871551513672 2368
1782931007685 0.1838037520647049 2369
1782931007687 0.3831254839897156 2370
1782931007690 0.4625503718852997 2371
1782931007692 0.1730874627828598 2372
1782931007694 0.4052249491214752 2373
1782931007696 0.37002137303352356 2374
1782931007698 0.2797640264034271 2375
1782931007700 0.17223256826400757 2376
1782931007703 0.24439017474651337 2377
1782931007705 0.24553130567073822 2378
1782931007707 0.6316298246383667 2379
1782931007709 0.33225762844085693 2380
1782931007712 0.5754554271697998 2381
1782931007714 0.46343886852264404 2382
1782931007717 0.28145766258239746 2383
1782931007720 0.19549009203910828 2384
1782931007722 0.18872876465320587 2385
1782931007724 0.24071335792541504 2386
1782931007727 0.27247893810272217 2387
1782931007729 0.425266832113266 2388
1782931007731 0.40932902693748474 2389
1782931007733 0.597325325012207 2390
1782931007735 0.32067635655403137 2391
1782931007738 0.15640504658222198 2392
1782931007741 0.3486543893814087 2393
1782931007743 0.4972895383834839 2394
1782931007745 0.3315177261829376 2395
1782931007748 0.35510578751564026 2396
1782931007750 0.2261267453432083 2397
1782931007752 0.1851218044757843 2398
1782931007755 0.33818385004997253 2399
1782931007757 0.27824926376342773 2400
1782931007759 0.20823708176612854 2401
1782931007762 0.38668525218963623 2402
1782931007764 0.3515826165676117 2403
1782931007766 0.30132201313972473 2404
1782931007769 0.29558688402175903 2405
1782931007771 0.27883681654930115 2406
1782931007773 0.5764827132225037 2407
1782931007777 0.18609870970249176 2408
1782931007779 0.2812788188457489 2409
1782931007781 0.3772834241390228 2410
1782931007783 0.2558732032775879 2411
1782931007786 0.2830144762992859 2412
1782931007788 0.539804220199585 2413
1782931007790 0.15970855951309204 2414
1782931007792 0.40584424138069153 2415
1782931007794 0.20465287566184998 2416
1782931007796 0.3381125032901764 2417
1782931007799 0.2292296588420868 2418
1782931007801 0.29785314202308655 2419
1782931007804 0.223588764667511 2420
1782931007806 0.33629539608955383 2421
1782931007808 0.3497086763381958 2422
1782931007811 0.13314522802829742 2423
1782931007813 0.2354205846786499 2424
1782931007815 0.3721671402454376 2425
1782931007818 0.22967949509620667 2426
1782931007821 0.29447105526924133 2427
1782931007823 0.39797893166542053 2428
1782931007825 0.348025918006897 2429
1782931007827 0.20018532872200012 2430
1782931007830 0.18708710372447968 2431
1782931007832 0.14814813435077667 2432
1782931007834 0.17810724675655365 2433
1782931007837 0.2855856120586395 2434
1782931007839 0.29083195328712463 2435
1782931007841 0.2913980484008789 2436
1782931007844 0.4478170871734619 2437
1782931007846 0.21378807723522186 2438
1782931007848 0.5107096433639526 2439
1782931007850 0.42271003127098083 2440
1782931007853 0.31352826952934265 2441
1782931007855 0.3238319158554077 2442
1782931007857 0.16782177984714508 2443
1782931007859 0.25870710611343384 2444
1782931007861 0.1662716269493103 2445
1782931007864 0.24068255722522736 2446
1782931007866 0.26575472950935364 2447
1782931007868 0.3514976501464844 2448
1782931007870 0.4264659583568573 2449
1782931007872 0.2979012727737427 2450
1782931007875 0.24914632737636566 2451
1782931007877 0.3492885231971741 2452
1782931007879 0.4421031177043915 2453
1782931007881 0.2439684420824051 2454
1782931007883 0.13072827458381653 2455
1782931007885 0.21421954035758972 2456
1782931007888 0.3454294800758362 2457
1782931007890 0.15941013395786285 2458
1782931007893 0.30342763662338257 2459
1782931007895 0.17820529639720917 2460
1782931007897 0.34791842103004456 2461
1782931007899 0.4077637195587158 2462
1782931007901 0.2085040956735611 2463
1782931007904 0.4330061674118042 2464
1782931007906 0.49420472979545593 2465
1782931007908 0.34061866998672485 2466
1782931007910 0.20483988523483276 2467
1782931007912 0.15095579624176025 2468
1782931007915 0.5009026527404785 2469
1782931007917 0.2033156007528305 2470
1782931007919 0.4157584011554718 2471
1782931007923 0.2552764117717743 2472
1782931007925 0.2410539835691452 2473
1782931007927 0.29142454266548157 2474
1782931007929 0.2468743473291397 2475
1782931007932 0.22411447763442993 2476
1782931007934 0.1503450572490692 2477
1782931007936 0.321043998003006 2478
1782931007938 0.2387508749961853 2479
1782931007941 0.31606894731521606 2480
1782931007943 0.6012647151947021 2481
1782931007945 0.3290163576602936 2482
1782931007947 0.42878100275993347 2483
1782931007949 0.25893110036849976 2484
1782931007952 0.25628384947776794 2485
1782931007954 0.34683293104171753 2486
1782931007957 0.22597864270210266 2487
1782931007960 0.23630677163600922 2488
1782931007962 0.37169504165649414 2489
1782931007965 0.28499969840049744 2490
1782931007968 0.3159664571285248 2491
1782931007970 0.1616760790348053 2492
1782931007972 0.409769207239151 2493
1782931007975 0.28426945209503174 2494
1782931007977 0.3276642858982086 2495
1782931007979 0.4621826112270355 2496
1782931007982 0.19772487878799438 2497
1782931007984 0.22214855253696442 2498
1782931007987 0.19964554905891418 2499
1782931007990 0.19585996866226196 2500
1782931007992 0.29755863547325134 2501
1782931007994 0.37308165431022644 2502
1782931007997 0.4493010640144348 2503
1782931007999 0.43883705139160156 2504
1782931008002 0.4059079587459564 2505
1782931008004 0.14459925889968872 2506
1782931008007 0.496157705783844 2507
1782931008009 0.47119298577308655 2508
1782931008011 0.34956249594688416 2509
1782931008013 0.21495819091796875 2510
1782931008016 0.23397698998451233 2511
1782931008018 0.41854745149612427 2512
1782931008021 0.1857040822505951 2513
1782931008023 0.4504372477531433 2514
1782931008026 0.4056773781776428 2515
1782931008028 0.2604798972606659 2516
1782931008030 0.347679078578949 2517
1782931008032 0.20739255845546722 2518
1782931008034 0.38825246691703796 2519
1782931008037 0.5447247624397278 2520
1782931008039 0.5147335529327393 2521
1782931008041 0.1423199325799942 2522
1782931008044 0.34672996401786804 2523
1782931008047 0.39193782210350037 2524
1782931008049 0.5033944845199585 2525
1782931008051 0.19949118793010712 2526
1782931008054 0.4574683606624603 2527
1782931008056 0.49072542786598206 2528
1782931008058 0.3733430504798889 2529
1782931008060 0.2361631691455841 2530
1782931008062 0.5246024131774902 2531
1782931008065 0.33787965774536133 2532
1782931008067 0.2605239748954773 2533
1782931008070 0.1631723940372467 2534
1782931008072 0.1340886354446411 2535
1782931008074 0.4835699498653412 2536
1782931008076 0.4211905300617218 2537
1782931008078 0.3817560374736786 2538
1782931008080 0.5755038261413574 2539
1782931008085 0.24924156069755554 2540
1782931008088 0.28560739755630493 2541
1782931008091 0.43262237310409546 2542
1782931008093 0.19835136830806732 2543
1782931008096 0.5676758885383606 2544
1782931008098 0.5321172475814819 2545
1782931008100 0.35175204277038574 2546
1782931008103 0.17873577773571014 2547
1782931008105 0.4035167992115021 2548
1782931008108 0.37306949496269226 2549
1782931008110 0.18625131249427795 2550
1782931008112 0.23360563814640045 2551
1782931008114 0.15757417678833008 2552
1782931008117 0.3207673132419586 2553
1782931008119 0.32507389783859253 2554
1782931008122 0.25848230719566345 2555
1782931008125 0.25447773933410645 2556
1782931008127 0.5952951312065125 2557
1782931008129 0.24585816264152527 2558
1782931008132 0.1450287103652954 2559
1782931008134 0.24898622930049896 2560
1782931008137 0.16832895576953888 2561
1782931008140 0.5125133395195007 2562
1782931008142 0.3216415345668793 2563
1782931008144 0.3060266375541687 2564
1782931008147 0.1755736917257309 2565
1782931008149 0.4222016930580139 2566
1782931008151 0.2907352149486542 2567
1782931008154 0.22800663113594055 2568
1782931008156 0.15312889218330383 2569
1782931008158 0.40937069058418274 2570
1782931008161 0.2602643668651581 2571
1782931008163 0.3761439323425293 2572
1782931008166 0.12131931632757187 2573
1782931008168 0.5389376878738403 2574
1782931008171 0.2606021761894226 2575
1782931008173 0.3452923893928528 2576
1782931008176 0.48838645219802856 2577
1782931008179 0.3520771563053131 2578
1782931008182 0.24041256308555603 2579
1782931008186 0.27896547317504883 2580
1782931008188 0.3006460666656494 2581
1782931008191 0.18523626029491425 2582
1782931008193 0.3711714744567871 2583
1782931008195 0.30675166845321655 2584
1782931008197 0.2294514775276184 2585
1782931008200 0.4635503590106964 2586
1782931008203 0.44951826333999634 2587
1782931008205 0.1787654161453247 2588
1782931008207 0.3279617428779602 2589
1782931008210 0.3709571361541748 2590
1782931008212 0.32436466217041016 2591
1782931008214 0.36649641394615173 2592
1782931008216 0.32258474826812744 2593
1782931008219 0.17980481684207916 2594
1782931008222 0.28374847769737244 2595
1782931008224 0.46080806851387024 2596
1782931008226 0.39265888929367065 2597
1782931008228 0.2504305839538574 2598
1782931008231 0.43323686718940735 2599
1782931008233 0.4303746223449707 2600
1782931008236 0.23830559849739075 2601
1782931008238 0.3785179853439331 2602
1782931008240 0.26998355984687805 2603
1782931008242 0.2102281004190445 2604
1782931008245 0.41203880310058594 2605
1782931008247 0.34830620884895325 2606
1782931008249 0.400387167930603 2607
1782931008251 0.2219075709581375 2608
1782931008254 0.17872804403305054 2609
1782931008257 0.47119298577308655 2610
1782931008260 0.24628636240959167 2611
1782931008262 0.2997715175151825 2612
1782931008264 0.34273597598075867 2613
1782931008266 0.2625908851623535 2614
1782931008268 0.18533265590667725 2615
1782931008271 0.1813546121120453 2616
1782931008273 0.2461882382631302 2617
1782931008275 0.20609481632709503 2618
1782931008278 0.3488684892654419 2619
1782931008281 0.23661145567893982 2620
1782931008284 0.2670912742614746 2621
1782931008286 0.34378522634506226 2622
1782931008288 0.31673550605773926 2623
1782931008291 0.3008033335208893 2624
1782931008293 0.6973132491111755 2625
1782931008295 0.3635183870792389 2626
1782931008297 0.22618986666202545 2627
1782931008299 0.18126559257507324 2628
1782931008302 0.3675631582736969 2629
1782931008304 0.21107786893844604 2630
1782931008306 0.27496394515037537 2631
1782931008308 0.4210880994796753 2632
1782931008310 0.1656082272529602 2633
1782931008312 0.20939773321151733 2634
1782931008315 0.2938409447669983 2635
1782931008317 0.22743767499923706 2636
1782931008319 0.2897815704345703 2637
1782931008322 0.24052946269512177 2638
1782931008324 0.47690990567207336 2639
1782931008326 0.24100150167942047 2640
1782931008328 0.19727763533592224 2641
1782931008330 0.28078988194465637 2642
1782931008332 0.3605124056339264 2643
1782931008335 0.338123083114624 2644
1782931008338 0.2093268483877182 2645
1782931008340 0.5935908555984497 2646
1782931008343 0.31623509526252747 2647
1782931008345 0.2599997818470001 2648
1782931008347 0.3098454773426056 2649
1782931008349 0.31138843297958374 2650
1782931008352 0.33182159066200256 2651
1782931008354 0.15771602094173431 2652
1782931008357 0.41841715574264526 2653
1782931008359 0.32230526208877563 2654
1782931008361 0.27811768651008606 2655
1782931008364 0.3641871213912964 2656
1782931008366 0.21034103631973267 2657
1782931008368 0.37135323882102966 2658
1782931008371 0.21074068546295166 2659
1782931008374 0.32429730892181396 2660
1782931008376 0.35838964581489563 2661
1782931008378 0.44032609462738037 2662
1782931008381 0.18977384269237518 2663
1782931008383 0.1392941027879715 2664
1782931008386 0.33068981766700745 2665
1782931008388 0.31443023681640625 2666
1782931008391 0.490318238735199 2667
1782931008393 0.1677604615688324 2668
1782931008395 0.22270114719867706 2669
1782931008397 0.2627744674682617 2670
1782931008400 0.31657978892326355 2671
1782931008402 0.17887425422668457 2672
1782931008404 0.24922074377536774 2673
1782931008406 0.23877911269664764 2674
1782931008409 0.3128962814807892 2675
1782931008411 0.28458109498023987 2676
1782931008413 0.2647702395915985 2677
1782931008415 0.27883580327033997 2678
1782931008418 0.3386087715625763 2679
1782931008421 0.3704243302345276 2680
1782931008423 0.5313531756401062 2681
1782931008425 0.5013211369514465 2682
1782931008428 0.37744542956352234 2683
1782931008430 0.32726141810417175 2684
1782931008432 0.18480192124843597 2685
1782931008434 0.4178089201450348 2686
1782931008436 0.40031108260154724 2687
1782931008439 0.199025958776474 2688
1782931008441 0.5388460159301758 2689
1782931008444 0.1661444902420044 2690
1782931008446 0.3253851532936096 2691
1782931008448 0.18560682237148285 2692
1782931008452 0.4563235342502594 2693
1782931008454 0.2715829908847809 2694
1782931008456 0.22826410830020905 2695
1782931008459 0.31954526901245117 2696
1782931008461 0.409249871969223 2697
1782931008463 0.4576224088668823 2698
1782931008466 0.2475014328956604 2699
1782931008468 0.38563814759254456 2700
1782931008471 0.6021139025688171 2701
1782931008473 0.36778825521469116 2702
1782931008476 0.22180938720703125 2703
1782931008478 0.2960525453090668 2704
1782931008480 0.1516297459602356 2705
1782931008482 0.614507257938385 2706
1782931008486 0.4937269985675812 2707
1782931008488 0.2960030436515808 2708
1782931008490 0.2087276726961136 2709
1782931008492 0.2744368314743042 2710
1782931008495 0.43945446610450745 2711
1782931008497 0.45482516288757324 2712
1782931008499 0.23916815221309662 2713
1782931008501 0.11952744424343109 2714
1782931008504 0.21115925908088684 2715
1782931008506 0.23347489535808563 2716
1782931008508 0.20196080207824707 2717
1782931008510 0.16389451920986176 2718
1782931008512 0.1591973900794983 2719
1782931008515 0.373805969953537 2720
1782931008517 0.3532162010669708 2721
1782931008519 0.13273926079273224 2722
1782931008522 0.2972588539123535 2723
1782931008524 0.12842132151126862 2724
1782931008526 0.2346634715795517 2725
1782931008528 0.4509587287902832 2726
1782931008530 0.18685361742973328 2727
1782931008532 0.2209596186876297 2728
1782931008535 0.27091753482818604 2729
1782931008537 0.5225900411605835 2730
1782931008539 0.4415895342826843 2731
1782931008541 0.4625113606452942 2732
1782931008544 0.26962730288505554 2733
1782931008546 0.30702465772628784 2734
1782931008548 0.26896771788597107 2735
1782931008551 0.402910977602005 2736
1782931008553 0.2297353744506836 2737
1782931008555 0.2917678654193878 2738
1782931008557 0.16958178579807281 2739
1782931008559 0.19335629045963287 2740
1782931008562 0.2989078760147095 2741
1782931008564 0.24653826653957367 2742
1782931008566 0.24374884366989136 2743
1782931008569 0.4006105065345764 2744
1782931008571 0.3954443037509918 2745
1782931008573 0.3594321012496948 2746
1782931008575 0.346566766500473 2747
1782931008577 0.1998593509197235 2748
1782931008580 0.2807144820690155 2749
1782931008582 0.18298104405403137 2750
1782931008584 0.3193691074848175 2751
1782931008586 0.29937389492988586 2752
1782931008589 0.36540400981903076 2753
1782931008591 0.4090307354927063 2754
1782931008593 0.3792537450790405 2755
1782931008595 0.29608309268951416 2756
1782931008598 0.45562994480133057 2757
1782931008600 0.2490338236093521 2758
1782931008602 0.4931422770023346 2759
1782931008604 0.18627390265464783 2760
1782931008607 0.35113969445228577 2761
1782931008609 0.30309686064720154 2762
1782931008611 0.30240267515182495 2763
1782931008613 0.23736299574375153 2764
1782931008615 0.40458428859710693 2765
1782931008617 0.33096981048583984 2766
1782931008620 0.272789865732193 2767
1782931008623 0.3351576030254364 2768
1782931008627 0.2885149121284485 2769
1782931008629 0.2507578432559967 2770
1782931008631 0.4584731459617615 2771
1782931008633 0.23623958230018616 2772
1782931008636 0.4681906998157501 2773
1782931008638 0.22184056043624878 2774
1782931008641 0.24095909297466278 2775
1782931008643 0.2307998239994049 2776
1782931008645 0.19818644225597382 2777
1782931008647 0.10081278532743454 2778
1782931008650 0.36687013506889343 2779
1782931008652 0.2760910391807556 2780
1782931008654 0.20288211107254028 2781
1782931008658 0.21382910013198853 2782
1782931008660 0.26853516697883606 2783
1782931008662 0.28364235162734985 2784
1782931008664 0.21832425892353058 2785
1782931008667 0.3065185844898224 2786
1782931008670 0.3598666191101074 2787
1782931008672 0.18306034803390503 2788
1782931008675 0.37060800194740295 2789
1782931008677 0.443737268447876 2790
1782931008679 0.3380432724952698 2791
1782931008682 0.43221336603164673 2792
1782931008684 0.2542724311351776 2793
1782931008686 0.2313482165336609 2794
1782931008689 0.32366201281547546 2795
1782931008691 0.21406081318855286 2796
1782931008694 0.3612798750400543 2797
1782931008696 0.2094956934452057 2798
1782931008698 0.18695016205310822 2799
1782931008700 0.34406742453575134 2800
1782931008702 0.36734235286712646 2801
1782931008705 0.17055007815361023 2802
1782931008707 0.3523315191268921 2803
1782931008709 0.2865215241909027 2804
1782931008711 0.37661799788475037 2805
1782931008713 0.6258041858673096 2806
1782931008715 0.22404873371124268 2807
1782931008717 0.34391701221466064 2808
1782931008720 0.45626193284988403 2809
1782931008722 0.37317436933517456 2810
