1781296681873 16.401391983032227 0
1781296681877 18.6446590423584 1
1781296681880 12.750114440917969 2
1781296681883 18.479778289794922 3
1781296681885 14.326866149902344 4
1781296681887 12.21939468383789 5
1781296681890 11.539225578308105 6
1781296681893 14.220520973205566 7
1781296681896 14.920564651489258 8
1781296681899 9.93099594116211 9
1781296681901 11.453150749206543 10
1781296681903 8.523255348205566 11
1781296681905 9.833024024963379 12
1781296681907 10.123434066772461 13
1781296681910 8.757316589355469 14
1781296681914 8.257205963134766 15
1781296681916 7.194530963897705 16
1781296681919 8.734657287597656 17
1781296681921 7.880909442901611 18
1781296681923 6.768006801605225 19
1781296681926 6.802319049835205 20
1781296681929 5.118935585021973 21
1781296681932 4.673757076263428 22
1781296681934 4.66602087020874 23
1781296681936 5.5836896896362305 24
1781296681938 5.419891357421875 25
1781296681940 5.260622024536133 26
1781296681942 4.153281211853027 27
1781296681945 4.294076919555664 28
1781296681948 3.5743744373321533 29
1781296681950 2.7436695098876953 30
1781296681952 2.8180787563323975 31
1781296681954 2.9926869869232178 32
1781296681956 2.554809093475342 33
1781296681959 2.449007749557495 34
1781296681962 2.2643511295318604 35
1781296681964 1.7686686515808105 36
1781296681966 2.0058913230895996 37
1781296681968 2.6345064640045166 38
1781296681970 1.964770793914795 39
1781296681972 1.7698488235473633 40
1781296681974 1.985176682472229 41
1781296681977 1.4835102558135986 42
1781296681979 1.117726445198059 43
1781296681982 1.319742202758789 44
1781296681984 1.3523603677749634 45
1781296681986 1.2419846057891846 46
1781296681988 1.3383790254592896 47
1781296681990 1.2041187286376953 48
1781296681992 1.1618568897247314 49
1781296681994 1.2811334133148193 50
1781296681997 1.3225635290145874 51
1781296681999 1.0190860033035278 52
1781296682001 1.2454414367675781 53
1781296682004 1.0255892276763916 54
1781296682006 1.1553653478622437 55
1781296682008 1.1052260398864746 56
1781296682011 1.034354567527771 57
1781296682013 1.0117888450622559 58
1781296682017 0.8790466785430908 59
1781296682019 1.1382403373718262 60
1781296682021 1.032942771911621 61
1781296682023 1.0023037195205688 62
1781296682025 1.0900532007217407 63
1781296682028 0.7993381023406982 64
1781296682031 1.1341825723648071 65
1781296682033 0.8689418435096741 66
1781296682035 0.8905845880508423 67
1781296682037 0.9645748138427734 68
1781296682039 0.8488035202026367 69
1781296682041 0.8427355289459229 70
1781296682044 0.80064457654953 71
1781296682047 0.9362720251083374 72
1781296682050 0.9107050895690918 73
1781296682052 0.8150490522384644 74
1781296682054 0.9719680547714233 75
1781296682056 0.9047443866729736 76
1781296682058 0.8943387269973755 77
1781296682061 0.8343386650085449 78
1781296682063 0.7506628632545471 79
1781296682066 0.7955604195594788 80
1781296682068 0.7122272253036499 81
1781296682070 0.7395386099815369 82
1781296682072 0.840348482131958 83
1781296682074 0.6876488327980042 84
1781296682077 0.8774964213371277 85
1781296682080 0.8013261556625366 86
1781296682082 0.7292730808258057 87
1781296682084 0.8138991594314575 88
1781296682087 0.7211794853210449 89
1781296682089 0.8436548113822937 90
1781296682092 0.7187770009040833 91
1781296682095 0.6061261892318726 92
1781296682097 0.780184268951416 93
1781296682099 0.8693159222602844 94
1781296682101 0.709128201007843 95
1781296682103 0.6734730005264282 96
1781296682106 0.7179775238037109 97
1781296682108 0.6917028427124023 98
1781296682110 0.9227395057678223 99
1781296682113 0.5729588270187378 100
1781296682115 0.5516823530197144 101
1781296682118 0.41958802938461304 102
1781296682120 0.6397801041603088 103
1781296682122 0.5163176655769348 104
1781296682124 0.8971611261367798 105
1781296682126 0.5178101062774658 106
1781296682129 0.6868507862091064 107
1781296682132 0.7331539392471313 108
1781296682134 0.5832973122596741 109
1781296682136 0.576316237449646 110
1781296682139 0.6723992228507996 111
1781296682141 0.5658213496208191 112
1781296682144 0.5409425497055054 113
1781296682148 0.5832756757736206 114
1781296682150 0.565479040145874 115
1781296682153 0.7017847895622253 116
1781296682156 0.6461336612701416 117
1781296682158 0.6565490961074829 118
1781296682162 0.6559017896652222 119
1781296682164 0.5681582093238831 120
1781296682167 0.8846949338912964 121
1781296682169 0.6962689757347107 122
1781296682172 0.6890347003936768 123
1781296682174 0.584998369216919 124
1781296682177 0.5719044208526611 125
1781296682180 0.6460683345794678 126
1781296682183 0.5801841616630554 127
1781296682185 0.6657840013504028 128
1781296682187 0.6038997769355774 129
1781296682189 0.6847296357154846 130
1781296682191 0.6539517641067505 131
1781296682194 0.6064884066581726 132
1781296682197 0.6024670004844666 133
1781296682200 0.5299327969551086 134
1781296682203 0.4557572901248932 135
1781296682205 0.7178621888160706 136
1781296682207 0.6483299136161804 137
1781296682209 0.633590042591095 138
1781296682212 0.5624408721923828 139
1781296682215 0.55596923828125 140
1781296682218 0.554046094417572 141
1781296682221 0.49295565485954285 142
1781296682223 0.7068670988082886 143
1781296682225 0.4552876651287079 144
1781296682228 0.5587937831878662 145
1781296682231 0.567772626876831 146
1781296682234 0.5771461725234985 147
1781296682236 0.6741360425949097 148
1781296682239 0.5344234704971313 149
1781296682241 0.35286614298820496 150
1781296682244 0.33297932147979736 151
1781296682247 0.6379400491714478 152
1781296682249 0.49665695428848267 153
1781296682251 0.47240981459617615 154
1781296682253 0.6216884851455688 155
1781296682255 0.4863196909427643 156
1781296682258 0.6386628746986389 157
1781296682261 0.5451567769050598 158
1781296682263 0.5734274983406067 159
1781296682266 0.6416245698928833 160
1781296682268 0.5933842658996582 161
1781296682271 0.46815359592437744 162
1781296682274 0.6618086695671082 163
1781296682278 0.7238562703132629 164
1781296682281 0.5470756888389587 165
1781296682283 0.6109063029289246 166
1781296682285 0.5811570882797241 167
1781296682288 0.4164770841598511 168
1781296682290 0.6188561320304871 169
1781296682292 0.47893595695495605 170
1781296682297 0.6801201701164246 171
1781296682300 0.5296894311904907 172
1781296682302 0.4795982837677002 173
1781296682304 0.6208370327949524 174
1781296682307 0.6380055546760559 175
1781296682309 0.4745781421661377 176
1781296682312 0.7186263203620911 177
1781296682315 0.6099659204483032 178
1781296682317 0.5575624108314514 179
1781296682319 0.412242591381073 180
1781296682321 0.4636319577693939 181
1781296682324 0.49599793553352356 182
1781296682327 0.5416704416275024 183
1781296682330 0.4824267029762268 184
1781296682332 0.6157262921333313 185
1781296682335 0.5806632041931152 186
1781296682337 0.607595682144165 187
1781296682339 0.4714294373989105 188
1781296682342 0.3978526294231415 189
1781296682344 0.7014455199241638 190
1781296682347 0.6181759834289551 191
1781296682349 0.5127999186515808 192
1781296682352 0.6444042921066284 193
1781296682354 0.4794604480266571 194
1781296682356 0.5028045177459717 195
1781296682358 0.46724534034729004 196
1781296682363 0.6314708590507507 197
1781296682365 0.6470213532447815 198
1781296682367 0.4527297019958496 199
1781296682370 0.5468644499778748 200
1781296682372 0.5178055167198181 201
1781296682375 0.46736064553260803 202
1781296682378 0.729143500328064 203
1781296682381 0.5713744759559631 204
1781296682385 0.5183013081550598 205
1781296682387 0.5511139035224915 206
1781296682389 0.3979301452636719 207
1781296682391 0.49492841958999634 208
1781296682394 0.6367993354797363 209
1781296682397 0.578126072883606 210
1781296682400 0.6652199625968933 211
1781296682402 0.5500397086143494 212
1781296682404 0.5064478516578674 213
1781296682407 0.4477995038032532 214
1781296682409 0.4990134537220001 215
1781296682413 0.4977283477783203 216
1781296682415 0.563588559627533 217
1781296682418 0.5747928619384766 218
1781296682421 0.5083818435668945 219
1781296682424 0.49086055159568787 220
1781296682427 0.6010759472846985 221
1781296682430 0.33975446224212646 222
1781296682433 0.4935827851295471 223
1781296682435 0.5003693103790283 224
1781296682437 0.5600929856300354 225
1781296682439 0.4726077914237976 226
1781296682441 0.5330456495285034 227
1781296682444 0.4280773401260376 228
1781296682447 0.4232194125652313 229
1781296682450 0.482837438583374 230
1781296682452 0.4281710088253021 231
1781296682454 0.41652822494506836 232
1781296682456 0.5441598892211914 233
1781296682459 0.8234357833862305 234
1781296682462 0.48028790950775146 235
1781296682465 0.5945345759391785 236
1781296682468 0.32663828134536743 237
1781296682471 0.5628337860107422 238
1781296682473 0.49986717104911804 239
1781296682476 0.3689868152141571 240
1781296682478 0.5465446710586548 241
1781296682481 0.5287238359451294 242
1781296682483 0.5273453593254089 243
1781296682486 0.501152753829956 244
1781296682489 0.621959388256073 245
1781296682491 0.4384946823120117 246
1781296682493 0.46613386273384094 247
1781296682497 0.41102802753448486 248
1781296682500 0.4375780522823334 249
1781296682502 0.5180637836456299 250
1781296682504 0.45246779918670654 251
1781296682508 0.4683641195297241 252
1781296682510 0.4949730932712555 253
1781296682514 0.4570293128490448 254
1781296682517 0.42533960938453674 255
1781296682519 0.6515589952468872 256
1781296682521 0.4492935240268707 257
1781296682524 0.3980230987071991 258
1781296682529 0.52040696144104 259
1781296682532 0.5151901245117188 260
1781296682534 0.5041607022285461 261
1781296682537 0.5021174550056458 262
1781296682539 0.38715896010398865 263
1781296682541 0.6082945466041565 264
1781296682545 0.6177690029144287 265
1781296682548 0.5481996536254883 266
1781296682551 0.4403802454471588 267
1781296682554 0.4161064326763153 268
1781296682556 0.4340055584907532 269
1781296682558 0.7110759615898132 270
1781296682564 0.4454673230648041 271
1781296682567 0.4177868366241455 272
1781296682569 0.328933447599411 273
1781296682572 0.5926143527030945 274
1781296682575 0.5725684762001038 275
1781296682578 0.7282532453536987 276
1781296682581 0.4720226228237152 277
1781296682583 0.45879679918289185 278
1781296682585 0.8099622130393982 279
1781296682589 0.5500545501708984 280
1781296682591 0.6943438649177551 281
1781296682594 0.6058788895606995 282
1781296682597 0.4030667245388031 283
1781296682601 0.5574467778205872 284
1781296682603 0.536919355392456 285
1781296682607 0.5404293537139893 286
1781296682611 0.3977222144603729 287
1781296682614 0.3979596793651581 288
1781296682617 0.47226792573928833 289
1781296682619 0.583966076374054 290
1781296682621 0.6542282104492188 291
1781296682624 0.42379269003868103 292
1781296682626 0.6232110857963562 293
1781296682630 0.38523173332214355 294
1781296682634 0.415283203125 295
1781296682636 0.41905277967453003 296
1781296682638 0.4057149887084961 297
1781296682640 0.4374958276748657 298
1781296682645 0.6754053831100464 299
1781296682648 0.7377943992614746 300
1781296682650 0.39978161454200745 301
1781296682653 0.4833672344684601 302
1781296682655 0.39240604639053345 303
1781296682658 0.39069584012031555 304
1781296682662 0.448820561170578 305
1781296682665 0.48779210448265076 306
1781296682667 0.4672091007232666 307
1781296682670 0.38828182220458984 308
1781296682672 0.4889020025730133 309
1781296682674 0.4695681035518646 310
1781296682677 0.3544967770576477 311
1781296682680 0.372036874294281 312
1781296682682 0.42443564534187317 313
1781296682684 0.5015573501586914 314
1781296682687 0.4318293333053589 315
1781296682689 0.38601523637771606 316
1781296682692 0.39829251170158386 317
1781296682694 0.48776447772979736 318
1781296682696 0.4567030966281891 319
1781296682700 0.2705540359020233 320
1781296682702 0.435827374458313 321
1781296682705 0.30009889602661133 322
1781296682709 0.46244436502456665 323
1781296682711 0.4220471680164337 324
1781296682713 0.6594601273536682 325
1781296682716 0.4791345000267029 326
1781296682718 0.43283602595329285 327
1781296682720 0.7650206685066223 328
1781296682722 0.40153828263282776 329
1781296682725 0.39840641617774963 330
1781296682727 0.547002911567688 331
1781296682730 0.5283951163291931 332
1781296682733 0.4565531611442566 333
1781296682735 0.42771774530410767 334
1781296682737 0.4880266487598419 335
1781296682739 0.42614254355430603 336
1781296682741 0.46447595953941345 337
1781296682744 0.5680235624313354 338
1781296682746 0.5192304849624634 339
1781296682748 0.49211108684539795 340
1781296682751 0.46792513132095337 341
1781296682753 0.5546236038208008 342
1781296682756 0.43840858340263367 343
1781296682758 0.3698424994945526 344
1781296682761 0.5686304569244385 345
1781296682763 0.48593807220458984 346
1781296682765 0.40237921476364136 347
1781296682768 0.5255187749862671 348
1781296682770 0.3592655062675476 349
1781296682772 0.44059956073760986 350
1781296682774 0.5242151618003845 351
1781296682777 0.43166232109069824 352
1781296682780 0.40498635172843933 353
1781296682782 0.3284182846546173 354
1781296682784 0.4384121894836426 355
1781296682787 0.41393914818763733 356
1781296682789 0.4584820568561554 357
1781296682791 0.4614982306957245 358
1781296682794 0.5441327691078186 359
1781296682797 0.5800609588623047 360
1781296682800 0.3174694776535034 361
1781296682802 0.28739967942237854 362
1781296682804 0.5187568068504333 363
1781296682807 0.4899967312812805 364
1781296682809 0.32058537006378174 365
1781296682812 0.5660058259963989 366
1781296682814 0.5489059686660767 367
1781296682816 0.4615509510040283 368
1781296682818 0.32989153265953064 369
1781296682821 0.4296737611293793 370
1781296682823 0.5223584175109863 371
1781296682825 0.6203406453132629 372
1781296682828 0.27128127217292786 373
1781296682831 0.5784464478492737 374
1781296682833 0.28572097420692444 375
1781296682835 0.34987911581993103 376
1781296682837 0.5895306468009949 377
1781296682840 0.5389572978019714 378
1781296682842 0.43070024251937866 379
1781296682846 0.2630601227283478 380
1781296682849 0.5469512939453125 381
1781296682851 0.34908053278923035 382
1781296682853 0.30589789152145386 383
1781296682856 0.492020845413208 384
1781296682861 0.4411316514015198 385
1781296682864 0.5151870250701904 386
1781296682866 0.49748197197914124 387
1781296682869 0.4812023341655731 388
1781296682871 0.41818949580192566 389
1781296682873 0.48892953991889954 390
1781296682876 0.5997797250747681 391
1781296682878 0.36693263053894043 392
1781296682881 0.4094846844673157 393
1781296682883 0.5554085969924927 394
1781296682885 0.20935578644275665 395
1781296682887 0.6506868600845337 396
1781296682890 0.3970736563205719 397
1781296682892 0.32701539993286133 398
1781296682895 0.5519434809684753 399
1781296682898 0.35715794563293457 400
1781296682900 0.4318479001522064 401
1781296682904 0.4759199917316437 402
1781296682906 0.39145708084106445 403
1781296682909 0.3700465261936188 404
1781296682911 0.29954928159713745 405
1781296682914 0.3665858805179596 406
1781296682916 0.6378676295280457 407
1781296682918 0.2741752862930298 408
1781296682921 0.5796773433685303 409
1781296682924 0.380961537361145 410
1781296682926 0.6147060394287109 411
1781296682929 0.3870895802974701 412
1781296682931 0.31063389778137207 413
1781296682934 0.34728381037712097 414
1781296682936 0.37446489930152893 415
1781296682938 0.34080538153648376 416
1781296682941 0.4353026747703552 417
1781296682943 0.4570741355419159 418
1781296682946 0.4966520369052887 419
1781296682948 0.4242706298828125 420
1781296682951 0.4327790439128876 421
1781296682953 0.46568000316619873 422
1781296682955 0.3546130657196045 423
1781296682957 0.41333359479904175 424
1781296682959 0.357454389333725 425
1781296682963 0.4117449223995209 426
1781296682965 0.40763455629348755 427
1781296682968 0.40988218784332275 428
1781296682970 0.2648918032646179 429
1781296682972 0.36166343092918396 430
1781296682974 0.36096835136413574 431
1781296682977 0.43411514163017273 432
1781296682980 0.4363819360733032 433
1781296682983 0.5304368138313293 434
1781296682985 0.5589370131492615 435
1781296682989 0.4261409044265747 436
1781296682991 0.44822973012924194 437
1781296682993 0.4663526117801666 438
1781296682996 0.6380941271781921 439
1781296682998 0.4587216079235077 440
1781296683000 0.38256391882896423 441
1781296683004 0.3320290744304657 442
1781296683006 0.4061961770057678 443
1781296683008 0.3804141879081726 444
1781296683011 0.3818308413028717 445
1781296683013 0.46823015809059143 446
1781296683016 0.47670066356658936 447
1781296683018 0.4893573224544525 448
1781296683020 0.32744550704956055 449
1781296683023 0.37820059061050415 450
1781296683025 0.19722163677215576 451
1781296683027 0.3354049324989319 452
1781296683030 0.4555451273918152 453
1781296683032 0.2745411694049835 454
1781296683035 0.36223363876342773 455
1781296683037 0.4619402289390564 456
1781296683039 0.4938366115093231 457
1781296683041 0.235655277967453 458
1781296683044 0.5239261984825134 459
1781296683046 0.5145300030708313 460
1781296683049 0.2822525203227997 461
1781296683051 0.42077672481536865 462
1781296683053 0.28613096475601196 463
1781296683055 0.2544722855091095 464
1781296683058 0.5035392642021179 465
1781296683060 0.3986819386482239 466
1781296683063 0.34992069005966187 467
1781296683065 0.4230702519416809 468
1781296683068 0.409146785736084 469
1781296683070 0.4099567234516144 470
1781296683072 0.4391438364982605 471
1781296683074 0.27803048491477966 472
1781296683077 0.39379560947418213 473
1781296683080 0.43410757184028625 474
1781296683082 0.29685577750205994 475
1781296683084 0.5157521367073059 476
1781296683087 0.49191713333129883 477
1781296683089 0.3546578288078308 478
1781296683091 0.4073161482810974 479
1781296683094 0.4654984176158905 480
1781296683096 0.4115959107875824 481
1781296683099 0.3435375690460205 482
1781296683112 0.40842553973197937 483
1781296683115 0.613559901714325 484
1781296683117 0.33471158146858215 485
1781296683119 0.2520422041416168 486
1781296683122 0.43257638812065125 487
1781296683124 0.34168848395347595 488
1781296683126 0.3455238342285156 489
1781296683129 0.37268880009651184 490
1781296683131 0.3757524788379669 491
1781296683134 0.6045892238616943 492
1781296683136 0.40795111656188965 493
1781296683139 0.41827207803726196 494
1781296683141 0.28182274103164673 495
1781296683144 0.35677140951156616 496
1781296683147 0.4625815451145172 497
1781296683149 0.33430618047714233 498
1781296683151 0.4119969308376312 499
1781296683153 0.5133979916572571 500
1781296683155 0.49484023451805115 501
1781296683158 0.42654097080230713 502
1781296683160 0.2582974433898926 503
1781296683163 0.3003285825252533 504
1781296683167 0.41899561882019043 505
1781296683169 0.5436444282531738 506
1781296683171 0.4355892241001129 507
1781296683174 0.4437371790409088 508
1781296683176 0.31283536553382874 509
1781296683179 0.4569181501865387 510
1781296683183 0.36243870854377747 511
1781296683185 0.2923927307128906 512
1781296683187 0.2631930112838745 513
1781296683189 0.40668627619743347 514
1781296683191 0.37360095977783203 515
1781296683193 0.3449394106864929 516
1781296683196 0.505678653717041 517
1781296683198 0.4235425889492035 518
1781296683201 0.4264914393424988 519
1781296683203 0.31199324131011963 520
1781296683205 0.35997262597084045 521
1781296683208 0.296553373336792 522
1781296683211 0.49918532371520996 523
1781296683214 0.4597018361091614 524
1781296683217 0.23492172360420227 525
1781296683219 0.27280327677726746 526
1781296683222 0.32795336842536926 527
1781296683224 0.5271831750869751 528
1781296683226 0.2639683485031128 529
1781296683231 0.4276520311832428 530
1781296683233 0.5172679424285889 531
1781296683235 0.4830136001110077 532
1781296683238 0.5462545156478882 533
1781296683240 0.3715224266052246 534
1781296683242 0.6193941235542297 535
1781296683245 0.38837698101997375 536
1781296683247 0.3889114260673523 537
1781296683249 0.3421850800514221 538
1781296683252 0.3908146619796753 539
1781296683255 0.4245782196521759 540
1781296683258 0.25284868478775024 541
1781296683261 0.2749105989933014 542
1781296683264 0.47211912274360657 543
1781296683266 0.44463106989860535 544
1781296683268 0.39621493220329285 545
1781296683270 0.5013598799705505 546
1781296683272 0.31730809807777405 547
1781296683275 0.3053431808948517 548
1781296683277 0.37607717514038086 549
1781296683280 0.3755185604095459 550
1781296683282 0.5541539788246155 551
1781296683284 0.5299656391143799 552
1781296683286 0.41179782152175903 553
1781296683289 0.6156505346298218 554
1781296683291 0.18130181729793549 555
1781296683294 0.3266187310218811 556
1781296683297 0.2129807472229004 557
1781296683299 0.4080139696598053 558
1781296683302 0.5469822883605957 559
1781296683304 0.31841737031936646 560
1781296683306 0.2875455319881439 561
1781296683308 0.3529971241950989 562
1781296683311 0.2312922477722168 563
1781296683314 0.3266748785972595 564
1781296683316 0.49344581365585327 565
1781296683320 0.4021669924259186 566
1781296683323 0.25152263045310974 567
1781296683325 0.3020108640193939 568
1781296683328 0.6058118343353271 569
1781296683331 0.44708722829818726 570
1781296683333 0.42675095796585083 571
1781296683336 0.42950865626335144 572
1781296683338 0.34867221117019653 573
1781296683340 0.3546268045902252 574
1781296683343 0.36198848485946655 575
1781296683347 0.258830189704895 576
1781296683349 0.47202736139297485 577
1781296683352 0.2626526355743408 578
1781296683356 0.45241695642471313 579
1781296683359 0.3707222044467926 580
1781296683361 0.3322243094444275 581
1781296683364 0.22962558269500732 582
1781296683367 0.35024493932724 583
1781296683370 0.321122407913208 584
1781296683372 0.6593064665794373 585
1781296683375 0.4258407652378082 586
1781296683377 0.47370004653930664 587
1781296683380 0.46670281887054443 588
1781296683383 0.2982044816017151 589
1781296683386 0.46683329343795776 590
1781296683388 0.2365686595439911 591
1781296683390 0.2992545962333679 592
1781296683392 0.28531694412231445 593
1781296683395 0.472072958946228 594
1781296683398 0.40587568283081055 595
1781296683400 0.52232825756073 596
1781296683402 0.3720266819000244 597
1781296683404 0.2353893220424652 598
1781296683406 0.3655654489994049 599
1781296683409 0.36784374713897705 600
1781296683412 0.216165229678154 601
1781296683414 0.35046282410621643 602
1781296683418 0.46019747853279114 603
1781296683420 0.35892704129219055 604
1781296683422 0.2970845401287079 605
1781296683425 0.4335804581642151 606
1781296683430 0.23013336956501007 607
1781296683432 0.3486737310886383 608
1781296683435 0.3082227110862732 609
1781296683437 0.40868279337882996 610
1781296683439 0.36743804812431335 611
1781296683442 0.3548988997936249 612
1781296683445 0.2401130199432373 613
1781296683448 0.4937218129634857 614
1781296683450 0.3007195293903351 615
1781296683453 0.3634161949157715 616
1781296683455 0.43456071615219116 617
1781296683457 0.61439448595047 618
1781296683460 0.6165015697479248 619
1781296683463 0.3400615155696869 620
1781296683465 0.510750412940979 621
1781296683468 0.3148503303527832 622
1781296683470 0.26670193672180176 623
1781296683472 0.42111819982528687 624
1781296683474 0.3452189564704895 625
1781296683479 0.3413122594356537 626
1781296683482 0.5069923996925354 627
1781296683484 0.615070104598999 628
1781296683487 0.42387065291404724 629
1781296683489 0.42955029010772705 630
1781296683491 0.4674484133720398 631
1781296683494 0.26584818959236145 632
1781296683497 0.4643227159976959 633
1781296683499 0.23941972851753235 634
1781296683501 0.17999190092086792 635
1781296683504 0.3282756209373474 636
1781296683506 0.3941580057144165 637
1781296683509 0.41491013765335083 638
1781296683511 0.40400829911231995 639
1781296683514 0.3778173625469208 640
1781296683516 0.37221774458885193 641
1781296683519 0.4392479658126831 642
1781296683521 0.29545122385025024 643
1781296683524 0.37107545137405396 644
1781296683526 0.25691357254981995 645
1781296683529 0.29113832116127014 646
1781296683531 0.26981663703918457 647
1781296683534 0.29831773042678833 648
1781296683536 0.24428680539131165 649
1781296683538 0.32219216227531433 650
1781296683541 0.1759987622499466 651
1781296683544 0.363940954208374 652
1781296683547 0.35679611563682556 653
1781296683549 0.5755689740180969 654
1781296683552 0.2996769845485687 655
1781296683554 0.4146682322025299 656
1781296683557 0.3709339499473572 657
1781296683559 0.2507871985435486 658
1781296683563 0.1619296669960022 659
1781296683566 0.25524306297302246 660
1781296683568 0.49789905548095703 661
1781296683570 0.4881117343902588 662
1781296683573 0.3423476815223694 663
1781296683575 0.5372893214225769 664
1781296683579 0.23676016926765442 665
1781296683581 0.3677346110343933 666
1781296683584 0.40141624212265015 667
1781296683586 0.44625163078308105 668
1781296683589 0.39137598872184753 669
1781296683591 0.39515239000320435 670
1781296683593 0.40030398964881897 671
1781296683597 0.3226769268512726 672
1781296683599 0.503128707408905 673
1781296683602 0.26295071840286255 674
1781296683604 0.3281477093696594 675
1781296683606 0.37940463423728943 676
1781296683608 0.4734210669994354 677
1781296683612 0.25870952010154724 678
1781296683614 0.22326703369617462 679
1781296683617 0.3847264349460602 680
1781296683619 0.4801233112812042 681
1781296683621 0.3474743366241455 682
1781296683623 0.5943424105644226 683
1781296683626 0.34184685349464417 684
1781296683629 0.44305866956710815 685
1781296683632 0.3312239944934845 686
1781296683634 0.42569151520729065 687
1781296683637 0.3928799629211426 688
1781296683640 0.373947411775589 689
1781296683642 0.34690651297569275 690
1781296683645 0.5214800834655762 691
1781296683648 0.24453486502170563 692
1781296683650 0.4683193862438202 693
1781296683652 0.2805755138397217 694
1781296683654 0.39831069111824036 695
1781296683656 0.5322270393371582 696
1781296683659 0.5791987180709839 697
1781296683662 0.23092438280582428 698
1781296683665 0.3820239007472992 699
1781296683667 0.6655501127243042 700
1781296683669 0.28178703784942627 701
1781296683671 0.32405218482017517 702
1781296683674 0.29810452461242676 703
1781296683676 0.4920903444290161 704
1781296683679 0.30657410621643066 705
1781296683682 0.2849295139312744 706
1781296683685 0.23025068640708923 707
1781296683687 0.25153812766075134 708
1781296683689 0.2969028353691101 709
1781296683692 0.19143366813659668 710
1781296683694 0.40708646178245544 711
1781296683697 0.25935351848602295 712
1781296683699 0.5325584411621094 713
1781296683701 0.5314607620239258 714
1781296683703 0.371110737323761 715
1781296683705 0.5585112571716309 716
1781296683708 0.3264402449131012 717
1781296683710 0.3228985667228699 718
1781296683713 0.42894184589385986 719
1781296683715 0.20903080701828003 720
1781296683717 0.29627087712287903 721
1781296683720 0.3466384708881378 722
1781296683722 0.34610146284103394 723
1781296683724 0.5041989088058472 724
1781296683726 0.3050713837146759 725
1781296683729 0.3373638987541199 726
1781296683732 0.2979239821434021 727
1781296683734 0.3891890048980713 728
1781296683737 0.3294302821159363 729
1781296683739 0.5582269430160522 730
1781296683741 0.2584685981273651 731
1781296683744 0.5078946352005005 732
1781296683747 0.43590179085731506 733
1781296683749 0.397795706987381 734
1781296683752 0.6712430119514465 735
1781296683755 0.27820056676864624 736
1781296683757 0.27890270948410034 737
1781296683760 0.7853167057037354 738
1781296683762 0.3136822283267975 739
1781296683765 0.2624238133430481 740
1781296683767 0.7481507658958435 741
1781296683769 0.34840086102485657 742
1781296683771 0.21503271162509918 743
1781296683774 0.5391470193862915 744
1781296683776 0.5960022211074829 745
1781296683779 0.4401751458644867 746
1781296683782 0.31821566820144653 747
1781296683784 0.5779811143875122 748
1781296683786 0.49880656599998474 749
1781296683789 0.3804410994052887 750
1781296683791 0.3405259847640991 751
1781296683794 0.5570244193077087 752
1781296683796 0.6759629249572754 753
1781296683799 0.4395383596420288 754
1781296683802 0.21124839782714844 755
1781296683804 0.2818911671638489 756
1781296683806 0.2520650327205658 757
1781296683808 0.29992321133613586 758
1781296683811 0.33138954639434814 759
1781296683814 0.16876716911792755 760
1781296683817 0.40271714329719543 761
1781296683819 0.3211671710014343 762
1781296683821 0.37978672981262207 763
1781296683824 0.4070986211299896 764
1781296683826 0.2857302129268646 765
1781296683830 0.29327982664108276 766
1781296683832 0.5289862751960754 767
1781296683834 0.35430747270584106 768
1781296683837 0.37859219312667847 769
1781296683839 0.3299064040184021 770
1781296683841 0.3172038495540619 771
1781296683845 0.4574258029460907 772
1781296683848 0.5586518049240112 773
1781296683850 0.6568179130554199 774
1781296683852 0.5428181886672974 775
1781296683854 0.29714885354042053 776
1781296683856 0.27464115619659424 777
1781296683858 0.36480364203453064 778
1781296683862 0.40879592299461365 779
1781296683864 0.5197983980178833 780
1781296683866 0.36603283882141113 781
1781296683869 0.3816257119178772 782
1781296683872 0.6294660568237305 783
1781296683875 0.22014585137367249 784
1781296683877 0.38421496748924255 785
1781296683880 0.35611194372177124 786
1781296683882 0.4534582495689392 787
1781296683884 0.4757184386253357 788
1781296683886 0.3623923063278198 789
1781296683889 0.35782235860824585 790
1781296683892 0.5371496677398682 791
1781296683896 0.3957103490829468 792
1781296683898 0.32388800382614136 793
1781296683900 0.2817566394805908 794
1781296683902 0.2616228461265564 795
1781296683905 0.3032686710357666 796
1781296683907 0.3571684956550598 797
1781296683909 0.23010404407978058 798
1781296683912 0.4289761483669281 799
1781296683915 0.45995619893074036 800
1781296683917 0.46655431389808655 801
1781296683920 0.2072344720363617 802
1781296683922 0.3960958421230316 803
1781296683925 0.35330691933631897 804
1781296683927 0.24427354335784912 805
1781296683930 0.2772814929485321 806
1781296683933 0.23886772990226746 807
1781296683935 0.2808661162853241 808
1781296683938 0.39470845460891724 809
1781296683940 0.20204530656337738 810
1781296683943 0.3553180694580078 811
1781296683946 0.2632504105567932 812
1781296683948 0.27592599391937256 813
1781296683950 0.2678408622741699 814
1781296683952 0.3178541660308838 815
1781296683954 0.25270944833755493 816
1781296683956 0.33556947112083435 817
1781296683959 0.6435221433639526 818
1781296683961 0.2660728693008423 819
1781296683964 0.5814103484153748 820
1781296683966 0.30002743005752563 821
1781296683968 0.3540761172771454 822
1781296683970 0.46177467703819275 823
1781296683972 0.18837639689445496 824
1781296683974 0.5196212530136108 825
1781296683977 0.3449249267578125 826
1781296683980 0.2349376082420349 827
1781296683983 0.48408451676368713 828
1781296683986 0.46820491552352905 829
1781296683988 0.5571416020393372 830
1781296683990 0.2876770496368408 831
1781296683992 0.3715095520019531 832
1781296683995 0.3490844666957855 833
1781296683997 0.2603885233402252 834
1781296683999 0.5894402265548706 835
1781296684001 0.4091862142086029 836
1781296684003 0.5233034491539001 837
1781296684006 0.2829127311706543 838
1781296684008 0.3374747633934021 839
1781296684010 0.49469050765037537 840
1781296684013 0.21068379282951355 841
1781296684015 0.16698475182056427 842
1781296684019 0.6115363240242004 843
1781296684021 0.21407550573349 844
1781296684023 0.22979173064231873 845
1781296684025 0.2669512629508972 846
1781296684028 0.26874876022338867 847
1781296684031 0.25879114866256714 848
1781296684033 0.39301854372024536 849
1781296684036 0.39054709672927856 850
1781296684038 0.2332639843225479 851
1781296684040 0.5999069809913635 852
1781296684042 0.28880229592323303 853
1781296684044 0.24202358722686768 854
1781296684047 0.2816570997238159 855
1781296684049 0.24051271378993988 856
1781296684051 0.33801475167274475 857
1781296684053 0.2517896890640259 858
1781296684056 0.41649532318115234 859
1781296684058 0.3930073380470276 860
1781296684060 0.5181998610496521 861
1781296684063 0.48826223611831665 862
1781296684065 0.3027839958667755 863
1781296684068 0.331788033246994 864
1781296684071 0.45113617181777954 865
1781296684073 0.2506375312805176 866
1781296684075 0.4328407645225525 867
1781296684078 0.32473352551460266 868
1781296684080 0.6406235694885254 869
1781296684084 0.33813709020614624 870
1781296684086 0.31568676233291626 871
1781296684088 0.172983780503273 872
1781296684090 0.3038156032562256 873
1781296684093 0.2931811213493347 874
1781296684095 0.40993058681488037 875
1781296684097 0.3865315914154053 876
1781296684101 0.2465939074754715 877
1781296684103 0.4539952874183655 878
1781296684106 0.3937342166900635 879
1781296684109 0.27312391996383667 880
1781296684112 0.4198431372642517 881
1781296684114 0.43933460116386414 882
1781296684117 0.32769501209259033 883
1781296684119 0.39141732454299927 884
1781296684121 0.3735353648662567 885
1781296684123 0.3387009799480438 886
1781296684125 0.23246456682682037 887
1781296684128 0.22885647416114807 888
1781296684130 0.4587668776512146 889
1781296684133 0.2279650717973709 890
1781296684135 0.4562545120716095 891
1781296684137 0.2827460467815399 892
1781296684139 0.4065565764904022 893
1781296684142 0.20876125991344452 894
1781296684144 0.3599308729171753 895
1781296684147 0.4973317086696625 896
1781296684149 0.2814531624317169 897
1781296684151 0.5741205215454102 898
1781296684153 0.36002442240715027 899
1781296684156 0.3779312074184418 900
1781296684158 0.2836121618747711 901
1781296684160 0.4424307346343994 902
1781296684163 0.7069630026817322 903
1781296684165 0.2933661937713623 904
1781296684167 0.3268115520477295 905
1781296684170 0.26203933358192444 906
1781296684172 0.5253203511238098 907
1781296684175 0.2651354968547821 908
1781296684178 0.3230116367340088 909
1781296684181 0.3491309583187103 910
1781296684183 0.6423403024673462 911
1781296684185 0.3219541311264038 912
1781296684187 0.34601855278015137 913
1781296684189 0.2703659236431122 914
1781296684191 0.3431739807128906 915
1781296684196 0.45964086055755615 916
1781296684198 0.2252516895532608 917
1781296684201 0.285670667886734 918
1781296684204 0.8473918437957764 919
1781296684206 0.4770042300224304 920
1781296684209 0.37324732542037964 921
1781296684211 0.2569592297077179 922
1781296684213 0.4724864363670349 923
1781296684216 0.3815241754055023 924
1781296684218 0.23483213782310486 925
1781296684220 0.4973253607749939 926
1781296684222 0.4408283829689026 927
1781296684224 0.3336084187030792 928
1781296684227 0.34385204315185547 929
1781296684229 0.2508474886417389 930
1781296684232 0.16799110174179077 931
1781296684234 0.4975953996181488 932
1781296684236 0.30641382932662964 933
1781296684238 0.24236944317817688 934
1781296684240 0.287415087223053 935
1781296684243 0.5392981767654419 936
1781296684398 0.395937442779541 937
1781296684401 0.34890010952949524 938
1781296684403 0.32988250255584717 939
1781296684405 0.5226770043373108 940
1781296684408 0.3999638259410858 941
1781296684413 0.36418381333351135 942
1781296684415 0.4766518771648407 943
1781296684418 0.31677502393722534 944
1781296684420 0.48340511322021484 945
1781296684423 0.4771661162376404 946
1781296684426 0.39326241612434387 947
1781296684429 0.5947461724281311 948
1781296684431 0.26184436678886414 949
1781296684435 0.2831627428531647 950
1781296684438 0.4241286516189575 951
1781296684441 0.33261916041374207 952
1781296684444 0.48218467831611633 953
1781296684446 0.39306724071502686 954
1781296684449 0.3104068338871002 955
1781296684452 0.2742913067340851 956
1781296684454 0.5486769676208496 957
1781296684456 0.19663909077644348 958
1781296684458 0.48662570118904114 959
1781296684460 0.3503630757331848 960
1781296684464 0.47094443440437317 961
1781296684466 0.15300747752189636 962
1781296684469 0.33689478039741516 963
1781296684471 0.32306692004203796 964
1781296684474 0.16809652745723724 965
1781296684476 0.3854692578315735 966
1781296684479 0.29000961780548096 967
1781296684482 0.4574168026447296 968
1781296684485 0.3354854881763458 969
1781296684487 0.3780739903450012 970
1781296684490 0.3835524022579193 971
1781296684492 0.40855082869529724 972
1781296684495 0.47190049290657043 973
1781296684497 0.16472545266151428 974
1781296684499 0.309425413608551 975
1781296684502 0.12452536821365356 976
1781296684504 0.2169373333454132 977
1781296684507 0.21399220824241638 978
1781296684509 0.38758236169815063 979
1781296684513 0.6136151552200317 980
1781296684515 0.6046130061149597 981
1781296684517 0.32714927196502686 982
1781296684520 0.5090091824531555 983
1781296684522 0.27518579363822937 984
1781296684524 0.3303607404232025 985
1781296684527 0.3995688259601593 986
1781296684530 0.2870669662952423 987
1781296684533 0.49594616889953613 988
1781296684536 0.15687422454357147 989
1781296684539 0.16333824396133423 990
1781296684542 0.34205737709999084 991
1781296684545 0.33386868238449097 992
1781296684548 0.3410496115684509 993
1781296684551 0.3369286060333252 994
1781296684554 0.24729683995246887 995
1781296684557 0.35137632489204407 996
1781296684561 0.28450271487236023 997
1781296684564 0.31230470538139343 998
1781296684568 0.3973858058452606 999
1781296684570 0.47760897874832153 1000
1781296684573 0.2584495544433594 1001
1781296684577 0.18605583906173706 1002
1781296684580 0.189124196767807 1003
1781296684584 0.3383788466453552 1004
1781296684586 0.2370036393404007 1005
1781296684588 0.4493907690048218 1006
1781296684591 0.5769926905632019 1007
1781296684594 0.49081021547317505 1008
1781296684596 0.37612083554267883 1009
1781296684599 0.4317370653152466 1010
1781296684603 0.2535479664802551 1011
1781296684605 0.30576983094215393 1012
1781296684607 0.14155153930187225 1013
1781296684610 0.2874875068664551 1014
1781296684613 0.3486844599246979 1015
1781296684616 0.3286246955394745 1016
1781296684618 0.41397109627723694 1017
1781296684620 0.28099799156188965 1018
1781296684622 0.3604840338230133 1019
1781296684628 0.2406107485294342 1020
1781296684632 0.17634418606758118 1021
1781296684636 0.4082934856414795 1022
1781296684638 0.39778995513916016 1023
1781296684642 0.6396464705467224 1024
1781296684645 0.38713693618774414 1025
1781296684648 0.33297213912010193 1026
1781296684650 0.24357059597969055 1027
1781296684652 0.2541261315345764 1028
1781296684655 0.16737347841262817 1029
1781296684657 0.3229941725730896 1030
1781296684659 0.35304975509643555 1031
1781296684662 0.399032860994339 1032
1781296684665 0.37279653549194336 1033
1781296684667 0.2582316994667053 1034
1781296684669 0.27297359704971313 1035
1781296684671 0.31123724579811096 1036
1781296684674 0.3562626242637634 1037
1781296684677 0.33720114827156067 1038
1781296684680 0.25278180837631226 1039
1781296684682 0.4175001084804535 1040
1781296684685 0.3065377473831177 1041
1781296684688 0.13413210213184357 1042
1781296684691 0.4482199549674988 1043
1781296684694 0.5682666301727295 1044
1781296684697 0.27690088748931885 1045
1781296684699 0.24409423768520355 1046
1781296684703 0.2849080264568329 1047
1781296684707 0.3303474485874176 1048
1781296684709 0.36130213737487793 1049
1781296684713 0.3680865168571472 1050
1781296684717 0.40060117840766907 1051
1781296684719 0.3146366775035858 1052
1781296684721 0.37147149443626404 1053
1781296684724 0.18317578732967377 1054
1781296684727 0.27830833196640015 1055
1781296684730 0.4210679233074188 1056
1781296684732 0.37351489067077637 1057
1781296684735 0.4351658821105957 1058
1781296684737 0.30516162514686584 1059
1781296684740 0.4881300628185272 1060
1781296684743 0.4729069471359253 1061
1781296684747 0.301332950592041 1062
1781296684751 0.44755417108535767 1063
1781296684754 0.4557882845401764 1064
1781296684756 0.3078136444091797 1065
1781296684758 0.2737787961959839 1066
1781296684761 0.2761063277721405 1067
1781296684764 0.48691436648368835 1068
1781296684767 0.29587599635124207 1069
1781296684769 0.23485210537910461 1070
1781296684771 0.39089128375053406 1071
1781296684773 0.38281935453414917 1072
1781296684778 0.6998600959777832 1073
1781296684782 0.4168260097503662 1074
1781296684785 0.18553632497787476 1075
1781296684788 0.40744978189468384 1076
1781296684791 0.6568126678466797 1077
1781296684796 0.24213840067386627 1078
1781296684798 0.507495641708374 1079
1781296684801 0.1889389604330063 1080
1781296684804 0.308508038520813 1081
1781296684806 0.304238885641098 1082
1781296684808 0.3625260889530182 1083
1781296684813 0.4030461609363556 1084
1781296684816 0.4208833575248718 1085
1781296684819 0.2971200942993164 1086
1781296684822 0.3283044695854187 1087
1781296684826 0.30920058488845825 1088
1781296684829 0.34752219915390015 1089
1781296684832 0.25954127311706543 1090
1781296684835 0.443687379360199 1091
1781296684838 0.30986833572387695 1092
1781296684841 0.383141428232193 1093
1781296684843 0.21944573521614075 1094
1781296684846 0.39687713980674744 1095
1781296684850 0.24092815816402435 1096
1781296684853 0.453098863363266 1097
1781296684855 0.39733272790908813 1098
1781296684858 0.2078266590833664 1099
1781296684861 0.5588952898979187 1100
1781296684864 0.5227717757225037 1101
1781296684866 0.43112844228744507 1102
1781296684869 0.24036099016666412 1103
1781296684873 0.2961582541465759 1104
1781296684875 0.2256653755903244 1105
1781296684879 0.42785730957984924 1106
1781296684882 0.2879633605480194 1107
1781296684885 0.47056642174720764 1108
1781296684888 0.3356102406978607 1109
1781296684890 0.33770063519477844 1110
1781296684893 0.28680357336997986 1111
1781296684896 0.31818175315856934 1112
1781296684898 0.5284346342086792 1113
1781296684900 0.3731572926044464 1114
1781296684903 0.43200135231018066 1115
1781296684905 0.3187945783138275 1116
1781296684907 0.29134461283683777 1117
1781296684910 0.4777301251888275 1118
1781296684913 0.182653546333313 1119
1781296684915 0.12873700261116028 1120
1781296684918 0.19455310702323914 1121
1781296684920 0.33868056535720825 1122
1781296684922 0.30618816614151 1123
1781296684925 0.2066059559583664 1124
1781296684929 0.22031237185001373 1125
1781296684933 0.4958881437778473 1126
1781296684935 0.43125391006469727 1127
1781296684938 0.4217568039894104 1128
1781296684940 0.47976937890052795 1129
1781296684942 0.20760990679264069 1130
1781296684946 0.3307301998138428 1131
1781296684950 0.48595309257507324 1132
1781296684953 0.2917175590991974 1133
1781296684956 0.38594403862953186 1134
1781296684958 0.29833555221557617 1135
1781296684963 0.2608187198638916 1136
1781296684966 0.3509542644023895 1137
1781296684969 0.4416801631450653 1138
1781296684971 0.33582013845443726 1139
1781296684974 0.45217886567115784 1140
1781296684976 0.2132323831319809 1141
1781296684980 0.29240643978118896 1142
1781296684983 0.3897714614868164 1143
1781296684985 0.3694840371608734 1144
1781296684988 0.27734142541885376 1145
1781296684990 0.22319039702415466 1146
1781296684994 0.3912559449672699 1147
1781296684997 0.3970890939235687 1148
1781296685000 0.48419898748397827 1149
1781296685002 0.3021109998226166 1150
1781296685005 0.19142723083496094 1151
1781296685008 0.2641622722148895 1152
1781296685011 0.46266910433769226 1153
1781296685014 0.22450385987758636 1154
1781296685017 0.27836254239082336 1155
1781296685019 0.5269967913627625 1156
1781296685023 0.4441818296909332 1157
1781296685026 0.3041379153728485 1158
1781296685029 0.4140566885471344 1159
1781296685032 0.48021116852760315 1160
1781296685034 0.49877241253852844 1161
1781296685036 0.5080344080924988 1162
1781296685038 0.19609762728214264 1163
1781296685042 0.423936665058136 1164
1781296685045 0.2034994512796402 1165
1781296685050 0.2272091656923294 1166
1781296685052 0.17052844166755676 1167
1781296685055 0.3023737967014313 1168
1781296685058 0.37737834453582764 1169
1781296685060 0.19592012465000153 1170
1781296685063 0.35742419958114624 1171
1781296685065 0.22113995254039764 1172
1781296685067 0.3768622577190399 1173
1781296685070 0.38067933917045593 1174
1781296685072 0.3083702325820923 1175
1781296685076 0.3355257213115692 1176
1781296685079 0.23332035541534424 1177
1781296685081 0.3595188856124878 1178
1781296685085 0.392855703830719 1179
1781296685087 0.29184961318969727 1180
1781296685091 0.20223785936832428 1181
1781296685094 0.4134421646595001 1182
1781296685097 0.43032780289649963 1183
1781296685099 0.531198263168335 1184
1781296685101 0.3048418164253235 1185
1781296685103 0.28090202808380127 1186
1781296685105 0.2908085286617279 1187
1781296685108 0.2692521810531616 1188
1781296685111 0.27722200751304626 1189
1781296685114 0.2770799398422241 1190
1781296685116 0.3469078540802002 1191
1781296685119 0.2786162197589874 1192
1781296685122 0.3254905939102173 1193
1781296685125 0.25581854581832886 1194
1781296685128 0.2839653193950653 1195
1781296685131 0.24132302403450012 1196
1781296685134 0.23030921816825867 1197
1781296685137 0.5841986536979675 1198
1781296685139 0.363040030002594 1199
1781296685141 0.6205070614814758 1200
1781296685144 0.4375706911087036 1201
1781296685147 0.39708927273750305 1202
1781296685150 0.6523984670639038 1203
1781296685152 0.2838191092014313 1204
1781296685155 0.39457741379737854 1205
1781296685157 0.4625001549720764 1206
1781296685159 0.2887142598628998 1207
1781296685162 0.2295324206352234 1208
1781296685165 0.2611359655857086 1209
1781296685168 0.3385911285877228 1210
1781296685170 0.20794613659381866 1211
1781296685173 0.5853659510612488 1212
1781296685175 0.34557944536209106 1213
1781296685178 0.372354656457901 1214
1781296685181 0.2968091666698456 1215
1781296685183 0.16667479276657104 1216
1781296685186 0.27563926577568054 1217
1781296685188 0.1690952479839325 1218
1781296685190 0.2882000803947449 1219
1781296685192 0.40279150009155273 1220
1781296685195 0.3836759924888611 1221
1781296685198 0.32912471890449524 1222
1781296685200 0.2852250933647156 1223
1781296685203 0.24716167151927948 1224
1781296685206 0.46015214920043945 1225
1781296685208 0.3319152593612671 1226
1781296685211 0.454159140586853 1227
1781296685214 0.3764055669307709 1228
1781296685218 0.552480936050415 1229
1781296685220 0.19110694527626038 1230
1781296685223 0.40171846747398376 1231
1781296685225 0.42160406708717346 1232
1781296685228 0.2602410614490509 1233
1781296685232 0.2980335056781769 1234
1781296685234 0.5007945895195007 1235
1781296685236 0.2434355467557907 1236
1781296685238 0.2653508484363556 1237
1781296685240 0.24103930592536926 1238
1781296685242 0.42453327775001526 1239
1781296685247 0.4557000994682312 1240
1781296685249 0.37892332673072815 1241
1781296685252 0.33731716871261597 1242
1781296685254 0.2833021581172943 1243
1781296685258 0.3219837546348572 1244
1781296685261 0.29414018988609314 1245
1781296685264 0.46135735511779785 1246
1781296685266 0.23198285698890686 1247
1781296685268 0.2898431718349457 1248
1781296685271 0.3197539150714874 1249
1781296685274 0.28662848472595215 1250
1781296685277 0.19084005057811737 1251
1781296685280 0.3561736047267914 1252
1781296685282 0.3725496530532837 1253
1781296685285 0.2750578820705414 1254
1781296685288 0.32399067282676697 1255
1781296685290 0.47846880555152893 1256
1781296685294 0.4376480281352997 1257
1781296685297 0.17994248867034912 1258
1781296685299 0.507022500038147 1259
1781296685301 0.30779871344566345 1260
1781296685304 0.3375380039215088 1261
1781296685307 0.22457543015480042 1262
1781296685310 0.2558346688747406 1263
1781296685313 0.277809202671051 1264
1781296685315 0.2609860301017761 1265
1781296685318 0.2770855128765106 1266
1781296685320 0.5359836220741272 1267
1781296685323 0.37638476490974426 1268
1781296685325 0.20927348732948303 1269
1781296685328 0.15371446311473846 1270
1781296685332 0.28971007466316223 1271
1781296685335 0.582263708114624 1272
1781296685338 0.3912726938724518 1273
1781296685341 0.3625779449939728 1274
1781296685344 0.43306607007980347 1275
1781296685347 0.4156736731529236 1276
1781296685350 0.5378934741020203 1277
1781296685352 0.535733699798584 1278
1781296685354 0.45739009976387024 1279
1781296685358 0.38671958446502686 1280
1781296685361 0.35167476534843445 1281
1781296685365 0.308498740196228 1282
1781296685368 0.5996407866477966 1283
1781296685370 0.16671428084373474 1284
1781296685372 0.46645355224609375 1285
1781296685376 0.2781601548194885 1286
1781296685379 0.38859954476356506 1287
1781296685382 0.4529240131378174 1288
1781296685384 0.3503057360649109 1289
1781296685387 0.286800742149353 1290
1781296685390 0.21488656103610992 1291
1781296685392 0.3421992361545563 1292
1781296685394 0.18789136409759521 1293
1781296685397 0.3757667541503906 1294
1781296685399 0.4439705014228821 1295
1781296685402 0.29039236903190613 1296
1781296685404 0.5981376767158508 1297
1781296685407 0.3148641884326935 1298
1781296685409 0.14690715074539185 1299
1781296685412 0.4714002311229706 1300
1781296685414 0.30152085423469543 1301
1781296685417 0.2794136106967926 1302
1781296685419 0.21099230647087097 1303
1781296685421 0.37533676624298096 1304
1781296685423 0.406726211309433 1305
1781296685426 0.40866023302078247 1306
1781296685429 0.15947502851486206 1307
1781296685431 0.4365618824958801 1308
1781296685434 0.5692421197891235 1309
1781296685436 0.3388328552246094 1310
1781296685438 0.1432584971189499 1311
1781296685440 0.28062254190444946 1312
1781296685442 0.2953750193119049 1313
1781296685445 0.326134592294693 1314
1781296685447 0.2918248474597931 1315
1781296685450 0.29631876945495605 1316
1781296685452 0.24139705300331116 1317
1781296685454 0.3235867917537689 1318
1781296685456 0.3080771267414093 1319
1781296685458 0.24886415898799896 1320
1781296685462 0.5189073085784912 1321
1781296685465 0.5519967079162598 1322
1781296685467 0.3346421420574188 1323
1781296685469 0.18189039826393127 1324
1781296685471 0.2765427231788635 1325
1781296685474 0.15360449254512787 1326
1781296685476 0.2537236213684082 1327
1781296685479 0.34282806515693665 1328
1781296685481 0.20557110011577606 1329
1781296685484 0.17469947040081024 1330
1781296685488 0.4697727560997009 1331
1781296685490 0.20281049609184265 1332
1781296685492 0.3379889726638794 1333
1781296685495 0.39912736415863037 1334
1781296685497 0.37055930495262146 1335
1781296685499 0.4586220681667328 1336
1781296685502 0.3148810565471649 1337
1781296685504 0.3655111789703369 1338
1781296685506 0.3632546663284302 1339
1781296685509 0.2409002035856247 1340
1781296685513 0.47345593571662903 1341
1781296685515 0.38048055768013 1342
1781296685517 0.4831203818321228 1343
1781296685519 0.2599753737449646 1344
1781296685522 0.2782624661922455 1345
1781296685524 0.2267192304134369 1346
1781296685526 0.4028056859970093 1347
1781296685529 0.5894755125045776 1348
1781296685531 0.24395862221717834 1349
1781296685534 0.44781386852264404 1350
1781296685536 0.2156466692686081 1351
1781296685538 0.44453519582748413 1352
1781296685540 0.520629346370697 1353
1781296685543 0.32200562953948975 1354
1781296685546 0.4505579471588135 1355
1781296685548 0.28874361515045166 1356
1781296685550 0.3254050016403198 1357
1781296685554 0.2053038328886032 1358
1781296685556 0.34727150201797485 1359
1781296685558 0.4295934736728668 1360
1781296685560 0.3307088613510132 1361
1781296685563 0.37440669536590576 1362
1781296685565 0.3764289617538452 1363
1781296685567 0.4214538633823395 1364
1781296685570 0.33041802048683167 1365
1781296685573 0.5113398432731628 1366
1781296685575 0.37947705388069153 1367
1781296685578 0.31451162695884705 1368
1781296685580 0.35946884751319885 1369
1781296685582 0.4726746082305908 1370
1781296685585 0.26162606477737427 1371
1781296685587 0.3158789873123169 1372
1781296685589 0.2753504514694214 1373
1781296685592 0.23845411837100983 1374
1781296685595 0.266941100358963 1375
1781296685597 0.4473353922367096 1376
1781296685599 0.2576915919780731 1377
1781296685601 0.2892144024372101 1378
1781296685604 0.4553757607936859 1379
1781296685606 0.433881551027298 1380
1781296685608 0.25082358717918396 1381
1781296685611 0.37476179003715515 1382
1781296685613 0.32350441813468933 1383
1781296685615 0.28173336386680603 1384
1781296685618 0.28051355481147766 1385
1781296685620 0.6304726600646973 1386
1781296685622 0.6235264539718628 1387
1781296685624 0.3964862525463104 1388
1781296685627 0.24987269937992096 1389
1781296685629 0.40539196133613586 1390
1781296685632 0.24363945424556732 1391
1781296685634 0.34641632437705994 1392
1781296685636 0.23887473344802856 1393
1781296685638 0.2789354920387268 1394
1781296685641 0.43874481320381165 1395
1781296685643 0.3391193151473999 1396
1781296685645 0.39433038234710693 1397
1781296685648 0.3110412657260895 1398
1781296685650 0.3704031705856323 1399
1781296685652 0.32713693380355835 1400
1781296685655 0.2843625843524933 1401
1781296685657 0.511163592338562 1402
1781296685659 0.22529947757720947 1403
1781296685661 0.4357510507106781 1404
1781296685664 0.2636241316795349 1405
1781296685666 0.34949690103530884 1406
1781296685668 0.17287671566009521 1407
1781296685671 0.40403392910957336 1408
1781296685674 0.1909160017967224 1409
1781296685676 0.12608622014522552 1410
1781296685681 0.28881746530532837 1411
1781296685683 0.47833073139190674 1412
1781296685685 0.29015451669692993 1413
1781296685688 0.32633835077285767 1414
1781296685690 0.26092877984046936 1415
1781296685692 0.3170739412307739 1416
1781296685695 0.3106784224510193 1417
1781296685698 0.30535924434661865 1418
1781296685700 0.35263392329216003 1419
1781296685703 0.4292714595794678 1420
1781296685705 0.43281030654907227 1421
1781296685708 0.22653768956661224 1422
1781296685710 0.2626012861728668 1423
1781296685713 0.25787046551704407 1424
1781296685716 0.4841834604740143 1425
1781296685718 0.3330303728580475 1426
1781296685721 0.22279991209506989 1427
1781296685723 0.3447352945804596 1428
1781296685725 0.26544031500816345 1429
1781296685729 0.2668510377407074 1430
1781296685731 0.12471021711826324 1431
1781296685735 0.32151517271995544 1432
1781296685738 0.32190173864364624 1433
1781296685740 0.29671984910964966 1434
1781296685742 0.33143287897109985 1435
1781296685747 0.5423197150230408 1436
1781296685750 0.383402019739151 1437
1781296685753 0.2272702306509018 1438
1781296685755 0.3431525230407715 1439
1781296685758 0.30154505372047424 1440
1781296685760 0.3618323802947998 1441
1781296685763 0.2829245328903198 1442
1781296685766 0.31302329897880554 1443
1781296685769 0.2684084177017212 1444
1781296685771 0.3058919906616211 1445
1781296685773 0.2881045639514923 1446
1781296685776 0.18923033773899078 1447
1781296685779 0.3382120132446289 1448
1781296685781 0.36758896708488464 1449
1781296685784 0.3572293221950531 1450
1781296685787 0.3222867250442505 1451
1781296685790 0.5482697486877441 1452
1781296685792 0.3296842575073242 1453
1781296685796 0.3484376072883606 1454
1781296685799 0.28375717997550964 1455
1781296685801 0.33241456747055054 1456
1781296685805 0.3223443031311035 1457
1781296685807 0.3231215476989746 1458
1781296685810 0.3526206910610199 1459
1781296685813 0.217426136136055 1460
1781296685815 0.23757731914520264 1461
1781296685817 0.23859111964702606 1462
1781296685820 0.16531632840633392 1463
1781296685822 0.32638320326805115 1464
1781296685824 0.37311655282974243 1465
1781296685827 0.6438422203063965 1466
1781296685830 0.3508329689502716 1467
1781296685832 0.5474315285682678 1468
1781296685834 0.16390790045261383 1469
1781296685837 0.18029624223709106 1470
1781296685841 0.15736545622348785 1471
1781296685844 0.17079567909240723 1472
1781296685847 0.3082462251186371 1473
1781296685849 0.4235903024673462 1474
1781296685852 0.2998006045818329 1475
1781296685854 0.24893371760845184 1476
1781296685856 0.19125841557979584 1477
1781296685859 0.4927241802215576 1478
1781296685863 0.3896743953227997 1479
1781296685866 0.3542715013027191 1480
1781296685870 0.5109682083129883 1481
1781296685872 0.5237990021705627 1482
1781296685875 0.29272332787513733 1483
1781296685878 0.28459054231643677 1484
1781296685881 0.4309554994106293 1485
1781296685884 0.27623406052589417 1486
1781296685886 0.4289068281650543 1487
1781296685888 0.29659056663513184 1488
1781296685891 0.4202752113342285 1489
1781296685894 0.329500675201416 1490
1781296685897 0.20626327395439148 1491
1781296685899 0.4263380467891693 1492
1781296685901 0.34999504685401917 1493
1781296685904 0.19512657821178436 1494
1781296685906 0.410523384809494 1495
1781296685910 0.35296615958213806 1496
1781296685913 0.3295445144176483 1497
1781296685915 0.21963359415531158 1498
1781296685918 0.18642155826091766 1499
1781296685920 0.41691234707832336 1500
1781296685922 0.23577484488487244 1501
1781296685924 0.3718931972980499 1502
1781296685927 0.2637067437171936 1503
1781296685930 0.38417690992355347 1504
1781296685933 0.34242770075798035 1505
1781296685936 0.2672841548919678 1506
1781296685938 0.42390766739845276 1507
1781296685945 0.2594994902610779 1508
1781296685948 0.24973948299884796 1509
1781296685951 0.2547774910926819 1510
1781296685953 0.39345014095306396 1511
1781296685956 0.4414951801300049 1512
1781296685958 0.32891473174095154 1513
1781296685963 0.30861952900886536 1514
1781296685966 0.6765750646591187 1515
1781296685969 0.24949653446674347 1516
1781296685972 0.1772371530532837 1517
1781296685975 0.3970063328742981 1518
1781296685979 0.2952939569950104 1519
1781296685983 0.5118403434753418 1520
1781296685986 0.319912850856781 1521
1781296685989 0.27396509051322937 1522
1781296685992 0.38555726408958435 1523
1781296685998 0.6002156138420105 1524
1781296686002 0.269470751285553 1525
1781296686005 0.33845430612564087 1526
1781296686007 0.44240453839302063 1527
1781296686010 0.48362305760383606 1528
1781296686014 0.44838109612464905 1529
1781296686025 0.34714722633361816 1530
1781296686029 0.32225409150123596 1531
1781296686033 0.26025325059890747 1532
1781296686047 0.41940271854400635 1533
1781296686050 0.19633302092552185 1534
1781296686053 0.26851704716682434 1535
1781296686061 0.25450292229652405 1536
1781296686075 0.2908845543861389 1537
1781296686078 0.3145439028739929 1538
1781296686081 0.28408005833625793 1539
1781296686084 0.35268434882164 1540
1781296686087 0.4946958124637604 1541
1781296686090 0.253524512052536 1542
1781296686093 0.09532979130744934 1543
1781296686096 0.3439849317073822 1544
1781296686099 0.42416617274284363 1545
1781296686101 0.4178808927536011 1546
1781296686104 0.3342844247817993 1547
1781296686106 0.21159039437770844 1548
1781296686108 0.45035654306411743 1549
1781296686111 0.3450221121311188 1550
1781296686115 0.22488054633140564 1551
1781296686117 0.44364219903945923 1552
1781296686119 0.3329162895679474 1553
1781296686122 0.29909828305244446 1554
1781296686124 0.27655401825904846 1555
1781296686127 0.32392802834510803 1556
1781296686130 0.21384719014167786 1557
1781296686132 0.29898256063461304 1558
1781296686135 0.379477858543396 1559
1781296686137 0.3169495165348053 1560
1781296686140 0.32561466097831726 1561
1781296686142 0.19158637523651123 1562
1781296686146 0.23992623388767242 1563
1781296686149 0.3213493227958679 1564
1781296686151 0.15774177014827728 1565
1781296686154 0.2857716381549835 1566
1781296686156 0.29895341396331787 1567
1781296686158 0.20289796590805054 1568
1781296686161 0.11249955743551254 1569
1781296686163 0.40627798438072205 1570
1781296686166 0.42404186725616455 1571
1781296686169 0.4544055163860321 1572
1781296686171 0.2022199034690857 1573
1781296686173 0.22796130180358887 1574
1781296686177 0.3142012357711792 1575
1781296686180 0.31806784868240356 1576
1781296686184 0.5870758295059204 1577
1781296686188 0.19903451204299927 1578
1781296686190 0.1367647796869278 1579
1781296686194 0.2809612452983856 1580
1781296686197 0.46275249123573303 1581
1781296686199 0.31022554636001587 1582
1781296686202 0.39911994338035583 1583
1781296686204 0.3014504313468933 1584
1781296686207 0.3027871549129486 1585
1781296686210 0.4505094885826111 1586
1781296686213 0.268449068069458 1587
1781296686215 0.5284993648529053 1588
1781296686218 0.5153120160102844 1589
1781296686220 0.17531299591064453 1590
1781296686222 0.21129435300827026 1591
1781296686224 0.2519429922103882 1592
1781296686227 0.3814619779586792 1593
1781296686230 0.3480098247528076 1594
1781296686232 0.35725581645965576 1595
1781296686236 0.2706950008869171 1596
1781296686239 0.4873683750629425 1597
1781296686242 0.23640216886997223 1598
1781296686245 0.3581927418708801 1599
1781296686247 0.46431276202201843 1600
1781296686250 0.20136983692646027 1601
1781296686253 0.513848602771759 1602
1781296686255 0.37594860792160034 1603
1781296686257 0.30538037419319153 1604
1781296686260 0.26100802421569824 1605
1781296686263 0.17703811824321747 1606
1781296686265 0.476916640996933 1607
1781296686268 0.24450282752513885 1608
1781296686270 0.17935265600681305 1609
1781296686272 0.2543328106403351 1610
1781296686274 0.2281273901462555 1611
1781296686277 0.3311784863471985 1612
1781296686280 0.24955911934375763 1613
1781296686282 0.3943387567996979 1614
1781296686284 0.4369853436946869 1615
1781296686287 0.4788159430027008 1616
1781296686290 0.3760697543621063 1617
1781296686292 0.3660440742969513 1618
1781296686295 0.49496498703956604 1619
1781296686298 0.2574005126953125 1620
1781296686300 0.2579789161682129 1621
1781296686303 0.1479083001613617 1622
1781296686306 0.32155641913414 1623
1781296686308 0.3197321891784668 1624
1781296686313 0.25170522928237915 1625
1781296686315 0.3631913959980011 1626
1781296686318 0.34097129106521606 1627
1781296686320 0.4474867880344391 1628
1781296686323 0.3391443192958832 1629
1781296686325 0.3295791447162628 1630
1781296686328 0.3657793700695038 1631
1781296686331 0.44362378120422363 1632
1781296686333 0.21208316087722778 1633
1781296686335 0.24734584987163544 1634
1781296686338 0.2871423065662384 1635
1781296686340 0.22834797203540802 1636
1781296686344 0.15087614953517914 1637
1781296686346 0.29539352655410767 1638
1781296686349 0.2240498960018158 1639
1781296686351 0.45580044388771057 1640
1781296686353 0.23227599263191223 1641
1781296686355 0.2550394833087921 1642
1781296686358 0.35755103826522827 1643
1781296686360 0.20861327648162842 1644
1781296686363 0.340192973613739 1645
1781296686365 0.5011154413223267 1646
1781296686367 0.6483996510505676 1647
1781296686369 0.29418784379959106 1648
1781296686371 0.2404254525899887 1649
1781296686374 0.18261027336120605 1650
1781296686377 0.29681795835494995 1651
1781296686380 0.48677846789360046 1652
1781296686383 0.2191324681043625 1653
1781296686385 0.20493271946907043 1654
1781296686388 0.21141883730888367 1655
1781296686390 0.2599644660949707 1656
1781296686394 0.46904629468917847 1657
1781296686396 0.4550536274909973 1658
1781296686400 0.357765793800354 1659
1781296686403 0.31796446442604065 1660
1781296686406 0.43785226345062256 1661
1781296686408 0.2504381835460663 1662
1781296686411 0.2766302227973938 1663
1781296686414 0.5125104188919067 1664
1781296686416 0.3318857252597809 1665
1781296686418 0.2959321141242981 1666
1781296686421 0.2576024830341339 1667
1781296686423 0.287096232175827 1668
1781296686426 0.24508178234100342 1669
1781296686428 0.2266520857810974 1670
1781296686431 0.2987344264984131 1671
1781296686433 0.24005857110023499 1672
1781296686435 0.455649733543396 1673
1781296686437 0.6466854214668274 1674
1781296686440 0.30957645177841187 1675
1781296686444 0.19513975083827972 1676
1781296686447 0.418310284614563 1677
1781296686449 0.25937914848327637 1678
1781296686451 0.3309735953807831 1679
1781296686454 0.25604259967803955 1680
1781296686456 0.3308736979961395 1681
1781296686458 0.3881200850009918 1682
1781296686461 0.34796950221061707 1683
1781296686464 0.5888821482658386 1684
1781296686467 0.3762630224227905 1685
1781296686470 0.19113238155841827 1686
1781296686472 0.3266935348510742 1687
1781296686474 0.5136446952819824 1688
1781296686476 0.3034307360649109 1689
1781296686479 0.21130074560642242 1690
1781296686482 0.3647024631500244 1691
1781296686484 0.24372774362564087 1692
1781296686487 0.2817439138889313 1693
1781296686489 0.3330962657928467 1694
1781296686491 0.3870115280151367 1695
1781296686495 0.2528630495071411 1696
1781296686498 0.30128899216651917 1697
1781296686501 0.36811691522598267 1698
1781296686503 0.4464690685272217 1699
1781296686505 0.3723878562450409 1700
1781296686507 0.6034972667694092 1701
1781296686510 0.27106159925460815 1702
1781296686513 0.3729328215122223 1703
1781296686515 0.28610721230506897 1704
1781296686518 0.5915573239326477 1705
1781296686521 0.34619420766830444 1706
1781296686523 0.502029538154602 1707
1781296686525 0.3408080041408539 1708
1781296686528 0.1781594455242157 1709
1781296686531 0.26427921652793884 1710
1781296686535 0.20673498511314392 1711
1781296686537 0.30094170570373535 1712
1781296686540 0.3975581228733063 1713
1781296686542 0.43499791622161865 1714
1781296686545 0.37720176577568054 1715
1781296686548 0.2545388638973236 1716
1781296686551 0.3630785644054413 1717
1781296686553 0.3431091010570526 1718
1781296686557 0.4836481213569641 1719
1781296686559 0.2090776562690735 1720
1781296686562 0.18385049700737 1721
1781296686565 0.37954726815223694 1722
1781296686567 0.30168217420578003 1723
1781296686571 0.41234123706817627 1724
1781296686573 0.4368966817855835 1725
1781296686576 0.29310378432273865 1726
1781296686578 0.30690887570381165 1727
1781296686582 0.24944736063480377 1728
1781296686585 0.2448880523443222 1729
1781296686588 0.4397161900997162 1730
1781296686590 0.19617263972759247 1731
1781296686592 0.2587890625 1732
1781296686595 0.252981036901474 1733
1781296686599 0.5179410576820374 1734
1781296686601 0.3500385880470276 1735
1781296686603 0.32933029532432556 1736
1781296686606 0.3882546126842499 1737
1781296686608 0.34631580114364624 1738
1781296686611 0.24597033858299255 1739
1781296686613 0.16351599991321564 1740
1781296686615 0.23677325248718262 1741
1781296686618 0.30152806639671326 1742
1781296686621 0.35081249475479126 1743
1781296686623 0.40031129121780396 1744
1781296686626 0.2691669464111328 1745
1781296686629 0.16264203190803528 1746
1781296686633 0.2514732778072357 1747
1781296686635 0.4674823582172394 1748
1781296686637 0.35025569796562195 1749
1781296686640 0.11962886154651642 1750
1781296686642 0.2014368176460266 1751
1781296686644 0.2227979600429535 1752
1781296686647 0.2792525887489319 1753
1781296686649 0.4361143112182617 1754
1781296686652 0.293397456407547 1755
1781296686654 0.26405036449432373 1756
1781296686656 0.1562843769788742 1757
1781296686659 0.2838829755783081 1758
1781296686662 0.39047572016716003 1759
1781296686665 0.12172891199588776 1760
1781296686668 0.16365835070610046 1761
1781296686670 0.3617999255657196 1762
1781296686673 0.15496940910816193 1763
1781296686675 0.18226952850818634 1764
1781296686679 0.40125536918640137 1765
1781296686682 0.360174298286438 1766
1781296686685 0.23025840520858765 1767
1781296686687 0.22716501355171204 1768
1781296686690 0.26785895228385925 1769
1781296686692 0.45397821068763733 1770
1781296686695 0.515698254108429 1771
1781296686698 0.2408168613910675 1772
1781296686700 0.20943477749824524 1773
1781296686703 0.389507532119751 1774
1781296686705 0.31682875752449036 1775
1781296686707 0.28581881523132324 1776
1781296686713 0.23511038720607758 1777
1781296686717 0.2884044051170349 1778
1781296686720 0.346842885017395 1779
1781296686722 0.243737131357193 1780
1781296686724 0.17709170281887054 1781
1781296686727 0.4271688461303711 1782
1781296686729 0.23793542385101318 1783
1781296686732 0.2420242577791214 1784
1781296686735 0.3267182409763336 1785
1781296686737 0.5054360628128052 1786
1781296686740 0.22724686563014984 1787
1781296686742 0.2711130380630493 1788
1781296686745 0.3906339704990387 1789
1781296686748 0.33254504203796387 1790
1781296686751 0.22314423322677612 1791
1781296686753 0.4064226746559143 1792
1781296686755 0.3029939532279968 1793
1781296686758 0.39899441599845886 1794
1781296686760 0.5305851697921753 1795
1781296686762 0.42629924416542053 1796
1781296686765 0.08792556822299957 1797
1781296686767 0.4913940131664276 1798
1781296686769 0.1828194111585617 1799
1781296686773 0.48205724358558655 1800
1781296686775 0.3245092034339905 1801
1781296686779 0.31258419156074524 1802
1781296686781 0.28444239497184753 1803
1781296686784 0.43504196405410767 1804
1781296686786 0.17614354193210602 1805
1781296686790 0.2997105121612549 1806
1781296686793 0.2807375490665436 1807
1781296686796 0.4355386793613434 1808
1781296686799 0.23699137568473816 1809
1781296686803 0.3382042348384857 1810
1781296686805 0.36220166087150574 1811
1781296686808 0.6933625936508179 1812
1781296686811 0.2945699393749237 1813
1781296686814 0.47889769077301025 1814
1781296686817 0.31982260942459106 1815
1781296686820 0.22960498929023743 1816
1781296686822 0.4906209707260132 1817
1781296686824 0.23713938891887665 1818
1781296686829 0.274719774723053 1819
1781296686831 0.27561745047569275 1820
1781296686835 0.3590623736381531 1821
1781296686837 0.28348520398139954 1822
1781296686841 0.33680108189582825 1823
1781296686844 0.30760008096694946 1824
1781296686848 0.3481777310371399 1825
1781296686850 0.3215511739253998 1826
1781296686854 0.3606645166873932 1827
1781296686857 0.3569244146347046 1828
1781296686859 0.2763902246952057 1829
1781296686862 0.2242135852575302 1830
1781296686864 0.33956000208854675 1831
1781296686868 0.22029909491539001 1832
1781296686870 0.3523820638656616 1833
1781296686874 0.23329459130764008 1834
1781296686877 0.26358696818351746 1835
1781296686880 0.15685135126113892 1836
1781296686884 0.5564457774162292 1837
1781296686887 0.2459704726934433 1838
1781296686891 0.21216727793216705 1839
1781296686893 0.2723093628883362 1840
1781296686896 0.36373573541641235 1841
1781296686899 0.4758440852165222 1842
1781296686902 0.36514514684677124 1843
1781296686905 0.449652761220932 1844
1781296686907 0.31665199995040894 1845
1781296686910 0.29545858502388 1846
1781296686913 0.3045543432235718 1847
1781296686916 0.2008470892906189 1848
1781296686919 0.257865846157074 1849
1781296686922 0.2870090901851654 1850
1781296686926 0.14981909096240997 1851
1781296686929 0.3206147849559784 1852
1781296686932 0.17649202048778534 1853
1781296686935 0.42437970638275146 1854
1781296686937 0.5437672138214111 1855
1781296686941 0.49725064635276794 1856
1781296686946 0.2596568763256073 1857
1781296686949 0.265733927488327 1858
1781296686954 0.40686944127082825 1859
1781296686956 0.2744736075401306 1860
1781296686960 0.4611402451992035 1861
1781296686963 0.2848619520664215 1862
1781296686965 0.4120281934738159 1863
1781296686968 0.26023030281066895 1864
1781296686971 0.31356364488601685 1865
1781296686973 0.27958351373672485 1866
1781296686976 0.21901656687259674 1867
1781296686979 0.367790162563324 1868
1781296686981 0.4188291132450104 1869
1781296686986 0.1661510020494461 1870
1781296686988 0.38536638021469116 1871
1781296686992 0.4537508189678192 1872
1781296686995 0.2067233771085739 1873
1781296687149 0.23523610830307007 1874
1781296687154 0.2532429099082947 1875
1781296687158 0.5008481740951538 1876
1781296687161 0.24342507123947144 1877
1781296687165 0.2945898175239563 1878
1781296687167 0.22483395040035248 1879
1781296687170 0.22505474090576172 1880
1781296687172 0.2406032532453537 1881
1781296687175 0.3270225524902344 1882
1781296687178 0.3101266026496887 1883
1781296687182 0.20167899131774902 1884
1781296687185 0.2047700434923172 1885
1781296687188 0.2691666781902313 1886
1781296687191 0.34913337230682373 1887
1781296687194 0.23517949879169464 1888
1781296687197 0.32579487562179565 1889
1781296687199 0.3212844431400299 1890
1781296687201 0.4022054672241211 1891
1781296687203 0.18499453365802765 1892
1781296687206 0.3204311728477478 1893
1781296687210 0.20667098462581635 1894
1781296687213 0.23522557318210602 1895
1781296687215 0.5491211414337158 1896
1781296687218 0.19770748913288116 1897
1781296687220 0.20751717686653137 1898
1781296687223 0.2752493619918823 1899
1781296687225 0.3922578692436218 1900
1781296687229 0.5038647651672363 1901
1781296687231 0.4260441064834595 1902
1781296687235 0.22511112689971924 1903
1781296687237 0.17109443247318268 1904
1781296687239 0.3451404571533203 1905
1781296687243 0.4968828856945038 1906
1781296687246 0.30217990279197693 1907
1781296687249 0.22992922365665436 1908
1781296687253 0.27631646394729614 1909
1781296687255 0.2550780177116394 1910
1781296687258 0.5045211315155029 1911
1781296687261 0.2864900529384613 1912
1781296687263 0.5771019458770752 1913
1781296687267 0.4539508819580078 1914
1781296687269 0.2940714657306671 1915
1781296687271 0.27877166867256165 1916
1781296687274 0.312595397233963 1917
1781296687277 0.45592930912971497 1918
1781296687280 0.37500616908073425 1919
1781296687282 0.21755725145339966 1920
1781296687285 0.16501374542713165 1921
1781296687287 0.24259531497955322 1922
1781296687289 0.277521550655365 1923
1781296687291 0.45252835750579834 1924
1781296687294 0.18220099806785583 1925
1781296687297 0.43290719389915466 1926
1781296687299 0.20077911019325256 1927
1781296687302 0.2801362872123718 1928
1781296687304 0.3313848674297333 1929
1781296687306 0.34659141302108765 1930
1781296687310 0.46203264594078064 1931
1781296687313 0.26245108246803284 1932
1781296687316 0.5824384689331055 1933
1781296687319 0.4124123752117157 1934
1781296687321 0.22099515795707703 1935
1781296687323 0.38962680101394653 1936
1781296687326 0.31973767280578613 1937
1781296687330 0.35131052136421204 1938
1781296687332 0.24380458891391754 1939
1781296687335 0.6091605424880981 1940
1781296687337 0.22281640768051147 1941
1781296687339 0.2868429124355316 1942
1781296687343 0.650650143623352 1943
1781296687346 0.16649170219898224 1944
1781296687349 0.3012228310108185 1945
1781296687352 0.18835073709487915 1946
1781296687356 0.28576672077178955 1947
1781296687359 0.1967848837375641 1948
1781296687363 0.30608537793159485 1949
1781296687365 0.3626561462879181 1950
1781296687369 0.17497357726097107 1951
1781296687371 0.3605346977710724 1952
1781296687374 0.2712668180465698 1953
1781296687377 0.573656439781189 1954
1781296687380 0.2560792565345764 1955
1781296687382 0.5450491309165955 1956
1781296687385 0.2574591338634491 1957
1781296687388 0.5830662846565247 1958
1781296687390 0.24630847573280334 1959
1781296687395 0.4100927412509918 1960
1781296687398 0.21383172273635864 1961
1781296687401 0.17349344491958618 1962
1781296687405 0.3928079903125763 1963
1781296687407 0.2288064807653427 1964
1781296687411 0.2668127715587616 1965
1781296687415 0.47613176703453064 1966
1781296687417 0.22790437936782837 1967
1781296687421 0.1528952568769455 1968
1781296687423 0.2845827043056488 1969
1781296687426 0.27000191807746887 1970
1781296687429 0.23778532445430756 1971
1781296687432 0.2762173116207123 1972
1781296687435 0.2649710476398468 1973
1781296687437 0.3300599157810211 1974
1781296687440 0.24542297422885895 1975
1781296687442 0.4820348024368286 1976
1781296687445 0.3325638771057129 1977
1781296687448 0.30624836683273315 1978
1781296687451 0.271761953830719 1979
1781296687454 0.31706205010414124 1980
1781296687456 0.3504147529602051 1981
1781296687458 0.20926113426685333 1982
1781296687461 0.33682575821876526 1983
1781296687464 0.268018513917923 1984
1781296687466 0.23265504837036133 1985
1781296687470 0.26532796025276184 1986
1781296687472 0.29916563630104065 1987
1781296687474 0.3135555684566498 1988
1781296687479 0.2953847646713257 1989
1781296687482 0.1907179206609726 1990
1781296687485 0.2939136326313019 1991
1781296687489 0.46149030327796936 1992
1781296687491 0.34049075841903687 1993
1781296687495 0.35911422967910767 1994
1781296687498 0.25434350967407227 1995
1781296687502 0.25792431831359863 1996
1781296687505 0.3494609594345093 1997
1781296687507 0.39502963423728943 1998
1781296687510 0.20851843059062958 1999
1781296687513 0.3078586161136627 2000
1781296687516 0.2762416899204254 2001
1781296687519 0.25430944561958313 2002
1781296687521 0.3144056499004364 2003
1781296687523 0.3868866562843323 2004
1781296687525 0.12680189311504364 2005
1781296687528 0.24924439191818237 2006
1781296687530 0.16850817203521729 2007
1781296687532 0.39711204171180725 2008
1781296687535 0.2190771996974945 2009
1781296687538 0.22366493940353394 2010
1781296687540 0.36172398924827576 2011
1781296687543 0.37340155243873596 2012
1781296687545 0.45675504207611084 2013
1781296687548 0.4994972348213196 2014
1781296687551 0.24121615290641785 2015
1781296687553 0.43991750478744507 2016
1781296687556 0.3221810758113861 2017
1781296687559 0.4439191520214081 2018
1781296687562 0.28216108679771423 2019
1781296687566 0.3664923310279846 2020
1781296687568 0.43196359276771545 2021
1781296687571 0.34614938497543335 2022
1781296687573 0.4068280756473541 2023
1781296687575 0.30403992533683777 2024
1781296687578 0.1710776537656784 2025
1781296687581 0.2681320905685425 2026
1781296687583 0.315261572599411 2027
1781296687587 0.26751360297203064 2028
1781296687590 0.1837519109249115 2029
1781296687594 0.24205486476421356 2030
1781296687597 0.1717689484357834 2031
1781296687602 0.3265390694141388 2032
1781296687604 0.37091654539108276 2033
1781296687607 0.2730000615119934 2034
1781296687609 0.20314349234104156 2035
1781296687613 0.3281165659427643 2036
1781296687616 0.2589055597782135 2037
1781296687619 0.3341749906539917 2038
1781296687623 0.17947296798229218 2039
1781296687629 0.37971070408821106 2040
1781296687632 0.24517342448234558 2041
1781296687635 0.29176923632621765 2042
1781296687637 0.40462303161621094 2043
1781296687640 0.37750664353370667 2044
1781296687643 0.27829107642173767 2045
1781296687676 0.5318740606307983 2046
1781296687680 0.35556095838546753 2047
1781296687684 0.4099442958831787 2048
1781296687697 0.32956641912460327 2049
1781296687703 0.3464842736721039 2050
1781296687708 0.35509365797042847 2051
1781296687712 0.29982686042785645 2052
1781296687715 0.3937831521034241 2053
1781296687717 0.23497280478477478 2054
1781296687720 0.34310436248779297 2055
1781296687723 0.35743874311447144 2056
1781296687725 0.3511578440666199 2057
1781296687728 0.4594660699367523 2058
1781296687731 0.3547794818878174 2059
1781296687734 0.4039195477962494 2060
1781296687736 0.13150441646575928 2061
1781296687738 0.2066388875246048 2062
1781296687741 0.18488271534442902 2063
1781296687743 0.28218740224838257 2064
1781296687746 0.40571942925453186 2065
1781296687748 0.3895910978317261 2066
1781296687751 0.2580236792564392 2067
1781296687753 0.3077397644519806 2068
1781296687755 0.19144876301288605 2069
1781296687758 0.2246423363685608 2070
1781296687761 0.3989517390727997 2071
1781296687764 0.1300344616174698 2072
1781296687766 0.2555672824382782 2073
1781296687768 0.1681445986032486 2074
1781296687771 0.4299831688404083 2075
1781296687773 0.2797417640686035 2076
1781296687775 0.38474977016448975 2077
1781296687779 0.25947141647338867 2078
1781296687782 0.20847737789154053 2079
1781296687785 0.2494041919708252 2080
1781296687789 0.405422568321228 2081
1781296687792 0.2648501396179199 2082
1781296687797 0.35173943638801575 2083
1781296687799 0.3932059705257416 2084
1781296687802 0.3791966140270233 2085
1781296687804 0.2998024523258209 2086
1781296687807 0.3324888348579407 2087
1781296687809 0.18558131158351898 2088
1781296687813 0.2176458239555359 2089
1781296687815 0.5022685527801514 2090
1781296687819 0.30402517318725586 2091
1781296687821 0.29404833912849426 2092
1781296687823 0.3789668083190918 2093
1781296687825 0.17218293249607086 2094
1781296687829 0.33872443437576294 2095
1781296687831 0.1961582452058792 2096
1781296687834 0.5683814883232117 2097
1781296687836 0.40004000067710876 2098
1781296687838 0.22849813103675842 2099
1781296687841 0.27447018027305603 2100
1781296687844 0.42804282903671265 2101
1781296687847 0.3896466791629791 2102
1781296687849 0.23307456076145172 2103
1781296687851 0.30282706022262573 2104
1781296687855 0.26454514265060425 2105
1781296687857 0.39116841554641724 2106
1781296687861 0.3287145793437958 2107
1781296687864 0.264860600233078 2108
1781296687866 0.44633185863494873 2109
1781296687868 0.24747490882873535 2110
1781296687870 0.4362613260746002 2111
1781296687873 0.26771652698516846 2112
1781296687875 0.29960691928863525 2113
1781296687880 0.2095889151096344 2114
1781296687882 0.22665943205356598 2115
1781296687885 0.38524580001831055 2116
1781296687887 0.09306944161653519 2117
1781296687890 0.43060439825057983 2118
1781296687893 0.2661145031452179 2119
1781296687896 0.5310983657836914 2120
1781296687898 0.16421830654144287 2121
1781296687901 0.19083672761917114 2122
1781296687903 0.35448509454727173 2123
1781296687906 0.40905627608299255 2124
1781296687908 0.3027293086051941 2125
1781296687911 0.19299253821372986 2126
1781296687914 0.39118754863739014 2127
1781296687917 0.3427514433860779 2128
1781296687919 0.3312188386917114 2129
1781296687921 0.18789826333522797 2130
1781296687924 0.3009951412677765 2131
1781296687926 0.23990179598331451 2132
1781296687929 0.2870233356952667 2133
1781296687931 0.3776312470436096 2134
1781296687933 0.22989971935749054 2135
1781296687936 0.19169476628303528 2136
1781296687938 0.14954037964344025 2137
1781296687940 0.20574164390563965 2138
1781296687943 0.43912795186042786 2139
1781296687946 0.4868937134742737 2140
1781296687948 0.2515656352043152 2141
1781296687951 0.41737982630729675 2142
1781296687953 0.1500287503004074 2143
1781296687955 0.36307111382484436 2144
1781296687958 0.25882488489151 2145
1781296687961 0.3733176589012146 2146
1781296687963 0.2470148205757141 2147
1781296687966 0.4366416335105896 2148
1781296687969 0.23577150702476501 2149
1781296687972 0.36660245060920715 2150
1781296687975 0.33696630597114563 2151
1781296687978 0.15041621029376984 2152
1781296687981 0.23164278268814087 2153
1781296687984 0.4104838967323303 2154
1781296687987 0.23252040147781372 2155
1781296687990 0.3359323740005493 2156
1781296687993 0.34530162811279297 2157
1781296687996 0.2598104178905487 2158
1781296687998 0.19104616343975067 2159
1781296688002 0.41556474566459656 2160
1781296688004 0.3480234742164612 2161
1781296688006 0.2563364803791046 2162
1781296688010 0.5012156367301941 2163
1781296688014 0.280813604593277 2164
1781296688017 0.2509150207042694 2165
1781296688019 0.2576667070388794 2166
1781296688021 0.2804092764854431 2167
1781296688024 0.2651141583919525 2168
1781296688027 0.20178380608558655 2169
1781296688030 0.28154030442237854 2170
1781296688032 0.25926485657691956 2171
1781296688035 0.15136107802391052 2172
1781296688037 0.265905499458313 2173
1781296688040 0.20955470204353333 2174
1781296688043 0.28011199831962585 2175
1781296688046 0.2720297873020172 2176
1781296688049 0.35197368264198303 2177
1781296688053 0.30647772550582886 2178
1781296688055 0.30600595474243164 2179
1781296688057 0.4529784321784973 2180
1781296688060 0.2536562979221344 2181
1781296688063 0.4159451425075531 2182
1781296688066 0.45905959606170654 2183
1781296688068 0.16791829466819763 2184
1781296688071 0.3492127060890198 2185
1781296688073 0.18689016997814178 2186
1781296688075 0.3258579969406128 2187
1781296688078 0.4401347041130066 2188
1781296688081 0.29562681913375854 2189
1781296688083 0.18407440185546875 2190
1781296688085 0.19729235768318176 2191
1781296688087 0.43321865797042847 2192
1781296688090 0.2160913497209549 2193
1781296688092 0.25171926617622375 2194
1781296688096 0.28775182366371155 2195
1781296688098 0.2896449863910675 2196
1781296688101 0.2546682357788086 2197
1781296688207 0.1386498659849167 2198
1781296688212 0.4574267268180847 2199
1781296688215 0.30732405185699463 2200
1781296688217 0.35622167587280273 2201
1781296688220 0.20326784253120422 2202
1781296688223 0.36204439401626587 2203
1781296688225 0.25799551606178284 2204
1781296688228 0.5177182555198669 2205
1781296688232 0.5266038775444031 2206
1781296688235 0.28123757243156433 2207
1781296688237 0.4729405343532562 2208
1781296688239 0.38513967394828796 2209
1781296688241 0.2360275238752365 2210
1781296688244 0.20504403114318848 2211
1781296688247 0.5633997917175293 2212
1781296688250 0.4581192433834076 2213
1781296688252 0.1669110804796219 2214
1781296688254 0.27619999647140503 2215
1781296688257 0.24126960337162018 2216
1781296688259 0.18766629695892334 2217
1781296688262 0.40227600932121277 2218
1781296688265 0.2991505563259125 2219
1781296688267 0.41897305846214294 2220
1781296688270 0.24694320559501648 2221
1781296688272 0.2682492733001709 2222
1781296688274 0.3761538863182068 2223
1781296688278 0.2567046582698822 2224
1781296688281 0.24207079410552979 2225
1781296688283 0.6151123642921448 2226
1781296688285 0.2593369483947754 2227
1781296688287 0.40610823035240173 2228
1781296688289 0.36579379439353943 2229
1781296688292 0.6020278930664062 2230
1781296688294 0.2341040074825287 2231
1781296688298 0.3207351863384247 2232
1781296688300 0.32769840955734253 2233
1781296688302 0.5149527788162231 2234
1781296688305 0.34850138425827026 2235
1781296688307 0.1283198595046997 2236
1781296688309 0.36485305428504944 2237
1781296688313 0.32435452938079834 2238
1781296688316 0.32913076877593994 2239
1781296688318 0.4493503272533417 2240
1781296688320 0.324485182762146 2241
1781296688322 0.16268283128738403 2242
1781296688324 0.2605787217617035 2243
1781296688328 0.3495483994483948 2244
1781296688331 0.2282642275094986 2245
1781296688333 0.30647316575050354 2246
1781296688335 0.5222565531730652 2247
1781296688337 0.6231207251548767 2248
1781296688340 0.2020523101091385 2249
1781296688345 0.3051941990852356 2250
1781296688348 0.2778591513633728 2251
1781296688351 0.2216596007347107 2252
1781296688353 0.26636457443237305 2253
1781296688355 0.42410263419151306 2254
1781296688360 0.24996061623096466 2255
1781296688363 0.21747171878814697 2256
1781296688367 0.21532925963401794 2257
1781296688369 0.34427276253700256 2258
1781296688371 0.29559066891670227 2259
1781296688374 0.3356408178806305 2260
1781296688377 0.17419308423995972 2261
1781296688380 0.26349493861198425 2262
1781296688382 0.28094977140426636 2263
1781296688384 0.17376916110515594 2264
1781296688387 0.19786858558654785 2265
1781296688389 0.32396355271339417 2266
1781296688392 0.2015921175479889 2267
1781296688395 0.3045666217803955 2268
1781296688398 0.2776065170764923 2269
1781296688401 0.33473068475723267 2270
1781296688403 0.24830105900764465 2271
1781296688406 0.5087461471557617 2272
1781296688409 0.31188854575157166 2273
1781296688412 0.33598780632019043 2274
1781296688415 0.40735915303230286 2275
1781296688417 0.16738517582416534 2276
1781296688419 0.3100602328777313 2277
1781296688423 0.47948575019836426 2278
1781296688426 0.2841283679008484 2279
1781296688429 0.258876770734787 2280
1781296688431 0.3822658061981201 2281
1781296688434 0.3604915142059326 2282
1781296688436 0.2845515012741089 2283
1781296688440 0.1326846331357956 2284
1781296688442 0.7013027667999268 2285
1781296688445 0.15837307274341583 2286
1781296688448 0.49390527606010437 2287
1781296688450 0.17827776074409485 2288
1781296688453 0.21057040989398956 2289
1781296688455 0.5119995474815369 2290
1781296688457 0.5415850281715393 2291
1781296688460 0.3027925491333008 2292
1781296688462 0.30556368827819824 2293
1781296688466 0.5454888939857483 2294
1781296688468 0.2549227774143219 2295
1781296688470 0.3084900975227356 2296
1781296688472 0.4763333797454834 2297
1781296688474 0.37451210618019104 2298
1781296688478 0.1969931274652481 2299
1781296688480 0.3320470154285431 2300
1781296688483 0.15266098082065582 2301
1781296688485 0.27824273705482483 2302
1781296688487 0.497874915599823 2303
1781296688489 0.6603724360466003 2304
1781296688492 0.14927352964878082 2305
1781296688495 0.5386772155761719 2306
1781296688498 0.21452395617961884 2307
1781296688500 0.28881677985191345 2308
1781296688502 0.3107423782348633 2309
1781296688504 0.45231133699417114 2310
1781296688507 0.2123192697763443 2311
1781296688510 0.27090001106262207 2312
1781296688513 0.4470299184322357 2313
1781296688515 0.28914839029312134 2314
1781296688518 0.1961415708065033 2315
1781296688522 0.342465877532959 2316
1781296688524 0.2426217496395111 2317
1781296688527 0.29896777868270874 2318
1781296688530 0.5787050724029541 2319
1781296688533 0.20074301958084106 2320
1781296688535 0.2280281037092209 2321
1781296688537 0.5678759217262268 2322
1781296688540 0.23612558841705322 2323
1781296688542 0.2202063351869583 2324
1781296688546 0.3449852764606476 2325
1781296688550 0.23890484869480133 2326
1781296688552 0.2459782063961029 2327
1781296688555 0.30386897921562195 2328
1781296688557 0.45537590980529785 2329
1781296688559 0.2864964008331299 2330
1781296688562 0.2276044636964798 2331
1781296688565 0.30786585807800293 2332
1781296688567 0.27080968022346497 2333
1781296688570 0.4217160940170288 2334
1781296688572 0.48377764225006104 2335
1781296688575 0.18960979580879211 2336
1781296688579 0.5352421998977661 2337
1781296688581 0.34412679076194763 2338
1781296688584 0.243739515542984 2339
1781296688586 0.3545466363430023 2340
1781296688589 0.34683915972709656 2341
1781296688592 0.40100377798080444 2342
1781296688594 0.34414130449295044 2343
1781296688597 0.4709380567073822 2344
1781296688601 0.3814132511615753 2345
1781296688603 0.3324372470378876 2346
1781296688605 0.4569818079471588 2347
1781296688608 0.16730211675167084 2348
1781296688610 0.5066778659820557 2349
1781296688613 0.512708842754364 2350
1781296688615 0.23505167663097382 2351
1781296688619 0.25479447841644287 2352
1781296688621 0.13243721425533295 2353
1781296688623 0.12859834730625153 2354
1781296688626 0.21438774466514587 2355
1781296688629 0.5317382216453552 2356
1781296688631 0.1644151359796524 2357
1781296688633 0.3299303650856018 2358
1781296688636 0.2829720079898834 2359
1781296688638 0.23611754179000854 2360
1781296688640 0.272718608379364 2361
1781296688642 0.1468089371919632 2362
1781296688645 0.3279244303703308 2363
1781296688647 0.34783074259757996 2364
1781296688649 0.3191292881965637 2365
1781296688652 0.18501508235931396 2366
1781296688655 0.29604023694992065 2367
1781296688657 0.2587871551513672 2368
1781296688659 0.1838037520647049 2369
1781296688662 0.3831254839897156 2370
1781296688664 0.4625503718852997 2371
1781296688667 0.1730874627828598 2372
1781296688669 0.4052249491214752 2373
1781296688671 0.37002137303352356 2374
1781296688673 0.2797640264034271 2375
1781296688677 0.17223256826400757 2376
1781296688679 0.24439017474651337 2377
1781296688682 0.24553130567073822 2378
1781296688686 0.6316298246383667 2379
1781296688689 0.33225762844085693 2380
1781296688693 0.5754554271697998 2381
1781296688696 0.46343886852264404 2382
1781296688698 0.28145766258239746 2383
1781296688700 0.19549009203910828 2384
1781296688704 0.18872876465320587 2385
1781296688706 0.24071335792541504 2386
1781296688709 0.27247893810272217 2387
1781296688712 0.425266832113266 2388
1781296688715 0.40932902693748474 2389
1781296688717 0.597325325012207 2390
1781296688720 0.32067635655403137 2391
1781296688722 0.15640504658222198 2392
1781296688727 0.3486543893814087 2393
1781296688729 0.4972895383834839 2394
1781296688734 0.3315177261829376 2395
1781296688736 0.35510578751564026 2396
1781296688739 0.2261267453432083 2397
1781296688741 0.1851218044757843 2398
1781296688744 0.33818385004997253 2399
1781296688747 0.27824926376342773 2400
1781296688749 0.20823708176612854 2401
1781296688752 0.38668525218963623 2402
1781296688754 0.3515826165676117 2403
1781296688757 0.30132201313972473 2404
1781296688759 0.29558688402175903 2405
1781296688762 0.27883681654930115 2406
1781296688765 0.5764827132225037 2407
1781296688767 0.18609870970249176 2408
1781296688770 0.2812788188457489 2409
1781296688772 0.3772834241390228 2410
1781296688775 0.2558732032775879 2411
1781296688778 0.2830144762992859 2412
1781296688780 0.539804220199585 2413
1781296688783 0.15970855951309204 2414
1781296688787 0.40584424138069153 2415
1781296688789 0.20465287566184998 2416
1781296688791 0.3381125032901764 2417
1781296688795 0.2292296588420868 2418
1781296688798 0.29785314202308655 2419
1781296688800 0.223588764667511 2420
1781296688803 0.33629539608955383 2421
1781296688805 0.3497086763381958 2422
1781296688807 0.13314522802829742 2423
1781296688810 0.2354205846786499 2424
1781296688813 0.3721671402454376 2425
1781296688816 0.22967949509620667 2426
1781296688818 0.29447105526924133 2427
1781296688820 0.39797893166542053 2428
1781296688823 0.348025918006897 2429
1781296688829 0.20018532872200012 2430
1781296688831 0.18708710372447968 2431
1781296688834 0.14814813435077667 2432
1781296688836 0.17810724675655365 2433
1781296688838 0.2855856120586395 2434
1781296688841 0.29083195328712463 2435
1781296688843 0.2913980484008789 2436
1781296688846 0.4478170871734619 2437
1781296688848 0.21378807723522186 2438
1781296688851 0.5107096433639526 2439
1781296688853 0.42271003127098083 2440
1781296688857 0.31352826952934265 2441
1781296688860 0.3238319158554077 2442
1781296688863 0.16782177984714508 2443
1781296688865 0.25870710611343384 2444
1781296688867 0.1662716269493103 2445
1781296688869 0.24068255722522736 2446
1781296688872 0.26575472950935364 2447
1781296688874 0.3514976501464844 2448
1781296688878 0.4264659583568573 2449
1781296688881 0.2979012727737427 2450
1781296688884 0.24914632737636566 2451
1781296688886 0.3492885231971741 2452
1781296688889 0.4421031177043915 2453
1781296688891 0.2439684420824051 2454
1781296688894 0.13072827458381653 2455
1781296688898 0.21421954035758972 2456
1781296688900 0.3454294800758362 2457
1781296688902 0.15941013395786285 2458
1781296688905 0.30342763662338257 2459
1781296688907 0.17820529639720917 2460
1781296688910 0.34791842103004456 2461
1781296688912 0.4077637195587158 2462
1781296688915 0.2085040956735611 2463
1781296688917 0.4330061674118042 2464
1781296688921 0.49420472979545593 2465
1781296688923 0.34061866998672485 2466
1781296688927 0.20483988523483276 2467
1781296688932 0.15095579624176025 2468
1781296688935 0.5009026527404785 2469
1781296688937 0.2033156007528305 2470
1781296688939 0.4157584011554718 2471
1781296688941 0.2552764117717743 2472
1781296688946 0.2410539835691452 2473
1781296688948 0.29142454266548157 2474
1781296688951 0.2468743473291397 2475
1781296688954 0.22411447763442993 2476
1781296688957 0.1503450572490692 2477
1781296688959 0.321043998003006 2478
1781296688964 0.2387508749961853 2479
1781296688967 0.31606894731521606 2480
1781296688970 0.6012647151947021 2481
1781296688972 0.3290163576602936 2482
1781296688975 0.42878100275993347 2483
1781296688978 0.25893110036849976 2484
1781296688981 0.25628384947776794 2485
1781296688984 0.34683293104171753 2486
1781296688986 0.22597864270210266 2487
1781296688989 0.23630677163600922 2488
1781296688992 0.37169504165649414 2489
1781296688995 0.28499969840049744 2490
1781296688998 0.3159664571285248 2491
1781296689000 0.1616760790348053 2492
1781296689002 0.409769207239151 2493
1781296689004 0.28426945209503174 2494
1781296689006 0.3276642858982086 2495
1781296689009 0.4621826112270355 2496
1781296689012 0.19772487878799438 2497
1781296689015 0.22214855253696442 2498
1781296689017 0.19964554905891418 2499
1781296689020 0.19585996866226196 2500
1781296689023 0.29755863547325134 2501
1781296689026 0.37308165431022644 2502
1781296689029 0.4493010640144348 2503
1781296689032 0.43883705139160156 2504
1781296689034 0.4059079587459564 2505
1781296689037 0.14459925889968872 2506
1781296689039 0.496157705783844 2507
1781296689044 0.47119298577308655 2508
1781296689047 0.34956249594688416 2509
1781296689050 0.21495819091796875 2510
1781296689053 0.23397698998451233 2511
1781296689056 0.41854745149612427 2512
1781296689059 0.1857040822505951 2513
1781296689063 0.4504372477531433 2514
1781296689066 0.4056773781776428 2515
1781296689068 0.2604798972606659 2516
1781296689071 0.347679078578949 2517
1781296689073 0.20739255845546722 2518
1781296689075 0.38825246691703796 2519
1781296689078 0.5447247624397278 2520
1781296689080 0.5147335529327393 2521
1781296689083 0.1423199325799942 2522
1781296689085 0.34672996401786804 2523
1781296689088 0.39193782210350037 2524
1781296689090 0.5033944845199585 2525
1781296689092 0.19949118793010712 2526
1781296689096 0.4574683606624603 2527
1781296689099 0.49072542786598206 2528
1781296689101 0.3733430504798889 2529
1781296689105 0.2361631691455841 2530
1781296689107 0.5246024131774902 2531
1781296689111 0.33787965774536133 2532
1781296689114 0.2605239748954773 2533
1781296689116 0.1631723940372467 2534
1781296689119 0.1340886354446411 2535
1781296689121 0.4835699498653412 2536
1781296689125 0.4211905300617218 2537
1781296689127 0.3817560374736786 2538
1781296689129 0.5755038261413574 2539
1781296689132 0.24924156069755554 2540
1781296689134 0.28560739755630493 2541
1781296689136 0.43262237310409546 2542
1781296689139 0.19835136830806732 2543
1781296689141 0.5676758885383606 2544
1781296689146 0.5321172475814819 2545
1781296689150 0.35175204277038574 2546
1781296689155 0.17873577773571014 2547
1781296689159 0.4035167992115021 2548
1781296689162 0.37306949496269226 2549
1781296689166 0.18625131249427795 2550
1781296689170 0.23360563814640045 2551
1781296689175 0.15757417678833008 2552
1781296689178 0.3207673132419586 2553
1781296689181 0.32507389783859253 2554
1781296689184 0.25848230719566345 2555
1781296689186 0.25447773933410645 2556
1781296689190 0.5952951312065125 2557
1781296689193 0.24585816264152527 2558
1781296689195 0.1450287103652954 2559
1781296689198 0.24898622930049896 2560
1781296689200 0.16832895576953888 2561
1781296689204 0.5125133395195007 2562
1781296689206 0.3216415345668793 2563
1781296689209 0.3060266375541687 2564
1781296689213 0.1755736917257309 2565
1781296689216 0.4222016930580139 2566
1781296689220 0.2907352149486542 2567
1781296689223 0.22800663113594055 2568
1781296689225 0.15312889218330383 2569
1781296689228 0.40937069058418274 2570
1781296689231 0.2602643668651581 2571
1781296689234 0.3761439323425293 2572
1781296689237 0.12131931632757187 2573
1781296689240 0.5389376878738403 2574
1781296689244 0.2606021761894226 2575
1781296689247 0.3452923893928528 2576
1781296689249 0.48838645219802856 2577
1781296689251 0.3520771563053131 2578
1781296689253 0.24041256308555603 2579
1781296689257 0.27896547317504883 2580
1781296689260 0.3006460666656494 2581
1781296689263 0.18523626029491425 2582
1781296689265 0.3711714744567871 2583
1781296689267 0.30675166845321655 2584
1781296689271 0.2294514775276184 2585
1781296689273 0.4635503590106964 2586
1781296689275 0.44951826333999634 2587
1781296689278 0.1787654161453247 2588
1781296689281 0.3279617428779602 2589
1781296689283 0.3709571361541748 2590
1781296689285 0.32436466217041016 2591
1781296689287 0.36649641394615173 2592
1781296689290 0.32258474826812744 2593
1781296689292 0.17980481684207916 2594
1781296689295 0.28374847769737244 2595
1781296689299 0.46080806851387024 2596
1781296689302 0.39265888929367065 2597
1781296689304 0.2504305839538574 2598
1781296689306 0.43323686718940735 2599
1781296689309 0.4303746223449707 2600
1781296689311 0.23830559849739075 2601
1781296689314 0.3785179853439331 2602
1781296689316 0.26998355984687805 2603
1781296689318 0.2102281004190445 2604
1781296689320 0.41203880310058594 2605
1781296689322 0.34830620884895325 2606
1781296689325 0.400387167930603 2607
1781296689327 0.2219075709581375 2608
1781296689331 0.17872804403305054 2609
1781296689333 0.47119298577308655 2610
1781296689335 0.24628636240959167 2611
1781296689338 0.2997715175151825 2612
1781296689340 0.34273597598075867 2613
1781296689343 0.2625908851623535 2614
1781296689347 0.18533265590667725 2615
1781296689349 0.1813546121120453 2616
1781296689352 0.2461882382631302 2617
1781296689354 0.20609481632709503 2618
1781296689357 0.3488684892654419 2619
1781296689360 0.23661145567893982 2620
1781296689363 0.2670912742614746 2621
1781296689365 0.34378522634506226 2622
1781296689367 0.31673550605773926 2623
1781296689369 0.3008033335208893 2624
1781296689372 0.6973132491111755 2625
1781296689375 0.3635183870792389 2626
1781296689377 0.22618986666202545 2627
1781296689380 0.18126559257507324 2628
1781296689383 0.3675631582736969 2629
1781296689385 0.21107786893844604 2630
1781296689388 0.27496394515037537 2631
1781296689390 0.4210880994796753 2632
1781296689392 0.1656082272529602 2633
1781296689395 0.20939773321151733 2634
1781296689398 0.2938409447669983 2635
1781296689401 0.22743767499923706 2636
1781296689403 0.2897815704345703 2637
1781296689406 0.24052946269512177 2638
1781296689408 0.47690990567207336 2639
1781296689411 0.24100150167942047 2640
1781296689414 0.19727763533592224 2641
1781296689417 0.28078988194465637 2642
1781296689419 0.3605124056339264 2643
1781296689421 0.338123083114624 2644
1781296689425 0.2093268483877182 2645
1781296689428 0.5935908555984497 2646
1781296689430 0.31623509526252747 2647
1781296689433 0.2599997818470001 2648
1781296689435 0.3098454773426056 2649
1781296689437 0.31138843297958374 2650
1781296689439 0.33182159066200256 2651
1781296689441 0.15771602094173431 2652
1781296689444 0.41841715574264526 2653
1781296689446 0.32230526208877563 2654
1781296689449 0.27811768651008606 2655
1781296689451 0.3641871213912964 2656
1781296689454 0.21034103631973267 2657
1781296689456 0.37135323882102966 2658
1781296689459 0.21074068546295166 2659
1781296689462 0.32429730892181396 2660
1781296689464 0.35838964581489563 2661
1781296689468 0.44032609462738037 2662
1781296689470 0.18977384269237518 2663
1781296689472 0.1392941027879715 2664
1781296689475 0.33068981766700745 2665
1781296689478 0.31443023681640625 2666
1781296689481 0.490318238735199 2667
1781296689484 0.1677604615688324 2668
1781296689487 0.22270114719867706 2669
1781296689489 0.2627744674682617 2670
1781296689491 0.31657978892326355 2671
1781296689494 0.17887425422668457 2672
1781296689496 0.24922074377536774 2673
1781296689499 0.23877911269664764 2674
1781296689501 0.3128962814807892 2675
1781296689503 0.28458109498023987 2676
1781296689507 0.2647702395915985 2677
1781296689511 0.27883580327033997 2678
1781296689513 0.3386087715625763 2679
1781296689515 0.3704243302345276 2680
1781296689517 0.5313531756401062 2681
1781296689520 0.5013211369514465 2682
1781296689523 0.37744542956352234 2683
1781296689526 0.32726141810417175 2684
1781296689529 0.18480192124843597 2685
1781296689532 0.4178089201450348 2686
1781296689534 0.40031108260154724 2687
1781296689536 0.199025958776474 2688
1781296689538 0.5388460159301758 2689
1781296689542 0.1661444902420044 2690
1781296689545 0.3253851532936096 2691
1781296689548 0.18560682237148285 2692
1781296689550 0.4563235342502594 2693
1781296689554 0.2715829908847809 2694
1781296689556 0.22826410830020905 2695
1781296689558 0.31954526901245117 2696
1781296689561 0.409249871969223 2697
1781296689564 0.4576224088668823 2698
1781296689566 0.2475014328956604 2699
1781296689569 0.38563814759254456 2700
1781296689572 0.6021139025688171 2701
1781296689574 0.36778825521469116 2702
1781296689578 0.22180938720703125 2703
1781296689580 0.2960525453090668 2704
1781296689583 0.1516297459602356 2705
1781296689585 0.614507257938385 2706
1781296689587 0.4937269985675812 2707
1781296689590 0.2960030436515808 2708
1781296689595 0.2087276726961136 2709
1781296689597 0.2744368314743042 2710
1781296689599 0.43945446610450745 2711
1781296689602 0.45482516288757324 2712
1781296689604 0.23916815221309662 2713
1781296689607 0.11952744424343109 2714
1781296689610 0.21115925908088684 2715
1781296689612 0.23347489535808563 2716
1781296689615 0.20196080207824707 2717
1781296689618 0.16389451920986176 2718
1781296689621 0.1591973900794983 2719
1781296689624 0.373805969953537 2720
1781296689627 0.3532162010669708 2721
1781296689630 0.13273926079273224 2722
1781296689632 0.2972588539123535 2723
1781296689636 0.12842132151126862 2724
1781296689638 0.2346634715795517 2725
1781296689640 0.4509587287902832 2726
1781296689643 0.18685361742973328 2727
1781296689646 0.2209596186876297 2728
1781296689648 0.27091753482818604 2729
1781296689650 0.5225900411605835 2730
1781296689653 0.4415895342826843 2731
1781296689656 0.4625113606452942 2732
1781296689658 0.26962730288505554 2733
1781296689661 0.30702465772628784 2734
1781296689664 0.26896771788597107 2735
1781296689666 0.402910977602005 2736
1781296689669 0.2297353744506836 2737
1781296689672 0.2917678654193878 2738
1781296689675 0.16958178579807281 2739
1781296689677 0.19335629045963287 2740
1781296689680 0.2989078760147095 2741
1781296689683 0.24653826653957367 2742
1781296689686 0.24374884366989136 2743
1781296689688 0.4006105065345764 2744
1781296689690 0.3954443037509918 2745
1781296689692 0.3594321012496948 2746
1781296689695 0.346566766500473 2747
1781296689698 0.1998593509197235 2748
1781296689701 0.2807144820690155 2749
1781296689704 0.18298104405403137 2750
1781296689706 0.3193691074848175 2751
1781296689707 0.29937389492988586 2752
1781296689709 0.36540400981903076 2753
1781296689713 0.4090307354927063 2754
1781296689716 0.3792537450790405 2755
1781296689718 0.29608309268951416 2756
1781296689720 0.45562994480133057 2757
1781296689722 0.2490338236093521 2758
1781296689725 0.4931422770023346 2759
1781296689728 0.18627390265464783 2760
1781296689730 0.35113969445228577 2761
1781296689734 0.30309686064720154 2762
1781296689737 0.30240267515182495 2763
1781296689740 0.23736299574375153 2764
1781296689743 0.40458428859710693 2765
1781296689746 0.33096981048583984 2766
1781296689749 0.272789865732193 2767
1781296689751 0.3351576030254364 2768
1781296689755 0.2885149121284485 2769
1781296689764 0.2507578432559967 2770
1781296689767 0.4584731459617615 2771
1781296689769 0.23623958230018616 2772
1781296689771 0.4681906998157501 2773
1781296689774 0.22184056043624878 2774
1781296689776 0.24095909297466278 2775
1781296689780 0.2307998239994049 2776
1781296689783 0.19818644225597382 2777
1781296689785 0.10081278532743454 2778
1781296689787 0.36687013506889343 2779
1781296689791 0.2760910391807556 2780
1781296689795 0.20288211107254028 2781
1781296689798 0.21382910013198853 2782
1781296689800 0.26853516697883606 2783
1781296689802 0.28364235162734985 2784
1781296689805 0.21832425892353058 2785
1781296689807 0.3065185844898224 2786
1781296689810 0.3598666191101074 2787
1781296689813 0.18306034803390503 2788
1781296689815 0.37060800194740295 2789
1781296689818 0.443737268447876 2790
1781296689820 0.3380432724952698 2791
1781296689823 0.43221336603164673 2792
1781296689825 0.2542724311351776 2793
1781296689828 0.2313482165336609 2794
1781296689831 0.32366201281547546 2795
1781296689835 0.21406081318855286 2796
1781296689837 0.3612798750400543 2797
1781296689840 0.2094956934452057 2798
1781296689842 0.18695016205310822 2799
1781296689845 0.34406742453575134 2800
1781296689849 0.36734235286712646 2801
1781296689851 0.17055007815361023 2802
1781296689854 0.3523315191268921 2803
1781296689856 0.2865215241909027 2804
1781296689858 0.37661799788475037 2805
1781296689861 0.6258041858673096 2806
1781296689864 0.22404873371124268 2807
1781296689866 0.34391701221466064 2808
1781296689868 0.45626193284988403 2809
1781296689870 0.37317436933517456 2810
