1781357270355 2.7351343631744385 0
1781357270367 3.2576496601104736 1
1781357270377 3.706261157989502 2
1781357270384 4.291640758514404 3
1781357270391 5.5065107345581055 4
1781357270397 5.674086093902588 5
1781357270405 7.4240498542785645 6
1781357270411 8.45014762878418 7
1781357270417 8.246726036071777 8
1781357270425 10.440872192382812 9
1781357270432 11.604413986206055 10
1781357270439 12.100665092468262 11
1781357270447 13.081219673156738 12
1781357270454 14.398249626159668 13
1781357270461 14.71052074432373 14
1781357270467 13.63747501373291 15
1781357270474 20.29902458190918 16
1781357270481 19.775611877441406 17
1781357270488 23.193037033081055 18
1781357270494 23.864173889160156 19
1781357270501 27.60422134399414 20
1781357270509 24.873554229736328 21
1781357270517 30.469619750976562 22
1781357270524 32.43779373168945 23
1781357270532 31.957616806030273 24
1781357270538 40.00599670410156 25
1781357270543 37.09294891357422 26
1781357270550 43.57719039916992 27
1781357270556 48.18196105957031 28
1781357270563 49.72883605957031 29
1781357270570 51.399803161621094 30
1781357270577 58.49745178222656 31
1781357270584 58.46723175048828 32
1781357270591 61.510982513427734 33
1781357270598 68.57044982910156 34
1781357270606 66.05560302734375 35
1781357270613 88.64816284179688 36
1781357270620 80.72361755371094 37
1781357270628 82.0328369140625 38
1781357270634 74.0499038696289 39
1781357270640 99.90253448486328 40
1781357270647 87.60987854003906 41
1781357270653 94.14881896972656 42
1781357270661 94.84720611572266 43
1781357270667 95.32363891601562 44
1781357270674 103.7707290649414 45
1781357270682 113.55500030517578 46
1781357270689 115.13704681396484 47
1781357270696 116.4417953491211 48
1781357270702 135.97178649902344 49
1781357270709 110.28961181640625 50
1781357270716 142.4806365966797 51
1781357270725 135.98837280273438 52
1781357270732 141.9940643310547 53
1781357270739 138.72183227539062 54
1781357270745 142.6171875 55
1781357270752 139.61737060546875 56
1781357270759 141.04966735839844 57
1781357270766 163.2670135498047 58
1781357270774 138.86471557617188 59
1781357270780 155.97061157226562 60
1781357270789 140.1866455078125 61
1781357270795 135.79049682617188 62
1781357270803 165.04351806640625 63
1781357270811 162.5360107421875 64
1781357270817 146.50706481933594 65
1781357270825 154.06365966796875 66
1781357270830 157.75225830078125 67
1781357270837 147.36410522460938 68
1781357270843 162.8199920654297 69
1781357270850 152.88864135742188 70
1781357270858 142.26361083984375 71
1781357270865 155.58920288085938 72
1781357270874 150.2866973876953 73
1781357270880 164.0812530517578 74
1781357270887 151.8837890625 75
1781357270893 154.32159423828125 76
1781357270900 152.734619140625 77
1781357270907 144.74139404296875 78
1781357270913 148.47933959960938 79
1781357270920 158.48452758789062 80
1781357270926 142.59564208984375 81
1781357270934 136.98095703125 82
1781357270940 138.4521026611328 83
1781357270947 129.6485595703125 84
1781357270954 139.7740936279297 85
1781357270961 128.2213134765625 86
1781357270968 137.89027404785156 87
1781357270974 137.9055633544922 88
1781357270982 127.46979522705078 89
1781357270988 128.38095092773438 90
1781357270994 127.02348327636719 91
1781357271001 122.09498596191406 92
1781357271007 130.96609497070312 93
1781357271014 122.35104370117188 94
1781357271021 126.46243286132812 95
1781357271029 125.4007568359375 96
1781357271035 128.58425903320312 97
1781357271041 126.45230102539062 98
1781357271049 109.47903442382812 99
1781357271055 126.31062316894531 100
1781357271062 114.42762756347656 101
1781357271069 112.01677703857422 102
1781357271075 117.26432037353516 103
1781357271082 113.33851623535156 104
1781357271090 104.06611633300781 105
1781357271097 111.93788146972656 106
1781357271104 111.87278747558594 107
1781357271111 103.10591888427734 108
1781357271117 104.21724700927734 109
1781357271123 102.34388732910156 110
1781357271129 99.66377258300781 111
1781357271135 103.80541229248047 112
1781357271143 93.87049865722656 113
1781357271150 107.16780853271484 114
1781357271157 95.45897674560547 115
1781357271163 93.36610412597656 116
1781357271169 100.80046081542969 117
1781357271176 91.0595703125 118
1781357271183 87.27254486083984 119
1781357271191 92.6085433959961 120
1781357271198 90.6940689086914 121
1781357271205 91.1763916015625 122
1781357271212 80.86387634277344 123
1781357271219 90.20040893554688 124
1781357271226 90.34513092041016 125
1781357271232 81.44627380371094 126
1781357271238 76.99116516113281 127
1781357271246 81.85992431640625 128
1781357271254 83.54071044921875 129
1781357271261 82.5289306640625 130
1781357271268 79.86711883544922 131
1781357271276 79.06486511230469 132
1781357271283 78.90745544433594 133
1781357271289 76.07987976074219 134
1781357271296 76.24552154541016 135
1781357271303 70.814453125 136
1781357271310 67.85133361816406 137
1781357271316 74.52105712890625 138
1781357271324 67.87244415283203 139
1781357271331 70.142578125 140
1781357271338 69.52320098876953 141
1781357271345 65.68650817871094 142
1781357271353 65.88121032714844 143
1781357271360 69.51556396484375 144
1781357271368 65.2774658203125 145
1781357271376 64.10379791259766 146
1781357271383 65.73015594482422 147
1781357271389 62.36983108520508 148
1781357271396 55.57240295410156 149
1781357271404 62.6026725769043 150
1781357271411 59.317665100097656 151
1781357271418 55.85826873779297 152
1781357271424 58.226890563964844 153
1781357271432 57.830020904541016 154
1781357271439 54.791534423828125 155
1781357271448 54.17182540893555 156
1781357271454 50.089847564697266 157
1781357271462 52.460445404052734 158
1781357271470 53.345176696777344 159
1781357271477 48.584075927734375 160
1781357271484 52.0914192199707 161
1781357271490 46.965576171875 162
1781357271498 47.752723693847656 163
1781357271504 47.20805358886719 164
1781357271512 39.4475212097168 165
1781357271519 44.691341400146484 166
1781357271525 42.58903884887695 167
1781357271533 43.97115707397461 168
1781357271541 42.75422286987305 169
1781357271549 40.966278076171875 170
1781357271556 41.926918029785156 171
1781357271564 40.063018798828125 172
1781357271571 37.85839080810547 173
1781357271580 40.30937194824219 174
1781357271586 35.852535247802734 175
1781357271593 36.86280822753906 176
1781357271599 35.122093200683594 177
1781357271606 30.568265914916992 178
1781357271614 34.02077865600586 179
1781357271620 32.3311767578125 180
1781357271626 30.856632232666016 181
1781357271632 31.81269645690918 182
1781357271639 29.254505157470703 183
1781357271648 28.16549301147461 184
1781357271655 28.591537475585938 185
1781357271661 28.647197723388672 186
1781357271667 26.81755256652832 187
1781357271676 28.3319034576416 188
1781357271682 26.0441837310791 189
1781357271688 25.078113555908203 190
1781357271695 24.78235626220703 191
1781357271702 23.085325241088867 192
1781357271709 21.561922073364258 193
1781357271715 19.661270141601562 194
1781357271724 18.000259399414062 195
1781357271732 20.00138282775879 196
1781357271737 17.581626892089844 197
1781357271744 15.717547416687012 198
1781357271751 14.746382713317871 199
1781357271758 17.617420196533203 200
1781357271764 14.694912910461426 201
1781357271773 13.943743705749512 202
1781357271779 13.429291725158691 203
1781357271788 11.216133117675781 204
1781357271796 11.842726707458496 205
1781357271804 8.697367668151855 206
1781357271812 8.99069595336914 207
1781357271820 8.101356506347656 208
1781357271826 8.475767135620117 209
1781357271832 8.112771034240723 210
1781357271839 5.628928184509277 211
1781357271846 5.795052528381348 212
1781357271852 5.155001640319824 213
1781357271858 4.300802230834961 214
1781357271865 2.669393301010132 215
1781357271871 3.3406245708465576 216
1781357271879 1.8670539855957031 217
1781357271885 2.339963912963867 218
1781357271891 3.1168768405914307 219
1781357271898 3.0219640731811523 220
1781357271904 2.1062533855438232 221
1781357271911 1.9147578477859497 222
1781357271917 2.3018999099731445 223
1781357271925 2.075247049331665 224
1781357271930 1.6758452653884888 225
1781357271937 1.8938500881195068 226
1781357271944 1.6372499465942383 227
1781357271951 1.2771503925323486 228
1781357271958 3.1883106231689453 229
1781357271966 2.0632059574127197 230
1781357271972 1.191625714302063 231
1781357271979 1.021761178970337 232
1781357271986 1.4642378091812134 233
1781357271993 1.1734609603881836 234
1781357271999 1.8722214698791504 235
1781357272006 1.6414436101913452 236
1781357272012 1.6533989906311035 237
1781357272019 1.6665228605270386 238
1781357272026 1.2640247344970703 239
1781357272034 1.7707616090774536 240
1781357272041 1.0207990407943726 241
1781357272048 0.6848825812339783 242
1781357272054 0.6846930980682373 243
1781357272060 1.8543744087219238 244
1781357272066 1.4039239883422852 245
1781357272073 1.2028095722198486 246
1781357272080 1.4885777235031128 247
1781357272086 0.5450441837310791 248
1781357272093 1.3080060482025146 249
1781357272099 1.6239712238311768 250
1781357272106 0.7404953837394714 251
1781357272113 1.2944891452789307 252
1781357272119 0.9620264768600464 253
1781357272126 1.682464838027954 254
1781357272133 1.8862398862838745 255
1781357272140 1.1617507934570312 256
1781357272146 0.6788070201873779 257
1781357272154 1.2634930610656738 258
1781357272160 0.9137749075889587 259
1781357272167 1.0324286222457886 260
1781357272172 0.7394365668296814 261
1781357272179 0.950175404548645 262
1781357272185 0.361167848110199 263
1781357272191 1.7323572635650635 264
1781357272199 0.7380164265632629 265
1781357272206 0.8567329049110413 266
1781357272214 0.7767848372459412 267
1781357272221 0.8210722208023071 268
1781357272228 1.4067660570144653 269
1781357272235 1.0674835443496704 270
1781357272242 0.9427297711372375 271
1781357272249 0.900996208190918 272
1781357272256 0.6005655527114868 273
1781357272263 0.5840916633605957 274
1781357272271 2.541771173477173 275
1781357272277 0.48360902070999146 276
1781357272284 1.016348123550415 277
1781357272293 0.9825102686882019 278
1781357272300 0.2994329333305359 279
1781357272306 1.5245327949523926 280
1781357272312 0.963100016117096 281
1781357272317 0.6894912719726562 282
1781357272322 1.1608878374099731 283
1781357272327 1.1200560331344604 284
1781357272337 1.4541521072387695 285
1781357272346 0.8165856599807739 286
1781357272355 0.22310905158519745 287
1781357272363 0.5088731050491333 288
1781357272371 0.9274281859397888 289
1781357272378 0.9460806846618652 290
1781357272385 0.9440947771072388 291
1781357272393 0.9591363668441772 292
1781357272400 1.084764838218689 293
1781357272406 0.5895746946334839 294
1781357272412 0.7646335959434509 295
1781357272419 0.5091635584831238 296
1781357272427 1.0416556596755981 297
1781357272435 1.5105677843093872 298
1781357272442 0.689915657043457 299
1781357272449 0.6489131450653076 300
1781357272456 0.5348273515701294 301
1781357272462 1.5423420667648315 302
1781357272470 0.9770398736000061 303
1781357272477 1.2131855487823486 304
1781357272483 1.1748274564743042 305
1781357272489 0.9081276655197144 306
1781357272496 0.5979932546615601 307
1781357272504 0.73563551902771 308
1781357272512 0.583725094795227 309
1781357272518 0.3321949243545532 310
1781357272525 0.745092511177063 311
1781357272532 0.2968740463256836 312
1781357272539 0.39272335171699524 313
1781357272546 0.5523308515548706 314
1781357272553 0.260906457901001 315
1781357272564 0.5555529594421387 316
1781357272574 0.6268863677978516 317
1781357272584 0.6306332349777222 318
1781357272594 0.7082469463348389 319
1781357272602 0.7797598838806152 320
1781357272609 0.8694681525230408 321
1781357272616 0.5101168751716614 322
1781357272623 0.8839219212532043 323
1781357272629 0.6739226579666138 324
1781357272636 0.6019189357757568 325
1781357272643 0.7358881831169128 326
1781357272649 0.29188165068626404 327
1781357272657 0.49635255336761475 328
1781357272663 0.5735595226287842 329
1781357272668 0.42761653661727905 330
1781357272675 0.5273423790931702 331
1781357272683 0.7789150476455688 332
1781357272689 0.3019868731498718 333
1781357272696 0.3177507817745209 334
1781357272703 0.4268450140953064 335
1781357272711 0.6508417129516602 336
1781357272719 0.523084282875061 337
1781357272725 0.27983981370925903 338
1781357272731 0.330196738243103 339
1781357272736 0.651783287525177 340
1781357272742 0.3553118109703064 341
1781357272748 0.20896410942077637 342
1781357272754 0.30915337800979614 343
1781357272762 0.6891030669212341 344
1781357272769 0.290024995803833 345
1781357272775 0.48747459053993225 346
1781357272783 0.5759509205818176 347
1781357272790 0.4258304536342621 348
1781357272798 0.47759053111076355 349
1781357272804 0.38618019223213196 350
1781357272814 0.5557324886322021 351
1781357272820 0.39199525117874146 352
1781357272827 0.567255973815918 353
1781357272833 0.6649631261825562 354
1781357272840 0.6032700538635254 355
1781357272848 0.4185097813606262 356
1781357272855 0.3248361349105835 357
1781357272861 0.6153174638748169 358
1781357272868 0.392078697681427 359
1781357272875 0.4970219135284424 360
1781357272882 0.5178847312927246 361
1781357272889 0.6687101721763611 362
1781357272897 0.31411945819854736 363
1781357272906 0.5401244163513184 364
1781357272912 0.33230143785476685 365
1781357272918 0.5019221901893616 366
1781357272926 0.49400055408477783 367
1781357272934 0.3819131553173065 368
1781357272941 0.5757991671562195 369
1781357272949 0.32464104890823364 370
1781357272957 0.4030020833015442 371
1781357272963 0.350811630487442 372
1781357272969 0.4054177403450012 373
1781357272976 0.19083602726459503 374
1781357272983 0.6675581932067871 375
1781357272990 0.44608980417251587 376
1781357272997 0.5935603976249695 377
1781357273004 0.2733389437198639 378
1781357273010 0.2202778309583664 379
1781357273018 0.32560819387435913 380
1781357273026 0.5056319832801819 381
1781357273034 0.4279231131076813 382
1781357273041 0.36208271980285645 383
1781357273050 0.4828689992427826 384
1781357273057 0.24600854516029358 385
1781357273063 0.25944754481315613 386
1781357273070 0.4038747251033783 387
1781357273077 0.5421584844589233 388
1781357273084 0.3659418225288391 389
1781357273090 0.2045815885066986 390
1781357273098 0.6473489999771118 391
1781357273106 0.5184910893440247 392
1781357273113 0.4892660677433014 393
1781357273119 0.36450624465942383 394
1781357273125 0.34689071774482727 395
1781357273132 0.27621912956237793 396
1781357273139 0.5014007091522217 397
1781357273145 0.2861964702606201 398
1781357273152 0.40620648860931396 399
1781357273158 0.31162166595458984 400
1781357273166 0.4355946183204651 401
1781357273172 0.40027064085006714 402
1781357273179 0.32595422863960266 403
1781357273185 0.1350347399711609 404
1781357273191 0.24088196456432343 405
1781357273197 0.26559898257255554 406
1781357273208 0.3024058938026428 407
1781357273215 0.3190034329891205 408
1781357273222 0.5668903589248657 409
1781357273229 0.4804970324039459 410
1781357273235 0.2793163061141968 411
1781357273242 0.31650519371032715 412
1781357273250 0.26565641164779663 413
1781357273257 0.29633814096450806 414
1781357273263 0.3638155460357666 415
1781357273270 0.20423714816570282 416
1781357273277 0.2562725841999054 417
1781357273285 0.2215753048658371 418
1781357273292 0.2988344728946686 419
1781357273299 0.34011220932006836 420
1781357273305 0.14253634214401245 421
1781357273313 0.15670165419578552 422
1781357273319 0.4017705023288727 423
1781357273325 0.24940705299377441 424
1781357273332 0.34839969873428345 425
1781357273339 0.25448375940322876 426
1781357273346 0.33749040961265564 427
1781357273354 0.1348302811384201 428
1781357273360 0.23273208737373352 429
1781357273368 0.3899810314178467 430
1781357273375 0.378023624420166 431
1781357273381 0.2847484052181244 432
1781357273390 0.16527998447418213 433
1781357273397 0.25309547781944275 434
1781357273404 0.18699771165847778 435
1781357273411 0.24054591357707977 436
1781357273417 0.31834250688552856 437
1781357273423 0.32528871297836304 438
1781357273430 0.27518483996391296 439
1781357273436 0.3253263235092163 440
1781357273444 0.12335096299648285 441
1781357273450 0.15606939792633057 442
1781357273458 0.23586085438728333 443
1781357273465 0.21893516182899475 444
1781357273473 0.20438683032989502 445
1781357273479 0.2741864323616028 446
1781357273487 0.2720239758491516 447
1781357273493 0.197219580411911 448
1781357273500 0.38779813051223755 449
1781357273509 0.23002195358276367 450
1781357273515 0.22902117669582367 451
1781357273521 0.24588319659233093 452
1781357273528 0.32357561588287354 453
1781357273535 0.18990343809127808 454
1781357273541 0.1465810239315033 455
1781357273548 0.15526250004768372 456
1781357273555 0.2278830111026764 457
1781357273563 0.195811465382576 458
1781357273571 0.23256096243858337 459
1781357273578 0.23677372932434082 460
1781357273584 0.15984925627708435 461
1781357273590 0.2778663635253906 462
1781357273598 0.1423506885766983 463
1781357273605 0.1534188687801361 464
1781357273611 0.2898169457912445 465
1781357273618 0.23183980584144592 466
1781357273625 0.2312203049659729 467
1781357274920 0.19305014610290527 468
1781357274926 0.17953471839427948 469
1781357274932 0.1744271218776703 470
1781357274940 0.20570163428783417 471
1781357274946 0.20334011316299438 472
1781357274953 0.18688783049583435 473
1781357274961 0.1458757519721985 474
1781357274968 0.2305334061384201 475
1781357274975 0.1304602324962616 476
1781357274981 0.1604442298412323 477
1781357274988 0.20446324348449707 478
1781357274996 0.2387966811656952 479
1781357275003 0.17285862565040588 480
1781357275011 0.18333473801612854 481
1781357275018 0.1961977183818817 482
1781357275027 0.16726365685462952 483
1781357275034 0.13809776306152344 484
1781357275042 0.12148027122020721 485
1781357275050 0.17321228981018066 486
1781357275057 0.2463071346282959 487
1781357275064 0.16969844698905945 488
1781357275071 0.17744547128677368 489
1781357275079 0.20838430523872375 490
1781357275086 0.1335241049528122 491
1781357275092 0.17954613268375397 492
1781357275099 0.16397586464881897 493
1781357275105 0.16755148768424988 494
1781357275111 0.15843486785888672 495
1781357275118 0.17750081419944763 496
1781357275125 0.19489426910877228 497
1781357275131 0.1524534523487091 498
1781357275139 0.1711329221725464 499
1781357275146 0.17069867253303528 500
1781357275153 0.18971985578536987 501
1781357275160 0.2004767209291458 502
1781357275166 0.13573306798934937 503
1781357275173 0.18438754975795746 504
1781357275180 0.17955675721168518 505
1781357275186 0.1293049454689026 506
1781357275192 0.148531973361969 507
1781357275200 0.15394823253154755 508
1781357275207 0.18717390298843384 509
1781357275214 0.1347302496433258 510
1781357275222 0.20896056294441223 511
1781357275228 0.16063013672828674 512
1781357275235 0.16998879611492157 513
1781357275242 0.1705818772315979 514
1781357275249 0.17950379848480225 515
1781357275256 0.16310536861419678 516
1781357275263 0.15482063591480255 517
1781357275270 0.15549302101135254 518
1781357275277 0.13098251819610596 519
1781357275284 0.10849771648645401 520
1781357275291 0.1682257354259491 521
1781357275297 0.17403174936771393 522
1781357275305 0.11255495995283127 523
1781357275311 0.16124963760375977 524
1781357275317 0.10710326582193375 525
1781357275324 0.12274465709924698 526
1781357275331 0.15902014076709747 527
1781357275340 0.18893271684646606 528
1781357275346 0.124829962849617 529
1781357275353 0.10100878775119781 530
1781357275362 0.14645767211914062 531
1781357275370 0.16266609728336334 532
1781357275376 0.14126504957675934 533
1781357275384 0.10870155692100525 534
1781357275391 0.12450988590717316 535
1781357275398 0.08917343616485596 536
1781357275405 0.1801464855670929 537
1781357275412 0.14236381649971008 538
1781357275420 0.11182287335395813 539
1781357275427 0.11525318026542664 540
1781357275434 0.13163228332996368 541
1781357275441 0.10945551097393036 542
1781357275447 0.10164515674114227 543
1781357275454 0.1341707706451416 544
1781357275460 0.10455437749624252 545
1781357275468 0.15192168951034546 546
1781357275475 0.11636275053024292 547
1781357275481 0.14428627490997314 548
1781357275488 0.1537289023399353 549
1781357275496 0.08809974789619446 550
1781357275502 0.16703256964683533 551
1781357275510 0.12931311130523682 552
1781357275517 0.09145612269639969 553
1781357275525 0.1306065022945404 554
1781357275532 0.10221463441848755 555
1781357275539 0.1756109595298767 556
1781357275547 0.13123054802417755 557
1781357275553 0.18317733705043793 558
1781357275561 0.11478913575410843 559
1781357275567 0.1061801165342331 560
1781357275573 0.11281443387269974 561
1781357275580 0.1109614446759224 562
1781357275587 0.1433131992816925 563
1781357275593 0.13215479254722595 564
1781357275600 0.18313327431678772 565
1781357275607 0.07921760529279709 566
1781357275615 0.13266107439994812 567
1781357275621 0.07836578786373138 568
1781357275628 0.13317608833312988 569
1781357275635 0.11839459091424942 570
1781357275643 0.10846935212612152 571
1781357275650 0.1298729032278061 572
1781357275657 0.15402358770370483 573
1781357275663 0.14767199754714966 574
1781357275671 0.17066553235054016 575
1781357275678 0.09984390437602997 576
1781357275685 0.09243131428956985 577
1781357275691 0.1320200264453888 578
1781357275699 0.13569876551628113 579
1781357275706 0.12498264759778976 580
1781357275713 0.11160075664520264 581
1781357275720 0.11271965503692627 582
1781357275726 0.12210318446159363 583
1781357275734 0.10352058708667755 584
1781357275740 0.12835216522216797 585
1781357275747 0.13522693514823914 586
1781357275754 0.14948195219039917 587
1781357275760 0.16350606083869934 588
1781357275767 0.12811484932899475 589
1781357275774 0.09150581806898117 590
1781357275781 0.09469114243984222 591
1781357275789 0.09753012657165527 592
1781357275795 0.10840381681919098 593
1781357275802 0.14053888618946075 594
1781357275808 0.11342139542102814 595
1781357275816 0.09429974853992462 596
1781357275823 0.1472262144088745 597
1781357275832 0.10554276406764984 598
1781357275839 0.16765256226062775 599
1781357275847 0.12521067261695862 600
1781357275854 0.13365666568279266 601
1781357275861 0.10316213220357895 602
1781357275868 0.11216896772384644 603
1781357275876 0.113809734582901 604
1781357275883 0.15211686491966248 605
1781357275893 0.10131127387285233 606
1781357275900 0.13979613780975342 607
1781357275908 0.07994800806045532 608
1781357275916 0.1360672116279602 609
1781357275924 0.18143746256828308 610
1781357275931 0.19994409382343292 611
1781357275937 0.13625790178775787 612
1781357275944 0.14627708494663239 613
1781357275951 0.10357868671417236 614
1781357275958 0.11510198563337326 615
1781357275964 0.13643959164619446 616
1781357275971 0.12517021596431732 617
1781357275977 0.15732592344284058 618
1781357275983 0.11438456922769547 619
1781357275990 0.10604658722877502 620
1781357275997 0.09634686261415482 621
1781357276004 0.07392924278974533 622
1781357276012 0.11079759150743484 623
1781357276018 0.13081397116184235 624
1781357276025 0.09757661819458008 625
1781357276031 0.12193562090396881 626
1781357276038 0.09875060617923737 627
1781357276045 0.07892970740795135 628
1781357276052 0.11156795918941498 629
1781357276058 0.05041123181581497 630
1781357276065 0.11052955687046051 631
1781357276072 0.12686437368392944 632
1781357276080 0.13556194305419922 633
1781357276087 0.12233985960483551 634
1781357276093 0.14308686554431915 635
1781357276101 0.08540427684783936 636
1781357276108 0.11874151974916458 637
1781357276114 0.09414999186992645 638
1781357276121 0.09268474578857422 639
1781357276127 0.15948519110679626 640
1781357276133 0.10910175740718842 641
1781357276140 0.13748812675476074 642
1781357276149 0.13227839767932892 643
1781357276156 0.09972253441810608 644
1781357276162 0.07006679475307465 645
1781357276170 0.12548218667507172 646
1781357276176 0.13215473294258118 647
1781357276182 0.15609045326709747 648
1781357276190 0.10039972513914108 649
1781357276196 0.08260271698236465 650
1781357276204 0.060396067798137665 651
1781357276212 0.0969688892364502 652
1781357276220 0.08641621470451355 653
1781357276226 0.10175448656082153 654
1781357276236 0.07056273519992828 655
1781357276243 0.12289279699325562 656
1781357276250 0.10635287314653397 657
1781357276256 0.14174671471118927 658
1781357276263 0.08160525560379028 659
1781357276269 0.09438519924879074 660
1781357276276 0.10104605555534363 661
1781357276284 0.11372487992048264 662
1781357276291 0.1313859075307846 663
1781357276297 0.17211291193962097 664
1781357276303 0.07683106511831284 665
1781357276310 0.09616009891033173 666
1781357276319 0.06641210615634918 667
1781357276325 0.09308096766471863 668
1781357276332 0.10803653299808502 669
1781357276339 0.08728839457035065 670
1781357276345 0.1060849279165268 671
1781357276351 0.09463446587324142 672
1781357276358 0.10626301914453506 673
1781357276365 0.10465063154697418 674
1781357276371 0.07302756607532501 675
1781357276378 0.11941635608673096 676
1781357276384 0.06591001898050308 677
1781357276390 0.0603753998875618 678
1781357276397 0.08549069613218307 679
1781357276403 0.09161241352558136 680
1781357276410 0.07004162669181824 681
1781357276416 0.07241605967283249 682
1781357276422 0.10240323096513748 683
1781357276428 0.04405532777309418 684
1781357276434 0.11166021972894669 685
1781357276440 0.1081726998090744 686
1781357276447 0.1261783093214035 687
1781357276454 0.1093648374080658 688
1781357276461 0.056094180792570114 689
1781357276468 0.10432889312505722 690
1781357276474 0.07011847198009491 691
1781357276480 0.109368696808815 692
1781357276486 0.12931975722312927 693
1781357276491 0.0781581699848175 694
1781357276496 0.14188657701015472 695
1781357276501 0.08725079894065857 696
1781357276507 0.0859435647726059 697
1781357276514 0.06489183753728867 698
1781357276521 0.06383403390645981 699
1781357276527 0.0538790337741375 700
1781357276533 0.11349627375602722 701
1781357276539 0.1552102267742157 702
1781357276547 0.11126294732093811 703
1781357276554 0.06115391477942467 704
1781357276560 0.09794502705335617 705
1781357276566 0.08243584632873535 706
1781357276573 0.10947619378566742 707
1781357276580 0.1252025067806244 708
1781357276586 0.08675549179315567 709
1781357276593 0.05960959941148758 710
1781357276599 0.13423611223697662 711
1781357276606 0.1022355854511261 712
1781357276613 0.07577972114086151 713
1781357276618 0.08730675280094147 714
1781357276624 0.0886562168598175 715
1781357276630 0.08711051940917969 716
1781357276637 0.10511962324380875 717
1781357276642 0.09605763107538223 718
1781357276649 0.03472678363323212 719
1781357276655 0.12054358422756195 720
1781357276663 0.08704740554094315 721
1781357276670 0.1490212082862854 722
1781357276677 0.093471959233284 723
1781357276683 0.144185408949852 724
1781357276690 0.05396396666765213 725
1781357276698 0.07887718826532364 726
1781357276704 0.06692121922969818 727
1781357276711 0.10955661535263062 728
1781357276716 0.08032901585102081 729
1781357276724 0.09106320887804031 730
1781357276730 0.097219318151474 731
1781357276736 0.10504782199859619 732
1781357276742 0.10330720245838165 733
1781357276748 0.07779275625944138 734
1781357276754 0.0556706078350544 735
1781357276760 0.09634871035814285 736
1781357276766 0.10378685593605042 737
1781357276774 0.10134989023208618 738
1781357276780 0.09156540036201477 739
1781357276785 0.07036872208118439 740
1781357276791 0.08957573771476746 741
1781357276797 0.08610956370830536 742
1781357276803 0.06872039288282394 743
1781357276809 0.08329255878925323 744
1781357276816 0.10672660171985626 745
1781357276824 0.07092514634132385 746
1781357276831 0.05579802393913269 747
1781357276837 0.10906928777694702 748
1781357276844 0.08005554974079132 749
1781357276851 0.09318308532238007 750
1781357276857 0.09892147779464722 751
1781357276863 0.07735445350408554 752
1781357276870 0.04881283640861511 753
1781357276877 0.08265752345323563 754
1781357276884 0.08192756026983261 755
1781357276890 0.06552505493164062 756
1781357276897 0.04970873147249222 757
1781357276904 0.06784161925315857 758
1781357276910 0.11019831895828247 759
1781357276917 0.08469223976135254 760
1781357276924 0.05510302633047104 761
1781357276933 0.08388149738311768 762
1781357276942 0.12066734582185745 763
1781357276950 0.07307791709899902 764
1781357276957 0.11567448079586029 765
1781357276966 0.06608890742063522 766
1781357276975 0.07323034852743149 767
1781357276983 0.07498671114444733 768
1781357276990 0.059864409267902374 769
1781357276996 0.07831110805273056 770
1781357277003 0.052581965923309326 771
1781357277011 0.09884735941886902 772
1781357277018 0.053497932851314545 773
1781357277025 0.07953882962465286 774
1781357277032 0.059083838015794754 775
1781357277039 0.0683247447013855 776
1781357277045 0.07699170708656311 777
1781357277051 0.0964955985546112 778
1781357277058 0.07898607105016708 779
1781357277064 0.0808604434132576 780
1781357277071 0.10500168800354004 781
1781357277077 0.056783393025398254 782
1781357277085 0.1146443709731102 783
1781357277093 0.08155848830938339 784
1781357277100 0.05766008049249649 785
1781357277107 0.05182574689388275 786
1781357277114 0.0572170726954937 787
1781357277122 0.06949872523546219 788
1781357277129 0.09175260365009308 789
1781357277136 0.06599476933479309 790
1781357277142 0.062489528208971024 791
1781357277149 0.06430761516094208 792
1781357277157 0.0901799201965332 793
1781357277166 0.0567481629550457 794
1781357277174 0.06568232923746109 795
1781357277181 0.06966222822666168 796
1781357277188 0.08439984172582626 797
1781357277196 0.09464901685714722 798
1781357277203 0.04195905476808548 799
1781357277210 0.06109973043203354 800
1781357277217 0.08758317679166794 801
1781357277224 0.12987422943115234 802
1781357277230 0.08937874436378479 803
1781357277236 0.04970456659793854 804
1781357277244 0.1175198033452034 805
1781357277250 0.05791831389069557 806
1781357277256 0.11168893426656723 807
1781357277264 0.07660658657550812 808
1781357277271 0.08169980347156525 809
1781357277279 0.07814831286668777 810
1781357277286 0.07951213419437408 811
1781357277293 0.112474225461483 812
1781357277300 0.06630361825227737 813
1781357277309 0.07744408398866653 814
1781357277315 0.10494213551282883 815
1781357277323 0.11855974793434143 816
1781357277329 0.05490010231733322 817
1781357277336 0.05596316605806351 818
1781357277342 0.0491354875266552 819
1781357277350 0.08070137351751328 820
1781357277360 0.04543614387512207 821
1781357277368 0.1006312370300293 822
1781357277375 0.08282866328954697 823
1781357277383 0.0944499671459198 824
1781357277390 0.11698675155639648 825
1781357277397 0.07755272835493088 826
1781357277406 0.07644675672054291 827
1781357277413 0.08673028647899628 828
1781357277422 0.13117356598377228 829
1781357277431 0.07607567310333252 830
1781357277439 0.1091640517115593 831
1781357277446 0.140100359916687 832
1781357277454 0.13104593753814697 833
1781357277460 0.05357707664370537 834
1781357277469 0.058563318103551865 835
1781357277477 0.05193758383393288 836
1781357277485 0.17654798924922943 837
1781357277492 0.06357882171869278 838
1781357277504 0.13464078307151794 839
1781357277510 0.08654248714447021 840
1781357277517 0.15243500471115112 841
1781357277523 0.11201746761798859 842
1781357277529 0.05171800032258034 843
1781357277535 0.05422769859433174 844
1781357277542 0.09837809205055237 845
1781357277549 0.091072216629982 846
1781357277554 0.09059576690196991 847
1781357277561 0.06813181191682816 848
1781357277567 0.068468376994133 849
1781357277573 0.05830465257167816 850
1781357277580 0.05921280011534691 851
1781357277586 0.0502835288643837 852
1781357277594 0.10060815513134003 853
1781357277600 0.10455330461263657 854
1781357277607 0.04752840846776962 855
1781357277614 0.04531737416982651 856
1781357277620 0.11265315115451813 857
1781357277628 0.05308438092470169 858
1781357277633 0.086020827293396 859
1781357277641 0.04293455183506012 860
1781357277648 0.09868092089891434 861
1781357277654 0.04678625613451004 862
1781357277661 0.06775587797164917 863
1781357277667 0.1262984275817871 864
1781357277674 0.07144871354103088 865
1781357277680 0.05810871347784996 866
1781357277686 0.05985158309340477 867
1781357277692 0.11152074486017227 868
1781357277699 0.044199295341968536 869
1781357277706 0.03604143485426903 870
1781357277711 0.08192384243011475 871
1781357277719 0.11773798614740372 872
1781357277726 0.03725699707865715 873
1781357277732 0.02602197602391243 874
1781357277739 0.05833301693201065 875
1781357277745 0.07879964262247086 876
1781357277752 0.06090697646141052 877
1781357277759 0.04373443126678467 878
1781357277764 0.05052891746163368 879
1781357277773 0.06932428479194641 880
1781357277779 0.09145298600196838 881
1781357277786 0.03710649535059929 882
1781357277792 0.06467030942440033 883
1781357277798 0.09408408403396606 884
1781357277805 0.055010125041007996 885
1781357277811 0.05172790586948395 886
1781357277818 0.09392049163579941 887
1781357277824 0.0899786651134491 888
1781357277830 0.06465694308280945 889
1781357277837 0.029431244358420372 890
1781357277844 0.1198791116476059 891
1781357277850 0.06338009238243103 892
1781357277856 0.04923311620950699 893
1781357277862 0.040338851511478424 894
1781357277870 0.0902213305234909 895
1781357277877 0.05855410546064377 896
1781357277883 0.05970232933759689 897
1781357277888 0.07097283750772476 898
1781357277896 0.07915332913398743 899
1781357277901 0.07200121879577637 900
1781357277908 0.09040367603302002 901
1781357277915 0.042260363698005676 902
1781357277921 0.05173077434301376 903
1781357277927 0.1416786164045334 904
1781357277934 0.044484369456768036 905
1781357277940 0.06489527225494385 906
1781357277946 0.029883641749620438 907
1781357277952 0.06655000150203705 908
1781357277959 0.0688929557800293 909
1781357277964 0.07557783275842667 910
1781357277970 0.08689198642969131 911
1781357277978 0.06337586790323257 912
1781357277984 0.08894256502389908 913
1781357277991 0.09996941685676575 914
1781357277997 0.06594327837228775 915
1781357278003 0.08258108049631119 916
1781357278010 0.09060552716255188 917
1781357278017 0.08835804462432861 918
1781357278024 0.05719640851020813 919
1781357278031 0.03607230633497238 920
1781357278037 0.029824577271938324 921
1781357278043 0.08585534989833832 922
1781357278049 0.0585484579205513 923
1781357278056 0.06404250860214233 924
1781357278063 0.033368054777383804 925
1781357278069 0.0852351188659668 926
1781357278077 0.10059854388237 927
1781357278084 0.07466121762990952 928
1781357278091 0.033932022750377655 929
1781357278097 0.04384429380297661 930
1781357278102 0.05648303031921387 931
1781357278109 0.10144118964672089 932
1781357278117 0.04625353217124939 933
1781357278123 0.04304753243923187 934
1781357278131 0.06856363266706467 935
1781357278138 0.07973046600818634 936
1781357278443 0.06611483544111252 937
1781357278452 0.04961426556110382 938
1781357278459 0.0625309869647026 939
1781357278467 0.05558719485998154 940
1781357278474 0.06854748725891113 941
1781357278482 0.03912923485040665 942
1781357278489 0.0796898826956749 943
1781357278496 0.039721958339214325 944
1781357278502 0.05186343938112259 945
1781357278510 0.059454478323459625 946
1781357278516 0.047447942197322845 947
1781357278524 0.07448555529117584 948
1781357278531 0.06462320685386658 949
1781357278538 0.054565660655498505 950
1781357278545 0.0191876869648695 951
1781357278551 0.09756621718406677 952
1781357278558 0.14388175308704376 953
1781357278565 0.03435859829187393 954
1781357278574 0.07579640299081802 955
1781357278580 0.041924357414245605 956
1781357278586 0.06443395465612411 957
1781357278593 0.05775528773665428 958
1781357278600 0.08706366270780563 959
1781357278609 0.05283966660499573 960
1781357278615 0.04452275112271309 961
1781357278621 0.0433744415640831 962
1781357278628 0.05707649141550064 963
1781357278636 0.03686068579554558 964
1781357278642 0.04566808044910431 965
1781357278649 0.05887257680296898 966
1781357278656 0.11279059946537018 967
1781357278668 0.10878568887710571 968
1781357278680 0.0507611408829689 969
1781357278686 0.08525567501783371 970
1781357278695 0.03445228561758995 971
1781357278702 0.09093712270259857 972
1781357278709 0.13486680388450623 973
1781357278716 0.05911632999777794 974
1781357278722 0.03438331186771393 975
1781357278729 0.07508637011051178 976
1781357278735 0.11453632265329361 977
1781357278741 0.042326219379901886 978
1781357278748 0.08419589698314667 979
1781357278756 0.10490339994430542 980
1781357278764 0.056551095098257065 981
1781357278771 0.06154124438762665 982
1781357278779 0.05099951848387718 983
1781357278785 0.029655298218131065 984
1781357278791 0.057218678295612335 985
1781357278799 0.06541647017002106 986
1781357278806 0.030821306630969048 987
1781357278813 0.054304368793964386 988
1781357278819 0.0864332765340805 989
1781357278828 0.025945503264665604 990
1781357278834 0.12816596031188965 991
1781357278840 0.07467351853847504 992
1781357278848 0.16112828254699707 993
1781357278853 0.04317373409867287 994
1781357278861 0.08147664368152618 995
1781357278867 0.060665618628263474 996
1781357278877 0.05656367912888527 997
1781357278884 0.10888349264860153 998
1781357278893 0.03491239994764328 999
1781357278899 0.0736239030957222 1000
1781357278907 0.05965055897831917 1001
1781357278913 0.06747712194919586 1002
1781357278920 0.11706839501857758 1003
1781357278927 0.06888732314109802 1004
1781357278934 0.14063286781311035 1005
1781357278940 0.026042331010103226 1006
1781357278948 0.1061943843960762 1007
1781357278955 0.08008789271116257 1008
1781357278961 0.04595060646533966 1009
1781357278969 0.03508942574262619 1010
1781357278977 0.08202071487903595 1011
1781357278984 0.04936833679676056 1012
1781357278990 0.06459730863571167 1013
1781357278996 0.03095395490527153 1014
1781357279003 0.0518636479973793 1015
1781357279010 0.05395995080471039 1016
1781357279017 0.022335436195135117 1017
1781357279024 0.06102342903614044 1018
1781357279032 0.05943059176206589 1019
1781357279042 0.08174349367618561 1020
1781357279050 0.06087472289800644 1021
1781357279059 0.11386726796627045 1022
1781357279066 0.05163155496120453 1023
1781357279074 0.03131511062383652 1024
1781357279081 0.06300155073404312 1025
1781357279088 0.053886737674474716 1026
1781357279095 0.049927424639463425 1027
1781357279103 0.06399722397327423 1028
1781357279110 0.04457122087478638 1029
1781357279118 0.07754795253276825 1030
1781357279125 0.08210130035877228 1031
1781357279132 0.05194776505231857 1032
1781357279139 0.04853632301092148 1033
1781357279146 0.05134560167789459 1034
1781357279155 0.0627986267209053 1035
1781357279161 0.02465049922466278 1036
1781357279169 0.03802529349923134 1037
1781357279178 0.06653477996587753 1038
1781357279185 0.08818329870700836 1039
1781357279192 0.08681043982505798 1040
1781357279201 0.051935091614723206 1041
1781357279208 0.1053459495306015 1042
1781357279216 0.042800381779670715 1043
1781357279223 0.07505344599485397 1044
1781357279230 0.05148690938949585 1045
1781357279238 0.08019763231277466 1046
1781357279245 0.0667857825756073 1047
1781357279253 0.07721157371997833 1048
1781357279260 0.03191467002034187 1049
1781357279268 0.06015145778656006 1050
1781357279276 0.12396594136953354 1051
1781357279282 0.08885587006807327 1052
1781357279289 0.04249483719468117 1053
1781357279296 0.046300388872623444 1054
1781357279304 0.06611467152833939 1055
1781357279310 0.04886515438556671 1056
1781357279317 0.0699940025806427 1057
1781357279323 0.019380949437618256 1058
1781357279330 0.08750308305025101 1059
1781357279336 0.07082241773605347 1060
1781357279344 0.05298648029565811 1061
1781357279351 0.04218091815710068 1062
1781357279359 0.04735429584980011 1063
1781357279366 0.06261377036571503 1064
1781357279373 0.06177806109189987 1065
1781357279380 0.046616747975349426 1066
1781357279387 0.07033691555261612 1067
1781357279394 0.06993910670280457 1068
1781357279401 0.042361460626125336 1069
1781357279408 0.06916619837284088 1070
1781357279415 0.06069799140095711 1071
1781357279422 0.07179828733205795 1072
1781357279430 0.04918529465794563 1073
1781357279438 0.02379676327109337 1074
1781357279445 0.11791258305311203 1075
1781357279451 0.06545432657003403 1076
1781357279460 0.05798373743891716 1077
1781357279466 0.03892398998141289 1078
1781357279474 0.07512905448675156 1079
1781357279482 0.11022287607192993 1080
1781357279490 0.08821976184844971 1081
1781357279497 0.04142533242702484 1082
1781357279503 0.04523199424147606 1083
1781357279511 0.02450653351843357 1084
1781357279517 0.06723242253065109 1085
1781357279524 0.04376449063420296 1086
1781357279529 0.05253441631793976 1087
1781357279534 0.043323248624801636 1088
1781357279540 0.09271472692489624 1089
1781357279547 0.05753844976425171 1090
1781357279554 0.05678712576627731 1091
1781357279561 0.04717940092086792 1092
1781357279567 0.035049572587013245 1093
1781357279574 0.0661659687757492 1094
1781357279581 0.033310189843177795 1095
1781357279588 0.08260826766490936 1096
1781357279595 0.04320240765810013 1097
1781357279602 0.03149352967739105 1098
1781357279608 0.06591466069221497 1099
1781357279616 0.08406238257884979 1100
1781357279623 0.05865464732050896 1101
1781357279630 0.08239124715328217 1102
1781357279637 0.11706587672233582 1103
1781357279642 0.06542167067527771 1104
1781357279649 0.08432184159755707 1105
1781357279655 0.04636906087398529 1106
1781357279662 0.03034631535410881 1107
1781357279671 0.07644258439540863 1108
1781357279679 0.05109454691410065 1109
1781357279686 0.02875395491719246 1110
1781357279693 0.03708302229642868 1111
1781357279699 0.042626235634088516 1112
1781357279706 0.035645920783281326 1113
1781357279713 0.04637394845485687 1114
1781357279719 0.05105746537446976 1115
1781357279727 0.025091903284192085 1116
1781357279733 0.04453889653086662 1117
1781357279739 0.10463239997625351 1118
1781357279746 0.027977198362350464 1119
1781357279753 0.05867989361286163 1120
1781357279760 0.12468303740024567 1121
1781357279766 0.07752189040184021 1122
1781357279772 0.06619925796985626 1123
1781357279779 0.044414203613996506 1124
1781357279785 0.046160001307725906 1125
1781357279792 0.06757092475891113 1126
1781357279798 0.038223281502723694 1127
1781357279805 0.08999738097190857 1128
1781357279811 0.0297336857765913 1129
1781357279818 0.03495924919843674 1130
1781357279825 0.11231033504009247 1131
1781357279832 0.03740806132555008 1132
1781357279841 0.04071269929409027 1133
1781357279848 0.10374236106872559 1134
1781357279856 0.04655524343252182 1135
1781357279862 0.024431239813566208 1136
1781357279869 0.034722406417131424 1137
1781357279876 0.07141171395778656 1138
1781357279883 0.09393051266670227 1139
1781357279890 0.05971210449934006 1140
1781357279896 0.05631242319941521 1141
1781357279904 0.10400161147117615 1142
1781357279909 0.038269948214292526 1143
1781357279919 0.06941197067499161 1144
1781357279927 0.06321907788515091 1145
1781357279935 0.0656818374991417 1146
1781357279942 0.08639251440763474 1147
1781357279951 0.05383611470460892 1148
1781357279957 0.10411331802606583 1149
1781357279964 0.05138849467039108 1150
1781357279972 0.12085893005132675 1151
1781357279978 0.04445589333772659 1152
1781357279985 0.05869637057185173 1153
1781357279992 0.06856780499219894 1154
1781357280000 0.05515514314174652 1155
1781357280006 0.066073939204216 1156
1781357280013 0.09691259264945984 1157
1781357280021 0.03160339593887329 1158
1781357280027 0.0515664666891098 1159
1781357280033 0.03261862322688103 1160
1781357280041 0.06138795614242554 1161
1781357280048 0.09678927063941956 1162
1781357280056 0.04731267690658569 1163
1781357280064 0.06129743903875351 1164
1781357280072 0.08060694485902786 1165
1781357280083 0.053678616881370544 1166
1781357280090 0.0379643514752388 1167
1781357280098 0.05573864281177521 1168
1781357280104 0.05174074321985245 1169
1781357280112 0.08628597110509872 1170
1781357280118 0.03810375928878784 1171
1781357280125 0.06883862614631653 1172
1781357280133 0.03296578675508499 1173
1781357280139 0.07693120092153549 1174
1781357280148 0.034147702157497406 1175
1781357280154 0.05379774048924446 1176
1781357280162 0.06321106106042862 1177
1781357280169 0.059997349977493286 1178
1781357280178 0.08066525310277939 1179
1781357280185 0.052910611033439636 1180
1781357280193 0.07380494475364685 1181
1781357280201 0.027034906670451164 1182
1781357280208 0.06817573308944702 1183
1781357280216 0.04148973897099495 1184
1781357280222 0.06516601145267487 1185
1781357280229 0.05479070916771889 1186
1781357280236 0.03155781328678131 1187
1781357280244 0.06626655906438828 1188
1781357280250 0.06118740886449814 1189
1781357280257 0.09018155932426453 1190
1781357280264 0.04815831035375595 1191
1781357280270 0.042249925434589386 1192
1781357280277 0.10703977197408676 1193
1781357280284 0.06596992909908295 1194
1781357280292 0.01963040977716446 1195
1781357280299 0.08612708002328873 1196
1781357280306 0.07281921803951263 1197
1781357280315 0.023500919342041016 1198
1781357280321 0.017317000776529312 1199
1781357280329 0.03490832448005676 1200
1781357280336 0.030261358246207237 1201
1781357280342 0.0332205556333065 1202
1781357280351 0.09018942713737488 1203
1781357280358 0.027788206934928894 1204
1781357280366 0.045005492866039276 1205
1781357280373 0.04635980725288391 1206
1781357280379 0.04936700314283371 1207
1781357280386 0.07583343237638474 1208
1781357280393 0.032248541712760925 1209
1781357280401 0.044847458600997925 1210
1781357280407 0.049219805747270584 1211
1781357280415 0.047863349318504333 1212
1781357280421 0.05911107361316681 1213
1781357280427 0.03169927000999451 1214
1781357280436 0.05900496244430542 1215
1781357280442 0.06726525723934174 1216
1781357280450 0.04601364582777023 1217
1781357280457 0.0165242999792099 1218
1781357280464 0.0616268627345562 1219
1781357280471 0.09331855922937393 1220
1781357280479 0.09528583288192749 1221
1781357280485 0.03699082136154175 1222
1781357280492 0.07782573997974396 1223
1781357280502 0.028995370492339134 1224
1781357280508 0.046445753425359726 1225
1781357280515 0.020326096564531326 1226
1781357280521 0.12333500385284424 1227
1781357280528 0.0948312059044838 1228
1781357280536 0.026339136064052582 1229
1781357280542 0.057751983404159546 1230
1781357280548 0.05595279484987259 1231
1781357280554 0.033349379897117615 1232
1781357280562 0.03751103952527046 1233
1781357280568 0.03770667314529419 1234
1781357280574 0.08122625201940536 1235
1781357280581 0.08548829704523087 1236
1781357280587 0.057202212512493134 1237
1781357280594 0.12075230479240417 1238
1781357280599 0.05019058287143707 1239
1781357280606 0.031186731532216072 1240
1781357280613 0.10184738785028458 1241
1781357280620 0.04111257940530777 1242
1781357280627 0.054879359900951385 1243
1781357280632 0.05765005573630333 1244
1781357280640 0.025882098823785782 1245
1781357280645 0.09082554280757904 1246
1781357280652 0.047205887734889984 1247
1781357280658 0.05369144305586815 1248
1781357280664 0.039944104850292206 1249
1781357280671 0.03322615846991539 1250
1781357280678 0.10793957114219666 1251
1781357280684 0.06698696315288544 1252
1781357280691 0.023080643266439438 1253
1781357280697 0.08103463053703308 1254
1781357280704 0.026638828217983246 1255
1781357280711 0.0649765133857727 1256
1781357280717 0.02483799308538437 1257
1781357280724 0.023866133764386177 1258
1781357280730 0.017406992614269257 1259
1781357280737 0.06196148693561554 1260
1781357280743 0.03880066052079201 1261
1781357280750 0.07050079852342606 1262
1781357280756 0.018674572929739952 1263
1781357280763 0.06051722541451454 1264
1781357280769 0.07381398230791092 1265
1781357280776 0.06581391394138336 1266
1781357280782 0.1012810468673706 1267
1781357280791 0.04478568211197853 1268
1781357280797 0.05280371755361557 1269
1781357280804 0.03656737878918648 1270
1781357280810 0.034365471452474594 1271
1781357280817 0.06378424167633057 1272
1781357280823 0.07446007430553436 1273
1781357280830 0.029056314378976822 1274
1781357280836 0.04935992881655693 1275
1781357280843 0.07349517941474915 1276
1781357280849 0.08462788164615631 1277
1781357280856 0.05262017995119095 1278
1781357280862 0.037229567766189575 1279
1781357280869 0.04849005490541458 1280
1781357280875 0.04566925764083862 1281
1781357280883 0.05856317654252052 1282
1781357280889 0.044108252972364426 1283
1781357280897 0.050009116530418396 1284
1781357280903 0.038401048630476 1285
1781357280909 0.14447639882564545 1286
1781357280916 0.024709664285182953 1287
1781357280921 0.04428227245807648 1288
1781357280928 0.09892706573009491 1289
1781357280934 0.03479290381073952 1290
1781357280940 0.02015158347785473 1291
1781357280947 0.04670290648937225 1292
1781357280953 0.06505851447582245 1293
1781357280960 0.02774294652044773 1294
1781357280966 0.07484403997659683 1295
1781357280972 0.05196032300591469 1296
1781357280979 0.0647907555103302 1297
1781357280987 0.05510466918349266 1298
1781357280994 0.04707302153110504 1299
1781357281000 0.07886756211519241 1300
1781357281006 0.03880881890654564 1301
1781357281014 0.018656041473150253 1302
1781357281020 0.04146895557641983 1303
1781357281025 0.01654616743326187 1304
1781357281032 0.04486052319407463 1305
1781357281038 0.037946127355098724 1306
1781357281044 0.03157150000333786 1307
1781357281051 0.036539897322654724 1308
1781357281058 0.056292321532964706 1309
1781357281064 0.03635367751121521 1310
1781357281070 0.05454890802502632 1311
1781357281076 0.09903918206691742 1312
1781357281083 0.030617840588092804 1313
1781357281089 0.037499669939279556 1314
1781357281095 0.0730142593383789 1315
1781357281101 0.08168072998523712 1316
1781357281107 0.08378013968467712 1317
1781357281113 0.032128721475601196 1318
1781357281120 0.05825020372867584 1319
1781357281126 0.08540984243154526 1320
1781357281132 0.012513049878180027 1321
1781357281139 0.07742694020271301 1322
1781357281144 0.03583705425262451 1323
1781357281150 0.09534503519535065 1324
1781357281157 0.04032641276717186 1325
1781357281162 0.040673498064279556 1326
1781357281169 0.08058315515518188 1327
1781357281175 0.039715878665447235 1328
1781357281181 0.047175537794828415 1329
1781357281189 0.11118986457586288 1330
1781357281195 0.078158900141716 1331
1781357281203 0.037567686289548874 1332
1781357281209 0.029468202963471413 1333
1781357281215 0.08209580183029175 1334
1781357281221 0.03501300513744354 1335
1781357281226 0.05044136196374893 1336
1781357281233 0.023077063262462616 1337
1781357281239 0.02532447874546051 1338
1781357281245 0.0596909262239933 1339
1781357281251 0.09230489283800125 1340
1781357281257 0.03069213591516018 1341
1781357281264 0.06213371455669403 1342
1781357281270 0.05262521654367447 1343
1781357281275 0.07155119627714157 1344
1781357281283 0.09439428895711899 1345
1781357281289 0.06583084166049957 1346
1781357281295 0.04748975485563278 1347
1781357281302 0.05580582469701767 1348
1781357281309 0.05396254360675812 1349
1781357281316 0.1343018263578415 1350
1781357281322 0.04652060568332672 1351
1781357281328 0.07360880076885223 1352
1781357281334 0.059812575578689575 1353
1781357281340 0.022727038711309433 1354
1781357281346 0.0715131089091301 1355
1781357281351 0.047417979687452316 1356
1781357281356 0.053223758935928345 1357
1781357281364 0.04507078975439072 1358
1781357281371 0.048873282968997955 1359
1781357281377 0.0528721809387207 1360
1781357281383 0.05447227507829666 1361
1781357281389 0.076012022793293 1362
1781357281396 0.022973716259002686 1363
1781357281404 0.022729262709617615 1364
1781357281411 0.01954980194568634 1365
1781357281418 0.02507965639233589 1366
1781357281424 0.09967545419931412 1367
1781357281431 0.04632313549518585 1368
1781357281437 0.02934536151587963 1369
1781357281444 0.04129202663898468 1370
1781357281450 0.05742596834897995 1371
1781357281457 0.05592479556798935 1372
1781357281463 0.03939300775527954 1373
1781357281469 0.04240145906805992 1374
1781357281477 0.04703570902347565 1375
1781357281483 0.03241187706589699 1376
1781357281490 0.040240462869405746 1377
1781357281498 0.052067551761865616 1378
1781357281506 0.13133767247200012 1379
1781357281513 0.02029007114470005 1380
1781357281521 0.11859866976737976 1381
1781357281528 0.05351360887289047 1382
1781357281534 0.053054653108119965 1383
1781357281541 0.06774504482746124 1384
1781357281547 0.06166224554181099 1385
1781357281554 0.03363865986466408 1386
1781357281560 0.04963679984211922 1387
1781357281569 0.07315042614936829 1388
1781357281576 0.06166667491197586 1389
1781357281582 0.04667732119560242 1390
1781357281590 0.06553414463996887 1391
1781357281596 0.03845847770571709 1392
1781357281603 0.04213692247867584 1393
1781357281609 0.048742592334747314 1394
1781357281616 0.022098300978541374 1395
1781357281623 0.042623668909072876 1396
1781357281630 0.08767807483673096 1397
1781357281638 0.06561567634344101 1398
1781357281646 0.041498929262161255 1399
1781357281653 0.07074639201164246 1400
1781357281659 0.08217504620552063 1401
1781357281667 0.07612033188343048 1402
1781357281673 0.03164823353290558 1403
1781357281680 0.09631310403347015 1404
1781357281686 0.03897158056497574 1405
1781357281693 0.044692669063806534 1406
1781357281701 0.1130630373954773 1407
1781357281707 0.029220489785075188 1408
1781357281718 0.029784541577100754 1409
1781357281726 0.08944098651409149 1410
1781357281734 0.08924141526222229 1411
1781357281741 0.021186575293540955 1412
1781357281749 0.04762451350688934 1413
1781357281756 0.06598876416683197 1414
1781357281764 0.0965411588549614 1415
1781357281771 0.10781997442245483 1416
1781357281779 0.05770628899335861 1417
1781357281787 0.1115623265504837 1418
1781357281796 0.08511564880609512 1419
1781357281802 0.14003175497055054 1420
1781357281812 0.028519967570900917 1421
1781357281820 0.07246386259794235 1422
1781357281826 0.04911208897829056 1423
1781357281833 0.04297855868935585 1424
1781357281840 0.019438263028860092 1425
1781357281848 0.041814498603343964 1426
1781357281854 0.03732949495315552 1427
1781357281862 0.05711149424314499 1428
1781357281868 0.03276434168219566 1429
1781357281876 0.03939028084278107 1430
1781357281883 0.09085115790367126 1431
1781357281889 0.10407856106758118 1432
1781357281896 0.11371633410453796 1433
1781357281902 0.02242077887058258 1434
1781357281909 0.060962773859500885 1435
1781357281915 0.03538151830434799 1436
1781357281923 0.02915606088936329 1437
1781357281930 0.023487810045480728 1438
1781357281936 0.0958508625626564 1439
1781357281944 0.038841407746076584 1440
1781357281950 0.022799910977482796 1441
1781357281957 0.07668620347976685 1442
1781357281964 0.05683104693889618 1443
1781357281970 0.02108222246170044 1444
1781357281978 0.06103911250829697 1445
1781357281984 0.05494809150695801 1446
1781357281991 0.06138736009597778 1447
1781357282000 0.05104849860072136 1448
1781357282007 0.02659178152680397 1449
1781357282013 0.04456356167793274 1450
1781357282022 0.06352250277996063 1451
1781357282028 0.05489296838641167 1452
1781357282034 0.039162442088127136 1453
1781357282042 0.060267373919487 1454
1781357282048 0.11796967685222626 1455
1781357282055 0.06339692324399948 1456
1781357282061 0.029489124193787575 1457
1781357282069 0.052565593272447586 1458
1781357282075 0.05026308074593544 1459
1781357282081 0.08958857506513596 1460
1781357282088 0.05971694737672806 1461
1781357282094 0.10942257940769196 1462
1781357282100 0.03345930576324463 1463
1781357282107 0.05901791527867317 1464
1781357282114 0.0609469898045063 1465
1781357282121 0.09802353382110596 1466
1781357282129 0.04505017027258873 1467
1781357282136 0.05678735673427582 1468
1781357282142 0.04115280508995056 1469
1781357282150 0.05684095621109009 1470
1781357282157 0.05742810666561127 1471
1781357282165 0.08270527422428131 1472
1781357282172 0.06442689150571823 1473
1781357282179 0.06651891022920609 1474
1781357282185 0.08582669496536255 1475
1781357282191 0.06843052804470062 1476
1781357282199 0.0865519717335701 1477
1781357282206 0.042787011712789536 1478
1781357282213 0.08589766919612885 1479
1781357282219 0.04011058434844017 1480
1781357282227 0.05223643779754639 1481
1781357282234 0.07883767038583755 1482
1781357282240 0.034027524292469025 1483
1781357282247 0.10553911328315735 1484
1781357282254 0.021468358114361763 1485
1781357282261 0.09523795545101166 1486
1781357282268 0.1256287693977356 1487
1781357282276 0.02826092764735222 1488
1781357282284 0.04347389191389084 1489
1781357282292 0.024057339876890182 1490
1781357282300 0.09510189294815063 1491
1781357282307 0.07548511773347855 1492
1781357282315 0.039794210344552994 1493
1781357282321 0.04289817065000534 1494
1781357282329 0.04852922260761261 1495
1781357282335 0.06218361109495163 1496
1781357282341 0.1276688575744629 1497
1781357282348 0.049563780426979065 1498
1781357282354 0.03413098305463791 1499
1781357282361 0.053257837891578674 1500
1781357282367 0.07220306247472763 1501
1781357282375 0.08702320605516434 1502
1781357282380 0.07778218388557434 1503
1781357282388 0.0661306157708168 1504
1781357282394 0.08575157821178436 1505
1781357282400 0.07305052131414413 1506
1781357282407 0.029040656983852386 1507
1781357282414 0.0952097624540329 1508
1781357282420 0.10130549967288971 1509
1781357282426 0.04155378043651581 1510
1781357282433 0.025007594376802444 1511
1781357282440 0.040486596524715424 1512
1781357282446 0.0428830124437809 1513
1781357282453 0.11468007415533066 1514
1781357282459 0.05825791507959366 1515
1781357282465 0.10140205174684525 1516
1781357282472 0.032644618302583694 1517
1781357282479 0.08823121339082718 1518
1781357282485 0.04175901412963867 1519
1781357282493 0.08618652820587158 1520
1781357282500 0.08284526318311691 1521
1781357282506 0.0732743889093399 1522
1781357282512 0.09995263069868088 1523
1781357282519 0.0654732882976532 1524
1781357282525 0.06687412410974503 1525
1781357282531 0.03857985511422157 1526
1781357282537 0.059860341250896454 1527
1781357282543 0.040838707238435745 1528
1781357282550 0.05936131253838539 1529
1781357282556 0.03479588031768799 1530
1781357282562 0.09590224921703339 1531
1781357282570 0.02488485723733902 1532
1781357282576 0.030720118433237076 1533
1781357282583 0.06023470312356949 1534
1781357282589 0.07384778559207916 1535
1781357282595 0.07620300352573395 1536
1781357282603 0.06887087970972061 1537
1781357282609 0.041081756353378296 1538
1781357282615 0.09161005169153214 1539
1781357282622 0.03032265231013298 1540
1781357282632 0.07421575486660004 1541
1781357282640 0.08601267635822296 1542
1781357282648 0.03275763615965843 1543
1781357282655 0.0416509211063385 1544
1781357282663 0.07492426782846451 1545
1781357282670 0.13550694286823273 1546
1781357282676 0.04871436953544617 1547
1781357282683 0.1004534512758255 1548
1781357282690 0.04513281211256981 1549
1781357282697 0.13075268268585205 1550
1781357282704 0.036411214619874954 1551
1781357282711 0.10744326561689377 1552
1781357282719 0.0971304178237915 1553
1781357282726 0.08563761413097382 1554
1781357282733 0.09163345396518707 1555
1781357282739 0.09016423672437668 1556
1781357282748 0.15907515585422516 1557
1781357282756 0.05179427191615105 1558
1781357282762 0.0777168720960617 1559
1781357282770 0.06375642120838165 1560
1781357282779 0.06255527585744858 1561
1781357282785 0.05782844126224518 1562
1781357282791 0.048255693167448044 1563
1781357282799 0.04413957893848419 1564
1781357282806 0.043662022799253464 1565
1781357282812 0.08259865641593933 1566
1781357282820 0.022317523136734962 1567
1781357282828 0.04595528915524483 1568
1781357282835 0.09338825196027756 1569
1781357282843 0.04637254402041435 1570
1781357282850 0.0439927838742733 1571
1781357282858 0.09212231636047363 1572
1781357282864 0.11547918617725372 1573
1781357282871 0.10663268715143204 1574
1781357282878 0.09892937541007996 1575
1781357282885 0.08629018813371658 1576
1781357282892 0.06132983788847923 1577
1781357282899 0.06437458097934723 1578
1781357282906 0.08240575343370438 1579
1781357282913 0.03518330305814743 1580
1781357282921 0.06074921041727066 1581
1781357282928 0.04542701691389084 1582
1781357282934 0.04935048893094063 1583
1781357282940 0.019177716225385666 1584
1781357282948 0.05810093507170677 1585
1781357282956 0.035966888070106506 1586
1781357282962 0.09081774204969406 1587
1781357282969 0.05506690964102745 1588
1781357282977 0.05066707730293274 1589
1781357282984 0.04021363705396652 1590
1781357282991 0.052548423409461975 1591
1781357282998 0.0864984542131424 1592
1781357283005 0.09245473146438599 1593
1781357283012 0.07824713736772537 1594
1781357283020 0.08922042697668076 1595
1781357283029 0.033124394714832306 1596
1781357283037 0.09192763268947601 1597
1781357283043 0.07384582608938217 1598
1781357283050 0.03136114776134491 1599
1781357283058 0.0530133992433548 1600
1781357283065 0.052920445799827576 1601
1781357283072 0.08865810185670853 1602
1781357283078 0.06459861248731613 1603
1781357283085 0.06669411808252335 1604
1781357283091 0.0572793073952198 1605
1781357283098 0.05672139674425125 1606
1781357283104 0.018423130735754967 1607
1781357283112 0.06561406701803207 1608
1781357283118 0.0628143846988678 1609
1781357283124 0.037571992725133896 1610
1781357283131 0.0666913241147995 1611
1781357283137 0.05707629770040512 1612
1781357283145 0.0598473995923996 1613
1781357283151 0.07299979776144028 1614
1781357283158 0.033971916884183884 1615
1781357283164 0.10161672532558441 1616
1781357283170 0.041402652859687805 1617
1781357283177 0.15101012587547302 1618
1781357283183 0.020438849925994873 1619
1781357283190 0.04028605669736862 1620
1781357283198 0.0752260833978653 1621
1781357283203 0.07827675342559814 1622
1781357283212 0.07567645609378815 1623
1781357283219 0.05658811703324318 1624
1781357283225 0.0804755836725235 1625
1781357283234 0.03219151869416237 1626
1781357283239 0.0870785340666771 1627
1781357283247 0.08772552013397217 1628
1781357283256 0.1090104728937149 1629
1781357283264 0.06390148401260376 1630
1781357283273 0.05868597328662872 1631
1781357283280 0.026848159730434418 1632
1781357283289 0.045220065861940384 1633
1781357283296 0.13016939163208008 1634
1781357283303 0.07786481827497482 1635
1781357283312 0.05994957685470581 1636
1781357283320 0.08529584109783173 1637
1781357283327 0.06652281433343887 1638
1781357283333 0.08110485225915909 1639
1781357283340 0.09768252819776535 1640
1781357283346 0.13405945897102356 1641
1781357283354 0.028592461720108986 1642
1781357283360 0.023597193881869316 1643
1781357283367 0.12670768797397614 1644
1781357283376 0.11655950546264648 1645
1781357283383 0.07010577619075775 1646
1781357283391 0.06432609260082245 1647
1781357283396 0.06753790378570557 1648
1781357283403 0.11926184594631195 1649
1781357283410 0.053042929619550705 1650
1781357283417 0.051103513687849045 1651
1781357283424 0.051887549459934235 1652
1781357283433 0.06561397016048431 1653
1781357283440 0.03592977672815323 1654
1781357283446 0.019623994827270508 1655
1781357283453 0.06549304723739624 1656
1781357283460 0.06682880967855453 1657
1781357283468 0.12180668115615845 1658
1781357283474 0.05828218534588814 1659
1781357283480 0.05402551591396332 1660
1781357283488 0.03327374905347824 1661
1781357283495 0.06707006692886353 1662
1781357283503 0.07928270101547241 1663
1781357283510 0.029212376102805138 1664
1781357283517 0.07250971347093582 1665
1781357283525 0.11910076439380646 1666
1781357283532 0.040196675807237625 1667
1781357283538 0.09355578571557999 1668
1781357283545 0.07355966418981552 1669
1781357283552 0.06992918252944946 1670
1781357283558 0.15448303520679474 1671
1781357283567 0.06841146945953369 1672
1781357283574 0.13445810973644257 1673
1781357283582 0.0714486688375473 1674
1781357283588 0.1182553693652153 1675
1781357283596 0.11126276850700378 1676
1781357283602 0.13407845795154572 1677
1781357283609 0.129851832985878 1678
1781357283616 0.10282168537378311 1679
1781357283624 0.08016324043273926 1680
1781357283632 0.04194501414895058 1681
1781357283639 0.09255751222372055 1682
1781357283647 0.05706486105918884 1683
1781357283653 0.09641091525554657 1684
1781357283661 0.06714737415313721 1685
1781357283667 0.04848375916481018 1686
1781357283675 0.13277554512023926 1687
1781357283681 0.0946323424577713 1688
1781357283688 0.07224683463573456 1689
1781357283699 0.09373825043439865 1690
1781357283712 0.04771838337182999 1691
1781357283721 0.06303194165229797 1692
1781357283732 0.09599152207374573 1693
1781357283739 0.05491575971245766 1694
1781357283747 0.04137154668569565 1695
1781357283756 0.04167900234460831 1696
1781357283763 0.06253316253423691 1697
1781357283770 0.08390294760465622 1698
1781357283777 0.023331675678491592 1699
1781357283785 0.10545703768730164 1700
1781357283792 0.06249229609966278 1701
1781357283797 0.03831877559423447 1702
1781357283806 0.10539278388023376 1703
1781357283813 0.07032206654548645 1704
1781357283820 0.04313398152589798 1705
1781357283825 0.08233349025249481 1706
1781357283830 0.05487903207540512 1707
1781357283840 0.036737777292728424 1708
1781357283845 0.02287359908223152 1709
1781357283854 0.07376943528652191 1710
1781357283860 0.05769971013069153 1711
1781357283868 0.10478909313678741 1712
1781357283874 0.08172719180583954 1713
1781357283879 0.01938275806605816 1714
1781357283886 0.03611843287944794 1715
1781357283892 0.13428527116775513 1716
1781357283899 0.022169988602399826 1717
1781357283906 0.02829689346253872 1718
1781357283913 0.03137409687042236 1719
1781357283919 0.1270768791437149 1720
1781357283926 0.09560108929872513 1721
1781357283935 0.04737257957458496 1722
1781357283940 0.06855800747871399 1723
1781357283947 0.09505750238895416 1724
1781357283954 0.08436423540115356 1725
1781357283960 0.102689228951931 1726
1781357283968 0.09187380969524384 1727
1781357283974 0.07213737070560455 1728
1781357283983 0.13540242612361908 1729
1781357283989 0.07644587755203247 1730
1781357283995 0.081917904317379 1731
1781357284001 0.07721032202243805 1732
1781357284008 0.04848209768533707 1733
1781357284015 0.05726039782166481 1734
1781357284021 0.11826912313699722 1735
1781357284029 0.07395526766777039 1736
1781357284035 0.13716548681259155 1737
1781357284043 0.04658690094947815 1738
1781357284049 0.02777407132089138 1739
1781357284054 0.07937358319759369 1740
1781357284063 0.1037289947271347 1741
1781357284069 0.04533777013421059 1742
1781357284076 0.050145022571086884 1743
1781357284083 0.07423891127109528 1744
1781357284091 0.08606559783220291 1745
1781357284097 0.0591050460934639 1746
1781357284103 0.05678435042500496 1747
1781357284109 0.03843318298459053 1748
1781357284115 0.06463993340730667 1749
1781357284122 0.058596573770046234 1750
1781357284128 0.06953782588243484 1751
1781357284134 0.15339688956737518 1752
1781357284140 0.14257286489009857 1753
1781357284146 0.14817960560321808 1754
1781357284152 0.05216354876756668 1755
1781357284160 0.0874103233218193 1756
1781357284166 0.07540106773376465 1757
1781357284172 0.07916378974914551 1758
1781357284180 0.08131294697523117 1759
1781357284186 0.0757140964269638 1760
1781357284191 0.06725271046161652 1761
1781357284197 0.07495009154081345 1762
1781357284204 0.031102266162633896 1763
1781357284210 0.03678111359477043 1764
1781357284219 0.07037359476089478 1765
1781357284225 0.09608323872089386 1766
1781357284232 0.09450406581163406 1767
1781357284240 0.04477410763502121 1768
1781357284247 0.06480138748884201 1769
1781357284252 0.06562210619449615 1770
1781357284258 0.07455053925514221 1771
1781357284266 0.044403064996004105 1772
1781357284272 0.049007173627614975 1773
1781357284277 0.08334316313266754 1774
1781357284284 0.035956572741270065 1775
1781357284292 0.08240197598934174 1776
1781357284299 0.09894594550132751 1777
1781357284305 0.06762184947729111 1778
1781357284311 0.08683906495571136 1779
1781357284318 0.04752017930150032 1780
1781357284323 0.17829832434654236 1781
1781357284330 0.20334500074386597 1782
1781357284336 0.08991378545761108 1783
1781357284343 0.07528697699308395 1784
1781357284350 0.08829950541257858 1785
1781357284357 0.13174040615558624 1786
1781357284363 0.10089173913002014 1787
1781357284369 0.09045954048633575 1788
1781357284374 0.01878533512353897 1789
1781357284381 0.1668751984834671 1790
1781357284388 0.04441394656896591 1791
1781357284396 0.07716338336467743 1792
1781357284403 0.05016203597187996 1793
1781357284409 0.06913556158542633 1794
1781357284416 0.03950122371315956 1795
1781357284422 0.12245499342679977 1796
1781357284429 0.15628525614738464 1797
1781357284436 0.02073616534471512 1798
1781357284443 0.017332540825009346 1799
1781357284448 0.08396372199058533 1800
1781357284454 0.024583520367741585 1801
1781357284462 0.07838990539312363 1802
1781357284468 0.10247184336185455 1803
1781357284476 0.08424978703260422 1804
1781357284482 0.046300340443849564 1805
1781357284487 0.07948733866214752 1806
1781357284494 0.10897208750247955 1807
1781357284500 0.11047002673149109 1808
1781357284506 0.08070943504571915 1809
1781357284513 0.058711856603622437 1810
1781357284519 0.11660376191139221 1811
1781357284526 0.07486830651760101 1812
1781357284531 0.040598273277282715 1813
1781357284538 0.15551912784576416 1814
1781357284545 0.060367777943611145 1815
1781357284552 0.0392545685172081 1816
1781357284559 0.03669049218297005 1817
1781357284564 0.17440709471702576 1818
1781357284571 0.07242783904075623 1819
1781357284577 0.11759543418884277 1820
1781357284583 0.11733496189117432 1821
1781357284590 0.01724155992269516 1822
1781357284597 0.09355844557285309 1823
1781357284603 0.06145160645246506 1824
1781357284610 0.06562533974647522 1825
1781357284616 0.1029486283659935 1826
1781357284622 0.06666380167007446 1827
1781357284629 0.09557884931564331 1828
1781357284636 0.09821081906557083 1829
1781357284642 0.06389185041189194 1830
1781357284651 0.15969082713127136 1831
1781357284658 0.08273734897375107 1832
1781357284664 0.0903622955083847 1833
1781357284671 0.04797155782580376 1834
1781357284677 0.0790473222732544 1835
1781357284684 0.07418829202651978 1836
1781357284690 0.0639537051320076 1837
1781357284696 0.11598868668079376 1838
1781357284705 0.1339736431837082 1839
1781357284713 0.12844429910182953 1840
1781357284720 0.0720706433057785 1841
1781357284726 0.08089156448841095 1842
1781357284734 0.054666243493556976 1843
1781357284741 0.06615621596574783 1844
1781357284747 0.1164812445640564 1845
1781357284753 0.09599490463733673 1846
1781357284760 0.11094515025615692 1847
1781357284767 0.0661633089184761 1848
1781357284772 0.043041832745075226 1849
1781357284781 0.13132140040397644 1850
1781357284786 0.0466022789478302 1851
1781357284792 0.06072813272476196 1852
1781357284799 0.09288071095943451 1853
1781357284805 0.11524005234241486 1854
1781357284814 0.1765589714050293 1855
1781357284820 0.07431726157665253 1856
1781357284826 0.09703348577022552 1857
1781357284834 0.08788441866636276 1858
1781357284840 0.0923691838979721 1859
1781357284846 0.09288205951452255 1860
1781357284852 0.06369605660438538 1861
1781357284859 0.0523500069975853 1862
1781357284865 0.1024470180273056 1863
1781357284871 0.0893082469701767 1864
1781357284878 0.1214330866932869 1865
1781357284884 0.11428943276405334 1866
1781357284891 0.08372659981250763 1867
1781357284898 0.07092005014419556 1868
1781357284904 0.11595571786165237 1869
1781357284911 0.03950146958231926 1870
1781357284917 0.0841345340013504 1871
1781357284923 0.10959385335445404 1872
1781357284929 0.11669696867465973 1873
1781357285200 0.06673317402601242 1874
1781357285206 0.1010637953877449 1875
1781357285212 0.0467228889465332 1876
1781357285218 0.08584968000650406 1877
1781357285224 0.030880408361554146 1878
1781357285231 0.02845011092722416 1879
1781357285236 0.10975787043571472 1880
1781357285242 0.1220388114452362 1881
1781357285249 0.06813033670186996 1882
1781357285255 0.06830719858407974 1883
1781357285262 0.09978576004505157 1884
1781357285268 0.12493398785591125 1885
1781357285273 0.08613696694374084 1886
1781357285280 0.07463401556015015 1887
1781357285287 0.0792207419872284 1888
1781357285293 0.10227762162685394 1889
1781357285300 0.034442655742168427 1890
1781357285305 0.0685804933309555 1891
1781357285314 0.08087122440338135 1892
1781357285321 0.05186658352613449 1893
1781357285327 0.1773734837770462 1894
1781357285333 0.2036331295967102 1895
1781357285340 0.09956856817007065 1896
1781357285347 0.04970129206776619 1897
1781357285353 0.11022928357124329 1898
1781357285360 0.030435629189014435 1899
1781357285367 0.02623346447944641 1900
1781357285373 0.08642919361591339 1901
1781357285380 0.12757988274097443 1902
1781357285386 0.15929648280143738 1903
1781357285392 0.14377161860466003 1904
1781357285399 0.09424620121717453 1905
1781357285404 0.04182880371809006 1906
1781357285411 0.1365649700164795 1907
1781357285421 0.08683779835700989 1908
1781357285429 0.14572227001190186 1909
1781357285435 0.15736208856105804 1910
1781357285444 0.05401984602212906 1911
1781357285451 0.13863301277160645 1912
1781357285459 0.06938526034355164 1913
1781357285465 0.16579847037792206 1914
1781357285470 0.04332337900996208 1915
1781357285478 0.15042628347873688 1916
1781357285484 0.06251940876245499 1917
1781357285490 0.1748218834400177 1918
1781357285496 0.07656422257423401 1919
1781357285503 0.05036405846476555 1920
1781357285510 0.036971189081668854 1921
1781357285516 0.13583892583847046 1922
1781357285523 0.08017727732658386 1923
1781357285529 0.059495966881513596 1924
1781357285535 0.19453340768814087 1925
1781357285542 0.06388424336910248 1926
1781357285549 0.08293905109167099 1927
1781357285556 0.06093467399477959 1928
1781357285562 0.14692534506320953 1929
1781357285568 0.16025499999523163 1930
1781357285574 0.08046793192625046 1931
1781357285581 0.07886821776628494 1932
1781357285588 0.19209328293800354 1933
1781357285595 0.059977125376462936 1934
1781357285603 0.14752855896949768 1935
1781357285609 0.06471267342567444 1936
1781357285617 0.07144471257925034 1937
1781357285624 0.08871398866176605 1938
1781357285631 0.1872333437204361 1939
1781357285637 0.11084313690662384 1940
1781357285643 0.10639183223247528 1941
1781357285651 0.06801486015319824 1942
1781357285656 0.0895036906003952 1943
1781357285663 0.24174806475639343 1944
1781357285669 0.06976854056119919 1945
1781357285675 0.04041654244065285 1946
1781357285682 0.11333367228507996 1947
1781357285689 0.09578999876976013 1948
1781357285696 0.15235485136508942 1949
1781357285701 0.10906530916690826 1950
1781357285707 0.09112641960382462 1951
1781357285716 0.09028193354606628 1952
1781357285721 0.11315339803695679 1953
1781357285729 0.15510307252407074 1954
1781357285736 0.1156439334154129 1955
1781357285742 0.11019884049892426 1956
1781357285748 0.08867219090461731 1957
1781357285754 0.053934164345264435 1958
1781357285762 0.0720490962266922 1959
1781357285768 0.0677325502038002 1960
1781357285774 0.030925069004297256 1961
1781357285781 0.0996367335319519 1962
1781357285787 0.17376205325126648 1963
1781357285794 0.08059029281139374 1964
1781357285801 0.1276172399520874 1965
1781357285808 0.13052847981452942 1966
1781357285815 0.13935601711273193 1967
1781357285822 0.14023365080356598 1968
1781357285829 0.19737064838409424 1969
1781357285835 0.17976820468902588 1970
1781357285842 0.21108117699623108 1971
1781357285850 0.20339256525039673 1972
1781357285856 0.1282273828983307 1973
1781357285863 0.13777868449687958 1974
1781357285869 0.051180824637413025 1975
1781357285876 0.13574481010437012 1976
1781357285882 0.23358777165412903 1977
1781357285889 0.0867280587553978 1978
1781357285895 0.07962349057197571 1979
1781357285902 0.1102541834115982 1980
1781357285908 0.11697038263082504 1981
1781357285916 0.13214561343193054 1982
1781357285922 0.15164604783058167 1983
1781357285928 0.06783357262611389 1984
1781357285936 0.1362195760011673 1985
1781357285942 0.09042016416788101 1986
1781357285949 0.062119126319885254 1987
1781357285956 0.0577128566801548 1988
1781357285962 0.17327401041984558 1989
1781357285969 0.24964186549186707 1990
1781357285975 0.10851457715034485 1991
1781357285982 0.07540398836135864 1992
1781357285990 0.13282272219657898 1993
1781357285996 0.12718456983566284 1994
1781357286003 0.0743660107254982 1995
1781357286010 0.23117822408676147 1996
1781357286018 0.10427752882242203 1997
1781357286024 0.11167526990175247 1998
1781357286030 0.16344353556632996 1999
1781357286037 0.09887836873531342 2000
1781357286044 0.24547040462493896 2001
1781357286050 0.13712723553180695 2002
1781357286057 0.1069401279091835 2003
1781357286065 0.10367415100336075 2004
1781357286070 0.1604737639427185 2005
1781357286077 0.09760203957557678 2006
1781357286084 0.0743420198559761 2007
1781357286091 0.23904602229595184 2008
1781357286100 0.09924900531768799 2009
1781357286108 0.16233345866203308 2010
1781357286115 0.1631852239370346 2011
1781357286122 0.08358610421419144 2012
1781357286130 0.057819999754428864 2013
1781357286137 0.23567667603492737 2014
1781357286144 0.10869341343641281 2015
1781357286152 0.126417875289917 2016
1781357286160 0.16530264914035797 2017
1781357286168 0.11512932926416397 2018
1781357286176 0.14188480377197266 2019
1781357286184 0.12495973706245422 2020
1781357286191 0.2058829814195633 2021
1781357286198 0.13939347863197327 2022
1781357286207 0.09838412702083588 2023
1781357286214 0.16674081981182098 2024
1781357286219 0.12829957902431488 2025
1781357286227 0.07593083381652832 2026
1781357286233 0.1277913600206375 2027
1781357286240 0.12584461271762848 2028
1781357286248 0.09187131375074387 2029
1781357286255 0.19894614815711975 2030
1781357286261 0.16549552977085114 2031
1781357286268 0.16709457337856293 2032
1781357286275 0.28119269013404846 2033
1781357286282 0.1605069488286972 2034
1781357286290 0.239790141582489 2035
1781357286298 0.17159387469291687 2036
1781357286307 0.198785662651062 2037
1781357286315 0.20506839454174042 2038
1781357286321 0.08577950298786163 2039
1781357286331 0.11860992014408112 2040
1781357286338 0.10600317269563675 2041
1781357286346 0.11811979115009308 2042
1781357286354 0.16387253999710083 2043
1781357286360 0.2723919153213501 2044
1781357286368 0.1955646276473999 2045
1781357286375 0.10928630083799362 2046
1781357286382 0.09507475048303604 2047
1781357286389 0.12576785683631897 2048
1781357286396 0.23276475071907043 2049
1781357286402 0.1541098654270172 2050
1781357286410 0.17349489033222198 2051
1781357286418 0.3383236527442932 2052
1781357286425 0.20830224454402924 2053
1781357286433 0.24888929724693298 2054
1781357286440 0.25036048889160156 2055
1781357286448 0.21376913785934448 2056
1781357286455 0.3287586271762848 2057
1781357286462 0.2143542766571045 2058
1781357286469 0.08614780753850937 2059
1781357286476 0.1730470210313797 2060
1781357286483 0.23413272202014923 2061
1781357286491 0.06949005275964737 2062
1781357286499 0.24175211787223816 2063
1781357286506 0.21093350648880005 2064
1781357286515 0.17330436408519745 2065
1781357286522 0.10465124249458313 2066
1781357286529 0.2557636797428131 2067
1781357286536 0.18613414466381073 2068
1781357286542 0.293751060962677 2069
1781357286549 0.29552870988845825 2070
1781357286557 0.20245665311813354 2071
1781357286564 0.21300452947616577 2072
1781357286570 0.12021046876907349 2073
1781357286580 0.21619121730327606 2074
1781357286587 0.2626029849052429 2075
1781357286595 0.18394610285758972 2076
1781357286602 0.17951302230358124 2077
1781357286611 0.1450202614068985 2078
1781357286618 0.1187848225235939 2079
1781357286627 0.09741860628128052 2080
1781357286634 0.2747555375099182 2081
1781357286643 0.19951213896274567 2082
1781357286650 0.10183238238096237 2083
1781357286657 0.11780060827732086 2084
1781357286667 0.19395217299461365 2085
1781357286675 0.2630375027656555 2086
1781357286683 0.33206379413604736 2087
1781357286692 0.11431044340133667 2088
1781357286699 0.19151198863983154 2089
1781357286706 0.40837180614471436 2090
1781357286713 0.3241208791732788 2091
1781357286720 0.05708330124616623 2092
1781357286727 0.15221351385116577 2093
1781357286733 0.24050962924957275 2094
1781357286741 0.23539695143699646 2095
1781357286747 0.19619055092334747 2096
1781357286754 0.21613432466983795 2097
1781357286762 0.2743178606033325 2098
1781357286767 0.28376105427742004 2099
1781357286774 0.19190481305122375 2100
1781357286781 0.22546124458312988 2101
1781357286789 0.21991170942783356 2102
1781357286797 0.4105887711048126 2103
1781357286803 0.1263265758752823 2104
1781357286811 0.2161179780960083 2105
1781357286818 0.18049106001853943 2106
1781357286826 0.19039011001586914 2107
1781357286834 0.1679176688194275 2108
1781357286841 0.24492037296295166 2109
1781357286848 0.17443732917308807 2110
1781357286856 0.3043614327907562 2111
1781357286863 0.2685554623603821 2112
1781357286870 0.16727516055107117 2113
1781357286877 0.26405900716781616 2114
1781357286883 0.3941071927547455 2115
1781357286892 0.1410483866930008 2116
1781357286899 0.2578198313713074 2117
1781357286906 0.2284751683473587 2118
1781357286914 0.3652914762496948 2119
1781357286921 0.23537637293338776 2120
1781357286927 0.32642000913619995 2121
1781357286933 0.33721768856048584 2122
1781357286940 0.11956139653921127 2123
1781357286946 0.33569568395614624 2124
1781357286953 0.29768311977386475 2125
1781357286960 0.336356520652771 2126
1781357286971 0.2965068519115448 2127
1781357286978 0.42988279461860657 2128
1781357286985 0.3225986957550049 2129
1781357286992 0.13091453909873962 2130
1781357286999 0.38450637459754944 2131
1781357287005 0.260174036026001 2132
1781357287015 0.28467807173728943 2133
1781357287021 0.3958347737789154 2134
1781357287030 0.31402915716171265 2135
1781357287037 0.2322746217250824 2136
1781357287044 0.3291008770465851 2137
1781357287050 0.2533648908138275 2138
1781357287059 0.2762751877307892 2139
1781357287066 0.44219598174095154 2140
1781357287073 0.3587522804737091 2141
1781357287080 0.2806358337402344 2142
1781357287086 0.26286613941192627 2143
1781357287092 0.300629585981369 2144
1781357287099 0.2863828241825104 2145
1781357287105 0.281732976436615 2146
1781357287112 0.3340493142604828 2147
1781357287121 0.14640271663665771 2148
1781357287129 0.22545450925827026 2149
1781357287138 0.291775643825531 2150
1781357287145 0.21190008521080017 2151
1781357287152 0.4585358500480652 2152
1781357287159 0.40411028265953064 2153
1781357287166 0.20852778851985931 2154
1781357287175 0.3267669975757599 2155
1781357287181 0.28911808133125305 2156
1781357287187 0.25710874795913696 2157
1781357287195 0.34297966957092285 2158
1781357287201 0.41030630469322205 2159
1781357287208 0.26102787256240845 2160
1781357287215 0.318988174200058 2161
1781357287222 0.30320680141448975 2162
1781357287228 0.3433927297592163 2163
1781357287236 0.2497255802154541 2164
1781357287243 0.3349398374557495 2165
1781357287252 0.31863412261009216 2166
1781357287259 0.3449748158454895 2167
1781357287266 0.305205762386322 2168
1781357287273 0.40269580483436584 2169
1781357287279 0.4666398763656616 2170
1781357287286 0.3106740117073059 2171
1781357287293 0.2830263674259186 2172
1781357287300 0.2497498244047165 2173
1781357287308 0.4050062298774719 2174
1781357287316 0.3348473608493805 2175
1781357287323 0.37722504138946533 2176
1781357287329 0.3068036139011383 2177
1781357287337 0.3957539498806 2178
1781357287344 0.505191445350647 2179
1781357287351 0.42146503925323486 2180
1781357287358 0.25112810730934143 2181
1781357287367 0.25885266065597534 2182
1781357287373 0.298918753862381 2183
1781357287381 0.36122265458106995 2184
1781357287387 0.3871917724609375 2185
1781357287394 0.3276742398738861 2186
1781357287402 0.3851417303085327 2187
1781357287408 0.32643699645996094 2188
1781357287416 0.3363605737686157 2189
1781357287422 0.17496851086616516 2190
1781357287430 0.4213780462741852 2191
1781357287436 0.572961151599884 2192
1781357287442 0.5224350690841675 2193
1781357287450 0.45340752601623535 2194
1781357287458 0.5566727519035339 2195
1781357287466 0.41211622953414917 2196
1781357287474 0.4233878254890442 2197
1781357287482 0.3806954622268677 2198
1781357287488 0.7596018314361572 2199
1781357287498 0.34945112466812134 2200
1781357287504 0.4534457325935364 2201
1781357287512 0.47675198316574097 2202
1781357287518 0.45723676681518555 2203
1781357287525 0.4088134169578552 2204
1781357287532 0.567886471748352 2205
1781357287539 0.28988927602767944 2206
1781357287547 0.33112698793411255 2207
1781357287554 0.516279935836792 2208
1781357287560 0.5638057589530945 2209
1781357287567 0.3672998547554016 2210
1781357287575 0.430836021900177 2211
1781357287581 0.703583836555481 2212
1781357287588 0.5207816362380981 2213
1781357287596 0.7254244089126587 2214
1781357287603 0.5201985836029053 2215
1781357287609 0.5463358163833618 2216
1781357287616 0.46647781133651733 2217
1781357287624 0.5926357507705688 2218
1781357287631 0.5328040719032288 2219
1781357287638 0.6916823983192444 2220
1781357287645 0.6900089979171753 2221
1781357287652 0.7632747888565063 2222
1781357287659 0.34934717416763306 2223
1781357287665 0.6508777737617493 2224
1781357287673 0.5528699159622192 2225
1781357287681 0.5822110176086426 2226
1781357287689 0.37660080194473267 2227
1781357287695 0.491688072681427 2228
1781357287702 0.44115033745765686 2229
1781357287709 0.4881347417831421 2230
1781357287717 0.4160776138305664 2231
1781357287728 0.3985857367515564 2232
1781357287739 0.47408974170684814 2233
1781357287748 0.5410800576210022 2234
1781357287758 0.4309452176094055 2235
1781357287766 0.6805131435394287 2236
1781357287773 0.5268652439117432 2237
1781357287780 0.531975269317627 2238
1781357287786 0.7096363306045532 2239
1781357287791 0.5122865438461304 2240
1781357287796 0.6902758479118347 2241
1781357287803 0.7633837461471558 2242
1781357287810 0.6196210980415344 2243
1781357287818 0.7431864142417908 2244
1781357287826 0.5645437240600586 2245
1781357287835 0.6971257925033569 2246
1781357287840 0.5656208992004395 2247
1781357287848 0.6306740045547485 2248
1781357287854 0.7642154097557068 2249
1781357287861 0.5537530183792114 2250
1781357287867 0.6682535409927368 2251
1781357287874 0.5552265644073486 2252
1781357287882 0.7280825972557068 2253
1781357287888 0.3835296034812927 2254
1781357287895 0.72525554895401 2255
1781357287901 0.4637288749217987 2256
1781357287908 0.6095073223114014 2257
1781357287914 0.5708013772964478 2258
1781357287921 0.7018265724182129 2259
1781357287927 0.5017982125282288 2260
1781357287934 0.577468991279602 2261
1781357287942 0.39700090885162354 2262
1781357287947 0.5805748105049133 2263
1781357287956 0.7378765940666199 2264
1781357287962 0.6397719383239746 2265
1781357287969 0.8723851442337036 2266
1781357287979 0.568498969078064 2267
1781357287984 0.913456916809082 2268
1781357287993 0.5698798298835754 2269
1781357288000 0.5993051528930664 2270
1781357288007 0.6714708805084229 2271
1781357288014 0.6991316676139832 2272
1781357288022 0.6491231918334961 2273
1781357288030 0.6925416588783264 2274
1781357288036 0.49751344323158264 2275
1781357288043 0.9096438884735107 2276
1781357288051 0.6687852144241333 2277
1781357288057 0.6817335486412048 2278
1781357288064 0.5881456732749939 2279
1781357288072 0.8699102997779846 2280
1781357288080 0.6347191333770752 2281
1781357288087 0.7596369385719299 2282
1781357288094 0.5502563118934631 2283
1781357288101 0.8262662887573242 2284
1781357288108 0.542989194393158 2285
1781357288115 0.689881443977356 2286
1781357288123 0.7173949480056763 2287
1781357288131 0.48868268728256226 2288
1781357288137 0.6700423955917358 2289
1781357288144 0.7811142206192017 2290
1781357288150 0.7073026895523071 2291
1781357288156 0.5643824934959412 2292
1781357288164 0.772496223449707 2293
1781357288170 0.8364705443382263 2294
1781357288177 0.4949328899383545 2295
1781357288184 0.506959080696106 2296
1781357288192 0.6522179841995239 2297
1781357288199 0.8387364149093628 2298
1781357288206 0.44369077682495117 2299
1781357288213 0.47664350271224976 2300
1781357288222 0.7023091912269592 2301
1781357288229 0.6241016387939453 2302
1781357288235 0.7817952632904053 2303
1781357288243 0.6795769929885864 2304
1781357288250 0.7200947999954224 2305
1781357288257 0.6037709712982178 2306
1781357288263 0.6047687530517578 2307
1781357288269 0.5316951274871826 2308
1781357288275 0.630764365196228 2309
1781357288283 0.570164680480957 2310
1781357288290 0.6560033559799194 2311
1781357288297 0.6430641412734985 2312
1781357288303 0.7367570996284485 2313
1781357288310 0.6311583518981934 2314
1781357288316 0.5415977835655212 2315
1781357288324 0.600409209728241 2316
1781357288332 0.6581066250801086 2317
1781357288339 0.5296922922134399 2318
1781357288346 0.7726675271987915 2319
1781357288353 0.6338169574737549 2320
1781357288360 0.4883520007133484 2321
1781357288366 0.5957878828048706 2322
1781357288373 0.8393146991729736 2323
1781357288381 0.8032171726226807 2324
1781357288388 0.598427414894104 2325
1781357288396 0.4023491144180298 2326
1781357288402 0.4952734112739563 2327
1781357288410 0.5395065546035767 2328
1781357288417 0.37661463022232056 2329
1781357288425 0.774896502494812 2330
1781357288432 0.7579179406166077 2331
1781357288439 0.6700150966644287 2332
1781357288446 0.5711773037910461 2333
1781357288452 0.5849609375 2334
1781357288460 0.6016305088996887 2335
1781357288466 0.6488766074180603 2336
1781357288474 0.5197547674179077 2337
1781357288481 0.5131735801696777 2338
1781357288488 0.6219571828842163 2339
1781357288495 0.5697512030601501 2340
1781357288501 0.5160858035087585 2341
1781357288508 0.5881997346878052 2342
1781357288516 0.5882123708724976 2343
1781357288522 0.5295389294624329 2344
1781357288529 0.6486019492149353 2345
1781357288535 0.4050905704498291 2346
1781357288542 0.7001488208770752 2347
1781357288550 0.522850751876831 2348
1781357288555 0.5396983027458191 2349
1781357288562 0.5775490999221802 2350
1781357288569 0.6139805316925049 2351
1781357288575 0.546289324760437 2352
1781357288582 0.44892382621765137 2353
1781357288590 0.28434014320373535 2354
1781357288597 0.7473626136779785 2355
1781357288604 0.7881388664245605 2356
1781357288610 0.5658623576164246 2357
1781357288618 0.7238038778305054 2358
1781357288626 0.5417426228523254 2359
1781357288632 0.6150329113006592 2360
1781357288638 0.5327962636947632 2361
1781357288645 0.6540896892547607 2362
1781357288652 0.5692479014396667 2363
1781357288658 0.5812628865242004 2364
1781357288664 0.6969720721244812 2365
1781357288672 0.6871458292007446 2366
1781357288678 0.591802716255188 2367
1781357288684 0.594728946685791 2368
1781357288690 0.5900506973266602 2369
1781357288698 0.6162207126617432 2370
1781357288704 0.6932636499404907 2371
1781357288712 0.5811981558799744 2372
1781357288719 0.6543002724647522 2373
1781357288725 0.5489101409912109 2374
1781357288731 0.6460565328598022 2375
1781357288737 0.5886479020118713 2376
1781357288744 0.5868436098098755 2377
1781357288753 0.6345394849777222 2378
1781357288761 0.7680859565734863 2379
1781357288766 0.7322980761528015 2380
1781357288773 0.6377857327461243 2381
1781357288780 0.7100017070770264 2382
1781357288786 0.7359284162521362 2383
1781357288793 0.715593695640564 2384
1781357288799 0.6615090370178223 2385
1781357288807 0.6084621548652649 2386
1781357288813 0.8911938667297363 2387
1781357288818 0.8086990118026733 2388
1781357288826 0.6647056341171265 2389
1781357288833 0.5671792030334473 2390
1781357288840 0.5476653575897217 2391
1781357288846 0.5434187054634094 2392
1781357288853 0.8797856569290161 2393
1781357288860 0.7026737332344055 2394
1781357288866 0.8573448657989502 2395
1781357288872 0.6203577518463135 2396
1781357288878 0.7373323440551758 2397
1781357288884 0.7289186120033264 2398
1781357288890 0.8587033748626709 2399
1781357288897 0.7242780923843384 2400
1781357288904 0.9078881740570068 2401
1781357288910 0.6530488729476929 2402
1781357288917 0.7714030742645264 2403
1781357288925 0.6037514209747314 2404
1781357288931 0.663474977016449 2405
1781357288938 0.9331709146499634 2406
1781357288944 0.6372100710868835 2407
1781357288950 0.9089887142181396 2408
1781357288957 1.17178213596344 2409
1781357288963 0.7339802980422974 2410
1781357288969 0.8564327955245972 2411
1781357288976 0.7966015338897705 2412
1781357288983 0.8344829082489014 2413
1781357288989 0.8821848630905151 2414
1781357288994 0.8161615133285522 2415
1781357289001 0.6896024346351624 2416
1781357289008 0.7408198714256287 2417
1781357289014 0.9515401124954224 2418
1781357289020 0.6938767433166504 2419
1781357289027 0.9061261415481567 2420
1781357289034 0.8138747811317444 2421
1781357289041 0.9937770366668701 2422
1781357289048 0.7734224796295166 2423
1781357289054 0.8926732540130615 2424
1781357289060 0.8676983714103699 2425
1781357289066 0.7698869705200195 2426
1781357289072 0.7466561794281006 2427
1781357289078 0.8933225274085999 2428
1781357289084 0.8993923664093018 2429
1781357289090 0.8455484509468079 2430
1781357289098 0.9416260719299316 2431
1781357289103 0.8858851194381714 2432
1781357289109 0.8118705749511719 2433
1781357289116 0.8911716938018799 2434
1781357289122 0.8682658076286316 2435
1781357289129 0.6792696714401245 2436
1781357289135 0.8827371597290039 2437
1781357289141 0.9053254127502441 2438
1781357289147 0.9648514986038208 2439
1781357289153 0.8210512399673462 2440
1781357289160 0.9454753398895264 2441
1781357289167 0.9639343023300171 2442
1781357289173 0.5996469259262085 2443
1781357289179 0.868787407875061 2444
1781357289185 0.8903358578681946 2445
1781357289192 0.9064121246337891 2446
1781357289198 0.8742972612380981 2447
1781357289204 0.7594156861305237 2448
1781357289212 0.8624002933502197 2449
1781357289218 0.815098762512207 2450
1781357289225 0.7141348123550415 2451
1781357289232 0.6992290019989014 2452
1781357289240 0.7578659057617188 2453
1781357289246 0.6583574414253235 2454
1781357289254 0.8889272212982178 2455
1781357289261 0.9454696178436279 2456
1781357289267 0.7436908483505249 2457
1781357289275 0.7645966410636902 2458
1781357289281 0.7491550445556641 2459
1781357289287 0.7077517509460449 2460
1781357289293 0.8645392656326294 2461
1781357289299 0.7647781372070312 2462
1781357289305 0.7206647396087646 2463
1781357289312 0.7356678247451782 2464
1781357289319 0.8156220316886902 2465
1781357289326 0.6828243732452393 2466
1781357289333 0.7999885678291321 2467
1781357289339 0.7957662343978882 2468
1781357289346 0.7835468053817749 2469
1781357289352 0.7532585859298706 2470
1781357289359 0.8068405389785767 2471
1781357289365 0.7656632661819458 2472
1781357289371 0.8031427264213562 2473
1781357289377 0.8757613897323608 2474
1781357289383 0.8074175119400024 2475
1781357289390 0.6062997579574585 2476
1781357289396 0.6859935522079468 2477
1781357289403 0.7189618349075317 2478
1781357289409 0.7155410051345825 2479
1781357289418 0.817477822303772 2480
1781357289426 0.7651733160018921 2481
1781357289433 0.8670953512191772 2482
1781357289440 0.833167552947998 2483
1781357289446 0.8068846464157104 2484
1781357289453 0.7966431379318237 2485
1781357289460 0.9195283651351929 2486
1781357289467 0.6668648719787598 2487
1781357289473 0.6736261248588562 2488
1781357289479 0.6664854288101196 2489
1781357289485 0.8318129777908325 2490
1781357289491 0.7870494723320007 2491
1781357289497 0.8977367281913757 2492
1781357289504 0.8492288589477539 2493
1781357289510 0.7786180377006531 2494
1781357289516 0.7567217350006104 2495
1781357289523 0.8189048767089844 2496
1781357289530 0.9397091865539551 2497
1781357289537 0.5801851749420166 2498
1781357289543 0.9261583089828491 2499
1781357289549 0.7398312091827393 2500
1781357289555 0.8497741222381592 2501
1781357289562 0.8059045672416687 2502
1781357289569 0.7583101391792297 2503
1781357289575 0.7851604223251343 2504
1781357289581 0.9009817838668823 2505
1781357289587 0.7383843660354614 2506
1781357289594 0.8376054763793945 2507
1781357289600 0.883057713508606 2508
1781357289606 0.7977412939071655 2509
1781357289613 0.8294979929924011 2510
1781357289619 0.6212254166603088 2511
1781357289626 0.8812003135681152 2512
1781357289635 0.8230040669441223 2513
1781357289642 0.7298582792282104 2514
1781357289648 0.7460598945617676 2515
1781357289655 0.7770761251449585 2516
1781357289662 0.8291089534759521 2517
1781357289668 0.5928353071212769 2518
1781357289674 0.696124255657196 2519
1781357289680 0.7667149305343628 2520
1781357289686 0.6658737659454346 2521
1781357289692 0.6981214880943298 2522
1781357289697 0.5612114667892456 2523
1781357289705 0.7262173295021057 2524
1781357289710 0.6256573796272278 2525
1781357289717 0.6255283951759338 2526
1781357289724 0.7849681377410889 2527
1781357289730 0.61632239818573 2528
1781357289737 0.6445945501327515 2529
1781357289743 0.8151698112487793 2530
1781357289751 0.5598939657211304 2531
1781357289757 0.7055845260620117 2532
1781357289763 0.6836540102958679 2533
1781357289770 0.7935692071914673 2534
1781357289776 0.645219087600708 2535
1781357289782 0.764163613319397 2536
1781357289788 0.640749990940094 2537
1781357289795 0.5958315134048462 2538
1781357289802 0.6709169149398804 2539
1781357289809 0.5884249210357666 2540
1781357289815 0.5689905881881714 2541
1781357289822 0.7166920900344849 2542
1781357289828 0.6099386215209961 2543
1781357289836 0.5261452198028564 2544
1781357289842 0.6394797563552856 2545
1781357289850 0.6113066673278809 2546
1781357289856 0.5678889751434326 2547
1781357289862 0.6715726256370544 2548
1781357289868 0.6429967880249023 2549
1781357289874 0.5361080169677734 2550
1781357289880 0.7011479139328003 2551
1781357289886 0.690497636795044 2552
1781357289892 0.6941126585006714 2553
1781357289899 0.7831827402114868 2554
1781357289905 0.6798186302185059 2555
1781357289911 0.7767240405082703 2556
1781357289918 0.5983396172523499 2557
1781357289924 0.6537872552871704 2558
1781357289931 0.7542996406555176 2559
1781357289937 0.7531763315200806 2560
1781357289943 0.6706739664077759 2561
1781357289949 0.640474796295166 2562
1781357289956 0.6872130036354065 2563
1781357289963 0.6419237852096558 2564
1781357289971 0.6082620620727539 2565
1781357289977 0.5669537782669067 2566
1781357289983 0.8094152212142944 2567
1781357289989 0.6499223709106445 2568
1781357289997 0.8576012253761292 2569
1781357290002 0.7605645656585693 2570
1781357290010 0.740642786026001 2571
1781357290016 0.7556580305099487 2572
1781357290022 0.7357316017150879 2573
1781357290028 0.7086515426635742 2574
1781357290035 0.774213433265686 2575
1781357290043 0.7345956563949585 2576
1781357290050 0.7915223240852356 2577
1781357290056 0.8385204672813416 2578
1781357290062 0.6977152228355408 2579
1781357290069 0.8553273677825928 2580
1781357290076 0.9557440280914307 2581
1781357290082 0.7797157764434814 2582
1781357290089 0.7013345956802368 2583
1781357290095 0.7556427121162415 2584
1781357290101 0.8054412603378296 2585
1781357290109 0.6804649829864502 2586
1781357290115 0.6749436259269714 2587
1781357290122 0.7590942978858948 2588
1781357290127 0.7077746987342834 2589
1781357290133 0.7259502410888672 2590
1781357290139 0.7971954345703125 2591
1781357290146 0.8744680285453796 2592
1781357290152 0.739761233329773 2593
1781357290158 0.8512383699417114 2594
1781357290163 0.8206468820571899 2595
1781357290170 0.7701236009597778 2596
1781357290176 0.6930291652679443 2597
1781357290182 0.6605585217475891 2598
1781357290190 0.7197483777999878 2599
1781357290196 0.6482899188995361 2600
1781357290203 0.7638293504714966 2601
1781357290209 0.8970879316329956 2602
1781357290215 0.6882791519165039 2603
1781357290222 0.5788636207580566 2604
1781357290228 0.7429965734481812 2605
1781357290235 0.7361922264099121 2606
1781357290242 0.7102799415588379 2607
1781357290248 0.4881771206855774 2608
1781357290256 0.6285673975944519 2609
1781357290262 0.7762643694877625 2610
1781357290268 0.6767587661743164 2611
1781357290274 0.7956770658493042 2612
1781357290281 0.7694624066352844 2613
1781357290288 0.6395729780197144 2614
1781357290293 0.8586013317108154 2615
1781357290300 0.71821528673172 2616
1781357290306 0.733651340007782 2617
1781357290314 0.7039024829864502 2618
1781357290320 0.6961706876754761 2619
1781357290327 0.7474863529205322 2620
1781357290333 0.6949423551559448 2621
1781357290339 0.7275905609130859 2622
1781357290346 0.738271176815033 2623
1781357290354 0.6574876308441162 2624
1781357290361 0.7274150848388672 2625
1781357290367 0.7885306477546692 2626
1781357290374 0.6393528580665588 2627
1781357290381 0.7347065210342407 2628
1781357290386 0.8452984094619751 2629
1781357290395 0.780590295791626 2630
1781357290402 0.6063358187675476 2631
1781357290408 0.6460108757019043 2632
1781357290416 0.6731067299842834 2633
1781357290422 0.6822644472122192 2634
1781357290430 0.7927347421646118 2635
1781357290436 0.5468878149986267 2636
1781357290442 0.6525958776473999 2637
1781357290448 0.8233320116996765 2638
1781357290455 0.5747516751289368 2639
1781357290461 0.734176516532898 2640
1781357290467 0.7526724338531494 2641
1781357290474 0.526243269443512 2642
1781357290480 0.5548645257949829 2643
1781357290486 0.6525784730911255 2644
1781357290492 0.65857994556427 2645
1781357290499 0.668272852897644 2646
1781357290506 0.5588793158531189 2647
1781357290511 0.5979709625244141 2648
1781357290516 0.7647607326507568 2649
1781357290525 0.7716748714447021 2650
1781357290531 0.5843204855918884 2651
1781357290536 0.5612362027168274 2652
1781357290543 0.7599676251411438 2653
1781357290549 0.7051635980606079 2654
1781357290557 0.6854206919670105 2655
1781357290562 0.6290024518966675 2656
1781357290569 0.6717851758003235 2657
1781357290575 0.7913247346878052 2658
1781357290581 0.6661701202392578 2659
1781357290587 0.9393276572227478 2660
1781357290593 0.8197507858276367 2661
1781357290600 0.7294069528579712 2662
1781357290606 0.8909988403320312 2663
1781357290612 0.7615242600440979 2664
1781357290619 1.0884478092193604 2665
1781357290626 0.9211105704307556 2666
1781357290632 1.0422091484069824 2667
1781357290639 0.9599592685699463 2668
1781357290645 0.9636006355285645 2669
1781357290652 1.0181115865707397 2670
1781357290658 1.145145297050476 2671
1781357290666 1.2570722103118896 2672
1781357290672 1.1469377279281616 2673
1781357290678 1.3167614936828613 2674
1781357290685 1.2471879720687866 2675
1781357290691 1.0485385656356812 2676
1781357290697 1.2715792655944824 2677
1781357290704 1.1031676530838013 2678
1781357290710 1.258741855621338 2679
1781357290716 1.2808687686920166 2680
1781357290722 1.3348636627197266 2681
1781357290730 1.3117079734802246 2682
1781357290735 1.6086323261260986 2683
1781357290741 1.244218349456787 2684
1781357290748 1.712402105331421 2685
1781357290754 1.6879838705062866 2686
1781357290760 1.472042441368103 2687
1781357290766 1.402327060699463 2688
1781357290771 1.3730653524398804 2689
1781357290777 1.434093952178955 2690
1781357290783 1.5272369384765625 2691
1781357290789 1.3655340671539307 2692
1781357290796 1.7459540367126465 2693
1781357290803 1.4567846059799194 2694
1781357290809 1.339303970336914 2695
1781357290815 1.3879950046539307 2696
1781357290821 1.2060248851776123 2697
1781357290829 1.4881423711776733 2698
1781357290835 1.4038898944854736 2699
1781357290842 1.1572480201721191 2700
1781357290848 1.2672874927520752 2701
1781357290854 1.6275057792663574 2702
1781357290862 1.241632342338562 2703
1781357290868 1.5228272676467896 2704
1781357290875 1.29158353805542 2705
1781357290881 1.4169398546218872 2706
1781357290887 1.2082475423812866 2707
1781357290893 1.4964594841003418 2708
1781357290900 1.354103684425354 2709
1781357290907 1.362443447113037 2710
1781357290914 1.1311836242675781 2711
1781357290920 1.4904868602752686 2712
1781357290926 1.095707654953003 2713
1781357290932 1.3335134983062744 2714
1781357290938 1.0771231651306152 2715
1781357290944 1.340867519378662 2716
1781357290951 1.473393201828003 2717
1781357290958 1.2576310634613037 2718
1781357290963 1.2816295623779297 2719
1781357290970 1.314918041229248 2720
1781357290977 1.278725504875183 2721
1781357290983 0.9751277565956116 2722
1781357290990 1.1968739032745361 2723
1781357290997 1.2851974964141846 2724
1781357291003 1.1119402647018433 2725
1781357291009 1.0653902292251587 2726
1781357291015 0.8943021297454834 2727
1781357291022 1.1741169691085815 2728
1781357291028 1.0943477153778076 2729
1781357291035 1.1412385702133179 2730
1781357291041 1.2748911380767822 2731
1781357291047 1.1474577188491821 2732
1781357291055 0.9130762219429016 2733
1781357291061 1.0123035907745361 2734
1781357291069 0.8769159913063049 2735
1781357291075 0.9982801675796509 2736
1781357291080 0.7484849095344543 2737
1781357291086 1.0850030183792114 2738
1781357291091 0.9157546162605286 2739
1781357291096 0.7896568179130554 2740
1781357291102 0.7544296979904175 2741
1781357291108 0.7257846593856812 2742
1781357291114 0.8109838962554932 2743
1781357291120 0.8533929586410522 2744
1781357291127 0.7760916948318481 2745
1781357291134 0.6182557940483093 2746
1781357291140 0.6679645776748657 2747
1781357291147 0.5773792862892151 2748
1781357291153 0.5916786193847656 2749
1781357291159 0.5977062582969666 2750
1781357291166 0.5483524799346924 2751
1781357291172 0.5437247157096863 2752
1781357291178 0.6576584577560425 2753
1781357291185 0.5491254329681396 2754
1781357291191 0.549881100654602 2755
1781357291198 0.5568710565567017 2756
1781357291205 0.5718768835067749 2757
1781357291211 0.35428276658058167 2758
1781357291218 0.48152410984039307 2759
1781357291224 0.39836233854293823 2760
1781357291231 0.40092331171035767 2761
1781357291238 0.34253376722335815 2762
1781357291244 0.45411956310272217 2763
1781357291250 0.4082147777080536 2764
1781357291255 0.3339863419532776 2765
1781357291262 0.42259684205055237 2766
1781357291268 0.28354930877685547 2767
1781357291275 0.3098142445087433 2768
1781357291281 0.3797680139541626 2769
1781357291287 0.3405487537384033 2770
1781357291293 0.4150943160057068 2771
1781357291299 0.3581335246562958 2772
1781357291305 0.2851541042327881 2773
1781357291312 0.3136308193206787 2774
1781357291318 0.3708712160587311 2775
1781357291324 0.2969999313354492 2776
1781357291333 0.3705483675003052 2777
1781357291339 0.41903647780418396 2778
1781357291345 0.37321963906288147 2779
1781357291351 0.2849971055984497 2780
1781357291358 0.35349196195602417 2781
1781357291364 0.29192325472831726 2782
1781357291372 0.24260255694389343 2783
1781357291378 0.27818864583969116 2784
1781357291384 0.2455218881368637 2785
1781357291390 0.2588742971420288 2786
1781357291396 0.36848294734954834 2787
1781357291404 0.2839016914367676 2788
1781357291410 0.20203185081481934 2789
1781357291415 0.23110178112983704 2790
1781357291423 0.26820188760757446 2791
1781357291429 0.2542282044887543 2792
1781357291436 0.26519566774368286 2793
1781357291443 0.1725316345691681 2794
1781357291451 0.24992376565933228 2795
1781357291458 0.2822203040122986 2796
1781357291468 0.21557730436325073 2797
1781357291476 0.2664602994918823 2798
1781357291486 0.21890385448932648 2799
1781357291495 0.2213497906923294 2800
1781357291503 0.1576872169971466 2801
1781357291510 0.16518700122833252 2802
1781357291518 0.33581164479255676 2803
1781357291524 0.24847111105918884 2804
1781357291533 0.23464056849479675 2805
1781357291540 0.23582735657691956 2806
1781357291549 0.24522945284843445 2807
1781357291556 0.221096932888031 2808
1781357291565 0.20858532190322876 2809
1781357291571 0.2729770243167877 2810
