1781297200591 2.381948471069336 0
1781297200594 2.209193229675293 1
1781297200597 2.2004683017730713 2
1781297200599 2.058384418487549 3
1781297200602 1.965320110321045 4
1781297200605 2.0315651893615723 5
1781297200606 1.893625020980835 6
1781297200608 1.8689560890197754 7
1781297200612 1.8650771379470825 8
1781297200615 1.7546634674072266 9
1781297200617 1.7793035507202148 10
1781297200619 1.5955312252044678 11
1781297200622 1.535851001739502 12
1781297200624 1.3683823347091675 13
1781297200627 1.4106438159942627 14
1781297200630 1.2688617706298828 15
1781297200632 1.3463003635406494 16
1781297200634 1.281119465827942 17
1781297200636 1.1606580018997192 18
1781297200638 1.172874093055725 19
1781297200640 1.116675853729248 20
1781297200642 1.0087292194366455 21
1781297200645 1.0010123252868652 22
1781297200649 1.166935920715332 23
1781297200651 0.948466420173645 24
1781297200654 1.1511777639389038 25
1781297200656 0.96404629945755 26
1781297200658 0.8083152770996094 27
1781297200661 0.850348174571991 28
1781297200663 0.8215731978416443 29
1781297200665 0.8981820344924927 30
1781297200667 0.6611452102661133 31
1781297200670 0.8603740930557251 32
1781297200671 0.7733913064002991 33
1781297200674 0.7485813498497009 34
1781297200676 0.8230127096176147 35
1781297200678 0.8876262903213501 36
1781297200681 0.7627690434455872 37
1781297200683 0.7395193576812744 38
1781297200685 0.6895376443862915 39
1781297200687 0.8246738910675049 40
1781297200690 0.6255266666412354 41
1781297200692 0.7628700137138367 42
1781297200695 0.8004769682884216 43
1781297200697 0.6150160431861877 44
1781297200699 0.641752302646637 45
1781297200701 0.6259785294532776 46
1781297200704 0.672429621219635 47
1781297200706 0.782246470451355 48
1781297200709 0.5348000526428223 49
1781297200711 0.6998679637908936 50
1781297200714 0.47725364565849304 51
1781297200716 0.6263940930366516 52
1781297200718 0.9352107048034668 53
1781297200721 0.5073519349098206 54
1781297200724 0.558635950088501 55
1781297200727 0.5647541284561157 56
1781297200730 0.5355717539787292 57
1781297200732 0.5686203837394714 58
1781297200734 0.6075854301452637 59
1781297200737 0.5393024682998657 60
1781297200739 0.47219303250312805 61
1781297200742 0.7256064414978027 62
1781297200744 0.544376790523529 63
1781297200746 0.6815809607505798 64
1781297200749 0.6119851469993591 65
1781297200751 0.5078949332237244 66
1781297200753 0.548747718334198 67
1781297200755 0.8002521991729736 68
1781297200758 0.3585728704929352 69
1781297200761 0.4506448209285736 70
1781297200763 0.6320133209228516 71
1781297200766 0.5028983354568481 72
1781297200768 0.5612701773643494 73
1781297200770 0.612481951713562 74
1781297200773 0.4266524910926819 75
1781297200775 0.49388548731803894 76
1781297200778 0.5969150066375732 77
1781297200780 0.5256031155586243 78
1781297200782 0.49991005659103394 79
1781297200785 0.4511512815952301 80
1781297200787 0.6531854271888733 81
1781297200789 0.7255979776382446 82
1781297200792 0.44334688782691956 83
1781297200795 0.6240994334220886 84
1781297200797 0.3666888177394867 85
1781297200799 0.5555923581123352 86
1781297200801 0.4400525987148285 87
1781297200804 0.5876193642616272 88
1781297200806 0.48923081159591675 89
1781297200809 0.7529786825180054 90
1781297200811 0.5968831181526184 91
1781297200813 0.41106268763542175 92
1781297200816 0.38417455554008484 93
1781297200818 0.46984899044036865 94
1781297200820 0.3435231149196625 95
1781297200823 0.467426598072052 96
1781297200825 0.4645865261554718 97
1781297200828 0.5843803286552429 98
1781297200830 0.46780630946159363 99
1781297200832 0.44067633152008057 100
1781297200835 0.5737361907958984 101
1781297200837 0.3749222457408905 102
1781297200840 0.649518609046936 103
1781297200843 0.42354992032051086 104
1781297200846 0.5834250450134277 105
1781297200848 0.6020917892456055 106
1781297200851 0.7192249298095703 107
1781297200853 0.421084463596344 108
1781297200855 0.5583724975585938 109
1781297200858 0.4442203640937805 110
1781297200861 0.4952380061149597 111
1781297200863 0.3579420745372772 112
1781297200865 0.47011813521385193 113
1781297200868 0.5225154757499695 114
1781297200871 0.6248214840888977 115
1781297200873 0.6226447820663452 116
1781297200875 0.5746482610702515 117
1781297200878 0.3396604359149933 118
1781297200880 0.3643931448459625 119
1781297200883 0.38600441813468933 120
1781297200886 0.5534534454345703 121
1781297200888 0.6493925452232361 122
1781297200890 0.5071561932563782 123
1781297200893 0.4280792474746704 124
1781297200895 0.3666466176509857 125
1781297200898 0.3388805389404297 126
1781297200900 0.5107641816139221 127
1781297200902 0.3812101185321808 128
1781297200905 0.43237099051475525 129
1781297200907 0.47480836510658264 130
1781297200910 0.5142549276351929 131
1781297200913 0.6649285554885864 132
1781297200916 0.6183996200561523 133
1781297200918 0.5464914441108704 134
1781297200920 0.2851198613643646 135
1781297200923 0.3248463273048401 136
1781297200926 0.6251416206359863 137
1781297200928 0.5030847787857056 138
1781297200931 0.5446244478225708 139
1781297200933 0.3462030291557312 140
1781297200936 0.611687421798706 141
1781297200938 0.30059054493904114 142
1781297200941 0.47021278738975525 143
1781297200944 0.4311440885066986 144
1781297200946 0.557857871055603 145
1781297200949 0.32985782623291016 146
1781297200951 0.45872917771339417 147
1781297200953 0.36541813611984253 148
1781297200956 0.4090813398361206 149
1781297200958 0.3253004550933838 150
1781297200960 0.6111547946929932 151
1781297200963 0.47284573316574097 152
1781297200965 0.29397886991500854 153
1781297200967 0.2878943681716919 154
1781297200970 0.42924025654792786 155
1781297200972 0.5680728554725647 156
1781297200975 0.5316608548164368 157
1781297200978 0.3055970072746277 158
1781297200980 0.34578725695610046 159
1781297200982 0.36774128675460815 160
1781297200985 0.542170524597168 161
1781297200987 0.33187416195869446 162
1781297200989 0.4386335015296936 163
1781297200993 0.3702240586280823 164
1781297200995 0.3806827962398529 165
1781297200997 0.3187563419342041 166
1781297200999 0.3938068449497223 167
1781297201002 0.4810423254966736 168
1781297201004 0.4810584485530853 169
1781297201006 0.3632955551147461 170
1781297201009 0.3689787685871124 171
1781297201011 0.3987017273902893 172
1781297201013 0.5399347543716431 173
1781297201016 0.3119773864746094 174
1781297201018 0.3404378890991211 175
1781297201020 0.43847742676734924 176
1781297201023 0.4769223630428314 177
1781297201026 0.3216872215270996 178
1781297201028 0.6189314723014832 179
1781297201030 0.36770087480545044 180
1781297201033 0.5155377984046936 181
1781297201035 0.45043516159057617 182
1781297201037 0.3684053122997284 183
1781297201040 0.45858830213546753 184
1781297201042 0.23057396709918976 185
1781297201045 0.3485659956932068 186
1781297201047 0.3296377658843994 187
1781297201049 0.4630233943462372 188
1781297201052 0.3481752574443817 189
1781297201054 0.47263556718826294 190
1781297201056 0.5091421604156494 191
1781297201060 0.29912111163139343 192
1781297201062 0.34456774592399597 193
1781297201064 0.43126317858695984 194
1781297201067 0.4632014334201813 195
1781297201069 0.23558562994003296 196
1781297201071 0.3273051381111145 197
1781297201074 0.2343551516532898 198
1781297201076 0.3359706401824951 199
1781297201078 0.22592505812644958 200
1781297201080 0.2479781210422516 201
1781297201083 0.25557011365890503 202
1781297201085 0.39473479986190796 203
1781297201088 0.38081759214401245 204
1781297201090 0.30609530210494995 205
1781297201092 0.5977866053581238 206
1781297201095 0.317474901676178 207
1781297201097 0.2985232472419739 208
1781297201099 0.39095115661621094 209
1781297201102 0.45368117094039917 210
1781297201104 0.2876516580581665 211
1781297201107 0.24446015059947968 212
1781297201109 0.25570595264434814 213
1781297201111 0.44503897428512573 214
1781297201113 0.5683765411376953 215
1781297201117 0.399788498878479 216
1781297201119 0.6045429110527039 217
1781297201121 0.17951196432113647 218
1781297201124 0.6597191691398621 219
1781297201126 0.3947298526763916 220
1781297201128 0.2878500819206238 221
1781297201131 0.4923323094844818 222
1781297201133 0.6660537123680115 223
1781297201136 0.3746812343597412 224
1781297201138 0.37570053339004517 225
1781297201140 0.507500171661377 226
1781297201143 0.42077699303627014 227
1781297201145 0.4178917109966278 228
1781297201147 0.5189990997314453 229
1781297201150 0.457250714302063 230
1781297201152 0.2737587094306946 231
1781297201154 0.24295102059841156 232
1781297201157 0.220115527510643 233
1781297201159 0.4682275056838989 234
1781297201162 0.41221362352371216 235
1781297201164 0.19985781610012054 236
1781297201167 0.39571699500083923 237
1781297201169 0.5335540771484375 238
1781297201171 0.5487990975379944 239
1781297201174 0.5666366815567017 240
1781297201176 0.3190617859363556 241
1781297201178 0.29383569955825806 242
1781297201180 0.34707900881767273 243
1781297201183 0.6393126845359802 244
1781297201185 0.392088919878006 245
1781297201188 0.23350518941879272 246
1781297201190 0.34326696395874023 247
1781297201193 0.3121970593929291 248
1781297201195 0.3483717739582062 249
1781297201197 0.273629754781723 250
1781297201199 0.29426977038383484 251
1781297201202 0.28159788250923157 252
1781297201204 0.33567288517951965 253
1781297201207 0.19195987284183502 254
1781297201209 0.35954129695892334 255
1781297201211 0.2736096978187561 256
1781297201214 0.3612009882926941 257
1781297201216 0.4633117616176605 258
1781297201218 0.3908395767211914 259
1781297201220 0.3828474283218384 260
1781297201224 0.14600127935409546 261
1781297201226 0.3073548376560211 262
1781297201229 0.3660523593425751 263
1781297201231 0.39580148458480835 264
1781297201233 0.4589206278324127 265
1781297201236 0.45749109983444214 266
1781297201238 0.4575801491737366 267
1781297201240 0.18474185466766357 268
1781297201243 0.4792526662349701 269
1781297201246 0.34918835759162903 270
1781297201248 0.490367591381073 271
1781297201250 0.26282018423080444 272
1781297201253 0.1516960710287094 273
1781297201255 0.3518257439136505 274
1781297201258 0.3524834215641022 275
1781297201260 0.35170406103134155 276
1781297201263 0.4039861857891083 277
1781297201265 0.26089927554130554 278
1781297201267 0.5074446201324463 279
1781297201269 0.14192484319210052 280
1781297201272 0.39217424392700195 281
1781297201274 0.2469903975725174 282
1781297201277 0.33639878034591675 283
1781297201280 0.4160267412662506 284
1781297201282 0.3475210964679718 285
1781297201285 0.4605580270290375 286
1781297201287 0.42015352845191956 287
1781297201289 0.4551824629306793 288
1781297201292 0.5672327280044556 289
1781297201294 0.5136426687240601 290
1781297201296 0.4385237395763397 291
1781297201299 0.2748335599899292 292
1781297201301 0.3601442575454712 293
1781297201304 0.4141673743724823 294
1781297201307 0.29152143001556396 295
1781297201309 0.20398063957691193 296
1781297201311 0.4314548075199127 297
1781297201314 0.1846981942653656 298
1781297201316 0.7269692420959473 299
1781297201319 0.26288968324661255 300
1781297201321 0.39484813809394836 301
1781297201323 0.4169001877307892 302
1781297201325 0.4464515745639801 303
1781297201328 0.19986066222190857 304
1781297201330 0.5762308239936829 305
1781297201333 0.3308003842830658 306
1781297201336 0.2676598131656647 307
1781297201338 0.5375419855117798 308
1781297201341 0.33612021803855896 309
1781297201343 0.26700523495674133 310
1781297201345 0.23806053400039673 311
1781297201348 0.30337685346603394 312
1781297201351 0.2990524470806122 313
1781297201353 0.2593461275100708 314
1781297201356 0.2860185205936432 315
1781297201359 0.22286316752433777 316
1781297201361 0.3325352668762207 317
1781297201364 0.40574607253074646 318
1781297201366 0.3817783296108246 319
1781297201370 0.22410713136196136 320
1781297201372 0.4075726866722107 321
1781297201375 0.3999182879924774 322
1781297201377 0.5225309133529663 323
1781297201379 0.22609859704971313 324
1781297201382 0.2954457402229309 325
1781297201384 0.23676954209804535 326
1781297201386 0.3283286988735199 327
1781297201389 0.5024728775024414 328
1781297201391 0.2232859879732132 329
1781297201393 0.3848077058792114 330
1781297201395 0.2772376835346222 331
1781297201398 0.2960599958896637 332
1781297201400 0.20521646738052368 333
1781297201403 0.25155484676361084 334
1781297201405 0.3054739534854889 335
1781297201407 0.2817241847515106 336
1781297201409 0.22738200426101685 337
1781297201412 0.5030527114868164 338
1781297201414 0.41156941652297974 339
1781297201417 0.32297050952911377 340
1781297201419 0.37956851720809937 341
1781297201421 0.1245691329240799 342
1781297201424 0.3455950617790222 343
1781297201426 0.3354811370372772 344
1781297201428 0.33002397418022156 345
1781297201431 0.22198863327503204 346
1781297201433 0.5228765606880188 347
1781297201435 0.283866822719574 348
1781297201437 0.17920225858688354 349
1781297201440 0.23954325914382935 350
1781297201442 0.5317227840423584 351
1781297201445 0.5490816235542297 352
1781297201447 0.23730453848838806 353
1781297201449 0.25978580117225647 354
1781297201452 0.37559622526168823 355
1781297201454 0.3046983480453491 356
1781297201458 0.3909807503223419 357
1781297201460 0.1957598626613617 358
1781297201463 0.6473274827003479 359
1781297201465 0.32462817430496216 360
1781297201468 0.2862738072872162 361
1781297201471 0.46155303716659546 362
1781297201473 0.29526716470718384 363
1781297201476 0.44886553287506104 364
1781297201478 0.25823619961738586 365
1781297201481 0.29138168692588806 366
1781297201483 0.4144749641418457 367
1781297201487 0.20174215734004974 368
1781297201489 0.35330119729042053 369
1781297201492 0.4765303432941437 370
1781297201495 0.3146456778049469 371
1781297201497 0.2613987624645233 372
1781297201499 0.3504963219165802 373
1781297201501 0.292141318321228 374
1781297201504 0.32238879799842834 375
1781297201506 0.2790704071521759 376
1781297201509 0.6676328182220459 377
1781297201511 0.20363573729991913 378
1781297201514 0.3368925154209137 379
1781297201516 0.2866142988204956 380
1781297201519 0.374722421169281 381
1781297201521 0.2436668574810028 382
1781297201523 0.193596750497818 383
1781297201526 0.24169225990772247 384
1781297201528 0.24238631129264832 385
1781297201530 0.326714426279068 386
1781297201533 0.3785613775253296 387
1781297201535 0.33102932572364807 388
1781297201538 0.5375564098358154 389
1781297201540 0.4790756106376648 390
1781297201543 0.2687629163265228 391
1781297201545 0.4977446496486664 392
1781297201548 0.34315550327301025 393
1781297201550 0.35775497555732727 394
1781297201552 0.46591436862945557 395
1781297201555 0.31864699721336365 396
1781297201557 0.6135624051094055 397
1781297201559 0.3229217231273651 398
1781297201562 0.2556678056716919 399
1781297201564 0.37230709195137024 400
1781297201567 0.21747753024101257 401
1781297201569 0.27284306287765503 402
1781297201571 0.3114863634109497 403
1781297201574 0.3188723623752594 404
1781297201577 0.22890858352184296 405
1781297201580 0.49014249444007874 406
1781297201582 0.38325467705726624 407
1781297201584 0.39824235439300537 408
1781297201586 0.3728508949279785 409
1781297201589 0.3398626446723938 410
1781297201592 0.261978417634964 411
1781297201594 0.6198259592056274 412
1781297201596 0.326353520154953 413
1781297201599 0.19687265157699585 414
1781297201601 0.2954872250556946 415
1781297201603 0.3849416971206665 416
1781297201607 0.34532833099365234 417
1781297201609 0.5145816206932068 418
1781297201612 0.4670148491859436 419
1781297201614 0.24915988743305206 420
1781297201616 0.2777943015098572 421
1781297201618 0.25588858127593994 422
1781297201621 0.218793585896492 423
1781297201623 0.3644722104072571 424
1781297201625 0.22010266780853271 425
1781297201628 0.1883402019739151 426
1781297201630 0.2796332836151123 427
1781297201632 0.513468325138092 428
1781297201635 0.39016246795654297 429
1781297201637 0.5557572245597839 430
1781297201640 0.4431282877922058 431
1781297201642 0.48129308223724365 432
1781297201644 0.4584936797618866 433
1781297201646 0.518394410610199 434
1781297201649 0.3892758786678314 435
1781297201651 0.16019929945468903 436
1781297201654 0.41413649916648865 437
1781297201656 0.32844677567481995 438
1781297201658 0.4456467032432556 439
1781297201661 0.4443475306034088 440
1781297201663 0.35479971766471863 441
1781297201665 0.43652647733688354 442
1781297201667 0.3372876048088074 443
1781297201670 0.2594773769378662 444
1781297201672 0.5403133034706116 445
1781297201674 0.5018556714057922 446
1781297201677 0.25094708800315857 447
1781297201679 0.38101744651794434 448
1781297201681 0.3297777473926544 449
1781297201684 0.311951607465744 450
1781297201686 0.3558315336704254 451
1781297201688 0.39732223749160767 452
1781297201690 0.23487071692943573 453
1781297201693 0.35819733142852783 454
1781297201695 0.39921122789382935 455
1781297201697 0.2097085416316986 456
1781297201700 0.12962092459201813 457
1781297201702 0.33982259035110474 458
1781297201705 0.2064559906721115 459
1781297201708 0.3145676851272583 460
1781297201711 0.4968448281288147 461
1781297201713 0.46744590997695923 462
1781297201716 0.14675496518611908 463
1781297201718 0.36145076155662537 464
1781297201720 0.3583974242210388 465
1781297201723 0.2542407512664795 466
1781297201725 0.3611157238483429 467
1781297201727 0.24029837548732758 468
1781297201730 0.31636476516723633 469
1781297201732 0.27329081296920776 470
1781297201734 0.2525002658367157 471
1781297201737 0.30189159512519836 472
1781297201739 0.2560316324234009 473
1781297201742 0.20973925292491913 474
1781297201744 0.33228930830955505 475
1781297201746 0.3667675256729126 476
1781297201749 0.18704096972942352 477
1781297201751 0.17193059623241425 478
1781297201753 0.2912634313106537 479
1781297201756 0.11601551622152328 480
1781297201758 0.3116209805011749 481
1781297201760 0.32106834650039673 482
1781297201763 0.44480064511299133 483
1781297201765 0.37153002619743347 484
1781297201767 0.21870937943458557 485
1781297201770 0.2887398600578308 486
1781297201772 0.329143762588501 487
1781297201774 0.2780131995677948 488
1781297201777 0.2755093574523926 489
1781297201779 0.4072367250919342 490
1781297201781 0.38056787848472595 491
1781297201784 0.11129447817802429 492
1781297201786 0.4627707302570343 493
1781297201788 0.36832961440086365 494
1781297201790 0.2301473468542099 495
1781297201793 0.19022202491760254 496
1781297201795 0.20855046808719635 497
1781297201797 0.20025770366191864 498
1781297201799 0.18125365674495697 499
1781297201802 0.17500494420528412 500
1781297201804 0.24804037809371948 501
1781297201809 0.16755971312522888 502
1781297201811 0.1955513209104538 503
1781297201814 0.18705375492572784 504
1781297201817 0.23590318858623505 505
1781297201819 0.25798553228378296 506
1781297201822 0.30732446908950806 507
1781297201825 0.5085467100143433 508
1781297201827 0.3201093077659607 509
1781297201830 0.2647447884082794 510
1781297201832 0.29522019624710083 511
1781297201835 0.46999648213386536 512
1781297201837 0.21976879239082336 513
1781297201840 0.13349826633930206 514
1781297201843 0.23392556607723236 515
1781297201845 0.4527828097343445 516
1781297201848 0.27267351746559143 517
1781297201850 0.22303719818592072 518
1781297201852 0.23530012369155884 519
1781297201855 0.3633231520652771 520
1781297201857 0.31170526146888733 521
1781297201860 0.5222880840301514 522
1781297201862 0.2645566165447235 523
1781297201864 0.38959577679634094 524
1781297201867 0.32732638716697693 525
1781297201869 0.2521733343601227 526
1781297201871 0.1400204598903656 527
1781297201873 0.5082921385765076 528
1781297201876 0.338853120803833 529
1781297201878 0.20106257498264313 530
1781297201881 0.3138958811759949 531
1781297201883 0.2050466239452362 532
1781297201885 0.2796485722064972 533
1781297201888 0.2676680088043213 534
1781297201891 0.384838730096817 535
1781297201893 0.2731366753578186 536
1781297201896 0.15161755681037903 537
1781297201898 0.41106534004211426 538
1781297201900 0.2764470875263214 539
1781297201903 0.3133905231952667 540
1781297201905 0.2157943844795227 541
1781297201908 0.32669153809547424 542
1781297201910 0.30035319924354553 543
1781297201913 0.3253248631954193 544
1781297201915 0.49664902687072754 545
1781297201918 0.3055045008659363 546
1781297201920 0.23109084367752075 547
1781297201922 0.2151312530040741 548
1781297201925 0.22713007032871246 549
1781297201927 0.3112161457538605 550
1781297201930 0.21324555575847626 551
1781297201932 0.21520604193210602 552
1781297201934 0.3108747899532318 553
1781297201937 0.3601154386997223 554
1781297201939 0.2725880742073059 555
1781297201941 0.21324791014194489 556
1781297201944 0.2797006666660309 557
1781297201946 0.27476266026496887 558
1781297201949 0.32364603877067566 559
1781297201951 0.548335611820221 560
1781297201954 0.3810262978076935 561
1781297201956 0.3464849293231964 562
1781297201959 0.29517871141433716 563
1781297201961 0.24568669497966766 564
1781297201963 0.1280849277973175 565
1781297201966 0.25371208786964417 566
1781297201968 0.07727308571338654 567
1781297201971 0.17015010118484497 568
1781297201973 0.07176432758569717 569
1781297201975 0.27136319875717163 570
1781297201978 0.31413182616233826 571
1781297201980 0.1718364953994751 572
1781297201982 0.2895123362541199 573
1781297201985 0.3560493588447571 574
1781297201987 0.3656555414199829 575
1781297201989 0.34622934460639954 576
1781297201991 0.24468928575515747 577
1781297201994 0.23054970800876617 578
1781297201996 0.311393678188324 579
1781297201999 0.21928530931472778 580
1781297202001 0.2073049694299698 581
1781297202003 0.20440657436847687 582
1781297202006 0.390395849943161 583
1781297202009 0.35063308477401733 584
1781297202011 0.19414840638637543 585
1781297202014 0.34999996423721313 586
1781297202016 0.17792601883411407 587
1781297202018 0.27612146735191345 588
1781297202020 0.5127384066581726 589
1781297202023 0.19312570989131927 590
1781297202025 0.43878865242004395 591
1781297202027 0.5576270818710327 592
1781297202030 0.16502468287944794 593
1781297202032 0.5226293802261353 594
1781297202035 0.46714746952056885 595
1781297202037 0.3769657611846924 596
1781297202039 0.3501107692718506 597
1781297202042 0.10152065753936768 598
1781297202044 0.32329535484313965 599
1781297202046 0.37252235412597656 600
1781297202049 0.2656182050704956 601
1781297202051 0.23640130460262299 602
1781297202053 0.39858704805374146 603
1781297202056 0.40981194376945496 604
1781297202058 0.5738548636436462 605
1781297202061 0.4192485213279724 606
1781297202063 0.6339288353919983 607
1781297202065 0.17817337810993195 608
1781297202068 0.21293233335018158 609
1781297202070 0.23898820579051971 610
1781297202073 0.3979831635951996 611
1781297202076 0.3199893534183502 612
1781297202078 0.3181789517402649 613
1781297202080 0.2380354106426239 614
1781297202083 0.2699606120586395 615
1781297202085 0.29412969946861267 616
1781297202087 0.33143138885498047 617
1781297202090 0.22798532247543335 618
1781297202092 0.38520559668540955 619
1781297202095 0.34212151169776917 620
1781297202097 0.34375905990600586 621
1781297202099 0.17736566066741943 622
1781297202102 0.46194759011268616 623
1781297202104 0.4089721143245697 624
1781297202107 0.18430040776729584 625
1781297202111 0.38007423281669617 626
1781297202113 0.2754712700843811 627
1781297202116 0.42065688967704773 628
1781297202118 0.34934088587760925 629
1781297202120 0.4305609464645386 630
1781297202123 0.39774560928344727 631
1781297202126 0.17316876351833344 632
1781297202128 0.5235300064086914 633
1781297202130 0.29317519068717957 634
1781297202133 0.2661419212818146 635
1781297202135 0.28745731711387634 636
1781297202137 0.4135468006134033 637
1781297202139 0.12514269351959229 638
1781297202142 0.2071099430322647 639
1781297202144 0.26383504271507263 640
1781297202147 0.33577799797058105 641
1781297202149 0.2698717415332794 642
1781297202152 0.1533679962158203 643
1781297202154 0.19044654071331024 644
1781297202156 0.3555540442466736 645
1781297202159 0.23908406496047974 646
1781297202161 0.20039460062980652 647
1781297202163 0.252237468957901 648
1781297202166 0.3392792344093323 649
1781297202168 0.3687703311443329 650
1781297202170 0.5110531449317932 651
1781297202173 0.2494601011276245 652
1781297202175 0.2169136106967926 653
1781297202177 0.33511582016944885 654
1781297202180 0.3527165949344635 655
1781297202182 0.35843425989151 656
1781297202184 0.18329636752605438 657
1781297202187 0.1612676978111267 658
1781297202190 0.34133628010749817 659
1781297202192 0.16078831255435944 660
1781297202194 0.11310355365276337 661
1781297202197 0.36106786131858826 662
1781297202200 0.29181867837905884 663
1781297202203 0.34185683727264404 664
1781297202206 0.19324463605880737 665
1781297202209 0.3092822730541229 666
1781297202211 0.39444851875305176 667
1781297202213 0.450661838054657 668
1781297202216 0.38535284996032715 669
1781297202218 0.1616903692483902 670
1781297202220 0.1413746327161789 671
1781297202223 0.2718757688999176 672
1781297202225 0.2181941419839859 673
1781297202227 0.3055049777030945 674
1781297202230 0.3620651364326477 675
1781297202233 0.2791028320789337 676
1781297202235 0.16737262904644012 677
1781297202237 0.38980352878570557 678
1781297202240 0.23151443898677826 679
1781297202242 0.1755165010690689 680
1781297202245 0.20942994952201843 681
1781297202247 0.2524929344654083 682
1781297202250 0.5268859267234802 683
1781297202253 0.2573629915714264 684
1781297202255 0.3372780680656433 685
1781297202257 0.5048648118972778 686
1781297202260 0.23878024518489838 687
1781297202262 0.28402072191238403 688
1781297202264 0.2184402197599411 689
1781297202267 0.1926702857017517 690
1781297202269 0.4115423262119293 691
1781297202271 0.15738998353481293 692
1781297202274 0.22094020247459412 693
1781297202276 0.46064651012420654 694
1781297202278 0.24964074790477753 695
1781297202280 0.16360993683338165 696
1781297202283 0.3920424282550812 697
1781297202285 0.24618259072303772 698
1781297202288 0.39914119243621826 699
1781297202291 0.21408939361572266 700
1781297202293 0.22118321061134338 701
1781297202295 0.21313129365444183 702
1781297202298 0.35710370540618896 703
1781297202300 0.2479463368654251 704
1781297202302 0.2947143316268921 705
1781297202305 0.43702027201652527 706
1781297202307 0.24114882946014404 707
1781297202309 0.5429087281227112 708
1781297202312 0.2571617066860199 709
1781297202314 0.32521679997444153 710
1781297202316 0.330730676651001 711
1781297202318 0.15883396565914154 712
1781297202320 0.2745889127254486 713
1781297202323 0.3384324908256531 714
1781297202325 0.3129941523075104 715
1781297202327 0.2229427844285965 716
1781297202330 0.3107469975948334 717
1781297202332 0.5693835616111755 718
1781297202335 0.21022401750087738 719
1781297202337 0.3003215789794922 720
1781297202339 0.31918075680732727 721
1781297202342 0.2431201934814453 722
1781297202345 0.1517736166715622 723
1781297202347 0.34468844532966614 724
1781297202349 0.26708701252937317 725
1781297202353 0.3209228813648224 726
1781297202355 0.15146087110042572 727
1781297202358 0.1944180727005005 728
1781297202361 0.1605626493692398 729
1781297202363 0.2678776681423187 730
1781297202365 0.3411824703216553 731
1781297202368 0.3322109580039978 732
1781297202370 0.26160117983818054 733
1781297202372 0.16889820992946625 734
1781297202375 0.41290873289108276 735
1781297202378 0.3401035666465759 736
1781297202380 0.20126473903656006 737
1781297202382 0.23484189808368683 738
1781297202385 0.26469966769218445 739
1781297202387 0.36092397570610046 740
1781297202390 0.2944025993347168 741
1781297202392 0.281335711479187 742
1781297202395 0.12790033221244812 743
1781297202397 0.2893601953983307 744
1781297202400 0.3863605260848999 745
1781297202402 0.19101913273334503 746
1781297202405 0.41180962324142456 747
1781297202407 0.1925312578678131 748
1781297202410 0.2518855929374695 749
1781297202412 0.31927064061164856 750
1781297202415 0.15766878426074982 751
1781297202417 0.17181481420993805 752
1781297202419 0.20928888022899628 753
1781297202422 0.22663918137550354 754
1781297202425 0.10876395553350449 755
1781297202427 0.2577195465564728 756
1781297202429 0.31050747632980347 757
1781297202432 0.2677014172077179 758
1781297202434 0.1969728022813797 759
1781297202436 0.6040523052215576 760
1781297202439 0.19346460700035095 761
1781297202441 0.2610018253326416 762
1781297202444 0.17583811283111572 763
1781297202447 0.4598611891269684 764
1781297202449 0.17406997084617615 765
1781297202451 0.324815571308136 766
1781297202454 0.14368551969528198 767
1781297202456 0.3222093880176544 768
1781297202459 0.3309263586997986 769
1781297202461 0.33888012170791626 770
1781297202463 0.49951666593551636 771
1781297202466 0.22346727550029755 772
1781297202468 0.13777288794517517 773
1781297202470 0.2329615205526352 774
1781297202472 0.27213090658187866 775
1781297202475 0.13308165967464447 776
1781297202477 0.20817705988883972 777
1781297202480 0.520725667476654 778
1781297202482 0.18784774839878082 779
1781297202485 0.49627459049224854 780
1781297202487 0.1649523377418518 781
1781297202489 0.2506060004234314 782
1781297202492 0.33786362409591675 783
1781297202495 0.19839200377464294 784
1781297202497 0.5296798348426819 785
1781297202499 0.16914893686771393 786
1781297202501 0.2417682260274887 787
1781297202504 0.25721415877342224 788
1781297202506 0.1612469106912613 789
1781297202509 0.19293512403964996 790
1781297202511 0.18408052623271942 791
1781297202514 0.42012497782707214 792
1781297202516 0.3757767081260681 793
1781297202518 0.21476855874061584 794
1781297202520 0.26112961769104004 795
1781297202523 0.15206068754196167 796
1781297202525 0.3035086989402771 797
1781297202528 0.17467179894447327 798
1781297202530 0.3707159161567688 799
1781297202532 0.29978057742118835 800
1781297202535 0.3017926514148712 801
1781297202537 0.1947382092475891 802
1781297202540 0.4777965545654297 803
1781297202542 0.09552954882383347 804
1781297202545 0.3376830220222473 805
1781297202547 0.1497267633676529 806
1781297202549 0.1676030457019806 807
1781297202552 0.2521989047527313 808
1781297202554 0.09155978262424469 809
1781297202556 0.5064735412597656 810
1781297202559 0.1304287165403366 811
1781297202561 0.376937597990036 812
1781297202563 0.19081281125545502 813
1781297202566 0.1869836002588272 814
1781297202568 0.26917198300361633 815
1781297202570 0.18075446784496307 816
1781297202572 0.3169024586677551 817
1781297202575 0.3260840177536011 818
1781297202577 0.32328423857688904 819
1781297202579 0.22817553579807281 820
1781297202582 0.2668741047382355 821
1781297202584 0.33918097615242004 822
1781297202586 0.22698357701301575 823
1781297202589 0.18816319108009338 824
1781297202591 0.18984365463256836 825
1781297202594 0.09262107312679291 826
1781297202596 0.08440049737691879 827
1781297202598 0.27473750710487366 828
1781297202601 0.13809573650360107 829
1781297202603 0.34260156750679016 830
1781297202605 0.21828484535217285 831
1781297202608 0.24929673969745636 832
1781297202610 0.20148314535617828 833
1781297202612 0.22979596257209778 834
1781297202615 0.11228710412979126 835
1781297202617 0.2725960910320282 836
1781297202619 0.17824611067771912 837
1781297202622 0.19000978767871857 838
1781297202624 0.2246427834033966 839
1781297202627 0.3971050977706909 840
1781297202629 0.35558682680130005 841
1781297202631 0.15007725358009338 842
1781297202634 0.3168681263923645 843
1781297202636 0.30454081296920776 844
1781297202638 0.28332245349884033 845
1781297202640 0.1920575052499771 846
1781297202643 0.2469833642244339 847
1781297202646 0.2614356577396393 848
1781297202648 0.3023746609687805 849
1781297202651 0.16625618934631348 850
1781297202653 0.32484734058380127 851
1781297202656 0.2323082983493805 852
1781297202658 0.4107724726200104 853
1781297202661 0.13318440318107605 854
1781297202663 0.23674744367599487 855
1781297202665 0.07254176586866379 856
1781297202668 0.2973027527332306 857
1781297202670 0.24296210706233978 858
1781297202672 0.15225398540496826 859
1781297202675 0.2819333076477051 860
1781297202677 0.23354384303092957 861
1781297202679 0.14215072989463806 862
1781297202682 0.1600753217935562 863
1781297202684 0.10699489712715149 864
1781297202686 0.46857938170433044 865
1781297202689 0.2222113013267517 866
1781297202691 0.28743577003479004 867
1781297202694 0.634655773639679 868
1781297202696 0.3219155967235565 869
1781297202699 0.14775590598583221 870
1781297202701 0.15202391147613525 871
1781297202703 0.20658348500728607 872
1781297202706 0.2506970167160034 873
1781297202708 0.3652200698852539 874
1781297202712 0.16564062237739563 875
1781297202714 0.08283574879169464 876
1781297202717 0.239126518368721 877
1781297202720 0.2772878408432007 878
1781297202722 0.40002769231796265 879
1781297202725 0.22668519616127014 880
1781297202727 0.27571478486061096 881
1781297202729 0.21033848822116852 882
1781297202732 0.195405974984169 883
1781297202734 0.1903391033411026 884
1781297202736 0.3916071653366089 885
1781297202739 0.2130528837442398 886
1781297202741 0.22827862203121185 887
1781297202744 0.22205254435539246 888
1781297202746 0.2542968988418579 889
1781297202748 0.20540130138397217 890
1781297202751 0.11557287722826004 891
1781297202753 0.1722085177898407 892
1781297202755 0.1214781254529953 893
1781297202758 0.43247148394584656 894
1781297202760 0.16882480680942535 895
1781297202763 0.16188134253025055 896
1781297202765 0.3452014923095703 897
1781297202767 0.31619447469711304 898
1781297202770 0.15165072679519653 899
1781297202772 0.2439773678779602 900
1781297202774 0.23147174715995789 901
1781297202777 0.2715144455432892 902
1781297202779 0.2924960255622864 903
1781297202781 0.18065233528614044 904
1781297202784 0.3189607262611389 905
1781297202786 0.23756515979766846 906
1781297202789 0.4003766179084778 907
1781297202791 0.30852439999580383 908
1781297202794 0.2503035068511963 909
1781297202796 0.27892106771469116 910
1781297202798 0.3144945204257965 911
1781297202800 0.14799965918064117 912
1781297202803 0.3838706314563751 913
1781297202806 0.13183318078517914 914
1781297202808 0.0854925662279129 915
1781297202811 0.19924506545066833 916
1781297202813 0.3068394958972931 917
1781297202815 0.21212759613990784 918
1781297202817 0.2202358990907669 919
1781297202820 0.3726300299167633 920
1781297202822 0.2987242341041565 921
1781297202824 0.32139062881469727 922
1781297202827 0.21252979338169098 923
1781297202829 0.24651718139648438 924
1781297202831 0.302433580160141 925
1781297202833 0.13732248544692993 926
1781297202836 0.1772911697626114 927
1781297202838 0.2000007927417755 928
1781297202841 0.25656378269195557 929
1781297202843 0.2122761607170105 930
1781297202845 0.20178861916065216 931
1781297202848 0.24444130063056946 932
1781297202850 0.34087616205215454 933
1781297202852 0.09652310609817505 934
1781297202855 0.16643869876861572 935
1781297202857 0.32140299677848816 936
1781297203005 0.48598864674568176 937
1781297203008 0.1494072824716568 938
1781297203011 0.12128767371177673 939
1781297203013 0.24108922481536865 940
1781297203015 0.2659547030925751 941
1781297203018 0.391844242811203 942
1781297203020 0.22064320743083954 943
1781297203023 0.16684329509735107 944
1781297203025 0.16112461686134338 945
1781297203028 0.20030160248279572 946
1781297203030 0.31969353556632996 947
1781297203032 0.3194131553173065 948
1781297203034 0.14053426682949066 949
1781297203037 0.16245877742767334 950
1781297203039 0.1588750034570694 951
1781297203041 0.2771393954753876 952
1781297203044 0.19975396990776062 953
1781297203046 0.3736550509929657 954
1781297203048 0.28591519594192505 955
1781297203051 0.11354798823595047 956
1781297203053 0.2010519653558731 957
1781297203055 0.34048131108283997 958
1781297203057 0.2530909478664398 959
1781297203060 0.20364826917648315 960
1781297203062 0.09239647537469864 961
1781297203065 0.16609710454940796 962
1781297203067 0.2674807608127594 963
1781297203070 0.3116164803504944 964
1781297203072 0.23279042541980743 965
1781297203074 0.205922931432724 966
1781297203077 0.17415909469127655 967
1781297203079 0.20786553621292114 968
1781297203081 0.3459087312221527 969
1781297203084 0.10464158654212952 970
1781297203086 0.17915651202201843 971
1781297203089 0.18240392208099365 972
1781297203091 0.16132798790931702 973
1781297203094 0.21923516690731049 974
1781297203096 0.36279115080833435 975
1781297203098 0.18790408968925476 976
1781297203100 0.1482904553413391 977
1781297203103 0.18548515439033508 978
1781297203105 0.17265605926513672 979
1781297203108 0.1911265105009079 980
1781297203110 0.4837179183959961 981
1781297203112 0.23154035210609436 982
1781297203114 0.20686165988445282 983
1781297203117 0.4678652584552765 984
1781297203119 0.26923713088035583 985
1781297203121 0.21436932682991028 986
1781297203123 0.22980116307735443 987
1781297203126 0.36601752042770386 988
1781297203128 0.21965105831623077 989
1781297203131 0.24303746223449707 990
1781297203133 0.2231815606355667 991
1781297203136 0.5186409950256348 992
1781297203138 0.1262279450893402 993
1781297203140 0.09785425662994385 994
1781297203143 0.15827064216136932 995
1781297203145 0.2396051585674286 996
1781297203148 0.2365970015525818 997
1781297203151 0.24003228545188904 998
1781297203153 0.27358853816986084 999
1781297203155 0.24773450195789337 1000
1781297203158 0.16236497461795807 1001
1781297203160 0.12127864360809326 1002
1781297203163 0.18667981028556824 1003
1781297203165 0.19740475714206696 1004
1781297203167 0.32409530878067017 1005
1781297203169 0.13931888341903687 1006
1781297203172 0.1641138643026352 1007
1781297203174 0.11386647075414658 1008
1781297203176 0.1334623247385025 1009
1781297203179 0.25569602847099304 1010
1781297203181 0.19355230033397675 1011
1781297203183 0.10407395660877228 1012
1781297203185 0.25809362530708313 1013
1781297203187 0.18145149946212769 1014
1781297203190 0.24528251588344574 1015
1781297203192 0.29058384895324707 1016
1781297203194 0.12027808278799057 1017
1781297203197 0.16532742977142334 1018
1781297203199 0.21073931455612183 1019
1781297203201 0.37573349475860596 1020
1781297203203 0.1489427536725998 1021
1781297203206 0.1825309544801712 1022
1781297203208 0.1749267280101776 1023
1781297203211 0.30789706110954285 1024
1781297203213 0.33302342891693115 1025
1781297203215 0.17175696790218353 1026
1781297203219 0.1996733546257019 1027
1781297203221 0.22555974125862122 1028
1781297203224 0.20524555444717407 1029
1781297203226 0.2933759093284607 1030
1781297203228 0.0770832970738411 1031
1781297203230 0.28140488266944885 1032
1781297203232 0.1271737962961197 1033
1781297203235 0.2054787427186966 1034
1781297203237 0.1342363953590393 1035
1781297203239 0.3518456220626831 1036
1781297203242 0.2187492549419403 1037
1781297203244 0.22768983244895935 1038
1781297203246 0.1628943532705307 1039
1781297203249 0.18701425194740295 1040
1781297203251 0.24487312138080597 1041
1781297203254 0.19882752001285553 1042
1781297203257 0.27207624912261963 1043
1781297203259 0.11236778646707535 1044
1781297203262 0.3247140645980835 1045
1781297203264 0.17361848056316376 1046
1781297203266 0.1719922423362732 1047
1781297203269 0.18710318207740784 1048
1781297203271 0.30806341767311096 1049
1781297203274 0.1927391141653061 1050
1781297203276 0.35850459337234497 1051
1781297203278 0.21083031594753265 1052
1781297203281 0.18315039575099945 1053
1781297203283 0.18160639703273773 1054
1781297203286 0.15621840953826904 1055
1781297203288 0.2540818750858307 1056
1781297203290 0.3836596608161926 1057
1781297203293 0.12730537354946136 1058
1781297203295 0.12572632730007172 1059
1781297203297 0.3231762647628784 1060
1781297203300 0.21265223622322083 1061
1781297203303 0.3382467031478882 1062
1781297203305 0.23607119917869568 1063
1781297203308 0.136037677526474 1064
1781297203310 0.1721750646829605 1065
1781297203314 0.2674153745174408 1066
1781297203316 0.12551255524158478 1067
1781297203320 0.05986229330301285 1068
1781297203322 0.09170643240213394 1069
1781297203324 0.24898414313793182 1070
1781297203328 0.15536867082118988 1071
1781297203330 0.2929273843765259 1072
1781297203333 0.09155234694480896 1073
1781297203335 0.22567136585712433 1074
1781297203337 0.15425434708595276 1075
1781297203340 0.19336092472076416 1076
1781297203342 0.2532269060611725 1077
1781297203345 0.2591311037540436 1078
1781297203347 0.18907104432582855 1079
1781297203350 0.2376718670129776 1080
1781297203352 0.2609909772872925 1081
1781297203354 0.15984120965003967 1082
1781297203357 0.12961256504058838 1083
1781297203359 0.15473826229572296 1084
1781297203362 0.13258953392505646 1085
1781297203364 0.14890499413013458 1086
1781297203366 0.09178681671619415 1087
1781297203369 0.2003784030675888 1088
1781297203371 0.3932172954082489 1089
1781297203373 0.2983202636241913 1090
1781297203376 0.21870076656341553 1091
1781297203378 0.31695955991744995 1092
1781297203381 0.15938423573970795 1093
1781297203383 0.20928195118904114 1094
1781297203386 0.1822347790002823 1095
1781297203388 0.1810118854045868 1096
1781297203390 0.197539284825325 1097
1781297203393 0.15817734599113464 1098
1781297203395 0.24158908426761627 1099
1781297203398 0.29663628339767456 1100
1781297203400 0.09804248064756393 1101
1781297203402 0.12207295745611191 1102
1781297203405 0.1343689113855362 1103
1781297203407 0.19237342476844788 1104
1781297203410 0.1958211362361908 1105
1781297203413 0.4622684121131897 1106
1781297203416 0.19348378479480743 1107
1781297203418 0.16168397665023804 1108
1781297203420 0.21305152773857117 1109
1781297203424 0.0870874673128128 1110
1781297203427 0.3751349151134491 1111
1781297203429 0.14829640090465546 1112
1781297203432 0.28738296031951904 1113
1781297203434 0.13276101648807526 1114
1781297203436 0.10788080841302872 1115
1781297203440 0.2431238889694214 1116
1781297203443 0.28414610028266907 1117
1781297203445 0.2931891083717346 1118
1781297203447 0.10974925011396408 1119
1781297203460 0.3610079884529114 1120
1781297203462 0.23774802684783936 1121
1781297203465 0.26063621044158936 1122
1781297203468 0.08921489119529724 1123
1781297203470 0.08676952123641968 1124
1781297203472 0.25989586114883423 1125
1781297203475 0.17122410237789154 1126
1781297203478 0.2460954636335373 1127
1781297203480 0.1765775829553604 1128
1781297203483 0.15549762547016144 1129
1781297203485 0.039801035076379776 1130
1781297203487 0.19077321887016296 1131
1781297203489 0.12702737748622894 1132
1781297203492 0.08655742555856705 1133
1781297203494 0.365127831697464 1134
1781297203497 0.15743547677993774 1135
1781297203499 0.1730491667985916 1136
1781297203501 0.14666041731834412 1137
1781297203504 0.09846919775009155 1138
1781297203506 0.21201206743717194 1139
1781297203509 0.15189228951931 1140
1781297203511 0.26588574051856995 1141
1781297203513 0.17961393296718597 1142
1781297203515 0.08247552812099457 1143
1781297203519 0.15269429981708527 1144
1781297203521 0.14172706007957458 1145
1781297203524 0.27823296189308167 1146
1781297203527 0.09479214251041412 1147
1781297203529 0.23518316447734833 1148
1781297203532 0.19736447930335999 1149
1781297203534 0.19767846167087555 1150
1781297203536 0.3412091135978699 1151
1781297203539 0.393867164850235 1152
1781297203541 0.10549990087747574 1153
1781297203544 0.3395901620388031 1154
1781297203546 0.15783394873142242 1155
1781297203549 0.13038156926631927 1156
1781297203552 0.17096556723117828 1157
1781297203555 0.3096151351928711 1158
1781297203557 0.30222874879837036 1159
1781297203560 0.07884121686220169 1160
1781297203562 0.22718212008476257 1161
1781297203564 0.2968292236328125 1162
1781297203567 0.11633496731519699 1163
1781297203569 0.3216862976551056 1164
1781297203571 0.22035187482833862 1165
1781297203574 0.1391531527042389 1166
1781297203576 0.11513031274080276 1167
1781297203579 0.3027522563934326 1168
1781297203581 0.07235176861286163 1169
1781297203583 0.3176008462905884 1170
1781297203586 0.22372089326381683 1171
1781297203589 0.16941164433956146 1172
1781297203592 0.11934272199869156 1173
1781297203594 0.12305678427219391 1174
1781297203596 0.34706929326057434 1175
1781297203599 0.2364240139722824 1176
1781297203601 0.22818030416965485 1177
1781297203603 0.15202254056930542 1178
1781297203606 0.24241086840629578 1179
1781297203608 0.12874765694141388 1180
1781297203611 0.11466938257217407 1181
1781297203613 0.5227656364440918 1182
1781297203615 0.24452699720859528 1183
1781297203618 0.29480111598968506 1184
1781297203620 0.07456972450017929 1185
1781297203622 0.2003455013036728 1186
1781297203625 0.26693224906921387 1187
1781297203627 0.1904381811618805 1188
1781297203629 0.23985590040683746 1189
1781297203632 0.10982153564691544 1190
1781297203634 0.17123647034168243 1191
1781297203636 0.126017764210701 1192
1781297203639 0.23020628094673157 1193
1781297203642 0.36484891176223755 1194
1781297203645 0.19162480533123016 1195
1781297203647 0.11163535714149475 1196
1781297203649 0.1535930037498474 1197
1781297203652 0.27148592472076416 1198
1781297203654 0.256808876991272 1199
1781297203656 0.21641850471496582 1200
1781297203659 0.26944518089294434 1201
1781297203661 0.30881214141845703 1202
1781297203664 0.1837030053138733 1203
1781297203666 0.14719471335411072 1204
1781297203668 0.23166696727275848 1205
1781297203670 0.44475892186164856 1206
1781297203673 0.23828846216201782 1207
1781297203675 0.13041913509368896 1208
1781297203678 0.17872066795825958 1209
1781297203680 0.2422000616788864 1210
1781297203682 0.42910557985305786 1211
1781297203684 0.15891918540000916 1212
1781297203687 0.13744144141674042 1213
1781297203689 0.2358262985944748 1214
1781297203692 0.30706480145454407 1215
1781297203695 0.19363151490688324 1216
1781297203697 0.0883258730173111 1217
1781297203699 0.27795180678367615 1218
1781297203701 0.339836448431015 1219
1781297203704 0.21970021724700928 1220
1781297203706 0.23306956887245178 1221
1781297203709 0.15305431187152863 1222
1781297203711 0.27446043491363525 1223
1781297203714 0.19816559553146362 1224
1781297203716 0.15653082728385925 1225
1781297203718 0.14021222293376923 1226
1781297203720 0.35218340158462524 1227
1781297203723 0.3171982169151306 1228
1781297203725 0.2409074455499649 1229
1781297203728 0.14785398542881012 1230
1781297203730 0.2935696840286255 1231
1781297203732 0.1362207680940628 1232
1781297203735 0.24087052047252655 1233
1781297203737 0.21245169639587402 1234
1781297203739 0.16057619452476501 1235
1781297203742 0.28782588243484497 1236
1781297203744 0.2778230309486389 1237
1781297203746 0.14902864396572113 1238
1781297203749 0.298829048871994 1239
1781297203751 0.18005971610546112 1240
1781297203753 0.28817135095596313 1241
1781297203756 0.17947804927825928 1242
1781297203758 0.1900033950805664 1243
1781297203761 0.06713879853487015 1244
1781297203763 0.13913723826408386 1245
1781297203765 0.16848145425319672 1246
1781297203768 0.12604941427707672 1247
1781297203770 0.2132491022348404 1248
1781297203772 0.18673932552337646 1249
1781297203776 0.2134542465209961 1250
1781297203779 0.2495633065700531 1251
1781297203781 0.11457956582307816 1252
1781297203783 0.16224980354309082 1253
1781297203786 0.07943486422300339 1254
1781297203788 0.1370420753955841 1255
1781297203790 0.15668536722660065 1256
1781297203793 0.12948015332221985 1257
1781297203795 0.10115128010511398 1258
1781297203797 0.123494952917099 1259
1781297203800 0.21032766997814178 1260
1781297203803 0.23513087630271912 1261
1781297203805 0.38451486825942993 1262
1781297203809 0.31637394428253174 1263
1781297203811 0.31927165389060974 1264
1781297203813 0.11472524702548981 1265
1781297203816 0.27453988790512085 1266
1781297203818 0.2754226326942444 1267
1781297203820 0.1984945684671402 1268
1781297203823 0.24967887997627258 1269
1781297203825 0.2017311453819275 1270
1781297203827 0.2459312230348587 1271
1781297203830 0.23444640636444092 1272
1781297203832 0.11942567676305771 1273
1781297203836 0.1807417869567871 1274
1781297203838 0.21806606650352478 1275
1781297203840 0.07951769977807999 1276
1781297203843 0.20737014710903168 1277
1781297203845 0.3250710368156433 1278
1781297203847 0.08954916149377823 1279
1781297203850 0.21440234780311584 1280
1781297203852 0.23919905722141266 1281
1781297203855 0.3204675316810608 1282
1781297203857 0.25099849700927734 1283
1781297203860 0.21689963340759277 1284
1781297203862 0.3276688754558563 1285
1781297203865 0.2499939203262329 1286
1781297203867 0.2669501304626465 1287
1781297203869 0.07518618553876877 1288
1781297203872 0.23610328137874603 1289
1781297203874 0.09558551758527756 1290
1781297203876 0.21207915246486664 1291
1781297203879 0.19055037200450897 1292
1781297203881 0.14586962759494781 1293
1781297203883 0.2113547921180725 1294
1781297203886 0.17985330522060394 1295
1781297203888 0.09290709346532822 1296
1781297203891 0.14634118974208832 1297
1781297203894 0.25883305072784424 1298
1781297203897 0.33499646186828613 1299
1781297203899 0.11219041049480438 1300
1781297203901 0.1771029680967331 1301
1781297203904 0.1494981050491333 1302
1781297203906 0.1048029437661171 1303
1781297203909 0.08118443936109543 1304
1781297203911 0.2836902141571045 1305
1781297203914 0.25281208753585815 1306
1781297203916 0.17562253773212433 1307
1781297203919 0.3429362177848816 1308
1781297203921 0.15611177682876587 1309
1781297203923 0.2316083163022995 1310
1781297203926 0.10138076543807983 1311
1781297203928 0.26122987270355225 1312
1781297203930 0.13007932901382446 1313
1781297203933 0.1570241004228592 1314
1781297203935 0.34334370493888855 1315
1781297203938 0.19306161999702454 1316
1781297203940 0.20265278220176697 1317
1781297203942 0.2722274661064148 1318
1781297203945 0.2365346997976303 1319
1781297203947 0.17923137545585632 1320
1781297203949 0.1625102162361145 1321
1781297203952 0.19036929309368134 1322
1781297203954 0.11231548339128494 1323
1781297203957 0.15297947824001312 1324
1781297203959 0.09919507056474686 1325
1781297203962 0.217593714594841 1326
1781297203964 0.1565232127904892 1327
1781297203966 0.2650056481361389 1328
1781297203969 0.22519826889038086 1329
1781297203971 0.2971043288707733 1330
1781297203973 0.17766280472278595 1331
1781297203976 0.39539510011672974 1332
1781297203978 0.14358387887477875 1333
1781297203981 0.171190544962883 1334
1781297203983 0.11769835650920868 1335
1781297203985 0.08133123070001602 1336
1781297203988 0.042938776314258575 1337
1781297203990 0.2439446896314621 1338
1781297203993 0.2493537962436676 1339
1781297203995 0.37615272402763367 1340
1781297203998 0.16318249702453613 1341
1781297204000 0.2136516124010086 1342
1781297204002 0.057007040828466415 1343
1781297204005 0.16558246314525604 1344
1781297204008 0.19673079252243042 1345
1781297204011 0.35280728340148926 1346
1781297204013 0.18042801320552826 1347
1781297204016 0.2144271731376648 1348
1781297204018 0.2683742344379425 1349
1781297204020 0.23721885681152344 1350
1781297204023 0.17481665313243866 1351
1781297204025 0.15348830819129944 1352
1781297204028 0.1704569309949875 1353
1781297204030 0.2040148675441742 1354
1781297204032 0.15305832028388977 1355
1781297204035 0.1677175909280777 1356
1781297204037 0.3446935713291168 1357
1781297204040 0.16991275548934937 1358
1781297204042 0.17202170193195343 1359
1781297204045 0.192848339676857 1360
1781297204047 0.24106520414352417 1361
1781297204049 0.3933180272579193 1362
1781297204052 0.4139573574066162 1363
1781297204054 0.08774922043085098 1364
1781297204056 0.21342334151268005 1365
1781297204059 0.07744891196489334 1366
1781297204061 0.15038220584392548 1367
1781297204064 0.25316187739372253 1368
1781297204066 0.1672079861164093 1369
1781297204069 0.13891392946243286 1370
1781297204071 0.09461003541946411 1371
1781297204073 0.20753417909145355 1372
1781297204076 0.14213623106479645 1373
1781297204079 0.23884238302707672 1374
1781297204081 0.15589211881160736 1375
1781297204084 0.18455302715301514 1376
1781297204086 0.06090168282389641 1377
1781297204088 0.09301432222127914 1378
1781297204091 0.20198950171470642 1379
1781297204093 0.10363064706325531 1380
1781297204095 0.2759213447570801 1381
1781297204097 0.14738036692142487 1382
1781297204100 0.17738036811351776 1383
1781297204102 0.13054117560386658 1384
1781297204105 0.11945020407438278 1385
1781297204107 0.05848056823015213 1386
1781297204109 0.211778923869133 1387
1781297204111 0.2479235827922821 1388
1781297204114 0.13363251090049744 1389
1781297204116 0.09485643357038498 1390
1781297204119 0.3170382082462311 1391
1781297204121 0.1821655035018921 1392
1781297204124 0.20681361854076385 1393
1781297204126 0.17329396307468414 1394
1781297204128 0.15148130059242249 1395
1781297204131 0.0592951774597168 1396
1781297204134 0.29834333062171936 1397
1781297204136 0.30765387415885925 1398
1781297204138 0.23467323184013367 1399
1781297204141 0.15402382612228394 1400
1781297204143 0.25833606719970703 1401
1781297204146 0.26828593015670776 1402
1781297204148 0.4545289874076843 1403
1781297204150 0.26456597447395325 1404
1781297204153 0.13110166788101196 1405
1781297204155 0.15780043601989746 1406
1781297204158 0.35613518953323364 1407
1781297204160 0.1459590196609497 1408
1781297204162 0.28405672311782837 1409
1781297204165 0.30231618881225586 1410
1781297204167 0.18066121637821198 1411
1781297204169 0.28061580657958984 1412
1781297204172 0.15932787954807281 1413
1781297204174 0.23927372694015503 1414
1781297204177 0.05715670809149742 1415
1781297204179 0.2661958634853363 1416
1781297204181 0.13173481822013855 1417
1781297204184 0.17368073761463165 1418
1781297204186 0.29138821363449097 1419
1781297204189 0.07984531670808792 1420
1781297204191 0.19595903158187866 1421
1781297204194 0.2224287986755371 1422
1781297204196 0.24975931644439697 1423
1781297204199 0.12425696849822998 1424
1781297204201 0.14092795550823212 1425
1781297204203 0.0659903734922409 1426
1781297204206 0.19858874380588531 1427
1781297204208 0.21172498166561127 1428
1781297204211 0.11963813006877899 1429
1781297204213 0.26703548431396484 1430
1781297204215 0.15472398698329926 1431
1781297204218 0.21546778082847595 1432
1781297204220 0.15505515038967133 1433
1781297204222 0.11823718994855881 1434
1781297204225 0.5037224888801575 1435
1781297204227 0.1479368954896927 1436
1781297204231 0.12299428135156631 1437
1781297204233 0.1460026204586029 1438
1781297204236 0.1174621656537056 1439
1781297204238 0.09441674500703812 1440
1781297204240 0.14135751128196716 1441
1781297204243 0.16140331327915192 1442
1781297204245 0.0716981291770935 1443
1781297204248 0.16563883423805237 1444
1781297204250 0.20038558542728424 1445
1781297204252 0.17750294506549835 1446
1781297204255 0.20885437726974487 1447
1781297204257 0.2768041789531708 1448
1781297204260 0.2662522494792938 1449
1781297204262 0.15230004489421844 1450
1781297204264 0.28646841645240784 1451
1781297204267 0.2337741106748581 1452
1781297204269 0.35899269580841064 1453
1781297204272 0.20392397046089172 1454
1781297204274 0.12501290440559387 1455
1781297204276 0.18138732016086578 1456
1781297204279 0.17867137491703033 1457
1781297204281 0.1513795107603073 1458
1781297204283 0.1505105048418045 1459
1781297204286 0.2906738817691803 1460
1781297204288 0.146099254488945 1461
1781297204290 0.061248328536748886 1462
1781297204292 0.0709952563047409 1463
1781297204295 0.07209192216396332 1464
1781297204297 0.30663400888442993 1465
1781297204299 0.09799130260944366 1466
1781297204302 0.15570013225078583 1467
1781297204304 0.16843806207180023 1468
1781297204308 0.2121758610010147 1469
1781297204310 0.2638803720474243 1470
1781297204313 0.1739596277475357 1471
1781297204316 0.125468447804451 1472
1781297204319 0.1992662400007248 1473
1781297204321 0.21575094759464264 1474
1781297204324 0.1687822937965393 1475
1781297204326 0.2576984465122223 1476
1781297204328 0.12271836400032043 1477
1781297204331 0.1750815063714981 1478
1781297204333 0.20173144340515137 1479
1781297204335 0.1693246066570282 1480
1781297204338 0.15723595023155212 1481
1781297204340 0.08324684202671051 1482
1781297204342 0.23306356370449066 1483
1781297204345 0.142955020070076 1484
1781297204347 0.09976784139871597 1485
1781297204350 0.28975909948349 1486
1781297204352 0.11713911592960358 1487
1781297204354 0.08203306794166565 1488
1781297204356 0.21462970972061157 1489
1781297204359 0.16442011296749115 1490
1781297204361 0.13532567024230957 1491
1781297204364 0.10193526744842529 1492
1781297204366 0.189102441072464 1493
1781297204368 0.13798417150974274 1494
1781297204370 0.26370587944984436 1495
1781297204373 0.18768291175365448 1496
1781297204375 0.0608200877904892 1497
1781297204377 0.05152234435081482 1498
1781297204380 0.24373503029346466 1499
1781297204383 0.12967954576015472 1500
1781297204385 0.24978624284267426 1501
1781297204388 0.21547479927539825 1502
1781297204390 0.2473180741071701 1503
1781297204392 0.2857126295566559 1504
1781297204395 0.1622086763381958 1505
1781297204397 0.19752980768680573 1506
1781297204399 0.222737655043602 1507
1781297204402 0.6303725838661194 1508
1781297204404 0.2048964947462082 1509
1781297204406 0.18073882162570953 1510
1781297204409 0.22060057520866394 1511
1781297204412 0.20267066359519958 1512
1781297204415 0.2594355046749115 1513
1781297204417 0.0556032769382 1514
1781297204420 0.11566291749477386 1515
1781297204422 0.20642730593681335 1516
1781297204425 0.23903760313987732 1517
1781297204427 0.10878333449363708 1518
1781297204430 0.48991990089416504 1519
1781297204432 0.24440908432006836 1520
1781297204434 0.0986735001206398 1521
1781297204437 0.22330893576145172 1522
1781297204439 0.22159452736377716 1523
1781297204442 0.14973831176757812 1524
1781297204444 0.17853891849517822 1525
1781297204446 0.13417918980121613 1526
1781297204449 0.0621035173535347 1527
1781297204451 0.08750371634960175 1528
1781297204453 0.19526325166225433 1529
1781297204456 0.16968359053134918 1530
1781297204458 0.20690713822841644 1531
1781297204460 0.2835402190685272 1532
1781297204463 0.15766622126102448 1533
1781297204465 0.173761785030365 1534
1781297204467 0.09035363048315048 1535
1781297204470 0.20100033283233643 1536
1781297204472 0.049458861351013184 1537
1781297204475 0.241162970662117 1538
1781297204477 0.17602548003196716 1539
1781297204479 0.1175975427031517 1540
1781297204482 0.2161581814289093 1541
1781297204484 0.174106165766716 1542
1781297204486 0.18259753286838531 1543
1781297204488 0.24707485735416412 1544
1781297204491 0.08913031220436096 1545
1781297204493 0.0472930483520031 1546
1781297204496 0.3109983503818512 1547
1781297204498 0.14310574531555176 1548
1781297204500 0.21980464458465576 1549
1781297204503 0.22079651057720184 1550
1781297204505 0.24998179078102112 1551
1781297204508 0.30296266078948975 1552
1781297204510 0.14814665913581848 1553
1781297204512 0.12948621809482574 1554
1781297204514 0.11842769384384155 1555
1781297204517 0.07958269864320755 1556
1781297204519 0.2053191363811493 1557
1781297204522 0.07592907547950745 1558
1781297204524 0.16926388442516327 1559
1781297204526 0.1557241976261139 1560
1781297204529 0.1808076649904251 1561
1781297204531 0.08176273852586746 1562
1781297204534 0.08583863079547882 1563
1781297204536 0.07802680134773254 1564
1781297204538 0.1896754950284958 1565
1781297204541 0.12241833657026291 1566
1781297204543 0.2246030569076538 1567
1781297204545 0.22914564609527588 1568
1781297204548 0.25295326113700867 1569
1781297204550 0.20027470588684082 1570
1781297204553 0.2756088078022003 1571
1781297204555 0.17684265971183777 1572
1781297204557 0.12255691736936569 1573
1781297204560 0.30531296133995056 1574
1781297204563 0.09853477030992508 1575
1781297204565 0.1760013997554779 1576
1781297204567 0.2833508849143982 1577
1781297204570 0.1621546745300293 1578
1781297204572 0.1765749603509903 1579
1781297204574 0.11958346515893936 1580
1781297204577 0.36326834559440613 1581
1781297204579 0.06533893942832947 1582
1781297204581 0.17335247993469238 1583
1781297204584 0.2154044806957245 1584
1781297204586 0.09466945379972458 1585
1781297204588 0.16770020127296448 1586
1781297204591 0.1913762092590332 1587
1781297204593 0.12413366883993149 1588
1781297204597 0.11034039407968521 1589
1781297204599 0.13596586883068085 1590
1781297204601 0.1387520730495453 1591
1781297204604 0.22077205777168274 1592
1781297204606 0.0670790821313858 1593
1781297204608 0.1385951191186905 1594
1781297204611 0.10630057007074356 1595
1781297204613 0.1500440239906311 1596
1781297204616 0.0931200310587883 1597
1781297204619 0.11112643778324127 1598
1781297204621 0.0983365923166275 1599
1781297204623 0.13551269471645355 1600
1781297204625 0.18867598474025726 1601
1781297204628 0.20460666716098785 1602
1781297204630 0.161931574344635 1603
1781297204633 0.17905789613723755 1604
1781297204635 0.13921679556369781 1605
1781297204637 0.29190805554389954 1606
1781297204640 0.2517068088054657 1607
1781297204642 0.05296311900019646 1608
1781297204645 0.1424299031496048 1609
1781297204647 0.07401139289140701 1610
1781297204649 0.17670004069805145 1611
1781297204651 0.1228911429643631 1612
1781297204655 0.16333363950252533 1613
1781297204657 0.23847366869449615 1614
1781297204660 0.3867206275463104 1615
1781297204663 0.1453259140253067 1616
1781297204665 0.1965743750333786 1617
1781297204667 0.2036982774734497 1618
1781297204670 0.23593424260616302 1619
1781297204672 0.30244681239128113 1620
1781297204674 0.10677851736545563 1621
1781297204677 0.2911553680896759 1622
1781297204679 0.17930826544761658 1623
1781297204681 0.3323705196380615 1624
1781297204683 0.14968864619731903 1625
1781297204686 0.13312996923923492 1626
1781297204688 0.2695675790309906 1627
1781297204690 0.06450174003839493 1628
1781297204692 0.16502486169338226 1629
1781297204695 0.1494104564189911 1630
1781297204697 0.0665893703699112 1631
1781297204700 0.22905820608139038 1632
1781297204702 0.11295650899410248 1633
1781297204705 0.12666651606559753 1634
1781297204707 0.21964146196842194 1635
1781297204710 0.12328993529081345 1636
1781297204712 0.1838654726743698 1637
1781297204715 0.1737142652273178 1638
1781297204717 0.058487534523010254 1639
1781297204720 0.1849752515554428 1640
1781297204722 0.16402649879455566 1641
1781297204724 0.1369381695985794 1642
1781297204727 0.20968252420425415 1643
1781297204729 0.10644543170928955 1644
1781297204731 0.21817971765995026 1645
1781297204734 0.34278562664985657 1646
1781297204736 0.10342895239591599 1647
1781297204738 0.08046698570251465 1648
1781297204741 0.2398146539926529 1649
1781297204743 0.05071823671460152 1650
1781297204745 0.1428092122077942 1651
1781297204748 0.062329091131687164 1652
1781297204750 0.1802356094121933 1653
1781297204754 0.1424400508403778 1654
1781297204758 0.24018000066280365 1655
1781297204760 0.13628047704696655 1656
1781297204762 0.13493742048740387 1657
1781297204764 0.14648494124412537 1658
1781297204767 0.07908350974321365 1659
1781297204769 0.26132336258888245 1660
1781297204771 0.08131249248981476 1661
1781297204774 0.1317145675420761 1662
1781297204776 0.3821521997451782 1663
1781297204780 0.5577725768089294 1664
1781297204782 0.10486815124750137 1665
1781297204786 0.13180889189243317 1666
1781297204789 0.16754700243473053 1667
1781297204792 0.159249946475029 1668
1781297204794 0.2551053762435913 1669
1781297204798 0.07595624774694443 1670
1781297204801 0.10193628817796707 1671
1781297204803 0.13593141734600067 1672
1781297204808 0.2739476263523102 1673
1781297204812 0.06973488628864288 1674
1781297204816 0.27239975333213806 1675
1781297204818 0.21053262054920197 1676
1781297204820 0.14458319544792175 1677
1781297204822 0.19615192711353302 1678
1781297204825 0.08251205086708069 1679
1781297204827 0.28492069244384766 1680
1781297204830 0.13155093789100647 1681
1781297204833 0.0885586366057396 1682
1781297204835 0.10567536950111389 1683
1781297204837 0.1318272054195404 1684
1781297204839 0.2005579024553299 1685
1781297204842 0.05210689827799797 1686
1781297204844 0.1938559114933014 1687
1781297204846 0.09476836770772934 1688
1781297204849 0.041450027376413345 1689
1781297204851 0.23925843834877014 1690
1781297204854 0.08543495088815689 1691
1781297204856 0.055467430502176285 1692
1781297204859 0.227131649851799 1693
1781297204861 0.07736658304929733 1694
1781297204864 0.23134876787662506 1695
1781297204866 0.2623326778411865 1696
1781297204868 0.09990531206130981 1697
1781297204871 0.2164515256881714 1698
1781297204873 0.08572908490896225 1699
1781297204876 0.10311812907457352 1700
1781297204879 0.11843880265951157 1701
1781297204882 0.1567540019750595 1702
1781297204884 0.09303523600101471 1703
1781297204887 0.1807018667459488 1704
1781297204889 0.10714030265808105 1705
1781297204892 0.11401252448558807 1706
1781297204894 0.3724242150783539 1707
1781297204896 0.2060856819152832 1708
1781297204899 0.13283762335777283 1709
1781297204901 0.09619852900505066 1710
1781297204903 0.09709249436855316 1711
1781297204907 0.05708364024758339 1712
1781297204909 0.13757216930389404 1713
1781297204913 0.19105663895606995 1714
1781297204915 0.104944609105587 1715
1781297204917 0.20727495849132538 1716
1781297204920 0.05852571874856949 1717
1781297204922 0.09685545414686203 1718
1781297204926 0.30295684933662415 1719
1781297204928 0.1734224110841751 1720
1781297204930 0.12142200022935867 1721
1781297204934 0.1380677968263626 1722
1781297204937 0.12174758315086365 1723
1781297204941 0.08327344805002213 1724
1781297204944 0.13435521721839905 1725
1781297204947 0.1443427950143814 1726
1781297204949 0.09960202127695084 1727
1781297204952 0.177750825881958 1728
1781297204954 0.18874137103557587 1729
1781297204958 0.2591967284679413 1730
1781297204961 0.2586999833583832 1731
1781297204963 0.2684270441532135 1732
1781297204965 0.19842100143432617 1733
1781297204968 0.22374571859836578 1734
1781297204971 0.24637465178966522 1735
1781297204973 0.23238591849803925 1736
1781297204976 0.07995884120464325 1737
1781297204978 0.11822610348463058 1738
1781297204981 0.0825478583574295 1739
1781297204983 0.05561226233839989 1740
1781297204985 0.15033170580863953 1741
1781297204988 0.18724733591079712 1742
1781297204990 0.11031780391931534 1743
1781297204993 0.17679810523986816 1744
1781297204995 0.08808009326457977 1745
1781297204997 0.07263696938753128 1746
1781297205000 0.16207928955554962 1747
1781297205002 0.23726487159729004 1748
1781297205004 0.32300102710723877 1749
1781297205006 0.20384283363819122 1750
1781297205009 0.08317837864160538 1751
1781297205011 0.13562528789043427 1752
1781297205014 0.10739711672067642 1753
1781297205016 0.21647535264492035 1754
1781297205019 0.208739772439003 1755
1781297205021 0.05938323587179184 1756
1781297205023 0.14729107916355133 1757
1781297205026 0.15750175714492798 1758
1781297205028 0.12843263149261475 1759
1781297205031 0.13276797533035278 1760
1781297205033 0.1712135523557663 1761
1781297205036 0.22646497189998627 1762
1781297205038 0.09801055490970612 1763
1781297205040 0.12405730038881302 1764
1781297205043 0.04793207719922066 1765
1781297205045 0.10127195715904236 1766
1781297205048 0.0969817265868187 1767
1781297205050 0.2577882409095764 1768
1781297205052 0.2015574723482132 1769
1781297205055 0.3231862485408783 1770
1781297205057 0.10921069234609604 1771
1781297205060 0.37728989124298096 1772
1781297205062 0.26130375266075134 1773
1781297205064 0.09517710655927658 1774
1781297205067 0.15568943321704865 1775
1781297205069 0.15118205547332764 1776
1781297205071 0.2068864405155182 1777
1781297205074 0.07288973778486252 1778
1781297205076 0.1761598289012909 1779
1781297205079 0.1964261829853058 1780
1781297205081 0.1840452253818512 1781
1781297205083 0.178569957613945 1782
1781297205085 0.11300019174814224 1783
1781297205088 0.18442925810813904 1784
1781297205090 0.23263110220432281 1785
1781297205093 0.2513542175292969 1786
1781297205096 0.2240217626094818 1787
1781297205098 0.21851715445518494 1788
1781297205101 0.0616617426276207 1789
1781297205103 0.11682648211717606 1790
1781297205105 0.15780998766422272 1791
1781297205108 0.11055677384138107 1792
1781297205111 0.09656765311956406 1793
1781297205113 0.09977250546216965 1794
1781297205115 0.1879911869764328 1795
1781297205118 0.07854752242565155 1796
1781297205121 0.10544374585151672 1797
1781297205123 0.3372470736503601 1798
1781297205126 0.19465447962284088 1799
1781297205128 0.07560276240110397 1800
1781297205130 0.166839137673378 1801
1781297205133 0.07476845383644104 1802
1781297205135 0.14811526238918304 1803
1781297205137 0.12293980270624161 1804
1781297205140 0.16182386875152588 1805
1781297205142 0.05469367653131485 1806
1781297205145 0.2971500754356384 1807
1781297205147 0.15194827318191528 1808
1781297205149 0.4807523787021637 1809
1781297205152 0.07575786858797073 1810
1781297205155 0.3091278374195099 1811
1781297205159 0.2171960473060608 1812
1781297205162 0.09073007851839066 1813
1781297205165 0.24835288524627686 1814
1781297205167 0.06661327928304672 1815
1781297205169 0.1558961123228073 1816
1781297205172 0.1343570500612259 1817
1781297205174 0.3004731833934784 1818
1781297205176 0.036559879779815674 1819
1781297205179 0.172948956489563 1820
1781297205181 0.2870328426361084 1821
1781297205184 0.14610353112220764 1822
1781297205186 0.16170667111873627 1823
1781297205188 0.1671283096075058 1824
1781297205191 0.22366759181022644 1825
1781297205193 0.18650634586811066 1826
1781297205196 0.2163415104150772 1827
1781297205198 0.07635597884654999 1828
1781297205201 0.2114417403936386 1829
1781297205204 0.1265750229358673 1830
1781297205206 0.15614594519138336 1831
1781297205208 0.03071635030210018 1832
1781297205211 0.5049912929534912 1833
1781297205213 0.09783949702978134 1834
1781297205216 0.13254423439502716 1835
1781297205218 0.15280376374721527 1836
1781297205220 0.13510963320732117 1837
1781297205223 0.11325060576200485 1838
1781297205225 0.10458424687385559 1839
1781297205227 0.46651703119277954 1840
1781297205230 0.15778295695781708 1841
1781297205232 0.2606380581855774 1842
1781297205235 0.19202376902103424 1843
1781297205237 0.09219509363174438 1844
1781297205239 0.22704659402370453 1845
1781297205242 0.2327067106962204 1846
1781297205244 0.26917901635169983 1847
1781297205247 0.04224337264895439 1848
1781297205249 0.15954385697841644 1849
1781297205251 0.17059844732284546 1850
1781297205254 0.1436428278684616 1851
1781297205256 0.14081715047359467 1852
1781297205258 0.1467660665512085 1853
1781297205261 0.17343740165233612 1854
1781297205263 0.29216986894607544 1855
1781297205266 0.0898272693157196 1856
1781297205268 0.2086675763130188 1857
1781297205272 0.22360444068908691 1858
1781297205274 0.08526983857154846 1859
1781297205277 0.16644641757011414 1860
1781297205279 0.08367756754159927 1861
1781297205282 0.06764262169599533 1862
1781297205284 0.2500278353691101 1863
1781297205286 0.2294321358203888 1864
1781297205289 0.0662478655576706 1865
1781297205291 0.17555654048919678 1866
1781297205293 0.13333970308303833 1867
1781297205295 0.23673716187477112 1868
1781297205298 0.15790744125843048 1869
1781297205300 0.18415473401546478 1870
1781297205302 0.30647310614585876 1871
1781297205305 0.22748957574367523 1872
1781297205307 0.16490592062473297 1873
1781297205450 0.09484921395778656 1874
1781297205453 0.10728727281093597 1875
1781297205455 0.12303254008293152 1876
1781297205458 0.1531265676021576 1877
1781297205460 0.2249259203672409 1878
1781297205462 0.09225714951753616 1879
1781297205465 0.21602363884449005 1880
1781297205467 0.1934681236743927 1881
1781297205469 0.25911712646484375 1882
1781297205472 0.129652738571167 1883
1781297205474 0.06775549054145813 1884
1781297205476 0.335177481174469 1885
1781297205479 0.14268754422664642 1886
1781297205481 0.20211727917194366 1887
1781297205483 0.1171811893582344 1888
1781297205486 0.24006782472133636 1889
1781297205488 0.10819486528635025 1890
1781297205491 0.3517959713935852 1891
1781297205493 0.08475538343191147 1892
1781297205496 0.2776804566383362 1893
1781297205498 0.24924682080745697 1894
1781297205500 0.1340821534395218 1895
1781297205503 0.0874861478805542 1896
1781297205505 0.0909123495221138 1897
1781297205509 0.1842033714056015 1898
1781297205511 0.13002458214759827 1899
1781297205513 0.10057777166366577 1900
1781297205516 0.16059386730194092 1901
1781297205519 0.1727140247821808 1902
1781297205522 0.177157923579216 1903
1781297205525 0.13670092821121216 1904
1781297205527 0.07685938477516174 1905
1781297205530 0.11919233947992325 1906
1781297205533 0.24725838005542755 1907
1781297205535 0.09961795061826706 1908
1781297205537 0.2549036145210266 1909
1781297205540 0.261394202709198 1910
1781297205542 0.21086783707141876 1911
1781297205545 0.14512500166893005 1912
1781297205547 0.1804271936416626 1913
1781297205549 0.06455174833536148 1914
1781297205551 0.32587510347366333 1915
1781297205554 0.2687346041202545 1916
1781297205556 0.162978395819664 1917
1781297205558 0.16307255625724792 1918
1781297205561 0.07689967751502991 1919
1781297205563 0.07321657985448837 1920
1781297205566 0.22682201862335205 1921
1781297205568 0.23295369744300842 1922
1781297205570 0.12394779920578003 1923
1781297205573 0.24432888627052307 1924
1781297205575 0.1142706573009491 1925
1781297205578 0.12873169779777527 1926
1781297205580 0.09407295286655426 1927
1781297205582 0.1063525378704071 1928
1781297205584 0.2634510397911072 1929
1781297205587 0.09587682038545609 1930
1781297205589 0.29381829500198364 1931
1781297205591 0.10863519459962845 1932
1781297205593 0.16997575759887695 1933
1781297205596 0.03666040301322937 1934
1781297205598 0.23091398179531097 1935
1781297205600 0.19080311059951782 1936
1781297205602 0.12551511824131012 1937
1781297205604 0.12341749668121338 1938
1781297205607 0.08113302290439606 1939
1781297205610 0.2596331238746643 1940
1781297205612 0.10594576597213745 1941
1781297205614 0.07185854017734528 1942
1781297205616 0.048651207238435745 1943
1781297205619 0.14273685216903687 1944
1781297205621 0.15690065920352936 1945
1781297205623 0.12906962633132935 1946
1781297205627 0.06186055764555931 1947
1781297205629 0.07037220895290375 1948
1781297205631 0.09279419481754303 1949
1781297205634 0.05862890183925629 1950
1781297205636 0.12768283486366272 1951
1781297205638 0.09327774494886398 1952
1781297205640 0.062094107270240784 1953
1781297205643 0.05331121385097504 1954
1781297205645 0.20306694507598877 1955
1781297205647 0.30017387866973877 1956
1781297205650 0.10807958990335464 1957
1781297205652 0.22078685462474823 1958
1781297205654 0.10209528356790543 1959
1781297205656 0.16275417804718018 1960
1781297205659 0.04222836717963219 1961
1781297205661 0.16772860288619995 1962
1781297205663 0.26594021916389465 1963
1781297205666 0.22568279504776 1964
1781297205668 0.08548887073993683 1965
1781297205670 0.14799711108207703 1966
1781297205672 0.14919553697109222 1967
1781297205675 0.15499721467494965 1968
1781297205677 0.06756103783845901 1969
1781297205679 0.15144458413124084 1970
1781297205681 0.3655603528022766 1971
1781297205684 0.04246958717703819 1972
1781297205686 0.20958161354064941 1973
1781297205688 0.14528146386146545 1974
1781297205690 0.10719308257102966 1975
1781297205693 0.08870125561952591 1976
1781297205695 0.17455726861953735 1977
1781297205697 0.10813058167695999 1978
1781297205699 0.22467230260372162 1979
1781297205703 0.10990773886442184 1980
1781297205705 0.11606152355670929 1981
1781297205709 0.24599069356918335 1982
1781297205711 0.17572656273841858 1983
1781297205713 0.11571058630943298 1984
1781297205715 0.05826900526881218 1985
1781297205717 0.13456103205680847 1986
1781297205720 0.16471850872039795 1987
1781297205722 0.23068150877952576 1988
1781297205724 0.1426110714673996 1989
1781297205727 0.08310063183307648 1990
1781297205729 0.2975417971611023 1991
1781297205732 0.06287845224142075 1992
1781297205734 0.06607047468423843 1993
1781297205737 0.04606141149997711 1994
1781297205739 0.27563348412513733 1995
1781297205741 0.3438001871109009 1996
1781297205744 0.1103605404496193 1997
1781297205746 0.1597193032503128 1998
1781297205748 0.11128903925418854 1999
1781297205752 0.10520274192094803 2000
1781297205754 0.11214812844991684 2001
1781297205758 0.14397375285625458 2002
1781297205760 0.07679817825555801 2003
1781297205762 0.1812036633491516 2004
1781297205764 0.12393052130937576 2005
1781297205767 0.23649434745311737 2006
1781297205769 0.07511109113693237 2007
1781297205771 0.14306651055812836 2008
1781297205775 0.0748131200671196 2009
1781297205777 0.15630750358104706 2010
1781297205780 0.10579580813646317 2011
1781297205782 0.13477367162704468 2012
1781297205784 0.054750896990299225 2013
1781297205787 0.10684474557638168 2014
1781297205789 0.1462591588497162 2015
1781297205791 0.07750906050205231 2016
1781297205794 0.1845780909061432 2017
1781297205796 0.1584804356098175 2018
1781297205798 0.06260816752910614 2019
1781297205800 0.09171958267688751 2020
1781297205804 0.11040914058685303 2021
1781297205806 0.06526932865381241 2022
1781297205809 0.2369442582130432 2023
1781297205811 0.03433947265148163 2024
1781297205813 0.36041852831840515 2025
1781297205815 0.12037134170532227 2026
1781297205817 0.11194130033254623 2027
1781297205819 0.05920468270778656 2028
1781297205822 0.12226931750774384 2029
1781297205825 0.07893388718366623 2030
1781297205827 0.23752303421497345 2031
1781297205829 0.10529214888811111 2032
1781297205831 0.08733013272285461 2033
1781297205833 0.10359000414609909 2034
1781297205835 0.14588798582553864 2035
1781297205837 0.0972999706864357 2036
1781297205840 0.18051758408546448 2037
1781297205842 0.17551732063293457 2038
1781297205844 0.15450364351272583 2039
1781297205846 0.1184583380818367 2040
1781297205848 0.03159458562731743 2041
1781297205851 0.05607273429632187 2042
1781297205853 0.2138076275587082 2043
1781297205856 0.10168613493442535 2044
1781297205858 0.08593659847974777 2045
1781297205861 0.12696734070777893 2046
1781297205863 0.20465411245822906 2047
1781297205865 0.15160228312015533 2048
1781297205867 0.11224847286939621 2049
1781297205869 0.13616986572742462 2050
1781297205872 0.03920368105173111 2051
1781297205874 0.13515295088291168 2052
1781297205876 0.07907288521528244 2053
1781297205879 0.246857687830925 2054
1781297205881 0.2301311045885086 2055
1781297205883 0.21875441074371338 2056
1781297205886 0.29457467794418335 2057
1781297205888 0.17281809449195862 2058
1781297205890 0.15943479537963867 2059
1781297205893 0.09972263872623444 2060
1781297205895 0.11609221249818802 2061
1781297205897 0.07393678277730942 2062
1781297205900 0.19923155009746552 2063
1781297205902 0.027224509045481682 2064
1781297205905 0.17548491060733795 2065
1781297205907 0.25525742769241333 2066
1781297205909 0.11485745012760162 2067
1781297205912 0.09454254806041718 2068
1781297205914 0.3796204626560211 2069
1781297205916 0.16997738182544708 2070
1781297205918 0.1353311687707901 2071
1781297205920 0.1019560694694519 2072
1781297205922 0.27592387795448303 2073
1781297205925 0.13236869871616364 2074
1781297205927 0.21465249359607697 2075
1781297205929 0.12653402984142303 2076
1781297205931 0.08611145615577698 2077
1781297205934 0.10039432346820831 2078
1781297205936 0.10462644696235657 2079
1781297205938 0.33185938000679016 2080
1781297205940 0.2615240216255188 2081
1781297205944 0.284286230802536 2082
1781297205946 0.14127323031425476 2083
1781297205948 0.2576085329055786 2084
1781297205950 0.09765984863042831 2085
1781297205953 0.11857660114765167 2086
1781297205955 0.0642305240035057 2087
1781297205957 0.11944368481636047 2088
1781297205960 0.18626166880130768 2089
1781297205962 0.3626210689544678 2090
1781297205964 0.12781479954719543 2091
1781297205966 0.18232320249080658 2092
1781297205968 0.23171207308769226 2093
1781297205971 0.14191554486751556 2094
1781297205973 0.07107126712799072 2095
1781297205975 0.15522369742393494 2096
1781297205977 0.12006722390651703 2097
1781297205979 0.2392200082540512 2098
1781297205982 0.0732402503490448 2099
1781297205984 0.08406611531972885 2100
1781297205986 0.04009323567152023 2101
1781297205988 0.12410794198513031 2102
1781297205990 0.28540343046188354 2103
1781297205993 0.11441565304994583 2104
1781297205997 0.09939121454954147 2105
1781297205999 0.03467264398932457 2106
1781297206001 0.07501449435949326 2107
1781297206004 0.08941330760717392 2108
1781297206006 0.0706830769777298 2109
1781297206008 0.09210565686225891 2110
1781297206011 0.15815579891204834 2111
1781297206015 0.05859944596886635 2112
1781297206017 0.22297385334968567 2113
1781297206020 0.10970698297023773 2114
1781297206022 0.20413199067115784 2115
1781297206024 0.46195748448371887 2116
1781297206027 0.09587669372558594 2117
1781297206030 0.11529099196195602 2118
1781297206032 0.1510026752948761 2119
1781297206035 0.04492928460240364 2120
1781297206037 0.13464713096618652 2121
1781297206039 0.18224571645259857 2122
1781297206042 0.2267356812953949 2123
1781297206045 0.05418180674314499 2124
1781297206047 0.09776385128498077 2125
1781297206049 0.11724410951137543 2126
1781297206051 0.11440098285675049 2127
1781297206053 0.1185072585940361 2128
1781297206056 0.11737515777349472 2129
1781297206058 0.24864746630191803 2130
1781297206061 0.13810645043849945 2131
1781297206063 0.1209402084350586 2132
1781297206065 0.15475869178771973 2133
1781297206067 0.1071498766541481 2134
1781297206070 0.08265724033117294 2135
1781297206072 0.18143734335899353 2136
1781297206074 0.2763747274875641 2137
1781297206077 0.14196550846099854 2138
1781297206079 0.11612343788146973 2139
1781297206081 0.20815014839172363 2140
1781297206083 0.10599009692668915 2141
1781297206086 0.15956512093544006 2142
1781297206088 0.32522380352020264 2143
1781297206090 0.3119337558746338 2144
1781297206093 0.09626676142215729 2145
1781297206095 0.15722090005874634 2146
1781297206098 0.3348548710346222 2147
1781297206100 0.13015371561050415 2148
1781297206102 0.080287866294384 2149
1781297206104 0.06312007457017899 2150
1781297206107 0.1606886088848114 2151
1781297206109 0.062256183475255966 2152
1781297206111 0.2428150773048401 2153
1781297206114 0.09174192696809769 2154
1781297206116 0.1593407690525055 2155
1781297206118 0.15199925005435944 2156
1781297206121 0.23555096983909607 2157
1781297206123 0.1186855286359787 2158
1781297206126 0.07911508530378342 2159
1781297206128 0.11370691657066345 2160
1781297206130 0.055881038308143616 2161
1781297206132 0.08297596126794815 2162
1781297206134 0.19795063138008118 2163
1781297206137 0.10150309652090073 2164
1781297206139 0.11324583739042282 2165
1781297206141 0.1285795420408249 2166
1781297206144 0.14377279579639435 2167
1781297206146 0.1533828228712082 2168
1781297206148 0.15998457372188568 2169
1781297206150 0.08357974141836166 2170
1781297206153 0.07776476442813873 2171
1781297206155 0.06510697305202484 2172
1781297206158 0.18261511623859406 2173
1781297206160 0.13589255511760712 2174
1781297206162 0.17137716710567474 2175
1781297206164 0.23538698256015778 2176
1781297206167 0.06831742078065872 2177
1781297206169 0.08158030360937119 2178
1781297206173 0.18818289041519165 2179
1781297206175 0.14185713231563568 2180
1781297206177 0.1586763560771942 2181
1781297206179 0.09844427555799484 2182
1781297206181 0.08133556693792343 2183
1781297206184 0.17101728916168213 2184
1781297206186 0.07017278671264648 2185
1781297206188 0.020019661635160446 2186
1781297206190 0.2493140548467636 2187
1781297206193 0.09162823855876923 2188
1781297206195 0.0799248144030571 2189
1781297206197 0.06480886042118073 2190
1781297206199 0.12896713614463806 2191
1781297206201 0.03921335190534592 2192
1781297206204 0.08588767796754837 2193
1781297206206 0.13723653554916382 2194
1781297206208 0.2685011029243469 2195
1781297206210 0.05855521932244301 2196
1781297206213 0.17142963409423828 2197
1781297206215 0.16172701120376587 2198
1781297206217 0.31599417328834534 2199
1781297206219 0.18419843912124634 2200
1781297206222 0.11915100365877151 2201
1781297206224 0.062053825706243515 2202
1781297206226 0.161967933177948 2203
1781297206229 0.1528601497411728 2204
1781297206231 0.13197290897369385 2205
1781297206233 0.10896047204732895 2206
1781297206236 0.07384603470563889 2207
1781297206238 0.12735779583454132 2208
1781297206240 0.03323778510093689 2209
1781297206243 0.09707200527191162 2210
1781297206245 0.16113977134227753 2211
1781297206247 0.27173101902008057 2212
1781297206249 0.16204501688480377 2213
1781297206252 0.09436990320682526 2214
1781297206254 0.1634831428527832 2215
1781297206256 0.10935133695602417 2216
1781297206259 0.1659143567085266 2217
1781297206261 0.17948397994041443 2218
1781297206264 0.13683560490608215 2219
1781297206266 0.1521044820547104 2220
1781297206268 0.1528075486421585 2221
1781297206270 0.06583593040704727 2222
1781297206272 0.1446520984172821 2223
1781297206275 0.1259223073720932 2224
1781297206277 0.13305369019508362 2225
1781297206280 0.05026373267173767 2226
1781297206282 0.2216949313879013 2227
1781297206284 0.06446792185306549 2228
1781297206286 0.03929527848958969 2229
1781297206288 0.05523846670985222 2230
1781297206290 0.1838536560535431 2231
1781297206293 0.27196359634399414 2232
1781297206295 0.06658244132995605 2233
1781297206297 0.1475691944360733 2234
1781297206299 0.08666344732046127 2235
1781297206302 0.30181920528411865 2236
1781297206304 0.11389081180095673 2237
1781297206306 0.11346700042486191 2238
1781297206308 0.15875056385993958 2239
1781297206311 0.12809830904006958 2240
1781297206313 0.08263636380434036 2241
1781297206315 0.17329032719135284 2242
1781297206317 0.13066065311431885 2243
1781297206320 0.07943300157785416 2244
1781297206322 0.223333939909935 2245
1781297206324 0.18053869903087616 2246
1781297206326 0.4019049108028412 2247
1781297206328 0.09614142775535583 2248
1781297206330 0.08419644087553024 2249
1781297206333 0.06732197105884552 2250
1781297206335 0.17904891073703766 2251
1781297206337 0.15715312957763672 2252
1781297206340 0.1848994344472885 2253
1781297206342 0.13912995159626007 2254
1781297206344 0.15712952613830566 2255
1781297206347 0.07846877723932266 2256
1781297206349 0.10885854810476303 2257
1781297206351 0.11451944708824158 2258
1781297206353 0.2038770616054535 2259
1781297206355 0.17852263152599335 2260
1781297206358 0.06016286090016365 2261
1781297206360 0.11059408634901047 2262
1781297206362 0.0885939747095108 2263
1781297206364 0.1215989738702774 2264
1781297206367 0.2371174842119217 2265
1781297206369 0.08202320337295532 2266
1781297206371 0.2086455076932907 2267
1781297206373 0.11258924007415771 2268
1781297206375 0.10579335689544678 2269
1781297206377 0.09684146195650101 2270
1781297206380 0.04739813879132271 2271
1781297206382 0.19994311034679413 2272
1781297206384 0.09924903512001038 2273
1781297206387 0.04188438877463341 2274
1781297206389 0.10882440954446793 2275
1781297206392 0.09860283881425858 2276
1781297206394 0.09450583904981613 2277
1781297206396 0.1562388688325882 2278
1781297206399 0.0556672066450119 2279
1781297206401 0.11530563235282898 2280
1781297206403 0.03378148749470711 2281
1781297206406 0.17069754004478455 2282
1781297206408 0.13164280354976654 2283
1781297206410 0.05596289411187172 2284
1781297206413 0.06326677650213242 2285
1781297206415 0.17093363404273987 2286
1781297206417 0.1913241744041443 2287
1781297206419 0.15342140197753906 2288
1781297206422 0.15856404602527618 2289
1781297206425 0.09970352053642273 2290
1781297206427 0.18595145642757416 2291
1781297206429 0.1456345021724701 2292
1781297206431 0.03181253746151924 2293
1781297206434 0.1021275669336319 2294
1781297206436 0.11972994357347488 2295
1781297206438 0.0416962094604969 2296
1781297206440 0.23240865767002106 2297
1781297206442 0.07411958277225494 2298
1781297206445 0.0994202122092247 2299
1781297206447 0.16000553965568542 2300
1781297206449 0.05721442401409149 2301
1781297206451 0.07585054636001587 2302
1781297206453 0.14043238759040833 2303
1781297206455 0.13837069272994995 2304
1781297206458 0.170528382062912 2305
1781297206460 0.10189803689718246 2306
1781297206462 0.0876956433057785 2307
1781297206464 0.1368267685174942 2308
1781297206466 0.12200170755386353 2309
1781297206469 0.1424218863248825 2310
1781297206471 0.09295758605003357 2311
1781297206473 0.19802173972129822 2312
1781297206475 0.17122675478458405 2313
1781297206478 0.19884298741817474 2314
1781297206480 0.027899814769625664 2315
1781297206482 0.09139453619718552 2316
1781297206485 0.17342650890350342 2317
1781297206487 0.0363413542509079 2318
1781297206489 0.05613360181450844 2319
1781297206491 0.07059115171432495 2320
1781297206493 0.030970053747296333 2321
1781297206496 0.12357303500175476 2322
1781297206498 0.0599660649895668 2323
1781297206500 0.08630935847759247 2324
1781297206502 0.16252654790878296 2325
1781297206504 0.13243252038955688 2326
1781297206507 0.11485067754983902 2327
1781297206509 0.10953692346811295 2328
1781297206511 0.1014261394739151 2329
1781297206514 0.20161263644695282 2330
1781297206516 0.1428762823343277 2331
1781297206519 0.2307235151529312 2332
1781297206521 0.07872385531663895 2333
1781297206523 0.11133600026369095 2334
1781297206526 0.11631803959608078 2335
1781297206528 0.23010827600955963 2336
1781297206530 0.16398464143276215 2337
1781297206532 0.047529708594083786 2338
1781297206534 0.0948081761598587 2339
1781297206536 0.10482726246118546 2340
1781297206539 0.11158807575702667 2341
1781297206541 0.04828265681862831 2342
1781297206543 0.07558024674654007 2343
1781297206546 0.06398769468069077 2344
1781297206548 0.06718219071626663 2345
1781297206550 0.09090037643909454 2346
1781297206552 0.052575867623090744 2347
1781297206554 0.06053929775953293 2348
1781297206556 0.07773085683584213 2349
1781297206559 0.24607639014720917 2350
1781297206561 0.13387636840343475 2351
1781297206563 0.1669514924287796 2352
1781297206566 0.13349924981594086 2353
1781297206568 0.285418838262558 2354
1781297206571 0.32153356075286865 2355
1781297206574 0.2184784710407257 2356
1781297206576 0.12499459087848663 2357
1781297206578 0.1469256728887558 2358
1781297206580 0.2224886119365692 2359
1781297206582 0.2844123840332031 2360
1781297206585 0.11962602287530899 2361
1781297206587 0.03465397655963898 2362
1781297206589 0.27241507172584534 2363
1781297206592 0.14921309053897858 2364
1781297206594 0.12253738194704056 2365
1781297206596 0.07545860856771469 2366
1781297206598 0.10656729340553284 2367
1781297206601 0.13787367939949036 2368
1781297206603 0.109473817050457 2369
1781297206605 0.14931505918502808 2370
1781297206608 0.1255224198102951 2371
1781297206610 0.19282299280166626 2372
1781297206612 0.03908059000968933 2373
1781297206614 0.060556888580322266 2374
1781297206616 0.08180170506238937 2375
1781297206619 0.12240065634250641 2376
1781297206621 0.1084430143237114 2377
1781297206623 0.09081964194774628 2378
1781297206626 0.04687570780515671 2379
1781297206628 0.17862768471240997 2380
1781297206630 0.1564788818359375 2381
1781297206632 0.16539038717746735 2382
1781297206635 0.18189604580402374 2383
1781297206637 0.10686931759119034 2384
1781297206641 0.208408921957016 2385
1781297206643 0.09747157990932465 2386
1781297206646 0.15592306852340698 2387
1781297206648 0.23334473371505737 2388
1781297206650 0.15422816574573517 2389
1781297206652 0.2691968083381653 2390
1781297206654 0.07554663717746735 2391
1781297206657 0.05659458041191101 2392
1781297206661 0.027321521192789078 2393
1781297206663 0.15223194658756256 2394
1781297206665 0.11869246512651443 2395
1781297206667 0.18593326210975647 2396
1781297206670 0.16051548719406128 2397
1781297206672 0.12240186333656311 2398
1781297206674 0.13370831310749054 2399
1781297206676 0.11060495674610138 2400
1781297206679 0.1488635540008545 2401
1781297206681 0.06992325931787491 2402
1781297206683 0.0856647714972496 2403
1781297206685 0.2820630967617035 2404
1781297206688 0.12954650819301605 2405
1781297206691 0.12425020337104797 2406
1781297206694 0.13792581856250763 2407
1781297206696 0.06232299283146858 2408
1781297206698 0.21370528638362885 2409
1781297206701 0.08899816125631332 2410
1781297206703 0.044573232531547546 2411
1781297206706 0.24283353984355927 2412
1781297206708 0.10001572221517563 2413
1781297206711 0.12036918103694916 2414
1781297206713 0.2540968954563141 2415
1781297206715 0.11174637079238892 2416
1781297206718 0.1444217562675476 2417
1781297206720 0.12073982506990433 2418
1781297206722 0.21955308318138123 2419
1781297206725 0.1049044132232666 2420
1781297206727 0.16652488708496094 2421
1781297206730 0.07650108635425568 2422
1781297206732 0.12935058772563934 2423
1781297206735 0.11486576497554779 2424
1781297206737 0.19744230806827545 2425
1781297206739 0.08249732106924057 2426
1781297206742 0.1730615794658661 2427
1781297206744 0.3165864050388336 2428
1781297206746 0.2569115161895752 2429
1781297206749 0.05731818452477455 2430
1781297206751 0.20846645534038544 2431
1781297206753 0.19419239461421967 2432
1781297206756 0.16029812395572662 2433
1781297206758 0.12227752059698105 2434
1781297206760 0.09321357309818268 2435
1781297206763 0.04765738546848297 2436
1781297206765 0.19149701297283173 2437
1781297206767 0.05136515945196152 2438
1781297206769 0.0514860600233078 2439
1781297206772 0.14406722784042358 2440
1781297206775 0.10403400659561157 2441
1781297206777 0.1347484439611435 2442
1781297206780 0.03470902889966965 2443
1781297206782 0.3482305705547333 2444
1781297206784 0.15394628047943115 2445
1781297206787 0.1174529567360878 2446
1781297206789 0.2114441841840744 2447
1781297206791 0.0660654827952385 2448
1781297206793 0.16720135509967804 2449
1781297206796 0.11292160302400589 2450
1781297206798 0.08878348022699356 2451
1781297206801 0.19796064496040344 2452
1781297206803 0.10239273309707642 2453
1781297206805 0.1303688883781433 2454
1781297206808 0.11111655831336975 2455
1781297206810 0.17466206848621368 2456
1781297206812 0.08144889771938324 2457
1781297206815 0.06845733523368835 2458
1781297206817 0.3141390085220337 2459
1781297206819 0.1095576137304306 2460
1781297206822 0.19525274634361267 2461
1781297206824 0.1829335242509842 2462
1781297206827 0.03628745675086975 2463
1781297206829 0.19310639798641205 2464
1781297206831 0.2010415941476822 2465
1781297206834 0.24079813063144684 2466
1781297206836 0.07540926337242126 2467
1781297206838 0.012342823669314384 2468
1781297206841 0.08157271146774292 2469
1781297206844 0.1233491599559784 2470
1781297206846 0.15214286744594574 2471
1781297206848 0.14743022620677948 2472
1781297206851 0.07414773851633072 2473
1781297206853 0.0954960361123085 2474
1781297206855 0.17586970329284668 2475
1781297206858 0.21688124537467957 2476
1781297206860 0.11808235943317413 2477
1781297206863 0.04651345685124397 2478
1781297206865 0.07504834979772568 2479
1781297206867 0.0820847600698471 2480
1781297206870 0.12119728326797485 2481
1781297206872 0.19565245509147644 2482
1781297206874 0.15660253167152405 2483
1781297206877 0.04149911180138588 2484
1781297206879 0.1633472591638565 2485
1781297206881 0.14917589724063873 2486
1781297206883 0.06976444274187088 2487
1781297206886 0.15229883790016174 2488
1781297206888 0.0469563789665699 2489
1781297206891 0.22374935448169708 2490
1781297206894 0.04610230773687363 2491
1781297206896 0.35471561551094055 2492
1781297206898 0.09313888102769852 2493
1781297206900 0.07695460319519043 2494
1781297206903 0.22021880745887756 2495
1781297206905 0.165354385972023 2496
1781297206909 0.03965218365192413 2497
1781297206912 0.046683114022016525 2498
1781297206914 0.08957415819168091 2499
1781297206917 0.15518467128276825 2500
1781297206919 0.13695064187049866 2501
1781297206922 0.09164315462112427 2502
1781297206925 0.2952049970626831 2503
1781297206927 0.07811624556779861 2504
1781297206930 0.09439811110496521 2505
1781297206932 0.2033362090587616 2506
1781297206934 0.11287199705839157 2507
1781297206937 0.22621935606002808 2508
1781297206939 0.17433366179466248 2509
1781297206943 0.07932539284229279 2510
1781297206945 0.2238931506872177 2511
1781297206947 0.15331237018108368 2512
1781297206950 0.27892816066741943 2513
1781297206952 0.42459407448768616 2514
1781297206954 0.09053128957748413 2515
1781297206957 0.036781612783670425 2516
1781297206960 0.1382637619972229 2517
1781297206962 0.05628635361790657 2518
1781297206964 0.08411069959402084 2519
1781297206967 0.03354445472359657 2520
1781297206969 0.09021733701229095 2521
1781297206971 0.07940416038036346 2522
1781297206974 0.19763308763504028 2523
1781297206976 0.296070396900177 2524
1781297206979 0.15783214569091797 2525
1781297206981 0.07311234623193741 2526
1781297206984 0.08691876381635666 2527
1781297206986 0.08641809970140457 2528
1781297206988 0.03931621089577675 2529
1781297206990 0.14350014925003052 2530
1781297206993 0.11830402165651321 2531
1781297206996 0.11148573458194733 2532
1781297206998 0.0733695700764656 2533
1781297207000 0.06632865965366364 2534
1781297207004 0.07412204146385193 2535
1781297207006 0.25235751271247864 2536
1781297207009 0.09148640930652618 2537
1781297207011 0.049877017736434937 2538
1781297207014 0.11748439818620682 2539
1781297207016 0.15010036528110504 2540
1781297207019 0.16303345561027527 2541
1781297207022 0.13137036561965942 2542
1781297207024 0.08827923983335495 2543
1781297207027 0.130479633808136 2544
1781297207029 0.09216703474521637 2545
1781297207031 0.1037718802690506 2546
1781297207033 0.2009047120809555 2547
1781297207036 0.11782893538475037 2548
1781297207039 0.09374696016311646 2549
1781297207041 0.13613282144069672 2550
1781297207044 0.14764998853206635 2551
1781297207046 0.12472890317440033 2552
1781297207049 0.02927379682660103 2553
1781297207051 0.09034700691699982 2554
1781297207053 0.11378733813762665 2555
1781297207056 0.12014785408973694 2556
1781297207058 0.02959432266652584 2557
1781297207060 0.17234483361244202 2558
1781297207063 0.1691572070121765 2559
1781297207065 0.1593216359615326 2560
1781297207068 0.24649178981781006 2561
1781297207071 0.1873532384634018 2562
1781297207073 0.029351454228162766 2563
1781297207075 0.11192375421524048 2564
1781297207078 0.2126692682504654 2565
1781297207081 0.19686362147331238 2566
1781297207083 0.06323400139808655 2567
1781297207086 0.1786019653081894 2568
1781297207089 0.18976004421710968 2569
1781297207092 0.14616242051124573 2570
1781297207094 0.12205012887716293 2571
1781297207096 0.07537514716386795 2572
1781297207099 0.06434755027294159 2573
1781297207101 0.16489164531230927 2574
1781297207103 0.08768252283334732 2575
1781297207106 0.25304126739501953 2576
1781297207108 0.049853455275297165 2577
1781297207110 0.10089420527219772 2578
1781297207113 0.054368775337934494 2579
1781297207115 0.13864010572433472 2580
1781297207117 0.11663465946912766 2581
1781297207120 0.13070566952228546 2582
1781297207122 0.1339433193206787 2583
1781297207125 0.05764888972043991 2584
1781297207127 0.09287086874246597 2585
1781297207129 0.1811322420835495 2586
1781297207132 0.11543448269367218 2587
1781297207134 0.1863284409046173 2588
1781297207136 0.18973152339458466 2589
1781297207139 0.13708916306495667 2590
1781297207142 0.13621725142002106 2591
1781297207144 0.07256828993558884 2592
1781297207146 0.24425628781318665 2593
1781297207149 0.07943099737167358 2594
1781297207151 0.17600172758102417 2595
1781297207153 0.09550458192825317 2596
1781297207155 0.10683094710111618 2597
1781297207158 0.128153458237648 2598
1781297207160 0.13298580050468445 2599
1781297207163 0.19596271216869354 2600
1781297207165 0.06154993176460266 2601
1781297207167 0.19386467337608337 2602
1781297207170 0.15703800320625305 2603
1781297207172 0.22058634459972382 2604
1781297207174 0.09767745435237885 2605
1781297207177 0.19185857474803925 2606
1781297207179 0.0965569019317627 2607
1781297207181 0.05341476947069168 2608
1781297207184 0.04594173654913902 2609
1781297207186 0.2515900433063507 2610
1781297207188 0.09564345329999924 2611
1781297207191 0.1615544706583023 2612
1781297207193 0.06844134628772736 2613
1781297207195 0.2569301426410675 2614
1781297207197 0.13169017434120178 2615
1781297207200 0.03174092620611191 2616
1781297207202 0.1730753779411316 2617
1781297207204 0.05863160640001297 2618
1781297207207 0.21134093403816223 2619
1781297207209 0.09860004484653473 2620
1781297207212 0.07535617053508759 2621
1781297207214 0.0856073647737503 2622
1781297207216 0.08650263398885727 2623
1781297207220 0.06168965995311737 2624
1781297207222 0.029600538313388824 2625
1781297207225 0.10478079319000244 2626
1781297207227 0.17936627566814423 2627
1781297207229 0.12807348370552063 2628
1781297207232 0.18323931097984314 2629
1781297207234 0.042468201369047165 2630
1781297207237 0.13615162670612335 2631
1781297207239 0.09676642715930939 2632
1781297207242 0.17298954725265503 2633
1781297207244 0.021729731932282448 2634
1781297207246 0.21747344732284546 2635
1781297207249 0.04781541973352432 2636
1781297207251 0.184259295463562 2637
1781297207253 0.1606050431728363 2638
1781297207256 0.15222355723381042 2639
1781297207258 0.14643137156963348 2640
1781297207260 0.12386959046125412 2641
1781297207263 0.11046639829874039 2642
1781297207265 0.10727960616350174 2643
1781297207268 0.10320553928613663 2644
1781297207270 0.12572599947452545 2645
1781297207272 0.056101128458976746 2646
1781297207275 0.0759526789188385 2647
1781297207277 0.1589117795228958 2648
1781297207279 0.13664458692073822 2649
1781297207281 0.10645758360624313 2650
1781297207284 0.15159006416797638 2651
1781297207286 0.09846904873847961 2652
1781297207288 0.030372004956007004 2653
1781297207291 0.05390981584787369 2654
1781297207293 0.07659699022769928 2655
1781297207296 0.07121473550796509 2656
1781297207298 0.11513351649045944 2657
1781297207301 0.033279839903116226 2658
1781297207303 0.09374558925628662 2659
1781297207305 0.1716686487197876 2660
1781297207308 0.07580588012933731 2661
1781297207310 0.04512490704655647 2662
1781297207313 0.06405395269393921 2663
1781297207315 0.05768321827054024 2664
1781297207317 0.06013825535774231 2665
1781297207320 0.11087299138307571 2666
1781297207322 0.06881485134363174 2667
1781297207324 0.11329536139965057 2668
1781297207327 0.13521476089954376 2669
1781297207329 0.23741447925567627 2670
1781297207332 0.24551606178283691 2671
1781297207334 0.11345259845256805 2672
1781297207336 0.1121525689959526 2673
1781297207339 0.10669869184494019 2674
1781297207342 0.0943061038851738 2675
1781297207344 0.15377657115459442 2676
1781297207347 0.0876837819814682 2677
1781297207349 0.11698145419359207 2678
1781297207351 0.04887515679001808 2679
1781297207353 0.03444927930831909 2680
1781297207356 0.1090831533074379 2681
1781297207358 0.08017116785049438 2682
1781297207360 0.06837049871683121 2683
1781297207363 0.13807713985443115 2684
1781297207365 0.2595476508140564 2685
1781297207367 0.1184774860739708 2686
1781297207370 0.03459961712360382 2687
1781297207372 0.039110518991947174 2688
1781297207374 0.0902400016784668 2689
1781297207377 0.09664633125066757 2690
1781297207379 0.21212683618068695 2691
1781297207381 0.1900395154953003 2692
1781297207384 0.10415316373109818 2693
1781297207386 0.10611920803785324 2694
1781297207388 0.19957199692726135 2695
1781297207391 0.06787936389446259 2696
1781297207394 0.09258996695280075 2697
1781297207396 0.17918580770492554 2698
1781297207399 0.03985512629151344 2699
1781297207401 0.07191261649131775 2700
1781297207403 0.09164523333311081 2701
1781297207405 0.05534938722848892 2702
1781297207408 0.22876130044460297 2703
1781297207411 0.11633583158254623 2704
1781297207413 0.08316515386104584 2705
1781297207415 0.061098773032426834 2706
1781297207417 0.03414881229400635 2707
1781297207420 0.15933716297149658 2708
1781297207422 0.09692201018333435 2709
1781297207425 0.0879252701997757 2710
1781297207427 0.12296516448259354 2711
1781297207430 0.05691476911306381 2712
1781297207432 0.13956515491008759 2713
1781297207434 0.1556040495634079 2714
1781297207438 0.07056944072246552 2715
1781297207440 0.049693670123815536 2716
1781297207443 0.060333218425512314 2717
1781297207445 0.10970765352249146 2718
1781297207447 0.0302936602383852 2719
1781297207450 0.06179594621062279 2720
1781297207452 0.03288954123854637 2721
1781297207455 0.09888792037963867 2722
1781297207457 0.11426545679569244 2723
1781297207460 0.04466957971453667 2724
1781297207462 0.2498631328344345 2725
1781297207465 0.06626571714878082 2726
1781297207467 0.05240087956190109 2727
1781297207469 0.1267414540052414 2728
1781297207472 0.15012910962104797 2729
1781297207474 0.04323781281709671 2730
1781297207477 0.0728684589266777 2731
1781297207480 0.2450542151927948 2732
1781297207483 0.2375071495771408 2733
1781297207485 0.24049299955368042 2734
1781297207487 0.2604252099990845 2735
1781297207490 0.09577174484729767 2736
1781297207492 0.06489154696464539 2737
1781297207494 0.22142329812049866 2738
1781297207497 0.07591739296913147 2739
1781297207499 0.15334966778755188 2740
1781297207502 0.14989091455936432 2741
1781297207504 0.16965757310390472 2742
1781297207508 0.09231395274400711 2743
1781297207511 0.0583830252289772 2744
1781297207513 0.05713174492120743 2745
1781297207516 0.07487396895885468 2746
1781297207518 0.09174492955207825 2747
1781297207521 0.15308831632137299 2748
1781297207523 0.1350637525320053 2749
1781297207526 0.08745436370372772 2750
1781297207528 0.33127719163894653 2751
1781297207531 0.08232556283473969 2752
1781297207533 0.12944342195987701 2753
1781297207535 0.09669846296310425 2754
1781297207538 0.07912629842758179 2755
1781297207540 0.17193247377872467 2756
1781297207543 0.07007710635662079 2757
1781297207545 0.03139232471585274 2758
1781297207548 0.07167761772871017 2759
1781297207551 0.09017936885356903 2760
1781297207553 0.09672640264034271 2761
1781297207556 0.14355093240737915 2762
1781297207558 0.1941368579864502 2763
1781297207560 0.03363857790827751 2764
1781297207563 0.05725554749369621 2765
1781297207566 0.13841021060943604 2766
1781297207568 0.19804762303829193 2767
1781297207571 0.1216323971748352 2768
1781297207573 0.25297048687934875 2769
1781297207576 0.14181962609291077 2770
1781297207578 0.07255714386701584 2771
1781297207580 0.14237825572490692 2772
1781297207582 0.13298353552818298 2773
1781297207585 0.15250445902347565 2774
1781297207587 0.10642808675765991 2775
1781297207589 0.040207501500844955 2776
1781297207592 0.1589241772890091 2777
1781297207594 0.1048244833946228 2778
1781297207597 0.025550734251737595 2779
1781297207599 0.1096232533454895 2780
1781297207601 0.2744201123714447 2781
1781297207603 0.13157030940055847 2782
1781297207606 0.08060002326965332 2783
1781297207608 0.14405176043510437 2784
1781297207611 0.051424477249383926 2785
1781297207613 0.19391140341758728 2786
1781297207615 0.11845236271619797 2787
1781297207618 0.10865738987922668 2788
1781297207621 0.060294684022665024 2789
1781297207624 0.10352165997028351 2790
1781297207626 0.1552083045244217 2791
1781297207628 0.03605956211686134 2792
1781297207631 0.11424487829208374 2793
1781297207633 0.251159131526947 2794
1781297207635 0.11626788228750229 2795
1781297207638 0.04931861162185669 2796
1781297207640 0.12410187721252441 2797
1781297207643 0.25542598962783813 2798
1781297207646 0.2054283320903778 2799
1781297207648 0.14113442599773407 2800
1781297207650 0.15933963656425476 2801
1781297207652 0.07711232453584671 2802
1781297207655 0.1364183872938156 2803
1781297207657 0.0812963917851448 2804
1781297207659 0.15628589689731598 2805
1781297207662 0.10699444264173508 2806
1781297207664 0.07479231804609299 2807
1781297207667 0.20214545726776123 2808
1781297207669 0.07205784320831299 2809
1781297207671 0.09331567585468292 2810
1781297207817 0.09682194143533707 2811
1781297207819 0.04091034084558487 2812
1781297207821 0.042178925126791 2813
1781297207824 0.15555225312709808 2814
1781297207826 0.1347423642873764 2815
1781297207828 0.12293735146522522 2816
1781297207830 0.04403093829751015 2817
1781297207833 0.12274307012557983 2818
1781297207835 0.1524868607521057 2819
1781297207837 0.10805007815361023 2820
1781297207839 0.10578803718090057 2821
1781297207841 0.11846410483121872 2822
1781297207843 0.04390070214867592 2823
1781297207846 0.041271042078733444 2824
1781297207848 0.1496371328830719 2825
1781297207850 0.09010406583547592 2826
1781297207853 0.14978131651878357 2827
1781297207855 0.13868817687034607 2828
1781297207857 0.23431110382080078 2829
1781297207859 0.018754569813609123 2830
1781297207861 0.1409657895565033 2831
1781297207863 0.0451858825981617 2832
1781297207866 0.08259411156177521 2833
1781297207868 0.13079456984996796 2834
1781297207870 0.1788562685251236 2835
1781297207872 0.16823866963386536 2836
1781297207874 0.19318075478076935 2837
1781297207877 0.08580128848552704 2838
1781297207879 0.1879667043685913 2839
1781297207882 0.03861868008971214 2840
1781297207884 0.1222413033246994 2841
1781297207886 0.09675123542547226 2842
1781297207888 0.10674892365932465 2843
1781297207891 0.29465189576148987 2844
1781297207893 0.17930711805820465 2845
1781297207896 0.09530684351921082 2846
1781297207899 0.044928178191185 2847
1781297207901 0.17466169595718384 2848
1781297207904 0.05018771067261696 2849
1781297207906 0.033696506172418594 2850
1781297207908 0.1026512011885643 2851
1781297207910 0.09171593189239502 2852
1781297207913 0.10040545463562012 2853
1781297207915 0.08451464772224426 2854
1781297207917 0.06974383443593979 2855
1781297207919 0.06403500586748123 2856
1781297207922 0.015027089044451714 2857
1781297207924 0.1027723178267479 2858
1781297207926 0.1691831797361374 2859
1781297207930 0.11445637047290802 2860
1781297207933 0.11711958795785904 2861
1781297207935 0.11959909647703171 2862
1781297207938 0.09179741144180298 2863
1781297207941 0.1914576292037964 2864
1781297207943 0.1397923231124878 2865
1781297207946 0.1481827050447464 2866
1781297207948 0.07099910825490952 2867
1781297207950 0.13311393558979034 2868
1781297207953 0.11513115465641022 2869
1781297207955 0.09152700006961823 2870
1781297207958 0.07089172303676605 2871
1781297207960 0.1171683669090271 2872
1781297207962 0.04616396501660347 2873
1781297207965 0.13191726803779602 2874
1781297207967 0.1796344518661499 2875
1781297207969 0.11954794824123383 2876
1781297207971 0.06253333389759064 2877
1781297207974 0.2727460265159607 2878
1781297207976 0.07897523045539856 2879
1781297207978 0.21113966405391693 2880
1781297207980 0.1179201528429985 2881
1781297207983 0.07736038416624069 2882
1781297207985 0.17887520790100098 2883
1781297207987 0.06194819509983063 2884
1781297207990 0.1277245432138443 2885
1781297207992 0.030378248542547226 2886
1781297207995 0.06255056709051132 2887
1781297207997 0.06477975845336914 2888
1781297207999 0.07648026943206787 2889
1781297208001 0.11277929693460464 2890
1781297208004 0.11407903581857681 2891
1781297208006 0.11683224141597748 2892
1781297208009 0.10410959273576736 2893
1781297208011 0.2796212434768677 2894
1781297208013 0.2703271508216858 2895
1781297208015 0.09769755601882935 2896
1781297208017 0.1481485664844513 2897
1781297208019 0.07918203622102737 2898
1781297208022 0.19075901806354523 2899
1781297208024 0.12254117429256439 2900
1781297208026 0.11610458791255951 2901
1781297208029 0.12950481474399567 2902
1781297208031 0.0506230965256691 2903
1781297208033 0.12939749658107758 2904
1781297208037 0.07759131491184235 2905
1781297208047 0.2886156737804413 2906
1781297208051 0.10775543749332428 2907
1781297208056 0.039055272936820984 2908
1781297208065 0.09085918962955475 2909
1781297208069 0.20243506133556366 2910
1781297208072 0.09833075851202011 2911
1781297208076 0.1393536776304245 2912
1781297208079 0.14071819186210632 2913
1781297208081 0.027933964505791664 2914
1781297208083 0.1038784384727478 2915
1781297208086 0.13637016713619232 2916
1781297208088 0.10908249020576477 2917
1781297208091 0.11150224506855011 2918
1781297208093 0.13599169254302979 2919
1781297208096 0.10903440415859222 2920
1781297208098 0.04706206172704697 2921
1781297208100 0.07248950749635696 2922
1781297208103 0.1792910397052765 2923
1781297208105 0.16251982748508453 2924
1781297208107 0.08369389176368713 2925
1781297208110 0.13100536167621613 2926
1781297208112 0.06196187064051628 2927
1781297208114 0.048423416912555695 2928
1781297208117 0.155600443482399 2929
1781297208119 0.028437959030270576 2930
1781297208121 0.06782016158103943 2931
1781297208124 0.14497099816799164 2932
1781297208126 0.09024235606193542 2933
1781297208128 0.11904026567935944 2934
1781297208130 0.19740523397922516 2935
1781297208133 0.09795784950256348 2936
1781297208135 0.09639980643987656 2937
1781297208139 0.1763184815645218 2938
1781297208141 0.15603695809841156 2939
1781297208144 0.09716521203517914 2940
1781297208147 0.11728768050670624 2941
1781297208150 0.09150797873735428 2942
1781297208152 0.11798515915870667 2943
1781297208155 0.1093621701002121 2944
1781297208158 0.060694463551044464 2945
1781297208160 0.07720090448856354 2946
1781297208162 0.14091889560222626 2947
1781297208165 0.048088155686855316 2948
1781297208167 0.24489760398864746 2949
1781297208169 0.08841222524642944 2950
1781297208172 0.16554056107997894 2951
1781297208174 0.13000144064426422 2952
1781297208176 0.06283213943243027 2953
1781297208179 0.025989338755607605 2954
1781297208181 0.06842441111803055 2955
1781297208184 0.09253724664449692 2956
1781297208186 0.07367704808712006 2957
1781297208188 0.08838514983654022 2958
1781297208190 0.19721773266792297 2959
1781297208193 0.04278232529759407 2960
1781297208195 0.08456997573375702 2961
1781297208197 0.047255922108888626 2962
1781297208200 0.11708267033100128 2963
1781297208202 0.045342739671468735 2964
1781297208204 0.18117491900920868 2965
1781297208207 0.09034597873687744 2966
1781297208209 0.10194402188062668 2967
1781297208212 0.10967808961868286 2968
1781297208214 0.07510101050138474 2969
1781297208216 0.0767204612493515 2970
1781297208219 0.046694066375494 2971
1781297208221 0.06806943565607071 2972
1781297208223 0.10865692049264908 2973
1781297208227 0.1000889390707016 2974
1781297208229 0.15563037991523743 2975
1781297208231 0.16829001903533936 2976
1781297208234 0.12321943044662476 2977
1781297208236 0.3070993721485138 2978
1781297208238 0.189284548163414 2979
1781297208241 0.11386033147573471 2980
1781297208243 0.04008643329143524 2981
1781297208245 0.14079171419143677 2982
1781297208248 0.041579876095056534 2983
1781297208250 0.23457415401935577 2984
1781297208252 0.03309335932135582 2985
1781297208255 0.0809512734413147 2986
1781297208257 0.08322926610708237 2987
1781297208260 0.06919548660516739 2988
1781297208262 0.1610795110464096 2989
1781297208264 0.21130138635635376 2990
1781297208266 0.058844562619924545 2991
1781297208269 0.06778676062822342 2992
1781297208272 0.32966136932373047 2993
1781297208275 0.07300024479627609 2994
1781297208277 0.09406709671020508 2995
1781297208279 0.16013455390930176 2996
1781297208281 0.16888655722141266 2997
1781297208284 0.11518171429634094 2998
1781297208286 0.22630903124809265 2999
1781297208288 0.06465648859739304 3000
1781297208291 0.1076795905828476 3001
1781297208293 0.034474991261959076 3002
1781297208296 0.09318993240594864 3003
1781297208298 0.04569942504167557 3004
1781297208301 0.11664712429046631 3005
1781297208304 0.09708598256111145 3006
1781297208307 0.1877451390028 3007
1781297208309 0.23223096132278442 3008
1781297208311 0.06761488318443298 3009
1781297208314 0.038619812577962875 3010
1781297208316 0.031963493674993515 3011
1781297208318 0.059543807059526443 3012
1781297208321 0.16318652033805847 3013
1781297208323 0.15962691605091095 3014
1781297208326 0.09630347043275833 3015
1781297208329 0.03387241065502167 3016
1781297208331 0.07944413274526596 3017
1781297208334 0.13396485149860382 3018
1781297208336 0.19129793345928192 3019
1781297208339 0.09782687574625015 3020
1781297208341 0.11480189114809036 3021
1781297208344 0.08108355104923248 3022
1781297208346 0.09608730673789978 3023
1781297208348 0.05558067560195923 3024
1781297208352 0.034350790083408356 3025
1781297208354 0.13987286388874054 3026
1781297208356 0.06220552325248718 3027
1781297208359 0.13969199359416962 3028
1781297208361 0.1226433739066124 3029
1781297208363 0.032369740307331085 3030
1781297208366 0.08663428574800491 3031
1781297208368 0.07690374553203583 3032
1781297208370 0.1064683049917221 3033
1781297208374 0.059226054698228836 3034
1781297208376 0.10610121488571167 3035
1781297208378 0.17939750850200653 3036
1781297208381 0.19133920967578888 3037
1781297208383 0.16787953674793243 3038
1781297208385 0.18769291043281555 3039
1781297208387 0.0321025587618351 3040
1781297208390 0.26253247261047363 3041
1781297208392 0.14448674023151398 3042
1781297208395 0.16154037415981293 3043
1781297208397 0.12283574789762497 3044
1781297208399 0.120264932513237 3045
1781297208402 0.20948095619678497 3046
1781297208404 0.14736807346343994 3047
1781297208406 0.10987759381532669 3048
1781297208409 0.07586999982595444 3049
1781297208412 0.10964584350585938 3050
1781297208414 0.15685413777828217 3051
1781297208416 0.07233218848705292 3052
1781297208419 0.21392467617988586 3053
1781297208422 0.15126846730709076 3054
1781297208424 0.21348005533218384 3055
1781297208427 0.03318215534090996 3056
1781297208429 0.19247879087924957 3057
1781297208432 0.16773410141468048 3058
1781297208434 0.033221062272787094 3059
1781297208437 0.13842637836933136 3060
1781297208441 0.10888799279928207 3061
1781297208444 0.043656084686517715 3062
1781297208446 0.016301065683364868 3063
1781297208449 0.05102831870317459 3064
1781297208451 0.04021744802594185 3065
1781297208454 0.14344078302383423 3066
1781297208456 0.03922755643725395 3067
1781297208458 0.15404348075389862 3068
1781297208461 0.0654524639248848 3069
1781297208463 0.15841570496559143 3070
1781297208465 0.02999000996351242 3071
1781297208468 0.06789343804121017 3072
1781297208470 0.056857019662857056 3073
1781297208473 0.11511792987585068 3074
1781297208476 0.04240020737051964 3075
1781297208478 0.087140753865242 3076
1781297208481 0.031474608927965164 3077
1781297208484 0.037067536264657974 3078
1781297208486 0.08756642788648605 3079
1781297208488 0.15614831447601318 3080
1781297208491 0.03951539844274521 3081
1781297208493 0.07934001833200455 3082
1781297208495 0.09179815649986267 3083
1781297208498 0.10535788536071777 3084
1781297208500 0.09633717685937881 3085
1781297208503 0.0404893159866333 3086
1781297208506 0.1638832688331604 3087
1781297208508 0.09739311039447784 3088
1781297208510 0.04557672142982483 3089
1781297208513 0.18942704796791077 3090
1781297208515 0.14560744166374207 3091
1781297208517 0.03811178356409073 3092
1781297208519 0.24594685435295105 3093
1781297208522 0.04544426128268242 3094
1781297208524 0.02117869257926941 3095
1781297208527 0.11978328973054886 3096
1781297208529 0.23424318432807922 3097
1781297208531 0.0654243528842926 3098
1781297208535 0.12659025192260742 3099
1781297208537 0.12286058068275452 3100
1781297208540 0.11284265667200089 3101
1781297208543 0.2893720865249634 3102
1781297208545 0.07390622049570084 3103
1781297208549 0.03278067708015442 3104
1781297208551 0.03547590970993042 3105
1781297208554 0.05632832273840904 3106
1781297208556 0.1705292910337448 3107
1781297208559 0.05587810277938843 3108
1781297208561 0.04168522357940674 3109
1781297208563 0.20621587336063385 3110
1781297208566 0.06791097670793533 3111
1781297208568 0.15516895055770874 3112
1781297208572 0.11559668183326721 3113
1781297208574 0.08249476552009583 3114
1781297208576 0.10205338895320892 3115
1781297208579 0.1025710329413414 3116
1781297208582 0.1614631861448288 3117
1781297208585 0.0821770429611206 3118
1781297208587 0.02523970790207386 3119
1781297208590 0.2536269724369049 3120
1781297208592 0.42944657802581787 3121
1781297208595 0.0387110635638237 3122
1781297208597 0.034873440861701965 3123
1781297208600 0.11898746341466904 3124
1781297208602 0.027211684733629227 3125
1781297208604 0.09307587146759033 3126
1781297208606 0.08434321731328964 3127
1781297208609 0.16779384016990662 3128
1781297208612 0.07598958909511566 3129
1781297208614 0.0786176323890686 3130
1781297208616 0.14549611508846283 3131
1781297208619 0.17139369249343872 3132
1781297208621 0.06139698997139931 3133
1781297208624 0.05046848952770233 3134
1781297208626 0.11355290561914444 3135
1781297208629 0.2236773520708084 3136
1781297208631 0.12148190289735794 3137
1781297208633 0.21502931416034698 3138
1781297208635 0.11905709654092789 3139
1781297208638 0.08116751164197922 3140
1781297208640 0.11367397755384445 3141
1781297208642 0.028025595471262932 3142
1781297208645 0.10302815586328506 3143
1781297208647 0.04920731484889984 3144
1781297208650 0.1116158589720726 3145
1781297208652 0.13992707431316376 3146
1781297208655 0.11591780930757523 3147
1781297208657 0.08120552450418472 3148
1781297208660 0.04250302165746689 3149
1781297208662 0.1035894900560379 3150
1781297208664 0.09120751917362213 3151
1781297208667 0.14793166518211365 3152
1781297208669 0.07039061188697815 3153
1781297208671 0.18400923907756805 3154
1781297208674 0.030614187940955162 3155
1781297208676 0.030786855146288872 3156
1781297208678 0.21568772196769714 3157
1781297208680 0.28160059452056885 3158
1781297208683 0.09446735680103302 3159
1781297208685 0.14143343269824982 3160
1781297208687 0.03965311497449875 3161
1781297208689 0.08634831756353378 3162
1781297208692 0.1371045708656311 3163
1781297208694 0.17597423493862152 3164
1781297208696 0.15535517036914825 3165
1781297208699 0.06344082206487656 3166
1781297208701 0.028000859543681145 3167
1781297208703 0.12721478939056396 3168
1781297208706 0.09871143102645874 3169
1781297208708 0.07739005982875824 3170
1781297208710 0.11157771944999695 3171
1781297208713 0.10592447221279144 3172
1781297208716 0.06441529095172882 3173
1781297208718 0.12890218198299408 3174
1781297208720 0.1601327359676361 3175
1781297208722 0.10773477703332901 3176
1781297208725 0.08080467581748962 3177
1781297208727 0.05147600173950195 3178
1781297208729 0.15936094522476196 3179
1781297208732 0.04354329779744148 3180
1781297208734 0.14888788759708405 3181
1781297208737 0.11181104928255081 3182
1781297208739 0.28774958848953247 3183
1781297208742 0.1683155745267868 3184
1781297208744 0.0726243257522583 3185
1781297208746 0.05446961149573326 3186
1781297208748 0.17603954672813416 3187
1781297208751 0.17736530303955078 3188
1781297208753 0.17147091031074524 3189
1781297208755 0.2332298457622528 3190
1781297208758 0.11212093383073807 3191
1781297208760 0.12313008308410645 3192
1781297208762 0.10670505464076996 3193
1781297208765 0.12246733903884888 3194
1781297208767 0.18365436792373657 3195
1781297208769 0.19125980138778687 3196
1781297208772 0.11833707243204117 3197
1781297208775 0.10165798664093018 3198
1781297208777 0.07223401963710785 3199
1781297208779 0.11560409516096115 3200
1781297208782 0.12854604423046112 3201
1781297208784 0.07101530581712723 3202
1781297208787 0.07955962419509888 3203
1781297208789 0.1255071610212326 3204
1781297208792 0.09299831092357635 3205
1781297208794 0.1289757788181305 3206
1781297208796 0.056228578090667725 3207
1781297208799 0.05331461504101753 3208
1781297208801 0.06731640547513962 3209
1781297208803 0.12193825095891953 3210
1781297208806 0.10321950167417526 3211
1781297208808 0.07408332079648972 3212
1781297208810 0.15727120637893677 3213
1781297208813 0.026647526770830154 3214
1781297208815 0.38080349564552307 3215
1781297208818 0.13395878672599792 3216
1781297208820 0.04089164733886719 3217
1781297208824 0.10909352451562881 3218
1781297208827 0.08673539757728577 3219
1781297208829 0.16146674752235413 3220
1781297208832 0.19767160713672638 3221
1781297208834 0.1419982612133026 3222
1781297208836 0.10371218621730804 3223
1781297208839 0.1367972046136856 3224
1781297208841 0.09026241302490234 3225
1781297208844 0.06359289586544037 3226
1781297208846 0.10127022862434387 3227
1781297208849 0.10122531652450562 3228
1781297208851 0.18315552175045013 3229
1781297208853 0.1320827752351761 3230
1781297208855 0.10134705901145935 3231
1781297208858 0.04475780948996544 3232
1781297208860 0.047221869230270386 3233
1781297208863 0.09764162451028824 3234
1781297208865 0.16503120958805084 3235
1781297208867 0.03740154951810837 3236
1781297208870 0.03584016114473343 3237
1781297208872 0.03619170933961868 3238
1781297208875 0.1355554312467575 3239
1781297208877 0.21124835312366486 3240
1781297208879 0.10649953782558441 3241
1781297208882 0.1153046190738678 3242
1781297208884 0.1433597207069397 3243
1781297208886 0.17203669250011444 3244
1781297208888 0.06577539443969727 3245
1781297208891 0.07473087310791016 3246
1781297208893 0.23109102249145508 3247
1781297208896 0.17486245930194855 3248
1781297208898 0.20031268894672394 3249
1781297208900 0.05434398353099823 3250
1781297208902 0.09336990118026733 3251
1781297208905 0.10655366629362106 3252
1781297208907 0.041188839823007584 3253
1781297208909 0.08076263964176178 3254
1781297208912 0.03214879706501961 3255
1781297208914 0.11067184805870056 3256
1781297208916 0.08874007314443588 3257
1781297208919 0.14462149143218994 3258
1781297208921 0.03125625476241112 3259
1781297208924 0.07959014177322388 3260
1781297208926 0.034172944724559784 3261
1781297208928 0.021737119182944298 3262
1781297208930 0.09844864904880524 3263
1781297208933 0.07278088480234146 3264
1781297208935 0.22188499569892883 3265
1781297208937 0.09728780388832092 3266
1781297208940 0.10395307838916779 3267
1781297208942 0.027264410629868507 3268
1781297208945 0.05667543038725853 3269
1781297208947 0.05594559386372566 3270
1781297208950 0.14522747695446014 3271
1781297208952 0.20613496005535126 3272
1781297208954 0.08582434803247452 3273
1781297208957 0.15591396391391754 3274
1781297208959 0.08090902864933014 3275
1781297208962 0.08607256412506104 3276
1781297208964 0.09396208077669144 3277
1781297208966 0.10784844309091568 3278
1781297208969 0.08290985226631165 3279
1781297208971 0.14798453450202942 3280
1781297208973 0.11695631593465805 3281
1781297208975 0.028251580893993378 3282
1781297208978 0.07439474016427994 3283
1781297208980 0.12090346962213516 3284
1781297208983 0.09368979185819626 3285
1781297208985 0.01645931974053383 3286
1781297208987 0.055970966815948486 3287
1781297208990 0.29229217767715454 3288
1781297208993 0.09480764716863632 3289
1781297208995 0.019102370366454124 3290
1781297208997 0.11307051032781601 3291
1781297209000 0.026921145617961884 3292
1781297209002 0.12796300649642944 3293
1781297209005 0.17970627546310425 3294
1781297209007 0.05998020991683006 3295
1781297209010 0.034994371235370636 3296
1781297209012 0.20410294830799103 3297
1781297209015 0.038691479712724686 3298
1781297209017 0.14047013223171234 3299
1781297209019 0.1637594997882843 3300
1781297209022 0.275920033454895 3301
1781297209024 0.04374205693602562 3302
1781297209027 0.09467604011297226 3303
1781297209029 0.06049620732665062 3304
1781297209032 0.10633297264575958 3305
1781297209034 0.18831861019134521 3306
1781297209036 0.13129647076129913 3307
1781297209039 0.06449595838785172 3308
1781297209041 0.04943758249282837 3309
1781297209043 0.20734381675720215 3310
1781297209046 0.05441084876656532 3311
1781297209048 0.06981564313173294 3312
1781297209050 0.05805356800556183 3313
1781297209053 0.11833727359771729 3314
1781297209055 0.09404261410236359 3315
1781297209058 0.07292113453149796 3316
1781297209060 0.10191959887742996 3317
1781297209063 0.0664023905992508 3318
1781297209065 0.056671544909477234 3319
1781297209067 0.18226566910743713 3320
1781297209070 0.08097004145383835 3321
1781297209073 0.03416570648550987 3322
1781297209075 0.09208264201879501 3323
1781297209077 0.19608351588249207 3324
1781297209080 0.10792090743780136 3325
1781297209082 0.041556864976882935 3326
1781297209085 0.10302670300006866 3327
1781297209087 0.07973992824554443 3328
1781297209089 0.2286262810230255 3329
1781297209092 0.1158752590417862 3330
1781297209094 0.16214437782764435 3331
1781297209096 0.10991284251213074 3332
1781297209100 0.10895267128944397 3333
1781297209102 0.11823613196611404 3334
1781297209105 0.07559782266616821 3335
1781297209107 0.04354093223810196 3336
1781297209109 0.15434779226779938 3337
1781297209112 0.1316620260477066 3338
1781297209114 0.053799595683813095 3339
1781297209116 0.17530807852745056 3340
1781297209119 0.053013578057289124 3341
1781297209121 0.13561618328094482 3342
1781297209124 0.02362215891480446 3343
1781297209126 0.11329890787601471 3344
1781297209129 0.09871667623519897 3345
1781297209131 0.0724886879324913 3346
1781297209134 0.11450060456991196 3347
1781297209136 0.040951237082481384 3348
1781297209138 0.07766667008399963 3349
1781297209141 0.034799300134181976 3350
1781297209143 0.1105690598487854 3351
1781297209145 0.22910581529140472 3352
1781297209147 0.03404853492975235 3353
1781297209150 0.11922310292720795 3354
1781297209152 0.04233284294605255 3355
1781297209155 0.11381876468658447 3356
1781297209157 0.06360278278589249 3357
1781297209159 0.2225065678358078 3358
1781297209162 0.1854928731918335 3359
1781297209164 0.07249610871076584 3360
1781297209167 0.05999162048101425 3361
1781297209169 0.06026645004749298 3362
1781297209171 0.03217415139079094 3363
1781297209174 0.2667200267314911 3364
1781297209176 0.05642597749829292 3365
1781297209178 0.11537820845842361 3366
1781297209181 0.09042428433895111 3367
1781297209183 0.04762544482946396 3368
1781297209186 0.05332847312092781 3369
1781297209188 0.14314310252666473 3370
1781297209190 0.05309870466589928 3371
1781297209193 0.09714038670063019 3372
1781297209196 0.18199434876441956 3373
1781297209198 0.1586611419916153 3374
1781297209200 0.08669032156467438 3375
1781297209202 0.05929511412978172 3376
1781297209205 0.07546825706958771 3377
1781297209207 0.11909577995538712 3378
1781297209210 0.1299578845500946 3379
1781297209212 0.1675383597612381 3380
1781297209214 0.06910599023103714 3381
1781297209217 0.18009357154369354 3382
1781297209219 0.08342062681913376 3383
1781297209221 0.18848150968551636 3384
1781297209224 0.2514093816280365 3385
1781297209227 0.25664544105529785 3386
1781297209229 0.05400620028376579 3387
1781297209231 0.09742866456508636 3388
1781297209234 0.17376431822776794 3389
1781297209236 0.1984967291355133 3390
1781297209238 0.1721402406692505 3391
1781297209241 0.10594772547483444 3392
1781297209243 0.08209177851676941 3393
1781297209246 0.06818527728319168 3394
1781297209248 0.10393619537353516 3395
1781297209250 0.34405967593193054 3396
1781297209253 0.2042362540960312 3397
1781297209255 0.06756605952978134 3398
1781297209258 0.05127410218119621 3399
1781297209260 0.232247456908226 3400
1781297209263 0.05641021206974983 3401
1781297209265 0.0985681489109993 3402
1781297209267 0.17580603063106537 3403
1781297209270 0.19278362393379211 3404
1781297209272 0.0943225622177124 3405
1781297209274 0.20583578944206238 3406
1781297209277 0.17759136855602264 3407
1781297209279 0.05041128769516945 3408
1781297209281 0.03463997691869736 3409
1781297209284 0.04769004136323929 3410
1781297209286 0.1235496923327446 3411
1781297209288 0.2019079476594925 3412
1781297209290 0.13888311386108398 3413
1781297209293 0.04280628263950348 3414
1781297209295 0.09518389403820038 3415
1781297209298 0.06713561713695526 3416
1781297209300 0.09771431982517242 3417
1781297209302 0.0879826545715332 3418
1781297209305 0.09247896820306778 3419
1781297209307 0.07044777274131775 3420
1781297209310 0.13908691704273224 3421
1781297209312 0.06558781862258911 3422
1781297209315 0.1020672544836998 3423
1781297209317 0.047722090035676956 3424
1781297209319 0.08287976682186127 3425
1781297209322 0.04979759082198143 3426
1781297209324 0.08888401091098785 3427
1781297209327 0.1416121870279312 3428
1781297209329 0.04293246194720268 3429
1781297209331 0.3081231117248535 3430
1781297209333 0.1538992077112198 3431
1781297209336 0.07856966555118561 3432
1781297209338 0.08679777383804321 3433
1781297209340 0.054383646696805954 3434
1781297209344 0.09066726267337799 3435
1781297209346 0.10937750339508057 3436
1781297209349 0.040497563779354095 3437
1781297209351 0.03712084889411926 3438
1781297209353 0.16631869971752167 3439
1781297209356 0.18194445967674255 3440
1781297209358 0.035562317818403244 3441
1781297209360 0.10579156130552292 3442
1781297209363 0.034103378653526306 3443
1781297209365 0.08277203887701035 3444
1781297209367 0.1677936315536499 3445
1781297209370 0.12985235452651978 3446
1781297209372 0.08991804718971252 3447
1781297209374 0.13905403017997742 3448
1781297209377 0.2693645656108856 3449
1781297209379 0.0947372242808342 3450
1781297209381 0.09653090685606003 3451
1781297209384 0.03817255422472954 3452
1781297209386 0.20653298497200012 3453
1781297209389 0.07447025924921036 3454
1781297209391 0.13257171213626862 3455
1781297209393 0.08995454758405685 3456
1781297209396 0.01189349964261055 3457
1781297209398 0.06083353981375694 3458
1781297209400 0.07190915197134018 3459
1781297209404 0.10524166375398636 3460
1781297209406 0.04617152363061905 3461
1781297209409 0.10843019932508469 3462
1781297209411 0.052351899445056915 3463
1781297209414 0.04851141199469566 3464
1781297209418 0.03678440675139427 3465
1781297209420 0.04086707532405853 3466
1781297209422 0.10146679729223251 3467
1781297209426 0.09683357924222946 3468
1781297209429 0.12354984134435654 3469
1781297209431 0.12280777841806412 3470
1781297209433 0.05473071709275246 3471
1781297209436 0.04179321601986885 3472
1781297209438 0.10024860501289368 3473
1781297209441 0.04591767117381096 3474
1781297209444 0.015876058489084244 3475
1781297209446 0.21186207234859467 3476
1781297209448 0.14450940489768982 3477
1781297209451 0.2702208161354065 3478
1781297209453 0.12893450260162354 3479
1781297209456 0.1057010218501091 3480
1781297209458 0.08122095465660095 3481
1781297209461 0.07093195617198944 3482
1781297209463 0.05564987659454346 3483
1781297209465 0.1597159206867218 3484
1781297209468 0.07998669892549515 3485
1781297209470 0.208845853805542 3486
1781297209473 0.05735379830002785 3487
1781297209475 0.04332615062594414 3488
1781297209477 0.05022171512246132 3489
1781297209480 0.04074542969465256 3490
1781297209482 0.1358758956193924 3491
1781297209484 0.16756904125213623 3492
1781297209487 0.02644980698823929 3493
1781297209489 0.24299868941307068 3494
1781297209491 0.06141781061887741 3495
1781297209494 0.12076181173324585 3496
1781297209497 0.14628355205059052 3497
1781297209500 0.026559891179203987 3498
1781297209502 0.08908092230558395 3499
1781297209504 0.05263158679008484 3500
1781297209507 0.03751537948846817 3501
1781297209509 0.12855561077594757 3502
1781297209511 0.33188870549201965 3503
1781297209514 0.08572249114513397 3504
1781297209516 0.22753219306468964 3505
1781297209518 0.2265848070383072 3506
1781297209521 0.20495115220546722 3507
1781297209523 0.12895821034908295 3508
1781297209528 0.23484347760677338 3509
1781297209530 0.02281801402568817 3510
1781297209533 0.08521487563848495 3511
1781297209536 0.08430826663970947 3512
1781297209539 0.06571763753890991 3513
1781297209541 0.07876114547252655 3514
1781297209544 0.1121981292963028 3515
1781297209547 0.08326580375432968 3516
1781297209550 0.08307498693466187 3517
1781297209554 0.0997830182313919 3518
1781297209558 0.3193700611591339 3519
1781297209560 0.05545588582754135 3520
1781297209563 0.23485825955867767 3521
1781297209566 0.06230299174785614 3522
1781297209568 0.06846192479133606 3523
1781297209571 0.10925912111997604 3524
1781297209573 0.1399502158164978 3525
1781297209576 0.13429206609725952 3526
1781297209579 0.07560309767723083 3527
1781297209581 0.057433657348155975 3528
1781297209584 0.08868679404258728 3529
1781297209587 0.28840065002441406 3530
1781297209589 0.1186290755867958 3531
1781297209593 0.06248442456126213 3532
1781297209596 0.20810142159461975 3533
1781297209598 0.0430619940161705 3534
1781297209600 0.15919090807437897 3535
1781297209603 0.18488158285617828 3536
1781297209605 0.07378654927015305 3537
1781297209608 0.37217071652412415 3538
1781297209610 0.14347678422927856 3539
1781297209612 0.07536094635725021 3540
1781297209615 0.03532982990145683 3541
1781297209617 0.02632370963692665 3542
1781297209619 0.10586924850940704 3543
1781297209622 0.07174211740493774 3544
1781297209625 0.05428687855601311 3545
1781297209627 0.03892972692847252 3546
1781297209630 0.14254885911941528 3547
1781297209632 0.05006184056401253 3548
1781297209635 0.06247880309820175 3549
1781297209638 0.013068266212940216 3550
1781297209640 0.04551733657717705 3551
1781297209643 0.11861217767000198 3552
1781297209645 0.15979984402656555 3553
1781297209648 0.18881967663764954 3554
1781297209651 0.11379344016313553 3555
1781297209654 0.046890560537576675 3556
1781297209656 0.07112954556941986 3557
1781297209658 0.0770740807056427 3558
1781297209661 0.027245061472058296 3559
1781297209663 0.04336140677332878 3560
1781297209666 0.02437339909374714 3561
1781297209669 0.029881305992603302 3562
1781297209671 0.18761642277240753 3563
1781297209673 0.08817579597234726 3564
1781297209676 0.08810359984636307 3565
1781297209679 0.02785082906484604 3566
1781297209682 0.12641851603984833 3567
1781297209684 0.12962211668491364 3568
1781297209687 0.13228647410869598 3569
1781297209689 0.04189961403608322 3570
1781297209692 0.19441145658493042 3571
1781297209694 0.11778055876493454 3572
1781297209696 0.12281843274831772 3573
1781297209699 0.08425283432006836 3574
1781297209701 0.07043026387691498 3575
1781297209704 0.239136204123497 3576
1781297209707 0.3872646987438202 3577
1781297209709 0.23848620057106018 3578
1781297209712 0.13635782897472382 3579
1781297209714 0.030309997498989105 3580
1781297209717 0.13315823674201965 3581
1781297209719 0.093095563352108 3582
1781297209722 0.058600328862667084 3583
1781297209724 0.1902891844511032 3584
1781297209728 0.1717563271522522 3585
1781297209730 0.06833997368812561 3586
1781297209732 0.09977801889181137 3587
1781297209735 0.1023024320602417 3588
1781297209737 0.14343370497226715 3589
1781297209740 0.10323990881443024 3590
1781297209742 0.21471787989139557 3591
1781297209745 0.34988072514533997 3592
1781297209747 0.05873853713274002 3593
1781297209750 0.05906016007065773 3594
1781297209753 0.20706935226917267 3595
1781297209755 0.22564762830734253 3596
1781297209758 0.3138487935066223 3597
1781297209760 0.09254518896341324 3598
1781297209762 0.0254385806620121 3599
1781297209765 0.17715252935886383 3600
1781297209767 0.04863901808857918 3601
1781297209769 0.07842382788658142 3602
1781297209772 0.03534533083438873 3603
1781297209774 0.14601683616638184 3604
1781297209776 0.2167663425207138 3605
1781297209779 0.04378170892596245 3606
1781297209781 0.12574559450149536 3607
1781297209783 0.08140885829925537 3608
1781297209794 0.07285013049840927 3609
1781297209797 0.04436291754245758 3610
1781297209799 0.11122578382492065 3611
1781297209802 0.0524427704513073 3612
1781297209804 0.07176773995161057 3613
1781297209807 0.10771408677101135 3614
1781297209810 0.0671008750796318 3615
1781297209813 0.0151418037712574 3616
1781297209816 0.17308372259140015 3617
1781297209818 0.25382718443870544 3618
1781297209822 0.06639929115772247 3619
1781297209825 0.08269345015287399 3620
1781297209827 0.11060753464698792 3621
1781297209830 0.12613677978515625 3622
1781297209835 0.06784875690937042 3623
1781297209837 0.12807288765907288 3624
1781297209841 0.08869937807321548 3625
1781297209844 0.12241661548614502 3626
1781297209846 0.07956518232822418 3627
1781297209849 0.028832165524363518 3628
1781297209851 0.034596897661685944 3629
1781297209854 0.0911303460597992 3630
1781297209856 0.09159451723098755 3631
1781297209860 0.0427660197019577 3632
1781297209862 0.04624645411968231 3633
1781297209865 0.16307517886161804 3634
1781297209867 0.034403689205646515 3635
1781297209869 0.23107078671455383 3636
1781297209872 0.15355107188224792 3637
1781297209874 0.22698348760604858 3638
1781297209876 0.05007203295826912 3639
1781297209879 0.08001304417848587 3640
1781297209881 0.16071441769599915 3641
1781297209883 0.20017890632152557 3642
1781297209887 0.05959852784872055 3643
1781297209889 0.05109916254878044 3644
1781297209893 0.10836876183748245 3645
1781297209895 0.1245797723531723 3646
1781297209898 0.10029485076665878 3647
1781297209900 0.0761994943022728 3648
1781297209902 0.11495447158813477 3649
1781297209905 0.15679824352264404 3650
1781297209907 0.19621899724006653 3651
1781297209910 0.17915847897529602 3652
1781297209912 0.038065191358327866 3653
1781297209914 0.1259671151638031 3654
1781297209916 0.09646566957235336 3655
1781297209919 0.028062298893928528 3656
1781297209921 0.2518622875213623 3657
1781297209924 0.10778636485338211 3658
1781297209926 0.07203863561153412 3659
1781297209929 0.031184835359454155 3660
1781297209931 0.1601698249578476 3661
1781297209935 0.05512598901987076 3662
1781297209937 0.08665140718221664 3663
1781297209941 0.09637629985809326 3664
1781297209944 0.09250452369451523 3665
1781297209947 0.10716214776039124 3666
1781297209950 0.09964797645807266 3667
1781297209953 0.0885104164481163 3668
1781297209956 0.11567941308021545 3669
1781297209960 0.17139889299869537 3670
1781297209963 0.325793594121933 3671
1781297209967 0.26171839237213135 3672
1781297209971 0.07892736792564392 3673
1781297209973 0.04745066165924072 3674
1781297209977 0.06524181365966797 3675
1781297209980 0.1196182444691658 3676
1781297209985 0.08511658012866974 3677
1781297209988 0.05990803986787796 3678
1781297209991 0.03212689608335495 3679
1781297209995 0.06280677020549774 3680
1781297210003 0.031755294650793076 3681
1781297210010 0.06862691044807434 3682
1781297210016 0.07361523807048798 3683
1781297210019 0.327859103679657 3684
1781297210022 0.06911077350378036 3685
1781297210025 0.30132341384887695 3686
1781297210031 0.03289732709527016 3687
1781297210033 0.04911698028445244 3688
1781297210036 0.07419989258050919 3689
1781297210038 0.09030787646770477 3690
1781297210041 0.17330946028232574 3691
1781297210043 0.046940844506025314 3692
1781297210046 0.05909494310617447 3693
1781297210048 0.15137195587158203 3694
1781297210051 0.07089095562696457 3695
1781297210053 0.06600899249315262 3696
1781297210058 0.10321812331676483 3697
1781297210060 0.12499192357063293 3698
1781297210062 0.3795493245124817 3699
1781297210065 0.04408169165253639 3700
1781297210067 0.06394471228122711 3701
1781297210069 0.17596553266048431 3702
1781297210072 0.04587208479642868 3703
1781297210074 0.1805955022573471 3704
1781297210078 0.13853873312473297 3705
1781297210080 0.16382353007793427 3706
1781297210083 0.03956142067909241 3707
1781297210085 0.06667095422744751 3708
1781297210088 0.14557024836540222 3709
1781297210090 0.0741000771522522 3710
1781297210093 0.024123985320329666 3711
1781297210095 0.21089261770248413 3712
1781297210098 0.10919316858053207 3713
1781297210100 0.09387687593698502 3714
1781297210103 0.08064014464616776 3715
1781297210105 0.12467320263385773 3716
1781297210107 0.16794827580451965 3717
1781297210110 0.0679050162434578 3718
1781297210112 0.11609361320734024 3719
1781297210115 0.04599964991211891 3720
1781297210118 0.16984401643276215 3721
1781297210120 0.13176585733890533 3722
1781297210123 0.1657457947731018 3723
1781297210126 0.09121175110340118 3724
1781297210129 0.03751383721828461 3725
1781297210131 0.11785673350095749 3726
1781297210134 0.04952893778681755 3727
1781297210137 0.05940137803554535 3728
1781297210140 0.10554555803537369 3729
1781297210142 0.13529562950134277 3730
1781297210145 0.14613614976406097 3731
1781297210148 0.05564571171998978 3732
1781297210150 0.13461588323116302 3733
1781297210153 0.06947316974401474 3734
1781297210156 0.1815381795167923 3735
1781297210158 0.04318729788064957 3736
1781297210160 0.1416509747505188 3737
1781297210163 0.13612376153469086 3738
1781297210165 0.15552093088626862 3739
1781297210167 0.15760783851146698 3740
1781297210170 0.014690064825117588 3741
1781297210172 0.078480564057827 3742
1781297210176 0.15361301600933075 3743
1781297210178 0.05503302812576294 3744
1781297210180 0.16388434171676636 3745
1781297210183 0.1368345022201538 3746
1781297210185 0.03472466021776199 3747
1781297210339 0.026565447449684143 3748
1781297210341 0.27824094891548157 3749
1781297210344 0.17972931265830994 3750
1781297210346 0.05216534063220024 3751
1781297210348 0.10987149178981781 3752
1781297210350 0.09398209303617477 3753
1781297210353 0.11270280182361603 3754
1781297210355 0.22001414000988007 3755
1781297210358 0.12066469341516495 3756
1781297210360 0.15970927476882935 3757
1781297210362 0.109856016933918 3758
1781297210365 0.14766718447208405 3759
1781297210367 0.05752992257475853 3760
1781297210369 0.14631439745426178 3761
1781297210371 0.05175112560391426 3762
1781297210374 0.18678437173366547 3763
1781297210376 0.03663415461778641 3764
1781297210379 0.03155948594212532 3765
1781297210381 0.09547995775938034 3766
1781297210383 0.07278920710086823 3767
1781297210385 0.05621227249503136 3768
1781297210387 0.11311280727386475 3769
1781297210389 0.10155919939279556 3770
1781297210391 0.06483400613069534 3771
1781297210394 0.07841619104146957 3772
1781297210396 0.07080663740634918 3773
1781297210398 0.09141092747449875 3774
1781297210400 0.0686347633600235 3775
1781297210402 0.08549196273088455 3776
1781297210405 0.0746983140707016 3777
1781297210407 0.09936322271823883 3778
1781297210410 0.057590778917074203 3779
1781297210412 0.02854781411588192 3780
1781297210415 0.058501146733760834 3781
1781297210417 0.12746071815490723 3782
1781297210420 0.1468101143836975 3783
1781297210423 0.02417786978185177 3784
1781297210426 0.08238997310400009 3785
1781297210428 0.14100448787212372 3786
1781297210431 0.11131182312965393 3787
1781297210434 0.1642606258392334 3788
1781297210436 0.09205923229455948 3789
1781297210439 0.15992367267608643 3790
1781297210441 0.0932924672961235 3791
1781297210443 0.07483307272195816 3792
1781297210446 0.08987867832183838 3793
1781297210450 0.06464726477861404 3794
1781297210452 0.4500431716442108 3795
1781297210455 0.07259071618318558 3796
1781297210457 0.033740025013685226 3797
1781297210460 0.016055218875408173 3798
1781297210462 0.13648147881031036 3799
1781297210465 0.19331935048103333 3800
1781297210467 0.06332339346408844 3801
1781297210469 0.10115284472703934 3802
1781297210472 0.03144719824194908 3803
1781297210475 0.06631927192211151 3804
1781297210477 0.14907397329807281 3805
1781297210479 0.21436041593551636 3806
1781297210481 0.18836553394794464 3807
1781297210484 0.11165504157543182 3808
1781297210486 0.19725064933300018 3809
1781297210489 0.039517566561698914 3810
1781297210491 0.03900900110602379 3811
1781297210493 0.1137266531586647 3812
1781297210496 0.19715110957622528 3813
1781297210498 0.14029259979724884 3814
1781297210500 0.1076248288154602 3815
1781297210503 0.1004687249660492 3816
1781297210505 0.15342707931995392 3817
1781297210507 0.10656773298978806 3818
1781297210510 0.08972883224487305 3819
1781297210512 0.047084420919418335 3820
1781297210515 0.04553786292672157 3821
1781297210517 0.058726485818624496 3822
1781297210520 0.09793117642402649 3823
1781297210522 0.06598705053329468 3824
1781297210526 0.05055942013859749 3825
1781297210528 0.07852493971586227 3826
1781297210531 0.08987914770841599 3827
1781297210534 0.09717237204313278 3828
1781297210536 0.034330494701862335 3829
1781297210539 0.023366037756204605 3830
1781297210541 0.022794269025325775 3831
1781297210544 0.10045889765024185 3832
1781297210546 0.19138632714748383 3833
1781297210548 0.12211240082979202 3834
1781297210551 0.13862177729606628 3835
1781297210554 0.03221268206834793 3836
1781297210556 0.15935488045215607 3837
1781297210559 0.027504336088895798 3838
1781297210562 0.062098968774080276 3839
1781297210564 0.07718227803707123 3840
1781297210567 0.02737938053905964 3841
1781297210569 0.2924470603466034 3842
1781297210571 0.06051623448729515 3843
1781297210574 0.06979459524154663 3844
1781297210576 0.03245174139738083 3845
1781297210578 0.04785758629441261 3846
1781297210580 0.05655761435627937 3847
1781297210583 0.20771823823451996 3848
1781297210585 0.13125883042812347 3849
1781297210589 0.06589069217443466 3850
1781297210591 0.0598156675696373 3851
1781297210594 0.022662222385406494 3852
1781297210597 0.17081628739833832 3853
1781297210600 0.05905856937170029 3854
1781297210603 0.0623670294880867 3855
1781297210605 0.20581859350204468 3856
1781297210608 0.09695124626159668 3857
1781297210611 0.08927007764577866 3858
1781297210613 0.12659001350402832 3859
1781297210615 0.16034428775310516 3860
1781297210618 0.11750564724206924 3861
1781297210620 0.04199206829071045 3862
1781297210623 0.14005059003829956 3863
1781297210626 0.18237029016017914 3864
1781297210629 0.10227779299020767 3865
1781297210631 0.06364458054304123 3866
1781297210634 0.14390608668327332 3867
1781297210637 0.16768741607666016 3868
1781297210639 0.07681762427091599 3869
1781297210643 0.20513996481895447 3870
1781297210646 0.07765695452690125 3871
1781297210648 0.0817018523812294 3872
1781297210650 0.2546233534812927 3873
1781297210653 0.038524553179740906 3874
1781297210656 0.022149676457047462 3875
1781297210659 0.2152031809091568 3876
1781297210662 0.10873588174581528 3877
1781297210666 0.041177935898303986 3878
1781297210669 0.04632918909192085 3879
1781297210672 0.23982608318328857 3880
1781297210675 0.023088686168193817 3881
1781297210678 0.08378374576568604 3882
1781297210680 0.06781097501516342 3883
1781297210683 0.06432145088911057 3884
1781297210686 0.02609381638467312 3885
1781297210688 0.03277965635061264 3886
1781297210691 0.07903499901294708 3887
1781297210694 0.14001135528087616 3888
1781297210697 0.017414381727576256 3889
1781297210699 0.12911592423915863 3890
1781297210702 0.06443650275468826 3891
1781297210705 0.16198664903640747 3892
1781297210708 0.05120973289012909 3893
1781297210711 0.03469661623239517 3894
1781297210714 0.14107002317905426 3895
1781297210717 0.11413447558879852 3896
1781297210720 0.19066856801509857 3897
1781297210722 0.10222810506820679 3898
1781297210725 0.04624878615140915 3899
1781297210727 0.08667037636041641 3900
1781297210730 0.25018054246902466 3901
1781297210732 0.06594748049974442 3902
1781297210735 0.05610857531428337 3903
1781297210737 0.05489323288202286 3904
1781297210740 0.10967778414487839 3905
1781297210742 0.10746066272258759 3906
1781297210745 0.0919385477900505 3907
1781297210747 0.04387623071670532 3908
1781297210751 0.16265548765659332 3909
1781297210753 0.057824235409498215 3910
1781297210755 0.04744477570056915 3911
1781297210759 0.03163113817572594 3912
1781297210761 0.04731682687997818 3913
1781297210764 0.1529638171195984 3914
1781297210767 0.12111809849739075 3915
1781297210770 0.10445297509431839 3916
1781297210773 0.17007391154766083 3917
1781297210777 0.11944101005792618 3918
1781297210779 0.04128192365169525 3919
1781297210783 0.12732408940792084 3920
1781297210786 0.108560711145401 3921
1781297210789 0.0314997136592865 3922
1781297210792 0.042844582349061966 3923
1781297210796 0.05295077711343765 3924
1781297210798 0.02580740861594677 3925
1781297210801 0.09777575731277466 3926
1781297210805 0.02964215911924839 3927
1781297210810 0.1192212849855423 3928
1781297210813 0.11993039399385452 3929
1781297210815 0.028193671256303787 3930
1781297210818 0.08659989386796951 3931
1781297210820 0.2701186537742615 3932
1781297210823 0.06819275766611099 3933
1781297210826 0.12514038383960724 3934
1781297210829 0.10653689503669739 3935
1781297210831 0.04002704471349716 3936
1781297210833 0.09516818821430206 3937
1781297210836 0.10654762387275696 3938
1781297210839 0.04150020331144333 3939
1781297210841 0.04699784144759178 3940
1781297210844 0.07302124053239822 3941
1781297210848 0.04938814043998718 3942
1781297210851 0.18356145918369293 3943
1781297210854 0.12840713560581207 3944
1781297210856 0.19323962926864624 3945
1781297210859 0.18550464510917664 3946
1781297210862 0.08849707245826721 3947
1781297210864 0.17236602306365967 3948
1781297210867 0.06560909003019333 3949
1781297210869 0.05259322002530098 3950
1781297210873 0.1060679629445076 3951
1781297210876 0.08785834908485413 3952
1781297210879 0.1204567402601242 3953
1781297210882 0.02967875264585018 3954
1781297210885 0.043044742196798325 3955
1781297210887 0.1326931118965149 3956
1781297210889 0.024053873494267464 3957
1781297210892 0.08775488287210464 3958
1781297210894 0.1749679148197174 3959
1781297210897 0.08330414444208145 3960
1781297210899 0.0603383406996727 3961
1781297210901 0.12036720663309097 3962
1781297210903 0.0940813198685646 3963
1781297210907 0.15344661474227905 3964
1781297210910 0.11492819339036942 3965
1781297210912 0.03419213369488716 3966
1781297210914 0.07254469394683838 3967
1781297210917 0.06059737130999565 3968
1781297210919 0.059511564671993256 3969
1781297210921 0.07852049171924591 3970
1781297210925 0.0936284139752388 3971
1781297210928 0.05019645392894745 3972
1781297210930 0.09855256974697113 3973
1781297210933 0.3394309878349304 3974
1781297210935 0.04290711134672165 3975
1781297210937 0.09028676897287369 3976
1781297210940 0.09043118357658386 3977
1781297210943 0.1033865287899971 3978
1781297210945 0.08383584022521973 3979
1781297210947 0.20314672589302063 3980
1781297210950 0.20764154195785522 3981
1781297210952 0.07363352179527283 3982
1781297210954 0.03981251269578934 3983
1781297210957 0.08617327362298965 3984
1781297210960 0.12578818202018738 3985
1781297210963 0.06528140604496002 3986
1781297210965 0.17041748762130737 3987
1781297210968 0.040270864963531494 3988
1781297210971 0.062215402722358704 3989
1781297210973 0.11392442882061005 3990
1781297210976 0.04566376283764839 3991
1781297210978 0.07791301608085632 3992
1781297210981 0.07600829005241394 3993
1781297210983 0.17515945434570312 3994
1781297210985 0.05054539442062378 3995
1781297210988 0.12361401319503784 3996
1781297210990 0.09964904189109802 3997
1781297210993 0.05364227294921875 3998
1781297210995 0.0728173702955246 3999
1781297210997 0.035267166793346405 4000
1781297210999 0.19196219742298126 4001
1781297211002 0.0743008628487587 4002
1781297211004 0.12687988579273224 4003
1781297211006 0.03708085045218468 4004
1781297211009 0.08244246989488602 4005
1781297211011 0.026412423700094223 4006
1781297211014 0.09019999951124191 4007
1781297211016 0.04059261083602905 4008
1781297211018 0.06823477894067764 4009
1781297211020 0.10272296518087387 4010
1781297211022 0.10605772584676743 4011
1781297211025 0.08843208849430084 4012
1781297211028 0.051501937210559845 4013
1781297211030 0.020335247740149498 4014
1781297211033 0.055083539336919785 4015
1781297211035 0.03198542445898056 4016
1781297211037 0.1313951462507248 4017
1781297211040 0.13819058239459991 4018
1781297211042 0.05895049124956131 4019
1781297211045 0.06304726004600525 4020
1781297211047 0.15936127305030823 4021
1781297211049 0.11839254200458527 4022
1781297211052 0.10345172137022018 4023
1781297211054 0.13260124623775482 4024
1781297211057 0.14832434058189392 4025
1781297211059 0.049311183393001556 4026
1781297211062 0.19312137365341187 4027
1781297211064 0.019674671813845634 4028
1781297211066 0.09470216184854507 4029
1781297211069 0.023207267746329308 4030
1781297211072 0.04509565234184265 4031
1781297211075 0.02671617828309536 4032
1781297211077 0.09791884571313858 4033
1781297211080 0.027553005144000053 4034
1781297211082 0.05049503594636917 4035
1781297211084 0.07634779810905457 4036
1781297211086 0.14769881963729858 4037
1781297211089 0.052231330424547195 4038
1781297211091 0.10715880244970322 4039
1781297211094 0.09034612029790878 4040
1781297211096 0.06974530220031738 4041
1781297211099 0.07442941516637802 4042
1781297211101 0.13308598101139069 4043
1781297211103 0.03219296783208847 4044
1781297211106 0.1727086752653122 4045
1781297211108 0.02914700284600258 4046
1781297211111 0.09163311123847961 4047
1781297211113 0.02400796487927437 4048
1781297211117 0.21073424816131592 4049
1781297211119 0.05820917710661888 4050
1781297211122 0.06294973939657211 4051
1781297211124 0.05883697420358658 4052
1781297211127 0.10167984664440155 4053
1781297211129 0.2422650158405304 4054
1781297211132 0.0978538990020752 4055
1781297211134 0.08719038218259811 4056
1781297211136 0.22790111601352692 4057
1781297211139 0.048566218465566635 4058
1781297211141 0.052821941673755646 4059
1781297211143 0.033454712480306625 4060
1781297211146 0.07117616385221481 4061
1781297211148 0.10923460870981216 4062
1781297211150 0.13029955327510834 4063
1781297211153 0.0764240175485611 4064
1781297211155 0.052145153284072876 4065
1781297211158 0.1414065957069397 4066
1781297211160 0.13264122605323792 4067
1781297211162 0.029832560569047928 4068
1781297211165 0.08803921192884445 4069
1781297211167 0.09160065650939941 4070
1781297211170 0.05692067742347717 4071
1781297211172 0.1476661115884781 4072
1781297211174 0.0689067542552948 4073
1781297211177 0.12217351794242859 4074
1781297211179 0.08246510475873947 4075
1781297211181 0.06581538915634155 4076
1781297211184 0.03618244826793671 4077
1781297211186 0.026397664099931717 4078
1781297211188 0.07496035099029541 4079
1781297211191 0.018492205068469048 4080
1781297211193 0.0361480675637722 4081
1781297211196 0.10718516260385513 4082
1781297211198 0.07779224216938019 4083
1781297211201 0.09252336621284485 4084
1781297211204 0.07206328958272934 4085
1781297211206 0.052912112325429916 4086
1781297211209 0.0572451576590538 4087
1781297211211 0.03119422122836113 4088
1781297211213 0.07085301727056503 4089
1781297211216 0.04926907643675804 4090
1781297211218 0.0688692256808281 4091
1781297211220 0.16091620922088623 4092
1781297211223 0.15592600405216217 4093
1781297211226 0.126577228307724 4094
1781297211229 0.07358124107122421 4095
1781297211231 0.04060154780745506 4096
1781297211233 0.17516787350177765 4097
1781297211236 0.08922695368528366 4098
1781297211238 0.18512269854545593 4099
1781297211240 0.046731799840927124 4100
1781297211243 0.03904375061392784 4101
1781297211245 0.14469210803508759 4102
1781297211248 0.1370692253112793 4103
1781297211250 0.10569577664136887 4104
1781297211252 0.1498805582523346 4105
1781297211255 0.05486350506544113 4106
1781297211257 0.2279026359319687 4107
1781297211260 0.08709608763456345 4108
1781297211262 0.12956176698207855 4109
1781297211264 0.13947823643684387 4110
1781297211267 0.012691332958638668 4111
1781297211269 0.05280805006623268 4112
1781297211272 0.05359504371881485 4113
1781297211274 0.11394108831882477 4114
1781297211277 0.05628553777933121 4115
1781297211279 0.050985515117645264 4116
1781297211281 0.05685917288064957 4117
1781297211284 0.02598903328180313 4118
1781297211286 0.11021651327610016 4119
1781297211289 0.013041364960372448 4120
1781297211291 0.025473203510046005 4121
1781297211294 0.08583693951368332 4122
1781297211296 0.1736268252134323 4123
1781297211298 0.17519719898700714 4124
1781297211301 0.03301025927066803 4125
1781297211303 0.058025117963552475 4126
1781297211305 0.1314491331577301 4127
1781297211308 0.01788175292313099 4128
1781297211310 0.04971509799361229 4129
1781297211312 0.21419435739517212 4130
1781297211315 0.0876302495598793 4131
1781297211317 0.09114907681941986 4132
1781297211319 0.12335113435983658 4133
1781297211322 0.03126594424247742 4134
1781297211324 0.14199936389923096 4135
1781297211327 0.09202758222818375 4136
1781297211329 0.04967312887310982 4137
1781297211331 0.0581238754093647 4138
1781297211334 0.06099553406238556 4139
1781297211336 0.2094070017337799 4140
1781297211338 0.10572582483291626 4141
1781297211341 0.1654936522245407 4142
1781297211343 0.14359888434410095 4143
1781297211346 0.14905546605587006 4144
1781297211348 0.10247164964675903 4145
1781297211350 0.03073335438966751 4146
1781297211353 0.11282366514205933 4147
1781297211355 0.1351688951253891 4148
1781297211357 0.155237078666687 4149
1781297211360 0.008293051272630692 4150
1781297211362 0.03819664567708969 4151
1781297211365 0.17343579232692719 4152
1781297211367 0.06316424906253815 4153
1781297211369 0.0387885645031929 4154
1781297211372 0.05623041093349457 4155
1781297211374 0.035081759095191956 4156
1781297211377 0.1344648003578186 4157
1781297211379 0.14740288257598877 4158
1781297211381 0.02412022463977337 4159
1781297211384 0.07378588616847992 4160
1781297211386 0.07344114035367966 4161
1781297211388 0.08512118458747864 4162
1781297211391 0.09036539494991302 4163
1781297211393 0.054133906960487366 4164
1781297211396 0.07050381600856781 4165
1781297211398 0.030453257262706757 4166
1781297211401 0.04174330458045006 4167
1781297211403 0.06578343361616135 4168
1781297211405 0.04922894388437271 4169
1781297211408 0.1076463907957077 4170
1781297211411 0.04829298332333565 4171
1781297211414 0.04256753623485565 4172
1781297211416 0.0648639053106308 4173
1781297211420 0.06514424085617065 4174
1781297211422 0.04889586940407753 4175
1781297211426 0.018413441255688667 4176
1781297211429 0.13822127878665924 4177
1781297211431 0.11579369008541107 4178
1781297211433 0.06570199877023697 4179
1781297211436 0.06937533617019653 4180
1781297211438 0.12028525769710541 4181
1781297211440 0.07290901243686676 4182
1781297211443 0.13284623622894287 4183
1781297211445 0.05795052647590637 4184
1781297211447 0.07051939517259598 4185
1781297211450 0.114278145134449 4186
1781297211452 0.11366135627031326 4187
1781297211455 0.10422174632549286 4188
1781297211457 0.07026795297861099 4189
1781297211460 0.06251584738492966 4190
1781297211462 0.06254756450653076 4191
1781297211465 0.0740775316953659 4192
1781297211467 0.0623001828789711 4193
1781297211469 0.12813247740268707 4194
1781297211473 0.046718526631593704 4195
1781297211475 0.05810556933283806 4196
1781297211478 0.166486918926239 4197
1781297211480 0.035084497183561325 4198
1781297211482 0.06651590019464493 4199
1781297211485 0.043316058814525604 4200
1781297211488 0.1978446990251541 4201
1781297211491 0.11424548178911209 4202
1781297211494 0.05949592590332031 4203
1781297211496 0.06565742939710617 4204
1781297211498 0.051052674651145935 4205
1781297211500 0.15096935629844666 4206
1781297211503 0.08295956999063492 4207
1781297211505 0.05321080982685089 4208
1781297211508 0.1320590227842331 4209
1781297211510 0.10532216727733612 4210
1781297211512 0.03449404612183571 4211
1781297211515 0.07151839882135391 4212
1781297211518 0.12277353554964066 4213
1781297211521 0.13926245272159576 4214
1781297211524 0.029510855674743652 4215
1781297211526 0.10342339426279068 4216
1781297211529 0.047390684485435486 4217
1781297211531 0.05163539573550224 4218
1781297211534 0.15787212550640106 4219
1781297211536 0.08269941061735153 4220
1781297211538 0.017900869250297546 4221
1781297211541 0.28396475315093994 4222
1781297211544 0.07369691878557205 4223
1781297211546 0.19490854442119598 4224
1781297211548 0.2112191617488861 4225
1781297211551 0.028858207166194916 4226
1781297211553 0.04301188141107559 4227
1781297211557 0.05656559765338898 4228
1781297211561 0.14990352094173431 4229
1781297211563 0.04205445200204849 4230
1781297211565 0.10609137266874313 4231
1781297211568 0.038757532835006714 4232
1781297211570 0.061100542545318604 4233
1781297211574 0.08280012756586075 4234
1781297211577 0.04367011785507202 4235
1781297211579 0.1127777174115181 4236
1781297211581 0.048583678901195526 4237
1781297211583 0.10735779255628586 4238
1781297211586 0.10306162387132645 4239
1781297211588 0.04964678734540939 4240
1781297211591 0.08251769095659256 4241
1781297211593 0.025716476142406464 4242
1781297211595 0.06751702725887299 4243
1781297211598 0.028731171041727066 4244
1781297211600 0.028732717037200928 4245
1781297211602 0.05726099759340286 4246
1781297211606 0.04949323832988739 4247
1781297211608 0.040170829743146896 4248
1781297211610 0.04382617399096489 4249
1781297211615 0.06645883619785309 4250
1781297211617 0.12150627374649048 4251
1781297211620 0.15100906789302826 4252
1781297211622 0.08368339389562607 4253
1781297211624 0.05921889841556549 4254
1781297211627 0.18144984543323517 4255
1781297211629 0.08979146182537079 4256
1781297211632 0.16962911188602448 4257
1781297211634 0.018260406330227852 4258
1781297211636 0.036598384380340576 4259
1781297211640 0.09381083399057388 4260
1781297211642 0.14323316514492035 4261
1781297211645 0.07246806472539902 4262
1781297211647 0.1342460811138153 4263
1781297211649 0.07330255210399628 4264
1781297211653 0.07315679639577866 4265
1781297211655 0.06849054992198944 4266
1781297211658 0.15246742963790894 4267
1781297211660 0.16140906512737274 4268
1781297211663 0.250271201133728 4269
1781297211665 0.1925935596227646 4270
1781297211667 0.0887276828289032 4271
1781297211670 0.023665696382522583 4272
1781297211672 0.07025878131389618 4273
1781297211674 0.13368560373783112 4274
1781297211677 0.288533478975296 4275
1781297211679 0.10932385176420212 4276
1781297211682 0.028895089402794838 4277
1781297211684 0.1284499615430832 4278
1781297211687 0.06879711151123047 4279
1781297211689 0.11084398627281189 4280
1781297211692 0.10184267163276672 4281
1781297211694 0.01730576902627945 4282
1781297211697 0.11269296705722809 4283
1781297211699 0.07796284556388855 4284
1781297211702 0.08680078387260437 4285
1781297211704 0.16322457790374756 4286
1781297211706 0.07904604077339172 4287
1781297211709 0.07408031076192856 4288
1781297211712 0.15360915660858154 4289
1781297211715 0.06521058827638626 4290
1781297211717 0.06813617050647736 4291
1781297211719 0.09491126239299774 4292
1781297211722 0.1818317472934723 4293
1781297211725 0.08799777179956436 4294
1781297211727 0.13045361638069153 4295
1781297211730 0.09393996000289917 4296
1781297211732 0.13267339766025543 4297
1781297211734 0.13496442139148712 4298
1781297211737 0.08589231222867966 4299
1781297211739 0.178294375538826 4300
1781297211741 0.048797622323036194 4301
1781297211743 0.04240749031305313 4302
1781297211746 0.059728365391492844 4303
1781297211748 0.12547306716442108 4304
1781297211751 0.0823841467499733 4305
1781297211753 0.029127052053809166 4306
1781297211755 0.12212136387825012 4307
1781297211758 0.17506694793701172 4308
1781297211760 0.06757543236017227 4309
1781297211762 0.09334297478199005 4310
1781297211765 0.026588791981339455 4311
1781297211767 0.05975007265806198 4312
1781297211769 0.1513650119304657 4313
1781297211772 0.10648944973945618 4314
1781297211775 0.083981454372406 4315
1781297211777 0.02808796428143978 4316
1781297211779 0.05140892416238785 4317
1781297211782 0.2641802132129669 4318
1781297211784 0.3234042823314667 4319
1781297211786 0.10270776599645615 4320
1781297211788 0.10727201402187347 4321
1781297211791 0.08203043043613434 4322
1781297211793 0.12257785350084305 4323
1781297211796 0.08641602098941803 4324
1781297211798 0.0832027718424797 4325
1781297211800 0.1348794847726822 4326
1781297211803 0.07876399159431458 4327
1781297211805 0.04661135748028755 4328
1781297211807 0.035896532237529755 4329
1781297211810 0.21780310571193695 4330
1781297211812 0.12467063963413239 4331
1781297211814 0.3801359236240387 4332
1781297211817 0.09810083359479904 4333
1781297211819 0.1304185837507248 4334
1781297211822 0.11541363596916199 4335
1781297211824 0.13021329045295715 4336
1781297211827 0.1849224865436554 4337
1781297211829 0.05563519150018692 4338
1781297211831 0.12196154147386551 4339
1781297211834 0.08599905669689178 4340
1781297211836 0.022483061999082565 4341
1781297211838 0.012601552531123161 4342
1781297211841 0.06441328674554825 4343
1781297211843 0.07053124904632568 4344
1781297211846 0.1330753117799759 4345
1781297211848 0.05046461150050163 4346
1781297211850 0.03873361647129059 4347
1781297211852 0.09082570672035217 4348
1781297211855 0.10750629007816315 4349
1781297211857 0.03560669720172882 4350
1781297211860 0.16290289163589478 4351
1781297211862 0.09024497121572495 4352
1781297211864 0.10619311779737473 4353
1781297211867 0.1324806660413742 4354
1781297211869 0.03973642736673355 4355
1781297211872 0.10022677481174469 4356
1781297211874 0.10445228219032288 4357
1781297211876 0.07612776756286621 4358
1781297211878 0.1363050639629364 4359
1781297211881 0.04604392498731613 4360
1781297211883 0.05039098858833313 4361
1781297211886 0.11876393854618073 4362
1781297211888 0.11169929057359695 4363
1781297211891 0.021892661228775978 4364
1781297211893 0.041119445115327835 4365
1781297211895 0.04169175773859024 4366
1781297211898 0.056666091084480286 4367
1781297211900 0.08035982400178909 4368
1781297211902 0.011182046495378017 4369
1781297211905 0.11212340742349625 4370
1781297211907 0.04580799490213394 4371
1781297211910 0.05869878828525543 4372
1781297211912 0.2790137827396393 4373
1781297211914 0.09117604047060013 4374
1781297211917 0.0623372420668602 4375
1781297211919 0.09954533725976944 4376
1781297211921 0.025486547499895096 4377
1781297211925 0.199827179312706 4378
1781297211927 0.0899399146437645 4379
1781297211930 0.1354271024465561 4380
1781297211932 0.0989556610584259 4381
1781297211935 0.15055546164512634 4382
1781297211937 0.10191641747951508 4383
1781297211939 0.08722833544015884 4384
1781297211942 0.07704447954893112 4385
1781297211946 0.12115447223186493 4386
1781297211948 0.04761987552046776 4387
1781297211950 0.052366092801094055 4388
1781297211953 0.17592616379261017 4389
1781297211955 0.09658447653055191 4390
1781297211958 0.018482226878404617 4391
1781297211960 0.10864537209272385 4392
1781297211962 0.059929341077804565 4393
1781297211965 0.04228813573718071 4394
1781297211967 0.09323211014270782 4395
1781297211969 0.2735983729362488 4396
1781297211972 0.040682755410671234 4397
1781297211975 0.028724759817123413 4398
1781297211977 0.09819893538951874 4399
1781297211979 0.09359150379896164 4400
1781297211982 0.0333857536315918 4401
1781297211984 0.0316765233874321 4402
1781297211986 0.09882127493619919 4403
1781297211989 0.043469853699207306 4404
1781297211991 0.04998060688376427 4405
1781297211994 0.15935790538787842 4406
1781297211996 0.054771509021520615 4407
1781297211998 0.02988060563802719 4408
1781297212001 0.17190803587436676 4409
1781297212003 0.0597677081823349 4410
1781297212006 0.05078354850411415 4411
1781297212009 0.03206887096166611 4412
1781297212011 0.08122079819440842 4413
1781297212015 0.08349189162254333 4414
1781297212017 0.047327689826488495 4415
1781297212019 0.02823777124285698 4416
1781297212022 0.027325337752699852 4417
1781297212024 0.0689883604645729 4418
1781297212027 0.04729826748371124 4419
1781297212029 0.05966445803642273 4420
1781297212031 0.2827460467815399 4421
1781297212034 0.029253367334604263 4422
1781297212036 0.04535911977291107 4423
1781297212039 0.18196389079093933 4424
1781297212041 0.12489622831344604 4425
1781297212043 0.0300615094602108 4426
1781297212046 0.09596692025661469 4427
1781297212048 0.03983413428068161 4428
1781297212051 0.08497165888547897 4429
1781297212053 0.24497674405574799 4430
1781297212055 0.2263917624950409 4431
1781297212058 0.13470371067523956 4432
1781297212060 0.08774961531162262 4433
1781297212063 0.12294662743806839 4434
1781297212065 0.04418749734759331 4435
1781297212067 0.11995337903499603 4436
1781297212070 0.17083536088466644 4437
1781297212072 0.06202720105648041 4438
1781297212075 0.07609036564826965 4439
1781297212077 0.0955265462398529 4440
1781297212080 0.046443626284599304 4441
1781297212083 0.06862161308526993 4442
1781297212085 0.05536563694477081 4443
1781297212088 0.08545393496751785 4444
1781297212090 0.09190700203180313 4445
1781297212092 0.09670889377593994 4446
1781297212095 0.08957299590110779 4447
1781297212097 0.03874236345291138 4448
1781297212100 0.1895822137594223 4449
1781297212102 0.0776377022266388 4450
1781297212104 0.18386222422122955 4451
1781297212107 0.12942785024642944 4452
1781297212109 0.05557531863451004 4453
1781297212112 0.14104215800762177 4454
1781297212114 0.2846807539463043 4455
1781297212116 0.053520843386650085 4456
1781297212119 0.16159090399742126 4457
1781297212121 0.04265163466334343 4458
1781297212123 0.07305193692445755 4459
1781297212126 0.06853722780942917 4460
1781297212128 0.05420317128300667 4461
1781297212131 0.06949181854724884 4462
1781297212133 0.10075103491544724 4463
1781297212136 0.08661417663097382 4464
1781297212138 0.025108512490987778 4465
1781297212141 0.06597603112459183 4466
1781297212143 0.09565950185060501 4467
1781297212146 0.07629954069852829 4468
1781297212148 0.08184988796710968 4469
1781297212151 0.16402369737625122 4470
1781297212153 0.05220288783311844 4471
1781297212155 0.08755147457122803 4472
1781297212158 0.04924626648426056 4473
1781297212160 0.06186573579907417 4474
1781297212163 0.036626189947128296 4475
1781297212165 0.12589716911315918 4476
1781297212167 0.014236828312277794 4477
1781297212170 0.1729697734117508 4478
1781297212172 0.1032075583934784 4479
1781297212174 0.039447490125894547 4480
1781297212177 0.02937152236700058 4481
1781297212180 0.046393897384405136 4482
1781297212182 0.08162298798561096 4483
1781297212184 0.09609046578407288 4484
1781297212187 0.05086484178900719 4485
1781297212189 0.1488761603832245 4486
1781297212192 0.01412547193467617 4487
1781297212194 0.0666419118642807 4488
1781297212197 0.04296395927667618 4489
1781297212199 0.010656979866325855 4490
1781297212201 0.08299591392278671 4491
1781297212204 0.2982330024242401 4492
1781297212206 0.09763441979885101 4493
1781297212209 0.08223367482423782 4494
1781297212211 0.02608603984117508 4495
1781297212213 0.06413652747869492 4496
1781297212216 0.10424129664897919 4497
1781297212218 0.1740727722644806 4498
1781297212220 0.0739484652876854 4499
1781297212222 0.07369513064622879 4500
1781297212225 0.11699909716844559 4501
1781297212227 0.1091683879494667 4502
1781297212230 0.08207567036151886 4503
1781297212232 0.048281311988830566 4504
1781297212234 0.06615842878818512 4505
1781297212237 0.034910283982753754 4506
1781297212239 0.12136169523000717 4507
1781297212241 0.08179449290037155 4508
1781297212243 0.01422731950879097 4509
1781297212246 0.07688551396131516 4510
1781297212248 0.01827431470155716 4511
1781297212251 0.08593836426734924 4512
1781297212253 0.03929765149950981 4513
1781297212255 0.09305650740861893 4514
1781297212258 0.17765706777572632 4515
1781297212261 0.013913829810917377 4516
1781297212263 0.06539370864629745 4517
1781297212265 0.03221500664949417 4518
1781297212268 0.05579112842679024 4519
1781297212270 0.08213832974433899 4520
1781297212273 0.11296259611845016 4521
1781297212276 0.04297735542058945 4522
1781297212279 0.014572440646588802 4523
1781297212281 0.024996846914291382 4524
1781297212283 0.07119537889957428 4525
1781297212286 0.03335767984390259 4526
1781297212288 0.086350217461586 4527
1781297212290 0.17299093306064606 4528
1781297212294 0.010587774217128754 4529
1781297212297 0.027857957407832146 4530
1781297212300 0.015167633071541786 4531
1781297212302 0.19680935144424438 4532
1781297212305 0.09079694002866745 4533
1781297212307 0.1059313416481018 4534
1781297212310 0.12052726745605469 4535
1781297212312 0.07028939574956894 4536
1781297212314 0.041566912084817886 4537
1781297212317 0.051167406141757965 4538
1781297212319 0.10818973928689957 4539
1781297212322 0.21886968612670898 4540
1781297212324 0.15236017107963562 4541
1781297212327 0.1093784049153328 4542
1781297212329 0.04279625788331032 4543
1781297212331 0.09259464591741562 4544
1781297212334 0.027510613203048706 4545
1781297212336 0.03805310279130936 4546
1781297212338 0.06507708877325058 4547
1781297212341 0.12569373846054077 4548
1781297212343 0.11870037764310837 4549
1781297212346 0.2653951346874237 4550
1781297212348 0.04955059662461281 4551
1781297212350 0.11162889748811722 4552
1781297212352 0.13748379051685333 4553
1781297212356 0.07291364669799805 4554
1781297212358 0.1873912364244461 4555
1781297212360 0.06578335165977478 4556
1781297212363 0.05203855410218239 4557
1781297212365 0.11967519670724869 4558
1781297212368 0.056699786335229874 4559
1781297212370 0.11843527853488922 4560
1781297212374 0.10341775417327881 4561
1781297212376 0.031670406460762024 4562
1781297212378 0.03419332951307297 4563
1781297212381 0.0657120868563652 4564
1781297212383 0.11046437174081802 4565
1781297212385 0.10981164872646332 4566
1781297212388 0.061643850058317184 4567
1781297212390 0.06938036531209946 4568
1781297212393 0.1605786234140396 4569
1781297212396 0.05283688008785248 4570
1781297212398 0.03172360733151436 4571
1781297212401 0.1435353010892868 4572
1781297212403 0.05358495935797691 4573
1781297212405 0.17624600231647491 4574
1781297212408 0.11277712881565094 4575
1781297212410 0.08033314347267151 4576
1781297212413 0.14229169487953186 4577
1781297212415 0.0559874027967453 4578
1781297212417 0.06358761340379715 4579
1781297212419 0.0652407556772232 4580
1781297212422 0.08357353508472443 4581
1781297212424 0.23910944163799286 4582
1781297212427 0.10267068445682526 4583
1781297212430 0.08178969472646713 4584
1781297212432 0.2545076012611389 4585
1781297212435 0.09489237517118454 4586
1781297212437 0.2310825139284134 4587
1781297212439 0.08711516112089157 4588
1781297212443 0.04777134582400322 4589
1781297212445 0.11113167554140091 4590
1781297212447 0.07255827635526657 4591
1781297212450 0.11034063249826431 4592
1781297212452 0.1423613727092743 4593
1781297212454 0.0766151025891304 4594
1781297212456 0.10346271842718124 4595
1781297212459 0.22459469735622406 4596
1781297212462 0.06887206435203552 4597
1781297212464 0.11104226857423782 4598
1781297212466 0.1967434138059616 4599
1781297212468 0.05580902099609375 4600
1781297212471 0.13868974149227142 4601
1781297212473 0.033079300075769424 4602
1781297212476 0.0811183899641037 4603
1781297212478 0.09677736461162567 4604
1781297212480 0.03344748914241791 4605
1781297212483 0.02197590470314026 4606
1781297212485 0.10471312701702118 4607
1781297212487 0.16968406736850739 4608
1781297212490 0.0774986669421196 4609
1781297212492 0.047948382794857025 4610
1781297212495 0.09354861825704575 4611
1781297212497 0.1796664148569107 4612
1781297212499 0.09457624703645706 4613
1781297212503 0.15674693882465363 4614
1781297212505 0.05619131028652191 4615
1781297212508 0.10583566129207611 4616
1781297212510 0.273632675409317 4617
1781297212512 0.061644766479730606 4618
1781297212515 0.4697261452674866 4619
1781297212517 0.12410604953765869 4620
1781297212519 0.0320807583630085 4621
1781297212522 0.16268204152584076 4622
1781297212525 0.08320727199316025 4623
1781297212527 0.13404838740825653 4624
1781297212530 0.09749244898557663 4625
1781297212532 0.05899461731314659 4626
1781297212534 0.172446146607399 4627
1781297212537 0.05748458579182625 4628
1781297212539 0.07064718008041382 4629
1781297212542 0.06387282907962799 4630
1781297212544 0.19644784927368164 4631
1781297212546 0.05888545513153076 4632
1781297212549 0.25691503286361694 4633
1781297212551 0.06682028621435165 4634
1781297212554 0.023634048178792 4635
1781297212558 0.09734316915273666 4636
1781297212561 0.127569317817688 4637
1781297212563 0.07503099739551544 4638
1781297212565 0.055835869163274765 4639
1781297212568 0.09206902235746384 4640
1781297212570 0.03216618299484253 4641
1781297212573 0.008945117704570293 4642
1781297212575 0.032712969928979874 4643
1781297212578 0.07383845746517181 4644
1781297212580 0.16532021760940552 4645
1781297212582 0.05043770372867584 4646
1781297212585 0.1258358657360077 4647
1781297212587 0.033404529094696045 4648
1781297212589 0.013212071731686592 4649
1781297212592 0.059215474873781204 4650
1781297212594 0.038519471883773804 4651
1781297212598 0.21071383357048035 4652
1781297212600 0.08415208011865616 4653
1781297212603 0.056977417320013046 4654
1781297212606 0.11824757605791092 4655
1781297212610 0.05525526776909828 4656
1781297212612 0.06562727689743042 4657
1781297212615 0.07508637756109238 4658
1781297212617 0.04107823222875595 4659
1781297212619 0.07057741284370422 4660
1781297212622 0.01905803568661213 4661
1781297212624 0.051948949694633484 4662
1781297212627 0.10201820731163025 4663
1781297212629 0.014380681328475475 4664
1781297212631 0.15549100935459137 4665
1781297212635 0.051722802221775055 4666
1781297212637 0.05002256855368614 4667
1781297212639 0.03986072167754173 4668
1781297212642 0.1662120670080185 4669
1781297212644 0.28900614380836487 4670
1781297212647 0.022906428202986717 4671
1781297212649 0.15011408925056458 4672
1781297212653 0.15736082196235657 4673
1781297212655 0.2487175315618515 4674
1781297212657 0.05559743568301201 4675
1781297212659 0.09128037095069885 4676
1781297212662 0.06283088773488998 4677
1781297212664 0.15715499222278595 4678
1781297212666 0.04688980430364609 4679
1781297212669 0.1229712963104248 4680
1781297212671 0.14139017462730408 4681
1781297212674 0.08333641290664673 4682
1781297212676 0.09570403397083282 4683
1781297212679 0.02958916686475277 4684
