1781357789829 2.799739122390747 0
1781357789836 3.185800075531006 1
1781357789841 3.9014134407043457 2
1781357789847 4.175052165985107 3
1781357789852 5.0671467781066895 4
1781357789857 5.8326311111450195 5
1781357789862 7.107845306396484 6
1781357789868 7.6895904541015625 7
1781357789873 8.038484573364258 8
1781357789879 9.577775001525879 9
1781357789884 11.510908126831055 10
1781357789890 12.50042724609375 11
1781357789897 14.703514099121094 12
1781357789902 14.041808128356934 13
1781357789907 15.419556617736816 14
1781357789912 20.07381820678711 15
1781357789917 20.096874237060547 16
1781357789921 21.70824432373047 17
1781357789926 24.080677032470703 18
1781357789931 22.8576602935791 19
1781357789935 24.705211639404297 20
1781357789940 30.274005889892578 21
1781357789945 35.88056945800781 22
1781357789950 29.30218505859375 23
1781357789955 33.4901237487793 24
1781357789960 41.56568908691406 25
1781357789965 41.016868591308594 26
1781357789972 44.713294982910156 27
1781357789977 49.78822708129883 28
1781357789981 56.54834747314453 29
1781357789986 52.39762878417969 30
1781357789991 56.12140655517578 31
1781357789995 59.4910774230957 32
1781357789999 68.18000030517578 33
1781357790005 68.73795318603516 34
1781357790009 82.27505493164062 35
1781357790014 81.16268920898438 36
1781357790022 81.43392944335938 37
1781357790027 87.0707778930664 38
1781357790032 90.0098876953125 39
1781357790037 94.0866470336914 40
1781357790042 95.52229309082031 41
1781357790046 105.45911407470703 42
1781357790051 105.68141174316406 43
1781357790056 108.55770874023438 44
1781357790060 116.75127410888672 45
1781357790065 117.7178955078125 46
1781357790071 105.99246978759766 47
1781357790076 129.4295196533203 48
1781357790081 133.78878784179688 49
1781357790087 136.9656219482422 50
1781357790091 135.96890258789062 51
1781357790095 135.87692260742188 52
1781357790100 141.86184692382812 53
1781357790105 150.5404052734375 54
1781357790110 146.49346923828125 55
1781357790115 129.0532989501953 56
1781357790120 147.61236572265625 57
1781357790125 143.2519989013672 58
1781357790130 143.4609375 59
1781357790134 147.535400390625 60
1781357790140 133.4506072998047 61
1781357790144 149.5182342529297 62
1781357790149 156.84616088867188 63
1781357790156 159.0323486328125 64
1781357790160 154.5123748779297 65
1781357790166 142.94363403320312 66
1781357790171 157.36474609375 67
1781357790176 159.09429931640625 68
1781357790181 164.51907348632812 69
1781357790186 150.24014282226562 70
1781357790192 152.85983276367188 71
1781357790197 138.37057495117188 72
1781357790202 147.51345825195312 73
1781357790206 153.19668579101562 74
1781357790212 132.98146057128906 75
1781357790217 133.20745849609375 76
1781357790223 144.50047302246094 77
1781357790229 139.66754150390625 78
1781357790235 143.39181518554688 79
1781357790239 149.1353302001953 80
1781357790245 152.03721618652344 81
1781357790249 132.35653686523438 82
1781357790254 126.53512573242188 83
1781357790260 135.49774169921875 84
1781357790265 125.2861328125 85
1781357790269 133.61117553710938 86
1781357790274 138.73025512695312 87
1781357790279 128.88653564453125 88
1781357790284 125.41651153564453 89
1781357790288 132.90261840820312 90
1781357790293 123.16304779052734 91
1781357790298 137.18817138671875 92
1781357790303 133.60008239746094 93
1781357790308 124.05584716796875 94
1781357790313 114.30530548095703 95
1781357790319 126.18876647949219 96
1781357790323 124.13101196289062 97
1781357790329 117.32916259765625 98
1781357790333 117.57243347167969 99
1781357790338 118.47259521484375 100
1781357790343 124.05180358886719 101
1781357790348 117.92503356933594 102
1781357790353 115.24376678466797 103
1781357790358 117.68474578857422 104
1781357790363 120.54740905761719 105
1781357790368 119.25377655029297 106
1781357790373 108.92298126220703 107
1781357790378 109.25535583496094 108
1781357790383 104.17504119873047 109
1781357790388 108.19367218017578 110
1781357790393 108.6578598022461 111
1781357790398 103.06202697753906 112
1781357790403 101.35563659667969 113
1781357790408 97.37564086914062 114
1781357790412 105.791748046875 115
1781357790418 96.67098236083984 116
1781357790424 97.37931060791016 117
1781357790428 91.40247344970703 118
1781357790433 92.68487548828125 119
1781357790439 98.87239074707031 120
1781357790443 94.04840850830078 121
1781357790448 89.73148345947266 122
1781357790453 88.03862762451172 123
1781357790458 86.4169921875 124
1781357790462 80.62696838378906 125
1781357790468 86.18466186523438 126
1781357790474 87.55901336669922 127
1781357790478 88.75489807128906 128
1781357790483 87.68814086914062 129
1781357790488 80.86664581298828 130
1781357790494 84.42123413085938 131
1781357790498 81.77410888671875 132
1781357790503 72.78230285644531 133
1781357790508 74.0176773071289 134
1781357790513 79.96726989746094 135
1781357790518 75.72704315185547 136
1781357790523 73.40326690673828 137
1781357790528 76.43021392822266 138
1781357790533 74.30542755126953 139
1781357790538 72.58294677734375 140
1781357790543 70.62505340576172 141
1781357790547 67.89664459228516 142
1781357790552 68.23322296142578 143
1781357790557 66.19363403320312 144
1781357790562 68.97796630859375 145
1781357790567 67.98883819580078 146
1781357790572 62.884429931640625 147
1781357790577 65.18392181396484 148
1781357790582 63.61077117919922 149
1781357790587 62.01578140258789 150
1781357790592 59.6238899230957 151
1781357790597 61.34244155883789 152
1781357790602 57.46648406982422 153
1781357790607 60.208763122558594 154
1781357790612 54.77833938598633 155
1781357790617 54.33476638793945 156
1781357790622 56.73331832885742 157
1781357790628 56.37334442138672 158
1781357790633 56.15214538574219 159
1781357790637 49.32823944091797 160
1781357790642 52.111629486083984 161
1781357790648 50.122772216796875 162
1781357790652 45.13240432739258 163
1781357790657 49.20661163330078 164
1781357790663 48.19752502441406 165
1781357790667 42.998146057128906 166
1781357790672 47.94489669799805 167
1781357790677 44.139827728271484 168
1781357790682 44.14190673828125 169
1781357790687 43.86168670654297 170
1781357790692 38.608951568603516 171
1781357790697 41.28141403198242 172
1781357790702 38.99672317504883 173
1781357790706 34.653133392333984 174
1781357790712 39.46942138671875 175
1781357790716 34.85675811767578 176
1781357790721 34.96579360961914 177
1781357790726 35.49114227294922 178
1781357790732 34.585506439208984 179
1781357790737 32.68980407714844 180
1781357790742 33.2413330078125 181
1781357790747 35.68262481689453 182
1781357790753 29.45108413696289 183
1781357790759 27.36687469482422 184
1781357790765 29.390501022338867 185
1781357790770 26.12684440612793 186
1781357790775 28.192543029785156 187
1781357790780 27.031919479370117 188
1781357790784 27.094396591186523 189
1781357790792 25.091304779052734 190
1781357790799 25.211753845214844 191
1781357790807 23.585689544677734 192
1781357790814 23.0216121673584 193
1781357790820 22.299068450927734 194
1781357790827 21.72437286376953 195
1781357790832 20.967910766601562 196
1781357790840 18.95561981201172 197
1781357790846 18.458972930908203 198
1781357790853 16.65789794921875 199
1781357790859 17.565744400024414 200
1781357790864 16.49101448059082 201
1781357790871 15.106002807617188 202
1781357790877 13.400221824645996 203
1781357790883 13.138077735900879 204
1781357790890 12.409475326538086 205
1781357790895 10.217665672302246 206
1781357790901 10.963053703308105 207
1781357790908 9.589624404907227 208
1781357790913 9.209267616271973 209
1781357790921 8.012121200561523 210
1781357790926 6.183409690856934 211
1781357790934 7.108684539794922 212
1781357790940 6.963242053985596 213
1781357790946 5.717825889587402 214
1781357790952 4.406713485717773 215
1781357790957 4.262886047363281 216
1781357790963 3.3029375076293945 217
1781357790969 3.5008950233459473 218
1781357790975 1.5756731033325195 219
1781357790981 2.953911542892456 220
1781357790988 3.277310848236084 221
1781357790994 2.1730079650878906 222
1781357791002 2.0947976112365723 223
1781357791007 2.964871644973755 224
1781357791015 2.270064353942871 225
1781357791021 2.44284725189209 226
1781357791028 2.126723051071167 227
1781357791034 2.776836395263672 228
1781357791040 0.8441770076751709 229
1781357791047 1.9455071687698364 230
1781357791052 1.0752389430999756 231
1781357791058 2.3521981239318848 232
1781357791064 1.3970917463302612 233
1781357791069 1.851934552192688 234
1781357791076 2.178662061691284 235
1781357791082 1.8918274641036987 236
1781357791088 1.1421936750411987 237
1781357791094 0.9665878415107727 238
1781357791100 1.7013099193572998 239
1781357791106 1.5080277919769287 240
1781357791112 1.2884684801101685 241
1781357791117 1.5420228242874146 242
1781357791122 1.677900791168213 243
1781357791129 2.0136306285858154 244
1781357791134 1.8787720203399658 245
1781357791140 1.2837693691253662 246
1781357791147 1.3986010551452637 247
1781357791153 1.2362009286880493 248
1781357791160 2.2140941619873047 249
1781357791166 0.7183018922805786 250
1781357791172 0.7525736689567566 251
1781357791177 1.0359734296798706 252
1781357791182 0.8672683835029602 253
1781357791187 1.1811443567276 254
1781357791192 0.8645703792572021 255
1781357791198 0.8781939148902893 256
1781357791203 1.2813193798065186 257
1781357791209 1.2545080184936523 258
1781357791213 0.6984775066375732 259
1781357791218 1.07808518409729 260
1781357791223 1.5444214344024658 261
1781357791227 1.078035593032837 262
1781357791232 0.8470627069473267 263
1781357791237 1.9254798889160156 264
1781357791242 0.5462828278541565 265
1781357791247 0.7743006944656372 266
1781357791253 0.7649991512298584 267
1781357791259 0.3763098120689392 268
1781357791263 1.5360828638076782 269
1781357791269 1.0043739080429077 270
1781357791274 0.9343445301055908 271
1781357791278 1.2553160190582275 272
1781357791283 1.721968650817871 273
1781357791288 0.7216411828994751 274
1781357791293 1.0090994834899902 275
1781357791298 1.2364109754562378 276
1781357791303 1.063232660293579 277
1781357791308 1.1845910549163818 278
1781357791312 1.0513273477554321 279
1781357791317 1.1549503803253174 280
1781357791323 1.3222413063049316 281
1781357791328 1.0698127746582031 282
1781357791333 0.8971168398857117 283
1781357791338 1.281055212020874 284
1781357791343 0.3326053321361542 285
1781357791347 0.5210874080657959 286
1781357791353 1.1290005445480347 287
1781357791357 0.37339654564857483 288
1781357791362 0.7840110063552856 289
1781357791368 1.0171425342559814 290
1781357791372 0.5558969378471375 291
1781357791378 1.299585223197937 292
1781357791383 1.5701074600219727 293
1781357791388 0.945205569267273 294
1781357791393 1.6099554300308228 295
1781357791398 1.2787927389144897 296
1781357791403 1.3493486642837524 297
1781357791408 0.7974133491516113 298
1781357791413 1.2420166730880737 299
1781357791418 0.3766753673553467 300
1781357791422 1.2183659076690674 301
1781357791427 0.7993248105049133 302
1781357791432 0.7204591035842896 303
1781357791437 0.4887940287590027 304
1781357791443 1.0273691415786743 305
1781357791447 0.9231086373329163 306
1781357791452 1.4744924306869507 307
1781357791457 0.7355911135673523 308
1781357791462 0.561693012714386 309
1781357791468 0.5476601719856262 310
1781357791473 0.9659247398376465 311
1781357791477 0.605279803276062 312
1781357791482 1.1429983377456665 313
1781357791487 0.7751661539077759 314
1781357791492 1.1085419654846191 315
1781357791498 0.5237627625465393 316
1781357791502 0.8144589066505432 317
1781357791507 0.5684614777565002 318
1781357791512 0.7309105396270752 319
1781357791517 0.7823489904403687 320
1781357791521 0.6050944924354553 321
1781357791526 0.3187609016895294 322
1781357791531 0.4099113643169403 323
1781357791536 0.48563769459724426 324
1781357791541 0.7093427181243896 325
1781357791548 0.9386195540428162 326
1781357791552 0.7485423684120178 327
1781357791557 0.6829034686088562 328
1781357791562 0.3575610816478729 329
1781357791567 0.6475271582603455 330
1781357791573 1.1238833665847778 331
1781357791577 0.6268612146377563 332
1781357791582 0.5920396447181702 333
1781357791588 0.47868260741233826 334
1781357791594 0.2992286682128906 335
1781357791599 0.688755989074707 336
1781357791605 0.7821592688560486 337
1781357791610 0.5038667917251587 338
1781357791615 0.586653470993042 339
1781357791620 0.8855795860290527 340
1781357791626 0.20743238925933838 341
1781357791631 0.5558280348777771 342
1781357791638 0.49008306860923767 343
1781357791642 0.6925526261329651 344
1781357791647 0.5664471387863159 345
1781357791652 0.5460390448570251 346
1781357791657 0.48312389850616455 347
1781357791662 0.8011174201965332 348
1781357791668 1.3880062103271484 349
1781357791674 0.5596449375152588 350
1781357791679 0.47828084230422974 351
1781357791688 0.9322649240493774 352
1781357791693 0.6787185668945312 353
1781357791701 0.1651630401611328 354
1781357791707 0.46902167797088623 355
1781357791712 0.15442661941051483 356
1781357791718 0.48546302318573 357
1781357791724 1.0978307723999023 358
1781357791729 0.5097551941871643 359
1781357791735 0.6703262329101562 360
1781357791741 0.12259162217378616 361
1781357791747 0.5124831199645996 362
1781357791753 0.39884862303733826 363
1781357791759 0.47839170694351196 364
1781357791765 0.7190346121788025 365
1781357791771 0.3162378966808319 366
1781357791776 0.551957368850708 367
1781357791783 0.4181736707687378 368
1781357791789 0.46272632479667664 369
1781357791794 0.7505238652229309 370
1781357791801 0.35623374581336975 371
1781357791806 0.5818087458610535 372
1781357791813 0.5195015668869019 373
1781357791819 0.387820839881897 374
1781357791823 0.6606629490852356 375
1781357791829 0.32875311374664307 376
1781357791834 0.48349422216415405 377
1781357791840 0.41907644271850586 378
1781357791846 0.5614902377128601 379
1781357791851 0.5263344049453735 380
1781357791856 0.2937101423740387 381
1781357791862 0.23559972643852234 382
1781357791867 0.33611348271369934 383
1781357791872 0.40997186303138733 384
1781357791878 0.45707637071609497 385
1781357791882 0.32428544759750366 386
1781357791887 0.1975988745689392 387
1781357791892 0.3580380976200104 388
1781357791897 0.2547033429145813 389
1781357791902 0.6800026297569275 390
1781357791907 0.3326077461242676 391
1781357791912 0.3217924237251282 392
1781357791917 0.30898892879486084 393
1781357791922 0.7842658162117004 394
1781357791927 0.4878543019294739 395
1781357791932 0.2498658299446106 396
1781357791936 0.23590002954006195 397
1781357791942 0.4803471863269806 398
1781357791947 0.4059377610683441 399
1781357791951 0.2622339427471161 400
1781357791956 0.1687549352645874 401
1781357791961 0.2929794192314148 402
1781357791966 0.20433005690574646 403
1781357791971 0.5781975388526917 404
1781357791976 0.2317749559879303 405
1781357791981 0.3216898441314697 406
1781357791986 0.5098415017127991 407
1781357791992 0.1804092824459076 408
1781357791998 0.3171772360801697 409
1781357792003 0.23733848333358765 410
1781357792008 0.35163652896881104 411
1781357792013 0.48738157749176025 412
1781357792018 0.3505170941352844 413
1781357792023 0.3026212751865387 414
1781357792027 0.22248654067516327 415
1781357792032 0.22814416885375977 416
1781357792037 0.18927901983261108 417
1781357792042 0.29477569460868835 418
1781357792047 0.48669153451919556 419
1781357792051 0.23118528723716736 420
1781357792057 0.23475788533687592 421
1781357792061 0.2446361631155014 422
1781357792066 0.18418508768081665 423
1781357792072 0.33695003390312195 424
1781357792076 0.6262677907943726 425
1781357792082 0.2516613304615021 426
1781357792087 0.18281146883964539 427
1781357792092 0.1864258050918579 428
1781357792096 0.29998794198036194 429
1781357792102 0.32520025968551636 430
1781357792106 0.24237971007823944 431
1781357792110 0.27407902479171753 432
1781357792117 0.22760796546936035 433
1781357792122 0.30377447605133057 434
1781357792126 0.328766793012619 435
1781357792132 0.26668232679367065 436
1781357792138 0.24279791116714478 437
1781357792145 0.11638951301574707 438
1781357792151 0.22922693192958832 439
1781357792157 0.17126573622226715 440
1781357792164 0.26661261916160583 441
1781357792169 0.19835418462753296 442
1781357792175 0.2533525824546814 443
1781357792181 0.2591840922832489 444
1781357792187 0.2451609969139099 445
1781357792193 0.2733895778656006 446
1781357792199 0.20468808710575104 447
1781357792205 0.1530698537826538 448
1781357792211 0.20544061064720154 449
1781357792217 0.23552089929580688 450
1781357792222 0.24528157711029053 451
1781357792228 0.17745956778526306 452
1781357792234 0.12237554788589478 453
1781357792239 0.19346290826797485 454
1781357792245 0.2661862373352051 455
1781357792251 0.2152411937713623 456
1781357792257 0.20218129456043243 457
1781357792263 0.2232634425163269 458
1781357792268 0.182392880320549 459
1781357792275 0.21476775407791138 460
1781357792281 0.192196786403656 461
1781357792286 0.22786322236061096 462
1781357792293 0.19241651892662048 463
1781357792299 0.1126634031534195 464
1781357792305 0.1978132277727127 465
1781357792311 0.23528775572776794 466
1781357792317 0.25694072246551514 467
1781357792323 0.2031932771205902 468
1781357792330 0.18300732970237732 469
1781357792335 0.20750069618225098 470
1781357792341 0.16279853880405426 471
1781357792348 0.18552492558956146 472
1781357792355 0.14026619493961334 473
1781357792362 0.17962771654129028 474
1781357792367 0.10996558517217636 475
1781357792374 0.1925884485244751 476
1781357792380 0.19500109553337097 477
1781357792386 0.17751219868659973 478
1781357792392 0.18794317543506622 479
1781357792398 0.18076801300048828 480
1781357792406 0.15443885326385498 481
1781357792413 0.14854353666305542 482
1781357792420 0.2023838758468628 483
1781357792439 0.18844181299209595 484
1781357792445 0.10341446101665497 485
1781357792450 0.20251117646694183 486
1781357792457 0.16439493000507355 487
1781357792462 0.17974278330802917 488
1781357792469 0.22154147922992706 489
1781357792474 0.1760416477918625 490
1781357792480 0.11835260689258575 491
1781357792488 0.17651796340942383 492
1781357792494 0.1552194356918335 493
1781357792500 0.21048516035079956 494
1781357792507 0.18628764152526855 495
1781357792513 0.13501878082752228 496
1781357792519 0.20465263724327087 497
1781357792525 0.1100129783153534 498
1781357792532 0.11490637063980103 499
1781357792538 0.17784491181373596 500
1781357792544 0.14906379580497742 501
1781357792550 0.21506601572036743 502
1781357792556 0.17011861503124237 503
1781357792561 0.12464914470911026 504
1781357792568 0.1471586376428604 505
1781357792574 0.13719521462917328 506
1781357792580 0.14670109748840332 507
1781357792586 0.13872161507606506 508
1781357792591 0.14593280851840973 509
1781357792598 0.11566999554634094 510
1781357792603 0.1339419186115265 511
1781357792608 0.12002091854810715 512
1781357792615 0.14939184486865997 513
1781357792621 0.1677657961845398 514
1781357792627 0.18939197063446045 515
1781357792633 0.1386408805847168 516
1781357792638 0.17323575913906097 517
1781357792644 0.15382561087608337 518
1781357792650 0.15842461585998535 519
1781357792656 0.25848838686943054 520
1781357792663 0.12048792093992233 521
1781357792669 0.15894871950149536 522
1781357792676 0.16524392366409302 523
1781357792682 0.10612259060144424 524
1781357792689 0.15777373313903809 525
1781357792696 0.12818822264671326 526
1781357792701 0.1363302320241928 527
1781357792708 0.17067185044288635 528
1781357792714 0.11204163730144501 529
1781357792720 0.15035194158554077 530
1781357792727 0.15146276354789734 531
1781357792733 0.12390710413455963 532
1781357792740 0.11411360651254654 533
1781357792749 0.15433457493782043 534
1781357792756 0.10462900996208191 535
1781357792762 0.12734174728393555 536
1781357792767 0.14463722705841064 537
1781357792774 0.18096187710762024 538
1781357792780 0.16301308572292328 539
1781357792788 0.11019231379032135 540
1781357792796 0.12395069748163223 541
1781357792802 0.15530315041542053 542
1781357792808 0.111565500497818 543
1781357792815 0.10741795599460602 544
1781357792821 0.13444244861602783 545
1781357792827 0.12377601116895676 546
1781357792834 0.11194334924221039 547
1781357792841 0.1682150810956955 548
1781357792848 0.17251694202423096 549
1781357792855 0.0934307724237442 550
1781357792861 0.14701935648918152 551
1781357792869 0.12408318370580673 552
1781357792876 0.13016320765018463 553
1781357792883 0.10635988414287567 554
1781357792892 0.1501721441745758 555
1781357792900 0.1524381935596466 556
1781357792907 0.1449321210384369 557
1781357792915 0.16223040223121643 558
1781357792921 0.1182502955198288 559
1781357792928 0.15346089005470276 560
1781357792935 0.14324617385864258 561
1781357792942 0.08602029085159302 562
1781357792948 0.11383388936519623 563
1781357792954 0.10988371074199677 564
1781357792963 0.10417990386486053 565
1781357792969 0.10430584847927094 566
1781357792977 0.11753563582897186 567
1781357792984 0.14875385165214539 568
1781357792990 0.08556179702281952 569
1781357792996 0.08966217935085297 570
1781357793002 0.12193108350038528 571
1781357793009 0.07261237502098083 572
1781357793016 0.12570810317993164 573
1781357793024 0.1248885840177536 574
1781357793031 0.12689954042434692 575
1781357793038 0.0839187353849411 576
1781357793045 0.11052538454532623 577
1781357793052 0.14282609522342682 578
1781357793059 0.1343613713979721 579
1781357793065 0.10695622861385345 580
1781357793073 0.10584165155887604 581
1781357793079 0.09201961010694504 582
1781357793085 0.08602280914783478 583
1781357793092 0.08726027607917786 584
1781357793101 0.14133861660957336 585
1781357793109 0.15800537168979645 586
1781357793116 0.14511626958847046 587
1781357793123 0.11512184143066406 588
1781357793130 0.136521115899086 589
1781357793137 0.12117599695920944 590
1781357793143 0.13679391145706177 591
1781357793154 0.07732179760932922 592
1781357793161 0.12147291004657745 593
1781357793167 0.10685942322015762 594
1781357793174 0.10380752384662628 595
1781357793182 0.12912574410438538 596
1781357793188 0.1667313575744629 597
1781357793196 0.12380703538656235 598
1781357793204 0.12647584080696106 599
1781357793211 0.20732992887496948 600
1781357793219 0.09364742785692215 601
1781357793225 0.16545090079307556 602
1781357793232 0.10165923088788986 603
1781357793240 0.06880588829517365 604
1781357793247 0.09710763394832611 605
1781357793253 0.14594924449920654 606
1781357793259 0.12872785329818726 607
1781357793266 0.12504741549491882 608
1781357793274 0.06543156504631042 609
1781357793280 0.11802713572978973 610
1781357793287 0.1344253271818161 611
1781357793295 0.07181762903928757 612
1781357793301 0.14164887368679047 613
1781357793308 0.12632055580615997 614
1781357793314 0.08928430080413818 615
1781357793323 0.09608633816242218 616
1781357793329 0.0830678939819336 617
1781357793336 0.11149056255817413 618
1781357793343 0.16555127501487732 619
1781357793349 0.07724078744649887 620
1781357793356 0.08746318519115448 621
1781357793363 0.09572465717792511 622
1781357793369 0.1145227700471878 623
1781357793378 0.11951380968093872 624
1781357793385 0.11270211637020111 625
1781357793393 0.12464642524719238 626
1781357793401 0.11547242850065231 627
1781357793406 0.15237125754356384 628
1781357793415 0.09665943682193756 629
1781357793421 0.11408489942550659 630
1781357793428 0.1611240655183792 631
1781357793435 0.07232725620269775 632
1781357793442 0.13569986820220947 633
1781357793450 0.0960504561662674 634
1781357793457 0.12894359230995178 635
1781357793465 0.0957944467663765 636
1781357793471 0.08311895281076431 637
1781357793478 0.09912323951721191 638
1781357793484 0.10349254310131073 639
1781357793491 0.13416287302970886 640
1781357793498 0.10457569360733032 641
1781357793504 0.07744748890399933 642
1781357793512 0.148127481341362 643
1781357793518 0.11345155537128448 644
1781357793525 0.0797334760427475 645
1781357793531 0.08524549007415771 646
1781357793537 0.11014100909233093 647
1781357793543 0.08965681493282318 648
1781357793550 0.12089700996875763 649
1781357793558 0.1266094595193863 650
1781357793564 0.1369301676750183 651
1781357793573 0.069520965218544 652
1781357793579 0.10696969926357269 653
1781357793586 0.09494524449110031 654
1781357793595 0.0894501656293869 655
1781357793609 0.09516105055809021 656
1781357793619 0.1232576072216034 657
1781357793633 0.10554514825344086 658
1781357793649 0.13882075250148773 659
1781357793662 0.08362235873937607 660
1781357793673 0.07588176429271698 661
1781357793683 0.1343756914138794 662
1781357793691 0.09271936118602753 663
1781357793698 0.11318070441484451 664
1781357793705 0.08498615026473999 665
1781357793711 0.10584098100662231 666
1781357793718 0.0874180942773819 667
1781357793724 0.1060633733868599 668
1781357793732 0.13454201817512512 669
1781357793737 0.10108335316181183 670
1781357793743 0.05512634292244911 671
1781357793749 0.10889246314764023 672
1781357793755 0.11982804536819458 673
1781357793761 0.09293374419212341 674
1781357793768 0.08392034471035004 675
1781357793774 0.13498742878437042 676
1781357793781 0.09751690924167633 677
1781357793787 0.0771758109331131 678
1781357793794 0.1546843945980072 679
1781357793801 0.16344989836215973 680
1781357793807 0.05716169625520706 681
1781357793814 0.09789233654737473 682
1781357793820 0.09613249450922012 683
1781357793825 0.09168858081102371 684
1781357793831 0.08692291378974915 685
1781357793836 0.10275665670633316 686
1781357793842 0.10455812513828278 687
1781357793848 0.09208058565855026 688
1781357793854 0.07272729277610779 689
1781357793861 0.07346875220537186 690
1781357793868 0.05637757480144501 691
1781357793875 0.1392640322446823 692
1781357793882 0.0641549825668335 693
1781357793888 0.06902500987052917 694
1781357793894 0.055556077510118484 695
1781357793900 0.1360400915145874 696
1781357793905 0.0579705536365509 697
1781357793911 0.060886792838573456 698
1781357793917 0.05385436862707138 699
1781357793923 0.14302462339401245 700
1781357793929 0.07441802322864532 701
1781357793935 0.06541675329208374 702
1781357793941 0.10406052321195602 703
1781357793946 0.09882709383964539 704
1781357793952 0.1155586987733841 705
1781357793957 0.060759156942367554 706
1781357793963 0.044958941638469696 707
1781357793969 0.07119696587324142 708
1781357793975 0.09614846855401993 709
1781357793980 0.10519295185804367 710
1781357793986 0.06207174062728882 711
1781357793992 0.092503622174263 712
1781357793998 0.0819394588470459 713
1781357794005 0.06270328164100647 714
1781357794011 0.1003735214471817 715
1781357794017 0.05641649663448334 716
1781357794023 0.07837779819965363 717
1781357794028 0.08921726047992706 718
1781357794034 0.04711073637008667 719
1781357794040 0.1315033733844757 720
1781357794046 0.13696452975273132 721
1781357794053 0.08944101631641388 722
1781357794060 0.14473284780979156 723
1781357794066 0.06680704653263092 724
1781357794072 0.08861123025417328 725
1781357794079 0.06290194392204285 726
1781357794085 0.045512955635786057 727
1781357794091 0.0951274186372757 728
1781357794097 0.09606174379587173 729
1781357794103 0.11721623688936234 730
1781357794109 0.05248884856700897 731
1781357794115 0.09468652307987213 732
1781357794121 0.12838977575302124 733
1781357794127 0.054092008620500565 734
1781357794133 0.08674778789281845 735
1781357794140 0.10779213905334473 736
1781357794145 0.044558506458997726 737
1781357794152 0.14062240719795227 738
1781357794158 0.0688544511795044 739
1781357794164 0.047903984785079956 740
1781357794170 0.07704104483127594 741
1781357794176 0.08741645514965057 742
1781357794182 0.1119823157787323 743
1781357794187 0.07267588376998901 744
1781357794195 0.0879138708114624 745
1781357794201 0.10752134770154953 746
1781357794206 0.09905000030994415 747
1781357794212 0.07481927424669266 748
1781357794218 0.07955221831798553 749
1781357794223 0.14236149191856384 750
1781357794231 0.08282631635665894 751
1781357794238 0.10249195992946625 752
1781357794247 0.0831230953335762 753
1781357794254 0.06733503192663193 754
1781357794262 0.062328677624464035 755
1781357794269 0.042559098452329636 756
1781357794277 0.08793137222528458 757
1781357794284 0.0759897232055664 758
1781357794290 0.09240792691707611 759
1781357794298 0.06605041772127151 760
1781357794305 0.13240471482276917 761
1781357794312 0.06253582239151001 762
1781357794319 0.10757820308208466 763
1781357794326 0.06712928414344788 764
1781357794333 0.07615110278129578 765
1781357794342 0.05704501271247864 766
1781357794348 0.06758297979831696 767
1781357794356 0.0413813516497612 768
1781357794363 0.07167430967092514 769
1781357794371 0.06862099468708038 770
1781357794380 0.045768626034259796 771
1781357794387 0.06307009607553482 772
1781357794394 0.10995770990848541 773
1781357794402 0.09487208724021912 774
1781357794410 0.07390563935041428 775
1781357794416 0.07530582696199417 776
1781357794424 0.05451073497533798 777
1781357794429 0.06442403793334961 778
1781357794435 0.06659453362226486 779
1781357794441 0.11147351562976837 780
1781357794447 0.07089672237634659 781
1781357794453 0.05086877942085266 782
1781357794459 0.0920199453830719 783
1781357794465 0.0521150603890419 784
1781357794472 0.06670284271240234 785
1781357794478 0.07386112958192825 786
1781357794484 0.07836353778839111 787
1781357794491 0.07604654133319855 788
1781357794498 0.04081571847200394 789
1781357794506 0.11199937760829926 790
1781357794512 0.08488593250513077 791
1781357794518 0.07818394154310226 792
1781357794524 0.09665282815694809 793
1781357794531 0.06836438179016113 794
1781357794537 0.06629550457000732 795
1781357794542 0.12357839941978455 796
1781357794548 0.055414967238903046 797
1781357794554 0.07323251664638519 798
1781357794559 0.07922074943780899 799
1781357794566 0.04162464290857315 800
1781357794571 0.06250110268592834 801
1781357794577 0.04011360555887222 802
1781357794583 0.0828515812754631 803
1781357794589 0.06034327298402786 804
1781357794595 0.061415091156959534 805
1781357794601 0.05472065508365631 806
1781357794608 0.05791636183857918 807
1781357794614 0.026187509298324585 808
1781357794620 0.09916694462299347 809
1781357794626 0.03750797361135483 810
1781357794632 0.05650259181857109 811
1781357794637 0.0963684692978859 812
1781357794644 0.0450039803981781 813
1781357794650 0.0747159793972969 814
1781357794655 0.06965585052967072 815
1781357794662 0.07210318744182587 816
1781357794667 0.06251226365566254 817
1781357794674 0.08142422139644623 818
1781357794680 0.05981661379337311 819
1781357794685 0.057225801050662994 820
1781357794691 0.07197824865579605 821
1781357794697 0.1196068823337555 822
1781357794702 0.06500260531902313 823
1781357794709 0.07832029461860657 824
1781357794714 0.04565856605768204 825
1781357794720 0.07716596871614456 826
1781357794726 0.06139561906456947 827
1781357794732 0.05338398367166519 828
1781357794738 0.03445162996649742 829
1781357794744 0.053796593099832535 830
1781357794749 0.09051814675331116 831
1781357794755 0.1067221611738205 832
1781357794761 0.09043866395950317 833
1781357794767 0.08970879018306732 834
1781357794773 0.049927689135074615 835
1781357794780 0.10954082012176514 836
1781357794786 0.128390833735466 837
1781357794792 0.08647383749485016 838
1781357794798 0.07196035981178284 839
1781357794804 0.07567477971315384 840
1781357794810 0.09350776672363281 841
1781357794815 0.05184654891490936 842
1781357794821 0.06752270460128784 843
1781357794827 0.13438835740089417 844
1781357794833 0.06404384970664978 845
1781357794839 0.07873040437698364 846
1781357794844 0.05774352699518204 847
1781357794852 0.06293810904026031 848
1781357794858 0.061873018741607666 849
1781357794863 0.03453643620014191 850
1781357794870 0.09751946479082108 851
1781357794875 0.038694385439157486 852
1781357794881 0.06725095957517624 853
1781357794887 0.08353444933891296 854
1781357794893 0.1042550802230835 855
1781357794899 0.09013071656227112 856
1781357794905 0.07061678171157837 857
1781357794911 0.06504631787538528 858
1781357794918 0.062451187521219254 859
1781357794924 0.046799976378679276 860
1781357794931 0.10014842450618744 861
1781357794937 0.04295148700475693 862
1781357794943 0.04541537165641785 863
1781357794949 0.06604508310556412 864
1781357794954 0.04346311837434769 865
1781357794960 0.06466894596815109 866
1781357794966 0.06963024288415909 867
1781357794972 0.10524531453847885 868
1781357794978 0.0807560384273529 869
1781357794984 0.04657972604036331 870
1781357794991 0.058951787650585175 871
1781357794998 0.03329344093799591 872
1781357795003 0.07601212710142136 873
1781357795010 0.06226078420877457 874
1781357795016 0.07888755202293396 875
1781357795021 0.0440090149641037 876
1781357795029 0.12162119895219803 877
1781357795035 0.035342320799827576 878
1781357795042 0.03348169103264809 879
1781357795051 0.09275344759225845 880
1781357795058 0.059365831315517426 881
1781357795066 0.03649862855672836 882
1781357795072 0.08501165360212326 883
1781357795081 0.025555860251188278 884
1781357795087 0.06042589247226715 885
1781357795095 0.09987068176269531 886
1781357795108 0.04665867239236832 887
1781357795115 0.06248261779546738 888
1781357795122 0.09954840689897537 889
1781357795129 0.08223998546600342 890
1781357795137 0.09151459485292435 891
1781357795145 0.038720276206731796 892
1781357795153 0.04186088219285011 893
1781357795160 0.04537337273359299 894
1781357795168 0.1155565083026886 895
1781357795175 0.10612368583679199 896
1781357795182 0.06859854608774185 897
1781357795189 0.03736861050128937 898
1781357795196 0.05284586176276207 899
1781357795203 0.13226240873336792 900
1781357795211 0.0554959662258625 901
1781357795218 0.07011962682008743 902
1781357795225 0.06776466965675354 903
1781357795232 0.05995901674032211 904
1781357795238 0.06432364135980606 905
1781357795244 0.09641844779253006 906
1781357795250 0.09483952075242996 907
1781357795256 0.038534145802259445 908
1781357795262 0.10430236160755157 909
1781357795268 0.051060017198324203 910
1781357795274 0.0366891585290432 911
1781357795280 0.0455985888838768 912
1781357795286 0.039919380098581314 913
1781357795293 0.030852297320961952 914
1781357795299 0.043801285326480865 915
1781357795304 0.0822979211807251 916
1781357795310 0.05307468771934509 917
1781357795316 0.05114138126373291 918
1781357795321 0.09749909490346909 919
1781357795327 0.05127697065472603 920
1781357795333 0.0397992767393589 921
1781357795340 0.04574090242385864 922
1781357795348 0.11505480855703354 923
1781357795354 0.05373732000589371 924
1781357795360 0.11820024251937866 925
1781357795366 0.05723318085074425 926
1781357795372 0.08540956676006317 927
1781357795378 0.057746902108192444 928
1781357795383 0.09406188130378723 929
1781357795389 0.07633208483457565 930
1781357795394 0.04136413335800171 931
1781357795400 0.10112477093935013 932
1781357795405 0.023644592612981796 933
1781357795412 0.10623233020305634 934
1781357795417 0.06256519258022308 935
1781357795423 0.06786397844552994 936
1781357795733 0.054881058633327484 937
1781357795739 0.07239796221256256 938
1781357795744 0.09674075990915298 939
1781357795750 0.06302665919065475 940
1781357795757 0.07749006897211075 941
1781357795762 0.05778472498059273 942
1781357795768 0.09724797308444977 943
1781357795774 0.07943490892648697 944
1781357795780 0.039903804659843445 945
1781357795785 0.053263548761606216 946
1781357795791 0.04851999133825302 947
1781357795797 0.04623056948184967 948
1781357795802 0.05076242983341217 949
1781357795808 0.0632442831993103 950
1781357795815 0.042859792709350586 951
1781357795820 0.0377163328230381 952
1781357795826 0.07487323135137558 953
1781357795832 0.029774880036711693 954
1781357795838 0.0537521094083786 955
1781357795844 0.10378968715667725 956
1781357795850 0.05200659856200218 957
1781357795856 0.04940362274646759 958
1781357795862 0.03343041613698006 959
1781357795868 0.04854223132133484 960
1781357795874 0.05350469797849655 961
1781357795879 0.05112592130899429 962
1781357795884 0.056470707058906555 963
1781357795891 0.03730861097574234 964
1781357795898 0.04833657667040825 965
1781357795907 0.041387416422367096 966
1781357795912 0.10945108532905579 967
1781357795918 0.05100405961275101 968
1781357795924 0.04092162847518921 969
1781357795930 0.08379998803138733 970
1781357795936 0.07949121296405792 971
1781357795942 0.09405456483364105 972
1781357795949 0.0589616596698761 973
1781357795955 0.05469457805156708 974
1781357795961 0.11026947945356369 975
1781357795966 0.07348748296499252 976
1781357795972 0.05528591573238373 977
1781357795979 0.04415157437324524 978
1781357795985 0.07097279280424118 979
1781357795992 0.025386452674865723 980
1781357795997 0.06996767222881317 981
1781357796003 0.1072733998298645 982
1781357796009 0.10002399981021881 983
1781357796016 0.04081094264984131 984
1781357796022 0.04844183474779129 985
1781357796029 0.07932202517986298 986
1781357796035 0.019257081672549248 987
1781357796042 0.04475667327642441 988
1781357796048 0.04279625415802002 989
1781357796055 0.05834037438035011 990
1781357796063 0.054001837968826294 991
1781357796069 0.08623381704092026 992
1781357796074 0.12306837737560272 993
1781357796080 0.05504912883043289 994
1781357796087 0.06305685639381409 995
1781357796092 0.054212767630815506 996
1781357796099 0.04026392847299576 997
1781357796105 0.07384426146745682 998
1781357796111 0.05369691550731659 999
1781357796117 0.018877170979976654 1000
1781357796123 0.06695150583982468 1001
1781357796129 0.09448745846748352 1002
1781357796135 0.05653603374958038 1003
1781357796141 0.037008628249168396 1004
1781357796148 0.03708098083734512 1005
1781357796154 0.06485800445079803 1006
1781357796160 0.08968038856983185 1007
1781357796165 0.06415651738643646 1008
1781357796170 0.0623081773519516 1009
1781357796176 0.030449016019701958 1010
1781357796182 0.04369713366031647 1011
1781357796188 0.07573328167200089 1012
1781357796195 0.0571964792907238 1013
1781357796201 0.11064913868904114 1014
1781357796208 0.06647457927465439 1015
1781357796214 0.08507725596427917 1016
1781357796219 0.06683633476495743 1017
1781357796226 0.0750504583120346 1018
1781357796232 0.07805174589157104 1019
1781357796238 0.03193951025605202 1020
1781357796244 0.04725128412246704 1021
1781357796250 0.05830901861190796 1022
1781357796256 0.11512929201126099 1023
1781357796262 0.04867139458656311 1024
1781357796267 0.05753304809331894 1025
1781357796273 0.04603210464119911 1026
1781357796279 0.05758064240217209 1027
1781357796285 0.029717937111854553 1028
1781357796292 0.09488596767187119 1029
1781357796298 0.06312190741300583 1030
1781357796304 0.06212744861841202 1031
1781357796311 0.06694868206977844 1032
1781357796316 0.05120058357715607 1033
1781357796322 0.08285294473171234 1034
1781357796328 0.06640903651714325 1035
1781357796334 0.0408206582069397 1036
1781357796340 0.034828461706638336 1037
1781357796346 0.04856901615858078 1038
1781357796352 0.06308617442846298 1039
1781357796357 0.0372537299990654 1040
1781357796363 0.058050453662872314 1041
1781357796368 0.022106099873781204 1042
1781357796374 0.08426032960414886 1043
1781357796379 0.11030922830104828 1044
1781357796386 0.058067891746759415 1045
1781357796392 0.03522498905658722 1046
1781357796397 0.04134032875299454 1047
1781357796403 0.05670291557908058 1048
1781357796409 0.04038776457309723 1049
1781357796414 0.05552902817726135 1050
1781357796420 0.033143773674964905 1051
1781357796426 0.04545075073838234 1052
1781357796431 0.05865268036723137 1053
1781357796438 0.05597938969731331 1054
1781357796443 0.08997583389282227 1055
1781357796449 0.038362301886081696 1056
1781357796454 0.08214008808135986 1057
1781357796460 0.06930747628211975 1058
1781357796466 0.07491203397512436 1059
1781357796472 0.058175913989543915 1060
1781357796478 0.06658460199832916 1061
1781357796484 0.05522030219435692 1062
1781357796490 0.09134861826896667 1063
1781357796496 0.06851735711097717 1064
1781357796502 0.06533673405647278 1065
1781357796509 0.13659191131591797 1066
1781357796514 0.057483602315187454 1067
1781357796520 0.06824016571044922 1068
1781357796526 0.04905286803841591 1069
1781357796532 0.05259917676448822 1070
1781357796537 0.08327635377645493 1071
1781357796543 0.06510599702596664 1072
1781357796549 0.09226053208112717 1073
1781357796554 0.07991808652877808 1074
1781357796560 0.08287159353494644 1075
1781357796566 0.0752178505063057 1076
1781357796572 0.045386672019958496 1077
1781357796579 0.0834459662437439 1078
1781357796584 0.03943825140595436 1079
1781357796590 0.061743684113025665 1080
1781357796596 0.0791819617152214 1081
1781357796602 0.04297294467687607 1082
1781357796607 0.059946682304143906 1083
1781357796613 0.03444628790020943 1084
1781357796619 0.05485028773546219 1085
1781357796624 0.1364724487066269 1086
1781357796630 0.08775653690099716 1087
1781357796636 0.020423639565706253 1088
1781357796642 0.06592444330453873 1089
1781357796647 0.08362554013729095 1090
1781357796653 0.054292112588882446 1091
1781357796660 0.06296367943286896 1092
1781357796666 0.04994890093803406 1093
1781357796672 0.05456455796957016 1094
1781357796678 0.11395178735256195 1095
1781357796684 0.05307632312178612 1096
1781357796690 0.026886124163866043 1097
1781357796697 0.039657991379499435 1098
1781357796702 0.07440455257892609 1099
1781357796708 0.0431053526699543 1100
1781357796715 0.06480710953474045 1101
1781357796721 0.024187438189983368 1102
1781357796727 0.12852567434310913 1103
1781357796732 0.12310323864221573 1104
1781357796738 0.06960011273622513 1105
1781357796743 0.03854626044631004 1106
1781357796749 0.060908667743206024 1107
1781357796756 0.04614397883415222 1108
1781357796762 0.025532951578497887 1109
1781357796768 0.034077394753694534 1110
1781357796775 0.03377386927604675 1111
1781357796780 0.06850136816501617 1112
1781357796787 0.095007985830307 1113
1781357796793 0.08125705271959305 1114
1781357796800 0.08423483371734619 1115
1781357796805 0.08421333134174347 1116
1781357796811 0.046087078750133514 1117
1781357796817 0.039023518562316895 1118
1781357796823 0.09971323609352112 1119
1781357796828 0.05013001337647438 1120
1781357796834 0.04713263362646103 1121
1781357796839 0.11236635595560074 1122
1781357796844 0.02683451399207115 1123
1781357796851 0.05625072494149208 1124
1781357796857 0.028115950524806976 1125
1781357796863 0.07477866113185883 1126
1781357796869 0.09474727511405945 1127
1781357796874 0.0656980350613594 1128
1781357796880 0.053469814360141754 1129
1781357796888 0.056325964629650116 1130
1781357796894 0.032817959785461426 1131
1781357796902 0.09669697284698486 1132
1781357796910 0.07806213200092316 1133
1781357796917 0.04438335448503494 1134
1781357796925 0.04537287354469299 1135
1781357796933 0.025792298838496208 1136
1781357796940 0.04197683557868004 1137
1781357796948 0.08355925977230072 1138
1781357796956 0.04914356395602226 1139
1781357796963 0.08265721052885056 1140
1781357796970 0.02969842031598091 1141
1781357796979 0.055452462285757065 1142
1781357796986 0.06432733684778214 1143
1781357796994 0.03809357061982155 1144
1781357797002 0.029469914734363556 1145
1781357797020 0.07747060805559158 1146
1781357797028 0.07184372842311859 1147
1781357797035 0.08687890321016312 1148
1781357797042 0.14021088182926178 1149
1781357797048 0.05303845554590225 1150
1781357797054 0.11573358625173569 1151
1781357797061 0.04398499056696892 1152
1781357797066 0.04141418635845184 1153
1781357797073 0.02326313778758049 1154
1781357797080 0.05167698487639427 1155
1781357797087 0.03823181241750717 1156
1781357797094 0.04271315783262253 1157
1781357797100 0.028876470401883125 1158
1781357797107 0.05168423801660538 1159
1781357797113 0.038466088473796844 1160
1781357797118 0.024641454219818115 1161
1781357797124 0.04433397948741913 1162
1781357797129 0.029426410794258118 1163
1781357797135 0.02995344251394272 1164
1781357797141 0.031185753643512726 1165
1781357797147 0.027455618605017662 1166
1781357797154 0.08709369599819183 1167
1781357797159 0.057045646011829376 1168
1781357797165 0.04034652188420296 1169
1781357797171 0.0954451784491539 1170
1781357797177 0.07468172907829285 1171
1781357797183 0.018980547785758972 1172
1781357797189 0.036560799926519394 1173
1781357797194 0.07668966054916382 1174
1781357797200 0.02613530121743679 1175
1781357797206 0.04848405346274376 1176
1781357797213 0.02422105334699154 1177
1781357797218 0.03158747777342796 1178
1781357797224 0.1281910240650177 1179
1781357797229 0.10856509953737259 1180
1781357797235 0.0498654730618 1181
1781357797241 0.12976209819316864 1182
1781357797248 0.13015256822109222 1183
1781357797254 0.04587307199835777 1184
1781357797260 0.11202910542488098 1185
1781357797266 0.054799385368824005 1186
1781357797273 0.055309463292360306 1187
1781357797278 0.01653105951845646 1188
1781357797283 0.09662802517414093 1189
1781357797289 0.07640138268470764 1190
1781357797295 0.07312281429767609 1191
1781357797301 0.15344804525375366 1192
1781357797307 0.07580801844596863 1193
1781357797312 0.07666761428117752 1194
1781357797318 0.05842911824584007 1195
1781357797324 0.0498012937605381 1196
1781357797329 0.04030202701687813 1197
1781357797335 0.08010797202587128 1198
1781357797340 0.04791318252682686 1199
1781357797346 0.02168608456850052 1200
1781357797352 0.027520369738340378 1201
1781357797358 0.056997209787368774 1202
1781357797364 0.03616158664226532 1203
1781357797370 0.02987074851989746 1204
1781357797377 0.04841219633817673 1205
1781357797382 0.07280170917510986 1206
1781357797388 0.036576323211193085 1207
1781357797393 0.020851463079452515 1208
1781357797399 0.05938318744301796 1209
1781357797405 0.013803811743855476 1210
1781357797411 0.059890665113925934 1211
1781357797416 0.03147698938846588 1212
1781357797423 0.028732173144817352 1213
1781357797429 0.02018139138817787 1214
1781357797434 0.05717012286186218 1215
1781357797440 0.04116426408290863 1216
1781357797446 0.034933894872665405 1217
1781357797452 0.036260996013879776 1218
1781357797458 0.08562413603067398 1219
1781357797464 0.032408300787210464 1220
1781357797470 0.08969669789075851 1221
1781357797476 0.061149146407842636 1222
1781357797481 0.028484947979450226 1223
1781357797487 0.06093855947256088 1224
1781357797493 0.04010632634162903 1225
1781357797499 0.031117897480726242 1226
1781357797504 0.09361471235752106 1227
1781357797510 0.03621275722980499 1228
1781357797515 0.026690157130360603 1229
1781357797522 0.029370123520493507 1230
1781357797528 0.030791863799095154 1231
1781357797533 0.1159062534570694 1232
1781357797542 0.027663778513669968 1233
1781357797549 0.03603995963931084 1234
1781357797559 0.07350295037031174 1235
1781357797568 0.08067253977060318 1236
1781357797575 0.04622500389814377 1237
1781357797585 0.15076640248298645 1238
1781357797592 0.05116371065378189 1239
1781357797600 0.059564270079135895 1240
1781357797607 0.017960427328944206 1241
1781357797613 0.04706503823399544 1242
1781357797620 0.06912535429000854 1243
1781357797626 0.09078219532966614 1244
1781357797635 0.056686677038669586 1245
1781357797641 0.10662864148616791 1246
1781357797650 0.09776845574378967 1247
1781357797657 0.11894111335277557 1248
1781357797664 0.09800872951745987 1249
1781357797672 0.03840220719575882 1250
1781357797680 0.04157979041337967 1251
1781357797687 0.038614045828580856 1252
1781357797696 0.061488330364227295 1253
1781357797702 0.03958604484796524 1254
1781357797708 0.03379318490624428 1255
1781357797714 0.04671688377857208 1256
1781357797720 0.07293057441711426 1257
1781357797725 0.05734343081712723 1258
1781357797731 0.09239675849676132 1259
1781357797737 0.04173094034194946 1260
1781357797745 0.06594473868608475 1261
1781357797751 0.04700837284326553 1262
1781357797758 0.017690161243081093 1263
1781357797764 0.06677834689617157 1264
1781357797769 0.03727060183882713 1265
1781357797776 0.10012051463127136 1266
1781357797781 0.08557091653347015 1267
1781357797789 0.04037358611822128 1268
1781357797794 0.1299206018447876 1269
1781357797800 0.07198220491409302 1270
1781357797806 0.030901338905096054 1271
1781357797812 0.05893198028206825 1272
1781357797817 0.1059364527463913 1273
1781357797825 0.03844604641199112 1274
1781357797831 0.1267269253730774 1275
1781357797837 0.029612485319375992 1276
1781357797844 0.027000434696674347 1277
1781357797850 0.04525841027498245 1278
1781357797858 0.0407974049448967 1279
1781357797863 0.03897510841488838 1280
1781357797869 0.028088316321372986 1281
1781357797875 0.06033916026353836 1282
1781357797881 0.01930215395987034 1283
1781357797886 0.04393424838781357 1284
1781357797894 0.14502683281898499 1285
1781357797899 0.04371378570795059 1286
1781357797906 0.06713100522756577 1287
1781357797913 0.07433546334505081 1288
1781357797921 0.031966324895620346 1289
1781357797928 0.04641588404774666 1290
1781357797934 0.07081349939107895 1291
1781357797940 0.11587715893983841 1292
1781357797946 0.07316308468580246 1293
1781357797954 0.07173918932676315 1294
1781357797959 0.042314767837524414 1295
1781357797965 0.07150604575872421 1296
1781357797971 0.04132342338562012 1297
1781357797978 0.021275628358125687 1298
1781357797984 0.1503768414258957 1299
1781357797989 0.04940493404865265 1300
1781357797995 0.03227768465876579 1301
1781357798001 0.025297245010733604 1302
1781357798006 0.09612981975078583 1303
1781357798011 0.028727984055876732 1304
1781357798018 0.07613097876310349 1305
1781357798025 0.0211142860352993 1306
1781357798031 0.05585730820894241 1307
1781357798038 0.051681824028491974 1308
1781357798043 0.055040016770362854 1309
1781357798050 0.15882804989814758 1310
1781357798057 0.06481318920850754 1311
1781357798063 0.03252468258142471 1312
1781357798068 0.06455175578594208 1313
1781357798074 0.06754754483699799 1314
1781357798079 0.041986290365457535 1315
1781357798085 0.05102800577878952 1316
1781357798091 0.04137471318244934 1317
1781357798098 0.029998183250427246 1318
1781357798103 0.04033394530415535 1319
1781357798109 0.08392450958490372 1320
1781357798116 0.030399054288864136 1321
1781357798122 0.05853061378002167 1322
1781357798131 0.024891477078199387 1323
1781357798137 0.062033504247665405 1324
1781357798145 0.06293068826198578 1325
1781357798151 0.08563501387834549 1326
1781357798159 0.03819825500249863 1327
1781357798167 0.08935361355543137 1328
1781357798178 0.054924674332141876 1329
1781357798186 0.033902738243341446 1330
1781357798194 0.05472970008850098 1331
1781357798201 0.07269266247749329 1332
1781357798214 0.07709331810474396 1333
1781357798224 0.07164278626441956 1334
1781357798232 0.09606494009494781 1335
1781357798241 0.15885373950004578 1336
1781357798248 0.050547871738672256 1337
1781357798255 0.05665489286184311 1338
1781357798262 0.036791302263736725 1339
1781357798269 0.019390391185879707 1340
1781357798276 0.13619795441627502 1341
1781357798281 0.026706859469413757 1342
1781357798289 0.08260348439216614 1343
1781357798295 0.032221172004938126 1344
1781357798301 0.02397458627820015 1345
1781357798307 0.039236005395650864 1346
1781357798313 0.023541521281003952 1347
1781357798319 0.07563115656375885 1348
1781357798326 0.07943806052207947 1349
1781357798332 0.040902577340602875 1350
1781357798338 0.03219671919941902 1351
1781357798343 0.03128422051668167 1352
1781357798350 0.09387658536434174 1353
1781357798357 0.13266944885253906 1354
1781357798362 0.02488058991730213 1355
1781357798367 0.04214382544159889 1356
1781357798373 0.0833074226975441 1357
1781357798378 0.03868934139609337 1358
1781357798384 0.039992526173591614 1359
1781357798390 0.024957340210676193 1360
1781357798396 0.05999942496418953 1361
1781357798402 0.11527718603610992 1362
1781357798408 0.029545249417424202 1363
1781357798415 0.051328033208847046 1364
1781357798420 0.07323282957077026 1365
1781357798427 0.033944521099328995 1366
1781357798433 0.03784286230802536 1367
1781357798439 0.09485790133476257 1368
1781357798445 0.06816457211971283 1369
1781357798451 0.09237353503704071 1370
1781357798457 0.06793804466724396 1371
1781357798462 0.029089458286762238 1372
1781357798468 0.03046516515314579 1373
1781357798473 0.048600029200315475 1374
1781357798478 0.1210252195596695 1375
1781357798483 0.08951682597398758 1376
1781357798490 0.0609884038567543 1377
1781357798496 0.05252213776111603 1378
1781357798501 0.05634777247905731 1379
1781357798508 0.02079269103705883 1380
1781357798515 0.042811568826436996 1381
1781357798520 0.0594375804066658 1382
1781357798526 0.025901447981595993 1383
1781357798532 0.040099136531353 1384
1781357798537 0.06849469244480133 1385
1781357798543 0.041881538927555084 1386
1781357798549 0.04874115437269211 1387
1781357798554 0.07123851776123047 1388
1781357798560 0.037132177501916885 1389
1781357798565 0.054730676114559174 1390
1781357798571 0.0305174607783556 1391
1781357798577 0.05671028047800064 1392
1781357798582 0.03894812613725662 1393
1781357798589 0.1098833829164505 1394
1781357798595 0.07298451662063599 1395
1781357798601 0.04318399727344513 1396
1781357798608 0.07520958036184311 1397
1781357798614 0.05084299296140671 1398
1781357798620 0.0818716362118721 1399
1781357798626 0.047477297484874725 1400
1781357798632 0.013218954205513 1401
1781357798638 0.06305055320262909 1402
1781357798644 0.07608182728290558 1403
1781357798650 0.039872296154499054 1404
1781357798657 0.10447116941213608 1405
1781357798662 0.03775372728705406 1406
1781357798668 0.017852257937192917 1407
1781357798674 0.061617448925971985 1408
1781357798680 0.09310847520828247 1409
1781357798686 0.09175519645214081 1410
1781357798692 0.06325560808181763 1411
1781357798698 0.02999536693096161 1412
1781357798704 0.04473667964339256 1413
1781357798710 0.08881056308746338 1414
1781357798715 0.05494144186377525 1415
1781357798722 0.04195898771286011 1416
1781357798728 0.09100364148616791 1417
1781357798734 0.05030099302530289 1418
1781357798740 0.03754091262817383 1419
1781357798746 0.01588619314134121 1420
1781357798751 0.07827385514974594 1421
1781357798756 0.08390932530164719 1422
1781357798762 0.04777569696307182 1423
1781357798769 0.020788799971342087 1424
1781357798774 0.031057726591825485 1425
1781357798780 0.042284172028303146 1426
1781357798786 0.03800256922841072 1427
1781357798792 0.015544245950877666 1428
1781357798799 0.0718914046883583 1429
1781357798805 0.08283479511737823 1430
1781357798810 0.12786346673965454 1431
1781357798816 0.06707719713449478 1432
1781357798823 0.05280207097530365 1433
1781357798828 0.066665418446064 1434
1781357798835 0.05405905842781067 1435
1781357798841 0.06157051771879196 1436
1781357798846 0.10516099631786346 1437
1781357798853 0.06903926283121109 1438
1781357798859 0.05262892320752144 1439
1781357798865 0.06233184039592743 1440
1781357798872 0.08089082688093185 1441
1781357798878 0.046234019100666046 1442
1781357798884 0.028648242354393005 1443
1781357798889 0.019449494779109955 1444
1781357798895 0.0678277313709259 1445
1781357798902 0.06573440879583359 1446
1781357798908 0.024200430139899254 1447
1781357798914 0.09891670197248459 1448
1781357798919 0.13480478525161743 1449
1781357798925 0.02426622435450554 1450
1781357798932 0.03408097103238106 1451
1781357798937 0.05536438897252083 1452
1781357798943 0.02757568284869194 1453
1781357798949 0.042536716908216476 1454
1781357798955 0.16324719786643982 1455
1781357798962 0.03027956187725067 1456
1781357798967 0.07875914871692657 1457
1781357798972 0.03559460490942001 1458
1781357798978 0.04982730746269226 1459
1781357798984 0.049083415418863297 1460
1781357798989 0.023955723270773888 1461
1781357798995 0.0305566918104887 1462
1781357799000 0.056492891162633896 1463
1781357799006 0.046080537140369415 1464
1781357799011 0.0763251781463623 1465
1781357799017 0.049829766154289246 1466
1781357799023 0.047435738146305084 1467
1781357799029 0.041611164808273315 1468
1781357799035 0.02416984550654888 1469
1781357799040 0.06483288109302521 1470
1781357799047 0.037723444402217865 1471
1781357799053 0.0394255667924881 1472
1781357799059 0.11766061186790466 1473
1781357799065 0.1312379688024521 1474
1781357799071 0.02578001283109188 1475
1781357799077 0.0238486360758543 1476
1781357799082 0.016124220564961433 1477
1781357799089 0.09084469825029373 1478
1781357799095 0.09786763787269592 1479
1781357799101 0.02502160705626011 1480
1781357799107 0.05349867418408394 1481
1781357799112 0.03856481984257698 1482
1781357799120 0.04544346034526825 1483
1781357799125 0.04727371782064438 1484
1781357799131 0.099195696413517 1485
1781357799136 0.03718269243836403 1486
1781357799142 0.04047299548983574 1487
1781357799147 0.0295502170920372 1488
1781357799152 0.031613800674676895 1489
1781357799159 0.047695308923721313 1490
1781357799166 0.06398776173591614 1491
1781357799172 0.045749910175800323 1492
1781357799178 0.009251528419554234 1493
1781357799184 0.06332187354564667 1494
1781357799190 0.14953987300395966 1495
1781357799196 0.03995969891548157 1496
1781357799202 0.048960089683532715 1497
1781357799207 0.027137331664562225 1498
1781357799213 0.03413037583231926 1499
1781357799220 0.07309524714946747 1500
1781357799227 0.01933462917804718 1501
1781357799232 0.053507544100284576 1502
1781357799237 0.05758321285247803 1503
1781357799243 0.0541987344622612 1504
1781357799250 0.07175514847040176 1505
1781357799255 0.10120382159948349 1506
1781357799261 0.05063747614622116 1507
1781357799266 0.07250954210758209 1508
1781357799272 0.08526027202606201 1509
1781357799278 0.13287492096424103 1510
1781357799285 0.042022109031677246 1511
1781357799290 0.06684524565935135 1512
1781357799295 0.029079986736178398 1513
1781357799301 0.07181370258331299 1514
1781357799307 0.04486661031842232 1515
1781357799313 0.05520128086209297 1516
1781357799318 0.020961137488484383 1517
1781357799323 0.06729650497436523 1518
1781357799329 0.048088572919368744 1519
1781357799334 0.073792465031147 1520
1781357799340 0.04309098422527313 1521
1781357799346 0.026307087391614914 1522
1781357799353 0.11894053965806961 1523
1781357799360 0.08197502791881561 1524
1781357799365 0.08120354264974594 1525
1781357799372 0.04052376747131348 1526
1781357799378 0.09336075186729431 1527
1781357799384 0.08506385236978531 1528
1781357799390 0.0204821415245533 1529
1781357799396 0.0512249656021595 1530
1781357799402 0.03397625684738159 1531
1781357799408 0.0473410040140152 1532
1781357799413 0.021810412406921387 1533
1781357799420 0.03969764709472656 1534
1781357799427 0.05425556004047394 1535
1781357799436 0.046771492809057236 1536
1781357799447 0.06536179780960083 1537
1781357799455 0.06541301310062408 1538
1781357799463 0.09617157280445099 1539
1781357799471 0.044594645500183105 1540
1781357799478 0.08162583410739899 1541
1781357799485 0.05255621671676636 1542
1781357799492 0.027382539585232735 1543
1781357799499 0.041691094636917114 1544
1781357799507 0.057576462626457214 1545
1781357799515 0.05175855755805969 1546
1781357799521 0.07140158861875534 1547
1781357799528 0.03987758606672287 1548
1781357799536 0.07706110179424286 1549
1781357799550 0.05701043829321861 1550
1781357799560 0.07324641197919846 1551
1781357799572 0.09702170640230179 1552
1781357799584 0.09299411624670029 1553
1781357799593 0.08664914220571518 1554
1781357799602 0.061219509690999985 1555
1781357799611 0.020756756886839867 1556
1781357799617 0.07613976299762726 1557
1781357799625 0.07226832211017609 1558
1781357799635 0.07916563749313354 1559
1781357799642 0.032706357538700104 1560
1781357799651 0.05002900958061218 1561
1781357799660 0.043096356093883514 1562
1781357799669 0.017968764528632164 1563
1781357799677 0.09392516314983368 1564
1781357799686 0.029651189222931862 1565
1781357799694 0.05244634300470352 1566
1781357799700 0.07755081355571747 1567
1781357799707 0.05806791037321091 1568
1781357799715 0.03888201713562012 1569
1781357799722 0.055078066885471344 1570
1781357799729 0.03987560421228409 1571
1781357799736 0.06015622615814209 1572
1781357799743 0.0959007740020752 1573
1781357799749 0.0646371990442276 1574
1781357799755 0.0449703149497509 1575
1781357799762 0.08047758042812347 1576
1781357799771 0.088205486536026 1577
1781357799778 0.06502433121204376 1578
1781357799783 0.054184556007385254 1579
1781357799791 0.04951557517051697 1580
1781357799798 0.051719557493925095 1581
1781357799806 0.10635104030370712 1582
1781357799813 0.058520350605249405 1583
1781357799819 0.1216496005654335 1584
1781357799826 0.07011491805315018 1585
1781357799831 0.08435406535863876 1586
1781357799840 0.033153656870126724 1587
1781357799847 0.06833385676145554 1588
1781357799854 0.049910128116607666 1589
1781357799862 0.02710849791765213 1590
1781357799868 0.08854633569717407 1591
1781357799874 0.05848482996225357 1592
1781357799881 0.07932515442371368 1593
1781357799888 0.019922500476241112 1594
1781357799894 0.04304352030158043 1595
1781357799901 0.024489695206284523 1596
1781357799908 0.03942697495222092 1597
1781357799917 0.03940999507904053 1598
1781357799922 0.04852902889251709 1599
1781357799929 0.023968564346432686 1600
1781357799937 0.0478782020509243 1601
1781357799945 0.05112340673804283 1602
1781357799951 0.06932830065488815 1603
1781357799957 0.10272642970085144 1604
1781357799965 0.05282308906316757 1605
1781357799970 0.04192877560853958 1606
1781357799977 0.03213728964328766 1607
1781357799982 0.07097678631544113 1608
1781357799987 0.06550473719835281 1609
1781357799991 0.049884192645549774 1610
1781357799997 0.029133113101124763 1611
1781357800002 0.020415063947439194 1612
1781357800006 0.10686582326889038 1613
1781357800013 0.03558356314897537 1614
1781357800019 0.013488459400832653 1615
1781357800025 0.022075194865465164 1616
1781357800032 0.03396764025092125 1617
1781357800036 0.04435459524393082 1618
1781357800043 0.0437699630856514 1619
1781357800048 0.04330582171678543 1620
1781357800053 0.06364934891462326 1621
1781357800058 0.07671109586954117 1622
1781357800063 0.04734662547707558 1623
1781357800068 0.07111154496669769 1624
1781357800073 0.06473391503095627 1625
1781357800079 0.08904867619276047 1626
1781357800083 0.05796671658754349 1627
1781357800088 0.08573279529809952 1628
1781357800093 0.06662879884243011 1629
1781357800097 0.1417044699192047 1630
1781357800101 0.03292497619986534 1631
1781357800108 0.08733436465263367 1632
1781357800113 0.06370844691991806 1633
1781357800119 0.1063571572303772 1634
1781357800125 0.04129364714026451 1635
1781357800131 0.05126350745558739 1636
1781357800136 0.046808402985334396 1637
1781357800142 0.05338039994239807 1638
1781357800147 0.08585403859615326 1639
1781357800151 0.044697102159261703 1640
1781357800157 0.04030719771981239 1641
1781357800162 0.025306470692157745 1642
1781357800167 0.07838065922260284 1643
1781357800173 0.0739196240901947 1644
1781357800179 0.034498486667871475 1645
1781357800184 0.09097462892532349 1646
1781357800189 0.07368257641792297 1647
1781357800194 0.02832149714231491 1648
1781357800199 0.04830498248338699 1649
1781357800205 0.04004264995455742 1650
1781357800210 0.061458151787519455 1651
1781357800217 0.028015999123454094 1652
1781357800223 0.0979318767786026 1653
1781357800229 0.04002276062965393 1654
1781357800235 0.06891518086194992 1655
1781357800241 0.10100940614938736 1656
1781357800245 0.026141516864299774 1657
1781357800251 0.08674536645412445 1658
1781357800256 0.036558106541633606 1659
1781357800260 0.0537901371717453 1660
1781357800266 0.03270204737782478 1661
1781357800271 0.04847933351993561 1662
1781357800277 0.05117109417915344 1663
1781357800282 0.06760556995868683 1664
1781357800286 0.03572084754705429 1665
1781357800291 0.07963347434997559 1666
1781357800296 0.055379629135131836 1667
1781357800301 0.06244580075144768 1668
1781357800306 0.12130352109670639 1669
1781357800310 0.12482339143753052 1670
1781357800316 0.06431616097688675 1671
1781357800321 0.057050324976444244 1672
1781357800326 0.08452518284320831 1673
1781357800332 0.0465879812836647 1674
1781357800338 0.05313597619533539 1675
1781357800343 0.09128597378730774 1676
1781357800348 0.062374748289585114 1677
1781357800353 0.03687947615981102 1678
1781357800358 0.10474443435668945 1679
1781357800363 0.07854856550693512 1680
1781357800369 0.02455323003232479 1681
1781357800374 0.1724659502506256 1682
1781357800379 0.06482112407684326 1683
1781357800384 0.043498970568180084 1684
1781357800388 0.09104546904563904 1685
1781357800394 0.027631381526589394 1686
1781357800399 0.04995867982506752 1687
1781357800404 0.09999636560678482 1688
1781357800410 0.0624636746942997 1689
1781357800415 0.052655357867479324 1690
1781357800420 0.04949582368135452 1691
1781357800426 0.018241863697767258 1692
1781357800431 0.05775735527276993 1693
1781357800436 0.04273001104593277 1694
1781357800442 0.04812481254339218 1695
1781357800448 0.050798699259757996 1696
1781357800453 0.04227372631430626 1697
1781357800460 0.21043334901332855 1698
1781357800465 0.14357204735279083 1699
1781357800470 0.05328752100467682 1700
1781357800475 0.04112415015697479 1701
1781357800480 0.09516441076993942 1702
1781357800484 0.07612594962120056 1703
1781357800491 0.034864380955696106 1704
1781357800496 0.04088933765888214 1705
1781357800500 0.0739247053861618 1706
1781357800507 0.03454722464084625 1707
1781357800512 0.037720371037721634 1708
1781357800518 0.08385153114795685 1709
1781357800524 0.062447383999824524 1710
1781357800531 0.052326664328575134 1711
1781357800537 0.0370943583548069 1712
1781357800542 0.04027719050645828 1713
1781357800549 0.1202210858464241 1714
1781357800555 0.0753403902053833 1715
1781357800560 0.03649153187870979 1716
1781357800565 0.04493434354662895 1717
1781357800570 0.03795243054628372 1718
1781357800575 0.05617307871580124 1719
1781357800579 0.06772606074810028 1720
1781357800584 0.03682075813412666 1721
1781357800591 0.0489797368645668 1722
1781357800597 0.0971076637506485 1723
1781357800604 0.022031299769878387 1724
1781357800612 0.038172103464603424 1725
1781357800621 0.11247725039720535 1726
1781357800630 0.06958785653114319 1727
1781357800637 0.05938384309411049 1728
1781357800644 0.07840447872877121 1729
1781357800652 0.08165256679058075 1730
1781357800659 0.13217441737651825 1731
1781357800668 0.05596257746219635 1732
1781357800674 0.07213414460420609 1733
1781357800679 0.051025763154029846 1734
1781357800685 0.1026807501912117 1735
1781357800690 0.0729130432009697 1736
1781357800694 0.042822111397981644 1737
1781357800702 0.09730049967765808 1738
1781357800706 0.06088164448738098 1739
1781357800711 0.09888263791799545 1740
1781357800717 0.03167814761400223 1741
1781357800722 0.1239243745803833 1742
1781357800727 0.0601700022816658 1743
1781357800733 0.12100644409656525 1744
1781357800738 0.07667943835258484 1745
1781357800744 0.09077473729848862 1746
1781357800750 0.09528791904449463 1747
1781357800755 0.12040464580059052 1748
1781357800760 0.03326661139726639 1749
1781357800766 0.0922134518623352 1750
1781357800771 0.036693036556243896 1751
1781357800777 0.05148398131132126 1752
1781357800783 0.02691361866891384 1753
1781357800788 0.08967621624469757 1754
1781357800794 0.06772536039352417 1755
1781357800800 0.08552093803882599 1756
1781357800804 0.053679458796978 1757
1781357800811 0.08982864767313004 1758
1781357800818 0.04647894203662872 1759
1781357800823 0.04299389570951462 1760
1781357800829 0.024825554341077805 1761
1781357800833 0.0330887995660305 1762
1781357800838 0.03905881196260452 1763
1781357800844 0.0734851211309433 1764
1781357800849 0.0637819766998291 1765
1781357800854 0.0681215450167656 1766
1781357800861 0.02484557218849659 1767
1781357800865 0.07523372769355774 1768
1781357800872 0.08518154174089432 1769
1781357800878 0.0773526132106781 1770
1781357800883 0.11542274057865143 1771
1781357800889 0.06108417361974716 1772
1781357800894 0.12584616243839264 1773
1781357800899 0.09886349737644196 1774
1781357800904 0.09861854463815689 1775
1781357800910 0.05539911240339279 1776
1781357800914 0.12586869299411774 1777
1781357800919 0.12906552851200104 1778
1781357800925 0.11699418723583221 1779
1781357800930 0.1062796339392662 1780
1781357800934 0.08346476405858994 1781
1781357800940 0.09768516570329666 1782
1781357800945 0.03187976032495499 1783
1781357800950 0.10414909571409225 1784
1781357800956 0.13939860463142395 1785
1781357800961 0.05424095317721367 1786
1781357800965 0.03844089061021805 1787
1781357800971 0.09671486914157867 1788
1781357800976 0.010338298976421356 1789
1781357800981 0.03923874348402023 1790
1781357800986 0.06444575637578964 1791
1781357800992 0.05933977663516998 1792
1781357800996 0.17619732022285461 1793
1781357801001 0.10114172101020813 1794
1781357801007 0.060882966965436935 1795
1781357801011 0.037355080246925354 1796
1781357801018 0.08644852042198181 1797
1781357801023 0.03315107151865959 1798
1781357801027 0.10538618266582489 1799
1781357801032 0.1401102989912033 1800
1781357801038 0.07997208833694458 1801
1781357801042 0.11986953765153885 1802
1781357801047 0.07865603268146515 1803
1781357801052 0.08660870790481567 1804
1781357801056 0.03506862372159958 1805
1781357801060 0.058272480964660645 1806
1781357801066 0.10749659687280655 1807
1781357801071 0.05170746520161629 1808
1781357801075 0.06836535036563873 1809
1781357801081 0.06707815825939178 1810
1781357801086 0.05138414353132248 1811
1781357801091 0.04503917321562767 1812
1781357801097 0.0633508712053299 1813
1781357801102 0.09439919143915176 1814
1781357801107 0.02830583229660988 1815
1781357801111 0.05135957524180412 1816
1781357801116 0.12151052057743073 1817
1781357801121 0.08962364494800568 1818
1781357801126 0.04750286042690277 1819
1781357801131 0.08632537722587585 1820
1781357801136 0.0770188719034195 1821
1781357801140 0.08855798840522766 1822
1781357801145 0.10843774676322937 1823
1781357801149 0.11354010552167892 1824
1781357801154 0.03630556911230087 1825
1781357801159 0.11764262616634369 1826
1781357801165 0.06952596455812454 1827
1781357801169 0.12479305267333984 1828
1781357801174 0.06428682059049606 1829
1781357801188 0.14926716685295105 1830
1781357801195 0.13774925470352173 1831
1781357801200 0.12434066832065582 1832
1781357801204 0.049008436501026154 1833
1781357801211 0.12879875302314758 1834
1781357801215 0.08061735332012177 1835
1781357801220 0.07201769948005676 1836
1781357801225 0.04017964377999306 1837
1781357801230 0.12457656115293503 1838
1781357801235 0.122803695499897 1839
1781357801240 0.12521159648895264 1840
1781357801244 0.14830997586250305 1841
1781357801248 0.030240358784794807 1842
1781357801253 0.08710455894470215 1843
1781357801258 0.1630692481994629 1844
1781357801263 0.12469976395368576 1845
1781357801268 0.03864628076553345 1846
1781357801273 0.08853115141391754 1847
1781357801278 0.05654517188668251 1848
1781357801282 0.11496954411268234 1849
1781357801287 0.03299544006586075 1850
1781357801292 0.08823167532682419 1851
1781357801299 0.07242072373628616 1852
1781357801304 0.05436360090970993 1853
1781357801309 0.04477514326572418 1854
1781357801313 0.16351142525672913 1855
1781357801319 0.053423523902893066 1856
1781357801325 0.12298698723316193 1857
1781357801329 0.09291672706604004 1858
1781357801334 0.09050635993480682 1859
1781357801339 0.0486002042889595 1860
1781357801343 0.07222896069288254 1861
1781357801348 0.1455550491809845 1862
1781357801353 0.08115130662918091 1863
1781357801358 0.13288800418376923 1864
1781357801362 0.15993735194206238 1865
1781357801367 0.04833104461431503 1866
1781357801372 0.06367499381303787 1867
1781357801377 0.07133960723876953 1868
1781357801382 0.05565567687153816 1869
1781357801387 0.0704735666513443 1870
1781357801392 0.03527526557445526 1871
1781357801396 0.09416572749614716 1872
1781357801402 0.15723387897014618 1873
1781357801666 0.03579016774892807 1874
1781357801671 0.08274935930967331 1875
1781357801676 0.08374214172363281 1876
1781357801682 0.07324793934822083 1877
1781357801687 0.0761934295296669 1878
1781357801693 0.12682661414146423 1879
1781357801697 0.019253496080636978 1880
1781357801702 0.022281698882579803 1881
1781357801708 0.111932672560215 1882
1781357801712 0.05822158604860306 1883
1781357801717 0.1265961229801178 1884
1781357801723 0.07649939507246017 1885
1781357801727 0.05898001417517662 1886
1781357801732 0.10859149694442749 1887
1781357801738 0.15105606615543365 1888
1781357801744 0.0307297483086586 1889
1781357801749 0.0487607941031456 1890
1781357801754 0.11083050072193146 1891
1781357801759 0.09962400048971176 1892
1781357801764 0.051772695034742355 1893
1781357801769 0.07197863608598709 1894
1781357801774 0.07259130477905273 1895
1781357801780 0.10500527173280716 1896
1781357801785 0.09082998335361481 1897
1781357801790 0.16112931072711945 1898
1781357801795 0.14456163346767426 1899
1781357801800 0.10723038017749786 1900
1781357801805 0.14345312118530273 1901
1781357801810 0.045261844992637634 1902
1781357801815 0.11172785609960556 1903
1781357801819 0.05039844289422035 1904
1781357801824 0.08498646318912506 1905
1781357801828 0.13620315492153168 1906
1781357801833 0.08094652742147446 1907
1781357801838 0.05167994648218155 1908
1781357801843 0.13791324198246002 1909
1781357801848 0.17547829449176788 1910
1781357801853 0.1270013153553009 1911
1781357801858 0.038972239941358566 1912
1781357801863 0.07901374995708466 1913
1781357801869 0.10831119120121002 1914
1781357801873 0.07169784605503082 1915
1781357801878 0.12607505917549133 1916
1781357801883 0.12528525292873383 1917
1781357801888 0.23186221718788147 1918
1781357801893 0.16890238225460052 1919
1781357801898 0.10740829259157181 1920
1781357801903 0.1271028071641922 1921
1781357801907 0.1404561698436737 1922
1781357801912 0.08501701802015305 1923
1781357801917 0.13571271300315857 1924
1781357801921 0.087440624833107 1925
1781357801926 0.07033083587884903 1926
1781357801931 0.09527488052845001 1927
1781357801936 0.03703726455569267 1928
1781357801940 0.12431097030639648 1929
1781357801946 0.07061532139778137 1930
1781357801952 0.04099871590733528 1931
1781357801958 0.23427322506904602 1932
1781357801964 0.11484880745410919 1933
1781357801969 0.13120073080062866 1934
1781357801974 0.09373053908348083 1935
1781357801980 0.10385426133871078 1936
1781357801985 0.11364196240901947 1937
1781357801989 0.04841136187314987 1938
1781357801995 0.043224990367889404 1939
1781357802000 0.09026572853326797 1940
1781357802005 0.05948935076594353 1941
1781357802010 0.1437343806028366 1942
1781357802015 0.1619998663663864 1943
1781357802019 0.06014065444469452 1944
1781357802025 0.12159527093172073 1945
1781357802030 0.1310247778892517 1946
1781357802034 0.07429516315460205 1947
1781357802040 0.12137053161859512 1948
1781357802046 0.04668864980340004 1949
1781357802050 0.1832631379365921 1950
1781357802055 0.14387160539627075 1951
1781357802060 0.11473289132118225 1952
1781357802064 0.15222536027431488 1953
1781357802069 0.1384265422821045 1954
1781357802074 0.08357860147953033 1955
1781357802079 0.0499601773917675 1956
1781357802083 0.1264854371547699 1957
1781357802089 0.2702637016773224 1958
1781357802094 0.09805336594581604 1959
1781357802099 0.07337872684001923 1960
1781357802104 0.09263479709625244 1961
1781357802109 0.08620849251747131 1962
1781357802113 0.09215935319662094 1963
1781357802117 0.08750515431165695 1964
1781357802123 0.12466415762901306 1965
1781357802128 0.1609298288822174 1966
1781357802133 0.10826504975557327 1967
1781357802138 0.11038096249103546 1968
1781357802143 0.08276048302650452 1969
1781357802148 0.17440715432167053 1970
1781357802153 0.1311582624912262 1971
1781357802158 0.10707549750804901 1972
1781357802163 0.09316623210906982 1973
1781357802168 0.08976132422685623 1974
1781357802173 0.08252142369747162 1975
1781357802178 0.07271818816661835 1976
1781357802183 0.15880848467350006 1977
1781357802188 0.15179479122161865 1978
1781357802193 0.18592369556427002 1979
1781357802199 0.11991512030363083 1980
1781357802203 0.16143512725830078 1981
1781357802208 0.1275719702243805 1982
1781357802212 0.1269039660692215 1983
1781357802217 0.10687296837568283 1984
1781357802222 0.1589818000793457 1985
1781357802227 0.057330336421728134 1986
1781357802233 0.1800643801689148 1987
1781357802238 0.18497726321220398 1988
1781357802243 0.06488897651433945 1989
1781357802248 0.11752290278673172 1990
1781357802253 0.09787118434906006 1991
1781357802258 0.14807596802711487 1992
1781357802263 0.1348486691713333 1993
1781357802269 0.10372292250394821 1994
1781357802274 0.0902184396982193 1995
1781357802280 0.07915352284908295 1996
1781357802285 0.08855082094669342 1997
1781357802290 0.08556614816188812 1998
1781357802295 0.07115185260772705 1999
1781357802300 0.049114421010017395 2000
1781357802305 0.07665004581212997 2001
1781357802310 0.08860747516155243 2002
1781357802315 0.17691925168037415 2003
1781357802320 0.05193430185317993 2004
1781357802325 0.20553722977638245 2005
1781357802331 0.15430951118469238 2006
1781357802337 0.03772004693746567 2007
1781357802342 0.36842361092567444 2008
1781357802348 0.2105381041765213 2009
1781357802352 0.15902768075466156 2010
1781357802358 0.12169911712408066 2011
1781357802363 0.15747737884521484 2012
1781357802369 0.11546021699905396 2013
1781357802375 0.10451159626245499 2014
1781357802380 0.16446340084075928 2015
1781357802386 0.12888824939727783 2016
1781357802392 0.11500969529151917 2017
1781357802398 0.1343318372964859 2018
1781357802403 0.17233170568943024 2019
1781357802409 0.1418485939502716 2020
1781357802415 0.07300837337970734 2021
1781357802420 0.20708125829696655 2022
1781357802426 0.1266240030527115 2023
1781357802431 0.16893577575683594 2024
1781357802437 0.11589239537715912 2025
1781357802443 0.14184755086898804 2026
1781357802448 0.1519675850868225 2027
1781357802455 0.13811345398426056 2028
1781357802461 0.07492133229970932 2029
1781357802466 0.14248888194561005 2030
1781357802471 0.1863897740840912 2031
1781357802476 0.16855783760547638 2032
1781357802481 0.22730430960655212 2033
1781357802487 0.16729901731014252 2034
1781357802491 0.19991622865200043 2035
1781357802496 0.2545804977416992 2036
1781357802501 0.17200732231140137 2037
1781357802508 0.06099268049001694 2038
1781357802514 0.11507298052310944 2039
1781357802520 0.18977361917495728 2040
1781357802526 0.22301092743873596 2041
1781357802531 0.12346708029508591 2042
1781357802537 0.12352870404720306 2043
1781357802542 0.07774548977613449 2044
1781357802546 0.07591117918491364 2045
1781357802552 0.12140455096960068 2046
1781357802557 0.10242845863103867 2047
1781357802562 0.15104056894779205 2048
1781357802568 0.17642463743686676 2049
1781357802573 0.1251138150691986 2050
1781357802579 0.16443605720996857 2051
1781357802584 0.2101219743490219 2052
1781357802589 0.1489083468914032 2053
1781357802594 0.18114131689071655 2054
1781357802600 0.23168638348579407 2055
1781357802605 0.2126762568950653 2056
1781357802610 0.20574936270713806 2057
1781357802617 0.30627238750457764 2058
1781357802622 0.11549422144889832 2059
1781357802628 0.14662201702594757 2060
1781357802634 0.1369330734014511 2061
1781357802639 0.20362478494644165 2062
1781357802644 0.2812870144844055 2063
1781357802649 0.20136618614196777 2064
1781357802654 0.20756688714027405 2065
1781357802659 0.10219462960958481 2066
1781357802665 0.15472403168678284 2067
1781357802670 0.13020092248916626 2068
1781357802675 0.1908763200044632 2069
1781357802679 0.12920479476451874 2070
1781357802684 0.14435601234436035 2071
1781357802688 0.1574375033378601 2072
1781357802693 0.09965571016073227 2073
1781357802699 0.3105340898036957 2074
1781357802704 0.12168694287538528 2075
1781357802709 0.2037835717201233 2076
1781357802714 0.20401999354362488 2077
1781357802719 0.1251499354839325 2078
1781357802724 0.15395325422286987 2079
1781357802730 0.22056962549686432 2080
1781357802735 0.17930340766906738 2081
1781357802739 0.22878146171569824 2082
1781357802754 0.32536447048187256 2083
1781357802760 0.1287267804145813 2084
1781357802765 0.19490011036396027 2085
1781357802770 0.1314079314470291 2086
1781357802774 0.20129117369651794 2087
1781357802780 0.16451412439346313 2088
1781357802784 0.21386337280273438 2089
1781357802789 0.14274147152900696 2090
1781357802795 0.2219146490097046 2091
1781357802799 0.28793707489967346 2092
1781357802803 0.1647598147392273 2093
1781357802809 0.13730096817016602 2094
1781357802814 0.1726895570755005 2095
1781357802819 0.1867186278104782 2096
1781357802824 0.10798509418964386 2097
1781357802830 0.20236341655254364 2098
1781357802835 0.19788387417793274 2099
1781357802841 0.2901729941368103 2100
1781357802846 0.25820088386535645 2101
1781357802850 0.37071165442466736 2102
1781357802856 0.11440281569957733 2103
1781357802861 0.31839483976364136 2104
1781357802865 0.2522534430027008 2105
1781357802870 0.19447797536849976 2106
1781357802877 0.17978736758232117 2107
1781357802887 0.24652400612831116 2108
1781357802895 0.12863752245903015 2109
1781357802904 0.23978547751903534 2110
1781357802912 0.13916249573230743 2111
1781357802921 0.3678975999355316 2112
1781357802926 0.11926794052124023 2113
1781357802934 0.17410995066165924 2114
1781357802940 0.11931268125772476 2115
1781357802947 0.18625733256340027 2116
1781357802954 0.14685717225074768 2117
1781357802959 0.15585267543792725 2118
1781357802965 0.35845786333084106 2119
1781357802971 0.19165673851966858 2120
1781357802976 0.11299654096364975 2121
1781357802982 0.2997496724128723 2122
1781357802988 0.16395455598831177 2123
1781357802993 0.24450184404850006 2124
1781357802999 0.3683735728263855 2125
1781357803004 0.2223931849002838 2126
1781357803009 0.23188284039497375 2127
1781357803016 0.1949836015701294 2128
1781357803021 0.24135853350162506 2129
1781357803026 0.20109036564826965 2130
1781357803033 0.20521561801433563 2131
1781357803039 0.38717153668403625 2132
1781357803046 0.19346635043621063 2133
1781357803052 0.16388878226280212 2134
1781357803056 0.21358636021614075 2135
1781357803064 0.3079051971435547 2136
1781357803069 0.28963300585746765 2137
1781357803075 0.2776621878147125 2138
1781357803081 0.2681117653846741 2139
1781357803086 0.2795422077178955 2140
1781357803091 0.24473965167999268 2141
1781357803097 0.17199082672595978 2142
1781357803102 0.22722375392913818 2143
1781357803107 0.19167831540107727 2144
1781357803113 0.2409866750240326 2145
1781357803118 0.3395969867706299 2146
1781357803123 0.25223806500434875 2147
1781357803129 0.5364965796470642 2148
1781357803134 0.37244313955307007 2149
1781357803139 0.16361123323440552 2150
1781357803145 0.16406035423278809 2151
1781357803150 0.3837380111217499 2152
1781357803155 0.2518894374370575 2153
1781357803161 0.331958532333374 2154
1781357803166 0.1767899990081787 2155
1781357803170 0.18756839632987976 2156
1781357803176 0.30215173959732056 2157
1781357803181 0.2709033787250519 2158
1781357803185 0.29455938935279846 2159
1781357803192 0.3460814356803894 2160
1781357803198 0.3111805319786072 2161
1781357803202 0.31545937061309814 2162
1781357803209 0.27976128458976746 2163
1781357803213 0.2902860641479492 2164
1781357803218 0.27831730246543884 2165
1781357803224 0.2270215004682541 2166
1781357803229 0.3644353151321411 2167
1781357803234 0.3676493167877197 2168
1781357803240 0.330900639295578 2169
1781357803245 0.29258766770362854 2170
1781357803249 0.3155125379562378 2171
1781357803255 0.21418115496635437 2172
1781357803260 0.13904550671577454 2173
1781357803265 0.38122206926345825 2174
1781357803271 0.26575395464897156 2175
1781357803276 0.5062059760093689 2176
1781357803282 0.44316285848617554 2177
1781357803288 0.24894863367080688 2178
1781357803294 0.32751065492630005 2179
1781357803301 0.5519409775733948 2180
1781357803306 0.2841591536998749 2181
1781357803311 0.3628454804420471 2182
1781357803316 0.40584421157836914 2183
1781357803321 0.2834782600402832 2184
1781357803326 0.2995145916938782 2185
1781357803331 0.26783475279808044 2186
1781357803338 0.40886929631233215 2187
1781357803343 0.42451828718185425 2188
1781357803348 0.3574167490005493 2189
1781357803353 0.3267967402935028 2190
1781357803359 0.478372186422348 2191
1781357803363 0.3337964117527008 2192
1781357803369 0.18959705531597137 2193
1781357803374 0.37452954053878784 2194
1781357803378 0.23870030045509338 2195
1781357803384 0.38424956798553467 2196
1781357803389 0.24020899832248688 2197
1781357803394 0.3937801122665405 2198
1781357803400 0.4582638740539551 2199
1781357803405 0.26811307668685913 2200
1781357803410 0.4562416076660156 2201
1781357803415 0.4521465599536896 2202
1781357803420 0.3698262572288513 2203
1781357803425 0.38153067231178284 2204
1781357803433 0.3427232503890991 2205
1781357803439 0.35546451807022095 2206
1781357803445 0.44764891266822815 2207
1781357803451 0.3404502272605896 2208
1781357803456 0.3139728605747223 2209
1781357803462 0.4026710093021393 2210
1781357803467 0.4914044141769409 2211
1781357803472 0.3574584722518921 2212
1781357803478 0.41289424896240234 2213
1781357803484 0.6068594455718994 2214
1781357803488 0.40799903869628906 2215
1781357803494 0.38113778829574585 2216
1781357803500 0.33079105615615845 2217
1781357803504 0.42957428097724915 2218
1781357803510 0.45657819509506226 2219
1781357803515 0.3434150218963623 2220
1781357803520 0.5259286761283875 2221
1781357803526 0.6239837408065796 2222
1781357803531 0.5497210025787354 2223
1781357803535 0.3997966945171356 2224
1781357803540 0.6196817755699158 2225
1781357803546 0.5390132665634155 2226
1781357803550 0.37552645802497864 2227
1781357803556 0.46366018056869507 2228
1781357803563 0.31048163771629333 2229
1781357803570 0.5251720547676086 2230
1781357803581 0.3780919909477234 2231
1781357803587 0.6045998930931091 2232
1781357803593 0.4021907150745392 2233
1781357803599 0.5688639879226685 2234
1781357803605 0.5112219452857971 2235
1781357803613 0.6275156140327454 2236
1781357803617 0.45854026079177856 2237
1781357803624 0.580729067325592 2238
1781357803629 0.6018906831741333 2239
1781357803634 0.3722325563430786 2240
1781357803639 0.4907265901565552 2241
1781357803644 0.43833988904953003 2242
1781357803650 0.7823752164840698 2243
1781357803656 0.6351070404052734 2244
1781357803661 0.6307139992713928 2245
1781357803666 0.5453944802284241 2246
1781357803673 0.426845520734787 2247
1781357803678 0.7518354058265686 2248
1781357803683 0.5323096513748169 2249
1781357803690 0.39191725850105286 2250
1781357803695 0.7823256254196167 2251
1781357803700 0.6465182304382324 2252
1781357803705 0.4379609227180481 2253
1781357803711 0.6427866220474243 2254
1781357803715 0.579940676689148 2255
1781357803721 0.8774245381355286 2256
1781357803726 0.4473588466644287 2257
1781357803731 0.7375786900520325 2258
1781357803737 0.5556780099868774 2259
1781357803742 0.5647910833358765 2260
1781357803748 0.728587806224823 2261
1781357803753 0.43775269389152527 2262
1781357803758 0.5629979968070984 2263
1781357803764 0.5583375096321106 2264
1781357803769 1.0662755966186523 2265
1781357803775 0.6888189911842346 2266
1781357803787 0.5204082131385803 2267
1781357803796 0.6934983730316162 2268
1781357803805 0.3841080665588379 2269
1781357803812 0.48968082666397095 2270
1781357803820 0.7057368755340576 2271
1781357803825 0.6979366540908813 2272
1781357803832 0.5488015413284302 2273
1781357803838 0.6119832992553711 2274
1781357803847 0.850500762462616 2275
1781357803853 0.5921831727027893 2276
1781357803859 0.5059150457382202 2277
1781357803864 0.5880899429321289 2278
1781357803869 0.7263907194137573 2279
1781357803876 0.6723313331604004 2280
1781357803882 0.3981425166130066 2281
1781357803887 0.7071800827980042 2282
1781357803892 0.737460732460022 2283
1781357803898 0.5154820680618286 2284
1781357803902 0.6812730431556702 2285
1781357803907 0.7540443539619446 2286
1781357803915 0.37203171849250793 2287
1781357803921 0.7406169176101685 2288
1781357803928 0.44128280878067017 2289
1781357803934 0.5220328569412231 2290
1781357803939 0.6589793562889099 2291
1781357803944 0.7716251611709595 2292
1781357803950 0.7719371914863586 2293
1781357803955 0.8271214365959167 2294
1781357803962 0.7644012570381165 2295
1781357803967 1.0547667741775513 2296
1781357803975 0.865033745765686 2297
1781357803981 0.7694880962371826 2298
1781357803987 0.7361611723899841 2299
1781357803993 0.5225250720977783 2300
1781357803999 0.5251632332801819 2301
1781357804004 0.48288142681121826 2302
1781357804010 0.638573408126831 2303
1781357804015 0.853183388710022 2304
1781357804022 0.4730362296104431 2305
1781357804027 0.6567526459693909 2306
1781357804032 0.5834481120109558 2307
1781357804040 0.9032996892929077 2308
1781357804045 0.8076069355010986 2309
1781357804050 0.6555377840995789 2310
1781357804056 0.686873733997345 2311
1781357804063 0.8428776264190674 2312
1781357804071 0.5612770915031433 2313
1781357804076 0.5856907367706299 2314
1781357804081 0.674761176109314 2315
1781357804088 0.843199610710144 2316
1781357804094 0.8080804944038391 2317
1781357804099 0.6853191256523132 2318
1781357804104 0.8649066090583801 2319
1781357804109 0.509945273399353 2320
1781357804114 0.7797260880470276 2321
1781357804118 0.6032397747039795 2322
1781357804125 0.7294238209724426 2323
1781357804129 0.5492006540298462 2324
1781357804135 0.5924530029296875 2325
1781357804140 0.5375583171844482 2326
1781357804144 0.6847577095031738 2327
1781357804150 0.5976483821868896 2328
1781357804155 0.5974080562591553 2329
1781357804160 0.6921924352645874 2330
1781357804165 0.7374054193496704 2331
1781357804170 0.5089865922927856 2332
1781357804175 0.5169506072998047 2333
1781357804180 0.6402738094329834 2334
1781357804185 0.4769115447998047 2335
1781357804190 0.620324432849884 2336
1781357804194 0.5773982405662537 2337
1781357804200 0.6439465284347534 2338
1781357804204 0.5772522687911987 2339
1781357804209 0.6560070514678955 2340
1781357804213 0.5039809346199036 2341
1781357804218 0.6856527924537659 2342
1781357804222 0.6242983341217041 2343
1781357804227 0.5339689254760742 2344
1781357804233 0.7208654880523682 2345
1781357804237 0.6521756649017334 2346
1781357804242 0.8083606958389282 2347
1781357804247 0.7741050720214844 2348
1781357804252 0.7252397537231445 2349
1781357804257 0.4659721851348877 2350
1781357804262 0.7088203430175781 2351
1781357804268 0.5522769093513489 2352
1781357804272 0.6378931403160095 2353
1781357804277 0.5969675779342651 2354
1781357804283 0.5405995845794678 2355
1781357804287 0.6627100706100464 2356
1781357804292 0.6929782032966614 2357
1781357804297 0.6280937194824219 2358
1781357804302 0.5246632695198059 2359
1781357804306 0.51991868019104 2360
1781357804312 0.636155366897583 2361
1781357804316 0.6106747388839722 2362
1781357804321 0.4820183515548706 2363
1781357804327 0.604548454284668 2364
1781357804332 0.8171907663345337 2365
1781357804336 0.6237107515335083 2366
1781357804342 0.6076837778091431 2367
1781357804347 0.7671305537223816 2368
1781357804351 0.5844415426254272 2369
1781357804356 0.48865848779678345 2370
1781357804361 0.4837866723537445 2371
1781357804367 0.5123416781425476 2372
1781357804373 0.6079692840576172 2373
1781357804378 0.4691803455352783 2374
1781357804383 0.5138972401618958 2375
1781357804387 0.39987069368362427 2376
1781357804393 0.7084494233131409 2377
1781357804397 0.8068596124649048 2378
1781357804403 0.545505940914154 2379
1781357804407 0.6139147281646729 2380
1781357804412 0.5088464021682739 2381
1781357804416 0.7215030193328857 2382
1781357804422 0.4420837163925171 2383
1781357804428 0.606234073638916 2384
1781357804433 0.6041964292526245 2385
1781357804438 0.5395140051841736 2386
1781357804443 0.5780293345451355 2387
1781357804447 0.5927703380584717 2388
1781357804453 0.7490211725234985 2389
1781357804459 0.568411111831665 2390
1781357804464 0.6218613982200623 2391
1781357804470 0.5284222364425659 2392
1781357804475 0.44049781560897827 2393
1781357804479 0.6149559020996094 2394
1781357804485 0.5238959789276123 2395
1781357804490 0.7090415954589844 2396
1781357804495 0.8432358503341675 2397
1781357804499 0.6421615481376648 2398
1781357804504 0.7391083240509033 2399
1781357804509 0.6912733912467957 2400
1781357804513 0.6422132253646851 2401
1781357804519 0.6405951380729675 2402
1781357804524 0.7177053689956665 2403
1781357804529 0.6198872923851013 2404
1781357804534 0.6797866821289062 2405
1781357804539 0.588231086730957 2406
1781357804544 0.5937607288360596 2407
1781357804549 0.6364006996154785 2408
1781357804554 0.7444259524345398 2409
1781357804558 0.6834616661071777 2410
1781357804563 0.7589269876480103 2411
1781357804569 0.8860818147659302 2412
1781357804573 0.7794369459152222 2413
1781357804579 0.6896535158157349 2414
1781357804584 0.6774088144302368 2415
1781357804591 0.6231868267059326 2416
1781357804598 0.7282719612121582 2417
1781357804605 0.8757885694503784 2418
1781357804612 0.697150707244873 2419
1781357804617 0.6199212074279785 2420
1781357804623 0.7011227607727051 2421
1781357804629 0.669451892375946 2422
1781357804634 0.651698112487793 2423
1781357804640 0.695843517780304 2424
1781357804646 0.8232021331787109 2425
1781357804651 0.6670864224433899 2426
1781357804656 0.9118503332138062 2427
1781357804663 0.8273277282714844 2428
1781357804668 0.7808575630187988 2429
1781357804672 0.6644890308380127 2430
1781357804678 0.900506854057312 2431
1781357804683 0.7614660263061523 2432
1781357804688 0.6194537281990051 2433
1781357804693 0.8659489154815674 2434
1781357804697 0.835748553276062 2435
1781357804702 0.8238211870193481 2436
1781357804711 0.9025976657867432 2437
1781357804716 0.7145953178405762 2438
1781357804721 0.8316022157669067 2439
1781357804727 0.774427056312561 2440
1781357804731 0.8866536617279053 2441
1781357804736 0.8078973293304443 2442
1781357804741 0.8604124784469604 2443
1781357804747 0.7873079776763916 2444
1781357804752 0.9266345500946045 2445
1781357804757 0.7743504047393799 2446
1781357804762 0.7225542664527893 2447
1781357804767 0.9383410215377808 2448
1781357804772 0.8151625394821167 2449
1781357804777 0.9473063945770264 2450
1781357804782 0.7835723161697388 2451
1781357804787 0.8355717658996582 2452
1781357804791 0.8213339447975159 2453
1781357804796 0.8809407949447632 2454
1781357804801 0.7751055359840393 2455
1781357804808 0.7099242210388184 2456
1781357804812 0.7096476554870605 2457
1781357804817 0.802822470664978 2458
1781357804823 0.8764573335647583 2459
1781357804828 0.6507620215415955 2460
1781357804832 0.7828461527824402 2461
1781357804838 0.995558500289917 2462
1781357804842 0.8275393843650818 2463
1781357804847 0.843098521232605 2464
1781357804852 0.9722815752029419 2465
1781357804857 0.6737473011016846 2466
1781357804861 0.7049139142036438 2467
1781357804866 0.8836392760276794 2468
1781357804872 0.9577850699424744 2469
1781357804876 0.8214858770370483 2470
1781357804881 0.7515852451324463 2471
1781357804885 0.7938640117645264 2472
1781357804890 0.7220523357391357 2473
1781357804894 0.8845942616462708 2474
1781357804898 0.7311425805091858 2475
1781357804904 0.9178708791732788 2476
1781357804910 0.7149826288223267 2477
1781357804917 0.8279502391815186 2478
1781357804923 0.7107329368591309 2479
1781357804928 0.8866899013519287 2480
1781357804934 0.7592626810073853 2481
1781357804939 0.7387826442718506 2482
1781357804944 0.8632463216781616 2483
1781357804950 0.8065744638442993 2484
1781357804955 0.6886159181594849 2485
1781357804960 0.9100959897041321 2486
1781357804965 0.7546792030334473 2487
1781357804971 0.7724798321723938 2488
1781357804976 0.9187889695167542 2489
1781357804981 0.9068739414215088 2490
1781357804985 0.7789998054504395 2491
1781357804990 0.8684468269348145 2492
1781357804994 0.837942898273468 2493
1781357805000 0.8259385824203491 2494
1781357805004 0.9132537841796875 2495
1781357805009 0.8297024965286255 2496
1781357805014 0.7985880374908447 2497
1781357805019 0.8133198022842407 2498
1781357805025 0.6487381458282471 2499
1781357805030 0.8133885860443115 2500
1781357805036 0.8596270084381104 2501
1781357805040 0.9177350997924805 2502
1781357805046 0.8238734006881714 2503
1781357805050 0.9329986572265625 2504
1781357805055 0.872069239616394 2505
1781357805060 0.7927273511886597 2506
1781357805065 0.7140742540359497 2507
1781357805070 0.7214166522026062 2508
1781357805075 0.7856255769729614 2509
1781357805079 0.8981695771217346 2510
1781357805084 0.7063016295433044 2511
1781357805089 1.014909267425537 2512
1781357805095 0.8443808555603027 2513
1781357805100 0.7089521884918213 2514
1781357805104 0.6314023733139038 2515
1781357805110 0.9446398615837097 2516
1781357805115 0.8297238349914551 2517
1781357805120 0.7781336307525635 2518
1781357805125 0.8588139414787292 2519
1781357805130 0.7917454242706299 2520
1781357805134 0.7615396976470947 2521
1781357805140 0.9037152528762817 2522
1781357805145 0.7463146448135376 2523
1781357805150 0.7256113290786743 2524
1781357805155 0.6186773180961609 2525
1781357805160 0.6977270841598511 2526
1781357805165 0.6553045511245728 2527
1781357805170 0.8063181638717651 2528
1781357805175 0.7629729509353638 2529
1781357805180 0.6776626110076904 2530
1781357805184 0.6888996958732605 2531
1781357805191 0.7908446192741394 2532
1781357805197 0.5440200567245483 2533
1781357805201 0.8089964985847473 2534
1781357805207 0.6687422394752502 2535
1781357805212 0.6314613819122314 2536
1781357805216 0.5571168661117554 2537
1781357805222 0.570425271987915 2538
1781357805227 0.5851618051528931 2539
1781357805231 0.7036501169204712 2540
1781357805236 0.574502170085907 2541
1781357805242 0.7116771936416626 2542
1781357805246 0.582421064376831 2543
1781357805252 0.546861469745636 2544
1781357805257 0.6252411007881165 2545
1781357805262 0.5971553325653076 2546
1781357805267 0.47393161058425903 2547
1781357805272 0.6416733264923096 2548
1781357805276 0.5558861494064331 2549
1781357805281 0.6973129510879517 2550
1781357805286 0.7116588950157166 2551
1781357805291 0.5871659517288208 2552
1781357805295 0.6683008670806885 2553
1781357805301 0.5708299279212952 2554
1781357805306 0.4903513789176941 2555
1781357805310 0.5036801099777222 2556
1781357805315 0.5908298492431641 2557
1781357805320 0.4806394577026367 2558
1781357805325 0.6146607398986816 2559
1781357805330 0.5617320537567139 2560
1781357805335 0.5560950040817261 2561
1781357805342 0.5508930683135986 2562
1781357805349 0.4895278513431549 2563
1781357805354 0.5953705310821533 2564
1781357805358 0.5389024615287781 2565
1781357805364 0.6495550870895386 2566
1781357805368 0.6791326403617859 2567
1781357805373 0.7240817546844482 2568
1781357805378 0.6895178556442261 2569
1781357805383 0.46897146105766296 2570
1781357805389 0.6633278727531433 2571
1781357805394 0.6111904382705688 2572
1781357805400 0.5835952162742615 2573
1781357805405 0.6517479419708252 2574
1781357805409 0.5152889490127563 2575
1781357805415 0.6283685564994812 2576
1781357805420 0.6656685471534729 2577
1781357805425 0.7011019587516785 2578
1781357805432 0.6922707557678223 2579
1781357805436 0.7233138680458069 2580
1781357805441 0.7176392078399658 2581
1781357805447 0.7184315919876099 2582
1781357805452 0.7857948541641235 2583
1781357805457 0.9121849536895752 2584
1781357805461 0.8093564510345459 2585
1781357805466 0.6391517519950867 2586
1781357805470 0.6803557872772217 2587
1781357805475 0.7836949825286865 2588
1781357805480 0.7309398651123047 2589
1781357805485 0.6643544435501099 2590
1781357805490 0.8678009510040283 2591
1781357805496 0.8495063781738281 2592
1781357805500 0.6473555564880371 2593
1781357805505 0.8650577068328857 2594
1781357805511 0.6667925119400024 2595
1781357805516 0.7562049031257629 2596
1781357805521 0.8696383237838745 2597
1781357805526 0.7020190954208374 2598
1781357805532 0.8773143887519836 2599
1781357805536 0.7245627641677856 2600
1781357805543 0.7353568077087402 2601
1781357805548 0.740976095199585 2602
1781357805552 0.793344259262085 2603
1781357805557 0.7982182502746582 2604
1781357805561 0.6998655796051025 2605
1781357805566 0.7781622409820557 2606
1781357805572 0.8327755331993103 2607
1781357805577 0.8187321424484253 2608
1781357805582 0.8245006799697876 2609
1781357805588 0.8611161708831787 2610
1781357805593 0.8730864524841309 2611
1781357805597 0.9051957130432129 2612
1781357805602 0.9813253879547119 2613
1781357805608 0.8240748643875122 2614
1781357805612 0.8628571033477783 2615
1781357805617 0.9672155976295471 2616
1781357805622 0.9089334011077881 2617
1781357805627 0.9125893712043762 2618
1781357805632 1.0077171325683594 2619
1781357805637 0.8870452046394348 2620
1781357805642 0.8077744841575623 2621
1781357805647 0.9571825265884399 2622
1781357805652 1.0137743949890137 2623
1781357805656 0.9058566689491272 2624
1781357805661 0.8383054733276367 2625
1781357805666 0.8635676503181458 2626
1781357805671 0.8968695402145386 2627
1781357805676 0.7851430177688599 2628
1781357805682 0.7898502349853516 2629
1781357805687 0.9808171987533569 2630
1781357805692 0.9205721020698547 2631
1781357805698 0.7532820105552673 2632
1781357805703 0.6529725193977356 2633
1781357805708 0.7183548212051392 2634
1781357805712 0.7858060598373413 2635
1781357805719 0.6937642097473145 2636
1781357805723 0.6224600672721863 2637
1781357805728 0.8097544312477112 2638
1781357805734 0.6537843942642212 2639
1781357805739 0.6027811765670776 2640
1781357805743 0.7017334699630737 2641
1781357805748 0.6177007555961609 2642
1781357805752 0.5600754022598267 2643
1781357805757 0.7626741528511047 2644
1781357805762 0.48215222358703613 2645
1781357805767 0.5456082820892334 2646
1781357805772 0.5758308172225952 2647
1781357805777 0.6464930176734924 2648
1781357805783 0.5230532884597778 2649
1781357805787 0.6003724336624146 2650
1781357805794 0.550283670425415 2651
1781357805799 0.5851858854293823 2652
1781357805804 0.5259073376655579 2653
1781357805808 0.5846339464187622 2654
1781357805813 0.5616694092750549 2655
1781357805819 0.6527761220932007 2656
1781357805824 0.552383303642273 2657
1781357805830 0.5356076955795288 2658
1781357805835 0.5002051591873169 2659
1781357805840 0.7329305410385132 2660
1781357805845 0.7186295390129089 2661
1781357805850 0.4847843050956726 2662
1781357805855 0.6031033992767334 2663
1781357805861 0.6173001527786255 2664
1781357805869 0.5456142425537109 2665
1781357805877 0.5857312679290771 2666
1781357805886 0.5906041264533997 2667
1781357805893 0.6863750219345093 2668
1781357805899 0.5265871286392212 2669
1781357805905 0.5265266299247742 2670
1781357805912 0.5682480335235596 2671
1781357805919 0.6103326082229614 2672
1781357805928 0.7679488062858582 2673
1781357805934 0.6561585664749146 2674
1781357805941 0.6400281190872192 2675
1781357805947 0.6075602173805237 2676
1781357805952 0.6407362222671509 2677
1781357805959 0.6583241820335388 2678
1781357805963 0.7122088074684143 2679
1781357805968 0.6913681030273438 2680
1781357805974 0.5565025806427002 2681
1781357805979 0.6552879214286804 2682
1781357805984 0.8680698275566101 2683
1781357805992 0.6800494194030762 2684
1781357805998 0.6424897313117981 2685
1781357806005 0.8287089467048645 2686
1781357806011 0.7530691623687744 2687
1781357806021 0.6114876866340637 2688
1781357806030 0.7307430505752563 2689
1781357806037 0.5885268449783325 2690
1781357806043 0.7795423269271851 2691
1781357806050 0.637579083442688 2692
1781357806056 0.7680056691169739 2693
1781357806062 0.8342089653015137 2694
1781357806071 0.7698293924331665 2695
1781357806078 0.7990331649780273 2696
1781357806087 0.8109346628189087 2697
1781357806095 0.77450031042099 2698
1781357806102 0.8181726932525635 2699
1781357806108 0.7866517305374146 2700
1781357806113 0.7209913730621338 2701
1781357806120 0.8191440105438232 2702
1781357806127 1.0541497468948364 2703
1781357806133 0.9938669800758362 2704
1781357806139 0.7969751954078674 2705
1781357806145 1.0573294162750244 2706
1781357806151 1.1855130195617676 2707
1781357806159 1.0750675201416016 2708
1781357806167 1.3608572483062744 2709
1781357806175 1.1730365753173828 2710
1781357806183 1.245500087738037 2711
1781357806190 1.0209243297576904 2712
1781357806199 1.1966309547424316 2713
1781357806205 1.2317452430725098 2714
1781357806214 1.5808312892913818 2715
1781357806221 1.570192813873291 2716
1781357806229 1.6559730768203735 2717
1781357806236 1.475388765335083 2718
1781357806246 1.652693510055542 2719
1781357806252 1.6919291019439697 2720
1781357806262 2.2950220108032227 2721
1781357806272 1.9632288217544556 2722
1781357806278 1.756054162979126 2723
1781357806286 2.15667724609375 2724
1781357806292 1.9238115549087524 2725
1781357806299 1.9774720668792725 2726
1781357806308 1.7204314470291138 2727
1781357806315 1.772653579711914 2728
1781357806322 2.2528936862945557 2729
1781357806329 1.965200424194336 2730
1781357806339 1.821603775024414 2731
1781357806346 1.9388612508773804 2732
1781357806355 1.9775547981262207 2733
1781357806362 1.7531452178955078 2734
1781357806372 1.8228063583374023 2735
1781357806380 1.8869926929473877 2736
1781357806387 1.8018162250518799 2737
1781357806393 1.6471936702728271 2738
1781357806399 1.8088915348052979 2739
1781357806406 1.641356348991394 2740
1781357806411 1.6492676734924316 2741
1781357806418 1.3158330917358398 2742
1781357806425 1.2562576532363892 2743
1781357806431 1.382188081741333 2744
1781357806437 1.17583167552948 2745
1781357806443 1.2965693473815918 2746
1781357806448 1.264007806777954 2747
1781357806455 1.1892590522766113 2748
1781357806461 1.0037851333618164 2749
1781357806473 0.9926509857177734 2750
1781357806486 1.047452449798584 2751
1781357806497 1.1793996095657349 2752
1781357806510 1.1848888397216797 2753
1781357806519 0.8865893483161926 2754
1781357806529 0.9926121234893799 2755
1781357806537 0.974144697189331 2756
1781357806550 0.9416249394416809 2757
1781357806559 0.7682927250862122 2758
1781357806565 0.8433065414428711 2759
1781357806571 0.7589369416236877 2760
1781357806579 0.7480224967002869 2761
1781357806585 0.6516479849815369 2762
1781357806590 0.7589758038520813 2763
1781357806597 0.6587011814117432 2764
1781357806603 0.8424055576324463 2765
1781357806611 0.6586011648178101 2766
1781357806616 0.7154077291488647 2767
1781357806620 0.7574698328971863 2768
1781357806625 0.7441279292106628 2769
1781357806631 0.619099497795105 2770
1781357806636 0.5012316703796387 2771
1781357806641 0.465495765209198 2772
1781357806647 0.4916028380393982 2773
1781357806654 0.5583715438842773 2774
1781357806659 0.5024541020393372 2775
1781357806665 0.4844816029071808 2776
1781357806671 0.5266450643539429 2777
1781357806676 0.40377146005630493 2778
1781357806682 0.4667750597000122 2779
1781357806688 0.5323339104652405 2780
1781357806693 0.4901491403579712 2781
1781357806698 0.41573333740234375 2782
1781357806704 0.46816855669021606 2783
1781357806708 0.4960091710090637 2784
1781357806713 0.5004137754440308 2785
1781357806718 0.45914074778556824 2786
1781357806724 0.37386131286621094 2787
1781357806730 0.37542518973350525 2788
1781357806734 0.5673640966415405 2789
1781357806740 0.4652004837989807 2790
1781357806745 0.29805290699005127 2791
1781357806750 0.5882311463356018 2792
1781357806755 0.42828014492988586 2793
1781357806760 0.41876715421676636 2794
1781357806764 0.3461047410964966 2795
1781357806771 0.4438246488571167 2796
1781357806776 0.3608677387237549 2797
1781357806781 0.4267251491546631 2798
1781357806788 0.35918429493904114 2799
1781357806794 0.41776108741760254 2800
1781357806801 0.3955947756767273 2801
1781357806806 0.4440332055091858 2802
1781357806811 0.4695172607898712 2803
1781357806818 0.4583601653575897 2804
1781357806824 0.3016533851623535 2805
1781357806829 0.5211601257324219 2806
1781357806836 0.38272273540496826 2807
1781357806842 0.30212515592575073 2808
1781357806848 0.4283939003944397 2809
1781357806854 0.3821456730365753 2810
