1780865247201 2.322040557861328 0
1780865247208 2.324266195297241 1
1780865247212 2.3022215366363525 2
1780865247217 2.2158894538879395 3
1780865247222 2.1763033866882324 4
1780865247227 2.2065041065216064 5
1780865247231 2.0385255813598633 6
1780865247236 2.091930627822876 7
1780865247241 2.101243495941162 8
1780865247245 1.9582728147506714 9
1780865247250 1.9729247093200684 10
1780865247254 1.8713642358779907 11
1780865247259 1.8125840425491333 12
1780865247263 1.729878306388855 13
1780865247269 1.8041541576385498 14
1780865247274 1.6033363342285156 15
1780865247280 1.5229721069335938 16
1780865247284 1.6072335243225098 17
1780865247290 1.320984959602356 18
1780865247295 1.4726629257202148 19
1780865247300 1.261207103729248 20
1780865247305 1.195754885673523 21
1780865247309 1.2207450866699219 22
1780865247315 1.1515883207321167 23
1780865247321 1.1902602910995483 24
1780865247325 1.1124323606491089 25
1780865247328 0.9908854365348816 26
1780865247335 1.1812063455581665 27
1780865247341 1.0981652736663818 28
1780865247344 0.8851956725120544 29
1780865247350 1.1151776313781738 30
1780865247356 0.842278242111206 31
1780865247361 0.9146447777748108 32
1780865247366 0.8808056116104126 33
1780865247372 1.1539899110794067 34
1780865247376 1.048764705657959 35
1780865247380 0.9378962516784668 36
1780865247385 0.8325868248939514 37
1780865247391 0.6449886560440063 38
1780865247396 0.8038443922996521 39
1780865247401 0.7902385592460632 40
1780865247406 0.6241347193717957 41
1780865247410 0.6527294516563416 42
1780865247414 0.6633337140083313 43
1780865247419 0.7277897596359253 44
1780865247424 0.6917442083358765 45
1780865247429 0.7646287083625793 46
1780865247433 0.7286181449890137 47
1780865247439 0.6376792192459106 48
1780865247444 0.714622974395752 49
1780865247450 0.4977109432220459 50
1780865247454 0.6238424181938171 51
1780865247460 0.6934662461280823 52
1780865247466 0.5311514735221863 53
1780865247471 0.8363866209983826 54
1780865247476 0.658090353012085 55
1780865247481 0.5581825971603394 56
1780865247486 0.5556941032409668 57
1780865247491 0.7067369818687439 58
1780865247496 0.4428769648075104 59
1780865247504 0.5529422760009766 60
1780865247508 0.6583343148231506 61
1780865247513 0.4001592695713043 62
1780865247518 0.527271568775177 63
1780865247522 0.6090366244316101 64
1780865247526 0.5050502419471741 65
1780865247532 0.4439372420310974 66
1780865247538 0.656471312046051 67
1780865247543 0.47768115997314453 68
1780865247548 0.6932635307312012 69
1780865247552 0.5377021431922913 70
1780865247558 0.5641031265258789 71
1780865247562 0.4586431086063385 72
1780865247567 0.34404703974723816 73
1780865247572 0.37812870740890503 74
1780865247576 0.43331193923950195 75
1780865247582 0.91311115026474 76
1780865247587 0.7242099046707153 77
1780865247592 0.3888256251811981 78
1780865247597 0.44083425402641296 79
1780865247602 0.4653331935405731 80
1780865247606 0.43617457151412964 81
1780865247610 0.6147603988647461 82
1780865247617 0.3921211063861847 83
1780865247621 0.552095353603363 84
1780865247627 0.5304868817329407 85
1780865247631 0.36286696791648865 86
1780865247636 0.34665077924728394 87
1780865247641 0.36976659297943115 88
1780865247645 0.5074764490127563 89
1780865247651 0.35561636090278625 90
1780865247655 0.3984280228614807 91
1780865247659 0.2912106513977051 92
1780865247663 0.5229582190513611 93
1780865247669 0.4894716739654541 94
1780865247674 0.4199412763118744 95
1780865247678 0.29919546842575073 96
1780865247682 0.25408393144607544 97
1780865247687 0.3936077356338501 98
1780865247692 0.5812860727310181 99
1780865247696 0.37976571917533875 100
1780865247700 0.3147325813770294 101
1780865247705 0.5196391940116882 102
1780865247709 0.6327915191650391 103
1780865247717 0.3742375373840332 104
1780865247721 0.33845654129981995 105
1780865247725 0.525334358215332 106
1780865247729 0.433342844247818 107
1780865247734 0.3265905976295471 108
1780865247739 0.5376769304275513 109
1780865247744 0.3127813935279846 110
1780865247748 0.43115925788879395 111
1780865247753 0.4658801853656769 112
1780865247757 0.5426161289215088 113
1780865247761 0.5792759656906128 114
1780865247765 0.4014439880847931 115
1780865247770 0.33397287130355835 116
1780865247775 0.414950966835022 117
1780865247780 0.40803012251853943 118
1780865247785 0.4016135036945343 119
1780865247789 0.5711753368377686 120
1780865247793 0.4101918935775757 121
1780865247800 0.5786262154579163 122
1780865247805 0.516285240650177 123
1780865247811 0.33302149176597595 124
1780865247816 0.5302714705467224 125
1780865247821 0.3231942057609558 126
1780865247825 0.4782950282096863 127
1780865247830 0.6018308401107788 128
1780865247834 0.3428298234939575 129
1780865247841 0.30025753378868103 130
1780865247846 0.29096919298171997 131
1780865247850 0.4103829264640808 132
1780865247855 0.3844386041164398 133
1780865247860 0.41884511709213257 134
1780865247866 0.3044024109840393 135
1780865247872 0.41724133491516113 136
1780865247876 0.176913782954216 137
1780865247882 0.40328094363212585 138
1780865247887 0.38488173484802246 139
1780865247892 0.5696092247962952 140
1780865247895 0.3016871213912964 141
1780865247900 0.926239013671875 142
1780865247906 0.45167040824890137 143
1780865247910 0.5612933039665222 144
1780865247916 0.35612964630126953 145
1780865247921 0.28857868909835815 146
1780865247926 0.3557659089565277 147
1780865247930 0.47801077365875244 148
1780865247934 0.4375986158847809 149
1780865247940 0.408395916223526 150
1780865247944 0.43934643268585205 151
1780865247949 0.23735229671001434 152
1780865247954 0.3389440178871155 153
1780865247958 0.790254533290863 154
1780865247962 0.31663620471954346 155
1780865247966 0.6422415971755981 156
1780865247970 0.4425402879714966 157
1780865247975 0.4608256220817566 158
1780865247979 0.31434476375579834 159
1780865247984 0.2863278388977051 160
1780865247991 0.3599439561367035 161
1780865247996 0.31806907057762146 162
1780865248001 0.36136630177497864 163
1780865248006 0.4054468870162964 164
1780865248010 0.373806893825531 165
1780865248016 0.5438269972801208 166
1780865248020 0.4235062599182129 167
1780865248024 0.446755588054657 168
1780865248032 0.20243903994560242 169
1780865248037 0.5363206267356873 170
1780865248041 0.41068369150161743 171
1780865248045 0.5800923109054565 172
1780865248050 0.40715572237968445 173
1780865248055 0.46998894214630127 174
1780865248060 0.272736519575119 175
1780865248065 0.382016658782959 176
1780865248071 0.3842920660972595 177
1780865248075 0.2039710432291031 178
1780865248079 0.4192676842212677 179
1780865248085 0.3180362582206726 180
1780865248089 0.38517048954963684 181
1780865248094 0.43026432394981384 182
1780865248099 0.3886093497276306 183
1780865248104 0.39079171419143677 184
1780865248109 0.281406432390213 185
1780865248115 0.4285944998264313 186
1780865248120 0.4217489957809448 187
1780865248124 0.45287248492240906 188
1780865248128 0.45750463008880615 189
1780865248133 0.48705360293388367 190
1780865248138 0.2713383734226227 191
1780865248142 0.27980369329452515 192
1780865248148 0.2537192702293396 193
1780865248153 0.3090375065803528 194
1780865248158 0.45099225640296936 195
1780865248164 0.39903971552848816 196
1780865248169 0.19787193834781647 197
1780865248174 0.3844496011734009 198
1780865248178 0.5960452556610107 199
1780865248183 0.3711513578891754 200
1780865248188 0.37708649039268494 201
1780865248193 0.3193504810333252 202
1780865248200 0.37495875358581543 203
1780865248205 0.21947260200977325 204
1780865248209 0.380064994096756 205
1780865248214 0.4390573799610138 206
1780865248219 0.3001997470855713 207
1780865248224 0.3546754717826843 208
1780865248229 0.25446176528930664 209
1780865248234 0.39567917585372925 210
1780865248239 0.2897094488143921 211
1780865248243 0.42754074931144714 212
1780865248248 0.43349242210388184 213
1780865248253 0.3176629841327667 214
1780865248257 0.435632586479187 215
1780865248262 0.22296741604804993 216
1780865248267 0.5637227892875671 217
1780865248272 0.2337452471256256 218
1780865248277 0.27631711959838867 219
1780865248282 0.2674798369407654 220
1780865248287 0.32402271032333374 221
1780865248292 0.4512670934200287 222
1780865248297 0.31735485792160034 223
1780865248302 0.34876006841659546 224
1780865248307 0.21226593852043152 225
1780865248315 0.4105200171470642 226
1780865248319 0.3246235251426697 227
1780865248323 0.42047253251075745 228
1780865248328 0.38010117411613464 229
1780865248333 0.733086347579956 230
1780865248338 0.4776592254638672 231
1780865248343 0.26972052454948425 232
1780865248348 0.45783549547195435 233
1780865248352 0.4241659939289093 234
1780865248357 0.15584835410118103 235
1780865248361 0.16301539540290833 236
1780865248366 0.3974035680294037 237
1780865248371 0.4705747961997986 238
1780865248375 0.35611170530319214 239
1780865248379 0.3639833927154541 240
1780865248385 0.4258241057395935 241
1780865248392 0.41109025478363037 242
1780865248398 0.34733787178993225 243
1780865248403 0.28528401255607605 244
1780865248408 0.6813657283782959 245
1780865248412 0.28281766176223755 246
1780865248417 0.286118745803833 247
1780865248421 0.4341872036457062 248
1780865248425 0.413140207529068 249
1780865248431 0.3223056197166443 250
1780865248437 0.18943864107131958 251
1780865248441 0.35571253299713135 252
1780865248448 0.21920840442180634 253
1780865248453 0.28432732820510864 254
1780865248458 0.29644104838371277 255
1780865248465 0.20027396082878113 256
1780865248469 0.22263598442077637 257
1780865248474 0.291251003742218 258
1780865248480 0.27157309651374817 259
1780865248485 0.37039247155189514 260
1780865248489 0.5977134704589844 261
1780865248496 0.5083791613578796 262
1780865248500 0.622613787651062 263
1780865248507 0.35620465874671936 264
1780865248513 0.31926509737968445 265
1780865248518 0.3653869926929474 266
1780865248522 0.6869024634361267 267
1780865248525 0.39376741647720337 268
1780865248530 0.4021912217140198 269
1780865248539 0.5246145129203796 270
1780865248546 0.39289647340774536 271
1780865248551 0.15153451263904572 272
1780865248556 0.3455665409564972 273
1780865248561 0.6637924313545227 274
1780865248566 0.4637987017631531 275
1780865248572 0.24576209485530853 276
1780865248577 0.2697015404701233 277
1780865248583 0.23231300711631775 278
1780865248588 0.38502049446105957 279
1780865248592 0.21841205656528473 280
1780865248598 0.5977994203567505 281
1780865248603 0.40872475504875183 282
1780865248607 0.48321619629859924 283
1780865248611 0.4752425253391266 284
1780865248616 0.3516697883605957 285
1780865248621 0.3023239076137543 286
1780865248626 0.23261097073554993 287
1780865248632 0.3542511761188507 288
1780865248637 0.3618171215057373 289
1780865248641 0.44302648305892944 290
1780865248645 0.38567784428596497 291
1780865248650 0.46311065554618835 292
1780865248656 0.4528692066669464 293
1780865248662 0.46746665239334106 294
1780865248668 0.39299893379211426 295
1780865248673 0.4393964409828186 296
1780865248677 0.5222036242485046 297
1780865248684 0.45992130041122437 298
1780865248689 0.3408135175704956 299
1780865248693 0.29995349049568176 300
1780865248698 0.3138611912727356 301
1780865248704 0.47550809383392334 302
1780865248708 0.33510127663612366 303
1780865248713 0.23954063653945923 304
1780865248717 0.3284337818622589 305
1780865248721 0.35661500692367554 306
1780865248725 0.455349326133728 307
1780865248730 0.4400072991847992 308
1780865248735 0.2728143036365509 309
1780865248740 0.2664276659488678 310
1780865248745 0.3069511353969574 311
1780865248750 0.31044623255729675 312
1780865248754 0.397948682308197 313
1780865248758 0.277326762676239 314
1780865248763 0.28503209352493286 315
1780865248767 0.2926771640777588 316
1780865248771 0.2372298687696457 317
1780865248776 0.38902348279953003 318
1780865248780 0.23627124726772308 319
1780865248785 0.35581642389297485 320
1780865248789 0.43769657611846924 321
1780865248794 0.33476290106773376 322
1780865248799 0.180624857544899 323
1780865248805 0.25028303265571594 324
1780865248811 0.26108962297439575 325
1780865248816 0.38664671778678894 326
1780865248821 0.3052254915237427 327
1780865248827 0.5500071048736572 328
1780865248832 0.28697633743286133 329
1780865248836 0.3645760118961334 330
1780865248840 0.23493853211402893 331
1780865248846 0.5635695457458496 332
1780865248851 0.2652186453342438 333
1780865248856 0.439971387386322 334
1780865248862 0.4548918306827545 335
1780865248869 0.28336936235427856 336
1780865248874 0.3341057002544403 337
1780865248880 0.21359330415725708 338
1780865248885 0.2722858786582947 339
1780865248889 0.36569279432296753 340
1780865248895 0.24037380516529083 341
1780865248901 0.28797096014022827 342
1780865248905 0.2938029170036316 343
1780865248912 0.3816806674003601 344
1780865248918 0.24613559246063232 345
1780865248922 0.13486315310001373 346
1780865248927 0.2990286648273468 347
1780865248933 0.33892062306404114 348
1780865248937 0.22626452147960663 349
1780865248943 0.2076096087694168 350
1780865248949 0.21395741403102875 351
1780865248955 0.34734827280044556 352
1780865248961 0.2363145649433136 353
1780865248966 0.23797915875911713 354
1780865248971 0.32317954301834106 355
1780865248978 0.30060121417045593 356
1780865248983 0.29186007380485535 357
1780865248987 0.2559390366077423 358
1780865248992 0.3175033628940582 359
1780865248997 0.318984717130661 360
1780865249002 0.2429584562778473 361
1780865249008 0.2780155539512634 362
1780865249013 0.19769592583179474 363
1780865249020 0.4737585783004761 364
1780865249026 0.2739928066730499 365
1780865249032 0.27663883566856384 366
1780865249037 0.43151336908340454 367
1780865249042 0.18983957171440125 368
1780865249048 0.31033581495285034 369
1780865249053 0.15155896544456482 370
1780865249057 0.2173251062631607 371
1780865249062 0.3777317702770233 372
1780865249067 0.1578894406557083 373
1780865249071 0.20524632930755615 374
1780865249075 0.5407297015190125 375
1780865249082 0.377754271030426 376
1780865249087 0.1809639036655426 377
1780865249091 0.1032501757144928 378
1780865249096 0.31198444962501526 379
1780865249102 0.2758323550224304 380
1780865249108 0.4636596143245697 381
1780865249113 0.47246384620666504 382
1780865249117 0.4702345132827759 383
1780865249122 0.20240874588489532 384
1780865249128 0.32751020789146423 385
1780865249133 0.30024027824401855 386
1780865249137 0.27987557649612427 387
1780865249143 0.279851496219635 388
1780865249148 0.1748533695936203 389
1780865249152 0.18254460394382477 390
1780865249156 0.276906818151474 391
1780865249162 0.42601439356803894 392
1780865249167 0.2029314637184143 393
1780865249171 0.19248732924461365 394
1780865249177 0.2170436978340149 395
1780865249181 0.10310795158147812 396
1780865249186 0.2045976221561432 397
1780865249191 0.14081302285194397 398
1780865249196 0.27695366740226746 399
1780865249201 0.3154410719871521 400
1780865249206 0.09744954854249954 401
1780865249211 0.28950515389442444 402
1780865249215 0.16336758434772491 403
1780865249220 0.25227218866348267 404
1780865249224 0.2895381450653076 405
1780865249229 0.18654125928878784 406
1780865249234 0.28161391615867615 407
1780865249239 0.3840785324573517 408
1780865249245 0.3203184902667999 409
1780865249251 0.21009568870067596 410
1780865249256 0.13068385422229767 411
1780865249261 0.19281522929668427 412
1780865249266 0.3073403835296631 413
1780865249270 0.19824883341789246 414
1780865249274 0.13898448646068573 415
1780865249280 0.4127035439014435 416
1780865249285 0.31058430671691895 417
1780865249289 0.21704614162445068 418
1780865249295 0.4433659613132477 419
1780865249301 0.23753347992897034 420
1780865249305 0.42436525225639343 421
1780865249310 0.22629836201667786 422
1780865249315 0.2128995954990387 423
1780865249318 0.12886320054531097 424
1780865249322 0.4540228843688965 425
1780865249328 0.35393673181533813 426
1780865249333 0.2092902958393097 427
1780865249338 0.3027397394180298 428
1780865249343 0.07066448777914047 429
1780865249349 0.395488977432251 430
1780865249353 0.147552952170372 431
1780865249358 0.3250477910041809 432
1780865249363 0.17848432064056396 433
1780865249367 0.46570706367492676 434
1780865249374 0.4623897969722748 435
1780865249379 0.23753584921360016 436
1780865249383 0.2990301847457886 437
1780865249388 0.11438768357038498 438
1780865249393 0.18953122198581696 439
1780865249398 0.1579262912273407 440
1780865249403 0.48398855328559875 441
1780865249408 0.12987762689590454 442
1780865249412 0.3064878582954407 443
1780865249417 0.2469760626554489 444
1780865249421 0.35660871863365173 445
1780865249427 0.22471430897712708 446
1780865249432 0.15129800140857697 447
1780865249436 0.2205040603876114 448
1780865249440 0.21398001909255981 449
1780865249445 0.17454765737056732 450
1780865249451 0.26044508814811707 451
1780865249456 0.147578164935112 452
1780865249461 0.2534385919570923 453
1780865249466 0.28706544637680054 454
1780865249471 0.11898070573806763 455
1780865249477 0.24529924988746643 456
1780865249482 0.22060522437095642 457
1780865249487 0.26675450801849365 458
1780865249492 0.338506281375885 459
1780865249498 0.119575634598732 460
1780865249503 0.5709652304649353 461
1780865249508 0.2168111950159073 462
1780865249512 0.41472312808036804 463
1780865249516 0.13449113070964813 464
1780865249521 0.3834700882434845 465
1780865249526 0.06575385481119156 466
1780865249530 0.45743921399116516 467
1780865249536 0.19883109629154205 468
1780865249541 0.17502443492412567 469
1780865249546 0.16832837462425232 470
1780865249550 0.3057132959365845 471
1780865249554 0.38378408551216125 472
1780865249559 0.2613391578197479 473
1780865249564 0.15938593447208405 474
1780865249567 0.2826516926288605 475
1780865249574 0.3215416669845581 476
1780865249578 0.22659629583358765 477
1780865249583 0.3284105658531189 478
1780865249586 0.17195962369441986 479
1780865249591 0.21118442714214325 480
1780865249595 0.3783828020095825 481
1780865249600 0.33241572976112366 482
1780865249603 0.08392535150051117 483
1780865249608 0.0726352408528328 484
1780865249612 0.49448826909065247 485
1780865249617 0.2115040123462677 486
1780865249621 0.17068363726139069 487
1780865249626 0.2735338807106018 488
1780865249630 0.22319285571575165 489
1780865249634 0.21571360528469086 490
1780865249639 0.2150692492723465 491
1780865249644 0.30076661705970764 492
1780865249648 0.21414659917354584 493
1780865249652 0.28164592385292053 494
1780865249657 0.19923044741153717 495
1780865249661 0.18065431714057922 496
1780865249666 0.4459013044834137 497
1780865249671 0.15715137124061584 498
1780865249675 0.18244269490242004 499
1780865249680 0.20304232835769653 500
1780865249684 0.29992812871932983 501
1780865249691 0.17952381074428558 502
1780865249695 0.22525005042552948 503
1780865249700 0.2867226302623749 504
1780865249704 0.2687245011329651 505
1780865249709 0.24380281567573547 506
1780865249713 0.15381717681884766 507
1780865249716 0.15040186047554016 508
1780865249722 0.23243194818496704 509
1780865249727 0.2255372703075409 510
1780865249734 0.15669865906238556 511
1780865249738 0.1839958280324936 512
1780865249743 0.1497495174407959 513
1780865249748 0.18228790163993835 514
1780865249752 0.2248070240020752 515
1780865249758 0.31966477632522583 516
1780865249762 0.17480042576789856 517
1780865249767 0.09048379957675934 518
1780865249772 0.4776809513568878 519
1780865249777 0.19018039107322693 520
1780865249782 0.21888306736946106 521
1780865249786 0.41168519854545593 522
1780865249791 0.1700965017080307 523
1780865249796 0.13653436303138733 524
1780865249801 0.14524412155151367 525
1780865249805 0.21979846060276031 526
1780865249810 0.2071053683757782 527
1780865249815 0.28370344638824463 528
1780865249821 0.16493022441864014 529
1780865249827 0.2939186096191406 530
1780865249831 0.15728157758712769 531
1780865249835 0.11426747590303421 532
1780865249840 0.14384454488754272 533
1780865249845 0.2745285928249359 534
1780865249849 0.20637112855911255 535
1780865249852 0.13339248299598694 536
1780865249858 0.24774225056171417 537
1780865249863 0.2773144841194153 538
1780865249868 0.23235352337360382 539
1780865249872 0.18568560481071472 540
1780865249877 0.20972880721092224 541
1780865249881 0.3979729413986206 542
1780865249886 0.2652323246002197 543
1780865249891 0.30089136958122253 544
1780865249895 0.21395228803157806 545
1780865249900 0.12963280081748962 546
1780865249904 0.21238169074058533 547
1780865249910 0.21949651837348938 548
1780865249914 0.08070866763591766 549
1780865249919 0.2838454842567444 550
1780865249925 0.17590957880020142 551
1780865249930 0.24355058372020721 552
1780865249934 0.15240275859832764 553
1780865249939 0.2576058804988861 554
1780865249944 0.16021691262722015 555
1780865249950 0.33594852685928345 556
1780865249955 0.20789822936058044 557
1780865249959 0.18599778413772583 558
1780865249964 0.2061384916305542 559
1780865249968 0.14943185448646545 560
1780865249973 0.15037545561790466 561
1780865249978 0.10319274663925171 562
1780865249982 0.19382242858409882 563
1780865249988 0.2510061264038086 564
1780865249992 0.11167969554662704 565
1780865249997 0.39576834440231323 566
1780865250003 0.13370920717716217 567
1780865250008 0.21719865500926971 568
1780865250012 0.1993580460548401 569
1780865250016 0.19408397376537323 570
1780865250022 0.1845817267894745 571
1780865250027 0.1494353860616684 572
1780865250031 0.22034260630607605 573
1780865250036 0.15197621285915375 574
1780865250041 0.26211655139923096 575
1780865250048 0.15670041739940643 576
1780865250053 0.3080257773399353 577
1780865250060 0.1812785565853119 578
1780865250065 0.1947159469127655 579
1780865250070 0.24969565868377686 580
1780865250075 0.15875957906246185 581
1780865250079 0.27732542157173157 582
1780865250084 0.16873443126678467 583
1780865250089 0.12680643796920776 584
1780865250094 0.40668627619743347 585
1780865250100 0.14802712202072144 586
1780865250106 0.3585360646247864 587
1780865250110 0.09870508313179016 588
1780865250114 0.2601609528064728 589
1780865250118 0.1796712875366211 590
1780865250124 0.208475723862648 591
1780865250129 0.35592812299728394 592
1780865250134 0.11388983577489853 593
1780865250140 0.20078672468662262 594
1780865250146 0.17586463689804077 595
1780865250150 0.2668026089668274 596
1780865250156 0.25571972131729126 597
1780865250162 0.32019904255867004 598
1780865250166 0.09514935314655304 599
1780865250171 0.21565720438957214 600
1780865250176 0.23100127279758453 601
1780865250180 0.14073292911052704 602
1780865250185 0.11762558668851852 603
1780865250190 0.3900819420814514 604
1780865250195 0.2520032823085785 605
1780865250200 0.18960601091384888 606
1780865250205 0.14500823616981506 607
1780865250210 0.3768772780895233 608
1780865250214 0.3771324157714844 609
1780865250220 0.5412966012954712 610
1780865250225 0.24561016261577606 611
1780865250230 0.16714756190776825 612
1780865250234 0.5852760672569275 613
1780865250240 0.2102583348751068 614
1780865250244 0.3043062686920166 615
1780865250248 0.1809137910604477 616
1780865250253 0.10428950935602188 617
1780865250258 0.255121648311615 618
1780865250262 0.5132779479026794 619
1780865250266 0.14954453706741333 620
1780865250272 0.28066694736480713 621
1780865250277 0.20304664969444275 622
1780865250282 0.20984932780265808 623
1780865250287 0.22124157845973969 624
1780865250291 0.28299739956855774 625
1780865250296 0.17272445559501648 626
1780865250302 0.3790540397167206 627
1780865250307 0.2804831564426422 628
1780865250311 0.23232440650463104 629
1780865250315 0.29528141021728516 630
1780865250320 0.2698577344417572 631
1780865250325 0.2717748284339905 632
1780865250330 0.29716649651527405 633
1780865250335 0.206636443734169 634
1780865250340 0.2912578880786896 635
1780865250345 0.2656698226928711 636
1780865250349 0.2336527556180954 637
1780865250354 0.41232767701148987 638
1780865250359 0.4484823942184448 639
1780865250363 0.5234848856925964 640
1780865250368 0.30319613218307495 641
1780865250373 0.2529684603214264 642
1780865250378 0.23423463106155396 643
1780865250382 0.21055330336093903 644
1780865250386 0.26127156615257263 645
1780865250392 0.34412479400634766 646
1780865250396 0.2257814258337021 647
1780865250403 0.19941408932209015 648
1780865250408 0.44194021821022034 649
1780865250412 0.1205773651599884 650
1780865250415 0.22009143233299255 651
1780865250422 0.25209322571754456 652
1780865250428 0.22189520299434662 653
1780865250433 0.24079503118991852 654
1780865250438 0.08499576151371002 655
1780865250444 0.36874812841415405 656
1780865250449 0.10106836259365082 657
1780865250455 0.24205264449119568 658
1780865250460 0.11728470027446747 659
1780865250464 0.07352147996425629 660
1780865250469 0.18444854021072388 661
1780865250474 0.19485948979854584 662
1780865250478 0.20441143214702606 663
1780865250482 0.41136059165000916 664
1780865250488 0.2877160310745239 665
1780865250493 0.26578161120414734 666
1780865250497 0.22844868898391724 667
1780865250502 0.13381244242191315 668
1780865250507 0.12332648783922195 669
1780865250512 0.17334209382534027 670
1780865250515 0.2275875210762024 671
1780865250521 0.08558529615402222 672
1780865250526 0.1712389439344406 673
1780865250530 0.27592167258262634 674
1780865250536 0.1058347299695015 675
1780865250542 0.3920471966266632 676
1780865250546 0.39416468143463135 677
1780865250550 0.2567090094089508 678
1780865250556 0.14916180074214935 679
1780865250560 0.15831859409809113 680
1780865250565 0.12560175359249115 681
1780865250571 0.19103829562664032 682
1780865250576 0.12914955615997314 683
1780865250580 0.25656208395957947 684
1780865250586 0.2140527218580246 685
1780865250591 0.06796547025442123 686
1780865250596 0.2557331621646881 687
1780865250602 0.09542109072208405 688
1780865250606 0.21432141959667206 689
1780865250610 0.16807523369789124 690
1780865250614 0.22568975389003754 691
1780865250621 0.2672368288040161 692
1780865250626 0.2414572536945343 693
1780865250630 0.2037276178598404 694
1780865250634 0.3309532701969147 695
1780865250640 0.11602537333965302 696
1780865250644 0.32466235756874084 697
1780865250648 0.17193233966827393 698
1780865250654 0.2216997742652893 699
1780865250662 0.18049503862857819 700
1780865250667 0.466918021440506 701
1780865250673 0.22052672505378723 702
1780865250678 0.320829838514328 703
1780865250682 0.2533564567565918 704
1780865250688 0.10043363273143768 705
1780865250694 0.38056764006614685 706
1780865250700 0.2343830019235611 707
1780865250705 0.21814362704753876 708
1780865250711 0.225677490234375 709
1780865250716 0.15079036355018616 710
1780865250722 0.10539799928665161 711
1780865250726 0.09869398921728134 712
1780865250730 0.24756431579589844 713
1780865250735 0.2009093016386032 714
1780865250740 0.21541981399059296 715
1780865250744 0.16989564895629883 716
1780865250749 0.07766225188970566 717
1780865250754 0.10211513936519623 718
1780865250760 0.2027236819267273 719
1780865250765 0.22451470792293549 720
1780865250771 0.09146924316883087 721
1780865250775 0.2307252585887909 722
1780865250779 0.18296118080615997 723
1780865250784 0.15749512612819672 724
1780865250789 0.22670303285121918 725
1780865250794 0.1042882427573204 726
1780865250798 0.08135966211557388 727
1780865250803 0.1992928385734558 728
1780865250807 0.22561302781105042 729
1780865250813 0.04924800246953964 730
1780865250818 0.19430221617221832 731
1780865250823 0.1841934472322464 732
1780865250828 0.14181292057037354 733
1780865250833 0.21538183093070984 734
1780865250837 0.12156329303979874 735
1780865250843 0.2588001787662506 736
1780865250846 0.20282965898513794 737
1780865250852 0.15276294946670532 738
1780865250858 0.09659206122159958 739
1780865250862 0.19202375411987305 740
1780865250867 0.4169413447380066 741
1780865250872 0.20693233609199524 742
1780865250877 0.15442708134651184 743
1780865250882 0.151615172624588 744
1780865250887 0.09342958778142929 745
1780865250892 0.17182044684886932 746
1780865250896 0.2463977038860321 747
1780865250901 0.21779291331768036 748
1780865250905 0.18590138852596283 749
1780865250909 0.21530430018901825 750
1780865250914 0.33929380774497986 751
1780865250920 0.30634215474128723 752
1780865250924 0.3034507632255554 753
1780865250929 0.09599609673023224 754
1780865250934 0.18907815217971802 755
1780865250939 0.2208281010389328 756
1780865250943 0.29018470644950867 757
1780865250949 0.1739051342010498 758
1780865250954 0.041510045528411865 759
1780865250958 0.3110423982143402 760
1780865250962 0.08835433423519135 761
1780865250968 0.20487858355045319 762
1780865250972 0.09519722312688828 763
1780865250977 0.20696091651916504 764
1780865250983 0.35074976086616516 765
1780865250987 0.2231067568063736 766
1780865250992 0.2471524029970169 767
1780865251000 0.10264917463064194 768
1780865251004 0.10716795921325684 769
1780865251008 0.3341512680053711 770
1780865251012 0.12132533639669418 771
1780865251019 0.08781681954860687 772
1780865251023 0.1711716502904892 773
1780865251028 0.2416515201330185 774
1780865251033 0.2699325680732727 775
1780865251038 0.2452583760023117 776
1780865251042 0.18117062747478485 777
1780865251046 0.21535366773605347 778
1780865251055 0.16485701501369476 779
1780865251060 0.26971435546875 780
1780865251065 0.2824406921863556 781
1780865251071 0.21440798044204712 782
1780865251075 0.19844481348991394 783
1780865251080 0.17118653655052185 784
1780865251086 0.20358404517173767 785
1780865251090 0.11305885761976242 786
1780865251095 0.24182789027690887 787
1780865251100 0.1397857964038849 788
1780865251105 0.18353977799415588 789
1780865251108 0.24188479781150818 790
1780865251114 0.129437655210495 791
1780865251119 0.1446903645992279 792
1780865251125 0.12276797741651535 793
1780865251130 0.3136560618877411 794
1780865251134 0.22372780740261078 795
1780865251140 0.08560118079185486 796
1780865251146 0.3118610680103302 797
1780865251150 0.20653191208839417 798
1780865251156 0.15243397653102875 799
1780865251162 0.24890552461147308 800
1780865251167 0.1220531165599823 801
1780865251172 0.16913959383964539 802
1780865251177 0.289229154586792 803
1780865251182 0.3696267902851105 804
1780865251188 0.278938889503479 805
1780865251194 0.10058152675628662 806
1780865251199 0.13100981712341309 807
1780865251204 0.13788703083992004 808
1780865251209 0.12332677096128464 809
1780865251213 0.227400004863739 810
1780865251218 0.22651293873786926 811
1780865251223 0.2720993161201477 812
1780865251226 0.3213854134082794 813
1780865251232 0.16634432971477509 814
1780865251236 0.2359708845615387 815
1780865251241 0.23450621962547302 816
1780865251247 0.18111605942249298 817
1780865251252 0.17760992050170898 818
1780865251256 0.18220598995685577 819
1780865251260 0.18704040348529816 820
1780865251265 0.11427570879459381 821
1780865251269 0.3364202678203583 822
1780865251273 0.17428548634052277 823
1780865251279 0.2184290736913681 824
1780865251285 0.2356678545475006 825
1780865251290 0.19373151659965515 826
1780865251295 0.12462328374385834 827
1780865251301 0.11727603524923325 828
1780865251305 0.24887818098068237 829
1780865251309 0.1321445256471634 830
1780865251315 0.13936826586723328 831
1780865251319 0.3503672182559967 832
1780865251323 0.22413045167922974 833
1780865251328 0.32927316427230835 834
1780865251333 0.26283302903175354 835
1780865251338 0.2588244378566742 836
1780865251343 0.2877311706542969 837
1780865251348 0.12648345530033112 838
1780865251354 0.362839013338089 839
1780865251357 0.17504896223545074 840
1780865251363 0.18877013027668 841
1780865251368 0.18682081997394562 842
1780865251372 0.13994380831718445 843
1780865251376 0.16007427871227264 844
1780865251381 0.1423010379076004 845
1780865251386 0.09554390609264374 846
1780865251390 0.249836727976799 847
1780865251395 0.07840977609157562 848
1780865251400 0.09002195298671722 849
1780865251404 0.057291336357593536 850
1780865251407 0.30098068714141846 851
1780865251412 0.0788561999797821 852
1780865251416 0.19839198887348175 853
1780865251421 0.21594315767288208 854
1780865251425 0.22209255397319794 855
1780865251429 0.16693556308746338 856
1780865251434 0.27122682332992554 857
1780865251439 0.24120576679706573 858
1780865251443 0.148330420255661 859
1780865251449 0.10526493191719055 860
1780865251455 0.16721050441265106 861
1780865251460 0.14701178669929504 862
1780865251465 0.06323688477277756 863
1780865251470 0.3002872169017792 864
1780865251478 0.3715859055519104 865
1780865251483 0.22352945804595947 866
1780865251487 0.22696684300899506 867
1780865251491 0.20153380930423737 868
1780865251497 0.07521989941596985 869
1780865251502 0.20640234649181366 870
1780865251506 0.16951967775821686 871
1780865251511 0.4856370687484741 872
1780865251516 0.10547888278961182 873
1780865251520 0.13926202058792114 874
1780865251524 0.19303598999977112 875
1780865251529 0.16305629909038544 876
1780865251534 0.2767219543457031 877
1780865251538 0.09488919377326965 878
1780865251544 0.08855819702148438 879
1780865251549 0.04624569043517113 880
1780865251553 0.2568555474281311 881
1780865251558 0.13822533190250397 882
1780865251563 0.20182223618030548 883
1780865251568 0.18128451704978943 884
1780865251573 0.09204252064228058 885
1780865251580 0.21630321443080902 886
1780865251584 0.1773122251033783 887
1780865251588 0.13558147847652435 888
1780865251593 0.32116374373435974 889
1780865251597 0.13409151136875153 890
1780865251601 0.17993012070655823 891
1780865251605 0.31302115321159363 892
1780865251608 0.19595570862293243 893
1780865251613 0.18203936517238617 894
1780865251617 0.11552511900663376 895
1780865251621 0.2075382024049759 896
1780865251625 0.24851958453655243 897
1780865251629 0.2020951509475708 898
1780865251635 0.10627449303865433 899
1780865251640 0.1835193634033203 900
1780865251645 0.08546259254217148 901
1780865251650 0.08431416749954224 902
1780865251655 0.241499125957489 903
1780865251660 0.14624617993831635 904
1780865251664 0.13792194426059723 905
1780865251668 0.22629757225513458 906
1780865251673 0.14325222373008728 907
1780865251678 0.24957053363323212 908
1780865251682 0.1504984349012375 909
1780865251687 0.10568336397409439 910
1780865251692 0.199444979429245 911
1780865251697 0.14903128147125244 912
1780865251701 0.08873430639505386 913
1780865251705 0.15362778306007385 914
1780865251709 0.09309451282024384 915
1780865251714 0.20266464352607727 916
1780865251718 0.1064210906624794 917
1780865251722 0.2078724354505539 918
1780865251728 0.055788855999708176 919
1780865251732 0.235007643699646 920
1780865251736 0.31513968110084534 921
1780865251740 0.23719443380832672 922
1780865251745 0.13442362844944 923
1780865251751 0.16569139063358307 924
1780865251755 0.38627389073371887 925
1780865251760 0.1688968390226364 926
1780865251765 0.06490713357925415 927
1780865251769 0.42592358589172363 928
1780865251773 0.15163066983222961 929
1780865251778 0.052990324795246124 930
1780865251784 0.11033712327480316 931
1780865251787 0.20485132932662964 932
1780865251792 0.07625463604927063 933
1780865251798 0.17043285071849823 934
1780865251803 0.15331541001796722 935
1780865251807 0.17325007915496826 936
1780865252048 0.09887728840112686 937
1780865252053 0.16952423751354218 938
1780865252057 0.13908657431602478 939
1780865252063 0.051023080945014954 940
1780865252066 0.16673091053962708 941
1780865252072 0.10531695187091827 942
1780865252077 0.22648537158966064 943
1780865252082 0.13851097226142883 944
1780865252086 0.07827087491750717 945
1780865252092 0.17560307681560516 946
1780865252096 0.1608385443687439 947
1780865252101 0.09927576780319214 948
1780865252106 0.07474637776613235 949
1780865252110 0.2801254093647003 950
1780865252116 0.11629633605480194 951
1780865252120 0.07921145856380463 952
1780865252126 0.14405372738838196 953
1780865252131 0.10383380949497223 954
1780865252135 0.1311737447977066 955
1780865252140 0.0835411548614502 956
1780865252144 0.1450900286436081 957
1780865252149 0.14483879506587982 958
1780865252154 0.19779297709465027 959
1780865252159 0.11034899950027466 960
1780865252164 0.13127312064170837 961
1780865252168 0.1358819454908371 962
1780865252173 0.1295347660779953 963
1780865252180 0.11494632810354233 964
1780865252184 0.07638641446828842 965
1780865252190 0.15926647186279297 966
1780865252195 0.12921351194381714 967
1780865252199 0.18441538512706757 968
1780865252203 0.0598556213080883 969
1780865252208 0.08949905633926392 970
1780865252212 0.09597957879304886 971
1780865252217 0.09890324622392654 972
1780865252222 0.10395778715610504 973
1780865252227 0.2471296489238739 974
1780865252232 0.2102869153022766 975
1780865252236 0.12728944420814514 976
1780865252241 0.19764138758182526 977
1780865252246 0.1079287901520729 978
1780865252249 0.26928621530532837 979
1780865252256 0.10276275128126144 980
1780865252261 0.11154306679964066 981
1780865252265 0.2039797455072403 982
1780865252270 0.24844247102737427 983
1780865252275 0.1098654642701149 984
1780865252279 0.13941897451877594 985
1780865252284 0.13936597108840942 986
1780865252289 0.11583562195301056 987
1780865252293 0.050783973187208176 988
1780865252298 0.1398995965719223 989
1780865252302 0.0752655416727066 990
1780865252309 0.2002195119857788 991
1780865252313 0.17693261802196503 992
1780865252317 0.24818766117095947 993
1780865252322 0.16304926574230194 994
1780865252328 0.20081225037574768 995
1780865252332 0.14280900359153748 996
1780865252336 0.10354924201965332 997
1780865252341 0.029358603060245514 998
1780865252346 0.21409444510936737 999
1780865252351 0.14506444334983826 1000
1780865252355 0.08617041260004044 1001
1780865252361 0.15454788506031036 1002
1780865252365 0.07755614072084427 1003
1780865252369 0.09324220567941666 1004
1780865252374 0.07255689799785614 1005
1780865252380 0.3475819230079651 1006
1780865252384 0.29009172320365906 1007
1780865252388 0.12437213957309723 1008
1780865252393 0.1121329814195633 1009
1780865252397 0.1483430415391922 1010
1780865252401 0.21897700428962708 1011
1780865252406 0.19104699790477753 1012
1780865252411 0.21085692942142487 1013
1780865252415 0.17985787987709045 1014
1780865252420 0.13435664772987366 1015
1780865252425 0.054111696779727936 1016
1780865252431 0.1376928687095642 1017
1780865252437 0.12355861067771912 1018
1780865252442 0.12955336272716522 1019
1780865252447 0.09400521218776703 1020
1780865252451 0.13406552374362946 1021
1780865252456 0.25248393416404724 1022
1780865252460 0.19436341524124146 1023
1780865252464 0.17678804695606232 1024
1780865252469 0.047208018600940704 1025
1780865252473 0.2206883728504181 1026
1780865252478 0.26253682374954224 1027
1780865252483 0.10441271215677261 1028
1780865252488 0.22726412117481232 1029
1780865252493 0.1261226087808609 1030
1780865252497 0.23452574014663696 1031
1780865252502 0.1389530599117279 1032
1780865252507 0.2736745774745941 1033
1780865252512 0.24608121812343597 1034
1780865252517 0.30000266432762146 1035
1780865252524 0.17023588716983795 1036
1780865252528 0.10492649674415588 1037
1780865252533 0.14792439341545105 1038
1780865252537 0.12620046734809875 1039
1780865252542 0.1280343383550644 1040
1780865252547 0.18432897329330444 1041
1780865252551 0.19241464138031006 1042
1780865252556 0.21853706240653992 1043
1780865252560 0.0688769742846489 1044
1780865252565 0.16148170828819275 1045
1780865252569 0.18194034695625305 1046
1780865252574 0.3118695616722107 1047
1780865252579 0.2576221823692322 1048
1780865252598 0.10915838927030563 1049
1780865252604 0.15112227201461792 1050
1780865252609 0.16474969685077667 1051
1780865252613 0.1254567950963974 1052
1780865252617 0.07322286814451218 1053
1780865252622 0.12990422546863556 1054
1780865252627 0.29387250542640686 1055
1780865252631 0.1891101449728012 1056
1780865252635 0.15055297315120697 1057
1780865252640 0.2719763219356537 1058
1780865252646 0.2731989026069641 1059
1780865252649 0.17990225553512573 1060
1780865252655 0.219200998544693 1061
1780865252659 0.22260883450508118 1062
1780865252665 0.07186705619096756 1063
1780865252670 0.10820922255516052 1064
1780865252674 0.17818531394004822 1065
1780865252680 0.16155388951301575 1066
1780865252684 0.12061651051044464 1067
1780865252689 0.19338135421276093 1068
1780865252693 0.17666000127792358 1069
1780865252698 0.19097355008125305 1070
1780865252704 0.07253386080265045 1071
1780865252708 0.20192992687225342 1072
1780865252713 0.1928664892911911 1073
1780865252720 0.3586309850215912 1074
1780865252727 0.2382659614086151 1075
1780865252730 0.11054491996765137 1076
1780865252735 0.27324092388153076 1077
1780865252741 0.21195141971111298 1078
1780865252745 0.1548275500535965 1079
1780865252751 0.11090299487113953 1080
1780865252756 0.08452438563108444 1081
1780865252762 0.10024306923151016 1082
1780865252768 0.08274567872285843 1083
1780865252773 0.1207897737622261 1084
1780865252779 0.15051287412643433 1085
1780865252783 0.08997561782598495 1086
1780865252788 0.06681714951992035 1087
1780865252792 0.07073266059160233 1088
1780865252797 0.22492718696594238 1089
1780865252802 0.3885892331600189 1090
1780865252807 0.22975406050682068 1091
1780865252812 0.20374087989330292 1092
1780865252817 0.10888542979955673 1093
1780865252823 0.09416709840297699 1094
1780865252828 0.04503177851438522 1095
1780865252834 0.20071817934513092 1096
1780865252840 0.2157953977584839 1097
1780865252845 0.17726241052150726 1098
1780865252850 0.13890254497528076 1099
1780865252855 0.18591554462909698 1100
1780865252860 0.28317034244537354 1101
1780865252865 0.12383337318897247 1102
1780865252871 0.03124052658677101 1103
1780865252875 0.20899105072021484 1104
1780865252879 0.294808566570282 1105
1780865252885 0.16153448820114136 1106
1780865252890 0.215084508061409 1107
1780865252894 0.05036342516541481 1108
1780865252898 0.11391368508338928 1109
1780865252903 0.13250480592250824 1110
1780865252908 0.12105576694011688 1111
1780865252912 0.1035751923918724 1112
1780865252917 0.0831490233540535 1113
1780865252922 0.24565283954143524 1114
1780865252926 0.2308112382888794 1115
1780865252931 0.0427541546523571 1116
1780865252935 0.1891641616821289 1117
1780865252940 0.17356108129024506 1118
1780865252944 0.06450837850570679 1119
1780865252949 0.13317066431045532 1120
1780865252954 0.20502105355262756 1121
1780865252958 0.17099128663539886 1122
1780865252964 0.05646723508834839 1123
1780865252969 0.23159128427505493 1124
1780865252975 0.0850408747792244 1125
1780865252979 0.03288988023996353 1126
1780865252985 0.07708129286766052 1127
1780865252989 0.20049521327018738 1128
1780865252994 0.03625466674566269 1129
1780865252999 0.25676125288009644 1130
1780865253004 0.16394707560539246 1131
1780865253008 0.20130980014801025 1132
1780865253012 0.17754583060741425 1133
1780865253018 0.18209755420684814 1134
1780865253022 0.14177142083644867 1135
1780865253027 0.04483957961201668 1136
1780865253031 0.20246174931526184 1137
1780865253036 0.14969420433044434 1138
1780865253040 0.17041820287704468 1139
1780865253044 0.3038283884525299 1140
1780865253049 0.19829848408699036 1141
1780865253054 0.15642476081848145 1142
1780865253058 0.04226478934288025 1143
1780865253063 0.059064775705337524 1144
1780865253068 0.163063645362854 1145
1780865253074 0.2651861011981964 1146
1780865253079 0.09837491810321808 1147
1780865253085 0.39302027225494385 1148
1780865253090 0.05737701803445816 1149
1780865253095 0.23748423159122467 1150
1780865253101 0.08172398060560226 1151
1780865253106 0.1465252786874771 1152
1780865253111 0.29843759536743164 1153
1780865253117 0.18660162389278412 1154
1780865253122 0.20439650118350983 1155
1780865253128 0.1293674260377884 1156
1780865253133 0.17615224421024323 1157
1780865253139 0.0968412458896637 1158
1780865253144 0.06535926461219788 1159
1780865253149 0.33611971139907837 1160
1780865253154 0.03887167572975159 1161
1780865253159 0.2160549759864807 1162
1780865253162 0.09597425162792206 1163
1780865253167 0.16879849135875702 1164
1780865253173 0.03103061020374298 1165
1780865253179 0.24888750910758972 1166
1780865253185 0.11111372709274292 1167
1780865253189 0.13056235015392303 1168
1780865253193 0.046771418303251266 1169
1780865253198 0.07286364585161209 1170
1780865253204 0.051561497151851654 1171
1780865253209 0.0631009042263031 1172
1780865253214 0.10709518194198608 1173
1780865253218 0.12452797591686249 1174
1780865253225 0.18997083604335785 1175
1780865253230 0.17550908029079437 1176
1780865253235 0.18576253950595856 1177
1780865253241 0.04450567066669464 1178
1780865253244 0.09435483813285828 1179
1780865253249 0.15077468752861023 1180
1780865253255 0.03246191889047623 1181
1780865253260 0.06951794028282166 1182
1780865253264 0.43214714527130127 1183
1780865253270 0.12445187568664551 1184
1780865253275 0.16555173695087433 1185
1780865253280 0.07910512387752533 1186
1780865253285 0.13632218539714813 1187
1780865253290 0.1548670530319214 1188
1780865253296 0.24274170398712158 1189
1780865253302 0.10238035023212433 1190
1780865253306 0.06878602504730225 1191
1780865253310 0.07399318367242813 1192
1780865253315 0.13231396675109863 1193
1780865253320 0.26566410064697266 1194
1780865253325 0.25917619466781616 1195
1780865253331 0.2621566653251648 1196
1780865253335 0.19082556664943695 1197
1780865253339 0.3857244849205017 1198
1780865253343 0.14767032861709595 1199
1780865253349 0.35296088457107544 1200
1780865253354 0.10520453006029129 1201
1780865253359 0.15101653337478638 1202
1780865253364 0.2728910446166992 1203
1780865253369 0.1346207559108734 1204
1780865253373 0.17619651556015015 1205
1780865253379 0.14364194869995117 1206
1780865253385 0.3338027596473694 1207
1780865253389 0.22687463462352753 1208
1780865253392 0.20661774277687073 1209
1780865253398 0.11486772447824478 1210
1780865253403 0.31547829508781433 1211
1780865253407 0.27634143829345703 1212
1780865253412 0.09006427973508835 1213
1780865253418 0.15559235215187073 1214
1780865253422 0.1501450538635254 1215
1780865253425 0.16418427228927612 1216
1780865253431 0.27699530124664307 1217
1780865253435 0.20320890843868256 1218
1780865253439 0.13735057413578033 1219
1780865253443 0.2234179526567459 1220
1780865253448 0.0978550910949707 1221
1780865253453 0.1598542034626007 1222
1780865253457 0.11851157993078232 1223
1780865253462 0.11723180115222931 1224
1780865253467 0.1569761037826538 1225
1780865253472 0.06155206263065338 1226
1780865253476 0.0601196363568306 1227
1780865253481 0.06944014877080917 1228
1780865253486 0.04464956000447273 1229
1780865253490 0.09555055946111679 1230
1780865253494 0.12544438242912292 1231
1780865253500 0.12808747589588165 1232
1780865253505 0.1059848815202713 1233
1780865253510 0.1405390352010727 1234
1780865253515 0.11046269536018372 1235
1780865253519 0.2263864129781723 1236
1780865253523 0.10899598896503448 1237
1780865253529 0.1040317714214325 1238
1780865253534 0.08278708904981613 1239
1780865253539 0.13594307005405426 1240
1780865253544 0.09579270333051682 1241
1780865253549 0.04246728494763374 1242
1780865253553 0.0980357751250267 1243
1780865253557 0.2729678452014923 1244
1780865253562 0.2557416260242462 1245
1780865253569 0.03342186287045479 1246
1780865253573 0.14399905502796173 1247
1780865253579 0.0985376387834549 1248
1780865253584 0.13897715508937836 1249
1780865253587 0.20964360237121582 1250
1780865253591 0.06375089287757874 1251
1780865253597 0.08728916198015213 1252
1780865253602 0.11421014368534088 1253
1780865253606 0.1721138209104538 1254
1780865253611 0.11381284892559052 1255
1780865253617 0.06916893273591995 1256
1780865253621 0.07190864533185959 1257
1780865253627 0.10364819318056107 1258
1780865253633 0.06788209080696106 1259
1780865253637 0.1269741803407669 1260
1780865253641 0.16258080303668976 1261
1780865253647 0.25082477927207947 1262
1780865253651 0.10420481115579605 1263
1780865253656 0.09713174402713776 1264
1780865253662 0.08514419943094254 1265
1780865253667 0.06905610859394073 1266
1780865253672 0.20141330361366272 1267
1780865253677 0.119118332862854 1268
1780865253682 0.18706803023815155 1269
1780865253685 0.11689834296703339 1270
1780865253691 0.18184448778629303 1271
1780865253697 0.09250304102897644 1272
1780865253703 0.12352132052183151 1273
1780865253707 0.1001686230301857 1274
1780865253711 0.17538079619407654 1275
1780865253716 0.18653158843517303 1276
1780865253720 0.19536100327968597 1277
1780865253726 0.08379008620977402 1278
1780865253730 0.1892852783203125 1279
1780865253735 0.07073929160833359 1280
1780865253739 0.1838034689426422 1281
1780865253742 0.15372122824192047 1282
1780865253747 0.20676755905151367 1283
1780865253751 0.06385355442762375 1284
1780865253754 0.09317027777433395 1285
1780865253759 0.3293023407459259 1286
1780865253763 0.11611413955688477 1287
1780865253767 0.41017988324165344 1288
1780865253772 0.09775816649198532 1289
1780865253777 0.12051606923341751 1290
1780865253781 0.07812321186065674 1291
1780865253786 0.07972874492406845 1292
1780865253790 0.16493229568004608 1293
1780865253794 0.15504425764083862 1294
1780865253799 0.08584887534379959 1295
1780865253804 0.09104037284851074 1296
1780865253808 0.1609305441379547 1297
1780865253813 0.22000890970230103 1298
1780865253818 0.16324500739574432 1299
1780865253822 0.05911931395530701 1300
1780865253826 0.22525934875011444 1301
1780865253831 0.11349263787269592 1302
1780865253836 0.30699023604393005 1303
1780865253841 0.16153018176555634 1304
1780865253845 0.05810858681797981 1305
1780865253850 0.18692553043365479 1306
1780865253854 0.16420400142669678 1307
1780865253860 0.1048048585653305 1308
1780865253864 0.17482344806194305 1309
1780865253868 0.19768323004245758 1310
1780865253873 0.12571385502815247 1311
1780865253878 0.16711179912090302 1312
1780865253883 0.03930873051285744 1313
1780865253887 0.11297005414962769 1314
1780865253891 0.29739609360694885 1315
1780865253897 0.09714439511299133 1316
1780865253901 0.28307077288627625 1317
1780865253904 0.045028187334537506 1318
1780865253910 0.09824914485216141 1319
1780865253915 0.0945691242814064 1320
1780865253919 0.3254747986793518 1321
1780865253924 0.24504457414150238 1322
1780865253929 0.27410486340522766 1323
1780865253933 0.14155326783657074 1324
1780865253937 0.1787247359752655 1325
1780865253942 0.4315688908100128 1326
1780865253947 0.18351486325263977 1327
1780865253951 0.1624210625886917 1328
1780865253956 0.19755294919013977 1329
1780865253961 0.17962658405303955 1330
1780865253966 0.26110437512397766 1331
1780865253970 0.2035691887140274 1332
1780865253975 0.11035913228988647 1333
1780865253980 0.18149816989898682 1334
1780865253986 0.06467738747596741 1335
1780865253992 0.1772063821554184 1336
1780865253997 0.30206435918807983 1337
1780865254001 0.10389702022075653 1338
1780865254006 0.13518770039081573 1339
1780865254010 0.17268157005310059 1340
1780865254016 0.13347551226615906 1341
1780865254020 0.15707430243492126 1342
1780865254025 0.3164791166782379 1343
1780865254030 0.11404384672641754 1344
1780865254036 0.13805478811264038 1345
1780865254041 0.19133004546165466 1346
1780865254045 0.16101843118667603 1347
1780865254050 0.24295353889465332 1348
1780865254056 0.09707631170749664 1349
1780865254060 0.11875130236148834 1350
1780865254065 0.1347322016954422 1351
1780865254069 0.14525529742240906 1352
1780865254074 0.13427472114562988 1353
1780865254078 0.0846862643957138 1354
1780865254084 0.1906438022851944 1355
1780865254088 0.16225531697273254 1356
1780865254093 0.06940458714962006 1357
1780865254098 0.06930239498615265 1358
1780865254103 0.2122139036655426 1359
1780865254109 0.11813800781965256 1360
1780865254114 0.16801871359348297 1361
1780865254118 0.1505121886730194 1362
1780865254123 0.02988550439476967 1363
1780865254128 0.18618570268154144 1364
1780865254132 0.10780149698257446 1365
1780865254136 0.1785072535276413 1366
1780865254142 0.22532875835895538 1367
1780865254147 0.15022161602973938 1368
1780865254150 0.05008946731686592 1369
1780865254155 0.16719403862953186 1370
1780865254161 0.23667673766613007 1371
1780865254165 0.1332434117794037 1372
1780865254169 0.1346675008535385 1373
1780865254175 0.19159065186977386 1374
1780865254179 0.11609267443418503 1375
1780865254185 0.2853298485279083 1376
1780865254190 0.09662356972694397 1377
1780865254196 0.137223020195961 1378
1780865254200 0.12799657881259918 1379
1780865254206 0.18516355752944946 1380
1780865254213 0.17101673781871796 1381
1780865254217 0.19190967082977295 1382
1780865254223 0.06462911516427994 1383
1780865254227 0.18764859437942505 1384
1780865254231 0.04763117805123329 1385
1780865254235 0.11863551288843155 1386
1780865254240 0.09697295725345612 1387
1780865254246 0.0535956546664238 1388
1780865254250 0.09946741908788681 1389
1780865254254 0.13482624292373657 1390
1780865254260 0.027792776003479958 1391
1780865254264 0.24838629364967346 1392
1780865254268 0.23384346067905426 1393
1780865254274 0.07246547937393188 1394
1780865254278 0.09198890626430511 1395
1780865254283 0.16274335980415344 1396
1780865254288 0.12389497458934784 1397
1780865254292 0.1256963610649109 1398
1780865254297 0.3348856568336487 1399
1780865254301 0.24068813025951385 1400
1780865254306 0.23822127282619476 1401
1780865254311 0.030845094472169876 1402
1780865254315 0.14116722345352173 1403
1780865254320 0.2516426146030426 1404
1780865254325 0.11677755415439606 1405
1780865254330 0.0705125704407692 1406
1780865254334 0.13101699948310852 1407
1780865254339 0.2178722620010376 1408
1780865254345 0.1507980227470398 1409
1780865254350 0.06931839883327484 1410
1780865254355 0.08192365616559982 1411
1780865254360 0.20573627948760986 1412
1780865254366 0.1624779999256134 1413
1780865254372 0.08825110644102097 1414
1780865254376 0.093877412378788 1415
1780865254381 0.20466993749141693 1416
1780865254385 0.1636757105588913 1417
1780865254390 0.22589759528636932 1418
1780865254394 0.3733545243740082 1419
1780865254398 0.13148654997348785 1420
1780865254403 0.1365562081336975 1421
1780865254409 0.19356581568717957 1422
1780865254413 0.33602175116539 1423
1780865254420 0.09981008619070053 1424
1780865254425 0.2005961835384369 1425
1780865254430 0.16938376426696777 1426
1780865254434 0.14307285845279694 1427
1780865254440 0.18656906485557556 1428
1780865254445 0.11516693234443665 1429
1780865254449 0.1453063189983368 1430
1780865254454 0.09461282193660736 1431
1780865254459 0.10304412990808487 1432
1780865254464 0.2092215120792389 1433
1780865254468 0.10865098983049393 1434
1780865254474 0.19731110334396362 1435
1780865254478 0.1637183576822281 1436
1780865254482 0.10098158568143845 1437
1780865254487 0.1738351285457611 1438
1780865254492 0.13032524287700653 1439
1780865254497 0.20726898312568665 1440
1780865254502 0.18145957589149475 1441
1780865254507 0.2346084862947464 1442
1780865254513 0.10057493299245834 1443
1780865254519 0.10685990005731583 1444
1780865254523 0.13332438468933105 1445
1780865254528 0.10373896360397339 1446
1780865254532 0.09283797442913055 1447
1780865254538 0.1917043775320053 1448
1780865254543 0.10189171135425568 1449
1780865254547 0.19198045134544373 1450
1780865254552 0.06366311758756638 1451
1780865254558 0.06409847736358643 1452
1780865254563 0.09975390881299973 1453
1780865254568 0.13203661143779755 1454
1780865254574 0.0750865787267685 1455
1780865254579 0.07583430409431458 1456
1780865254583 0.2834925353527069 1457
1780865254588 0.11252809315919876 1458
1780865254594 0.1260896474123001 1459
1780865254600 0.10948992520570755 1460
1780865254605 0.1518728882074356 1461
1780865254611 0.1388537585735321 1462
1780865254615 0.2435189038515091 1463
1780865254620 0.11699137091636658 1464
1780865254626 0.1909639984369278 1465
1780865254630 0.30719590187072754 1466
1780865254636 0.09767279773950577 1467
1780865254641 0.07363085448741913 1468
1780865254645 0.07161145657300949 1469
1780865254649 0.17406518757343292 1470
1780865254654 0.11382247507572174 1471
1780865254659 0.10125542432069778 1472
1780865254664 0.05101127177476883 1473
1780865254669 0.12756338715553284 1474
1780865254675 0.10590831935405731 1475
1780865254679 0.13544981181621552 1476
1780865254684 0.07502888888120651 1477
1780865254690 0.21188929677009583 1478
1780865254694 0.10005349665880203 1479
1780865254698 0.25272199511528015 1480
1780865254703 0.049589116126298904 1481
1780865254708 0.2594606876373291 1482
1780865254712 0.04102199152112007 1483
1780865254717 0.1436881572008133 1484
1780865254722 0.11693399399518967 1485
1780865254727 0.19762371480464935 1486
1780865254731 0.06622406095266342 1487
1780865254736 0.059323497116565704 1488
1780865254741 0.24161671102046967 1489
1780865254745 0.016212793067097664 1490
1780865254750 0.05923796072602272 1491
1780865254757 0.11366668343544006 1492
1780865254761 0.25076308846473694 1493
1780865254767 0.2828506529331207 1494
1780865254772 0.1716565191745758 1495
1780865254776 0.19365382194519043 1496
1780865254781 0.2781403064727783 1497
1780865254787 0.0863187164068222 1498
1780865254791 0.07410122454166412 1499
1780865254796 0.20664596557617188 1500
1780865254802 0.348499596118927 1501
1780865254807 0.09250330179929733 1502
1780865254811 0.22969655692577362 1503
1780865254817 0.08621218800544739 1504
1780865254823 0.13157859444618225 1505
1780865254829 0.06997985392808914 1506
1780865254834 0.10707797855138779 1507
1780865254839 0.18114915490150452 1508
1780865254844 0.09496353566646576 1509
1780865254849 0.23478132486343384 1510
1780865254855 0.1581588238477707 1511
1780865254860 0.08566015213727951 1512
1780865254865 0.2579719126224518 1513
1780865254870 0.12990429997444153 1514
1780865254874 0.07277500629425049 1515
1780865254879 0.14494290947914124 1516
1780865254884 0.08897692710161209 1517
1780865254889 0.06353848427534103 1518
1780865254894 0.12321702390909195 1519
1780865254899 0.22043153643608093 1520
1780865254903 0.056863922625780106 1521
1780865254908 0.12760743498802185 1522
1780865254913 0.10555221885442734 1523
1780865254918 0.06463640928268433 1524
1780865254924 0.28193655610084534 1525
1780865254928 0.13820868730545044 1526
1780865254932 0.3046964108943939 1527
1780865254938 0.1338719129562378 1528
1780865254942 0.3015928566455841 1529
1780865254945 0.31210440397262573 1530
1780865254951 0.18176604807376862 1531
1780865254956 0.15850871801376343 1532
1780865254960 0.0944773256778717 1533
1780865254966 0.09546378254890442 1534
1780865254970 0.20262236893177032 1535
1780865254974 0.17370176315307617 1536
1780865254978 0.3464101254940033 1537
1780865254985 0.34026849269866943 1538
1780865254990 0.056593529880046844 1539
1780865254994 0.15720759332180023 1540
1780865254999 0.07680162042379379 1541
1780865255004 0.1747438609600067 1542
1780865255008 0.1270436942577362 1543
1780865255012 0.14002013206481934 1544
1780865255017 0.18785502016544342 1545
1780865255022 0.2629185616970062 1546
1780865255026 0.1302269995212555 1547
1780865255031 0.1268581598997116 1548
1780865255036 0.05420871451497078 1549
1780865255040 0.09764543175697327 1550
1780865255045 0.10630835592746735 1551
1780865255051 0.1137923151254654 1552
1780865255056 0.06199543923139572 1553
1780865255059 0.1266622692346573 1554
1780865255065 0.03640538454055786 1555
1780865255070 0.04038812592625618 1556
1780865255074 0.17202046513557434 1557
1780865255078 0.10669984668493271 1558
1780865255083 0.0718993991613388 1559
1780865255089 0.17422108352184296 1560
1780865255093 0.06464291363954544 1561
1780865255099 0.1009359285235405 1562
1780865255103 0.04816269874572754 1563
1780865255108 0.08448249846696854 1564
1780865255116 0.1407219022512436 1565
1780865255122 0.21119540929794312 1566
1780865255129 0.31019118428230286 1567
1780865255133 0.182119220495224 1568
1780865255139 0.09776541590690613 1569
1780865255143 0.10483482480049133 1570
1780865255148 0.08767308294773102 1571
1780865255153 0.13145893812179565 1572
1780865255158 0.21661126613616943 1573
1780865255164 0.1632695496082306 1574
1780865255169 0.16640883684158325 1575
1780865255173 0.08012670278549194 1576
1780865255177 0.06876266002655029 1577
1780865255183 0.07899352163076401 1578
1780865255188 0.14498558640480042 1579
1780865255192 0.20291554927825928 1580
1780865255198 0.047544926404953 1581
1780865255203 0.13450482487678528 1582
1780865255207 0.1701880246400833 1583
1780865255211 0.10138002783060074 1584
1780865255217 0.18512383103370667 1585
1780865255223 0.1026495099067688 1586
1780865255228 0.22482523322105408 1587
1780865255233 0.17331580817699432 1588
1780865255237 0.18563194572925568 1589
1780865255242 0.09810284525156021 1590
1780865255247 0.14656615257263184 1591
1780865255253 0.28111469745635986 1592
1780865255256 0.14304865896701813 1593
1780865255262 0.18057654798030853 1594
1780865255267 0.01593862660229206 1595
1780865255272 0.1403352916240692 1596
1780865255277 0.34737628698349 1597
1780865255282 0.1336526721715927 1598
1780865255289 0.05618535354733467 1599
1780865255293 0.21447807550430298 1600
1780865255299 0.05539048835635185 1601
1780865255303 0.06799806654453278 1602
1780865255308 0.24035599827766418 1603
1780865255313 0.049202386289834976 1604
1780865255318 0.06782889366149902 1605
1780865255323 0.1107039749622345 1606
1780865255327 0.1054781898856163 1607
1780865255333 0.11085148900747299 1608
1780865255337 0.18331249058246613 1609
1780865255342 0.17730018496513367 1610
1780865255347 0.18291673064231873 1611
1780865255352 0.07575853168964386 1612
1780865255357 0.03344006836414337 1613
1780865255361 0.05175734683871269 1614
1780865255366 0.1911579817533493 1615
1780865255371 0.03989347815513611 1616
1780865255378 0.38020673394203186 1617
1780865255383 0.10852090269327164 1618
1780865255389 0.06479542702436447 1619
1780865255393 0.0887872651219368 1620
1780865255399 0.41821131110191345 1621
1780865255404 0.2093852311372757 1622
1780865255409 0.23821739852428436 1623
1780865255414 0.05946072190999985 1624
1780865255420 0.16398723423480988 1625
1780865255424 0.03065911866724491 1626
1780865255430 0.06126568093895912 1627
1780865255435 0.14324401319026947 1628
1780865255440 0.24968476593494415 1629
1780865255444 0.04301881045103073 1630
1780865255449 0.11981318145990372 1631
1780865255453 0.09202999621629715 1632
1780865255457 0.14365635812282562 1633
1780865255462 0.16232140362262726 1634
1780865255466 0.08152519911527634 1635
1780865255471 0.11649288237094879 1636
1780865255476 0.0796697735786438 1637
1780865255481 0.07308769226074219 1638
1780865255485 0.03668936342000961 1639
1780865255490 0.11357269436120987 1640
1780865255495 0.096231609582901 1641
1780865255500 0.09957536309957504 1642
1780865255504 0.19292448461055756 1643
1780865255510 0.18910905718803406 1644
1780865255515 0.07445591688156128 1645
1780865255520 0.18144118785858154 1646
1780865255525 0.0768769308924675 1647
1780865255530 0.25010842084884644 1648
1780865255535 0.13527525961399078 1649
1780865255539 0.11957647651433945 1650
1780865255546 0.10103420168161392 1651
1780865255550 0.20153135061264038 1652
1780865255554 0.05649267137050629 1653
1780865255560 0.0802161693572998 1654
1780865255565 0.027212826535105705 1655
1780865255569 0.055863577872514725 1656
1780865255574 0.23402070999145508 1657
1780865255579 0.1623840183019638 1658
1780865255586 0.18300551176071167 1659
1780865255591 0.18243522942066193 1660
1780865255596 0.17550669610500336 1661
1780865255601 0.22939753532409668 1662
1780865255605 0.17746126651763916 1663
1780865255611 0.14734245836734772 1664
1780865255617 0.04172370210289955 1665
1780865255621 0.16087459027767181 1666
1780865255625 0.14547882974147797 1667
1780865255632 0.10685034841299057 1668
1780865255636 0.11983149498701096 1669
1780865255641 0.16838957369327545 1670
1780865255646 0.20229285955429077 1671
1780865255651 0.07039346545934677 1672
1780865255656 0.19017799198627472 1673
1780865255661 0.11977417767047882 1674
1780865255667 0.13892674446105957 1675
1780865255671 0.1866460144519806 1676
1780865255676 0.22071801126003265 1677
1780865255680 0.09918206185102463 1678
1780865255685 0.08489120751619339 1679
1780865255689 0.2874448299407959 1680
1780865255694 0.10422882437705994 1681
1780865255700 0.10027182102203369 1682
1780865255704 0.08224564790725708 1683
1780865255709 0.15227317810058594 1684
1780865255713 0.09254851192235947 1685
1780865255718 0.10258699953556061 1686
1780865255722 0.06448172777891159 1687
1780865255727 0.06744582206010818 1688
1780865255733 0.13788266479969025 1689
1780865255737 0.08349601179361343 1690
1780865255742 0.1306215226650238 1691
1780865255746 0.03437385708093643 1692
1780865255751 0.24901512265205383 1693
1780865255756 0.1019325703382492 1694
1780865255761 0.068229541182518 1695
1780865255764 0.039503313601017 1696
1780865255769 0.11303886026144028 1697
1780865255774 0.14374154806137085 1698
1780865255778 0.050999946892261505 1699
1780865255783 0.20802919566631317 1700
1780865255788 0.19308537244796753 1701
1780865255793 0.30947381258010864 1702
1780865255800 0.08928188681602478 1703
1780865255804 0.1401475965976715 1704
1780865255810 0.20313046872615814 1705
1780865255815 0.29073452949523926 1706
1780865255819 0.25605010986328125 1707
1780865255824 0.12670256197452545 1708
1780865255828 0.043372489511966705 1709
1780865255833 0.21882623434066772 1710
1780865255838 0.061911869794130325 1711
1780865255843 0.17658080160617828 1712
1780865255849 0.0579548217356205 1713
1780865255854 0.027030466124415398 1714
1780865255860 0.18803909420967102 1715
1780865255865 0.06535337120294571 1716
1780865255871 0.09541972726583481 1717
1780865255877 0.17692898213863373 1718
1780865255882 0.20168280601501465 1719
1780865255886 0.1727273315191269 1720
1780865255892 0.09651407599449158 1721
1780865255897 0.04462837427854538 1722
1780865255902 0.0941806361079216 1723
1780865255910 0.1294829249382019 1724
1780865255916 0.10383093357086182 1725
1780865255923 0.2225741147994995 1726
1780865255929 0.07897328585386276 1727
1780865255935 0.2839867174625397 1728
1780865255942 0.18148772418498993 1729
1780865255946 0.10610780119895935 1730
1780865255952 0.12335452437400818 1731
1780865255957 0.07063525170087814 1732
1780865255962 0.2540932893753052 1733
1780865255967 0.026465216651558876 1734
1780865255974 0.15750807523727417 1735
1780865255980 0.30524128675460815 1736
1780865255985 0.10389016568660736 1737
1780865255992 0.08712372183799744 1738
1780865255998 0.31911247968673706 1739
1780865256002 0.05829271301627159 1740
1780865256007 0.16173428297042847 1741
1780865256013 0.0519568957388401 1742
1780865256018 0.23874691128730774 1743
1780865256024 0.12419148534536362 1744
1780865256029 0.16278347373008728 1745
1780865256034 0.23980922996997833 1746
1780865256039 0.052702270448207855 1747
1780865256046 0.12073865532875061 1748
1780865256050 0.08787402510643005 1749
1780865256057 0.08785607665777206 1750
1780865256062 0.09361802786588669 1751
1780865256067 0.05758710950613022 1752
1780865256072 0.10166832059621811 1753
1780865256078 0.0711592435836792 1754
1780865256082 0.07393155246973038 1755
1780865256089 0.17860758304595947 1756
1780865256095 0.22067797183990479 1757
1780865256100 0.2476518303155899 1758
1780865256106 0.1810818314552307 1759
1780865256112 0.045060716569423676 1760
1780865256117 0.11622790992259979 1761
1780865256124 0.20982255041599274 1762
1780865256130 0.03226310387253761 1763
1780865256136 0.25030580163002014 1764
1780865256141 0.08831199258565903 1765
1780865256147 0.27013081312179565 1766
1780865256153 0.055395498871803284 1767
1780865256158 0.04816629737615585 1768
1780865256163 0.11273770034313202 1769
1780865256170 0.18127496540546417 1770
1780865256176 0.16475430130958557 1771
1780865256181 0.14445704221725464 1772
1780865256187 0.16293112933635712 1773
1780865256193 0.024634579196572304 1774
1780865256198 0.1684752255678177 1775
1780865256206 0.09790210425853729 1776
1780865256212 0.06613122671842575 1777
1780865256217 0.1972617506980896 1778
1780865256223 0.07966890186071396 1779
1780865256229 0.2461116462945938 1780
1780865256233 0.09266757220029831 1781
1780865256238 0.06956838071346283 1782
1780865256244 0.13149729371070862 1783
1780865256248 0.1866838037967682 1784
1780865256255 0.1770203709602356 1785
1780865256260 0.1551942080259323 1786
1780865256265 0.06963443756103516 1787
1780865256271 0.32165977358818054 1788
1780865256275 0.16314639151096344 1789
1780865256280 0.07453843951225281 1790
1780865256286 0.09515875577926636 1791
1780865256291 0.13992488384246826 1792
1780865256295 0.09834513813257217 1793
1780865256299 0.08870355039834976 1794
1780865256305 0.08931616693735123 1795
1780865256310 0.18323549628257751 1796
1780865256315 0.1819210648536682 1797
1780865256321 0.16187436878681183 1798
1780865256326 0.1810941994190216 1799
1780865256330 0.14540673792362213 1800
1780865256336 0.0998394638299942 1801
1780865256341 0.0628223791718483 1802
1780865256345 0.2277432382106781 1803
1780865256352 0.09493847191333771 1804
1780865256357 0.12581191956996918 1805
1780865256362 0.06762475520372391 1806
1780865256369 0.160516619682312 1807
1780865256374 0.1330711841583252 1808
1780865256378 0.06646940112113953 1809
1780865256383 0.04569096490740776 1810
1780865256388 0.1434086412191391 1811
1780865256394 0.11847474426031113 1812
1780865256398 0.05471033975481987 1813
1780865256404 0.23624275624752045 1814
1780865256409 0.07708296924829483 1815
1780865256413 0.3384583592414856 1816
1780865256419 0.22775796055793762 1817
1780865256425 0.05096586421132088 1818
1780865256429 0.09592821449041367 1819
1780865256433 0.17886164784431458 1820
1780865256439 0.15448923408985138 1821
1780865256443 0.07098314166069031 1822
1780865256447 0.08752287924289703 1823
1780865256454 0.06870732456445694 1824
1780865256458 0.2275233417749405 1825
1780865256462 0.03147410601377487 1826
1780865256467 0.12002507597208023 1827
1780865256472 0.11834558099508286 1828
1780865256477 0.4022394120693207 1829
1780865256482 0.09228917211294174 1830
1780865256487 0.4808585047721863 1831
1780865256492 0.08412192761898041 1832
1780865256497 0.1371058225631714 1833
1780865256503 0.1304568499326706 1834
1780865256508 0.13533465564250946 1835
1780865256513 0.11019176989793777 1836
1780865256519 0.14590784907341003 1837
1780865256524 0.07695035636425018 1838
1780865256528 0.1146121546626091 1839
1780865256534 0.1337195485830307 1840
1780865256540 0.04577511548995972 1841
1780865256545 0.15747497975826263 1842
1780865256549 0.16533735394477844 1843
1780865256555 0.14049012959003448 1844
1780865256559 0.23094937205314636 1845
1780865256563 0.0586588978767395 1846
1780865256569 0.06042206287384033 1847
1780865256573 0.1090032160282135 1848
1780865256577 0.08392064273357391 1849
1780865256583 0.07472268491983414 1850
1780865256589 0.1531151980161667 1851
1780865256595 0.16115249693393707 1852
1780865256601 0.09441788494586945 1853
1780865256606 0.07796622812747955 1854
1780865256612 0.0910683199763298 1855
1780865256617 0.16037997603416443 1856
1780865256621 0.2013339400291443 1857
1780865256626 0.24390195310115814 1858
1780865256632 0.07720549404621124 1859
1780865256637 0.030821245163679123 1860
1780865256641 0.018939582630991936 1861
1780865256645 0.22013252973556519 1862
1780865256651 0.06654009222984314 1863
1780865256655 0.03305104002356529 1864
1780865256660 0.15431582927703857 1865
1780865256665 0.112824946641922 1866
1780865256671 0.10031254589557648 1867
1780865256675 0.06012721732258797 1868
1780865256680 0.3696329891681671 1869
1780865256685 0.0387929305434227 1870
1780865256690 0.11516612023115158 1871
1780865256695 0.35936516523361206 1872
1780865256701 0.04469890519976616 1873
1780865256957 0.18626628816127777 1874
1780865256963 0.04301070049405098 1875
1780865256968 0.15738815069198608 1876
1780865256973 0.146766796708107 1877
1780865256978 0.049288030713796616 1878
1780865256983 0.030414126813411713 1879
1780865256987 0.06750645488500595 1880
1780865256991 0.13277457654476166 1881
1780865256997 0.15165281295776367 1882
1780865257002 0.051744528114795685 1883
1780865257006 0.13509321212768555 1884
1780865257012 0.05950669199228287 1885
1780865257019 0.05199549347162247 1886
1780865257025 0.18179400265216827 1887
1780865257033 0.1462671160697937 1888
1780865257038 0.05445736274123192 1889
1780865257042 0.1165722906589508 1890
1780865257047 0.1851494163274765 1891
1780865257052 0.13588455319404602 1892
1780865257056 0.197346493601799 1893
1780865257060 0.34869182109832764 1894
1780865257066 0.11223851144313812 1895
1780865257071 0.24665023386478424 1896
1780865257077 0.30298691987991333 1897
1780865257081 0.07718923687934875 1898
1780865257086 0.05910796672105789 1899
1780865257092 0.12205170094966888 1900
1780865257097 0.052022553980350494 1901
1780865257103 0.1104879081249237 1902
1780865257107 0.08689677715301514 1903
1780865257114 0.09432365745306015 1904
1780865257119 0.18738926947116852 1905
1780865257123 0.027621766552329063 1906
1780865257129 0.028102919459342957 1907
1780865257134 0.1198960393667221 1908
1780865257138 0.22842055559158325 1909
1780865257146 0.18172651529312134 1910
1780865257150 0.08395574986934662 1911
1780865257154 0.08105533570051193 1912
1780865257161 0.09133157134056091 1913
1780865257166 0.17900259792804718 1914
1780865257170 0.1208345890045166 1915
1780865257176 0.10547978430986404 1916
1780865257180 0.23598520457744598 1917
1780865257187 0.10032934695482254 1918
1780865257190 0.1227356493473053 1919
1780865257197 0.050382159650325775 1920
1780865257202 0.1666855365037918 1921
1780865257205 0.1277405321598053 1922
1780865257212 0.09280919283628464 1923
1780865257217 0.27098649740219116 1924
1780865257224 0.1312495321035385 1925
1780865257229 0.05986712500452995 1926
1780865257235 0.07124129682779312 1927
1780865257239 0.08909273892641068 1928
1780865257244 0.12754175066947937 1929
1780865257248 0.1177876889705658 1930
1780865257253 0.023306014016270638 1931
1780865257256 0.05231630057096481 1932
1780865257262 0.10956083983182907 1933
1780865257267 0.046764981001615524 1934
1780865257272 0.10908926278352737 1935
1780865257277 0.25756481289863586 1936
1780865257282 0.06200147792696953 1937
1780865257287 0.06481775641441345 1938
1780865257294 0.04185492545366287 1939
1780865257298 0.05223774537444115 1940
1780865257304 0.02628902532160282 1941
1780865257310 0.15551626682281494 1942
1780865257315 0.05856208875775337 1943
1780865257319 0.17493084073066711 1944
1780865257323 0.10206291824579239 1945
1780865257328 0.060891252011060715 1946
1780865257333 0.1956021785736084 1947
1780865257339 0.02730371616780758 1948
1780865257344 0.07230772078037262 1949
1780865257349 0.156582310795784 1950
1780865257352 0.04525317624211311 1951
1780865257358 0.07081117480993271 1952
1780865257363 0.07788766175508499 1953
1780865257369 0.06739497929811478 1954
1780865257375 0.2005303055047989 1955
1780865257380 0.08186206221580505 1956
1780865257385 0.338201105594635 1957
1780865257389 0.19347432255744934 1958
1780865257394 0.04030958563089371 1959
1780865257399 0.12212269753217697 1960
1780865257405 0.04764006286859512 1961
1780865257411 0.09549655020236969 1962
1780865257416 0.10788188874721527 1963
1780865257421 0.10986767709255219 1964
1780865257426 0.21095328032970428 1965
1780865257431 0.2616592049598694 1966
1780865257434 0.0454309806227684 1967
1780865257440 0.16563521325588226 1968
1780865257446 0.05025637149810791 1969
1780865257450 0.1510140597820282 1970
1780865257454 0.1432555615901947 1971
1780865257459 0.0702035203576088 1972
1780865257465 0.2318766713142395 1973
1780865257469 0.15501873195171356 1974
1780865257476 0.2587949335575104 1975
1780865257480 0.12118078023195267 1976
1780865257484 0.15983465313911438 1977
1780865257489 0.06545252352952957 1978
1780865257494 0.15022535622119904 1979
1780865257500 0.12732049822807312 1980
1780865257506 0.059234168380498886 1981
1780865257511 0.2033054232597351 1982
1780865257517 0.13788914680480957 1983
1780865257521 0.061706844717264175 1984
1780865257526 0.18928104639053345 1985
1780865257531 0.14388315379619598 1986
1780865257535 0.07613486796617508 1987
1780865257540 0.10078892111778259 1988
1780865257545 0.19639518857002258 1989
1780865257549 0.04539705812931061 1990
1780865257554 0.0278522577136755 1991
1780865257559 0.17017070949077606 1992
1780865257563 0.09080417454242706 1993
1780865257567 0.1689860075712204 1994
1780865257574 0.10519393533468246 1995
1780865257579 0.14198438823223114 1996
1780865257583 0.11953973770141602 1997
1780865257589 0.03705036640167236 1998
1780865257594 0.2561267912387848 1999
1780865257599 0.05199218913912773 2000
1780865257603 0.1132202297449112 2001
1780865257608 0.07914263010025024 2002
1780865257615 0.11077547073364258 2003
1780865257619 0.07291774451732635 2004
1780865257625 0.04363792762160301 2005
1780865257630 0.08494748920202255 2006
1780865257638 0.16323290765285492 2007
1780865257643 0.11031264066696167 2008
1780865257647 0.17931412160396576 2009
1780865257653 0.21087846159934998 2010
1780865257658 0.10616149753332138 2011
1780865257663 0.019704323261976242 2012
1780865257667 0.01944389007985592 2013
1780865257672 0.2692965269088745 2014
1780865257678 0.2755487263202667 2015
1780865257682 0.04457104578614235 2016
1780865257687 0.06006902456283569 2017
1780865257692 0.11806771904230118 2018
1780865257696 0.1977108120918274 2019
1780865257701 0.18170912563800812 2020
1780865257705 0.06008639559149742 2021
1780865257711 0.08747720718383789 2022
1780865257715 0.11464127898216248 2023
1780865257720 0.31285160779953003 2024
1780865257725 0.1448199599981308 2025
1780865257730 0.08876610547304153 2026
1780865257734 0.18270646035671234 2027
1780865257740 0.10302076488733292 2028
1780865257744 0.09622460603713989 2029
1780865257749 0.022442415356636047 2030
1780865257754 0.1776629239320755 2031
1780865257759 0.162568137049675 2032
1780865257764 0.05986819416284561 2033
1780865257769 0.09928342700004578 2034
1780865257774 0.2199203372001648 2035
1780865257779 0.060329925268888474 2036
1780865257784 0.03054826706647873 2037
1780865257790 0.06402026116847992 2038
1780865257795 0.13448412716388702 2039
1780865257799 0.08784870058298111 2040
1780865257805 0.11483584344387054 2041
1780865257809 0.12985879182815552 2042
1780865257816 0.06406483054161072 2043
1780865257821 0.043534521013498306 2044
1780865257826 0.07515333592891693 2045
1780865257831 0.056201353669166565 2046
1780865257835 0.17747187614440918 2047
1780865257840 0.1476469188928604 2048
1780865257845 0.0897650346159935 2049
1780865257850 0.11315371841192245 2050
1780865257856 0.033960141241550446 2051
1780865257861 0.06300301849842072 2052
1780865257865 0.020176250487565994 2053
1780865257870 0.015123962424695492 2054
1780865257875 0.21251723170280457 2055
1780865257880 0.04198988154530525 2056
1780865257886 0.12793627381324768 2057
1780865257891 0.04980700463056564 2058
1780865257895 0.30458933115005493 2059
1780865257900 0.10356387495994568 2060
1780865257905 0.029900120571255684 2061
1780865257911 0.17170757055282593 2062
1780865257915 0.1363866627216339 2063
1780865257922 0.009037435986101627 2064
1780865257927 0.08183474093675613 2065
1780865257933 0.09807449579238892 2066
1780865257938 0.08557348698377609 2067
1780865257942 0.17452476918697357 2068
1780865257946 0.07386578619480133 2069
1780865257952 0.07943318039178848 2070
1780865257957 0.08463243395090103 2071
1780865257962 0.013464115560054779 2072
1780865257967 0.167867511510849 2073
1780865257971 0.09828308969736099 2074
1780865257976 0.19161802530288696 2075
1780865257980 0.1486096829175949 2076
1780865257986 0.23840779066085815 2077
1780865257991 0.06719432026147842 2078
1780865257995 0.034890905022621155 2079
1780865258001 0.18267877399921417 2080
1780865258006 0.09811687469482422 2081
1780865258012 0.17445939779281616 2082
1780865258016 0.0399966686964035 2083
1780865258022 0.14601656794548035 2084
1780865258028 0.062407877296209335 2085
1780865258032 0.08376585692167282 2086
1780865258037 0.08205278217792511 2087
1780865258041 0.02268194779753685 2088
1780865258046 0.09480202943086624 2089
1780865258050 0.0984882116317749 2090
1780865258054 0.12620511651039124 2091
1780865258059 0.08379219472408295 2092
1780865258063 0.1803317815065384 2093
1780865258068 0.07904864102602005 2094
1780865258073 0.14123626053333282 2095
1780865258078 0.09827587753534317 2096
1780865258084 0.06705069541931152 2097
1780865258088 0.014661820605397224 2098
1780865258093 0.07429467141628265 2099
1780865258097 0.08369262516498566 2100
1780865258102 0.09518052637577057 2101
1780865258107 0.09123460203409195 2102
1780865258113 0.09714233130216599 2103
1780865258117 0.06810557842254639 2104
1780865258122 0.2213601917028427 2105
1780865258126 0.16978849470615387 2106
1780865258131 0.09230824559926987 2107
1780865258136 0.07585268467664719 2108
1780865258141 0.06498130410909653 2109
1780865258146 0.21503694355487823 2110
1780865258151 0.06732532382011414 2111
1780865258157 0.06143787503242493 2112
1780865258162 0.11730033904314041 2113
1780865258166 0.2322668582201004 2114
1780865258171 0.1018858328461647 2115
1780865258175 0.178255096077919 2116
1780865258180 0.08371333032846451 2117
1780865258185 0.1308264434337616 2118
1780865258191 0.1298612654209137 2119
1780865258195 0.06571833044290543 2120
1780865258200 0.13403061032295227 2121
1780865258205 0.11921579390764236 2122
1780865258210 0.08495718985795975 2123
1780865258218 0.22078004479408264 2124
1780865258223 0.1467498391866684 2125
1780865258227 0.05290460214018822 2126
1780865258232 0.02983340062201023 2127
1780865258237 0.07835328578948975 2128
1780865258242 0.10049983114004135 2129
1780865258246 0.03231695666909218 2130
1780865258250 0.08554325997829437 2131
1780865258255 0.05612509697675705 2132
1780865258259 0.11569124460220337 2133
1780865258263 0.035243529826402664 2134
1780865258267 0.05718355253338814 2135
1780865258273 0.16758029162883759 2136
1780865258277 0.03779827803373337 2137
1780865258283 0.15144355595111847 2138
1780865258287 0.21008574962615967 2139
1780865258292 0.061336688697338104 2140
1780865258297 0.028786063194274902 2141
1780865258302 0.07954958826303482 2142
1780865258308 0.04742729291319847 2143
1780865258314 0.11425421386957169 2144
1780865258319 0.10270817577838898 2145
1780865258326 0.09187840670347214 2146
1780865258331 0.07363735139369965 2147
1780865258336 0.09192495793104172 2148
1780865258341 0.054150376468896866 2149
1780865258345 0.10980250686407089 2150
1780865258350 0.06035308539867401 2151
1780865258355 0.022633330896496773 2152
1780865258359 0.09380905330181122 2153
1780865258364 0.11707425862550735 2154
1780865258369 0.15155798196792603 2155
1780865258374 0.09634177386760712 2156
1780865258379 0.028094148263335228 2157
1780865258384 0.060196101665496826 2158
1780865258389 0.10746859014034271 2159
1780865258393 0.04912285506725311 2160
1780865258399 0.04749344661831856 2161
1780865258403 0.056532252579927444 2162
1780865258409 0.1920715719461441 2163
1780865258416 0.06917623430490494 2164
1780865258421 0.19012078642845154 2165
1780865258426 0.17145483195781708 2166
1780865258430 0.1167217418551445 2167
1780865258435 0.25206899642944336 2168
1780865258439 0.058023326098918915 2169
1780865258444 0.04425005614757538 2170
1780865258449 0.028943752869963646 2171
1780865258454 0.2670605480670929 2172
1780865258458 0.07343097031116486 2173
1780865258463 0.1878160536289215 2174
1780865258468 0.16124898195266724 2175
1780865258473 0.08474144339561462 2176
1780865258477 0.0752776563167572 2177
1780865258482 0.09084729105234146 2178
1780865258486 0.08869130164384842 2179
1780865258490 0.1672789454460144 2180
1780865258494 0.05310413986444473 2181
1780865258500 0.13753394782543182 2182
1780865258505 0.1123025193810463 2183
1780865258510 0.05958236753940582 2184
1780865258515 0.056141000241041183 2185
1780865258520 0.2040363997220993 2186
1780865258524 0.05725380405783653 2187
1780865258528 0.014728718437254429 2188
1780865258533 0.06751549988985062 2189
1780865258536 0.08240301162004471 2190
1780865258541 0.0792946144938469 2191
1780865258546 0.17765456438064575 2192
1780865258551 0.08284566551446915 2193
1780865258556 0.4011686146259308 2194
1780865258560 0.04746516793966293 2195
1780865258565 0.11746519804000854 2196
1780865258570 0.37312355637550354 2197
1780865258575 0.0673990547657013 2198
1780865258579 0.08620671927928925 2199
1780865258584 0.026906711980700493 2200
1780865258589 0.05018960312008858 2201
1780865258594 0.14455991983413696 2202
1780865258598 0.13299502432346344 2203
1780865258604 0.10903958976268768 2204
1780865258608 0.0971708744764328 2205
1780865258614 0.13124974071979523 2206
1780865258618 0.08719287067651749 2207
1780865258623 0.12177273631095886 2208
1780865258628 0.0490000918507576 2209
1780865258633 0.0303513091057539 2210
1780865258638 0.029519181698560715 2211
1780865258643 0.1068822368979454 2212
1780865258648 0.15280373394489288 2213
1780865258653 0.02309677191078663 2214
1780865258657 0.05317104980349541 2215
1780865258663 0.06506375968456268 2216
1780865258668 0.09000683575868607 2217
1780865258673 0.07096143811941147 2218
1780865258678 0.1399305909872055 2219
1780865258683 0.024164758622646332 2220
1780865258688 0.11724501103162766 2221
1780865258692 0.17790046334266663 2222
1780865258697 0.0780147835612297 2223
1780865258701 0.014778311364352703 2224
1780865258706 0.12366531044244766 2225
1780865258711 0.1959107369184494 2226
1780865258716 0.13602374494075775 2227
1780865258722 0.09849938750267029 2228
1780865258726 0.05946618318557739 2229
1780865258731 0.1391654759645462 2230
1780865258735 0.2470344603061676 2231
1780865258739 0.12257324904203415 2232
1780865258744 0.1824018359184265 2233
1780865258749 0.09947369247674942 2234
1780865258753 0.11790240556001663 2235
1780865258757 0.09029240161180496 2236
1780865258763 0.2160974144935608 2237
1780865258768 0.05578232184052467 2238
1780865258773 0.12964105606079102 2239
1780865258778 0.09071126580238342 2240
1780865258783 0.02274579182267189 2241
1780865258787 0.11679432541131973 2242
1780865258792 0.10998999327421188 2243
1780865258797 0.018566526472568512 2244
1780865258802 0.16404779255390167 2245
1780865258807 0.09530684351921082 2246
1780865258813 0.20176884531974792 2247
1780865258818 0.17869973182678223 2248
1780865258823 0.11960400640964508 2249
1780865258829 0.04751535877585411 2250
1780865258835 0.02396213635802269 2251
1780865258840 0.04599052295088768 2252
1780865258845 0.12473896890878677 2253
1780865258851 0.11122241616249084 2254
1780865258855 0.05508425086736679 2255
1780865258862 0.0226461049169302 2256
1780865258867 0.12795503437519073 2257
1780865258871 0.09306222945451736 2258
1780865258877 0.09967412054538727 2259
1780865258882 0.10067322850227356 2260
1780865258886 0.058242153376340866 2261
1780865258890 0.17499487102031708 2262
1780865258896 0.1422097533941269 2263
1780865258901 0.02793709561228752 2264
1780865258905 0.09648387134075165 2265
1780865258911 0.043243493884801865 2266
1780865258916 0.10137983411550522 2267
1780865258921 0.12675292789936066 2268
1780865258925 0.0667821392416954 2269
1780865258930 0.062398407608270645 2270
1780865258935 0.08145499974489212 2271
1780865258938 0.11842850595712662 2272
1780865258945 0.18177330493927002 2273
1780865258950 0.1896643489599228 2274
1780865258954 0.05601862818002701 2275
1780865258960 0.027105629444122314 2276
1780865258964 0.20289182662963867 2277
1780865258969 0.1994120180606842 2278
1780865258974 0.06157611310482025 2279
1780865258979 0.16534505784511566 2280
1780865258983 0.04743205010890961 2281
1780865258987 0.0826445147395134 2282
1780865258992 0.12921924889087677 2283
1780865258997 0.1554168164730072 2284
1780865259003 0.11942645907402039 2285
1780865259009 0.1877158135175705 2286
1780865259015 0.12185952812433243 2287
1780865259021 0.12924078106880188 2288
1780865259027 0.2783370912075043 2289
1780865259031 0.18542255461215973 2290
1780865259038 0.08538395166397095 2291
1780865259043 0.08627501130104065 2292
1780865259051 0.02389238029718399 2293
1780865259055 0.23065604269504547 2294
1780865259060 0.15121853351593018 2295
1780865259065 0.10133180767297745 2296
1780865259070 0.1292072832584381 2297
1780865259074 0.07191072404384613 2298
1780865259079 0.051725421100854874 2299
1780865259083 0.17791315913200378 2300
1780865259087 0.03386229649186134 2301
1780865259092 0.036123499274253845 2302
1780865259097 0.043153077363967896 2303
1780865259101 0.17097875475883484 2304
1780865259105 0.05301443487405777 2305
1780865259110 0.05146390572190285 2306
1780865259115 0.07021865993738174 2307
1780865259120 0.03868284821510315 2308
1780865259126 0.09186006337404251 2309
1780865259131 0.0686538815498352 2310
1780865259135 0.12658077478408813 2311
1780865259140 0.012399239465594292 2312
1780865259146 0.08074243366718292 2313
1780865259162 0.07344117015600204 2314
1780865259166 0.030081652104854584 2315
1780865259171 0.190955251455307 2316
1780865259176 0.07737577706575394 2317
1780865259183 0.09651245921850204 2318
1780865259188 0.18115124106407166 2319
1780865259195 0.1250828206539154 2320
1780865259200 0.12743085622787476 2321
1780865259205 0.12722869217395782 2322
1780865259209 0.11157884448766708 2323
1780865259213 0.09971971064805984 2324
1780865259220 0.1350484937429428 2325
1780865259226 0.18275906145572662 2326
1780865259230 0.06916764378547668 2327
1780865259234 0.07577268034219742 2328
1780865259240 0.12264806032180786 2329
1780865259245 0.03977285325527191 2330
1780865259249 0.040847547352313995 2331
1780865259253 0.22668835520744324 2332
1780865259259 0.08934184908866882 2333
1780865259264 0.030440863221883774 2334
1780865259269 0.38965868949890137 2335
1780865259274 0.10366877168416977 2336
1780865259280 0.07448586076498032 2337
1780865259284 0.02373451739549637 2338
1780865259290 0.14884428679943085 2339
1780865259295 0.06050068512558937 2340
1780865259299 0.14612054824829102 2341
1780865259303 0.07758565247058868 2342
1780865259308 0.1783706694841385 2343
1780865259313 0.1200127974152565 2344
1780865259317 0.08813191950321198 2345
1780865259322 0.08023608475923538 2346
1780865259327 0.03493296355009079 2347
1780865259332 0.018693363294005394 2348
1780865259337 0.11925742775201797 2349
1780865259342 0.07295175641775131 2350
1780865259347 0.15754328668117523 2351
1780865259352 0.049260154366493225 2352
1780865259357 0.13667303323745728 2353
1780865259362 0.06650790572166443 2354
1780865259368 0.09844724833965302 2355
1780865259373 0.11816374957561493 2356
1780865259378 0.058597542345523834 2357
1780865259381 0.05569251626729965 2358
1780865259386 0.06830726563930511 2359
1780865259390 0.09786102175712585 2360
1780865259395 0.1886366456747055 2361
1780865259399 0.21071979403495789 2362
1780865259404 0.08166138827800751 2363
1780865259409 0.17348241806030273 2364
1780865259413 0.04448398947715759 2365
1780865259416 0.03891327604651451 2366
1780865259422 0.08731129765510559 2367
1780865259427 0.08235431462526321 2368
1780865259431 0.07107368111610413 2369
1780865259436 0.1152452602982521 2370
1780865259441 0.07001244276762009 2371
1780865259445 0.29350781440734863 2372
1780865259449 0.10344237089157104 2373
1780865259453 0.040136661380529404 2374
1780865259458 0.0449567511677742 2375
1780865259464 0.1197989284992218 2376
1780865259471 0.07154561579227448 2377
1780865259476 0.07699976116418839 2378
1780865259480 0.0658121407032013 2379
1780865259485 0.06077796593308449 2380
1780865259490 0.0932745561003685 2381
1780865259494 0.14232201874256134 2382
1780865259498 0.07289831340312958 2383
1780865259504 0.08969520777463913 2384
1780865259509 0.031011484563350677 2385
1780865259514 0.10160105675458908 2386
1780865259518 0.1606570929288864 2387
1780865259525 0.07487960904836655 2388
1780865259529 0.08660878241062164 2389
1780865259534 0.1036493331193924 2390
1780865259539 0.17568761110305786 2391
1780865259543 0.28534436225891113 2392
1780865259547 0.034994859248399734 2393
1780865259551 0.14828266203403473 2394
1780865259557 0.11087193340063095 2395
1780865259561 0.03467352315783501 2396
1780865259565 0.039638951420784 2397
1780865259571 0.042685702443122864 2398
1780865259575 0.23407384753227234 2399
1780865259579 0.07631921023130417 2400
1780865259584 0.133799746632576 2401
1780865259590 0.09256342798471451 2402
1780865259594 0.18005254864692688 2403
1780865259598 0.06822557002305984 2404
1780865259603 0.13582132756710052 2405
1780865259608 0.05797213315963745 2406
1780865259612 0.03343421220779419 2407
1780865259618 0.05353652685880661 2408
1780865259623 0.05300869047641754 2409
1780865259628 0.11933297663927078 2410
1780865259632 0.17221812903881073 2411
1780865259637 0.045146021991968155 2412
1780865259642 0.11058160662651062 2413
1780865259646 0.07131791859865189 2414
1780865259652 0.20643848180770874 2415
1780865259657 0.14072994887828827 2416
1780865259661 0.2038540542125702 2417
1780865259666 0.021515190601348877 2418
1780865259671 0.06997407972812653 2419
1780865259675 0.16955696046352386 2420
1780865259679 0.11747661978006363 2421
1780865259684 0.058230411261320114 2422
1780865259690 0.02103285677731037 2423
1780865259695 0.07995808124542236 2424
1780865259700 0.0676763728260994 2425
1780865259705 0.09884139895439148 2426
1780865259710 0.039004627615213394 2427
1780865259716 0.013789924792945385 2428
1780865259721 0.11583143472671509 2429
1780865259725 0.10439492017030716 2430
1780865259730 0.06837766617536545 2431
1780865259736 0.10987983644008636 2432
1780865259741 0.08735188096761703 2433
1780865259746 0.24802298843860626 2434
1780865259751 0.19936130940914154 2435
1780865259756 0.09793717414140701 2436
1780865259760 0.13219980895519257 2437
1780865259765 0.06108264625072479 2438
1780865259771 0.03203580528497696 2439
1780865259776 0.02354394644498825 2440
1780865259783 0.19265949726104736 2441
1780865259787 0.14855869114398956 2442
1780865259792 0.10099947452545166 2443
1780865259799 0.15627074241638184 2444
1780865259803 0.1718989759683609 2445
1780865259807 0.1266813576221466 2446
1780865259813 0.07961168885231018 2447
1780865259818 0.029605193063616753 2448
1780865259823 0.23364725708961487 2449
1780865259827 0.12386805564165115 2450
1780865259831 0.043241292238235474 2451
1780865259836 0.1784244030714035 2452
1780865259842 0.16897732019424438 2453
1780865259848 0.16265439987182617 2454
1780865259854 0.21505644917488098 2455
1780865259858 0.2068633735179901 2456
1780865259864 0.08374211937189102 2457
1780865259870 0.04729567468166351 2458
1780865259876 0.1588398516178131 2459
1780865259882 0.12025384604930878 2460
1780865259887 0.12571941316127777 2461
1780865259891 0.07248447835445404 2462
1780865259895 0.1635187715291977 2463
1780865259901 0.021345313638448715 2464
1780865259905 0.17547687888145447 2465
1780865259911 0.10362385958433151 2466
1780865259916 0.0810442790389061 2467
1780865259920 0.04651106894016266 2468
1780865259925 0.043112266808748245 2469
1780865259930 0.15411414206027985 2470
1780865259935 0.2005356401205063 2471
1780865259939 0.28766459226608276 2472
1780865259943 0.1413617730140686 2473
1780865259949 0.09092090278863907 2474
1780865259955 0.17410200834274292 2475
1780865259960 0.23683591187000275 2476
1780865259966 0.051923949271440506 2477
1780865259971 0.09547342360019684 2478
1780865259975 0.1840885430574417 2479
1780865259980 0.02786780335009098 2480
1780865259986 0.16525328159332275 2481
1780865259990 0.11760319024324417 2482
1780865259995 0.1360696405172348 2483
1780865260000 0.029911650344729424 2484
1780865260004 0.11840483546257019 2485
1780865260008 0.06614039093255997 2486
1780865260013 0.07647857069969177 2487
1780865260018 0.1259198933839798 2488
1780865260023 0.1261342465877533 2489
1780865260027 0.03260070085525513 2490
1780865260033 0.026881244033575058 2491
1780865260038 0.1364946961402893 2492
1780865260042 0.10440139472484589 2493
1780865260047 0.11593296378850937 2494
1780865260052 0.055318478494882584 2495
1780865260057 0.08646759390830994 2496
1780865260061 0.14058858156204224 2497
1780865260066 0.16722245514392853 2498
1780865260070 0.13871723413467407 2499
1780865260075 0.24916648864746094 2500
1780865260080 0.11219726502895355 2501
1780865260085 0.130799800157547 2502
1780865260090 0.11337470263242722 2503
1780865260095 0.10376814752817154 2504
1780865260102 0.11546590924263 2505
1780865260107 0.11337099224328995 2506
1780865260111 0.1911197453737259 2507
1780865260116 0.2549106478691101 2508
1780865260121 0.1378999948501587 2509
1780865260127 0.0558658130466938 2510
1780865260132 0.01997607760131359 2511
1780865260136 0.10160234570503235 2512
1780865260141 0.03308303281664848 2513
1780865260147 0.16746188700199127 2514
1780865260151 0.08728208392858505 2515
1780865260155 0.08816352486610413 2516
1780865260159 0.16199728846549988 2517
1780865260165 0.020072514191269875 2518
1780865260170 0.06444759666919708 2519
1780865260176 0.05641356110572815 2520
1780865260182 0.06686931848526001 2521
1780865260186 0.20616765320301056 2522
1780865260190 0.054554350674152374 2523
1780865260196 0.11437729746103287 2524
1780865260201 0.06298312544822693 2525
1780865260206 0.25797799229621887 2526
1780865260210 0.20677226781845093 2527
1780865260215 0.134749174118042 2528
1780865260221 0.0718705877661705 2529
1780865260225 0.1181686595082283 2530
1780865260231 0.06767232716083527 2531
1780865260235 0.04590931162238121 2532
1780865260239 0.07662893086671829 2533
1780865260244 0.015976617112755775 2534
1780865260250 0.08615420758724213 2535
1780865260256 0.11035551130771637 2536
1780865260261 0.12711764872074127 2537
1780865260267 0.11991753429174423 2538
1780865260271 0.3309773802757263 2539
1780865260275 0.15441805124282837 2540
1780865260280 0.11492059379816055 2541
1780865260285 0.09145906567573547 2542
1780865260289 0.13955625891685486 2543
1780865260294 0.033991292119026184 2544
1780865260299 0.06221570074558258 2545
1780865260304 0.07444816082715988 2546
1780865260309 0.05421830713748932 2547
1780865260314 0.0946875736117363 2548
1780865260318 0.09070765972137451 2549
1780865260321 0.1771537959575653 2550
1780865260326 0.09348965436220169 2551
1780865260331 0.2777969539165497 2552
1780865260336 0.15192577242851257 2553
1780865260341 0.28737717866897583 2554
1780865260347 0.0415935218334198 2555
1780865260352 0.33138811588287354 2556
1780865260356 0.03683290630578995 2557
1780865260361 0.0969756692647934 2558
1780865260365 0.04649857059121132 2559
1780865260370 0.3485015034675598 2560
1780865260375 0.1411667764186859 2561
1780865260380 0.04287842661142349 2562
1780865260385 0.02759704738855362 2563
1780865260390 0.09306585788726807 2564
1780865260395 0.10387157648801804 2565
1780865260400 0.010656828060746193 2566
1780865260405 0.10434548556804657 2567
1780865260410 0.06557026505470276 2568
1780865260414 0.05676041543483734 2569
1780865260418 0.21772800385951996 2570
1780865260422 0.08059531450271606 2571
1780865260427 0.09052203595638275 2572
1780865260431 0.13216008245944977 2573
1780865260437 0.1553732007741928 2574
1780865260441 0.11114628612995148 2575
1780865260446 0.029320601373910904 2576
1780865260451 0.1371065229177475 2577
1780865260454 0.03962717205286026 2578
1780865260460 0.028812110424041748 2579
1780865260465 0.08419983834028244 2580
1780865260470 0.09333789348602295 2581
1780865260474 0.10103660076856613 2582
1780865260479 0.10547056794166565 2583
1780865260484 0.10763798654079437 2584
1780865260488 0.21722181141376495 2585
1780865260493 0.0782405361533165 2586
1780865260498 0.11506370455026627 2587
1780865260502 0.09691910445690155 2588
1780865260507 0.10665282607078552 2589
1780865260512 0.16548798978328705 2590
1780865260516 0.0905812457203865 2591
1780865260520 0.051433078944683075 2592
1780865260524 0.10083482414484024 2593
1780865260529 0.15096329152584076 2594
1780865260534 0.04427023604512215 2595
1780865260538 0.05279003083705902 2596
1780865260543 0.14241018891334534 2597
1780865260548 0.08814584463834763 2598
1780865260552 0.06743698567152023 2599
1780865260557 0.11833816766738892 2600
1780865260562 0.135218545794487 2601
1780865260567 0.18872395157814026 2602
1780865260570 0.10123931616544724 2603
1780865260575 0.07957547903060913 2604
1780865260580 0.1335444301366806 2605
1780865260586 0.19376620650291443 2606
1780865260591 0.060934729874134064 2607
1780865260597 0.016238588839769363 2608
1780865260601 0.14324429631233215 2609
1780865260606 0.101406030356884 2610
1780865260610 0.09881588816642761 2611
1780865260614 0.08470887690782547 2612
1780865260619 0.08234886080026627 2613
1780865260623 0.1302003413438797 2614
1780865260629 0.03972676023840904 2615
1780865260633 0.019764920696616173 2616
1780865260637 0.07936405390501022 2617
1780865260643 0.060244061052799225 2618
1780865260647 0.049870043992996216 2619
1780865260653 0.0899648368358612 2620
1780865260658 0.04574394226074219 2621
1780865260663 0.06825843453407288 2622
1780865260668 0.18709182739257812 2623
1780865260673 0.13532856106758118 2624
1780865260678 0.10034652054309845 2625
1780865260683 0.05388466268777847 2626
1780865260687 0.05740506574511528 2627
1780865260692 0.19179071485996246 2628
1780865260698 0.12219658493995667 2629
1780865260702 0.04987761750817299 2630
1780865260708 0.13907502591609955 2631
1780865260712 0.024652518332004547 2632
1780865260716 0.024283207952976227 2633
1780865260720 0.06997867673635483 2634
1780865260726 0.12932655215263367 2635
1780865260731 0.03366636484861374 2636
1780865260735 0.11033282428979874 2637
1780865260740 0.15894469618797302 2638
1780865260745 0.037036098539829254 2639
1780865260749 0.06323744356632233 2640
1780865260753 0.2030182182788849 2641
1780865260759 0.15781515836715698 2642
1780865260763 0.08833091706037521 2643
1780865260767 0.16553275287151337 2644
1780865260772 0.1011425033211708 2645
1780865260777 0.02241547778248787 2646
1780865260781 0.26420965790748596 2647
1780865260788 0.19394756853580475 2648
1780865260793 0.037881072610616684 2649
1780865260797 0.21579700708389282 2650
1780865260801 0.10859976708889008 2651
1780865260806 0.0859760046005249 2652
1780865260811 0.09495892375707626 2653
1780865260815 0.09989694505929947 2654
1780865260820 0.1294969916343689 2655
1780865260825 0.09799952059984207 2656
1780865260830 0.09458913654088974 2657
1780865260834 0.06542939692735672 2658
1780865260839 0.31697899103164673 2659
1780865260845 0.013959025032818317 2660
1780865260850 0.06562405079603195 2661
1780865260855 0.06925097852945328 2662
1780865260861 0.20581819117069244 2663
1780865260866 0.041152190417051315 2664
1780865260873 0.19443823397159576 2665
1780865260878 0.11524413526058197 2666
1780865260883 0.08317945897579193 2667
1780865260889 0.11181849986314774 2668
1780865260896 0.01565249264240265 2669
1780865260901 0.05714933201670647 2670
1780865260907 0.03745131567120552 2671
1780865260912 0.1290811151266098 2672
1780865260917 0.18391616642475128 2673
1780865260922 0.08255445212125778 2674
1780865260927 0.23421378433704376 2675
1780865260932 0.054764144122600555 2676
1780865260936 0.1566222757101059 2677
1780865260941 0.04788370430469513 2678
1780865260945 0.197944775223732 2679
1780865260949 0.10750099271535873 2680
1780865260954 0.15963402390480042 2681
1780865260959 0.25777775049209595 2682
1780865260964 0.17358839511871338 2683
1780865260969 0.09362904727458954 2684
1780865260976 0.06767918169498444 2685
1780865260980 0.025075813755393028 2686
1780865260984 0.10784304141998291 2687
1780865260989 0.09635179489850998 2688
1780865260994 0.0786287933588028 2689
1780865260998 0.25317156314849854 2690
1780865261003 0.07650520652532578 2691
1780865261008 0.21683984994888306 2692
1780865261013 0.24024434387683868 2693
1780865261018 0.03686844930052757 2694
1780865261023 0.05197766423225403 2695
1780865261028 0.11381454020738602 2696
1780865261033 0.1630384922027588 2697
1780865261038 0.25107473134994507 2698
1780865261043 0.16179919242858887 2699
1780865261047 0.1732313334941864 2700
1780865261051 0.10483666509389877 2701
1780865261057 0.301924467086792 2702
1780865261062 0.07398752868175507 2703
1780865261068 0.11175432056188583 2704
1780865261073 0.03423824906349182 2705
1780865261078 0.12393414229154587 2706
1780865261082 0.1387214958667755 2707
1780865261087 0.16929392516613007 2708
1780865261091 0.03217525780200958 2709
1780865261095 0.11705055087804794 2710
1780865261101 0.061565935611724854 2711
1780865261107 0.22672709822654724 2712
1780865261111 0.2196962982416153 2713
1780865261115 0.056172337383031845 2714
1780865261121 0.0571032352745533 2715
1780865261127 0.11282146722078323 2716
1780865261131 0.09503110498189926 2717
1780865261136 0.012476920150220394 2718
1780865261142 0.06254758685827255 2719
1780865261147 0.034806378185749054 2720
1780865261152 0.031155366450548172 2721
1780865261156 0.020595261827111244 2722
1780865261161 0.08571288734674454 2723
1780865261165 0.10255885124206543 2724
1780865261171 0.16349132359027863 2725
1780865261175 0.02505594864487648 2726
1780865261179 0.05704699084162712 2727
1780865261185 0.22166772186756134 2728
1780865261190 0.049594003707170486 2729
1780865261194 0.05460328981280327 2730
1780865261199 0.07336138188838959 2731
1780865261204 0.07082726061344147 2732
1780865261208 0.06988547742366791 2733
1780865261213 0.053047191351652145 2734
1780865261218 0.10743921250104904 2735
1780865261223 0.057138003408908844 2736
1780865261229 0.007673220708966255 2737
1780865261233 0.0821056216955185 2738
1780865261239 0.05327311158180237 2739
1780865261245 0.12160595506429672 2740
1780865261251 0.20027463138103485 2741
1780865261256 0.09814915806055069 2742
1780865261260 0.031413424760103226 2743
1780865261265 0.3358340561389923 2744
1780865261270 0.05426609888672829 2745
1780865261274 0.06875793635845184 2746
1780865261279 0.08562006801366806 2747
1780865261285 0.046494461596012115 2748
1780865261289 0.058356866240501404 2749
1780865261293 0.027768567204475403 2750
1780865261296 0.056540340185165405 2751
1780865261301 0.10912060737609863 2752
1780865261305 0.263886958360672 2753
1780865261310 0.07133454829454422 2754
1780865261315 0.03745971620082855 2755
1780865261320 0.0782383605837822 2756
1780865261324 0.2950674295425415 2757
1780865261329 0.07272028177976608 2758
1780865261334 0.07198915630578995 2759
1780865261339 0.1369287073612213 2760
1780865261343 0.2019362896680832 2761
1780865261348 0.18839031457901 2762
1780865261354 0.08481857925653458 2763
1780865261358 0.12809576094150543 2764
1780865261363 0.21270470321178436 2765
1780865261369 0.0582529716193676 2766
1780865261373 0.1674804538488388 2767
1780865261378 0.11489696800708771 2768
1780865261384 0.04309907555580139 2769
1780865261390 0.2023678719997406 2770
1780865261393 0.3195819556713104 2771
1780865261399 0.3610301613807678 2772
1780865261403 0.18241199851036072 2773
1780865261407 0.03284289687871933 2774
1780865261412 0.04147526994347572 2775
1780865261419 0.01961240917444229 2776
1780865261423 0.13510417938232422 2777
1780865261427 0.039542991667985916 2778
1780865261433 0.2611522674560547 2779
1780865261438 0.11735048145055771 2780
1780865261442 0.08631052076816559 2781
1780865261447 0.1128711998462677 2782
1780865261452 0.07884219288825989 2783
1780865261456 0.054058488458395004 2784
1780865261461 0.047467704862356186 2785
1780865261466 0.2482321560382843 2786
1780865261471 0.14471864700317383 2787
1780865261475 0.10564682632684708 2788
1780865261481 0.17633230984210968 2789
1780865261486 0.04419775679707527 2790
1780865261490 0.09463242441415787 2791
1780865261494 0.14046746492385864 2792
1780865261499 0.060796577483415604 2793
1780865261504 0.08488141745328903 2794
1780865261509 0.2638014256954193 2795
1780865261514 0.03920672833919525 2796
1780865261519 0.14431774616241455 2797
1780865261524 0.21148183941841125 2798
1780865261529 0.1154201403260231 2799
1780865261534 0.05855288356542587 2800
1780865261539 0.03953491896390915 2801
1780865261543 0.09231127053499222 2802
1780865261548 0.04859306290745735 2803
1780865261553 0.056558895856142044 2804
1780865261557 0.1697555035352707 2805
1780865261561 0.07365778833627701 2806
1780865261566 0.12889711558818817 2807
1780865261571 0.03543120250105858 2808
1780865261575 0.051537007093429565 2809
1780865261580 0.05744674801826477 2810
1780865261834 0.08911214023828506 2811
1780865261840 0.06677183508872986 2812
1780865261845 0.03571983799338341 2813
1780865261850 0.0842873826622963 2814
1780865261854 0.08064209669828415 2815
1780865261859 0.03340189903974533 2816
1780865261864 0.1889197826385498 2817
1780865261869 0.012062793597579002 2818
1780865261874 0.0328730046749115 2819
1780865261880 0.08622021973133087 2820
1780865261885 0.037425003945827484 2821
1780865261889 0.06943560391664505 2822
1780865261894 0.030132850632071495 2823
1780865261898 0.024638814851641655 2824
1780865261902 0.0433151014149189 2825
1780865261908 0.04019259661436081 2826
1780865261914 0.02428366057574749 2827
1780865261918 0.08418379724025726 2828
1780865261922 0.05405804142355919 2829
1780865261928 0.15864074230194092 2830
1780865261934 0.0428454652428627 2831
1780865261938 0.0600295327603817 2832
1780865261944 0.12744329869747162 2833
1780865261949 0.05651024356484413 2834
1780865261953 0.06366598606109619 2835
1780865261959 0.05337557941675186 2836
1780865261964 0.08598551899194717 2837
1780865261969 0.06833858042955399 2838
1780865261974 0.13464616239070892 2839
1780865261980 0.09677547216415405 2840
1780865261985 0.030848201364278793 2841
1780865261989 0.0960685983300209 2842
1780865261995 0.07300695031881332 2843
1780865262000 0.1405823826789856 2844
1780865262004 0.017903737723827362 2845
1780865262008 0.0643993616104126 2846
1780865262013 0.17454524338245392 2847
1780865262018 0.06544436514377594 2848
1780865262022 0.05739525333046913 2849
1780865262028 0.05256196856498718 2850
1780865262035 0.010072422213852406 2851
1780865262040 0.12380344420671463 2852
1780865262045 0.0499008372426033 2853
1780865262049 0.22158165276050568 2854
1780865262053 0.034842196851968765 2855
1780865262059 0.05917758867144585 2856
1780865262064 0.06779128313064575 2857
1780865262069 0.05044253170490265 2858
1780865262074 0.10998465120792389 2859
1780865262079 0.0469173789024353 2860
1780865262084 0.014130388386547565 2861
1780865262087 0.06644821912050247 2862
1780865262095 0.025257283821702003 2863
1780865262099 0.046724144369363785 2864
1780865262103 0.20440171658992767 2865
1780865262109 0.07079563289880753 2866
1780865262114 0.10781459510326385 2867
1780865262119 0.016925368458032608 2868
1780865262123 0.045505624264478683 2869
1780865262128 0.06404584646224976 2870
1780865262134 0.026565147563815117 2871
1780865262139 0.030222591012716293 2872
1780865262146 0.05994357168674469 2873
1780865262150 0.022480357438325882 2874
1780865262154 0.12076915055513382 2875
1780865262160 0.08918019384145737 2876
1780865262166 0.11439359188079834 2877
1780865262171 0.05360914394259453 2878
1780865262176 0.017570041120052338 2879
1780865262180 0.09638778120279312 2880
1780865262185 0.09945540130138397 2881
1780865262190 0.07556194067001343 2882
1780865262196 0.07436960935592651 2883
1780865262201 0.14498983323574066 2884
1780865262207 0.21477115154266357 2885
1780865262212 0.13256460428237915 2886
1780865262216 0.12516038119792938 2887
1780865262223 0.039277754724025726 2888
1780865262228 0.18971464037895203 2889
1780865262232 0.06272940337657928 2890
1780865262236 0.14564009010791779 2891
1780865262241 0.18689444661140442 2892
1780865262246 0.06844556331634521 2893
1780865262250 0.144590824842453 2894
1780865262256 0.02729005180299282 2895
1780865262261 0.013763606548309326 2896
1780865262265 0.1931847780942917 2897
1780865262270 0.05753803625702858 2898
1780865262276 0.0369076244533062 2899
1780865262281 0.02371840551495552 2900
1780865262285 0.0565069206058979 2901
1780865262290 0.10520711541175842 2902
1780865262294 0.07185307890176773 2903
1780865262298 0.07806526869535446 2904
1780865262302 0.10297854989767075 2905
1780865262307 0.03022773191332817 2906
1780865262312 0.04014275595545769 2907
1780865262316 0.017203809693455696 2908
1780865262321 0.1279585212469101 2909
1780865262327 0.12800757586956024 2910
1780865262331 0.05409060791134834 2911
1780865262337 0.20630903542041779 2912
1780865262344 0.231591135263443 2913
1780865262348 0.020846422761678696 2914
1780865262351 0.15877337753772736 2915
1780865262356 0.22422489523887634 2916
1780865262361 0.06409680843353271 2917
1780865262365 0.02830563113093376 2918
1780865262371 0.21505041420459747 2919
1780865262376 0.08354053646326065 2920
1780865262381 0.07477161288261414 2921
1780865262386 0.139150470495224 2922
1780865262391 0.06446380168199539 2923
1780865262397 0.11786045879125595 2924
1780865262401 0.13305029273033142 2925
1780865262406 0.055921681225299835 2926
1780865262413 0.1971645951271057 2927
1780865262417 0.06042531132698059 2928
1780865262423 0.015421847812831402 2929
1780865262427 0.0657602846622467 2930
1780865262432 0.05072963237762451 2931
1780865262437 0.13739095628261566 2932
1780865262441 0.09840059280395508 2933
1780865262446 0.10399957746267319 2934
1780865262450 0.0739884302020073 2935
1780865262454 0.2571207284927368 2936
1780865262459 0.10815183818340302 2937
1780865262463 0.011878055520355701 2938
1780865262468 0.19624190032482147 2939
1780865262473 0.054271310567855835 2940
1780865262478 0.13467983901500702 2941
1780865262483 0.10857613384723663 2942
1780865262488 0.07412213087081909 2943
1780865262492 0.13121098279953003 2944
1780865262497 0.14322972297668457 2945
1780865262503 0.058188457041978836 2946
1780865262508 0.18832027912139893 2947
1780865262513 0.098641537129879 2948
1780865262516 0.2438165247440338 2949
1780865262522 0.030443638563156128 2950
1780865262527 0.05361337959766388 2951
1780865262531 0.06610629707574844 2952
1780865262536 0.18688371777534485 2953
1780865262541 0.032704733312129974 2954
1780865262545 0.058200739324092865 2955
1780865262550 0.02251370996236801 2956
1780865262556 0.03582129254937172 2957
1780865262560 0.07179461419582367 2958
1780865262565 0.04944928362965584 2959
1780865262571 0.18198499083518982 2960
1780865262576 0.04475177451968193 2961
1780865262582 0.054207414388656616 2962
1780865262587 0.08125878125429153 2963
1780865262591 0.14795175194740295 2964
1780865262597 0.04715682193636894 2965
1780865262602 0.16734975576400757 2966
1780865262607 0.053821861743927 2967
1780865262613 0.19890573620796204 2968
1780865262618 0.03885631263256073 2969
1780865262623 0.1273459643125534 2970
1780865262627 0.03954928740859032 2971
1780865262631 0.04203275218605995 2972
1780865262636 0.19649146497249603 2973
1780865262642 0.0616864338517189 2974
1780865262647 0.04919981583952904 2975
1780865262653 0.14675432443618774 2976
1780865262657 0.04940159618854523 2977
1780865262662 0.017408689484000206 2978
1780865262666 0.023240184411406517 2979
1780865262671 0.036968883126974106 2980
1780865262676 0.10242471843957901 2981
1780865262682 0.08421503752470016 2982
1780865262687 0.1439291536808014 2983
1780865262692 0.055291179567575455 2984
1780865262696 0.08044686913490295 2985
1780865262701 0.017671162262558937 2986
1780865262705 0.04997978359460831 2987
1780865262710 0.04893181473016739 2988
1780865262716 0.05940069258213043 2989
1780865262722 0.021196503192186356 2990
1780865262726 0.12982836365699768 2991
1780865262731 0.0611235611140728 2992
1780865262737 0.0800572857260704 2993
1780865262742 0.057992205023765564 2994
1780865262747 0.21812869608402252 2995
1780865262753 0.04150853306055069 2996
1780865262758 0.040743764489889145 2997
1780865262763 0.09320270270109177 2998
1780865262768 0.04303725063800812 2999
1780865262772 0.027369193732738495 3000
1780865262779 0.1726057529449463 3001
1780865262784 0.03825293481349945 3002
1780865262789 0.0789717361330986 3003
1780865262793 0.10240508615970612 3004
1780865262798 0.10357332974672318 3005
1780865262803 0.04024071991443634 3006
1780865262807 0.09533946216106415 3007
1780865262813 0.11512012779712677 3008
1780865262818 0.086800716817379 3009
1780865262822 0.16531264781951904 3010
1780865262826 0.22367656230926514 3011
1780865262830 0.08294610679149628 3012
1780865262836 0.12873925268650055 3013
1780865262841 0.12954939901828766 3014
1780865262845 0.11388322710990906 3015
1780865262850 0.1509581208229065 3016
1780865262856 0.026702262461185455 3017
1780865262861 0.09613475203514099 3018
1780865262866 0.09892747551202774 3019
1780865262871 0.031215639784932137 3020
1780865262876 0.1072649359703064 3021
1780865262882 0.056587036699056625 3022
1780865262888 0.10000066459178925 3023
1780865262894 0.10615120828151703 3024
1780865262900 0.03348447382450104 3025
1780865262906 0.08046728372573853 3026
1780865262910 0.026056529954075813 3027
1780865262915 0.05564253032207489 3028
1780865262920 0.039241913706064224 3029
1780865262924 0.06479550898075104 3030
1780865262930 0.1154479831457138 3031
1780865262935 0.09498593956232071 3032
1780865262940 0.04630063846707344 3033
1780865262946 0.08280778676271439 3034
1780865262952 0.02866518311202526 3035
1780865262957 0.0693863108754158 3036
1780865262963 0.09686745703220367 3037
1780865262968 0.15193776786327362 3038
1780865262972 0.07240965217351913 3039
1780865262977 0.1417359858751297 3040
1780865262983 0.10615473985671997 3041
1780865262987 0.04033224284648895 3042
1780865262992 0.028747934848070145 3043
1780865262997 0.12939468026161194 3044
1780865263003 0.03862959146499634 3045
1780865263007 0.11055693030357361 3046
1780865263013 0.0974537581205368 3047
1780865263019 0.1289750188589096 3048
1780865263024 0.029513251036405563 3049
1780865263027 0.07316287606954575 3050
1780865263032 0.04888569191098213 3051
1780865263037 0.12113582342863083 3052
1780865263041 0.10327135026454926 3053
1780865263046 0.08621121197938919 3054
1780865263051 0.06278513371944427 3055
1780865263056 0.18221516907215118 3056
1780865263062 0.12830226123332977 3057
1780865263067 0.051195692270994186 3058
1780865263073 0.07293545454740524 3059
1780865263079 0.03559407964348793 3060
1780865263084 0.1686936616897583 3061
1780865263088 0.08652455359697342 3062
1780865263092 0.05641530826687813 3063
1780865263098 0.1410890370607376 3064
1780865263103 0.013512649573385715 3065
1780865263107 0.18551352620124817 3066
1780865263112 0.09142667055130005 3067
1780865263118 0.08453425765037537 3068
1780865263123 0.10920792073011398 3069
1780865263129 0.03866750746965408 3070
1780865263134 0.05616701394319534 3071
1780865263141 0.015535132959485054 3072
1780865263146 0.036553140729665756 3073
1780865263151 0.0881497785449028 3074
1780865263156 0.15030118823051453 3075
1780865263160 0.05409321188926697 3076
1780865263166 0.09432896226644516 3077
1780865263171 0.03947048261761665 3078
1780865263175 0.11282485723495483 3079
1780865263180 0.01771945133805275 3080
1780865263185 0.17258910834789276 3081
1780865263189 0.09889240562915802 3082
1780865263193 0.24305033683776855 3083
1780865263198 0.11851941049098969 3084
1780865263204 0.1810627281665802 3085
1780865263209 0.174657940864563 3086
1780865263214 0.025324301794171333 3087
1780865263219 0.2492300271987915 3088
1780865263224 0.029598381370306015 3089
1780865263229 0.029439914971590042 3090
1780865263234 0.06325285881757736 3091
1780865263238 0.0819389596581459 3092
1780865263243 0.08685874938964844 3093
1780865263249 0.2561894953250885 3094
1780865263253 0.03990870714187622 3095
1780865263258 0.3370308578014374 3096
1780865263263 0.012789384461939335 3097
1780865263269 0.08638111501932144 3098
1780865263272 0.11019501835107803 3099
1780865263278 0.17299474775791168 3100
1780865263283 0.062499940395355225 3101
1780865263287 0.09567064791917801 3102
1780865263291 0.09782826900482178 3103
1780865263297 0.015111489221453667 3104
1780865263301 0.09367235749959946 3105
1780865263306 0.0796753317117691 3106
1780865263310 0.1970183253288269 3107
1780865263315 0.06524325907230377 3108
1780865263319 0.05392615497112274 3109
1780865263323 0.13916845619678497 3110
1780865263330 0.014874801971018314 3111
1780865263334 0.05938864126801491 3112
1780865263338 0.24830277264118195 3113
1780865263343 0.06670467555522919 3114
1780865263348 0.10401032119989395 3115
1780865263354 0.02200927585363388 3116
1780865263362 0.08461739867925644 3117
1780865263366 0.1584567427635193 3118
1780865263370 0.11401744931936264 3119
1780865263377 0.01725507155060768 3120
1780865263381 0.01622823439538479 3121
1780865263386 0.20291969180107117 3122
1780865263392 0.07380224764347076 3123
1780865263397 0.0819656252861023 3124
1780865263402 0.12214890867471695 3125
1780865263406 0.06336653977632523 3126
1780865263411 0.13469170033931732 3127
1780865263417 0.04473165050148964 3128
1780865263422 0.08354403078556061 3129
1780865263427 0.043716754764318466 3130
1780865263431 0.05126934126019478 3131
1780865263435 0.16265460848808289 3132
1780865263440 0.019357426092028618 3133
1780865263445 0.1090594083070755 3134
1780865263449 0.09391803294420242 3135
1780865263454 0.00791782047599554 3136
1780865263460 0.01964488998055458 3137
1780865263464 0.05246011167764664 3138
1780865263469 0.03586357831954956 3139
1780865263475 0.08907050639390945 3140
1780865263480 0.04718010127544403 3141
1780865263485 0.054846808314323425 3142
1780865263489 0.06678198277950287 3143
1780865263495 0.23376014828681946 3144
1780865263500 0.1080484688282013 3145
1780865263505 0.01615859568119049 3146
1780865263510 0.09404274076223373 3147
1780865263515 0.18253906071186066 3148
1780865263520 0.1209162250161171 3149
1780865263526 0.15048515796661377 3150
1780865263531 0.23390625417232513 3151
1780865263535 0.033978141844272614 3152
1780865263540 0.13137267529964447 3153
1780865263545 0.15917852520942688 3154
1780865263551 0.0306958369910717 3155
1780865263557 0.1585770696401596 3156
1780865263562 0.09459623694419861 3157
1780865263567 0.016602974385023117 3158
1780865263571 0.09917557239532471 3159
1780865263576 0.16757100820541382 3160
1780865263581 0.11183246970176697 3161
1780865263585 0.09807851165533066 3162
1780865263591 0.04585900902748108 3163
1780865263597 0.04156523197889328 3164
1780865263601 0.09640895575284958 3165
1780865263605 0.05415259674191475 3166
1780865263610 0.1064087375998497 3167
1780865263616 0.07245805859565735 3168
1780865263620 0.16397154331207275 3169
1780865263625 0.035278379917144775 3170
1780865263629 0.13791774213314056 3171
1780865263634 0.06392646580934525 3172
1780865263639 0.015122861601412296 3173
1780865263644 0.30773231387138367 3174
1780865263649 0.11438211798667908 3175
1780865263653 0.090499646961689 3176
1780865263659 0.09035108238458633 3177
1780865263663 0.04949595779180527 3178
1780865263669 0.029907351359725 3179
1780865263674 0.08633961528539658 3180
1780865263679 0.039628975093364716 3181
1780865263684 0.03076643869280815 3182
1780865263689 0.2029993236064911 3183
1780865263694 0.017883477732539177 3184
1780865263698 0.17423036694526672 3185
1780865263702 0.21710756421089172 3186
1780865263707 0.023069733753800392 3187
1780865263713 0.2278648167848587 3188
1780865263718 0.020590050145983696 3189
1780865263724 0.15079151093959808 3190
1780865263731 0.18652983009815216 3191
1780865263736 0.013360271230340004 3192
1780865263741 0.05500214174389839 3193
1780865263746 0.037940941751003265 3194
1780865263750 0.031198393553495407 3195
1780865263757 0.20337112247943878 3196
1780865263763 0.022112656384706497 3197
1780865263768 0.11475607752799988 3198
1780865263773 0.16998732089996338 3199
1780865263778 0.04950457066297531 3200
1780865263783 0.09332878887653351 3201
1780865263788 0.07965845614671707 3202
1780865263793 0.12208306044340134 3203
1780865263798 0.059686750173568726 3204
1780865263801 0.03685620427131653 3205
1780865263807 0.061029862612485886 3206
1780865263812 0.01862780936062336 3207
1780865263815 0.05725856125354767 3208
1780865263820 0.09532716125249863 3209
1780865263825 0.035915277898311615 3210
1780865263830 0.013338565826416016 3211
1780865263837 0.06103105470538139 3212
1780865263843 0.10127561539411545 3213
1780865263848 0.017190665006637573 3214
1780865263852 0.05487241968512535 3215
1780865263857 0.007671297062188387 3216
1780865263864 0.09422634541988373 3217
1780865263870 0.05120408162474632 3218
1780865263875 0.018335597589612007 3219
1780865263879 0.14266933500766754 3220
1780865263884 0.048755329102277756 3221
1780865263890 0.008763574063777924 3222
1780865263894 0.034823231399059296 3223
1780865263898 0.07228320837020874 3224
1780865263904 0.010532258078455925 3225
1780865263909 0.029125459492206573 3226
1780865263913 0.05619090422987938 3227
1780865263919 0.10036137700080872 3228
1780865263924 0.18451113998889923 3229
1780865263929 0.09107144922018051 3230
1780865263933 0.008655749261379242 3231
1780865263939 0.18344631791114807 3232
1780865263943 0.16674968600273132 3233
1780865263947 0.09779005497694016 3234
1780865263952 0.05946233868598938 3235
1780865263957 0.14956679940223694 3236
1780865263962 0.11325307190418243 3237
1780865263966 0.01822207123041153 3238
1780865263971 0.1355675756931305 3239
1780865263975 0.10497358441352844 3240
1780865263979 0.042393844574689865 3241
1780865263983 0.04903277009725571 3242
1780865263989 0.0686945766210556 3243
1780865263994 0.12211506813764572 3244
1780865263998 0.028031734749674797 3245
1780865264004 0.1014891043305397 3246
1780865264010 0.08004440367221832 3247
1780865264013 0.20882153511047363 3248
1780865264020 0.13191846013069153 3249
1780865264024 0.07878442108631134 3250
1780865264028 0.2295234352350235 3251
1780865264032 0.04509086534380913 3252
1780865264037 0.028794927522540092 3253
1780865264042 0.08210700750350952 3254
1780865264047 0.036311183124780655 3255
1780865264052 0.08527284860610962 3256
1780865264057 0.03701801598072052 3257
1780865264062 0.05944453552365303 3258
1780865264066 0.03795326128602028 3259
1780865264071 0.05235135182738304 3260
1780865264075 0.05108802020549774 3261
1780865264081 0.11761047691106796 3262
1780865264086 0.05141358822584152 3263
1780865264092 0.054867543280124664 3264
1780865264096 0.2224246710538864 3265
1780865264102 0.19923366606235504 3266
1780865264107 0.08425188809633255 3267
1780865264112 0.01827474869787693 3268
1780865264116 0.1204790472984314 3269
1780865264121 0.1333724409341812 3270
1780865264126 0.09744028747081757 3271
1780865264131 0.04576415568590164 3272
1780865264137 0.02132514677941799 3273
1780865264143 0.10974334180355072 3274
1780865264146 0.11449889838695526 3275
1780865264151 0.10266972333192825 3276
1780865264156 0.09715709835290909 3277
1780865264161 0.0871373787522316 3278
1780865264166 0.06015688180923462 3279
1780865264171 0.11705582588911057 3280
1780865264176 0.04291470721364021 3281
1780865264180 0.03820348158478737 3282
1780865264186 0.09377842396497726 3283
1780865264190 0.13412122428417206 3284
1780865264194 0.05763280391693115 3285
1780865264199 0.12242607027292252 3286
1780865264205 0.15955127775669098 3287
1780865264211 0.04238015040755272 3288
1780865264216 0.03290209174156189 3289
1780865264221 0.05615532398223877 3290
1780865264227 0.01675550639629364 3291
1780865264234 0.10089597851037979 3292
1780865264239 0.01362660899758339 3293
1780865264243 0.15165628492832184 3294
1780865264247 0.18752168118953705 3295
1780865264253 0.0230061337351799 3296
1780865264262 0.061955325305461884 3297
1780865264268 0.07125277817249298 3298
1780865264273 0.03635517880320549 3299
1780865264277 0.10250645130872726 3300
1780865264282 0.053382471203804016 3301
1780865264288 0.025667311623692513 3302
1780865264292 0.015817157924175262 3303
1780865264296 0.12687833607196808 3304
1780865264302 0.12380292266607285 3305
1780865264306 0.0300936046987772 3306
1780865264311 0.024924658238887787 3307
1780865264316 0.017576435580849648 3308
1780865264322 0.11586978286504745 3309
1780865264326 0.04330267757177353 3310
1780865264330 0.11117579787969589 3311
1780865264335 0.08443813771009445 3312
1780865264341 0.03283761814236641 3313
1780865264345 0.151676744222641 3314
1780865264350 0.06880360096693039 3315
1780865264354 0.056193601340055466 3316
1780865264358 0.05617615208029747 3317
1780865264363 0.051759783178567886 3318
1780865264369 0.07117047905921936 3319
1780865264373 0.09713830053806305 3320
1780865264377 0.09424100816249847 3321
1780865264382 0.07557149976491928 3322
1780865264387 0.29147326946258545 3323
1780865264392 0.017363252118229866 3324
1780865264397 0.15460336208343506 3325
1780865264401 0.16650128364562988 3326
1780865264406 0.07460454106330872 3327
1780865264411 0.19162866473197937 3328
1780865264416 0.007127982564270496 3329
1780865264421 0.12994737923145294 3330
1780865264425 0.06388475000858307 3331
1780865264431 0.01873873919248581 3332
1780865264437 0.2619321644306183 3333
1780865264441 0.052052196115255356 3334
1780865264447 0.032416220754384995 3335
1780865264451 0.252928227186203 3336
1780865264456 0.24200870096683502 3337
1780865264460 0.08990795910358429 3338
1780865264465 0.029735149815678596 3339
1780865264470 0.028447775170207024 3340
1780865264474 0.02178599312901497 3341
1780865264478 0.0654250904917717 3342
1780865264483 0.0382968932390213 3343
1780865264488 0.05990816652774811 3344
1780865264493 0.03346899151802063 3345
1780865264497 0.07241681218147278 3346
1780865264502 0.020456111058592796 3347
1780865264508 0.029899559915065765 3348
1780865264513 0.07448574155569077 3349
1780865264518 0.0976037010550499 3350
1780865264523 0.08601921051740646 3351
1780865264527 0.17363996803760529 3352
1780865264532 0.10636617243289948 3353
1780865264536 0.0703192800283432 3354
1780865264542 0.1611519604921341 3355
1780865264547 0.10446997731924057 3356
1780865264552 0.09700866043567657 3357
1780865264556 0.24635739624500275 3358
1780865264562 0.04323551803827286 3359
1780865264567 0.2143876850605011 3360
1780865264572 0.07052253931760788 3361
1780865264577 0.1381201446056366 3362
1780865264581 0.11343443393707275 3363
1780865264585 0.06973926723003387 3364
1780865264589 0.03699691221117973 3365
1780865264595 0.08137722313404083 3366
1780865264600 0.035988498479127884 3367
1780865264604 0.01862630620598793 3368
1780865264608 0.05704231560230255 3369
1780865264613 0.07759406417608261 3370
1780865264618 0.12698982656002045 3371
1780865264622 0.05065855756402016 3372
1780865264627 0.19912999868392944 3373
1780865264633 0.11702345311641693 3374
1780865264637 0.11876571178436279 3375
1780865264642 0.01927327550947666 3376
1780865264646 0.1366477906703949 3377
1780865264651 0.054594721645116806 3378
1780865264656 0.05736521631479263 3379
1780865264660 0.07226313650608063 3380
1780865264665 0.17038854956626892 3381
1780865264670 0.08802579343318939 3382
1780865264673 0.08185234665870667 3383
1780865264678 0.17833974957466125 3384
1780865264683 0.08553741127252579 3385
1780865264687 0.0813177078962326 3386
1780865264691 0.10200261324644089 3387
1780865264696 0.2307891845703125 3388
1780865264700 0.04528865963220596 3389
1780865264705 0.0944221243262291 3390
1780865264712 0.01800534501671791 3391
1780865264717 0.014209453947842121 3392
1780865264721 0.1320737600326538 3393
1780865264725 0.1591653823852539 3394
1780865264730 0.063702791929245 3395
1780865264736 0.06531136482954025 3396
1780865264740 0.10849215090274811 3397
1780865264745 0.04205012321472168 3398
1780865264750 0.17003010213375092 3399
1780865264755 0.08468315750360489 3400
1780865264762 0.20811238884925842 3401
1780865264768 0.09096880257129669 3402
1780865264771 0.043502796441316605 3403
1780865264775 0.05825817957520485 3404
1780865264781 0.08181287348270416 3405
1780865264785 0.21417725086212158 3406
1780865264791 0.09424436837434769 3407
1780865264798 0.1504465490579605 3408
1780865264802 0.11321128159761429 3409
1780865264805 0.059886716306209564 3410
1780865264813 0.06064072623848915 3411
1780865264817 0.01051465142518282 3412
1780865264822 0.10667186975479126 3413
1780865264826 0.07200635224580765 3414
1780865264831 0.06449921429157257 3415
1780865264835 0.08077529817819595 3416
1780865264839 0.09946583211421967 3417
1780865264844 0.0942106768488884 3418
1780865264850 0.07960620522499084 3419
1780865264855 0.017582135275006294 3420
1780865264860 0.025820810347795486 3421
1780865264864 0.014819040894508362 3422
1780865264868 0.09753882884979248 3423
1780865264872 0.029879363253712654 3424
1780865264877 0.019931485876441002 3425
1780865264882 0.03472739830613136 3426
1780865264887 0.09423384070396423 3427
1780865264892 0.02978316880762577 3428
1780865264898 0.017810339108109474 3429
1780865264902 0.0959378108382225 3430
1780865264910 0.10841159522533417 3431
1780865264916 0.043020494282245636 3432
1780865264920 0.1986027956008911 3433
1780865264926 0.024011172354221344 3434
1780865264932 0.006719966419041157 3435
1780865264937 0.10642827302217484 3436
1780865264943 0.02058488503098488 3437
1780865264949 0.0884115993976593 3438
1780865264952 0.08106881380081177 3439
1780865264957 0.05314601585268974 3440
1780865264963 0.02977784536778927 3441
1780865264968 0.07340250164270401 3442
1780865264971 0.17212308943271637 3443
1780865264976 0.023767584934830666 3444
1780865264981 0.058717288076877594 3445
1780865264986 0.08521939814090729 3446
1780865264991 0.043623749166727066 3447
1780865264996 0.03715524077415466 3448
1780865265001 0.2168276011943817 3449
1780865265005 0.17109471559524536 3450
1780865265012 0.0373743437230587 3451
1780865265016 0.12934663891792297 3452
1780865265020 0.08593286573886871 3453
1780865265024 0.020726284012198448 3454
1780865265029 0.0402652770280838 3455
1780865265034 0.09274733811616898 3456
1780865265038 0.062036748975515366 3457
1780865265044 0.028642790392041206 3458
1780865265049 0.2973819375038147 3459
1780865265054 0.09340906888246536 3460
1780865265059 0.024902192875742912 3461
1780865265064 0.01536129042506218 3462
1780865265068 0.11729554831981659 3463
1780865265072 0.1354447454214096 3464
1780865265077 0.02955317683517933 3465
1780865265083 0.03344523161649704 3466
1780865265087 0.03598364442586899 3467
1780865265092 0.11273148655891418 3468
1780865265097 0.07769747078418732 3469
1780865265101 0.1048012524843216 3470
1780865265106 0.02533196099102497 3471
1780865265111 0.0390554741024971 3472
1780865265116 0.08245477825403214 3473
1780865265121 0.05060635134577751 3474
1780865265128 0.10855018347501755 3475
1780865265134 0.20547160506248474 3476
1780865265139 0.09481456130743027 3477
1780865265144 0.10288093984127045 3478
1780865265149 0.055809661746025085 3479
1780865265156 0.04148941487073898 3480
1780865265161 0.08816678076982498 3481
1780865265165 0.11294148117303848 3482
1780865265169 0.0811103954911232 3483
1780865265174 0.047708701342344284 3484
1780865265179 0.03567589446902275 3485
1780865265183 0.03581561520695686 3486
1780865265187 0.04360150545835495 3487
1780865265194 0.027006477117538452 3488
1780865265198 0.05329931527376175 3489
1780865265202 0.1063390001654625 3490
1780865265207 0.0267248023301363 3491
1780865265212 0.11297155916690826 3492
1780865265218 0.18671251833438873 3493
1780865265223 0.0994115099310875 3494
1780865265229 0.05270546302199364 3495
1780865265233 0.0980578139424324 3496
1780865265238 0.1903923749923706 3497
1780865265244 0.05454485863447189 3498
1780865265248 0.08524882048368454 3499
1780865265252 0.01911141723394394 3500
1780865265258 0.14884795248508453 3501
1780865265262 0.0740671157836914 3502
1780865265267 0.08555497229099274 3503
1780865265272 0.07362396270036697 3504
1780865265278 0.12877491116523743 3505
1780865265282 0.10809947550296783 3506
1780865265287 0.05605078861117363 3507
1780865265292 0.007546954322606325 3508
1780865265297 0.08725020289421082 3509
1780865265301 0.14902490377426147 3510
1780865265307 0.07185453921556473 3511
1780865265312 0.18851259350776672 3512
1780865265316 0.03776353597640991 3513
1780865265322 0.058044563978910446 3514
1780865265328 0.03825752064585686 3515
1780865265334 0.03182387351989746 3516
1780865265339 0.13878528773784637 3517
1780865265343 0.046010974794626236 3518
1780865265348 0.04198743402957916 3519
1780865265352 0.1098344698548317 3520
1780865265358 0.10189700126647949 3521
1780865265362 0.1370529979467392 3522
1780865265366 0.03745073080062866 3523
1780865265373 0.0038596440572291613 3524
1780865265378 0.2790648937225342 3525
1780865265382 0.015418492257595062 3526
1780865265387 0.04502272233366966 3527
1780865265393 0.20651796460151672 3528
1780865265398 0.17402522265911102 3529
1780865265402 0.044403113424777985 3530
1780865265408 0.09715987741947174 3531
1780865265413 0.1329992562532425 3532
1780865265418 0.024325713515281677 3533
1780865265423 0.09591478854417801 3534
1780865265428 0.06615670770406723 3535
1780865265432 0.057111937552690506 3536
1780865265436 0.0717867761850357 3537
1780865265441 0.06684080511331558 3538
1780865265445 0.1303320676088333 3539
1780865265450 0.07819506525993347 3540
1780865265455 0.01930515468120575 3541
1780865265460 0.036689434200525284 3542
1780865265464 0.0809529572725296 3543
1780865265469 0.15622571110725403 3544
1780865265474 0.06252206861972809 3545
1780865265479 0.013511041179299355 3546
1780865265486 0.08477837592363358 3547
1780865265491 0.05785952880978584 3548
1780865265496 0.021313823759555817 3549
1780865265501 0.04626306891441345 3550
1780865265506 0.03325247764587402 3551
1780865265510 0.15762744843959808 3552
1780865265514 0.08486933261156082 3553
1780865265519 0.113954097032547 3554
1780865265524 0.16420111060142517 3555
1780865265531 0.12684251368045807 3556
1780865265536 0.07806974649429321 3557
1780865265542 0.04682403430342674 3558
1780865265547 0.10493385046720505 3559
1780865265553 0.04173223301768303 3560
1780865265557 0.06259690225124359 3561
1780865265561 0.13433362543582916 3562
1780865265566 0.07806973904371262 3563
1780865265572 0.04772940278053284 3564
1780865265576 0.10221553593873978 3565
1780865265580 0.042011961340904236 3566
1780865265586 0.07502416521310806 3567
1780865265593 0.11492209881544113 3568
1780865265597 0.040152307599782944 3569
1780865265603 0.143060564994812 3570
1780865265607 0.030997369438409805 3571
1780865265611 0.09904427081346512 3572
1780865265616 0.04890424385666847 3573
1780865265621 0.18297147750854492 3574
1780865265625 0.050610750913619995 3575
1780865265630 0.11453089863061905 3576
1780865265635 0.02498023770749569 3577
1780865265640 0.04187998175621033 3578
1780865265644 0.11678289622068405 3579
1780865265648 0.039732396602630615 3580
1780865265653 0.07405111193656921 3581
1780865265658 0.03076043911278248 3582
1780865265662 0.05236230418086052 3583
1780865265667 0.09409024566411972 3584
1780865265673 0.2013026773929596 3585
1780865265677 0.03927226737141609 3586
1780865265682 0.11931245028972626 3587
1780865265687 0.22352395951747894 3588
1780865265691 0.1984350085258484 3589
1780865265696 0.1729138344526291 3590
1780865265702 0.020347174257040024 3591
1780865265709 0.08678197115659714 3592
1780865265713 0.1398557722568512 3593
1780865265719 0.1842295527458191 3594
1780865265724 0.128633052110672 3595
1780865265729 0.01762375608086586 3596
1780865265734 0.006956464610993862 3597
1780865265739 0.016556933522224426 3598
1780865265745 0.019910329952836037 3599
1780865265751 0.0827956423163414 3600
1780865265756 0.18501891195774078 3601
1780865265760 0.08230973780155182 3602
1780865265766 0.2197548747062683 3603
1780865265771 0.10495278239250183 3604
1780865265776 0.06859348714351654 3605
1780865265780 0.10172050446271896 3606
1780865265786 0.18001492321491241 3607
1780865265791 0.16942737996578217 3608
1780865265796 0.028392057865858078 3609
1780865266222 0.11712466180324554 3610
1780865266228 0.18936260044574738 3611
1780865266233 0.024576524272561073 3612
1780865266238 0.05601895600557327 3613
1780865266243 0.07280586659908295 3614
1780865266248 0.04225967824459076 3615
1780865266253 0.0805075541138649 3616
1780865266259 0.13423877954483032 3617
1780865266263 0.07617183774709702 3618
1780865266269 0.13923825323581696 3619
1780865266274 0.05026978626847267 3620
1780865266279 0.053056590259075165 3621
1780865266284 0.04656362906098366 3622
1780865266289 0.08480225503444672 3623
1780865266294 0.013812428340315819 3624
1780865266299 0.04871746152639389 3625
1780865266305 0.048014577478170395 3626
1780865266310 0.16190838813781738 3627
1780865266315 0.12835294008255005 3628
1780865266319 0.11611676216125488 3629
1780865266324 0.1514957696199417 3630
1780865266332 0.2264186143875122 3631
1780865266337 0.047752734273672104 3632
1780865266342 0.17385998368263245 3633
1780865266348 0.04319878667593002 3634
1780865266354 0.06312760710716248 3635
1780865266359 0.03774375841021538 3636
1780865266363 0.06668664515018463 3637
1780865266368 0.11644133925437927 3638
1780865266374 0.07903756201267242 3639
1780865266379 0.022581687197089195 3640
1780865266384 0.022859608754515648 3641
1780865266389 0.0609004870057106 3642
1780865266394 0.2800028622150421 3643
1780865266399 0.0131704555824399 3644
1780865266404 0.12832573056221008 3645
1780865266409 0.11844287067651749 3646
1780865266414 0.08670482784509659 3647
1780865266420 0.029588760808110237 3648
1780865266424 0.029686760157346725 3649
1780865266429 0.05041393265128136 3650
1780865266435 0.11078034341335297 3651
1780865266440 0.16572655737400055 3652
1780865266444 0.07339737564325333 3653
1780865266448 0.06292740255594254 3654
1780865266453 0.02111697569489479 3655
1780865266458 0.09746427088975906 3656
1780865266462 0.025682328268885612 3657
1780865266468 0.06462513655424118 3658
1780865266473 0.08020848035812378 3659
1780865266478 0.07880138605833054 3660
1780865266483 0.14324773848056793 3661
1780865266489 0.05189504846930504 3662
1780865266494 0.18464438617229462 3663
1780865266498 0.02534358762204647 3664
1780865266502 0.04821430519223213 3665
1780865266508 0.06668905913829803 3666
1780865266512 0.03725868836045265 3667
1780865266516 0.023656437173485756 3668
1780865266521 0.028085632249712944 3669
1780865266526 0.027983322739601135 3670
1780865266531 0.11544349789619446 3671
1780865266536 0.10976910591125488 3672
1780865266541 0.05809936299920082 3673
1780865266546 0.13890515267848969 3674
1780865266552 0.05984725430607796 3675
1780865266557 0.05344194173812866 3676
1780865266561 0.11453026533126831 3677
1780865266568 0.06675359606742859 3678
1780865266573 0.026172637939453125 3679
1780865266578 0.05675727128982544 3680
1780865266582 0.12337145209312439 3681
1780865266589 0.07256769388914108 3682
1780865266593 0.08978893607854843 3683
1780865266598 0.049496859312057495 3684
1780865266604 0.05073815956711769 3685
1780865266610 0.015561177395284176 3686
1780865266615 0.06732214987277985 3687
1780865266621 0.12477150559425354 3688
1780865266626 0.09448336064815521 3689
1780865266630 0.0557648167014122 3690
1780865266635 0.03968990221619606 3691
1780865266641 0.11997567862272263 3692
1780865266645 0.015420597977936268 3693
1780865266649 0.08328255265951157 3694
1780865266654 0.07400763779878616 3695
1780865266658 0.09732934832572937 3696
1780865266662 0.07618043571710587 3697
1780865266667 0.08413023501634598 3698
1780865266672 0.020354315638542175 3699
1780865266678 0.06492677330970764 3700
1780865266683 0.19089728593826294 3701
1780865266689 0.10948369652032852 3702
1780865266693 0.11473304033279419 3703
1780865266698 0.029808644205331802 3704
1780865266703 0.12668102979660034 3705
1780865266708 0.049758341163396835 3706
1780865266712 0.07073941081762314 3707
1780865266718 0.03545352444052696 3708
1780865266723 0.15556687116622925 3709
1780865266728 0.013828903436660767 3710
1780865266733 0.018917979672551155 3711
1780865266738 0.1767061948776245 3712
1780865266742 0.049703340977430344 3713
1780865266746 0.10987430810928345 3714
1780865266754 0.08901453763246536 3715
1780865266759 0.05929334834218025 3716
1780865266763 0.04341130703687668 3717
1780865266768 0.0460553839802742 3718
1780865266773 0.20191530883312225 3719
1780865266777 0.045496392995119095 3720
1780865266782 0.06265552341938019 3721
1780865266787 0.20127925276756287 3722
1780865266791 0.06750544905662537 3723
1780865266796 0.17624111473560333 3724
1780865266803 0.10760021209716797 3725
1780865266807 0.04558249190449715 3726
1780865266811 0.06263716518878937 3727
1780865266818 0.13280250132083893 3728
1780865266822 0.0882602110505104 3729
1780865266826 0.13653987646102905 3730
1780865266832 0.15799470245838165 3731
1780865266837 0.16158679127693176 3732
1780865266843 0.03096492402255535 3733
1780865266847 0.17304740846157074 3734
1780865266853 0.057320114225149155 3735
1780865266856 0.18432320654392242 3736
1780865266860 0.029128925874829292 3737
1780865266865 0.12684321403503418 3738
1780865266870 0.055064596235752106 3739
1780865266874 0.0398784838616848 3740
1780865266879 0.059217073023319244 3741
1780865266884 0.10187608003616333 3742
1780865266891 0.026216154918074608 3743
1780865266897 0.16398462653160095 3744
1780865266903 0.15177637338638306 3745
1780865266907 0.16300949454307556 3746
1780865266911 0.17417122423648834 3747
1780865267158 0.0844438374042511 3748
1780865267164 0.07682295143604279 3749
1780865267169 0.07671862095594406 3750
1780865267175 0.050781723111867905 3751
1780865267181 0.026482297107577324 3752
1780865267186 0.06549527496099472 3753
1780865267192 0.14746719598770142 3754
1780865267197 0.06029700115323067 3755
1780865267202 0.026564626023173332 3756
1780865267207 0.11298609524965286 3757
1780865267213 0.050634656101465225 3758
1780865267217 0.06683517247438431 3759
1780865267222 0.12495480477809906 3760
1780865267226 0.08257214725017548 3761
1780865267232 0.0958508849143982 3762
1780865267236 0.05713464319705963 3763
1780865267240 0.10647252947092056 3764
1780865267245 0.14554399251937866 3765
1780865267250 0.05301854759454727 3766
1780865267254 0.1714644432067871 3767
1780865267259 0.12432786822319031 3768
1780865267264 0.05612202733755112 3769
1780865267269 0.05465022847056389 3770
1780865267273 0.0613606832921505 3771
1780865267279 0.06759537756443024 3772
1780865267285 0.055058058351278305 3773
1780865267290 0.02355680987238884 3774
1780865267297 0.048724137246608734 3775
1780865267302 0.11720842868089676 3776
1780865267306 0.0708286240696907 3777
1780865267311 0.03635629639029503 3778
1780865267316 0.06323103606700897 3779
1780865267321 0.009457926265895367 3780
1780865267327 0.04330647364258766 3781
1780865267332 0.048627063632011414 3782
1780865267337 0.06615173816680908 3783
1780865267342 0.012207756750285625 3784
1780865267347 0.08327425271272659 3785
1780865267352 0.16424806416034698 3786
1780865267360 0.034891240298748016 3787
1780865267365 0.052859265357255936 3788
1780865267369 0.08167534321546555 3789
1780865267374 0.0190720371901989 3790
1780865267380 0.005067408550530672 3791
1780865267386 0.14395587146282196 3792
1780865267391 0.17823851108551025 3793
1780865267397 0.07499732822179794 3794
1780865267401 0.1056143045425415 3795
1780865267407 0.0549749992787838 3796
1780865267413 0.030401377007365227 3797
1780865267417 0.006830431520938873 3798
1780865267423 0.08027776330709457 3799
1780865267428 0.07386927306652069 3800
1780865267433 0.01844516210258007 3801
1780865267438 0.10565051436424255 3802
1780865267443 0.08117600530385971 3803
1780865267448 0.08453710377216339 3804
1780865267452 0.02364838309586048 3805
1780865267457 0.0965656042098999 3806
1780865267463 0.009309004060924053 3807
1780865267468 0.04394906014204025 3808
1780865267472 0.04238176718354225 3809
1780865267477 0.029271699488162994 3810
1780865267481 0.05650603026151657 3811
1780865267486 0.04677662253379822 3812
1780865267491 0.05331845581531525 3813
1780865267496 0.02612561546266079 3814
1780865267500 0.08344759047031403 3815
1780865267504 0.01740778237581253 3816
1780865267510 0.016169073060154915 3817
1780865267514 0.08636630326509476 3818
1780865267519 0.04960786551237106 3819
1780865267525 0.040252141654491425 3820
1780865267530 0.04370473325252533 3821
1780865267534 0.01874479278922081 3822
1780865267539 0.03581753000617027 3823
1780865267544 0.03855043277144432 3824
1780865267549 0.012841354124248028 3825
1780865267553 0.028413645923137665 3826
1780865267559 0.0340891070663929 3827
1780865267563 0.10015299171209335 3828
1780865267568 0.20758526027202606 3829
1780865267574 0.1094910055398941 3830
1780865267578 0.049016740173101425 3831
1780865267584 0.02260996401309967 3832
1780865267589 0.01801552250981331 3833
1780865267594 0.026190614327788353 3834
1780865267599 0.04290066659450531 3835
1780865267604 0.14076922833919525 3836
1780865267609 0.21056944131851196 3837
1780865267614 0.08211709558963776 3838
1780865267618 0.0628177598118782 3839
1780865267623 0.0919928252696991 3840
1780865267628 0.02403109520673752 3841
1780865267632 0.0299216341227293 3842
1780865267636 0.0898691937327385 3843
1780865267641 0.07186271995306015 3844
1780865267646 0.020425330847501755 3845
1780865267650 0.07346353679895401 3846
1780865267655 0.17775914072990417 3847
1780865267661 0.09102681279182434 3848
1780865267665 0.0413016751408577 3849
1780865267668 0.22147037088871002 3850
1780865267674 0.10843886435031891 3851
1780865267678 0.07892028987407684 3852
1780865267683 0.03843158110976219 3853
1780865267688 0.09473668783903122 3854
1780865267694 0.051764145493507385 3855
1780865267697 0.11723059415817261 3856
1780865267704 0.03835264593362808 3857
1780865267708 0.10207376629114151 3858
1780865267712 0.034566719084978104 3859
1780865267716 0.2523600161075592 3860
1780865267723 0.021200332790613174 3861
1780865267727 0.04828011989593506 3862
1780865267732 0.015034180134534836 3863
1780865267737 0.10203056782484055 3864
1780865267742 0.04768940061330795 3865
1780865267748 0.21732065081596375 3866
1780865267752 0.05456475168466568 3867
1780865267757 0.04829828441143036 3868
1780865267761 0.07595602422952652 3869
1780865267766 0.16756537556648254 3870
1780865267771 0.015020094811916351 3871
1780865267776 0.02490437775850296 3872
1780865267781 0.0361105240881443 3873
1780865267785 0.02404288575053215 3874
1780865267792 0.050320275127887726 3875
1780865267796 0.11980929225683212 3876
1780865267803 0.12892796099185944 3877
1780865267808 0.049415815621614456 3878
1780865267812 0.05571981146931648 3879
1780865267817 0.06700176745653152 3880
1780865267823 0.07801071554422379 3881
1780865267828 0.11887834966182709 3882
1780865267833 0.07517461478710175 3883
1780865267839 0.0427737757563591 3884
1780865267843 0.03146762028336525 3885
1780865267847 0.013410164974629879 3886
1780865267850 0.06337789446115494 3887
1780865267857 0.09332668781280518 3888
1780865267861 0.025245385244488716 3889
1780865267866 0.013367691077291965 3890
1780865267871 0.07840210199356079 3891
1780865267876 0.043214086443185806 3892
1780865267880 0.02050008997321129 3893
1780865267885 0.10753771662712097 3894
1780865267890 0.05905653163790703 3895
1780865267894 0.04984007775783539 3896
1780865267900 0.06928084790706635 3897
1780865267905 0.06034098193049431 3898
1780865267910 0.03566323593258858 3899
1780865267914 0.08891741186380386 3900
1780865267920 0.14289484918117523 3901
1780865267925 0.07482011616230011 3902
1780865267929 0.01777692325413227 3903
1780865267933 0.03920214623212814 3904
1780865267938 0.1242692619562149 3905
1780865267943 0.043328285217285156 3906
1780865267948 0.16392433643341064 3907
1780865267953 0.15030664205551147 3908
1780865267958 0.069416344165802 3909
1780865267963 0.07212208211421967 3910
1780865267968 0.056601256132125854 3911
1780865267973 0.12292256206274033 3912
1780865267978 0.0710371732711792 3913
1780865267981 0.20933836698532104 3914
1780865267987 0.05596423149108887 3915
1780865267993 0.0985625833272934 3916
1780865267997 0.02264983579516411 3917
1780865268003 0.024274466559290886 3918
1780865268008 0.00972150731831789 3919
1780865268012 0.09157992154359818 3920
1780865268017 0.05424904078245163 3921
1780865268023 0.1221652701497078 3922
1780865268027 0.03422017768025398 3923
1780865268031 0.06309335678815842 3924
1780865268037 0.30067479610443115 3925
1780865268041 0.06253106147050858 3926
1780865268045 0.11006389558315277 3927
1780865268051 0.005406365729868412 3928
1780865268056 0.15074041485786438 3929
1780865268061 0.042619701474905014 3930
1780865268068 0.05902715399861336 3931
1780865268073 0.11132943630218506 3932
1780865268077 0.04667934775352478 3933
1780865268083 0.06858334690332413 3934
1780865268088 0.12582747638225555 3935
1780865268094 0.018197618424892426 3936
1780865268099 0.1470245122909546 3937
1780865268105 0.08333863317966461 3938
1780865268109 0.07953069359064102 3939
1780865268113 0.04819244518876076 3940
1780865268118 0.08289361745119095 3941
1780865268124 0.03717577084898949 3942
1780865268128 0.08736337721347809 3943
1780865268133 0.05693662539124489 3944
1780865268138 0.09140995144844055 3945
1780865268142 0.00530597846955061 3946
1780865268145 0.12555819749832153 3947
1780865268151 0.022445062175393105 3948
1780865268155 0.09469534456729889 3949
1780865268159 0.10797546803951263 3950
1780865268164 0.031856734305620193 3951
1780865268169 0.1546584516763687 3952
1780865268173 0.07505092769861221 3953
1780865268178 0.14225679636001587 3954
1780865268183 0.10608634352684021 3955
1780865268188 0.10933784395456314 3956
1780865268193 0.03839647024869919 3957
1780865268197 0.014708627946674824 3958
1780865268202 0.02886521816253662 3959
1780865268207 0.03831138461828232 3960
1780865268211 0.012626766227185726 3961
1780865268216 0.07413128763437271 3962
1780865268220 0.0674733817577362 3963
1780865268226 0.08046858012676239 3964
1780865268230 0.09324174374341965 3965
1780865268236 0.07585397362709045 3966
1780865268240 0.04102998226881027 3967
1780865268244 0.06755352020263672 3968
1780865268250 0.07260099798440933 3969
1780865268256 0.040147773921489716 3970
1780865268260 0.10329046845436096 3971
1780865268266 0.17216284573078156 3972
1780865268270 0.016069775447249413 3973
1780865268274 0.024248840287327766 3974
1780865268278 0.05732441321015358 3975
1780865268285 0.08990558981895447 3976
1780865268289 0.008925293572247028 3977
1780865268296 0.11204881221055984 3978
1780865268302 0.017009617760777473 3979
1780865268308 0.02393992990255356 3980
1780865268313 0.026174426078796387 3981
1780865268320 0.1624123752117157 3982
1780865268324 0.16493824124336243 3983
1780865268328 0.13934478163719177 3984
1780865268333 0.06816931813955307 3985
1780865268339 0.04809769243001938 3986
1780865268344 0.031125595793128014 3987
1780865268350 0.019343912601470947 3988
1780865268354 0.16637013852596283 3989
1780865268359 0.09803753346204758 3990
1780865268364 0.03221047669649124 3991
1780865268369 0.03921983391046524 3992
1780865268374 0.07826398313045502 3993
1780865268379 0.07750532031059265 3994
1780865268384 0.021070577204227448 3995
1780865268388 0.03605888783931732 3996
1780865268393 0.11710606515407562 3997
1780865268399 0.14139685034751892 3998
1780865268404 0.2942306697368622 3999
1780865268408 0.07627280056476593 4000
1780865268413 0.05778283625841141 4001
1780865268418 0.02943643182516098 4002
1780865268422 0.137403666973114 4003
1780865268427 0.2722737193107605 4004
1780865268432 0.05211048200726509 4005
1780865268437 0.08968593925237656 4006
1780865268441 0.0748869851231575 4007
1780865268447 0.07384566962718964 4008
1780865268452 0.03636834770441055 4009
1780865268457 0.06385280191898346 4010
1780865268463 0.03525054454803467 4011
1780865268468 0.06207086145877838 4012
1780865268472 0.03939918801188469 4013
1780865268476 0.020956028252840042 4014
1780865268481 0.010993222706019878 4015
1780865268488 0.029604360461235046 4016
1780865268492 0.07108039408922195 4017
1780865268498 0.05420101433992386 4018
1780865268502 0.18653453886508942 4019
1780865268508 0.060963310301303864 4020
1780865268513 0.014440474100410938 4021
1780865268517 0.09505166113376617 4022
1780865268522 0.06686032563447952 4023
1780865268526 0.031215902417898178 4024
1780865268531 0.040920425206422806 4025
1780865268535 0.083064004778862 4026
1780865268540 0.01790873147547245 4027
1780865268545 0.01768612675368786 4028
1780865268551 0.10052111744880676 4029
1780865268555 0.04755913093686104 4030
1780865268559 0.09250494092702866 4031
1780865268564 0.09041499346494675 4032
1780865268569 0.00475115142762661 4033
1780865268573 0.06850098073482513 4034
1780865268579 0.06816141307353973 4035
1780865268584 0.10338525474071503 4036
1780865268588 0.015472370199859142 4037
1780865268592 0.027902713045477867 4038
1780865268598 0.09590407460927963 4039
1780865268603 0.023718349635601044 4040
1780865268607 0.06110496446490288 4041
1780865268612 0.019133545458316803 4042
1780865268617 0.08817191421985626 4043
1780865268621 0.03555961325764656 4044
1780865268627 0.07265475392341614 4045
1780865268633 0.024879269301891327 4046
1780865268637 0.137631356716156 4047
1780865268642 0.024226408451795578 4048
1780865268647 0.03630668669939041 4049
1780865268651 0.025666749104857445 4050
1780865268656 0.010891121812164783 4051
1780865268662 0.13261377811431885 4052
1780865268668 0.01888101175427437 4053
1780865268673 0.05688109248876572 4054
1780865268678 0.02709154598414898 4055
1780865268684 0.1068941280245781 4056
1780865268687 0.10939336568117142 4057
1780865268693 0.15556921064853668 4058
1780865268699 0.06530610471963882 4059
1780865268703 0.08067460358142853 4060
1780865268708 0.024266643449664116 4061
1780865268713 0.10373234003782272 4062
1780865268717 0.15246284008026123 4063
1780865268727 0.10898043215274811 4064
1780865268733 0.053464196622371674 4065
1780865268737 0.09466055035591125 4066
1780865268742 0.10602741688489914 4067
1780865268747 0.0677017867565155 4068
1780865268751 0.02105189859867096 4069
1780865268755 0.07067890465259552 4070
1780865268760 0.039061859250068665 4071
1780865268765 0.021227272227406502 4072
1780865268769 0.05413387343287468 4073
1780865268773 0.08305537700653076 4074
1780865268778 0.04714568704366684 4075
1780865268783 0.08445308357477188 4076
1780865268786 0.1234859973192215 4077
1780865268792 0.04439297318458557 4078
1780865268797 0.042444128543138504 4079
1780865268801 0.15808796882629395 4080
1780865268807 0.015015088953077793 4081
1780865268813 0.02211822383105755 4082
1780865268818 0.037066906690597534 4083
1780865268824 0.044250454753637314 4084
1780865268830 0.07047193497419357 4085
1780865268834 0.06304053962230682 4086
1780865268840 0.17141790688037872 4087
1780865268846 0.09415971487760544 4088
1780865268850 0.05559767782688141 4089
1780865268854 0.011847788468003273 4090
1780865268860 0.015834825113415718 4091
1780865268866 0.04152717813849449 4092
1780865268870 0.07378393411636353 4093
1780865268877 0.025032231584191322 4094
1780865268881 0.01882239244878292 4095
1780865268885 0.055059853941202164 4096
1780865268891 0.02814091555774212 4097
1780865268898 0.20710626244544983 4098
1780865268903 0.02856057696044445 4099
1780865268908 0.13714121282100677 4100
1780865268912 0.014657977968454361 4101
1780865268918 0.05243724212050438 4102
1780865268923 0.02687511220574379 4103
1780865268928 0.1237785592675209 4104
1780865268932 0.08867000043392181 4105
1780865268936 0.02085108309984207 4106
1780865268942 0.12827271223068237 4107
1780865268948 0.10880277305841446 4108
1780865268952 0.13949398696422577 4109
1780865268958 0.049596719443798065 4110
1780865268962 0.08171085268259048 4111
1780865268966 0.021135583519935608 4112
1780865268972 0.046832598745822906 4113
1780865268977 0.11093408614397049 4114
1780865268982 0.14340990781784058 4115
1780865268986 0.0836581140756607 4116
1780865268991 0.11101628094911575 4117
1780865268997 0.04660414159297943 4118
1780865269002 0.057475410401821136 4119
1780865269008 0.06548404693603516 4120
1780865269013 0.007626363076269627 4121
1780865269018 0.013870018534362316 4122
1780865269023 0.03154526650905609 4123
1780865269028 0.01779206655919552 4124
1780865269033 0.011048439890146255 4125
1780865269037 0.0761900246143341 4126
1780865269042 0.04768383875489235 4127
1780865269048 0.0549326129257679 4128
1780865269053 0.07724394649267197 4129
1780865269058 0.09633117914199829 4130
1780865269062 0.1098427101969719 4131
1780865269066 0.08348915725946426 4132
1780865269071 0.12750683724880219 4133
1780865269075 0.14400894939899445 4134
1780865269082 0.07092870771884918 4135
1780865269087 0.0035185394808650017 4136
1780865269092 0.12856678664684296 4137
1780865269098 0.040286071598529816 4138
1780865269103 0.019621236249804497 4139
1780865269108 0.033661551773548126 4140
1780865269112 0.12594455480575562 4141
1780865269116 0.13271866738796234 4142
1780865269122 0.11846587061882019 4143
1780865269126 0.029472338035702705 4144
1780865269131 0.062236614525318146 4145
1780865269136 0.0300956629216671 4146
1780865269142 0.09484636038541794 4147
1780865269146 0.08162612468004227 4148
1780865269150 0.10182251036167145 4149
1780865269155 0.02889798954129219 4150
1780865269159 0.08199427276849747 4151
1780865269164 0.019837424159049988 4152
1780865269170 0.10858912020921707 4153
1780865269175 0.0327715203166008 4154
1780865269179 0.051078494638204575 4155
1780865269184 0.052226245403289795 4156
1780865269189 0.07593442499637604 4157
1780865269195 0.03987283259630203 4158
1780865269199 0.03555810824036598 4159
1780865269205 0.08385453373193741 4160
1780865269211 0.017564015462994576 4161
1780865269214 0.09155238419771194 4162
1780865269221 0.023788804188370705 4163
1780865269226 0.04484453797340393 4164
1780865269230 0.06091926246881485 4165
1780865269239 0.13214550912380219 4166
1780865269245 0.05234859511256218 4167
1780865269248 0.03718270733952522 4168
1780865269254 0.0329410545527935 4169
1780865269259 0.13108009099960327 4170
1780865269265 0.06486175209283829 4171
1780865269270 0.014482308179140091 4172
1780865269275 0.244070366024971 4173
1780865269281 0.04077022895216942 4174
1780865269287 0.056857991963624954 4175
1780865269292 0.12915638089179993 4176
1780865269298 0.18919837474822998 4177
1780865269304 0.06752603501081467 4178
1780865269308 0.18486584722995758 4179
1780865269312 0.25053107738494873 4180
1780865269317 0.05464838072657585 4181
1780865269322 0.007880272343754768 4182
1780865269327 0.025201015174388885 4183
1780865269331 0.07656814903020859 4184
1780865269337 0.24304315447807312 4185
1780865269342 0.08897726237773895 4186
1780865269346 0.14569342136383057 4187
1780865269352 0.29354971647262573 4188
1780865269357 0.07944898307323456 4189
1780865269363 0.014499322511255741 4190
1780865269369 0.05431537330150604 4191
1780865269374 0.20619197189807892 4192
1780865269379 0.025782346725463867 4193
1780865269385 0.020484300330281258 4194
1780865269391 0.03451552614569664 4195
1780865269396 0.0866902619600296 4196
1780865269402 0.10063937306404114 4197
1780865269408 0.1429225653409958 4198
1780865269413 0.030011584982275963 4199
1780865269420 0.04154258966445923 4200
1780865269426 0.037693385034799576 4201
1780865269430 0.05497702211141586 4202
1780865269436 0.028057610616087914 4203
1780865269441 0.20446041226387024 4204
1780865269446 0.039981208741664886 4205
1780865269451 0.02333962172269821 4206
1780865269457 0.10505836457014084 4207
1780865269461 0.04311690479516983 4208
1780865269466 0.06928355991840363 4209
1780865269471 0.0975416973233223 4210
1780865269476 0.0798688530921936 4211
1780865269480 0.09262802451848984 4212
1780865269485 0.16771239042282104 4213
1780865269490 0.033925555646419525 4214
1780865269495 0.0560138002038002 4215
1780865269501 0.01979164592921734 4216
1780865269506 0.008536137640476227 4217
1780865269510 0.07592518627643585 4218
1780865269514 0.06480284780263901 4219
1780865269519 0.12101779878139496 4220
1780865269524 0.06994325667619705 4221
1780865269528 0.021392812952399254 4222
1780865269533 0.06762512028217316 4223
1780865269538 0.05088343843817711 4224
1780865269542 0.06947187334299088 4225
1780865269547 0.14011910557746887 4226
1780865269552 0.0123855946585536 4227
1780865269557 0.17018401622772217 4228
1780865269561 0.11648108065128326 4229
1780865269565 0.09086645394563675 4230
1780865269570 0.15479211509227753 4231
1780865269574 0.07271295040845871 4232
1780865269579 0.04976721480488777 4233
1780865269584 0.020534053444862366 4234
1780865269588 0.048865947872400284 4235
1780865269592 0.024855604395270348 4236
1780865269596 0.07164163142442703 4237
1780865269602 0.0792602002620697 4238
1780865269606 0.052019257098436356 4239
1780865269610 0.07763586938381195 4240
1780865269616 0.1135181188583374 4241
1780865269621 0.0520578995347023 4242
1780865269625 0.021766509860754013 4243
1780865269629 0.03275006636977196 4244
1780865269634 0.034786440432071686 4245
1780865269640 0.049376267939805984 4246
1780865269643 0.07876157760620117 4247
1780865269649 0.0947650671005249 4248
1780865269654 0.10483384132385254 4249
1780865269658 0.08209199458360672 4250
1780865269663 0.15118208527565002 4251
1780865269668 0.036994438618421555 4252
1780865269673 0.19320842623710632 4253
1780865269676 0.03382488340139389 4254
1780865269682 0.15855984389781952 4255
1780865269687 0.09067103266716003 4256
1780865269692 0.1107792779803276 4257
1780865269697 0.05308067426085472 4258
1780865269703 0.10999435186386108 4259
1780865269707 0.2857407033443451 4260
1780865269710 0.07949630171060562 4261
1780865269716 0.10825338214635849 4262
1780865269721 0.16143997013568878 4263
1780865269725 0.027522869408130646 4264
1780865269729 0.02978288196027279 4265
1780865269734 0.1349601149559021 4266
1780865269738 0.09633757174015045 4267
1780865269744 0.011793100275099277 4268
1780865269750 0.08179599046707153 4269
1780865269754 0.10340197384357452 4270
1780865269758 0.06110803037881851 4271
1780865269763 0.05352121219038963 4272
1780865269769 0.045216046273708344 4273
1780865269773 0.06468253582715988 4274
1780865269778 0.14928144216537476 4275
1780865269784 0.03094397857785225 4276
1780865269788 0.041872236877679825 4277
1780865269794 0.04583030566573143 4278
1780865269800 0.030458390712738037 4279
1780865269804 0.12830151617527008 4280
1780865269811 0.15866407752037048 4281
1780865269816 0.04934881627559662 4282
1780865269820 0.08294057101011276 4283
1780865269824 0.12627899646759033 4284
1780865269829 0.013475366868078709 4285
1780865269834 0.12994979321956635 4286
1780865269838 0.07083483040332794 4287
1780865269842 0.09151909500360489 4288
1780865269850 0.023666786029934883 4289
1780865269855 0.04664323851466179 4290
1780865269861 0.06791996955871582 4291
1780865269866 0.029487838968634605 4292
1780865269871 0.08352063596248627 4293
1780865269875 0.04765875265002251 4294
1780865269880 0.01806546561419964 4295
1780865269886 0.01686740480363369 4296
1780865269892 0.14834274351596832 4297
1780865269898 0.06863716244697571 4298
1780865269902 0.03406799957156181 4299
1780865269906 0.02394684962928295 4300
1780865269911 0.014675038866698742 4301
1780865269916 0.06112588942050934 4302
1780865269920 0.06905169785022736 4303
1780865269924 0.09383606910705566 4304
1780865269929 0.03347650542855263 4305
1780865269935 0.13806180655956268 4306
1780865269940 0.0596657395362854 4307
1780865269945 0.03568671643733978 4308
1780865269950 0.06333775818347931 4309
1780865269955 0.05361250787973404 4310
1780865269960 0.09504922479391098 4311
1780865269965 0.04235726222395897 4312
1780865269971 0.05306752398610115 4313
1780865269976 0.10525298863649368 4314
1780865269982 0.013266811147332191 4315
1780865269987 0.04271196946501732 4316
1780865269991 0.07865498960018158 4317
1780865269997 0.02038186602294445 4318
1780865270004 0.015878897160291672 4319
1780865270009 0.01246655359864235 4320
1780865270015 0.017666969448328018 4321
1780865270019 0.07649336010217667 4322
1780865270023 0.06940704584121704 4323
1780865270030 0.08760836720466614 4324
1780865270034 0.14711354672908783 4325
1780865270039 0.02954353578388691 4326
1780865270045 0.04985539987683296 4327
1780865270050 0.14555105566978455 4328
1780865270054 0.0572650171816349 4329
1780865270059 0.015318331308662891 4330
1780865270064 0.06206994876265526 4331
1780865270069 0.30281639099121094 4332
1780865270074 0.10500802844762802 4333
1780865270079 0.05040976405143738 4334
1780865270083 0.1114080548286438 4335
1780865270088 0.04213132709264755 4336
1780865270092 0.0112395528703928 4337
1780865270097 0.1179656907916069 4338
1780865270101 0.14065861701965332 4339
1780865270105 0.009485709480941296 4340
1780865270111 0.24646010994911194 4341
1780865270116 0.2709433138370514 4342
1780865270123 0.05074501410126686 4343
1780865270128 0.05052846670150757 4344
1780865270134 0.007274758070707321 4345
1780865270140 0.16154655814170837 4346
1780865270145 0.0047551305033266544 4347
1780865270150 0.09868253767490387 4348
1780865270154 0.01327422820031643 4349
1780865270160 0.04278447851538658 4350
1780865270165 0.02815522626042366 4351
1780865270170 0.085077203810215 4352
1780865270176 0.025561705231666565 4353
1780865270181 0.060681648552417755 4354
1780865270185 0.045822251588106155 4355
1780865270190 0.01104492973536253 4356
1780865270195 0.2155849039554596 4357
1780865270201 0.07801269739866257 4358
1780865270206 0.06800527125597 4359
1780865270211 0.02199399285018444 4360
1780865270215 0.10970461368560791 4361
1780865270220 0.046823564916849136 4362
1780865270225 0.013365698046982288 4363
1780865270229 0.09346209466457367 4364
1780865270233 0.03570280596613884 4365
1780865270238 0.03156258165836334 4366
1780865270243 0.010265654884278774 4367
1780865270249 0.07043761759996414 4368
1780865270252 0.05112594738602638 4369
1780865270259 0.15256057679653168 4370
1780865270264 0.07726597785949707 4371
1780865270268 0.015935033559799194 4372
1780865270273 0.031214909628033638 4373
1780865270278 0.022855596616864204 4374
1780865270282 0.1399521827697754 4375
1780865270288 0.10765743255615234 4376
1780865270293 0.10675372928380966 4377
1780865270296 0.046511683613061905 4378
1780865270301 0.16831086575984955 4379
1780865270306 0.02521520107984543 4380
1780865270311 0.11793296039104462 4381
1780865270316 0.07475195080041885 4382
1780865270320 0.05633791163563728 4383
1780865270326 0.02263973467051983 4384
1780865270331 0.09526261687278748 4385
1780865270335 0.14449132978916168 4386
1780865270339 0.027217868715524673 4387
1780865270345 0.19950081408023834 4388
1780865270349 0.07251956313848495 4389
1780865270353 0.05864304304122925 4390
1780865270359 0.02776678092777729 4391
1780865270364 0.12220250070095062 4392
1780865270368 0.04301237314939499 4393
1780865270373 0.014105335809290409 4394
1780865270378 0.017579220235347748 4395
1780865270382 0.029835110530257225 4396
1780865270386 0.06881620734930038 4397
1780865270391 0.035897862166166306 4398
1780865270396 0.004817854147404432 4399
1780865270400 0.07327928394079208 4400
1780865270405 0.14506404101848602 4401
1780865270410 0.08261461555957794 4402
1780865270414 0.08825302869081497 4403
1780865270419 0.05600642412900925 4404
1780865270425 0.05314168334007263 4405
1780865270429 0.15648674964904785 4406
1780865270434 0.06760475784540176 4407
1780865270440 0.16257327795028687 4408
1780865270445 0.13868820667266846 4409
1780865270450 0.01821468211710453 4410
1780865270456 0.07066067308187485 4411
1780865270461 0.237287700176239 4412
1780865270465 0.06879899650812149 4413
1780865270470 0.0991474911570549 4414
1780865270475 0.20930185914039612 4415
1780865270479 0.07105732709169388 4416
1780865270484 0.06648583710193634 4417
1780865270489 0.04396715760231018 4418
1780865270494 0.10274913907051086 4419
1780865270498 0.08556864410638809 4420
1780865270503 0.10862954705953598 4421
1780865270508 0.12739476561546326 4422
1780865270512 0.21849775314331055 4423
1780865270517 0.01038613822311163 4424
1780865270522 0.12085152417421341 4425
1780865270527 0.05350617319345474 4426
1780865270531 0.004120953381061554 4427
1780865270535 0.1393311470746994 4428
1780865270540 0.07066883891820908 4429
1780865270545 0.12437247484922409 4430
1780865270550 0.010411811992526054 4431
1780865270556 0.14266572892665863 4432
1780865270561 0.03315745294094086 4433
1780865270565 0.09950292855501175 4434
1780865270570 0.059797633439302444 4435
1780865270577 0.0949767678976059 4436
1780865270582 0.162798210978508 4437
1780865270587 0.06971710920333862 4438
1780865270592 0.04630706459283829 4439
1780865270595 0.1405220478773117 4440
1780865270601 0.060275107622146606 4441
1780865270606 0.06339186429977417 4442
1780865270611 0.03614853695034981 4443
1780865270616 0.016085252165794373 4444
1780865270622 0.16984823346138 4445
1780865270626 0.05955855920910835 4446
1780865270630 0.052965641021728516 4447
1780865270635 0.2539825141429901 4448
1780865270641 0.012934979982674122 4449
1780865270646 0.011776282452046871 4450
1780865270651 0.04156283289194107 4451
1780865270656 0.13519509136676788 4452
1780865270660 0.029248997569084167 4453
1780865270664 0.07227540016174316 4454
1780865270669 0.05142058804631233 4455
1780865270674 0.2777833342552185 4456
1780865270679 0.05862504988908768 4457
1780865270684 0.11419904232025146 4458
1780865270691 0.09372822195291519 4459
1780865270695 0.14043393731117249 4460
1780865270699 0.05591005086898804 4461
1780865270706 0.09737899154424667 4462
1780865270711 0.2896282970905304 4463
1780865270715 0.058703090995550156 4464
1780865270720 0.13463933765888214 4465
1780865270726 0.0804489478468895 4466
1780865270731 0.05202168598771095 4467
1780865270737 0.10574564337730408 4468
1780865270742 0.013536735437810421 4469
1780865270747 0.026541750878095627 4470
1780865270752 0.13170066475868225 4471
1780865270757 0.03339044749736786 4472
1780865270762 0.03212654963135719 4473
1780865270767 0.16862255334854126 4474
1780865270773 0.05585688725113869 4475
1780865270777 0.03491821512579918 4476
1780865270781 0.038453929126262665 4477
1780865270786 0.10494491457939148 4478
1780865270790 0.12151864171028137 4479
1780865270794 0.028722643852233887 4480
1780865270801 0.05486152693629265 4481
1780865270805 0.1352740377187729 4482
1780865270810 0.054083552211523056 4483
1780865270815 0.046685680747032166 4484
1780865270820 0.02779766544699669 4485
1780865270825 0.08675344288349152 4486
1780865270829 0.07866824418306351 4487
1780865270835 0.016184981912374496 4488
1780865270839 0.01679537445306778 4489
1780865270843 0.03879108652472496 4490
1780865270847 0.10176912695169449 4491
1780865270852 0.019673671573400497 4492
1780865270857 0.15162168443202972 4493
1780865270862 0.1292867362499237 4494
1780865270869 0.04607728496193886 4495
1780865270873 0.06500259041786194 4496
1780865270877 0.03360758349299431 4497
1780865270882 0.046498339623212814 4498
1780865270888 0.052068863064050674 4499
1780865270892 0.044844791293144226 4500
1780865270896 0.06830671429634094 4501
1780865270902 0.04352584481239319 4502
1780865270908 0.17786209285259247 4503
1780865270913 0.07738429307937622 4504
1780865270917 0.08045703172683716 4505
1780865270923 0.03973563387989998 4506
1780865270926 0.12666195631027222 4507
1780865270931 0.07850570976734161 4508
1780865270936 0.06656985729932785 4509
1780865270941 0.1200510561466217 4510
1780865270945 0.37961721420288086 4511
1780865270950 0.02478020265698433 4512
1780865270955 0.05066389963030815 4513
1780865270960 0.05287684500217438 4514
1780865270965 0.06905680149793625 4515
1780865270970 0.06580037623643875 4516
1780865270974 0.15898427367210388 4517
1780865270978 0.026009852066636086 4518
1780865270983 0.2456383854150772 4519
1780865270988 0.059837836772203445 4520
1780865270992 0.050142306834459305 4521
1780865270997 0.03854650631546974 4522
1780865271002 0.014143005944788456 4523
1780865271006 0.23287519812583923 4524
1780865271010 0.09835704416036606 4525
1780865271016 0.047911982983350754 4526
1780865271021 0.03606155887246132 4527
1780865271026 0.03698771819472313 4528
1780865271030 0.04563763365149498 4529
1780865271034 0.0657697543501854 4530
1780865271039 0.04623493552207947 4531
1780865271047 0.07696621865034103 4532
1780865271051 0.05792636051774025 4533
1780865271056 0.038027383387088776 4534
1780865271062 0.15071752667427063 4535
1780865271067 0.020489385351538658 4536
1780865271072 0.13431820273399353 4537
1780865271076 0.11215951293706894 4538
1780865271081 0.009148111566901207 4539
1780865271085 0.059116799384355545 4540
1780865271092 0.0792093575000763 4541
1780865271097 0.04093580320477486 4542
1780865271102 0.060827307403087616 4543
1780865271108 0.017271628603339195 4544
1780865271113 0.03811968117952347 4545
1780865271119 0.1493818759918213 4546
1780865271124 0.10674400627613068 4547
1780865271129 0.17835627496242523 4548
1780865271134 0.004061863757669926 4549
1780865271138 0.03309882432222366 4550
1780865271143 0.015288127586245537 4551
1780865271148 0.12181588262319565 4552
1780865271153 0.057700589299201965 4553
1780865271157 0.013459321111440659 4554
1780865271161 0.04663129895925522 4555
1780865271167 0.011064207181334496 4556
1780865271172 0.1401243507862091 4557
1780865271176 0.008890481665730476 4558
1780865271182 0.05110839754343033 4559
1780865271188 0.014829952269792557 4560
1780865271192 0.11929280310869217 4561
1780865271198 0.038160376250743866 4562
1780865271203 0.03857516869902611 4563
1780865271207 0.04017835855484009 4564
1780865271211 0.12217608094215393 4565
1780865271216 0.08539200574159622 4566
1780865271221 0.008683555759489536 4567
1780865271224 0.039262302219867706 4568
1780865271230 0.04740286245942116 4569
1780865271235 0.03386232629418373 4570
1780865271241 0.10412807017564774 4571
1780865271248 0.10272373259067535 4572
1780865271252 0.22394710779190063 4573
1780865271256 0.0635160580277443 4574
1780865271261 0.05870886147022247 4575
1780865271266 0.0654522255063057 4576
1780865271270 0.03192867711186409 4577
1780865271274 0.09981100261211395 4578
1780865271279 0.05913277342915535 4579
1780865271284 0.022932156920433044 4580
1780865271289 0.018748782575130463 4581
1780865271293 0.03308838978409767 4582
1780865271298 0.05601850897073746 4583
1780865271303 0.049845412373542786 4584
1780865271307 0.009825694374740124 4585
1780865271312 0.11492868512868881 4586
1780865271317 0.06465627998113632 4587
1780865271322 0.11775514483451843 4588
1780865271326 0.033649660646915436 4589
1780865271331 0.044994160532951355 4590
1780865271336 0.20843058824539185 4591
1780865271340 0.09645365923643112 4592
1780865271345 0.10624434053897858 4593
1780865271350 0.07929688692092896 4594
1780865271355 0.03687024861574173 4595
1780865271360 0.06641674041748047 4596
1780865271364 0.08244964480400085 4597
1780865271368 0.038966186344623566 4598
1780865271373 0.14800138771533966 4599
1780865271378 0.04269455000758171 4600
1780865271384 0.2018582969903946 4601
1780865271389 0.011132904328405857 4602
1780865271394 0.06212594732642174 4603
1780865271400 0.18764975666999817 4604
1780865271404 0.10497981309890747 4605
1780865271410 0.11799134314060211 4606
1780865271417 0.018894143402576447 4607
1780865271422 0.04288506135344505 4608
1780865271427 0.07694122940301895 4609
1780865271432 0.008653390221297741 4610
1780865271437 0.1410980224609375 4611
1780865271441 0.04604924097657204 4612
1780865271446 0.054829202592372894 4613
1780865271451 0.03591468557715416 4614
1780865271456 0.05045284330844879 4615
1780865271462 0.05748743191361427 4616
1780865271466 0.07419148087501526 4617
1780865271470 0.17675936222076416 4618
1780865271476 0.11601629108190536 4619
1780865271480 0.143676295876503 4620
1780865271484 0.06682022660970688 4621
1780865271491 0.02395307645201683 4622
1780865271496 0.06067494675517082 4623
1780865271502 0.1622120440006256 4624
1780865271506 0.1209627091884613 4625
1780865271511 0.023623967543244362 4626
1780865271516 0.013015083968639374 4627
1780865271521 0.011620392091572285 4628
1780865271527 0.05729517340660095 4629
1780865271533 0.08587886393070221 4630
1780865271539 0.025323601439595222 4631
1780865271545 0.3642187714576721 4632
1780865271550 0.04605969041585922 4633
1780865271554 0.03287437930703163 4634
1780865271560 0.041460394859313965 4635
1780865271566 0.15137360990047455 4636
1780865271573 0.03671996295452118 4637
1780865271580 0.01595335453748703 4638
1780865271585 0.13689453899860382 4639
1780865271591 0.14859744906425476 4640
1780865271596 0.10998754948377609 4641
1780865271601 0.05595298111438751 4642
1780865271607 0.04881945624947548 4643
1780865271614 0.0863514244556427 4644
1780865271618 0.11833076924085617 4645
1780865271624 0.0213836170732975 4646
1780865271631 0.123336061835289 4647
1780865271635 0.1417892724275589 4648
1780865271640 0.023901544511318207 4649
1780865271647 0.04973117634654045 4650
1780865271652 0.035905543714761734 4651
1780865271658 0.04412339627742767 4652
1780865271664 0.036483295261859894 4653
1780865271670 0.18709589540958405 4654
1780865271676 0.024513931944966316 4655
1780865271682 0.1739007532596588 4656
1780865271686 0.10370335727930069 4657
1780865271691 0.11721397936344147 4658
1780865271697 0.157969668507576 4659
1780865271702 0.0530778132379055 4660
1780865271706 0.01588415913283825 4661
1780865271712 0.008645509369671345 4662
1780865271716 0.10233024507761002 4663
1780865271720 0.10026542842388153 4664
1780865271726 0.1299896538257599 4665
1780865271730 0.14585590362548828 4666
1780865271735 0.12032131850719452 4667
1780865271742 0.09169363230466843 4668
1780865271747 0.01702621765434742 4669
1780865271752 0.025211859494447708 4670
1780865271758 0.022372426465153694 4671
1780865271763 0.030037563294172287 4672
1780865271768 0.051874563097953796 4673
1780865271774 0.03125319257378578 4674
1780865271778 0.16180245578289032 4675
1780865271783 0.22495755553245544 4676
1780865271788 0.033662546426057816 4677
1780865271794 0.02614208124577999 4678
1780865271797 0.04071445018053055 4679
1780865271801 0.04245587810873985 4680
1780865271807 0.024966171011328697 4681
1780865271812 0.040584828704595566 4682
1780865271816 0.016725335270166397 4683
1780865271821 0.13038845360279083 4684
