1780864431940 2.381948471069336 0
1780864431944 2.209193229675293 1
1780864431947 2.2004683017730713 2
1780864431951 2.058384418487549 3
1780864431954 1.965320110321045 4
1780864431958 2.0315651893615723 5
1780864431961 1.893625020980835 6
1780864431965 1.8689560890197754 7
1780864431968 1.8650771379470825 8
1780864431971 1.7546634674072266 9
1780864431973 1.7793035507202148 10
1780864431976 1.5955312252044678 11
1780864431979 1.535851001739502 12
1780864431981 1.3683823347091675 13
1780864431984 1.4106438159942627 14
1780864431988 1.2688617706298828 15
1780864431991 1.3463003635406494 16
1780864431994 1.281119465827942 17
1780864431997 1.1606580018997192 18
1780864431999 1.172874093055725 19
1780864432002 1.116675853729248 20
1780864432005 1.0087292194366455 21
1780864432008 1.0010123252868652 22
1780864432011 1.166935920715332 23
1780864432013 0.948466420173645 24
1780864432016 1.1511777639389038 25
1780864432019 0.96404629945755 26
1780864432022 0.8083152770996094 27
1780864432024 0.850348174571991 28
1780864432027 0.8215731978416443 29
1780864432030 0.8981820344924927 30
1780864432032 0.6611452102661133 31
1780864432037 0.8603740930557251 32
1780864432040 0.7733913064002991 33
1780864432043 0.7485813498497009 34
1780864432045 0.8230127096176147 35
1780864432048 0.8876262903213501 36
1780864432051 0.7627690434455872 37
1780864432053 0.7395193576812744 38
1780864432056 0.6895376443862915 39
1780864432058 0.8246738910675049 40
1780864432061 0.6255266666412354 41
1780864432064 0.7628700137138367 42
1780864432067 0.8004769682884216 43
1780864432070 0.6150160431861877 44
1780864432073 0.641752302646637 45
1780864432075 0.6259785294532776 46
1780864432078 0.672429621219635 47
1780864432081 0.782246470451355 48
1780864432085 0.5348000526428223 49
1780864432088 0.6998679637908936 50
1780864432091 0.47725364565849304 51
1780864432094 0.6263940930366516 52
1780864432097 0.9352107048034668 53
1780864432100 0.5073519349098206 54
1780864432103 0.558635950088501 55
1780864432106 0.5647541284561157 56
1780864432109 0.5355717539787292 57
1780864432112 0.5686203837394714 58
1780864432114 0.6075854301452637 59
1780864432117 0.5393024682998657 60
1780864432120 0.47219303250312805 61
1780864432123 0.7256064414978027 62
1780864432126 0.544376790523529 63
1780864432129 0.6815809607505798 64
1780864432132 0.6119851469993591 65
1780864432135 0.5078949332237244 66
1780864432138 0.548747718334198 67
1780864432141 0.8002521991729736 68
1780864432144 0.3585728704929352 69
1780864432147 0.4506448209285736 70
1780864432150 0.6320133209228516 71
1780864432153 0.5028983354568481 72
1780864432156 0.5612701773643494 73
1780864432158 0.612481951713562 74
1780864432162 0.4266524910926819 75
1780864432165 0.49388548731803894 76
1780864432169 0.5969150066375732 77
1780864432172 0.5256031155586243 78
1780864432175 0.49991005659103394 79
1780864432178 0.4511512815952301 80
1780864432180 0.6531854271888733 81
1780864432183 0.7255979776382446 82
1780864432186 0.44334688782691956 83
1780864432193 0.6240994334220886 84
1780864432196 0.3666888177394867 85
1780864432201 0.5555923581123352 86
1780864432203 0.4400525987148285 87
1780864432206 0.5876193642616272 88
1780864432209 0.48923081159591675 89
1780864432212 0.7529786825180054 90
1780864432215 0.5968831181526184 91
1780864432219 0.41106268763542175 92
1780864432222 0.38417455554008484 93
1780864432225 0.46984899044036865 94
1780864432228 0.3435231149196625 95
1780864432232 0.467426598072052 96
1780864432235 0.4645865261554718 97
1780864432238 0.5843803286552429 98
1780864432241 0.46780630946159363 99
1780864432245 0.44067633152008057 100
1780864432249 0.5737361907958984 101
1780864432253 0.3749222457408905 102
1780864432256 0.649518609046936 103
1780864432259 0.42354992032051086 104
1780864432262 0.5834250450134277 105
1780864432265 0.6020917892456055 106
1780864432269 0.7192249298095703 107
1780864432272 0.421084463596344 108
1780864432275 0.5583724975585938 109
1780864432278 0.4442203640937805 110
1780864432281 0.4952380061149597 111
1780864432284 0.3579420745372772 112
1780864432288 0.47011813521385193 113
1780864432290 0.5225154757499695 114
1780864432293 0.6248214840888977 115
1780864432297 0.6226447820663452 116
1780864432301 0.5746482610702515 117
1780864432304 0.3396604359149933 118
1780864432306 0.3643931448459625 119
1780864432310 0.38600441813468933 120
1780864432313 0.5534534454345703 121
1780864432317 0.6493925452232361 122
1780864432320 0.5071561932563782 123
1780864432323 0.4280792474746704 124
1780864432327 0.3666466176509857 125
1780864432331 0.3388805389404297 126
1780864432336 0.5107641816139221 127
1780864432339 0.3812101185321808 128
1780864432342 0.43237099051475525 129
1780864432345 0.47480836510658264 130
1780864432348 0.5142549276351929 131
1780864432351 0.6649285554885864 132
1780864432354 0.6183996200561523 133
1780864432358 0.5464914441108704 134
1780864432361 0.2851198613643646 135
1780864432364 0.3248463273048401 136
1780864432367 0.6251416206359863 137
1780864432371 0.5030847787857056 138
1780864432374 0.5446244478225708 139
1780864432377 0.3462030291557312 140
1780864432382 0.611687421798706 141
1780864432385 0.30059054493904114 142
1780864432387 0.47021278738975525 143
1780864432390 0.4311440885066986 144
1780864432393 0.557857871055603 145
1780864432397 0.32985782623291016 146
1780864432400 0.45872917771339417 147
1780864432403 0.36541813611984253 148
1780864432407 0.4090813398361206 149
1780864432409 0.3253004550933838 150
1780864432412 0.6111547946929932 151
1780864432415 0.47284573316574097 152
1780864432418 0.29397886991500854 153
1780864432421 0.2878943681716919 154
1780864432424 0.42924025654792786 155
1780864432427 0.5680728554725647 156
1780864432430 0.5316608548164368 157
1780864432433 0.3055970072746277 158
1780864432435 0.34578725695610046 159
1780864432438 0.36774128675460815 160
1780864432441 0.542170524597168 161
1780864432444 0.33187416195869446 162
1780864432446 0.4386335015296936 163
1780864432450 0.3702240586280823 164
1780864432452 0.3806827962398529 165
1780864432455 0.3187563419342041 166
1780864432458 0.3938068449497223 167
1780864432461 0.4810423254966736 168
1780864432464 0.4810584485530853 169
1780864432468 0.3632955551147461 170
1780864432471 0.3689787685871124 171
1780864432474 0.3987017273902893 172
1780864432477 0.5399347543716431 173
1780864432480 0.3119773864746094 174
1780864432483 0.3404378890991211 175
1780864432486 0.43847742676734924 176
1780864432489 0.4769223630428314 177
1780864432492 0.3216872215270996 178
1780864432495 0.6189314723014832 179
1780864432498 0.36770087480545044 180
1780864432502 0.5155377984046936 181
1780864432504 0.45043516159057617 182
1780864432507 0.3684053122997284 183
1780864432510 0.45858830213546753 184
1780864432513 0.23057396709918976 185
1780864432516 0.3485659956932068 186
1780864432519 0.3296377658843994 187
1780864432522 0.4630233943462372 188
1780864432525 0.3481752574443817 189
1780864432528 0.47263556718826294 190
1780864432531 0.5091421604156494 191
1780864432534 0.29912111163139343 192
1780864432536 0.34456774592399597 193
1780864432539 0.43126317858695984 194
1780864432542 0.4632014334201813 195
1780864432545 0.23558562994003296 196
1780864432548 0.3273051381111145 197
1780864432551 0.2343551516532898 198
1780864432553 0.3359706401824951 199
1780864432557 0.22592505812644958 200
1780864432560 0.2479781210422516 201
1780864432563 0.25557011365890503 202
1780864432567 0.39473479986190796 203
1780864432570 0.38081759214401245 204
1780864432573 0.30609530210494995 205
1780864432575 0.5977866053581238 206
1780864432579 0.317474901676178 207
1780864432581 0.2985232472419739 208
1780864432584 0.39095115661621094 209
1780864432587 0.45368117094039917 210
1780864432590 0.2876516580581665 211
1780864432593 0.24446015059947968 212
1780864432596 0.25570595264434814 213
1780864432599 0.44503897428512573 214
1780864432601 0.5683765411376953 215
1780864432604 0.399788498878479 216
1780864432607 0.6045429110527039 217
1780864432610 0.17951196432113647 218
1780864432613 0.6597191691398621 219
1780864432616 0.3947298526763916 220
1780864432619 0.2878500819206238 221
1780864432621 0.4923323094844818 222
1780864432624 0.6660537123680115 223
1780864432627 0.3746812343597412 224
1780864432630 0.37570053339004517 225
1780864432633 0.507500171661377 226
1780864432635 0.42077699303627014 227
1780864432638 0.4178917109966278 228
1780864432641 0.5189990997314453 229
1780864432644 0.457250714302063 230
1780864432647 0.2737587094306946 231
1780864432649 0.24295102059841156 232
1780864432652 0.220115527510643 233
1780864432654 0.4682275056838989 234
1780864432657 0.41221362352371216 235
1780864432661 0.19985781610012054 236
1780864432663 0.39571699500083923 237
1780864432666 0.5335540771484375 238
1780864432669 0.5487990975379944 239
1780864432672 0.5666366815567017 240
1780864432675 0.3190617859363556 241
1780864432677 0.29383569955825806 242
1780864432682 0.34707900881767273 243
1780864432684 0.6393126845359802 244
1780864432687 0.392088919878006 245
1780864432690 0.23350518941879272 246
1780864432693 0.34326696395874023 247
1780864432696 0.3121970593929291 248
1780864432699 0.3483717739582062 249
1780864432702 0.273629754781723 250
1780864432705 0.29426977038383484 251
1780864432709 0.28159788250923157 252
1780864432713 0.33567288517951965 253
1780864432717 0.19195987284183502 254
1780864432720 0.35954129695892334 255
1780864432723 0.2736096978187561 256
1780864432726 0.3612009882926941 257
1780864432730 0.4633117616176605 258
1780864432733 0.3908395767211914 259
1780864432735 0.3828474283218384 260
1780864432738 0.14600127935409546 261
1780864432741 0.3073548376560211 262
1780864432744 0.3660523593425751 263
1780864432747 0.39580148458480835 264
1780864432750 0.4589206278324127 265
1780864432753 0.45749109983444214 266
1780864432756 0.4575801491737366 267
1780864432759 0.18474185466766357 268
1780864432762 0.4792526662349701 269
1780864432766 0.34918835759162903 270
1780864432769 0.490367591381073 271
1780864432772 0.26282018423080444 272
1780864432775 0.1516960710287094 273
1780864432778 0.3518257439136505 274
1780864432781 0.3524834215641022 275
1780864432783 0.35170406103134155 276
1780864432786 0.4039861857891083 277
1780864432790 0.26089927554130554 278
1780864432793 0.5074446201324463 279
1780864432796 0.14192484319210052 280
1780864432799 0.39217424392700195 281
1780864432801 0.2469903975725174 282
1780864432804 0.33639878034591675 283
1780864432807 0.4160267412662506 284
1780864432811 0.3475210964679718 285
1780864432813 0.4605580270290375 286
1780864432816 0.42015352845191956 287
1780864432819 0.4551824629306793 288
1780864432823 0.5672327280044556 289
1780864432825 0.5136426687240601 290
1780864432829 0.4385237395763397 291
1780864432831 0.2748335599899292 292
1780864432834 0.3601442575454712 293
1780864432837 0.4141673743724823 294
1780864432840 0.29152143001556396 295
1780864432843 0.20398063957691193 296
1780864432845 0.4314548075199127 297
1780864432848 0.1846981942653656 298
1780864432851 0.7269692420959473 299
1780864432854 0.26288968324661255 300
1780864432857 0.39484813809394836 301
1780864432860 0.4169001877307892 302
1780864432863 0.4464515745639801 303
1780864432866 0.19986066222190857 304
1780864432869 0.5762308239936829 305
1780864432872 0.3308003842830658 306
1780864432875 0.2676598131656647 307
1780864432878 0.5375419855117798 308
1780864432881 0.33612021803855896 309
1780864432884 0.26700523495674133 310
1780864432887 0.23806053400039673 311
1780864432890 0.30337685346603394 312
1780864432893 0.2990524470806122 313
1780864432895 0.2593461275100708 314
1780864432898 0.2860185205936432 315
1780864432901 0.22286316752433777 316
1780864432904 0.3325352668762207 317
1780864432907 0.40574607253074646 318
1780864432910 0.3817783296108246 319
1780864432913 0.22410713136196136 320
1780864432916 0.4075726866722107 321
1780864432919 0.3999182879924774 322
1780864432922 0.5225309133529663 323
1780864432925 0.22609859704971313 324
1780864432928 0.2954457402229309 325
1780864432930 0.23676954209804535 326
1780864432933 0.3283286988735199 327
1780864432936 0.5024728775024414 328
1780864432938 0.2232859879732132 329
1780864432942 0.3848077058792114 330
1780864432945 0.2772376835346222 331
1780864432948 0.2960599958896637 332
1780864432950 0.20521646738052368 333
1780864432953 0.25155484676361084 334
1780864432956 0.3054739534854889 335
1780864432959 0.2817241847515106 336
1780864432962 0.22738200426101685 337
1780864432965 0.5030527114868164 338
1780864432967 0.41156941652297974 339
1780864432971 0.32297050952911377 340
1780864432973 0.37956851720809937 341
1780864432977 0.1245691329240799 342
1780864432979 0.3455950617790222 343
1780864432982 0.3354811370372772 344
1780864432985 0.33002397418022156 345
1780864432988 0.22198863327503204 346
1780864432991 0.5228765606880188 347
1780864432993 0.283866822719574 348
1780864432996 0.17920225858688354 349
1780864432999 0.23954325914382935 350
1780864433002 0.5317227840423584 351
1780864433005 0.5490816235542297 352
1780864433008 0.23730453848838806 353
1780864433010 0.25978580117225647 354
1780864433013 0.37559622526168823 355
1780864433016 0.3046983480453491 356
1780864433019 0.3909807503223419 357
1780864433022 0.1957598626613617 358
1780864433025 0.6473274827003479 359
1780864433028 0.32462817430496216 360
1780864433031 0.2862738072872162 361
1780864433034 0.46155303716659546 362
1780864433036 0.29526716470718384 363
1780864433039 0.44886553287506104 364
1780864433042 0.25823619961738586 365
1780864433045 0.29138168692588806 366
1780864433048 0.4144749641418457 367
1780864433050 0.20174215734004974 368
1780864433053 0.35330119729042053 369
1780864433056 0.4765303432941437 370
1780864433059 0.3146456778049469 371
1780864433062 0.2613987624645233 372
1780864433065 0.3504963219165802 373
1780864433068 0.292141318321228 374
1780864433071 0.32238879799842834 375
1780864433073 0.2790704071521759 376
1780864433076 0.6676328182220459 377
1780864433079 0.20363573729991913 378
1780864433082 0.3368925154209137 379
1780864433085 0.2866142988204956 380
1780864433088 0.374722421169281 381
1780864433091 0.2436668574810028 382
1780864433094 0.193596750497818 383
1780864433096 0.24169225990772247 384
1780864433099 0.24238631129264832 385
1780864433102 0.326714426279068 386
1780864433105 0.3785613775253296 387
1780864433108 0.33102932572364807 388
1780864433111 0.5375564098358154 389
1780864433114 0.4790756106376648 390
1780864433116 0.2687629163265228 391
1780864433119 0.4977446496486664 392
1780864433122 0.34315550327301025 393
1780864433125 0.35775497555732727 394
1780864433128 0.46591436862945557 395
1780864433130 0.31864699721336365 396
1780864433133 0.6135624051094055 397
1780864433136 0.3229217231273651 398
1780864433139 0.2556678056716919 399
1780864433142 0.37230709195137024 400
1780864433145 0.21747753024101257 401
1780864433147 0.27284306287765503 402
1780864433151 0.3114863634109497 403
1780864433154 0.3188723623752594 404
1780864433156 0.22890858352184296 405
1780864433159 0.49014249444007874 406
1780864433162 0.38325467705726624 407
1780864433165 0.39824235439300537 408
1780864433168 0.3728508949279785 409
1780864433171 0.3398626446723938 410
1780864433174 0.261978417634964 411
1780864433177 0.6198259592056274 412
1780864433180 0.326353520154953 413
1780864433183 0.19687265157699585 414
1780864433186 0.2954872250556946 415
1780864433189 0.3849416971206665 416
1780864433192 0.34532833099365234 417
1780864433195 0.5145816206932068 418
1780864433198 0.4670148491859436 419
1780864433201 0.24915988743305206 420
1780864433204 0.2777943015098572 421
1780864433207 0.25588858127593994 422
1780864433209 0.218793585896492 423
1780864433213 0.3644722104072571 424
1780864433215 0.22010266780853271 425
1780864433218 0.1883402019739151 426
1780864433221 0.2796332836151123 427
1780864433224 0.513468325138092 428
1780864433227 0.39016246795654297 429
1780864433229 0.5557572245597839 430
1780864433232 0.4431282877922058 431
1780864433235 0.48129308223724365 432
1780864433237 0.4584936797618866 433
1780864433240 0.518394410610199 434
1780864433243 0.3892758786678314 435
1780864433246 0.16019929945468903 436
1780864433249 0.41413649916648865 437
1780864433252 0.32844677567481995 438
1780864433255 0.4456467032432556 439
1780864433257 0.4443475306034088 440
1780864433260 0.35479971766471863 441
1780864433263 0.43652647733688354 442
1780864433266 0.3372876048088074 443
1780864433269 0.2594773769378662 444
1780864433272 0.5403133034706116 445
1780864433274 0.5018556714057922 446
1780864433277 0.25094708800315857 447
1780864433282 0.38101744651794434 448
1780864433285 0.3297777473926544 449
1780864433288 0.311951607465744 450
1780864433290 0.3558315336704254 451
1780864433293 0.39732223749160767 452
1780864433296 0.23487071692943573 453
1780864433299 0.35819733142852783 454
1780864433303 0.39921122789382935 455
1780864433305 0.2097085416316986 456
1780864433308 0.12962092459201813 457
1780864433311 0.33982259035110474 458
1780864433314 0.2064559906721115 459
1780864433317 0.3145676851272583 460
1780864433320 0.4968448281288147 461
1780864433322 0.46744590997695923 462
1780864433325 0.14675496518611908 463
1780864433328 0.36145076155662537 464
1780864433331 0.3583974242210388 465
1780864433333 0.2542407512664795 466
1780864433336 0.3611157238483429 467
1780864433339 0.24029837548732758 468
1780864433342 0.31636476516723633 469
1780864433345 0.27329081296920776 470
1780864433348 0.2525002658367157 471
1780864433351 0.30189159512519836 472
1780864433353 0.2560316324234009 473
1780864433356 0.20973925292491913 474
1780864433359 0.33228930830955505 475
1780864433362 0.3667675256729126 476
1780864433365 0.18704096972942352 477
1780864433367 0.17193059623241425 478
1780864433370 0.2912634313106537 479
1780864433373 0.11601551622152328 480
1780864433376 0.3116209805011749 481
1780864433379 0.32106834650039673 482
1780864433382 0.44480064511299133 483
1780864433384 0.37153002619743347 484
1780864433387 0.21870937943458557 485
1780864433390 0.2887398600578308 486
1780864433393 0.329143762588501 487
1780864433396 0.2780131995677948 488
1780864433399 0.2755093574523926 489
1780864433401 0.4072367250919342 490
1780864433404 0.38056787848472595 491
1780864433407 0.11129447817802429 492
1780864433410 0.4627707302570343 493
1780864433413 0.36832961440086365 494
1780864433415 0.2301473468542099 495
1780864433418 0.19022202491760254 496
1780864433421 0.20855046808719635 497
1780864433424 0.20025770366191864 498
1780864433427 0.18125365674495697 499
1780864433429 0.17500494420528412 500
1780864433432 0.24804037809371948 501
1780864433435 0.16755971312522888 502
1780864433437 0.1955513209104538 503
1780864433440 0.18705375492572784 504
1780864433443 0.23590318858623505 505
1780864433446 0.25798553228378296 506
1780864433449 0.30732446908950806 507
1780864433452 0.5085467100143433 508
1780864433455 0.3201093077659607 509
1780864433457 0.2647447884082794 510
1780864433460 0.29522019624710083 511
1780864433463 0.46999648213386536 512
1780864433466 0.21976879239082336 513
1780864433469 0.13349826633930206 514
1780864433472 0.23392556607723236 515
1780864433475 0.4527828097343445 516
1780864433478 0.27267351746559143 517
1780864433481 0.22303719818592072 518
1780864433484 0.23530012369155884 519
1780864433486 0.3633231520652771 520
1780864433489 0.31170526146888733 521
1780864433492 0.5222880840301514 522
1780864433495 0.2645566165447235 523
1780864433498 0.38959577679634094 524
1780864433501 0.32732638716697693 525
1780864433504 0.2521733343601227 526
1780864433507 0.1400204598903656 527
1780864433510 0.5082921385765076 528
1780864433513 0.338853120803833 529
1780864433515 0.20106257498264313 530
1780864433518 0.3138958811759949 531
1780864433521 0.2050466239452362 532
1780864433524 0.2796485722064972 533
1780864433527 0.2676680088043213 534
1780864433530 0.384838730096817 535
1780864433532 0.2731366753578186 536
1780864433535 0.15161755681037903 537
1780864433538 0.41106534004211426 538
1780864433540 0.2764470875263214 539
1780864433544 0.3133905231952667 540
1780864433546 0.2157943844795227 541
1780864433549 0.32669153809547424 542
1780864433552 0.30035319924354553 543
1780864433555 0.3253248631954193 544
1780864433558 0.49664902687072754 545
1780864433561 0.3055045008659363 546
1780864433564 0.23109084367752075 547
1780864433567 0.2151312530040741 548
1780864433570 0.22713007032871246 549
1780864433573 0.3112161457538605 550
1780864433576 0.21324555575847626 551
1780864433579 0.21520604193210602 552
1780864433582 0.3108747899532318 553
1780864433584 0.3601154386997223 554
1780864433587 0.2725880742073059 555
1780864433590 0.21324791014194489 556
1780864433593 0.2797006666660309 557
1780864433596 0.27476266026496887 558
1780864433599 0.32364603877067566 559
1780864433601 0.548335611820221 560
1780864433604 0.3810262978076935 561
1780864433607 0.3464849293231964 562
1780864433610 0.29517871141433716 563
1780864433613 0.24568669497966766 564
1780864433616 0.1280849277973175 565
1780864433619 0.25371208786964417 566
1780864433621 0.07727308571338654 567
1780864433624 0.17015010118484497 568
1780864433627 0.07176432758569717 569
1780864433630 0.27136319875717163 570
1780864433633 0.31413182616233826 571
1780864433635 0.1718364953994751 572
1780864433638 0.2895123362541199 573
1780864433641 0.3560493588447571 574
1780864433644 0.3656555414199829 575
1780864433648 0.34622934460639954 576
1780864433651 0.24468928575515747 577
1780864433653 0.23054970800876617 578
1780864433656 0.311393678188324 579
1780864433659 0.21928530931472778 580
1780864433662 0.2073049694299698 581
1780864433665 0.20440657436847687 582
1780864433668 0.390395849943161 583
1780864433671 0.35063308477401733 584
1780864433673 0.19414840638637543 585
1780864433677 0.34999996423721313 586
1780864433680 0.17792601883411407 587
1780864433683 0.27612146735191345 588
1780864433686 0.5127384066581726 589
1780864433689 0.19312570989131927 590
1780864433692 0.43878865242004395 591
1780864433695 0.5576270818710327 592
1780864433698 0.16502468287944794 593
1780864433701 0.5226293802261353 594
1780864433704 0.46714746952056885 595
1780864433707 0.3769657611846924 596
1780864433710 0.3501107692718506 597
1780864433713 0.10152065753936768 598
1780864433716 0.32329535484313965 599
1780864433718 0.37252235412597656 600
1780864433721 0.2656182050704956 601
1780864433724 0.23640130460262299 602
1780864433727 0.39858704805374146 603
1780864433730 0.40981194376945496 604
1780864433733 0.5738548636436462 605
1780864433735 0.4192485213279724 606
1780864433738 0.6339288353919983 607
1780864433741 0.17817337810993195 608
1780864433744 0.21293233335018158 609
1780864433747 0.23898820579051971 610
1780864433750 0.3979831635951996 611
1780864433753 0.3199893534183502 612
1780864433757 0.3181789517402649 613
1780864433761 0.2380354106426239 614
1780864433764 0.2699606120586395 615
1780864433766 0.29412969946861267 616
1780864433769 0.33143138885498047 617
1780864433773 0.22798532247543335 618
1780864433776 0.38520559668540955 619
1780864433779 0.34212151169776917 620
1780864433781 0.34375905990600586 621
1780864433784 0.17736566066741943 622
1780864433787 0.46194759011268616 623
1780864433791 0.4089721143245697 624
1780864433794 0.18430040776729584 625
1780864433796 0.38007423281669617 626
1780864433799 0.2754712700843811 627
1780864433802 0.42065688967704773 628
1780864433805 0.34934088587760925 629
1780864433808 0.4305609464645386 630
1780864433813 0.39774560928344727 631
1780864433818 0.17316876351833344 632
1780864433821 0.5235300064086914 633
1780864433824 0.29317519068717957 634
1780864433830 0.2661419212818146 635
1780864433834 0.28745731711387634 636
1780864433841 0.4135468006134033 637
1780864433845 0.12514269351959229 638
1780864433850 0.2071099430322647 639
1780864433854 0.26383504271507263 640
1780864433860 0.33577799797058105 641
1780864433863 0.2698717415332794 642
1780864433866 0.1533679962158203 643
1780864433870 0.19044654071331024 644
1780864433873 0.3555540442466736 645
1780864433876 0.23908406496047974 646
1780864433879 0.20039460062980652 647
1780864433882 0.252237468957901 648
1780864433886 0.3392792344093323 649
1780864433889 0.3687703311443329 650
1780864433892 0.5110531449317932 651
1780864433896 0.2494601011276245 652
1780864433899 0.2169136106967926 653
1780864433901 0.33511582016944885 654
1780864433905 0.3527165949344635 655
1780864433908 0.35843425989151 656
1780864433910 0.18329636752605438 657
1780864433913 0.1612676978111267 658
1780864433916 0.34133628010749817 659
1780864433918 0.16078831255435944 660
1780864433923 0.11310355365276337 661
1780864433926 0.36106786131858826 662
1780864433928 0.29181867837905884 663
1780864433931 0.34185683727264404 664
1780864433934 0.19324463605880737 665
1780864433937 0.3092822730541229 666
1780864433940 0.39444851875305176 667
1780864433942 0.450661838054657 668
1780864433945 0.38535284996032715 669
1780864433948 0.1616903692483902 670
1780864433951 0.1413746327161789 671
1780864433954 0.2718757688999176 672
1780864433957 0.2181941419839859 673
1780864433959 0.3055049777030945 674
1780864433962 0.3620651364326477 675
1780864433965 0.2791028320789337 676
1780864433968 0.16737262904644012 677
1780864433971 0.38980352878570557 678
1780864433975 0.23151443898677826 679
1780864433978 0.1755165010690689 680
1780864433981 0.20942994952201843 681
1780864433984 0.2524929344654083 682
1780864433987 0.5268859267234802 683
1780864433990 0.2573629915714264 684
1780864433993 0.3372780680656433 685
1780864433995 0.5048648118972778 686
1780864433998 0.23878024518489838 687
1780864434001 0.28402072191238403 688
1780864434004 0.2184402197599411 689
1780864434007 0.1926702857017517 690
1780864434010 0.4115423262119293 691
1780864434013 0.15738998353481293 692
1780864434015 0.22094020247459412 693
1780864434018 0.46064651012420654 694
1780864434021 0.24964074790477753 695
1780864434023 0.16360993683338165 696
1780864434026 0.3920424282550812 697
1780864434029 0.24618259072303772 698
1780864434033 0.39914119243621826 699
1780864434036 0.21408939361572266 700
1780864434039 0.22118321061134338 701
1780864434042 0.21313129365444183 702
1780864434044 0.35710370540618896 703
1780864434047 0.2479463368654251 704
1780864434050 0.2947143316268921 705
1780864434053 0.43702027201652527 706
1780864434056 0.24114882946014404 707
1780864434059 0.5429087281227112 708
1780864434062 0.2571617066860199 709
1780864434064 0.32521679997444153 710
1780864434068 0.330730676651001 711
1780864434071 0.15883396565914154 712
1780864434073 0.2745889127254486 713
1780864434076 0.3384324908256531 714
1780864434079 0.3129941523075104 715
1780864434082 0.2229427844285965 716
1780864434085 0.3107469975948334 717
1780864434088 0.5693835616111755 718
1780864434091 0.21022401750087738 719
1780864434094 0.3003215789794922 720
1780864434096 0.31918075680732727 721
1780864434099 0.2431201934814453 722
1780864434102 0.1517736166715622 723
1780864434105 0.34468844532966614 724
1780864434108 0.26708701252937317 725
1780864434111 0.3209228813648224 726
1780864434114 0.15146087110042572 727
1780864434116 0.1944180727005005 728
1780864434119 0.1605626493692398 729
1780864434122 0.2678776681423187 730
1780864434125 0.3411824703216553 731
1780864434128 0.3322109580039978 732
1780864434130 0.26160117983818054 733
1780864434134 0.16889820992946625 734
1780864434137 0.41290873289108276 735
1780864434140 0.3401035666465759 736
1780864434142 0.20126473903656006 737
1780864434145 0.23484189808368683 738
1780864434148 0.26469966769218445 739
1780864434151 0.36092397570610046 740
1780864434154 0.2944025993347168 741
1780864434157 0.281335711479187 742
1780864434160 0.12790033221244812 743
1780864434163 0.2893601953983307 744
1780864434166 0.3863605260848999 745
1780864434169 0.19101913273334503 746
1780864434172 0.41180962324142456 747
1780864434174 0.1925312578678131 748
1780864434177 0.2518855929374695 749
1780864434180 0.31927064061164856 750
1780864434183 0.15766878426074982 751
1780864434186 0.17181481420993805 752
1780864434189 0.20928888022899628 753
1780864434192 0.22663918137550354 754
1780864434194 0.10876395553350449 755
1780864434197 0.2577195465564728 756
1780864434200 0.31050747632980347 757
1780864434203 0.2677014172077179 758
1780864434206 0.1969728022813797 759
1780864434209 0.6040523052215576 760
1780864434212 0.19346460700035095 761
1780864434214 0.2610018253326416 762
1780864434217 0.17583811283111572 763
1780864434221 0.4598611891269684 764
1780864434223 0.17406997084617615 765
1780864434226 0.324815571308136 766
1780864434229 0.14368551969528198 767
1780864434232 0.3222093880176544 768
1780864434235 0.3309263586997986 769
1780864434238 0.33888012170791626 770
1780864434241 0.49951666593551636 771
1780864434243 0.22346727550029755 772
1780864434246 0.13777288794517517 773
1780864434250 0.2329615205526352 774
1780864434253 0.27213090658187866 775
1780864434256 0.13308165967464447 776
1780864434259 0.20817705988883972 777
1780864434262 0.520725667476654 778
1780864434265 0.18784774839878082 779
1780864434268 0.49627459049224854 780
1780864434271 0.1649523377418518 781
1780864434273 0.2506060004234314 782
1780864434278 0.33786362409591675 783
1780864434281 0.19839200377464294 784
1780864434284 0.5296798348426819 785
1780864434286 0.16914893686771393 786
1780864434289 0.2417682260274887 787
1780864434292 0.25721415877342224 788
1780864434295 0.1612469106912613 789
1780864434297 0.19293512403964996 790
1780864434301 0.18408052623271942 791
1780864434303 0.42012497782707214 792
1780864434306 0.3757767081260681 793
1780864434309 0.21476855874061584 794
1780864434311 0.26112961769104004 795
1780864434314 0.15206068754196167 796
1780864434317 0.3035086989402771 797
1780864434319 0.17467179894447327 798
1780864434322 0.3707159161567688 799
1780864434325 0.29978057742118835 800
1780864434328 0.3017926514148712 801
1780864434331 0.1947382092475891 802
1780864434334 0.4777965545654297 803
1780864434337 0.09552954882383347 804
1780864434339 0.3376830220222473 805
1780864434342 0.1497267633676529 806
1780864434345 0.1676030457019806 807
1780864434348 0.2521989047527313 808
1780864434351 0.09155978262424469 809
1780864434354 0.5064735412597656 810
1780864434357 0.1304287165403366 811
1780864434359 0.376937597990036 812
1780864434362 0.19081281125545502 813
1780864434365 0.1869836002588272 814
1780864434368 0.26917198300361633 815
1780864434370 0.18075446784496307 816
1780864434373 0.3169024586677551 817
1780864434376 0.3260840177536011 818
1780864434378 0.32328423857688904 819
1780864434381 0.22817553579807281 820
1780864434384 0.2668741047382355 821
1780864434386 0.33918097615242004 822
1780864434389 0.22698357701301575 823
1780864434392 0.18816319108009338 824
1780864434395 0.18984365463256836 825
1780864434398 0.09262107312679291 826
1780864434400 0.08440049737691879 827
1780864434403 0.27473750710487366 828
1780864434406 0.13809573650360107 829
1780864434408 0.34260156750679016 830
1780864434411 0.21828484535217285 831
1780864434414 0.24929673969745636 832
1780864434416 0.20148314535617828 833
1780864434419 0.22979596257209778 834
1780864434421 0.11228710412979126 835
1780864434424 0.2725960910320282 836
1780864434427 0.17824611067771912 837
1780864434430 0.19000978767871857 838
1780864434433 0.2246427834033966 839
1780864434435 0.3971050977706909 840
1780864434438 0.35558682680130005 841
1780864434441 0.15007725358009338 842
1780864434444 0.3168681263923645 843
1780864434447 0.30454081296920776 844
1780864434450 0.28332245349884033 845
1780864434452 0.1920575052499771 846
1780864434455 0.2469833642244339 847
1780864434458 0.2614356577396393 848
1780864434462 0.3023746609687805 849
1780864434464 0.16625618934631348 850
1780864434468 0.32484734058380127 851
1780864434471 0.2323082983493805 852
1780864434473 0.4107724726200104 853
1780864434476 0.13318440318107605 854
1780864434479 0.23674744367599487 855
1780864434483 0.07254176586866379 856
1780864434487 0.2973027527332306 857
1780864434490 0.24296210706233978 858
1780864434493 0.15225398540496826 859
1780864434496 0.2819333076477051 860
1780864434499 0.23354384303092957 861
1780864434502 0.14215072989463806 862
1780864434505 0.1600753217935562 863
1780864434508 0.10699489712715149 864
1780864434510 0.46857938170433044 865
1780864434513 0.2222113013267517 866
1780864434518 0.28743577003479004 867
1780864434521 0.634655773639679 868
1780864434524 0.3219155967235565 869
1780864434526 0.14775590598583221 870
1780864434529 0.15202391147613525 871
1780864434532 0.20658348500728607 872
1780864434535 0.2506970167160034 873
1780864434539 0.3652200698852539 874
1780864434543 0.16564062237739563 875
1780864434546 0.08283574879169464 876
1780864434550 0.239126518368721 877
1780864434553 0.2772878408432007 878
1780864434556 0.40002769231796265 879
1780864434559 0.22668519616127014 880
1780864434562 0.27571478486061096 881
1780864434566 0.21033848822116852 882
1780864434569 0.195405974984169 883
1780864434572 0.1903391033411026 884
1780864434575 0.3916071653366089 885
1780864434578 0.2130528837442398 886
1780864434582 0.22827862203121185 887
1780864434585 0.22205254435539246 888
1780864434588 0.2542968988418579 889
1780864434591 0.20540130138397217 890
1780864434593 0.11557287722826004 891
1780864434598 0.1722085177898407 892
1780864434601 0.1214781254529953 893
1780864434604 0.43247148394584656 894
1780864434608 0.16882480680942535 895
1780864434611 0.16188134253025055 896
1780864434613 0.3452014923095703 897
1780864434618 0.31619447469711304 898
1780864434621 0.15165072679519653 899
1780864434624 0.2439773678779602 900
1780864434626 0.23147174715995789 901
1780864434629 0.2715144455432892 902
1780864434633 0.2924960255622864 903
1780864434636 0.18065233528614044 904
1780864434639 0.3189607262611389 905
1780864434642 0.23756515979766846 906
1780864434644 0.4003766179084778 907
1780864434649 0.30852439999580383 908
1780864434652 0.2503035068511963 909
1780864434655 0.27892106771469116 910
1780864434660 0.3144945204257965 911
1780864434663 0.14799965918064117 912
1780864434667 0.3838706314563751 913
1780864434670 0.13183318078517914 914
1780864434673 0.0854925662279129 915
1780864434676 0.19924506545066833 916
1780864434679 0.3068394958972931 917
1780864434684 0.21212759613990784 918
1780864434687 0.2202358990907669 919
1780864434690 0.3726300299167633 920
1780864434694 0.2987242341041565 921
1780864434697 0.32139062881469727 922
1780864434700 0.21252979338169098 923
1780864434704 0.24651718139648438 924
1780864434707 0.302433580160141 925
1780864434710 0.13732248544692993 926
1780864434713 0.1772911697626114 927
1780864434716 0.2000007927417755 928
1780864434721 0.25656378269195557 929
1780864434724 0.2122761607170105 930
1780864434728 0.20178861916065216 931
1780864434733 0.24444130063056946 932
1780864434736 0.34087616205215454 933
1780864434739 0.09652310609817505 934
1780864434743 0.16643869876861572 935
1780864434748 0.32140299677848816 936
1780864434923 0.48598864674568176 937
1780864434926 0.1494072824716568 938
1780864434931 0.12128767371177673 939
1780864434934 0.24108922481536865 940
1780864434937 0.2659547030925751 941
1780864434941 0.391844242811203 942
1780864434945 0.22064320743083954 943
1780864434948 0.16684329509735107 944
1780864434951 0.16112461686134338 945
1780864434954 0.20030160248279572 946
1780864434957 0.31969353556632996 947
1780864434960 0.3194131553173065 948
1780864434963 0.14053426682949066 949
1780864434966 0.16245877742767334 950
1780864434969 0.1588750034570694 951
1780864434972 0.2771393954753876 952
1780864434976 0.19975396990776062 953
1780864434980 0.3736550509929657 954
1780864434983 0.28591519594192505 955
1780864434986 0.11354798823595047 956
1780864434989 0.2010519653558731 957
1780864434992 0.34048131108283997 958
1780864434996 0.2530909478664398 959
1780864434999 0.20364826917648315 960
1780864435002 0.09239647537469864 961
1780864435005 0.16609710454940796 962
1780864435008 0.2674807608127594 963
1780864435012 0.3116164803504944 964
1780864435016 0.23279042541980743 965
1780864435019 0.205922931432724 966
1780864435022 0.17415909469127655 967
1780864435025 0.20786553621292114 968
1780864435029 0.3459087312221527 969
1780864435033 0.10464158654212952 970
1780864435036 0.17915651202201843 971
1780864435039 0.18240392208099365 972
1780864435042 0.16132798790931702 973
1780864435045 0.21923516690731049 974
1780864435048 0.36279115080833435 975
1780864435051 0.18790408968925476 976
1780864435054 0.1482904553413391 977
1780864435057 0.18548515439033508 978
1780864435060 0.17265605926513672 979
1780864435063 0.1911265105009079 980
1780864435066 0.4837179183959961 981
1780864435069 0.23154035210609436 982
1780864435073 0.20686165988445282 983
1780864435076 0.4678652584552765 984
1780864435079 0.26923713088035583 985
1780864435082 0.21436932682991028 986
1780864435084 0.22980116307735443 987
1780864435088 0.36601752042770386 988
1780864435092 0.21965105831623077 989
1780864435095 0.24303746223449707 990
1780864435098 0.2231815606355667 991
1780864435101 0.5186409950256348 992
1780864435103 0.1262279450893402 993
1780864435106 0.09785425662994385 994
1780864435109 0.15827064216136932 995
1780864435112 0.2396051585674286 996
1780864435115 0.2365970015525818 997
1780864435119 0.24003228545188904 998
1780864435122 0.27358853816986084 999
1780864435125 0.24773450195789337 1000
1780864435128 0.16236497461795807 1001
1780864435131 0.12127864360809326 1002
1780864435134 0.18667981028556824 1003
1780864435138 0.19740475714206696 1004
1780864435141 0.32409530878067017 1005
1780864435144 0.13931888341903687 1006
1780864435147 0.1641138643026352 1007
1780864435150 0.11386647075414658 1008
1780864435153 0.1334623247385025 1009
1780864435157 0.25569602847099304 1010
1780864435160 0.19355230033397675 1011
1780864435163 0.10407395660877228 1012
1780864435167 0.25809362530708313 1013
1780864435170 0.18145149946212769 1014
1780864435174 0.24528251588344574 1015
1780864435177 0.29058384895324707 1016
1780864435180 0.12027808278799057 1017
1780864435184 0.16532742977142334 1018
1780864435187 0.21073931455612183 1019
1780864435190 0.37573349475860596 1020
1780864435192 0.1489427536725998 1021
1780864435195 0.1825309544801712 1022
1780864435198 0.1749267280101776 1023
1780864435201 0.30789706110954285 1024
1780864435205 0.33302342891693115 1025
1780864435209 0.17175696790218353 1026
1780864435212 0.1996733546257019 1027
1780864435215 0.22555974125862122 1028
1780864435218 0.20524555444717407 1029
1780864435222 0.2933759093284607 1030
1780864435225 0.0770832970738411 1031
1780864435228 0.28140488266944885 1032
1780864435231 0.1271737962961197 1033
1780864435235 0.2054787427186966 1034
1780864435239 0.1342363953590393 1035
1780864435242 0.3518456220626831 1036
1780864435245 0.2187492549419403 1037
1780864435249 0.22768983244895935 1038
1780864435253 0.1628943532705307 1039
1780864435256 0.18701425194740295 1040
1780864435259 0.24487312138080597 1041
1780864435264 0.19882752001285553 1042
1780864435267 0.27207624912261963 1043
1780864435271 0.11236778646707535 1044
1780864435274 0.3247140645980835 1045
1780864435277 0.17361848056316376 1046
1780864435280 0.1719922423362732 1047
1780864435283 0.18710318207740784 1048
1780864435286 0.30806341767311096 1049
1780864435290 0.1927391141653061 1050
1780864435293 0.35850459337234497 1051
1780864435296 0.21083031594753265 1052
1780864435298 0.18315039575099945 1053
1780864435302 0.18160639703273773 1054
1780864435305 0.15621840953826904 1055
1780864435308 0.2540818750858307 1056
1780864435311 0.3836596608161926 1057
1780864435314 0.12730537354946136 1058
1780864435317 0.12572632730007172 1059
1780864435320 0.3231762647628784 1060
1780864435323 0.21265223622322083 1061
1780864435326 0.3382467031478882 1062
1780864435328 0.23607119917869568 1063
1780864435332 0.136037677526474 1064
1780864435335 0.1721750646829605 1065
1780864435339 0.2674153745174408 1066
1780864435342 0.12551255524158478 1067
1780864435344 0.05986229330301285 1068
1780864435347 0.09170643240213394 1069
1780864435350 0.24898414313793182 1070
1780864435353 0.15536867082118988 1071
1780864435357 0.2929273843765259 1072
1780864435359 0.09155234694480896 1073
1780864435363 0.22567136585712433 1074
1780864435365 0.15425434708595276 1075
1780864435369 0.19336092472076416 1076
1780864435372 0.2532269060611725 1077
1780864435376 0.2591311037540436 1078
1780864435379 0.18907104432582855 1079
1780864435383 0.2376718670129776 1080
1780864435386 0.2609909772872925 1081
1780864435389 0.15984120965003967 1082
1780864435392 0.12961256504058838 1083
1780864435395 0.15473826229572296 1084
1780864435399 0.13258953392505646 1085
1780864435402 0.14890499413013458 1086
1780864435406 0.09178681671619415 1087
1780864435409 0.2003784030675888 1088
1780864435411 0.3932172954082489 1089
1780864435415 0.2983202636241913 1090
1780864435418 0.21870076656341553 1091
1780864435421 0.31695955991744995 1092
1780864435424 0.15938423573970795 1093
1780864435427 0.20928195118904114 1094
1780864435430 0.1822347790002823 1095
1780864435434 0.1810118854045868 1096
1780864435437 0.197539284825325 1097
1780864435439 0.15817734599113464 1098
1780864435442 0.24158908426761627 1099
1780864435445 0.29663628339767456 1100
1780864435448 0.09804248064756393 1101
1780864435452 0.12207295745611191 1102
1780864435455 0.1343689113855362 1103
1780864435458 0.19237342476844788 1104
1780864435461 0.1958211362361908 1105
1780864435465 0.4622684121131897 1106
1780864435468 0.19348378479480743 1107
1780864435471 0.16168397665023804 1108
1780864435474 0.21305152773857117 1109
1780864435477 0.0870874673128128 1110
1780864435480 0.3751349151134491 1111
1780864435483 0.14829640090465546 1112
1780864435486 0.28738296031951904 1113
1780864435489 0.13276101648807526 1114
1780864435493 0.10788080841302872 1115
1780864435496 0.2431238889694214 1116
1780864435499 0.28414610028266907 1117
1780864435502 0.2931891083717346 1118
1780864435505 0.10974925011396408 1119
1780864435510 0.3610079884529114 1120
1780864435513 0.23774802684783936 1121
1780864435516 0.26063621044158936 1122
1780864435520 0.08921489119529724 1123
1780864435523 0.08676952123641968 1124
1780864435528 0.25989586114883423 1125
1780864435532 0.17122410237789154 1126
1780864435536 0.2460954636335373 1127
1780864435540 0.1765775829553604 1128
1780864435545 0.15549762547016144 1129
1780864435551 0.039801035076379776 1130
1780864435554 0.19077321887016296 1131
1780864435557 0.12702737748622894 1132
1780864435562 0.08655742555856705 1133
1780864435566 0.365127831697464 1134
1780864435570 0.15743547677993774 1135
1780864435575 0.1730491667985916 1136
1780864435578 0.14666041731834412 1137
1780864435582 0.09846919775009155 1138
1780864435585 0.21201206743717194 1139
1780864435589 0.15189228951931 1140
1780864435592 0.26588574051856995 1141
1780864435599 0.17961393296718597 1142
1780864435604 0.08247552812099457 1143
1780864435607 0.15269429981708527 1144
1780864435612 0.14172706007957458 1145
1780864435619 0.27823296189308167 1146
1780864435623 0.09479214251041412 1147
1780864435627 0.23518316447734833 1148
1780864435632 0.19736447930335999 1149
1780864435636 0.19767846167087555 1150
1780864435639 0.3412091135978699 1151
1780864435642 0.393867164850235 1152
1780864435645 0.10549990087747574 1153
1780864435648 0.3395901620388031 1154
1780864435651 0.15783394873142242 1155
1780864435654 0.13038156926631927 1156
1780864435658 0.17096556723117828 1157
1780864435661 0.3096151351928711 1158
1780864435665 0.30222874879837036 1159
1780864435669 0.07884121686220169 1160
1780864435675 0.22718212008476257 1161
1780864435679 0.2968292236328125 1162
1780864435683 0.11633496731519699 1163
1780864435686 0.3216862976551056 1164
1780864435690 0.22035187482833862 1165
1780864435694 0.1391531527042389 1166
1780864435697 0.11513031274080276 1167
1780864435701 0.3027522563934326 1168
1780864435704 0.07235176861286163 1169
1780864435707 0.3176008462905884 1170
1780864435710 0.22372089326381683 1171
1780864435713 0.16941164433956146 1172
1780864435716 0.11934272199869156 1173
1780864435720 0.12305678427219391 1174
1780864435723 0.34706929326057434 1175
1780864435726 0.2364240139722824 1176
1780864435731 0.22818030416965485 1177
1780864435734 0.15202254056930542 1178
1780864435741 0.24241086840629578 1179
1780864435744 0.12874765694141388 1180
1780864435749 0.11466938257217407 1181
1780864435752 0.5227656364440918 1182
1780864435756 0.24452699720859528 1183
1780864435759 0.29480111598968506 1184
1780864435763 0.07456972450017929 1185
1780864435766 0.2003455013036728 1186
1780864435771 0.26693224906921387 1187
1780864435774 0.1904381811618805 1188
1780864435777 0.23985590040683746 1189
1780864435780 0.10982153564691544 1190
1780864435783 0.17123647034168243 1191
1780864435788 0.126017764210701 1192
1780864435792 0.23020628094673157 1193
1780864435796 0.36484891176223755 1194
1780864435799 0.19162480533123016 1195
1780864435802 0.11163535714149475 1196
1780864435806 0.1535930037498474 1197
1780864435809 0.27148592472076416 1198
1780864435813 0.256808876991272 1199
1780864435816 0.21641850471496582 1200
1780864435819 0.26944518089294434 1201
1780864435822 0.30881214141845703 1202
1780864435826 0.1837030053138733 1203
1780864435829 0.14719471335411072 1204
1780864435832 0.23166696727275848 1205
1780864435836 0.44475892186164856 1206
1780864435840 0.23828846216201782 1207
1780864435845 0.13041913509368896 1208
1780864435848 0.17872066795825958 1209
1780864435851 0.2422000616788864 1210
1780864435856 0.42910557985305786 1211
1780864435859 0.15891918540000916 1212
1780864435862 0.13744144141674042 1213
1780864435866 0.2358262985944748 1214
1780864435870 0.30706480145454407 1215
1780864435873 0.19363151490688324 1216
1780864435877 0.0883258730173111 1217
1780864435880 0.27795180678367615 1218
1780864435884 0.339836448431015 1219
1780864435888 0.21970021724700928 1220
1780864435892 0.23306956887245178 1221
1780864435895 0.15305431187152863 1222
1780864435898 0.27446043491363525 1223
1780864435902 0.19816559553146362 1224
1780864435905 0.15653082728385925 1225
1780864435908 0.14021222293376923 1226
1780864435911 0.35218340158462524 1227
1780864435914 0.3171982169151306 1228
1780864435917 0.2409074455499649 1229
1780864435920 0.14785398542881012 1230
1780864435924 0.2935696840286255 1231
1780864435927 0.1362207680940628 1232
1780864435930 0.24087052047252655 1233
1780864435934 0.21245169639587402 1234
1780864435937 0.16057619452476501 1235
1780864435940 0.28782588243484497 1236
1780864435943 0.2778230309486389 1237
1780864435947 0.14902864396572113 1238
1780864435950 0.298829048871994 1239
1780864435953 0.18005971610546112 1240
1780864435957 0.28817135095596313 1241
1780864435960 0.17947804927825928 1242
1780864435963 0.1900033950805664 1243
1780864435966 0.06713879853487015 1244
1780864435969 0.13913723826408386 1245
1780864435972 0.16848145425319672 1246
1780864435975 0.12604941427707672 1247
1780864435978 0.2132491022348404 1248
1780864435982 0.18673932552337646 1249
1780864435986 0.2134542465209961 1250
1780864435989 0.2495633065700531 1251
1780864435992 0.11457956582307816 1252
1780864435995 0.16224980354309082 1253
1780864435998 0.07943486422300339 1254
1780864436001 0.1370420753955841 1255
1780864436005 0.15668536722660065 1256
1780864436009 0.12948015332221985 1257
1780864436014 0.10115128010511398 1258
1780864436018 0.123494952917099 1259
1780864436021 0.21032766997814178 1260
1780864436024 0.23513087630271912 1261
1780864436028 0.38451486825942993 1262
1780864436031 0.31637394428253174 1263
1780864436035 0.31927165389060974 1264
1780864436039 0.11472524702548981 1265
1780864436042 0.27453988790512085 1266
1780864436046 0.2754226326942444 1267
1780864436050 0.1984945684671402 1268
1780864436053 0.24967887997627258 1269
1780864436056 0.2017311453819275 1270
1780864436060 0.2459312230348587 1271
1780864436063 0.23444640636444092 1272
1780864436066 0.11942567676305771 1273
1780864436069 0.1807417869567871 1274
1780864436072 0.21806606650352478 1275
1780864436075 0.07951769977807999 1276
1780864436078 0.20737014710903168 1277
1780864436084 0.3250710368156433 1278
1780864436087 0.08954916149377823 1279
1780864436091 0.21440234780311584 1280
1780864436094 0.23919905722141266 1281
1780864436098 0.3204675316810608 1282
1780864436101 0.25099849700927734 1283
1780864436105 0.21689963340759277 1284
1780864436109 0.3276688754558563 1285
1780864436114 0.2499939203262329 1286
1780864436117 0.2669501304626465 1287
1780864436121 0.07518618553876877 1288
1780864436124 0.23610328137874603 1289
1780864436127 0.09558551758527756 1290
1780864436130 0.21207915246486664 1291
1780864436133 0.19055037200450897 1292
1780864436136 0.14586962759494781 1293
1780864436139 0.2113547921180725 1294
1780864436143 0.17985330522060394 1295
1780864436146 0.09290709346532822 1296
1780864436149 0.14634118974208832 1297
1780864436153 0.25883305072784424 1298
1780864436155 0.33499646186828613 1299
1780864436159 0.11219041049480438 1300
1780864436163 0.1771029680967331 1301
1780864436167 0.1494981050491333 1302
1780864436170 0.1048029437661171 1303
1780864436173 0.08118443936109543 1304
1780864436176 0.2836902141571045 1305
1780864436179 0.25281208753585815 1306
1780864436182 0.17562253773212433 1307
1780864436186 0.3429362177848816 1308
1780864436189 0.15611177682876587 1309
1780864436192 0.2316083163022995 1310
1780864436195 0.10138076543807983 1311
1780864436199 0.26122987270355225 1312
1780864436202 0.13007932901382446 1313
1780864436205 0.1570241004228592 1314
1780864436208 0.34334370493888855 1315
1780864436211 0.19306161999702454 1316
1780864436215 0.20265278220176697 1317
1780864436218 0.2722274661064148 1318
1780864436221 0.2365346997976303 1319
1780864436224 0.17923137545585632 1320
1780864436227 0.1625102162361145 1321
1780864436242 0.19036929309368134 1322
1780864436246 0.11231548339128494 1323
1780864436250 0.15297947824001312 1324
1780864436254 0.09919507056474686 1325
1780864436257 0.217593714594841 1326
1780864436261 0.1565232127904892 1327
1780864436266 0.2650056481361389 1328
1780864436269 0.22519826889038086 1329
1780864436272 0.2971043288707733 1330
1780864436275 0.17766280472278595 1331
1780864436278 0.39539510011672974 1332
1780864436281 0.14358387887477875 1333
1780864436283 0.171190544962883 1334
1780864436287 0.11769835650920868 1335
1780864436290 0.08133123070001602 1336
1780864436293 0.042938776314258575 1337
1780864436297 0.2439446896314621 1338
1780864436300 0.2493537962436676 1339
1780864436303 0.37615272402763367 1340
1780864436306 0.16318249702453613 1341
1780864436308 0.2136516124010086 1342
1780864436311 0.057007040828466415 1343
1780864436315 0.16558246314525604 1344
1780864436318 0.19673079252243042 1345
1780864436321 0.35280728340148926 1346
1780864436324 0.18042801320552826 1347
1780864436326 0.2144271731376648 1348
1780864436329 0.2683742344379425 1349
1780864436332 0.23721885681152344 1350
1780864436335 0.17481665313243866 1351
1780864436338 0.15348830819129944 1352
1780864436341 0.1704569309949875 1353
1780864436344 0.2040148675441742 1354
1780864436347 0.15305832028388977 1355
1780864436349 0.1677175909280777 1356
1780864436352 0.3446935713291168 1357
1780864436355 0.16991275548934937 1358
1780864436357 0.17202170193195343 1359
1780864436360 0.192848339676857 1360
1780864436363 0.24106520414352417 1361
1780864436366 0.3933180272579193 1362
1780864436369 0.4139573574066162 1363
1780864436372 0.08774922043085098 1364
1780864436374 0.21342334151268005 1365
1780864436377 0.07744891196489334 1366
1780864436380 0.15038220584392548 1367
1780864436383 0.25316187739372253 1368
1780864436386 0.1672079861164093 1369
1780864436388 0.13891392946243286 1370
1780864436391 0.09461003541946411 1371
1780864436394 0.20753417909145355 1372
1780864436397 0.14213623106479645 1373
1780864436400 0.23884238302707672 1374
1780864436404 0.15589211881160736 1375
1780864436408 0.18455302715301514 1376
1780864436411 0.06090168282389641 1377
1780864436414 0.09301432222127914 1378
1780864436417 0.20198950171470642 1379
1780864436421 0.10363064706325531 1380
1780864436424 0.2759213447570801 1381
1780864436428 0.14738036692142487 1382
1780864436432 0.17738036811351776 1383
1780864436435 0.13054117560386658 1384
1780864436438 0.11945020407438278 1385
1780864436441 0.05848056823015213 1386
1780864436446 0.211778923869133 1387
1780864436449 0.2479235827922821 1388
1780864436452 0.13363251090049744 1389
1780864436456 0.09485643357038498 1390
1780864436459 0.3170382082462311 1391
1780864436463 0.1821655035018921 1392
1780864436466 0.20681361854076385 1393
1780864436469 0.17329396307468414 1394
1780864436472 0.15148130059242249 1395
1780864436475 0.0592951774597168 1396
1780864436478 0.29834333062171936 1397
1780864436481 0.30765387415885925 1398
1780864436484 0.23467323184013367 1399
1780864436487 0.15402382612228394 1400
1780864436490 0.25833606719970703 1401
1780864436493 0.26828593015670776 1402
1780864436496 0.4545289874076843 1403
1780864436500 0.26456597447395325 1404
1780864436503 0.13110166788101196 1405
1780864436506 0.15780043601989746 1406
1780864436509 0.35613518953323364 1407
1780864436512 0.1459590196609497 1408
1780864436515 0.28405672311782837 1409
1780864436519 0.30231618881225586 1410
1780864436521 0.18066121637821198 1411
1780864436524 0.28061580657958984 1412
1780864436529 0.15932787954807281 1413
1780864436533 0.23927372694015503 1414
1780864436536 0.05715670809149742 1415
1780864436540 0.2661958634853363 1416
1780864436543 0.13173481822013855 1417
1780864436548 0.17368073761463165 1418
1780864436551 0.29138821363449097 1419
1780864436555 0.07984531670808792 1420
1780864436558 0.19595903158187866 1421
1780864436562 0.2224287986755371 1422
1780864436566 0.24975931644439697 1423
1780864436569 0.12425696849822998 1424
1780864436572 0.14092795550823212 1425
1780864436575 0.0659903734922409 1426
1780864436578 0.19858874380588531 1427
1780864436581 0.21172498166561127 1428
1780864436584 0.11963813006877899 1429
1780864436586 0.26703548431396484 1430
1780864436589 0.15472398698329926 1431
1780864436594 0.21546778082847595 1432
1780864436597 0.15505515038967133 1433
1780864436600 0.11823718994855881 1434
1780864436603 0.5037224888801575 1435
1780864436605 0.1479368954896927 1436
1780864436608 0.12299428135156631 1437
1780864436613 0.1460026204586029 1438
1780864436616 0.1174621656537056 1439
1780864436619 0.09441674500703812 1440
1780864436623 0.14135751128196716 1441
1780864436628 0.16140331327915192 1442
1780864436631 0.0716981291770935 1443
1780864436634 0.16563883423805237 1444
1780864436637 0.20038558542728424 1445
1780864436641 0.17750294506549835 1446
1780864436644 0.20885437726974487 1447
1780864436648 0.2768041789531708 1448
1780864436651 0.2662522494792938 1449
1780864436654 0.15230004489421844 1450
1780864436658 0.28646841645240784 1451
1780864436661 0.2337741106748581 1452
1780864436664 0.35899269580841064 1453
1780864436667 0.20392397046089172 1454
1780864436670 0.12501290440559387 1455
1780864436674 0.18138732016086578 1456
1780864436678 0.17867137491703033 1457
1780864436683 0.1513795107603073 1458
1780864436686 0.1505105048418045 1459
1780864436689 0.2906738817691803 1460
1780864436693 0.146099254488945 1461
1780864436696 0.061248328536748886 1462
1780864436699 0.0709952563047409 1463
1780864436702 0.07209192216396332 1464
1780864436705 0.30663400888442993 1465
1780864436708 0.09799130260944366 1466
1780864436712 0.15570013225078583 1467
1780864436715 0.16843806207180023 1468
1780864436719 0.2121758610010147 1469
1780864436722 0.2638803720474243 1470
1780864436725 0.1739596277475357 1471
1780864436728 0.125468447804451 1472
1780864436732 0.1992662400007248 1473
1780864436736 0.21575094759464264 1474
1780864436739 0.1687822937965393 1475
1780864436742 0.2576984465122223 1476
1780864436746 0.12271836400032043 1477
1780864436748 0.1750815063714981 1478
1780864436753 0.20173144340515137 1479
1780864436757 0.1693246066570282 1480
1780864436761 0.15723595023155212 1481
1780864436764 0.08324684202671051 1482
1780864436768 0.23306356370449066 1483
1780864436772 0.142955020070076 1484
1780864436775 0.09976784139871597 1485
1780864436778 0.28975909948349 1486
1780864436781 0.11713911592960358 1487
1780864436784 0.08203306794166565 1488
1780864436788 0.21462970972061157 1489
1780864436791 0.16442011296749115 1490
1780864436793 0.13532567024230957 1491
1780864436796 0.10193526744842529 1492
1780864436800 0.189102441072464 1493
1780864436803 0.13798417150974274 1494
1780864436806 0.26370587944984436 1495
1780864436809 0.18768291175365448 1496
1780864436812 0.0608200877904892 1497
1780864436816 0.05152234435081482 1498
1780864436819 0.24373503029346466 1499
1780864436822 0.12967954576015472 1500
1780864436826 0.24978624284267426 1501
1780864436829 0.21547479927539825 1502
1780864436832 0.2473180741071701 1503
1780864436835 0.2857126295566559 1504
1780864436838 0.1622086763381958 1505
1780864436841 0.19752980768680573 1506
1780864436843 0.222737655043602 1507
1780864436846 0.6303725838661194 1508
1780864436849 0.2048964947462082 1509
1780864436852 0.18073882162570953 1510
1780864436854 0.22060057520866394 1511
1780864436857 0.20267066359519958 1512
1780864436860 0.2594355046749115 1513
1780864436863 0.0556032769382 1514
1780864436866 0.11566291749477386 1515
1780864436869 0.20642730593681335 1516
1780864436872 0.23903760313987732 1517
1780864436875 0.10878333449363708 1518
1780864436877 0.48991990089416504 1519
1780864436880 0.24440908432006836 1520
1780864436883 0.0986735001206398 1521
1780864436886 0.22330893576145172 1522
1780864436889 0.22159452736377716 1523
1780864436892 0.14973831176757812 1524
1780864436895 0.17853891849517822 1525
1780864436898 0.13417918980121613 1526
1780864436901 0.0621035173535347 1527
1780864436905 0.08750371634960175 1528
1780864436908 0.19526325166225433 1529
1780864436911 0.16968359053134918 1530
1780864436914 0.20690713822841644 1531
1780864436917 0.2835402190685272 1532
1780864436920 0.15766622126102448 1533
1780864436923 0.173761785030365 1534
1780864436926 0.09035363048315048 1535
1780864436929 0.20100033283233643 1536
1780864436932 0.049458861351013184 1537
1780864436935 0.241162970662117 1538
1780864436938 0.17602548003196716 1539
1780864436941 0.1175975427031517 1540
1780864436944 0.2161581814289093 1541
1780864436946 0.174106165766716 1542
1780864436950 0.18259753286838531 1543
1780864436953 0.24707485735416412 1544
1780864436955 0.08913031220436096 1545
1780864436958 0.0472930483520031 1546
1780864436961 0.3109983503818512 1547
1780864436964 0.14310574531555176 1548
1780864436966 0.21980464458465576 1549
1780864436969 0.22079651057720184 1550
1780864436972 0.24998179078102112 1551
1780864436975 0.30296266078948975 1552
1780864436978 0.14814665913581848 1553
1780864436981 0.12948621809482574 1554
1780864436984 0.11842769384384155 1555
1780864436987 0.07958269864320755 1556
1780864436989 0.2053191363811493 1557
1780864436992 0.07592907547950745 1558
1780864436995 0.16926388442516327 1559
1780864436998 0.1557241976261139 1560
1780864437001 0.1808076649904251 1561
1780864437004 0.08176273852586746 1562
1780864437006 0.08583863079547882 1563
1780864437009 0.07802680134773254 1564
1780864437012 0.1896754950284958 1565
1780864437015 0.12241833657026291 1566
1780864437017 0.2246030569076538 1567
1780864437021 0.22914564609527588 1568
1780864437023 0.25295326113700867 1569
1780864437026 0.20027470588684082 1570
1780864437029 0.2756088078022003 1571
1780864437034 0.17684265971183777 1572
1780864437037 0.12255691736936569 1573
1780864437040 0.30531296133995056 1574
1780864437043 0.09853477030992508 1575
1780864437046 0.1760013997554779 1576
1780864437048 0.2833508849143982 1577
1780864437052 0.1621546745300293 1578
1780864437054 0.1765749603509903 1579
1780864437057 0.11958346515893936 1580
1780864437060 0.36326834559440613 1581
1780864437063 0.06533893942832947 1582
1780864437066 0.17335247993469238 1583
1780864437068 0.2154044806957245 1584
1780864437071 0.09466945379972458 1585
1780864437074 0.16770020127296448 1586
1780864437077 0.1913762092590332 1587
1780864437080 0.12413366883993149 1588
1780864437083 0.11034039407968521 1589
1780864437086 0.13596586883068085 1590
1780864437089 0.1387520730495453 1591
1780864437092 0.22077205777168274 1592
1780864437095 0.0670790821313858 1593
1780864437098 0.1385951191186905 1594
1780864437101 0.10630057007074356 1595
1780864437104 0.1500440239906311 1596
1780864437106 0.0931200310587883 1597
1780864437109 0.11112643778324127 1598
1780864437112 0.0983365923166275 1599
1780864437116 0.13551269471645355 1600
1780864437119 0.18867598474025726 1601
1780864437122 0.20460666716098785 1602
1780864437125 0.161931574344635 1603
1780864437127 0.17905789613723755 1604
1780864437130 0.13921679556369781 1605
1780864437134 0.29190805554389954 1606
1780864437137 0.2517068088054657 1607
1780864437140 0.05296311900019646 1608
1780864437143 0.1424299031496048 1609
1780864437145 0.07401139289140701 1610
1780864437149 0.17670004069805145 1611
1780864437152 0.1228911429643631 1612
1780864437154 0.16333363950252533 1613
1780864437157 0.23847366869449615 1614
1780864437160 0.3867206275463104 1615
1780864437163 0.1453259140253067 1616
1780864437166 0.1965743750333786 1617
1780864437168 0.2036982774734497 1618
1780864437171 0.23593424260616302 1619
1780864437174 0.30244681239128113 1620
1780864437176 0.10677851736545563 1621
1780864437179 0.2911553680896759 1622
1780864437182 0.17930826544761658 1623
1780864437185 0.3323705196380615 1624
1780864437188 0.14968864619731903 1625
1780864437191 0.13312996923923492 1626
1780864437194 0.2695675790309906 1627
1780864437197 0.06450174003839493 1628
1780864437200 0.16502486169338226 1629
1780864437203 0.1494104564189911 1630
1780864437205 0.0665893703699112 1631
1780864437208 0.22905820608139038 1632
1780864437211 0.11295650899410248 1633
1780864437214 0.12666651606559753 1634
1780864437217 0.21964146196842194 1635
1780864437220 0.12328993529081345 1636
1780864437223 0.1838654726743698 1637
1780864437226 0.1737142652273178 1638
1780864437229 0.058487534523010254 1639
1780864437232 0.1849752515554428 1640
1780864437235 0.16402649879455566 1641
1780864437238 0.1369381695985794 1642
1780864437240 0.20968252420425415 1643
1780864437244 0.10644543170928955 1644
1780864437247 0.21817971765995026 1645
1780864437250 0.34278562664985657 1646
1780864437252 0.10342895239591599 1647
1780864437255 0.08046698570251465 1648
1780864437258 0.2398146539926529 1649
1780864437261 0.05071823671460152 1650
1780864437264 0.1428092122077942 1651
1780864437267 0.062329091131687164 1652
1780864437269 0.1802356094121933 1653
1780864437272 0.1424400508403778 1654
1780864437275 0.24018000066280365 1655
1780864437278 0.13628047704696655 1656
1780864437281 0.13493742048740387 1657
1780864437284 0.14648494124412537 1658
1780864437286 0.07908350974321365 1659
1780864437289 0.26132336258888245 1660
1780864437293 0.08131249248981476 1661
1780864437296 0.1317145675420761 1662
1780864437299 0.3821521997451782 1663
1780864437302 0.5577725768089294 1664
1780864437304 0.10486815124750137 1665
1780864437307 0.13180889189243317 1666
1780864437310 0.16754700243473053 1667
1780864437313 0.159249946475029 1668
1780864437316 0.2551053762435913 1669
1780864437318 0.07595624774694443 1670
1780864437321 0.10193628817796707 1671
1780864437324 0.13593141734600067 1672
1780864437329 0.2739476263523102 1673
1780864437332 0.06973488628864288 1674
1780864437335 0.27239975333213806 1675
1780864437337 0.21053262054920197 1676
1780864437340 0.14458319544792175 1677
1780864437343 0.19615192711353302 1678
1780864437346 0.08251205086708069 1679
1780864437349 0.28492069244384766 1680
1780864437352 0.13155093789100647 1681
1780864437355 0.0885586366057396 1682
1780864437358 0.10567536950111389 1683
1780864437361 0.1318272054195404 1684
1780864437364 0.2005579024553299 1685
1780864437366 0.05210689827799797 1686
1780864437369 0.1938559114933014 1687
1780864437372 0.09476836770772934 1688
1780864437374 0.041450027376413345 1689
1780864437378 0.23925843834877014 1690
1780864437381 0.08543495088815689 1691
1780864437384 0.055467430502176285 1692
1780864437386 0.227131649851799 1693
1780864437389 0.07736658304929733 1694
1780864437392 0.23134876787662506 1695
1780864437395 0.2623326778411865 1696
1780864437398 0.09990531206130981 1697
1780864437401 0.2164515256881714 1698
1780864437404 0.08572908490896225 1699
1780864437408 0.10311812907457352 1700
1780864437411 0.11843880265951157 1701
1780864437414 0.1567540019750595 1702
1780864437417 0.09303523600101471 1703
1780864437420 0.1807018667459488 1704
1780864437422 0.10714030265808105 1705
1780864437425 0.11401252448558807 1706
1780864437428 0.3724242150783539 1707
1780864437431 0.2060856819152832 1708
1780864437435 0.13283762335777283 1709
1780864437438 0.09619852900505066 1710
1780864437441 0.09709249436855316 1711
1780864437444 0.05708364024758339 1712
1780864437447 0.13757216930389404 1713
1780864437449 0.19105663895606995 1714
1780864437452 0.104944609105587 1715
1780864437455 0.20727495849132538 1716
1780864437458 0.05852571874856949 1717
1780864437461 0.09685545414686203 1718
1780864437464 0.30295684933662415 1719
1780864437467 0.1734224110841751 1720
1780864437470 0.12142200022935867 1721
1780864437473 0.1380677968263626 1722
1780864437477 0.12174758315086365 1723
1780864437480 0.08327344805002213 1724
1780864437483 0.13435521721839905 1725
1780864437485 0.1443427950143814 1726
1780864437488 0.09960202127695084 1727
1780864437492 0.177750825881958 1728
1780864437495 0.18874137103557587 1729
1780864437498 0.2591967284679413 1730
1780864437501 0.2586999833583832 1731
1780864437504 0.2684270441532135 1732
1780864437507 0.19842100143432617 1733
1780864437510 0.22374571859836578 1734
1780864437514 0.24637465178966522 1735
1780864437517 0.23238591849803925 1736
1780864437520 0.07995884120464325 1737
1780864437523 0.11822610348463058 1738
1780864437526 0.0825478583574295 1739
1780864437529 0.05561226233839989 1740
1780864437532 0.15033170580863953 1741
1780864437535 0.18724733591079712 1742
1780864437538 0.11031780391931534 1743
1780864437542 0.17679810523986816 1744
1780864437545 0.08808009326457977 1745
1780864437548 0.07263696938753128 1746
1780864437551 0.16207928955554962 1747
1780864437554 0.23726487159729004 1748
1780864437557 0.32300102710723877 1749
1780864437560 0.20384283363819122 1750
1780864437563 0.08317837864160538 1751
1780864437565 0.13562528789043427 1752
1780864437568 0.10739711672067642 1753
1780864437571 0.21647535264492035 1754
1780864437574 0.208739772439003 1755
1780864437577 0.05938323587179184 1756
1780864437580 0.14729107916355133 1757
1780864437583 0.15750175714492798 1758
1780864437586 0.12843263149261475 1759
1780864437589 0.13276797533035278 1760
1780864437592 0.1712135523557663 1761
1780864437595 0.22646497189998627 1762
1780864437598 0.09801055490970612 1763
1780864437601 0.12405730038881302 1764
1780864437604 0.04793207719922066 1765
1780864437607 0.10127195715904236 1766
1780864437610 0.0969817265868187 1767
1780864437613 0.2577882409095764 1768
1780864437616 0.2015574723482132 1769
1780864437619 0.3231862485408783 1770
1780864437621 0.10921069234609604 1771
1780864437625 0.37728989124298096 1772
1780864437628 0.26130375266075134 1773
1780864437631 0.09517710655927658 1774
1780864437634 0.15568943321704865 1775
1780864437637 0.15118205547332764 1776
1780864437640 0.2068864405155182 1777
1780864437643 0.07288973778486252 1778
1780864437646 0.1761598289012909 1779
1780864437649 0.1964261829853058 1780
1780864437652 0.1840452253818512 1781
1780864437654 0.178569957613945 1782
1780864437657 0.11300019174814224 1783
1780864437660 0.18442925810813904 1784
1780864437663 0.23263110220432281 1785
1780864437665 0.2513542175292969 1786
1780864437668 0.2240217626094818 1787
1780864437671 0.21851715445518494 1788
1780864437674 0.0616617426276207 1789
1780864437677 0.11682648211717606 1790
1780864437680 0.15780998766422272 1791
1780864437683 0.11055677384138107 1792
1780864437686 0.09656765311956406 1793
1780864437689 0.09977250546216965 1794
1780864437692 0.1879911869764328 1795
1780864437695 0.07854752242565155 1796
1780864437697 0.10544374585151672 1797
1780864437700 0.3372470736503601 1798
1780864437703 0.19465447962284088 1799
1780864437706 0.07560276240110397 1800
1780864437709 0.166839137673378 1801
1780864437712 0.07476845383644104 1802
1780864437714 0.14811526238918304 1803
1780864437717 0.12293980270624161 1804
1780864437720 0.16182386875152588 1805
1780864437723 0.05469367653131485 1806
1780864437726 0.2971500754356384 1807
1780864437729 0.15194827318191528 1808
1780864437731 0.4807523787021637 1809
1780864437735 0.07575786858797073 1810
1780864437738 0.3091278374195099 1811
1780864437741 0.2171960473060608 1812
1780864437744 0.09073007851839066 1813
1780864437747 0.24835288524627686 1814
1780864437749 0.06661327928304672 1815
1780864437752 0.1558961123228073 1816
1780864437755 0.1343570500612259 1817
1780864437758 0.3004731833934784 1818
1780864437761 0.036559879779815674 1819
1780864437763 0.172948956489563 1820
1780864437766 0.2870328426361084 1821
1780864437769 0.14610353112220764 1822
1780864437772 0.16170667111873627 1823
1780864437775 0.1671283096075058 1824
1780864437777 0.22366759181022644 1825
1780864437780 0.18650634586811066 1826
1780864437783 0.2163415104150772 1827
1780864437787 0.07635597884654999 1828
1780864437790 0.2114417403936386 1829
1780864437793 0.1265750229358673 1830
1780864437796 0.15614594519138336 1831
1780864437799 0.03071635030210018 1832
1780864437802 0.5049912929534912 1833
1780864437805 0.09783949702978134 1834
1780864437808 0.13254423439502716 1835
1780864437811 0.15280376374721527 1836
1780864437813 0.13510963320732117 1837
1780864437816 0.11325060576200485 1838
1780864437820 0.10458424687385559 1839
1780864437823 0.46651703119277954 1840
1780864437826 0.15778295695781708 1841
1780864437829 0.2606380581855774 1842
1780864437833 0.19202376902103424 1843
1780864437837 0.09219509363174438 1844
1780864437840 0.22704659402370453 1845
1780864437843 0.2327067106962204 1846
1780864437846 0.26917901635169983 1847
1780864437848 0.04224337264895439 1848
1780864437851 0.15954385697841644 1849
1780864437854 0.17059844732284546 1850
1780864437857 0.1436428278684616 1851
1780864437860 0.14081715047359467 1852
1780864437863 0.1467660665512085 1853
1780864437866 0.17343740165233612 1854
1780864437869 0.29216986894607544 1855
1780864437872 0.0898272693157196 1856
1780864437875 0.2086675763130188 1857
1780864437877 0.22360444068908691 1858
1780864437880 0.08526983857154846 1859
1780864437883 0.16644641757011414 1860
1780864437886 0.08367756754159927 1861
1780864437889 0.06764262169599533 1862
1780864437892 0.2500278353691101 1863
1780864437895 0.2294321358203888 1864
1780864437898 0.0662478655576706 1865
1780864437901 0.17555654048919678 1866
1780864437904 0.13333970308303833 1867
1780864437907 0.23673716187477112 1868
1780864437910 0.15790744125843048 1869
1780864437913 0.18415473401546478 1870
1780864437916 0.30647310614585876 1871
1780864437919 0.22748957574367523 1872
1780864437922 0.16490592062473297 1873
1780864438091 0.09484921395778656 1874
1780864438094 0.10728727281093597 1875
1780864438097 0.12303254008293152 1876
1780864438101 0.1531265676021576 1877
1780864438104 0.2249259203672409 1878
1780864438107 0.09225714951753616 1879
1780864438109 0.21602363884449005 1880
1780864438113 0.1934681236743927 1881
1780864438116 0.25911712646484375 1882
1780864438119 0.129652738571167 1883
1780864438122 0.06775549054145813 1884
1780864438125 0.335177481174469 1885
1780864438129 0.14268754422664642 1886
1780864438132 0.20211727917194366 1887
1780864438135 0.1171811893582344 1888
1780864438138 0.24006782472133636 1889
1780864438140 0.10819486528635025 1890
1780864438144 0.3517959713935852 1891
1780864438147 0.08475538343191147 1892
1780864438150 0.2776804566383362 1893
1780864438153 0.24924682080745697 1894
1780864438156 0.1340821534395218 1895
1780864438158 0.0874861478805542 1896
1780864438161 0.0909123495221138 1897
1780864438165 0.1842033714056015 1898
1780864438168 0.13002458214759827 1899
1780864438171 0.10057777166366577 1900
1780864438174 0.16059386730194092 1901
1780864438177 0.1727140247821808 1902
1780864438180 0.177157923579216 1903
1780864438184 0.13670092821121216 1904
1780864438187 0.07685938477516174 1905
1780864438190 0.11919233947992325 1906
1780864438193 0.24725838005542755 1907
1780864438197 0.09961795061826706 1908
1780864438200 0.2549036145210266 1909
1780864438203 0.261394202709198 1910
1780864438207 0.21086783707141876 1911
1780864438210 0.14512500166893005 1912
1780864438213 0.1804271936416626 1913
1780864438216 0.06455174833536148 1914
1780864438219 0.32587510347366333 1915
1780864438223 0.2687346041202545 1916
1780864438227 0.162978395819664 1917
1780864438231 0.16307255625724792 1918
1780864438235 0.07689967751502991 1919
1780864438238 0.07321657985448837 1920
1780864438242 0.22682201862335205 1921
1780864438246 0.23295369744300842 1922
1780864438249 0.12394779920578003 1923
1780864438253 0.24432888627052307 1924
1780864438257 0.1142706573009491 1925
1780864438261 0.12873169779777527 1926
1780864438265 0.09407295286655426 1927
1780864438268 0.1063525378704071 1928
1780864438274 0.2634510397911072 1929
1780864438279 0.09587682038545609 1930
1780864438283 0.29381829500198364 1931
1780864438287 0.10863519459962845 1932
1780864438291 0.16997575759887695 1933
1780864438294 0.03666040301322937 1934
1780864438299 0.23091398179531097 1935
1780864438302 0.19080311059951782 1936
1780864438305 0.12551511824131012 1937
1780864438308 0.12341749668121338 1938
1780864438313 0.08113302290439606 1939
1780864438317 0.2596331238746643 1940
1780864438320 0.10594576597213745 1941
1780864438324 0.07185854017734528 1942
1780864438328 0.048651207238435745 1943
1780864438331 0.14273685216903687 1944
1780864438335 0.15690065920352936 1945
1780864438340 0.12906962633132935 1946
1780864438345 0.06186055764555931 1947
1780864438349 0.07037220895290375 1948
1780864438353 0.09279419481754303 1949
1780864438357 0.05862890183925629 1950
1780864438361 0.12768283486366272 1951
1780864438364 0.09327774494886398 1952
1780864438367 0.062094107270240784 1953
1780864438372 0.05331121385097504 1954
1780864438378 0.20306694507598877 1955
1780864438381 0.30017387866973877 1956
1780864438385 0.10807958990335464 1957
1780864438389 0.22078685462474823 1958
1780864438392 0.10209528356790543 1959
1780864438395 0.16275417804718018 1960
1780864438399 0.04222836717963219 1961
1780864438403 0.16772860288619995 1962
1780864438407 0.26594021916389465 1963
1780864438410 0.22568279504776 1964
1780864438413 0.08548887073993683 1965
1780864438416 0.14799711108207703 1966
1780864438419 0.14919553697109222 1967
1780864438422 0.15499721467494965 1968
1780864438426 0.06756103783845901 1969
1780864438429 0.15144458413124084 1970
1780864438432 0.3655603528022766 1971
1780864438435 0.04246958717703819 1972
1780864438439 0.20958161354064941 1973
1780864438442 0.14528146386146545 1974
1780864438445 0.10719308257102966 1975
1780864438447 0.08870125561952591 1976
1780864438450 0.17455726861953735 1977
1780864438453 0.10813058167695999 1978
1780864438456 0.22467230260372162 1979
1780864438459 0.10990773886442184 1980
1780864438462 0.11606152355670929 1981
1780864438465 0.24599069356918335 1982
1780864438468 0.17572656273841858 1983
1780864438471 0.11571058630943298 1984
1780864438474 0.05826900526881218 1985
1780864438476 0.13456103205680847 1986
1780864438480 0.16471850872039795 1987
1780864438483 0.23068150877952576 1988
1780864438486 0.1426110714673996 1989
1780864438488 0.08310063183307648 1990
1780864438491 0.2975417971611023 1991
1780864438494 0.06287845224142075 1992
1780864438497 0.06607047468423843 1993
1780864438499 0.04606141149997711 1994
1780864438503 0.27563348412513733 1995
1780864438506 0.3438001871109009 1996
1780864438509 0.1103605404496193 1997
1780864438511 0.1597193032503128 1998
1780864438514 0.11128903925418854 1999
1780864438519 0.10520274192094803 2000
1780864438522 0.11214812844991684 2001
1780864438525 0.14397375285625458 2002
1780864438528 0.07679817825555801 2003
1780864438530 0.1812036633491516 2004
1780864438533 0.12393052130937576 2005
1780864438536 0.23649434745311737 2006
1780864438539 0.07511109113693237 2007
1780864438542 0.14306651055812836 2008
1780864438545 0.0748131200671196 2009
1780864438548 0.15630750358104706 2010
1780864438551 0.10579580813646317 2011
1780864438553 0.13477367162704468 2012
1780864438556 0.054750896990299225 2013
1780864438559 0.10684474557638168 2014
1780864438562 0.1462591588497162 2015
1780864438565 0.07750906050205231 2016
1780864438568 0.1845780909061432 2017
1780864438571 0.1584804356098175 2018
1780864438573 0.06260816752910614 2019
1780864438576 0.09171958267688751 2020
1780864438580 0.11040914058685303 2021
1780864438584 0.06526932865381241 2022
1780864438586 0.2369442582130432 2023
1780864438589 0.03433947265148163 2024
1780864438592 0.36041852831840515 2025
1780864438595 0.12037134170532227 2026
1780864438598 0.11194130033254623 2027
1780864438601 0.05920468270778656 2028
1780864438604 0.12226931750774384 2029
1780864438607 0.07893388718366623 2030
1780864438610 0.23752303421497345 2031
1780864438613 0.10529214888811111 2032
1780864438615 0.08733013272285461 2033
1780864438618 0.10359000414609909 2034
1780864438622 0.14588798582553864 2035
1780864438625 0.0972999706864357 2036
1780864438628 0.18051758408546448 2037
1780864438631 0.17551732063293457 2038
1780864438634 0.15450364351272583 2039
1780864438636 0.1184583380818367 2040
1780864438639 0.03159458562731743 2041
1780864438642 0.05607273429632187 2042
1780864438645 0.2138076275587082 2043
1780864438647 0.10168613493442535 2044
1780864438650 0.08593659847974777 2045
1780864438653 0.12696734070777893 2046
1780864438656 0.20465411245822906 2047
1780864438659 0.15160228312015533 2048
1780864438661 0.11224847286939621 2049
1780864438664 0.13616986572742462 2050
1780864438667 0.03920368105173111 2051
1780864438669 0.13515295088291168 2052
1780864438672 0.07907288521528244 2053
1780864438675 0.246857687830925 2054
1780864438677 0.2301311045885086 2055
1780864438680 0.21875441074371338 2056
1780864438683 0.29457467794418335 2057
1780864438686 0.17281809449195862 2058
1780864438689 0.15943479537963867 2059
1780864438693 0.09972263872623444 2060
1780864438695 0.11609221249818802 2061
1780864438698 0.07393678277730942 2062
1780864438701 0.19923155009746552 2063
1780864438704 0.027224509045481682 2064
1780864438707 0.17548491060733795 2065
1780864438710 0.25525742769241333 2066
1780864438713 0.11485745012760162 2067
1780864438716 0.09454254806041718 2068
1780864438719 0.3796204626560211 2069
1780864438721 0.16997738182544708 2070
1780864438724 0.1353311687707901 2071
1780864438727 0.1019560694694519 2072
1780864438730 0.27592387795448303 2073
1780864438735 0.13236869871616364 2074
1780864438738 0.21465249359607697 2075
1780864438740 0.12653402984142303 2076
1780864438743 0.08611145615577698 2077
1780864438746 0.10039432346820831 2078
1780864438749 0.10462644696235657 2079
1780864438752 0.33185938000679016 2080
1780864438756 0.2615240216255188 2081
1780864438759 0.284286230802536 2082
1780864438762 0.14127323031425476 2083
1780864438765 0.2576085329055786 2084
1780864438768 0.09765984863042831 2085
1780864438772 0.11857660114765167 2086
1780864438776 0.0642305240035057 2087
1780864438779 0.11944368481636047 2088
1780864438782 0.18626166880130768 2089
1780864438786 0.3626210689544678 2090
1780864438789 0.12781479954719543 2091
1780864438792 0.18232320249080658 2092
1780864438795 0.23171207308769226 2093
1780864438799 0.14191554486751556 2094
1780864438803 0.07107126712799072 2095
1780864438805 0.15522369742393494 2096
1780864438808 0.12006722390651703 2097
1780864438811 0.2392200082540512 2098
1780864438814 0.0732402503490448 2099
1780864438817 0.08406611531972885 2100
1780864438820 0.04009323567152023 2101
1780864438823 0.12410794198513031 2102
1780864438825 0.28540343046188354 2103
1780864438828 0.11441565304994583 2104
1780864438831 0.09939121454954147 2105
1780864438834 0.03467264398932457 2106
1780864438837 0.07501449435949326 2107
1780864438841 0.08941330760717392 2108
1780864438843 0.0706830769777298 2109
1780864438846 0.09210565686225891 2110
1780864438849 0.15815579891204834 2111
1780864438852 0.05859944596886635 2112
1780864438856 0.22297385334968567 2113
1780864438859 0.10970698297023773 2114
1780864438862 0.20413199067115784 2115
1780864438865 0.46195748448371887 2116
1780864438868 0.09587669372558594 2117
1780864438871 0.11529099196195602 2118
1780864438874 0.1510026752948761 2119
1780864438877 0.04492928460240364 2120
1780864438880 0.13464713096618652 2121
1780864438884 0.18224571645259857 2122
1780864438887 0.2267356812953949 2123
1780864438890 0.05418180674314499 2124
1780864438893 0.09776385128498077 2125
1780864438897 0.11724410951137543 2126
1780864438900 0.11440098285675049 2127
1780864438903 0.1185072585940361 2128
1780864438906 0.11737515777349472 2129
1780864438910 0.24864746630191803 2130
1780864438913 0.13810645043849945 2131
1780864438917 0.1209402084350586 2132
1780864438920 0.15475869178771973 2133
1780864438923 0.1071498766541481 2134
1780864438927 0.08265724033117294 2135
1780864438930 0.18143734335899353 2136
1780864438933 0.2763747274875641 2137
1780864438937 0.14196550846099854 2138
1780864438940 0.11612343788146973 2139
1780864438943 0.20815014839172363 2140
1780864438946 0.10599009692668915 2141
1780864438949 0.15956512093544006 2142
1780864438953 0.32522380352020264 2143
1780864438956 0.3119337558746338 2144
1780864438959 0.09626676142215729 2145
1780864438962 0.15722090005874634 2146
1780864438965 0.3348548710346222 2147
1780864438968 0.13015371561050415 2148
1780864438972 0.080287866294384 2149
1780864438976 0.06312007457017899 2150
1780864438980 0.1606886088848114 2151
1780864438983 0.062256183475255966 2152
1780864438987 0.2428150773048401 2153
1780864438990 0.09174192696809769 2154
1780864438993 0.1593407690525055 2155
1780864438996 0.15199925005435944 2156
1780864438999 0.23555096983909607 2157
1780864439002 0.1186855286359787 2158
1780864439005 0.07911508530378342 2159
1780864439008 0.11370691657066345 2160
1780864439011 0.055881038308143616 2161
1780864439014 0.08297596126794815 2162
1780864439017 0.19795063138008118 2163
1780864439020 0.10150309652090073 2164
1780864439024 0.11324583739042282 2165
1780864439027 0.1285795420408249 2166
1780864439030 0.14377279579639435 2167
1780864439033 0.1533828228712082 2168
1780864439037 0.15998457372188568 2169
1780864439040 0.08357974141836166 2170
1780864439043 0.07776476442813873 2171
1780864439046 0.06510697305202484 2172
1780864439049 0.18261511623859406 2173
1780864439053 0.13589255511760712 2174
1780864439056 0.17137716710567474 2175
1780864439059 0.23538698256015778 2176
1780864439061 0.06831742078065872 2177
1780864439064 0.08158030360937119 2178
1780864439067 0.18818289041519165 2179
1780864439070 0.14185713231563568 2180
1780864439073 0.1586763560771942 2181
1780864439075 0.09844427555799484 2182
1780864439078 0.08133556693792343 2183
1780864439081 0.17101728916168213 2184
1780864439085 0.07017278671264648 2185
1780864439088 0.020019661635160446 2186
1780864439091 0.2493140548467636 2187
1780864439093 0.09162823855876923 2188
1780864439096 0.0799248144030571 2189
1780864439100 0.06480886042118073 2190
1780864439102 0.12896713614463806 2191
1780864439106 0.03921335190534592 2192
1780864439108 0.08588767796754837 2193
1780864439111 0.13723653554916382 2194
1780864439114 0.2685011029243469 2195
1780864439117 0.05855521932244301 2196
1780864439120 0.17142963409423828 2197
1780864439122 0.16172701120376587 2198
1780864439125 0.31599417328834534 2199
1780864439128 0.18419843912124634 2200
1780864439131 0.11915100365877151 2201
1780864439133 0.062053825706243515 2202
1780864439136 0.161967933177948 2203
1780864439139 0.1528601497411728 2204
1780864439142 0.13197290897369385 2205
1780864439144 0.10896047204732895 2206
1780864439147 0.07384603470563889 2207
1780864439150 0.12735779583454132 2208
1780864439152 0.03323778510093689 2209
1780864439155 0.09707200527191162 2210
1780864439158 0.16113977134227753 2211
1780864439160 0.27173101902008057 2212
1780864439163 0.16204501688480377 2213
1780864439166 0.09436990320682526 2214
1780864439168 0.1634831428527832 2215
1780864439171 0.10935133695602417 2216
1780864439174 0.1659143567085266 2217
1780864439177 0.17948397994041443 2218
1780864439179 0.13683560490608215 2219
1780864439182 0.1521044820547104 2220
1780864439185 0.1528075486421585 2221
1780864439187 0.06583593040704727 2222
1780864439190 0.1446520984172821 2223
1780864439193 0.1259223073720932 2224
1780864439196 0.13305369019508362 2225
1780864439199 0.05026373267173767 2226
1780864439201 0.2216949313879013 2227
1780864439204 0.06446792185306549 2228
1780864439207 0.03929527848958969 2229
1780864439211 0.05523846670985222 2230
1780864439213 0.1838536560535431 2231
1780864439216 0.27196359634399414 2232
1780864439219 0.06658244132995605 2233
1780864439221 0.1475691944360733 2234
1780864439224 0.08666344732046127 2235
1780864439227 0.30181920528411865 2236
1780864439230 0.11389081180095673 2237
1780864439233 0.11346700042486191 2238
1780864439236 0.15875056385993958 2239
1780864439240 0.12809830904006958 2240
1780864439244 0.08263636380434036 2241
1780864439247 0.17329032719135284 2242
1780864439250 0.13066065311431885 2243
1780864439253 0.07943300157785416 2244
1780864439256 0.223333939909935 2245
1780864439260 0.18053869903087616 2246
1780864439263 0.4019049108028412 2247
1780864439266 0.09614142775535583 2248
1780864439269 0.08419644087553024 2249
1780864439273 0.06732197105884552 2250
1780864439276 0.17904891073703766 2251
1780864439278 0.15715312957763672 2252
1780864439282 0.1848994344472885 2253
1780864439286 0.13912995159626007 2254
1780864439289 0.15712952613830566 2255
1780864439291 0.07846877723932266 2256
1780864439294 0.10885854810476303 2257
1780864439297 0.11451944708824158 2258
1780864439299 0.2038770616054535 2259
1780864439302 0.17852263152599335 2260
1780864439305 0.06016286090016365 2261
1780864439308 0.11059408634901047 2262
1780864439311 0.0885939747095108 2263
1780864439315 0.1215989738702774 2264
1780864439318 0.2371174842119217 2265
1780864439320 0.08202320337295532 2266
1780864439323 0.2086455076932907 2267
1780864439326 0.11258924007415771 2268
1780864439329 0.10579335689544678 2269
1780864439332 0.09684146195650101 2270
1780864439334 0.04739813879132271 2271
1780864439337 0.19994311034679413 2272
1780864439340 0.09924903512001038 2273
1780864439343 0.04188438877463341 2274
1780864439345 0.10882440954446793 2275
1780864439348 0.09860283881425858 2276
1780864439351 0.09450583904981613 2277
1780864439354 0.1562388688325882 2278
1780864439356 0.0556672066450119 2279
1780864439359 0.11530563235282898 2280
1780864439362 0.03378148749470711 2281
1780864439365 0.17069754004478455 2282
1780864439367 0.13164280354976654 2283
1780864439370 0.05596289411187172 2284
1780864439373 0.06326677650213242 2285
1780864439376 0.17093363404273987 2286
1780864439379 0.1913241744041443 2287
1780864439382 0.15342140197753906 2288
1780864439385 0.15856404602527618 2289
1780864439388 0.09970352053642273 2290
1780864439391 0.18595145642757416 2291
1780864439394 0.1456345021724701 2292
1780864439397 0.03181253746151924 2293
1780864439400 0.1021275669336319 2294
1780864439403 0.11972994357347488 2295
1780864439406 0.0416962094604969 2296
1780864439408 0.23240865767002106 2297
1780864439411 0.07411958277225494 2298
1780864439414 0.0994202122092247 2299
1780864439417 0.16000553965568542 2300
1780864439420 0.05721442401409149 2301
1780864439423 0.07585054636001587 2302
1780864439426 0.14043238759040833 2303
1780864439429 0.13837069272994995 2304
1780864439432 0.170528382062912 2305
1780864439434 0.10189803689718246 2306
1780864439437 0.0876956433057785 2307
1780864439440 0.1368267685174942 2308
1780864439443 0.12200170755386353 2309
1780864439446 0.1424218863248825 2310
1780864439448 0.09295758605003357 2311
1780864439451 0.19802173972129822 2312
1780864439454 0.17122675478458405 2313
1780864439457 0.19884298741817474 2314
1780864439460 0.027899814769625664 2315
1780864439462 0.09139453619718552 2316
1780864439465 0.17342650890350342 2317
1780864439468 0.0363413542509079 2318
1780864439470 0.05613360181450844 2319
1780864439474 0.07059115171432495 2320
1780864439477 0.030970053747296333 2321
1780864439479 0.12357303500175476 2322
1780864439482 0.0599660649895668 2323
1780864439485 0.08630935847759247 2324
1780864439487 0.16252654790878296 2325
1780864439490 0.13243252038955688 2326
1780864439493 0.11485067754983902 2327
1780864439495 0.10953692346811295 2328
1780864439498 0.1014261394739151 2329
1780864439501 0.20161263644695282 2330
1780864439504 0.1428762823343277 2331
1780864439506 0.2307235151529312 2332
1780864439509 0.07872385531663895 2333
1780864439512 0.11133600026369095 2334
1780864439514 0.11631803959608078 2335
1780864439517 0.23010827600955963 2336
1780864439519 0.16398464143276215 2337
1780864439522 0.047529708594083786 2338
1780864439525 0.0948081761598587 2339
1780864439527 0.10482726246118546 2340
1780864439530 0.11158807575702667 2341
1780864439533 0.04828265681862831 2342
1780864439535 0.07558024674654007 2343
1780864439538 0.06398769468069077 2344
1780864439540 0.06718219071626663 2345
1780864439543 0.09090037643909454 2346
1780864439546 0.052575867623090744 2347
1780864439548 0.06053929775953293 2348
1780864439551 0.07773085683584213 2349
1780864439554 0.24607639014720917 2350
1780864439557 0.13387636840343475 2351
1780864439560 0.1669514924287796 2352
1780864439563 0.13349924981594086 2353
1780864439566 0.285418838262558 2354
1780864439569 0.32153356075286865 2355
1780864439572 0.2184784710407257 2356
1780864439575 0.12499459087848663 2357
1780864439577 0.1469256728887558 2358
1780864439580 0.2224886119365692 2359
1780864439583 0.2844123840332031 2360
1780864439585 0.11962602287530899 2361
1780864439588 0.03465397655963898 2362
1780864439591 0.27241507172584534 2363
1780864439593 0.14921309053897858 2364
1780864439596 0.12253738194704056 2365
1780864439599 0.07545860856771469 2366
1780864439602 0.10656729340553284 2367
1780864439604 0.13787367939949036 2368
1780864439607 0.109473817050457 2369
1780864439609 0.14931505918502808 2370
1780864439612 0.1255224198102951 2371
1780864439615 0.19282299280166626 2372
1780864439618 0.03908059000968933 2373
1780864439621 0.060556888580322266 2374
1780864439625 0.08180170506238937 2375
1780864439627 0.12240065634250641 2376
1780864439630 0.1084430143237114 2377
1780864439632 0.09081964194774628 2378
1780864439635 0.04687570780515671 2379
1780864439638 0.17862768471240997 2380
1780864439640 0.1564788818359375 2381
1780864439643 0.16539038717746735 2382
1780864439645 0.18189604580402374 2383
1780864439648 0.10686931759119034 2384
1780864439651 0.208408921957016 2385
1780864439653 0.09747157990932465 2386
1780864439656 0.15592306852340698 2387
1780864439659 0.23334473371505737 2388
1780864439661 0.15422816574573517 2389
1780864439664 0.2691968083381653 2390
1780864439667 0.07554663717746735 2391
1780864439670 0.05659458041191101 2392
1780864439673 0.027321521192789078 2393
1780864439675 0.15223194658756256 2394
1780864439678 0.11869246512651443 2395
1780864439681 0.18593326210975647 2396
1780864439684 0.16051548719406128 2397
1780864439687 0.12240186333656311 2398
1780864439689 0.13370831310749054 2399
1780864439692 0.11060495674610138 2400
1780864439696 0.1488635540008545 2401
1780864439698 0.06992325931787491 2402
1780864439701 0.0856647714972496 2403
1780864439704 0.2820630967617035 2404
1780864439707 0.12954650819301605 2405
1780864439709 0.12425020337104797 2406
1780864439712 0.13792581856250763 2407
1780864439715 0.06232299283146858 2408
1780864439718 0.21370528638362885 2409
1780864439720 0.08899816125631332 2410
1780864439723 0.044573232531547546 2411
1780864439726 0.24283353984355927 2412
1780864439729 0.10001572221517563 2413
1780864439732 0.12036918103694916 2414
1780864439735 0.2540968954563141 2415
1780864439739 0.11174637079238892 2416
1780864439742 0.1444217562675476 2417
1780864439745 0.12073982506990433 2418
1780864439747 0.21955308318138123 2419
1780864439750 0.1049044132232666 2420
1780864439753 0.16652488708496094 2421
1780864439756 0.07650108635425568 2422
1780864439759 0.12935058772563934 2423
1780864439762 0.11486576497554779 2424
1780864439765 0.19744230806827545 2425
1780864439767 0.08249732106924057 2426
1780864439770 0.1730615794658661 2427
1780864439773 0.3165864050388336 2428
1780864439775 0.2569115161895752 2429
1780864439778 0.05731818452477455 2430
1780864439781 0.20846645534038544 2431
1780864439784 0.19419239461421967 2432
1780864439786 0.16029812395572662 2433
1780864439789 0.12227752059698105 2434
1780864439792 0.09321357309818268 2435
1780864439794 0.04765738546848297 2436
1780864439797 0.19149701297283173 2437
1780864439800 0.05136515945196152 2438
1780864439802 0.0514860600233078 2439
1780864439805 0.14406722784042358 2440
1780864439808 0.10403400659561157 2441
1780864439810 0.1347484439611435 2442
1780864439813 0.03470902889966965 2443
1780864439816 0.3482305705547333 2444
1780864439819 0.15394628047943115 2445
1780864439821 0.1174529567360878 2446
1780864439826 0.2114441841840744 2447
1780864439828 0.0660654827952385 2448
1780864439831 0.16720135509967804 2449
1780864439834 0.11292160302400589 2450
1780864439837 0.08878348022699356 2451
1780864439840 0.19796064496040344 2452
1780864439842 0.10239273309707642 2453
1780864439845 0.1303688883781433 2454
1780864439848 0.11111655831336975 2455
1780864439850 0.17466206848621368 2456
1780864439853 0.08144889771938324 2457
1780864439856 0.06845733523368835 2458
1780864439858 0.3141390085220337 2459
1780864439861 0.1095576137304306 2460
1780864439864 0.19525274634361267 2461
1780864439867 0.1829335242509842 2462
1780864439869 0.03628745675086975 2463
1780864439872 0.19310639798641205 2464
1780864439875 0.2010415941476822 2465
1780864439878 0.24079813063144684 2466
1780864439881 0.07540926337242126 2467
1780864439883 0.012342823669314384 2468
1780864439886 0.08157271146774292 2469
1780864439889 0.1233491599559784 2470
1780864439892 0.15214286744594574 2471
1780864439894 0.14743022620677948 2472
1780864439897 0.07414773851633072 2473
1780864439900 0.0954960361123085 2474
1780864439903 0.17586970329284668 2475
1780864439905 0.21688124537467957 2476
1780864439909 0.11808235943317413 2477
1780864439912 0.04651345685124397 2478
1780864439914 0.07504834979772568 2479
1780864439917 0.0820847600698471 2480
1780864439920 0.12119728326797485 2481
1780864439923 0.19565245509147644 2482
1780864439926 0.15660253167152405 2483
1780864439928 0.04149911180138588 2484
1780864439931 0.1633472591638565 2485
1780864439934 0.14917589724063873 2486
1780864439937 0.06976444274187088 2487
1780864439939 0.15229883790016174 2488
1780864439942 0.0469563789665699 2489
1780864439945 0.22374935448169708 2490
1780864439948 0.04610230773687363 2491
1780864439951 0.35471561551094055 2492
1780864439954 0.09313888102769852 2493
1780864439956 0.07695460319519043 2494
1780864439959 0.22021880745887756 2495
1780864439962 0.165354385972023 2496
1780864439964 0.03965218365192413 2497
1780864439967 0.046683114022016525 2498
1780864439970 0.08957415819168091 2499
1780864439973 0.15518467128276825 2500
1780864439975 0.13695064187049866 2501
1780864439978 0.09164315462112427 2502
1780864439981 0.2952049970626831 2503
1780864439984 0.07811624556779861 2504
1780864439987 0.09439811110496521 2505
1780864439989 0.2033362090587616 2506
1780864439992 0.11287199705839157 2507
1780864439995 0.22621935606002808 2508
1780864439998 0.17433366179466248 2509
1780864440002 0.07932539284229279 2510
1780864440004 0.2238931506872177 2511
1780864440007 0.15331237018108368 2512
1780864440010 0.27892816066741943 2513
1780864440013 0.42459407448768616 2514
1780864440015 0.09053128957748413 2515
1780864440018 0.036781612783670425 2516
1780864440021 0.1382637619972229 2517
1780864440024 0.05628635361790657 2518
1780864440027 0.08411069959402084 2519
1780864440029 0.03354445472359657 2520
1780864440032 0.09021733701229095 2521
1780864440035 0.07940416038036346 2522
1780864440037 0.19763308763504028 2523
1780864440040 0.296070396900177 2524
1780864440043 0.15783214569091797 2525
1780864440046 0.07311234623193741 2526
1780864440049 0.08691876381635666 2527
1780864440051 0.08641809970140457 2528
1780864440054 0.03931621089577675 2529
1780864440057 0.14350014925003052 2530
1780864440059 0.11830402165651321 2531
1780864440062 0.11148573458194733 2532
1780864440066 0.0733695700764656 2533
1780864440069 0.06632865965366364 2534
1780864440072 0.07412204146385193 2535
1780864440074 0.25235751271247864 2536
1780864440077 0.09148640930652618 2537
1780864440080 0.049877017736434937 2538
1780864440082 0.11748439818620682 2539
1780864440085 0.15010036528110504 2540
1780864440088 0.16303345561027527 2541
1780864440091 0.13137036561965942 2542
1780864440094 0.08827923983335495 2543
1780864440097 0.130479633808136 2544
1780864440100 0.09216703474521637 2545
1780864440104 0.1037718802690506 2546
1780864440107 0.2009047120809555 2547
1780864440110 0.11782893538475037 2548
1780864440112 0.09374696016311646 2549
1780864440115 0.13613282144069672 2550
1780864440119 0.14764998853206635 2551
1780864440121 0.12472890317440033 2552
1780864440124 0.02927379682660103 2553
1780864440127 0.09034700691699982 2554
1780864440129 0.11378733813762665 2555
1780864440133 0.12014785408973694 2556
1780864440136 0.02959432266652584 2557
1780864440139 0.17234483361244202 2558
1780864440142 0.1691572070121765 2559
1780864440144 0.1593216359615326 2560
1780864440147 0.24649178981781006 2561
1780864440150 0.1873532384634018 2562
1780864440152 0.029351454228162766 2563
1780864440155 0.11192375421524048 2564
1780864440158 0.2126692682504654 2565
1780864440161 0.19686362147331238 2566
1780864440163 0.06323400139808655 2567
1780864440167 0.1786019653081894 2568
1780864440170 0.18976004421710968 2569
1780864440172 0.14616242051124573 2570
1780864440175 0.12205012887716293 2571
1780864440178 0.07537514716386795 2572
1780864440181 0.06434755027294159 2573
1780864440184 0.16489164531230927 2574
1780864440186 0.08768252283334732 2575
1780864440189 0.25304126739501953 2576
1780864440191 0.049853455275297165 2577
1780864440194 0.10089420527219772 2578
1780864440196 0.054368775337934494 2579
1780864440199 0.13864010572433472 2580
1780864440202 0.11663465946912766 2581
1780864440205 0.13070566952228546 2582
1780864440207 0.1339433193206787 2583
1780864440210 0.05764888972043991 2584
1780864440213 0.09287086874246597 2585
1780864440216 0.1811322420835495 2586
1780864440218 0.11543448269367218 2587
1780864440222 0.1863284409046173 2588
1780864440225 0.18973152339458466 2589
1780864440227 0.13708916306495667 2590
1780864440243 0.13621725142002106 2591
1780864440246 0.07256828993558884 2592
1780864440249 0.24425628781318665 2593
1780864440252 0.07943099737167358 2594
1780864440255 0.17600172758102417 2595
1780864440258 0.09550458192825317 2596
1780864440261 0.10683094710111618 2597
1780864440264 0.128153458237648 2598
1780864440266 0.13298580050468445 2599
1780864440269 0.19596271216869354 2600
1780864440272 0.06154993176460266 2601
1780864440275 0.19386467337608337 2602
1780864440278 0.15703800320625305 2603
1780864440281 0.22058634459972382 2604
1780864440284 0.09767745435237885 2605
1780864440287 0.19185857474803925 2606
1780864440289 0.0965569019317627 2607
1780864440292 0.05341476947069168 2608
1780864440295 0.04594173654913902 2609
1780864440298 0.2515900433063507 2610
1780864440301 0.09564345329999924 2611
1780864440303 0.1615544706583023 2612
1780864440306 0.06844134628772736 2613
1780864440309 0.2569301426410675 2614
1780864440311 0.13169017434120178 2615
1780864440314 0.03174092620611191 2616
1780864440317 0.1730753779411316 2617
1780864440321 0.05863160640001297 2618
1780864440323 0.21134093403816223 2619
1780864440326 0.09860004484653473 2620
1780864440329 0.07535617053508759 2621
1780864440332 0.0856073647737503 2622
1780864440334 0.08650263398885727 2623
1780864440338 0.06168965995311737 2624
1780864440340 0.029600538313388824 2625
1780864440343 0.10478079319000244 2626
1780864440345 0.17936627566814423 2627
1780864440348 0.12807348370552063 2628
1780864440351 0.18323931097984314 2629
1780864440355 0.042468201369047165 2630
1780864440358 0.13615162670612335 2631
1780864440360 0.09676642715930939 2632
1780864440363 0.17298954725265503 2633
1780864440366 0.021729731932282448 2634
1780864440370 0.21747344732284546 2635
1780864440373 0.04781541973352432 2636
1780864440376 0.184259295463562 2637
1780864440378 0.1606050431728363 2638
1780864440381 0.15222355723381042 2639
1780864440384 0.14643137156963348 2640
1780864440387 0.12386959046125412 2641
1780864440389 0.11046639829874039 2642
1780864440392 0.10727960616350174 2643
1780864440395 0.10320553928613663 2644
1780864440398 0.12572599947452545 2645
1780864440401 0.056101128458976746 2646
1780864440404 0.0759526789188385 2647
1780864440406 0.1589117795228958 2648
1780864440409 0.13664458692073822 2649
1780864440413 0.10645758360624313 2650
1780864440417 0.15159006416797638 2651
1780864440420 0.09846904873847961 2652
1780864440423 0.030372004956007004 2653
1780864440425 0.05390981584787369 2654
1780864440428 0.07659699022769928 2655
1780864440431 0.07121473550796509 2656
1780864440434 0.11513351649045944 2657
1780864440437 0.033279839903116226 2658
1780864440440 0.09374558925628662 2659
1780864440442 0.1716686487197876 2660
1780864440445 0.07580588012933731 2661
1780864440448 0.04512490704655647 2662
1780864440450 0.06405395269393921 2663
1780864440453 0.05768321827054024 2664
1780864440456 0.06013825535774231 2665
1780864440459 0.11087299138307571 2666
1780864440462 0.06881485134363174 2667
1780864440465 0.11329536139965057 2668
1780864440467 0.13521476089954376 2669
1780864440470 0.23741447925567627 2670
1780864440474 0.24551606178283691 2671
1780864440476 0.11345259845256805 2672
1780864440479 0.1121525689959526 2673
1780864440482 0.10669869184494019 2674
1780864440485 0.0943061038851738 2675
1780864440488 0.15377657115459442 2676
1780864440491 0.0876837819814682 2677
1780864440493 0.11698145419359207 2678
1780864440497 0.04887515679001808 2679
1780864440499 0.03444927930831909 2680
1780864440502 0.1090831533074379 2681
1780864440505 0.08017116785049438 2682
1780864440508 0.06837049871683121 2683
1780864440511 0.13807713985443115 2684
1780864440514 0.2595476508140564 2685
1780864440517 0.1184774860739708 2686
1780864440519 0.03459961712360382 2687
1780864440523 0.039110518991947174 2688
1780864440525 0.0902400016784668 2689
1780864440528 0.09664633125066757 2690
1780864440531 0.21212683618068695 2691
1780864440534 0.1900395154953003 2692
1780864440536 0.10415316373109818 2693
1780864440539 0.10611920803785324 2694
1780864440542 0.19957199692726135 2695
1780864440545 0.06787936389446259 2696
1780864440548 0.09258996695280075 2697
1780864440550 0.17918580770492554 2698
1780864440553 0.03985512629151344 2699
1780864440556 0.07191261649131775 2700
1780864440559 0.09164523333311081 2701
1780864440562 0.05534938722848892 2702
1780864440565 0.22876130044460297 2703
1780864440568 0.11633583158254623 2704
1780864440571 0.08316515386104584 2705
1780864440574 0.061098773032426834 2706
1780864440577 0.03414881229400635 2707
1780864440580 0.15933716297149658 2708
1780864440583 0.09692201018333435 2709
1780864440585 0.0879252701997757 2710
1780864440589 0.12296516448259354 2711
1780864440592 0.05691476911306381 2712
1780864440596 0.13956515491008759 2713
1780864440599 0.1556040495634079 2714
1780864440603 0.07056944072246552 2715
1780864440606 0.049693670123815536 2716
1780864440609 0.060333218425512314 2717
1780864440612 0.10970765352249146 2718
1780864440615 0.0302936602383852 2719
1780864440618 0.06179594621062279 2720
1780864440621 0.03288954123854637 2721
1780864440625 0.09888792037963867 2722
1780864440628 0.11426545679569244 2723
1780864440631 0.04466957971453667 2724
1780864440634 0.2498631328344345 2725
1780864440639 0.06626571714878082 2726
1780864440642 0.05240087956190109 2727
1780864440645 0.1267414540052414 2728
1780864440648 0.15012910962104797 2729
1780864440651 0.04323781281709671 2730
1780864440654 0.0728684589266777 2731
1780864440657 0.2450542151927948 2732
1780864440660 0.2375071495771408 2733
1780864440664 0.24049299955368042 2734
1780864440667 0.2604252099990845 2735
1780864440670 0.09577174484729767 2736
1780864440674 0.06489154696464539 2737
1780864440677 0.22142329812049866 2738
1780864440679 0.07591739296913147 2739
1780864440682 0.15334966778755188 2740
1780864440686 0.14989091455936432 2741
1780864440689 0.16965757310390472 2742
1780864440691 0.09231395274400711 2743
1780864440694 0.0583830252289772 2744
1780864440697 0.05713174492120743 2745
1780864440700 0.07487396895885468 2746
1780864440704 0.09174492955207825 2747
1780864440707 0.15308831632137299 2748
1780864440710 0.1350637525320053 2749
1780864440713 0.08745436370372772 2750
1780864440716 0.33127719163894653 2751
1780864440719 0.08232556283473969 2752
1780864440722 0.12944342195987701 2753
1780864440725 0.09669846296310425 2754
1780864440728 0.07912629842758179 2755
1780864440731 0.17193247377872467 2756
1780864440734 0.07007710635662079 2757
1780864440737 0.03139232471585274 2758
1780864440739 0.07167761772871017 2759
1780864440743 0.09017936885356903 2760
1780864440746 0.09672640264034271 2761
1780864440748 0.14355093240737915 2762
1780864440751 0.1941368579864502 2763
1780864440754 0.03363857790827751 2764
1780864440756 0.05725554749369621 2765
1780864440760 0.13841021060943604 2766
1780864440763 0.19804762303829193 2767
1780864440766 0.1216323971748352 2768
1780864440769 0.25297048687934875 2769
1780864440772 0.14181962609291077 2770
1780864440774 0.07255714386701584 2771
1780864440778 0.14237825572490692 2772
1780864440781 0.13298353552818298 2773
1780864440784 0.15250445902347565 2774
1780864440787 0.10642808675765991 2775
1780864440790 0.040207501500844955 2776
1780864440793 0.1589241772890091 2777
1780864440797 0.1048244833946228 2778
1780864440800 0.025550734251737595 2779
1780864440804 0.1096232533454895 2780
1780864440806 0.2744201123714447 2781
1780864440810 0.13157030940055847 2782
1780864440813 0.08060002326965332 2783
1780864440816 0.14405176043510437 2784
1780864440819 0.051424477249383926 2785
1780864440822 0.19391140341758728 2786
1780864440826 0.11845236271619797 2787
1780864440828 0.10865738987922668 2788
1780864440832 0.060294684022665024 2789
1780864440835 0.10352165997028351 2790
1780864440838 0.1552083045244217 2791
1780864440841 0.03605956211686134 2792
1780864440844 0.11424487829208374 2793
1780864440847 0.251159131526947 2794
1780864440850 0.11626788228750229 2795
1780864440853 0.04931861162185669 2796
1780864440856 0.12410187721252441 2797
1780864440859 0.25542598962783813 2798
1780864440862 0.2054283320903778 2799
1780864440865 0.14113442599773407 2800
1780864440868 0.15933963656425476 2801
1780864440871 0.07711232453584671 2802
1780864440874 0.1364183872938156 2803
1780864440876 0.0812963917851448 2804
1780864440882 0.15628589689731598 2805
1780864440885 0.10699444264173508 2806
1780864440888 0.07479231804609299 2807
1780864440891 0.20214545726776123 2808
1780864440893 0.07205784320831299 2809
1780864440898 0.09331567585468292 2810
1780864441068 0.09682194143533707 2811
1780864441071 0.04091034084558487 2812
1780864441074 0.042178925126791 2813
1780864441077 0.15555225312709808 2814
1780864441079 0.1347423642873764 2815
1780864441082 0.12293735146522522 2816
1780864441085 0.04403093829751015 2817
1780864441088 0.12274307012557983 2818
1780864441091 0.1524868607521057 2819
1780864441093 0.10805007815361023 2820
1780864441096 0.10578803718090057 2821
1780864441099 0.11846410483121872 2822
1780864441102 0.04390070214867592 2823
1780864441105 0.041271042078733444 2824
1780864441108 0.1496371328830719 2825
1780864441111 0.09010406583547592 2826
1780864441113 0.14978131651878357 2827
1780864441116 0.13868817687034607 2828
1780864441118 0.23431110382080078 2829
1780864441121 0.018754569813609123 2830
1780864441124 0.1409657895565033 2831
1780864441126 0.0451858825981617 2832
1780864441129 0.08259411156177521 2833
1780864441133 0.13079456984996796 2834
1780864441135 0.1788562685251236 2835
1780864441138 0.16823866963386536 2836
1780864441141 0.19318075478076935 2837
1780864441144 0.08580128848552704 2838
1780864441147 0.1879667043685913 2839
1780864441150 0.03861868008971214 2840
1780864441153 0.1222413033246994 2841
1780864441156 0.09675123542547226 2842
1780864441158 0.10674892365932465 2843
1780864441163 0.29465189576148987 2844
1780864441166 0.17930711805820465 2845
1780864441168 0.09530684351921082 2846
1780864441171 0.044928178191185 2847
1780864441174 0.17466169595718384 2848
1780864441178 0.05018771067261696 2849
1780864441180 0.033696506172418594 2850
1780864441183 0.1026512011885643 2851
1780864441186 0.09171593189239502 2852
1780864441189 0.10040545463562012 2853
1780864441192 0.08451464772224426 2854
1780864441195 0.06974383443593979 2855
1780864441198 0.06403500586748123 2856
1780864441201 0.015027089044451714 2857
1780864441203 0.1027723178267479 2858
1780864441207 0.1691831797361374 2859
1780864441210 0.11445637047290802 2860
1780864441213 0.11711958795785904 2861
1780864441216 0.11959909647703171 2862
1780864441219 0.09179741144180298 2863
1780864441221 0.1914576292037964 2864
1780864441224 0.1397923231124878 2865
1780864441227 0.1481827050447464 2866
1780864441230 0.07099910825490952 2867
1780864441232 0.13311393558979034 2868
1780864441235 0.11513115465641022 2869
1780864441238 0.09152700006961823 2870
1780864441241 0.07089172303676605 2871
1780864441244 0.1171683669090271 2872
1780864441247 0.04616396501660347 2873
1780864441250 0.13191726803779602 2874
1780864441252 0.1796344518661499 2875
1780864441255 0.11954794824123383 2876
1780864441257 0.06253333389759064 2877
1780864441260 0.2727460265159607 2878
1780864441263 0.07897523045539856 2879
1780864441266 0.21113966405391693 2880
1780864441268 0.1179201528429985 2881
1780864441271 0.07736038416624069 2882
1780864441274 0.17887520790100098 2883
1780864441277 0.06194819509983063 2884
1780864441279 0.1277245432138443 2885
1780864441282 0.030378248542547226 2886
1780864441285 0.06255056709051132 2887
1780864441287 0.06477975845336914 2888
1780864441290 0.07648026943206787 2889
1780864441293 0.11277929693460464 2890
1780864441296 0.11407903581857681 2891
1780864441299 0.11683224141597748 2892
1780864441302 0.10410959273576736 2893
1780864441305 0.2796212434768677 2894
1780864441307 0.2703271508216858 2895
1780864441310 0.09769755601882935 2896
1780864441314 0.1481485664844513 2897
1780864441317 0.07918203622102737 2898
1780864441320 0.19075901806354523 2899
1780864441322 0.12254117429256439 2900
1780864441325 0.11610458791255951 2901
1780864441328 0.12950481474399567 2902
1780864441331 0.0506230965256691 2903
1780864441334 0.12939749658107758 2904
1780864441337 0.07759131491184235 2905
1780864441339 0.2886156737804413 2906
1780864441342 0.10775543749332428 2907
1780864441345 0.039055272936820984 2908
1780864441348 0.09085918962955475 2909
1780864441351 0.20243506133556366 2910
1780864441354 0.09833075851202011 2911
1780864441356 0.1393536776304245 2912
1780864441359 0.14071819186210632 2913
1780864441362 0.027933964505791664 2914
1780864441365 0.1038784384727478 2915
1780864441368 0.13637016713619232 2916
1780864441372 0.10908249020576477 2917
1780864441375 0.11150224506855011 2918
1780864441378 0.13599169254302979 2919
1780864441381 0.10903440415859222 2920
1780864441383 0.04706206172704697 2921
1780864441386 0.07248950749635696 2922
1780864441389 0.1792910397052765 2923
1780864441392 0.16251982748508453 2924
1780864441395 0.08369389176368713 2925
1780864441398 0.13100536167621613 2926
1780864441401 0.06196187064051628 2927
1780864441404 0.048423416912555695 2928
1780864441407 0.155600443482399 2929
1780864441410 0.028437959030270576 2930
1780864441413 0.06782016158103943 2931
1780864441416 0.14497099816799164 2932
1780864441418 0.09024235606193542 2933
1780864441421 0.11904026567935944 2934
1780864441424 0.19740523397922516 2935
1780864441426 0.09795784950256348 2936
1780864441430 0.09639980643987656 2937
1780864441434 0.1763184815645218 2938
1780864441437 0.15603695809841156 2939
1780864441441 0.09716521203517914 2940
1780864441444 0.11728768050670624 2941
1780864441447 0.09150797873735428 2942
1780864441450 0.11798515915870667 2943
1780864441457 0.1093621701002121 2944
1780864441464 0.060694463551044464 2945
1780864441471 0.07720090448856354 2946
1780864441475 0.14091889560222626 2947
1780864441484 0.048088155686855316 2948
1780864441488 0.24489760398864746 2949
1780864441493 0.08841222524642944 2950
1780864441498 0.16554056107997894 2951
1780864441502 0.13000144064426422 2952
1780864441505 0.06283213943243027 2953
1780864441509 0.025989338755607605 2954
1780864441512 0.06842441111803055 2955
1780864441515 0.09253724664449692 2956
1780864441519 0.07367704808712006 2957
1780864441522 0.08838514983654022 2958
1780864441525 0.19721773266792297 2959
1780864441529 0.04278232529759407 2960
1780864441532 0.08456997573375702 2961
1780864441535 0.047255922108888626 2962
1780864441539 0.11708267033100128 2963
1780864441541 0.045342739671468735 2964
1780864441544 0.18117491900920868 2965
1780864441547 0.09034597873687744 2966
1780864441551 0.10194402188062668 2967
1780864441554 0.10967808961868286 2968
1780864441556 0.07510101050138474 2969
1780864441560 0.0767204612493515 2970
1780864441563 0.046694066375494 2971
1780864441567 0.06806943565607071 2972
1780864441570 0.10865692049264908 2973
1780864441574 0.1000889390707016 2974
1780864441576 0.15563037991523743 2975
1780864441579 0.16829001903533936 2976
1780864441583 0.12321943044662476 2977
1780864441585 0.3070993721485138 2978
1780864441588 0.189284548163414 2979
1780864441591 0.11386033147573471 2980
1780864441594 0.04008643329143524 2981
1780864441597 0.14079171419143677 2982
1780864441600 0.041579876095056534 2983
1780864441603 0.23457415401935577 2984
1780864441605 0.03309335932135582 2985
1780864441608 0.0809512734413147 2986
1780864441611 0.08322926610708237 2987
1780864441614 0.06919548660516739 2988
1780864441617 0.1610795110464096 2989
1780864441619 0.21130138635635376 2990
1780864441623 0.058844562619924545 2991
1780864441627 0.06778676062822342 2992
1780864441630 0.32966136932373047 2993
1780864441633 0.07300024479627609 2994
1780864441636 0.09406709671020508 2995
1780864441639 0.16013455390930176 2996
1780864441641 0.16888655722141266 2997
1780864441644 0.11518171429634094 2998
1780864441647 0.22630903124809265 2999
1780864441650 0.06465648859739304 3000
1780864441652 0.1076795905828476 3001
1780864441656 0.034474991261959076 3002
1780864441659 0.09318993240594864 3003
1780864441662 0.04569942504167557 3004
1780864441665 0.11664712429046631 3005
1780864441668 0.09708598256111145 3006
1780864441670 0.1877451390028 3007
1780864441673 0.23223096132278442 3008
1780864441676 0.06761488318443298 3009
1780864441679 0.038619812577962875 3010
1780864441682 0.031963493674993515 3011
1780864441685 0.059543807059526443 3012
1780864441688 0.16318652033805847 3013
1780864441691 0.15962691605091095 3014
1780864441694 0.09630347043275833 3015
1780864441696 0.03387241065502167 3016
1780864441699 0.07944413274526596 3017
1780864441702 0.13396485149860382 3018
1780864441705 0.19129793345928192 3019
1780864441708 0.09782687574625015 3020
1780864441711 0.11480189114809036 3021
1780864441714 0.08108355104923248 3022
1780864441717 0.09608730673789978 3023
1780864441719 0.05558067560195923 3024
1780864441722 0.034350790083408356 3025
1780864441725 0.13987286388874054 3026
1780864441728 0.06220552325248718 3027
1780864441742 0.13969199359416962 3028
1780864441745 0.1226433739066124 3029
1780864441749 0.032369740307331085 3030
1780864441753 0.08663428574800491 3031
1780864441756 0.07690374553203583 3032
1780864441760 0.1064683049917221 3033
1780864441763 0.059226054698228836 3034
1780864441766 0.10610121488571167 3035
1780864441770 0.17939750850200653 3036
1780864441773 0.19133920967578888 3037
1780864441776 0.16787953674793243 3038
1780864441779 0.18769291043281555 3039
1780864441783 0.0321025587618351 3040
1780864441786 0.26253247261047363 3041
1780864441789 0.14448674023151398 3042
1780864441792 0.16154037415981293 3043
1780864441795 0.12283574789762497 3044
1780864441798 0.120264932513237 3045
1780864441801 0.20948095619678497 3046
1780864441805 0.14736807346343994 3047
1780864441808 0.10987759381532669 3048
1780864441811 0.07586999982595444 3049
1780864441814 0.10964584350585938 3050
1780864441817 0.15685413777828217 3051
1780864441820 0.07233218848705292 3052
1780864441824 0.21392467617988586 3053
1780864441826 0.15126846730709076 3054
1780864441829 0.21348005533218384 3055
1780864441832 0.03318215534090996 3056
1780864441835 0.19247879087924957 3057
1780864441838 0.16773410141468048 3058
1780864441841 0.033221062272787094 3059
1780864441844 0.13842637836933136 3060
1780864441848 0.10888799279928207 3061
1780864441851 0.043656084686517715 3062
1780864441854 0.016301065683364868 3063
1780864441857 0.05102831870317459 3064
1780864441860 0.04021744802594185 3065
1780864441863 0.14344078302383423 3066
1780864441865 0.03922755643725395 3067
1780864441868 0.15404348075389862 3068
1780864441871 0.0654524639248848 3069
1780864441874 0.15841570496559143 3070
1780864441878 0.02999000996351242 3071
1780864441881 0.06789343804121017 3072
1780864441883 0.056857019662857056 3073
1780864441886 0.11511792987585068 3074
1780864441889 0.04240020737051964 3075
1780864441892 0.087140753865242 3076
1780864441895 0.031474608927965164 3077
1780864441898 0.037067536264657974 3078
1780864441901 0.08756642788648605 3079
1780864441904 0.15614831447601318 3080
1780864441907 0.03951539844274521 3081
1780864441910 0.07934001833200455 3082
1780864441913 0.09179815649986267 3083
1780864441916 0.10535788536071777 3084
1780864441919 0.09633717685937881 3085
1780864441922 0.0404893159866333 3086
1780864441925 0.1638832688331604 3087
1780864441928 0.09739311039447784 3088
1780864441931 0.04557672142982483 3089
1780864441934 0.18942704796791077 3090
1780864441936 0.14560744166374207 3091
1780864441939 0.03811178356409073 3092
1780864441942 0.24594685435295105 3093
1780864441945 0.04544426128268242 3094
1780864441948 0.02117869257926941 3095
1780864441951 0.11978328973054886 3096
1780864441954 0.23424318432807922 3097
1780864441957 0.0654243528842926 3098
1780864441960 0.12659025192260742 3099
1780864441963 0.12286058068275452 3100
1780864441966 0.11284265667200089 3101
1780864441969 0.2893720865249634 3102
1780864441972 0.07390622049570084 3103
1780864441975 0.03278067708015442 3104
1780864441977 0.03547590970993042 3105
1780864441980 0.05632832273840904 3106
1780864441983 0.1705292910337448 3107
1780864441986 0.05587810277938843 3108
1780864441989 0.04168522357940674 3109
1780864441992 0.20621587336063385 3110
1780864441995 0.06791097670793533 3111
1780864441998 0.15516895055770874 3112
1780864442001 0.11559668183326721 3113
1780864442004 0.08249476552009583 3114
1780864442007 0.10205338895320892 3115
1780864442010 0.1025710329413414 3116
1780864442013 0.1614631861448288 3117
1780864442016 0.0821770429611206 3118
1780864442019 0.02523970790207386 3119
1780864442022 0.2536269724369049 3120
1780864442025 0.42944657802581787 3121
1780864442028 0.0387110635638237 3122
1780864442030 0.034873440861701965 3123
1780864442033 0.11898746341466904 3124
1780864442036 0.027211684733629227 3125
1780864442039 0.09307587146759033 3126
1780864442041 0.08434321731328964 3127
1780864442044 0.16779384016990662 3128
1780864442047 0.07598958909511566 3129
1780864442050 0.0786176323890686 3130
1780864442053 0.14549611508846283 3131
1780864442057 0.17139369249343872 3132
1780864442059 0.06139698997139931 3133
1780864442062 0.05046848952770233 3134
1780864442065 0.11355290561914444 3135
1780864442068 0.2236773520708084 3136
1780864442071 0.12148190289735794 3137
1780864442074 0.21502931416034698 3138
1780864442077 0.11905709654092789 3139
1780864442080 0.08116751164197922 3140
1780864442083 0.11367397755384445 3141
1780864442086 0.028025595471262932 3142
1780864442089 0.10302815586328506 3143
1780864442092 0.04920731484889984 3144
1780864442095 0.1116158589720726 3145
1780864442098 0.13992707431316376 3146
1780864442101 0.11591780930757523 3147
1780864442104 0.08120552450418472 3148
1780864442107 0.04250302165746689 3149
1780864442110 0.1035894900560379 3150
1780864442113 0.09120751917362213 3151
1780864442116 0.14793166518211365 3152
1780864442119 0.07039061188697815 3153
1780864442122 0.18400923907756805 3154
1780864442125 0.030614187940955162 3155
1780864442128 0.030786855146288872 3156
1780864442130 0.21568772196769714 3157
1780864442133 0.28160059452056885 3158
1780864442136 0.09446735680103302 3159
1780864442139 0.14143343269824982 3160
1780864442141 0.03965311497449875 3161
1780864442145 0.08634831756353378 3162
1780864442148 0.1371045708656311 3163
1780864442150 0.17597423493862152 3164
1780864442153 0.15535517036914825 3165
1780864442156 0.06344082206487656 3166
1780864442158 0.028000859543681145 3167
1780864442162 0.12721478939056396 3168
1780864442165 0.09871143102645874 3169
1780864442167 0.07739005982875824 3170
1780864442170 0.11157771944999695 3171
1780864442173 0.10592447221279144 3172
1780864442176 0.06441529095172882 3173
1780864442179 0.12890218198299408 3174
1780864442182 0.1601327359676361 3175
1780864442185 0.10773477703332901 3176
1780864442188 0.08080467581748962 3177
1780864442191 0.05147600173950195 3178
1780864442195 0.15936094522476196 3179
1780864442197 0.04354329779744148 3180
1780864442200 0.14888788759708405 3181
1780864442203 0.11181104928255081 3182
1780864442206 0.28774958848953247 3183
1780864442209 0.1683155745267868 3184
1780864442213 0.0726243257522583 3185
1780864442215 0.05446961149573326 3186
1780864442218 0.17603954672813416 3187
1780864442221 0.17736530303955078 3188
1780864442224 0.17147091031074524 3189
1780864442227 0.2332298457622528 3190
1780864442229 0.11212093383073807 3191
1780864442232 0.12313008308410645 3192
1780864442235 0.10670505464076996 3193
1780864442238 0.12246733903884888 3194
1780864442241 0.18365436792373657 3195
1780864442244 0.19125980138778687 3196
1780864442247 0.11833707243204117 3197
1780864442250 0.10165798664093018 3198
1780864442253 0.07223401963710785 3199
1780864442256 0.11560409516096115 3200
1780864442259 0.12854604423046112 3201
1780864442262 0.07101530581712723 3202
1780864442265 0.07955962419509888 3203
1780864442268 0.1255071610212326 3204
1780864442271 0.09299831092357635 3205
1780864442274 0.1289757788181305 3206
1780864442277 0.056228578090667725 3207
1780864442280 0.05331461504101753 3208
1780864442283 0.06731640547513962 3209
1780864442286 0.12193825095891953 3210
1780864442289 0.10321950167417526 3211
1780864442292 0.07408332079648972 3212
1780864442295 0.15727120637893677 3213
1780864442298 0.026647526770830154 3214
1780864442301 0.38080349564552307 3215
1780864442303 0.13395878672599792 3216
1780864442306 0.04089164733886719 3217
1780864442309 0.10909352451562881 3218
1780864442312 0.08673539757728577 3219
1780864442315 0.16146674752235413 3220
1780864442317 0.19767160713672638 3221
1780864442320 0.1419982612133026 3222
1780864442323 0.10371218621730804 3223
1780864442326 0.1367972046136856 3224
1780864442329 0.09026241302490234 3225
1780864442332 0.06359289586544037 3226
1780864442335 0.10127022862434387 3227
1780864442337 0.10122531652450562 3228
1780864442340 0.18315552175045013 3229
1780864442343 0.1320827752351761 3230
1780864442346 0.10134705901145935 3231
1780864442348 0.04475780948996544 3232
1780864442351 0.047221869230270386 3233
1780864442355 0.09764162451028824 3234
1780864442357 0.16503120958805084 3235
1780864442360 0.03740154951810837 3236
1780864442363 0.03584016114473343 3237
1780864442365 0.03619170933961868 3238
1780864442368 0.1355554312467575 3239
1780864442371 0.21124835312366486 3240
1780864442374 0.10649953782558441 3241
1780864442377 0.1153046190738678 3242
1780864442380 0.1433597207069397 3243
1780864442382 0.17203669250011444 3244
1780864442385 0.06577539443969727 3245
1780864442388 0.07473087310791016 3246
1780864442391 0.23109102249145508 3247
1780864442394 0.17486245930194855 3248
1780864442397 0.20031268894672394 3249
1780864442399 0.05434398353099823 3250
1780864442402 0.09336990118026733 3251
1780864442405 0.10655366629362106 3252
1780864442408 0.041188839823007584 3253
1780864442411 0.08076263964176178 3254
1780864442414 0.03214879706501961 3255
1780864442417 0.11067184805870056 3256
1780864442420 0.08874007314443588 3257
1780864442424 0.14462149143218994 3258
1780864442427 0.03125625476241112 3259
1780864442430 0.07959014177322388 3260
1780864442433 0.034172944724559784 3261
1780864442437 0.021737119182944298 3262
1780864442439 0.09844864904880524 3263
1780864442442 0.07278088480234146 3264
1780864442445 0.22188499569892883 3265
1780864442448 0.09728780388832092 3266
1780864442451 0.10395307838916779 3267
1780864442453 0.027264410629868507 3268
1780864442457 0.05667543038725853 3269
1780864442459 0.05594559386372566 3270
1780864442462 0.14522747695446014 3271
1780864442465 0.20613496005535126 3272
1780864442468 0.08582434803247452 3273
1780864442472 0.15591396391391754 3274
1780864442475 0.08090902864933014 3275
1780864442477 0.08607256412506104 3276
1780864442480 0.09396208077669144 3277
1780864442483 0.10784844309091568 3278
1780864442486 0.08290985226631165 3279
1780864442489 0.14798453450202942 3280
1780864442493 0.11695631593465805 3281
1780864442496 0.028251580893993378 3282
1780864442499 0.07439474016427994 3283
1780864442503 0.12090346962213516 3284
1780864442506 0.09368979185819626 3285
1780864442509 0.01645931974053383 3286
1780864442512 0.055970966815948486 3287
1780864442516 0.29229217767715454 3288
1780864442518 0.09480764716863632 3289
1780864442521 0.019102370366454124 3290
1780864442524 0.11307051032781601 3291
1780864442527 0.026921145617961884 3292
1780864442529 0.12796300649642944 3293
1780864442534 0.17970627546310425 3294
1780864442537 0.05998020991683006 3295
1780864442540 0.034994371235370636 3296
1780864442543 0.20410294830799103 3297
1780864442545 0.038691479712724686 3298
1780864442549 0.14047013223171234 3299
1780864442552 0.1637594997882843 3300
1780864442555 0.275920033454895 3301
1780864442558 0.04374205693602562 3302
1780864442561 0.09467604011297226 3303
1780864442563 0.06049620732665062 3304
1780864442566 0.10633297264575958 3305
1780864442569 0.18831861019134521 3306
1780864442572 0.13129647076129913 3307
1780864442575 0.06449595838785172 3308
1780864442578 0.04943758249282837 3309
1780864442580 0.20734381675720215 3310
1780864442584 0.05441084876656532 3311
1780864442587 0.06981564313173294 3312
1780864442590 0.05805356800556183 3313
1780864442593 0.11833727359771729 3314
1780864442597 0.09404261410236359 3315
1780864442601 0.07292113453149796 3316
1780864442604 0.10191959887742996 3317
1780864442607 0.0664023905992508 3318
1780864442610 0.056671544909477234 3319
1780864442613 0.18226566910743713 3320
1780864442615 0.08097004145383835 3321
1780864442619 0.03416570648550987 3322
1780864442621 0.09208264201879501 3323
1780864442624 0.19608351588249207 3324
1780864442627 0.10792090743780136 3325
1780864442631 0.041556864976882935 3326
1780864442634 0.10302670300006866 3327
1780864442637 0.07973992824554443 3328
1780864442639 0.2286262810230255 3329
1780864442642 0.1158752590417862 3330
1780864442645 0.16214437782764435 3331
1780864442648 0.10991284251213074 3332
1780864442651 0.10895267128944397 3333
1780864442654 0.11823613196611404 3334
1780864442658 0.07559782266616821 3335
1780864442660 0.04354093223810196 3336
1780864442664 0.15434779226779938 3337
1780864442667 0.1316620260477066 3338
1780864442670 0.053799595683813095 3339
1780864442672 0.17530807852745056 3340
1780864442675 0.053013578057289124 3341
1780864442678 0.13561618328094482 3342
1780864442681 0.02362215891480446 3343
1780864442684 0.11329890787601471 3344
1780864442688 0.09871667623519897 3345
1780864442691 0.0724886879324913 3346
1780864442694 0.11450060456991196 3347
1780864442697 0.040951237082481384 3348
1780864442699 0.07766667008399963 3349
1780864442703 0.034799300134181976 3350
1780864442706 0.1105690598487854 3351
1780864442709 0.22910581529140472 3352
1780864442711 0.03404853492975235 3353
1780864442714 0.11922310292720795 3354
1780864442716 0.04233284294605255 3355
1780864442719 0.11381876468658447 3356
1780864442722 0.06360278278589249 3357
1780864442725 0.2225065678358078 3358
1780864442728 0.1854928731918335 3359
1780864442731 0.07249610871076584 3360
1780864442734 0.05999162048101425 3361
1780864442737 0.06026645004749298 3362
1780864442740 0.03217415139079094 3363
1780864442743 0.2667200267314911 3364
1780864442746 0.05642597749829292 3365
1780864442749 0.11537820845842361 3366
1780864442751 0.09042428433895111 3367
1780864442754 0.04762544482946396 3368
1780864442757 0.05332847312092781 3369
1780864442760 0.14314310252666473 3370
1780864442763 0.05309870466589928 3371
1780864442766 0.09714038670063019 3372
1780864442769 0.18199434876441956 3373
1780864442772 0.1586611419916153 3374
1780864442777 0.08669032156467438 3375
1780864442780 0.05929511412978172 3376
1780864442783 0.07546825706958771 3377
1780864442786 0.11909577995538712 3378
1780864442789 0.1299578845500946 3379
1780864442792 0.1675383597612381 3380
1780864442796 0.06910599023103714 3381
1780864442799 0.18009357154369354 3382
1780864442802 0.08342062681913376 3383
1780864442805 0.18848150968551636 3384
1780864442809 0.2514093816280365 3385
1780864442812 0.25664544105529785 3386
1780864442815 0.05400620028376579 3387
1780864442818 0.09742866456508636 3388
1780864442822 0.17376431822776794 3389
1780864442825 0.1984967291355133 3390
1780864442829 0.1721402406692505 3391
1780864442833 0.10594772547483444 3392
1780864442836 0.08209177851676941 3393
1780864442839 0.06818527728319168 3394
1780864442843 0.10393619537353516 3395
1780864442846 0.34405967593193054 3396
1780864442850 0.2042362540960312 3397
1780864442853 0.06756605952978134 3398
1780864442856 0.05127410218119621 3399
1780864442859 0.232247456908226 3400
1780864442862 0.05641021206974983 3401
1780864442865 0.0985681489109993 3402
1780864442868 0.17580603063106537 3403
1780864442872 0.19278362393379211 3404
1780864442876 0.0943225622177124 3405
1780864442880 0.20583578944206238 3406
1780864442883 0.17759136855602264 3407
1780864442886 0.05041128769516945 3408
1780864442891 0.03463997691869736 3409
1780864442894 0.04769004136323929 3410
1780864442897 0.1235496923327446 3411
1780864442900 0.2019079476594925 3412
1780864442904 0.13888311386108398 3413
1780864442907 0.04280628263950348 3414
1780864442910 0.09518389403820038 3415
1780864442913 0.06713561713695526 3416
1780864442916 0.09771431982517242 3417
1780864442920 0.0879826545715332 3418
1780864442924 0.09247896820306778 3419
1780864442927 0.07044777274131775 3420
1780864442930 0.13908691704273224 3421
1780864442933 0.06558781862258911 3422
1780864442936 0.1020672544836998 3423
1780864442939 0.047722090035676956 3424
1780864442943 0.08287976682186127 3425
1780864442947 0.04979759082198143 3426
1780864442949 0.08888401091098785 3427
1780864442953 0.1416121870279312 3428
1780864442956 0.04293246194720268 3429
1780864442959 0.3081231117248535 3430
1780864442962 0.1538992077112198 3431
1780864442965 0.07856966555118561 3432
1780864442968 0.08679777383804321 3433
1780864442972 0.054383646696805954 3434
1780864442975 0.09066726267337799 3435
1780864442978 0.10937750339508057 3436
1780864442981 0.040497563779354095 3437
1780864442984 0.03712084889411926 3438
1780864442986 0.16631869971752167 3439
1780864442990 0.18194445967674255 3440
1780864442992 0.035562317818403244 3441
1780864442995 0.10579156130552292 3442
1780864442998 0.034103378653526306 3443
1780864443001 0.08277203887701035 3444
1780864443004 0.1677936315536499 3445
1780864443007 0.12985235452651978 3446
1780864443011 0.08991804718971252 3447
1780864443013 0.13905403017997742 3448
1780864443016 0.2693645656108856 3449
1780864443019 0.0947372242808342 3450
1780864443022 0.09653090685606003 3451
1780864443025 0.03817255422472954 3452
1780864443028 0.20653298497200012 3453
1780864443030 0.07447025924921036 3454
1780864443033 0.13257171213626862 3455
1780864443037 0.08995454758405685 3456
1780864443040 0.01189349964261055 3457
1780864443043 0.06083353981375694 3458
1780864443045 0.07190915197134018 3459
1780864443048 0.10524166375398636 3460
1780864443051 0.04617152363061905 3461
1780864443054 0.10843019932508469 3462
1780864443057 0.052351899445056915 3463
1780864443060 0.04851141199469566 3464
1780864443063 0.03678440675139427 3465
1780864443066 0.04086707532405853 3466
1780864443069 0.10146679729223251 3467
1780864443072 0.09683357924222946 3468
1780864443075 0.12354984134435654 3469
1780864443078 0.12280777841806412 3470
1780864443081 0.05473071709275246 3471
1780864443085 0.04179321601986885 3472
1780864443089 0.10024860501289368 3473
1780864443091 0.04591767117381096 3474
1780864443094 0.015876058489084244 3475
1780864443097 0.21186207234859467 3476
1780864443100 0.14450940489768982 3477
1780864443102 0.2702208161354065 3478
1780864443105 0.12893450260162354 3479
1780864443108 0.1057010218501091 3480
1780864443110 0.08122095465660095 3481
1780864443113 0.07093195617198944 3482
1780864443116 0.05564987659454346 3483
1780864443119 0.1597159206867218 3484
1780864443122 0.07998669892549515 3485
1780864443125 0.208845853805542 3486
1780864443128 0.05735379830002785 3487
1780864443131 0.04332615062594414 3488
1780864443133 0.05022171512246132 3489
1780864443136 0.04074542969465256 3490
1780864443139 0.1358758956193924 3491
1780864443143 0.16756904125213623 3492
1780864443146 0.02644980698823929 3493
1780864443149 0.24299868941307068 3494
1780864443152 0.06141781061887741 3495
1780864443155 0.12076181173324585 3496
1780864443157 0.14628355205059052 3497
1780864443160 0.026559891179203987 3498
1780864443164 0.08908092230558395 3499
1780864443167 0.05263158679008484 3500
1780864443171 0.03751537948846817 3501
1780864443173 0.12855561077594757 3502
1780864443176 0.33188870549201965 3503
1780864443179 0.08572249114513397 3504
1780864443182 0.22753219306468964 3505
1780864443185 0.2265848070383072 3506
1780864443188 0.20495115220546722 3507
1780864443192 0.12895821034908295 3508
1780864443194 0.23484347760677338 3509
1780864443197 0.02281801402568817 3510
1780864443200 0.08521487563848495 3511
1780864443203 0.08430826663970947 3512
1780864443205 0.06571763753890991 3513
1780864443208 0.07876114547252655 3514
1780864443211 0.1121981292963028 3515
1780864443214 0.08326580375432968 3516
1780864443216 0.08307498693466187 3517
1780864443219 0.0997830182313919 3518
1780864443222 0.3193700611591339 3519
1780864443225 0.05545588582754135 3520
1780864443228 0.23485825955867767 3521
1780864443231 0.06230299174785614 3522
1780864443234 0.06846192479133606 3523
1780864443237 0.10925912111997604 3524
1780864443239 0.1399502158164978 3525
1780864443242 0.13429206609725952 3526
1780864443245 0.07560309767723083 3527
1780864443248 0.057433657348155975 3528
1780864443251 0.08868679404258728 3529
1780864443254 0.28840065002441406 3530
1780864443257 0.1186290755867958 3531
1780864443260 0.06248442456126213 3532
1780864443263 0.20810142159461975 3533
1780864443266 0.0430619940161705 3534
1780864443269 0.15919090807437897 3535
1780864443271 0.18488158285617828 3536
1780864443274 0.07378654927015305 3537
1780864443278 0.37217071652412415 3538
1780864443281 0.14347678422927856 3539
1780864443283 0.07536094635725021 3540
1780864443286 0.03532982990145683 3541
1780864443290 0.02632370963692665 3542
1780864443293 0.10586924850940704 3543
1780864443295 0.07174211740493774 3544
1780864443298 0.05428687855601311 3545
1780864443301 0.03892972692847252 3546
1780864443303 0.14254885911941528 3547
1780864443306 0.05006184056401253 3548
1780864443309 0.06247880309820175 3549
1780864443312 0.013068266212940216 3550
1780864443315 0.04551733657717705 3551
1780864443318 0.11861217767000198 3552
1780864443320 0.15979984402656555 3553
1780864443323 0.18881967663764954 3554
1780864443326 0.11379344016313553 3555
1780864443329 0.046890560537576675 3556
1780864443332 0.07112954556941986 3557
1780864443335 0.0770740807056427 3558
1780864443338 0.027245061472058296 3559
1780864443340 0.04336140677332878 3560
1780864443343 0.02437339909374714 3561
1780864443346 0.029881305992603302 3562
1780864443349 0.18761642277240753 3563
1780864443352 0.08817579597234726 3564
1780864443354 0.08810359984636307 3565
1780864443357 0.02785082906484604 3566
1780864443361 0.12641851603984833 3567
1780864443363 0.12962211668491364 3568
1780864443366 0.13228647410869598 3569
1780864443369 0.04189961403608322 3570
1780864443371 0.19441145658493042 3571
1780864443374 0.11778055876493454 3572
1780864443377 0.12281843274831772 3573
1780864443380 0.08425283432006836 3574
1780864443383 0.07043026387691498 3575
1780864443385 0.239136204123497 3576
1780864443388 0.3872646987438202 3577
1780864443391 0.23848620057106018 3578
1780864443393 0.13635782897472382 3579
1780864443396 0.030309997498989105 3580
1780864443399 0.13315823674201965 3581
1780864443402 0.093095563352108 3582
1780864443406 0.058600328862667084 3583
1780864443409 0.1902891844511032 3584
1780864443412 0.1717563271522522 3585
1780864443415 0.06833997368812561 3586
1780864443417 0.09977801889181137 3587
1780864443421 0.1023024320602417 3588
1780864443425 0.14343370497226715 3589
1780864443427 0.10323990881443024 3590
1780864443430 0.21471787989139557 3591
1780864443433 0.34988072514533997 3592
1780864443436 0.05873853713274002 3593
1780864443440 0.05906016007065773 3594
1780864443443 0.20706935226917267 3595
1780864443446 0.22564762830734253 3596
1780864443449 0.3138487935066223 3597
1780864443451 0.09254518896341324 3598
1780864443454 0.0254385806620121 3599
1780864443458 0.17715252935886383 3600
1780864443461 0.04863901808857918 3601
1780864443464 0.07842382788658142 3602
1780864443466 0.03534533083438873 3603
1780864443470 0.14601683616638184 3604
1780864443474 0.2167663425207138 3605
1780864443477 0.04378170892596245 3606
1780864443480 0.12574559450149536 3607
1780864443483 0.08140885829925537 3608
1780864443485 0.07285013049840927 3609
1780864443488 0.04436291754245758 3610
1780864443491 0.11122578382492065 3611
1780864443494 0.0524427704513073 3612
1780864443497 0.07176773995161057 3613
1780864443500 0.10771408677101135 3614
1780864443503 0.0671008750796318 3615
1780864443506 0.0151418037712574 3616
1780864443509 0.17308372259140015 3617
1780864443512 0.25382718443870544 3618
1780864443515 0.06639929115772247 3619
1780864443518 0.08269345015287399 3620
1780864443522 0.11060753464698792 3621
1780864443525 0.12613677978515625 3622
1780864443528 0.06784875690937042 3623
1780864443531 0.12807288765907288 3624
1780864443534 0.08869937807321548 3625
1780864443537 0.12241661548614502 3626
1780864443540 0.07956518232822418 3627
1780864443543 0.028832165524363518 3628
1780864443546 0.034596897661685944 3629
1780864443549 0.0911303460597992 3630
1780864443552 0.09159451723098755 3631
1780864443555 0.0427660197019577 3632
1780864443559 0.04624645411968231 3633
1780864443562 0.16307517886161804 3634
1780864443565 0.034403689205646515 3635
1780864443568 0.23107078671455383 3636
1780864443571 0.15355107188224792 3637
1780864443574 0.22698348760604858 3638
1780864443577 0.05007203295826912 3639
1780864443580 0.08001304417848587 3640
1780864443583 0.16071441769599915 3641
1780864443586 0.20017890632152557 3642
1780864443589 0.05959852784872055 3643
1780864443591 0.05109916254878044 3644
1780864443594 0.10836876183748245 3645
1780864443597 0.1245797723531723 3646
1780864443600 0.10029485076665878 3647
1780864443603 0.0761994943022728 3648
1780864443606 0.11495447158813477 3649
1780864443609 0.15679824352264404 3650
1780864443612 0.19621899724006653 3651
1780864443615 0.17915847897529602 3652
1780864443618 0.038065191358327866 3653
1780864443621 0.1259671151638031 3654
1780864443624 0.09646566957235336 3655
1780864443626 0.028062298893928528 3656
1780864443630 0.2518622875213623 3657
1780864443633 0.10778636485338211 3658
1780864443636 0.07203863561153412 3659
1780864443639 0.031184835359454155 3660
1780864443642 0.1601698249578476 3661
1780864443645 0.05512598901987076 3662
1780864443647 0.08665140718221664 3663
1780864443652 0.09637629985809326 3664
1780864443655 0.09250452369451523 3665
1780864443658 0.10716214776039124 3666
1780864443660 0.09964797645807266 3667
1780864443663 0.0885104164481163 3668
1780864443666 0.11567941308021545 3669
1780864443670 0.17139889299869537 3670
1780864443672 0.325793594121933 3671
1780864443675 0.26171839237213135 3672
1780864443678 0.07892736792564392 3673
1780864443681 0.04745066165924072 3674
1780864443684 0.06524181365966797 3675
1780864443687 0.1196182444691658 3676
1780864443690 0.08511658012866974 3677
1780864443693 0.05990803986787796 3678
1780864443695 0.03212689608335495 3679
1780864443698 0.06280677020549774 3680
1780864443701 0.031755294650793076 3681
1780864443704 0.06862691044807434 3682
1780864443707 0.07361523807048798 3683
1780864443710 0.327859103679657 3684
1780864443713 0.06911077350378036 3685
1780864443716 0.30132341384887695 3686
1780864443719 0.03289732709527016 3687
1780864443721 0.04911698028445244 3688
1780864443724 0.07419989258050919 3689
1780864443727 0.09030787646770477 3690
1780864443730 0.17330946028232574 3691
1780864443733 0.046940844506025314 3692
1780864443736 0.05909494310617447 3693
1780864443739 0.15137195587158203 3694
1780864443741 0.07089095562696457 3695
1780864443744 0.06600899249315262 3696
1780864443748 0.10321812331676483 3697
1780864443751 0.12499192357063293 3698
1780864443753 0.3795493245124817 3699
1780864443756 0.04408169165253639 3700
1780864443759 0.06394471228122711 3701
1780864443763 0.17596553266048431 3702
1780864443766 0.04587208479642868 3703
1780864443769 0.1805955022573471 3704
1780864443772 0.13853873312473297 3705
1780864443774 0.16382353007793427 3706
1780864443777 0.03956142067909241 3707
1780864443780 0.06667095422744751 3708
1780864443784 0.14557024836540222 3709
1780864443786 0.0741000771522522 3710
1780864443789 0.024123985320329666 3711
1780864443792 0.21089261770248413 3712
1780864443795 0.10919316858053207 3713
1780864443798 0.09387687593698502 3714
1780864443801 0.08064014464616776 3715
1780864443804 0.12467320263385773 3716
1780864443807 0.16794827580451965 3717
1780864443811 0.0679050162434578 3718
1780864443813 0.11609361320734024 3719
1780864443817 0.04599964991211891 3720
1780864443821 0.16984401643276215 3721
1780864443824 0.13176585733890533 3722
1780864443827 0.1657457947731018 3723
1780864443831 0.09121175110340118 3724
1780864443834 0.03751383721828461 3725
1780864443837 0.11785673350095749 3726
1780864443840 0.04952893778681755 3727
1780864443843 0.05940137803554535 3728
1780864443846 0.10554555803537369 3729
1780864443849 0.13529562950134277 3730
1780864443852 0.14613614976406097 3731
1780864443854 0.05564571171998978 3732
1780864443857 0.13461588323116302 3733
1780864443860 0.06947316974401474 3734
1780864443863 0.1815381795167923 3735
1780864443866 0.04318729788064957 3736
1780864443869 0.1416509747505188 3737
1780864443872 0.13612376153469086 3738
1780864443875 0.15552093088626862 3739
1780864443878 0.15760783851146698 3740
1780864443881 0.014690064825117588 3741
1780864443883 0.078480564057827 3742
1780864443886 0.15361301600933075 3743
1780864443889 0.05503302812576294 3744
1780864443892 0.16388434171676636 3745
1780864443895 0.1368345022201538 3746
1780864443899 0.03472466021776199 3747
1780864444067 0.026565447449684143 3748
1780864444071 0.27824094891548157 3749
1780864444074 0.17972931265830994 3750
1780864444077 0.05216534063220024 3751
1780864444080 0.10987149178981781 3752
1780864444082 0.09398209303617477 3753
1780864444085 0.11270280182361603 3754
1780864444088 0.22001414000988007 3755
1780864444091 0.12066469341516495 3756
1780864444094 0.15970927476882935 3757
1780864444096 0.109856016933918 3758
1780864444099 0.14766718447208405 3759
1780864444102 0.05752992257475853 3760
1780864444105 0.14631439745426178 3761
1780864444107 0.05175112560391426 3762
1780864444110 0.18678437173366547 3763
1780864444113 0.03663415461778641 3764
1780864444116 0.03155948594212532 3765
1780864444119 0.09547995775938034 3766
1780864444122 0.07278920710086823 3767
1780864444125 0.05621227249503136 3768
1780864444128 0.11311280727386475 3769
1780864444131 0.10155919939279556 3770
1780864444134 0.06483400613069534 3771
1780864444138 0.07841619104146957 3772
1780864444141 0.07080663740634918 3773
1780864444144 0.09141092747449875 3774
1780864444147 0.0686347633600235 3775
1780864444150 0.08549196273088455 3776
1780864444153 0.0746983140707016 3777
1780864444155 0.09936322271823883 3778
1780864444158 0.057590778917074203 3779
1780864444161 0.02854781411588192 3780
1780864444165 0.058501146733760834 3781
1780864444168 0.12746071815490723 3782
1780864444170 0.1468101143836975 3783
1780864444173 0.02417786978185177 3784
1780864444176 0.08238997310400009 3785
1780864444178 0.14100448787212372 3786
1780864444181 0.11131182312965393 3787
1780864444184 0.1642606258392334 3788
1780864444186 0.09205923229455948 3789
1780864444189 0.15992367267608643 3790
1780864444192 0.0932924672961235 3791
1780864444195 0.07483307272195816 3792
1780864444198 0.08987867832183838 3793
1780864444201 0.06464726477861404 3794
1780864444204 0.4500431716442108 3795
1780864444206 0.07259071618318558 3796
1780864444209 0.033740025013685226 3797
1780864444212 0.016055218875408173 3798
1780864444215 0.13648147881031036 3799
1780864444218 0.19331935048103333 3800
1780864444220 0.06332339346408844 3801
1780864444223 0.10115284472703934 3802
1780864444226 0.03144719824194908 3803
1780864444228 0.06631927192211151 3804
1780864444231 0.14907397329807281 3805
1780864444234 0.21436041593551636 3806
1780864444239 0.18836553394794464 3807
1780864444242 0.11165504157543182 3808
1780864444245 0.19725064933300018 3809
1780864444248 0.039517566561698914 3810
1780864444251 0.03900900110602379 3811
1780864444254 0.1137266531586647 3812
1780864444257 0.19715110957622528 3813
1780864444259 0.14029259979724884 3814
1780864444262 0.1076248288154602 3815
1780864444265 0.1004687249660492 3816
1780864444268 0.15342707931995392 3817
1780864444271 0.10656773298978806 3818
1780864444273 0.08972883224487305 3819
1780864444276 0.047084420919418335 3820
1780864444278 0.04553786292672157 3821
1780864444283 0.058726485818624496 3822
1780864444286 0.09793117642402649 3823
1780864444288 0.06598705053329468 3824
1780864444291 0.05055942013859749 3825
1780864444294 0.07852493971586227 3826
1780864444296 0.08987914770841599 3827
1780864444299 0.09717237204313278 3828
1780864444302 0.034330494701862335 3829
1780864444305 0.023366037756204605 3830
1780864444307 0.022794269025325775 3831
1780864444310 0.10045889765024185 3832
1780864444313 0.19138632714748383 3833
1780864444316 0.12211240082979202 3834
1780864444319 0.13862177729606628 3835
1780864444322 0.03221268206834793 3836
1780864444324 0.15935488045215607 3837
1780864444327 0.027504336088895798 3838
1780864444330 0.062098968774080276 3839
1780864444333 0.07718227803707123 3840
1780864444335 0.02737938053905964 3841
1780864444339 0.2924470603466034 3842
1780864444342 0.06051623448729515 3843
1780864444345 0.06979459524154663 3844
1780864444348 0.03245174139738083 3845
1780864444351 0.04785758629441261 3846
1780864444354 0.05655761435627937 3847
1780864444357 0.20771823823451996 3848
1780864444360 0.13125883042812347 3849
1780864444363 0.06589069217443466 3850
1780864444365 0.0598156675696373 3851
1780864444368 0.022662222385406494 3852
1780864444371 0.17081628739833832 3853
1780864444374 0.05905856937170029 3854
1780864444376 0.0623670294880867 3855
1780864444379 0.20581859350204468 3856
1780864444382 0.09695124626159668 3857
1780864444385 0.08927007764577866 3858
1780864444388 0.12659001350402832 3859
1780864444391 0.16034428775310516 3860
1780864444394 0.11750564724206924 3861
1780864444397 0.04199206829071045 3862
1780864444400 0.14005059003829956 3863
1780864444403 0.18237029016017914 3864
1780864444406 0.10227779299020767 3865
1780864444408 0.06364458054304123 3866
1780864444411 0.14390608668327332 3867
1780864444414 0.16768741607666016 3868
1780864444417 0.07681762427091599 3869
1780864444419 0.20513996481895447 3870
1780864444422 0.07765695452690125 3871
1780864444425 0.0817018523812294 3872
1780864444428 0.2546233534812927 3873
1780864444431 0.038524553179740906 3874
1780864444434 0.022149676457047462 3875
1780864444437 0.2152031809091568 3876
1780864444440 0.10873588174581528 3877
1780864444443 0.041177935898303986 3878
1780864444446 0.04632918909192085 3879
1780864444449 0.23982608318328857 3880
1780864444452 0.023088686168193817 3881
1780864444454 0.08378374576568604 3882
1780864444457 0.06781097501516342 3883
1780864444460 0.06432145088911057 3884
1780864444463 0.02609381638467312 3885
1780864444466 0.03277965635061264 3886
1780864444468 0.07903499901294708 3887
1780864444471 0.14001135528087616 3888
1780864444474 0.017414381727576256 3889
1780864444477 0.12911592423915863 3890
1780864444480 0.06443650275468826 3891
1780864444483 0.16198664903640747 3892
1780864444486 0.05120973289012909 3893
1780864444488 0.03469661623239517 3894
1780864444492 0.14107002317905426 3895
1780864444495 0.11413447558879852 3896
1780864444497 0.19066856801509857 3897
1780864444500 0.10222810506820679 3898
1780864444503 0.04624878615140915 3899
1780864444506 0.08667037636041641 3900
1780864444509 0.25018054246902466 3901
1780864444512 0.06594748049974442 3902
1780864444515 0.05610857531428337 3903
1780864444518 0.05489323288202286 3904
1780864444521 0.10967778414487839 3905
1780864444524 0.10746066272258759 3906
1780864444527 0.0919385477900505 3907
1780864444530 0.04387623071670532 3908
1780864444532 0.16265548765659332 3909
1780864444535 0.057824235409498215 3910
1780864444538 0.04744477570056915 3911
1780864444541 0.03163113817572594 3912
1780864444545 0.04731682687997818 3913
1780864444548 0.1529638171195984 3914
1780864444552 0.12111809849739075 3915
1780864444554 0.10445297509431839 3916
1780864444557 0.17007391154766083 3917
1780864444560 0.11944101005792618 3918
1780864444563 0.04128192365169525 3919
1780864444566 0.12732408940792084 3920
1780864444569 0.108560711145401 3921
1780864444573 0.0314997136592865 3922
1780864444576 0.042844582349061966 3923
1780864444580 0.05295077711343765 3924
1780864444583 0.02580740861594677 3925
1780864444586 0.09777575731277466 3926
1780864444590 0.02964215911924839 3927
1780864444593 0.1192212849855423 3928
1780864444597 0.11993039399385452 3929
1780864444600 0.028193671256303787 3930
1780864444604 0.08659989386796951 3931
1780864444607 0.2701186537742615 3932
1780864444611 0.06819275766611099 3933
1780864444615 0.12514038383960724 3934
1780864444618 0.10653689503669739 3935
1780864444623 0.04002704471349716 3936
1780864444628 0.09516818821430206 3937
1780864444631 0.10654762387275696 3938
1780864444634 0.04150020331144333 3939
1780864444638 0.04699784144759178 3940
1780864444642 0.07302124053239822 3941
1780864444645 0.04938814043998718 3942
1780864444648 0.18356145918369293 3943
1780864444651 0.12840713560581207 3944
1780864444655 0.19323962926864624 3945
1780864444658 0.18550464510917664 3946
1780864444661 0.08849707245826721 3947
1780864444664 0.17236602306365967 3948
1780864444668 0.06560909003019333 3949
1780864444673 0.05259322002530098 3950
1780864444676 0.1060679629445076 3951
1780864444681 0.08785834908485413 3952
1780864444684 0.1204567402601242 3953
1780864444688 0.02967875264585018 3954
1780864444692 0.043044742196798325 3955
1780864444695 0.1326931118965149 3956
1780864444699 0.024053873494267464 3957
1780864444703 0.08775488287210464 3958
1780864444707 0.1749679148197174 3959
1780864444712 0.08330414444208145 3960
1780864444715 0.0603383406996727 3961
1780864444718 0.12036720663309097 3962
1780864444722 0.0940813198685646 3963
1780864444725 0.15344661474227905 3964
1780864444728 0.11492819339036942 3965
1780864444731 0.03419213369488716 3966
1780864444735 0.07254469394683838 3967
1780864444738 0.06059737130999565 3968
1780864444741 0.059511564671993256 3969
1780864444744 0.07852049171924591 3970
1780864444747 0.0936284139752388 3971
1780864444751 0.05019645392894745 3972
1780864444754 0.09855256974697113 3973
1780864444758 0.3394309878349304 3974
1780864444760 0.04290711134672165 3975
1780864444764 0.09028676897287369 3976
1780864444768 0.09043118357658386 3977
1780864444771 0.1033865287899971 3978
1780864444776 0.08383584022521973 3979
1780864444779 0.20314672589302063 3980
1780864444782 0.20764154195785522 3981
1780864444785 0.07363352179527283 3982
1780864444788 0.03981251269578934 3983
1780864444791 0.08617327362298965 3984
1780864444794 0.12578818202018738 3985
1780864444797 0.06528140604496002 3986
1780864444803 0.17041748762130737 3987
1780864444806 0.040270864963531494 3988
1780864444808 0.062215402722358704 3989
1780864444812 0.11392442882061005 3990
1780864444815 0.04566376283764839 3991
1780864444818 0.07791301608085632 3992
1780864444821 0.07600829005241394 3993
1780864444824 0.17515945434570312 3994
1780864444827 0.05054539442062378 3995
1780864444830 0.12361401319503784 3996
1780864444833 0.09964904189109802 3997
1780864444837 0.05364227294921875 3998
1780864444841 0.0728173702955246 3999
1780864444845 0.035267166793346405 4000
1780864444848 0.19196219742298126 4001
1780864444851 0.0743008628487587 4002
1780864444854 0.12687988579273224 4003
1780864444857 0.03708085045218468 4004
1780864444860 0.08244246989488602 4005
1780864444864 0.026412423700094223 4006
1780864444867 0.09019999951124191 4007
1780864444870 0.04059261083602905 4008
1780864444873 0.06823477894067764 4009
1780864444876 0.10272296518087387 4010
1780864444880 0.10605772584676743 4011
1780864444884 0.08843208849430084 4012
1780864444888 0.051501937210559845 4013
1780864444890 0.020335247740149498 4014
1780864444893 0.055083539336919785 4015
1780864444897 0.03198542445898056 4016
1780864444901 0.1313951462507248 4017
1780864444904 0.13819058239459991 4018
1780864444907 0.05895049124956131 4019
1780864444910 0.06304726004600525 4020
1780864444913 0.15936127305030823 4021
1780864444916 0.11839254200458527 4022
1780864444919 0.10345172137022018 4023
1780864444923 0.13260124623775482 4024
1780864444926 0.14832434058189392 4025
1780864444929 0.049311183393001556 4026
1780864444933 0.19312137365341187 4027
1780864444936 0.019674671813845634 4028
1780864444939 0.09470216184854507 4029
1780864444942 0.023207267746329308 4030
1780864444945 0.04509565234184265 4031
1780864444948 0.02671617828309536 4032
1780864444951 0.09791884571313858 4033
1780864444954 0.027553005144000053 4034
1780864444957 0.05049503594636917 4035
1780864444961 0.07634779810905457 4036
1780864444965 0.14769881963729858 4037
1780864444968 0.052231330424547195 4038
1780864444971 0.10715880244970322 4039
1780864444974 0.09034612029790878 4040
1780864444977 0.06974530220031738 4041
1780864444980 0.07442941516637802 4042
1780864444984 0.13308598101139069 4043
1780864444987 0.03219296783208847 4044
1780864444990 0.1727086752653122 4045
1780864444993 0.02914700284600258 4046
1780864444996 0.09163311123847961 4047
1780864444999 0.02400796487927437 4048
1780864445002 0.21073424816131592 4049
1780864445005 0.05820917710661888 4050
1780864445009 0.06294973939657211 4051
1780864445013 0.05883697420358658 4052
1780864445017 0.10167984664440155 4053
1780864445020 0.2422650158405304 4054
1780864445023 0.0978538990020752 4055
1780864445026 0.08719038218259811 4056
1780864445030 0.22790111601352692 4057
1780864445033 0.048566218465566635 4058
1780864445035 0.052821941673755646 4059
1780864445038 0.033454712480306625 4060
1780864445042 0.07117616385221481 4061
1780864445045 0.10923460870981216 4062
1780864445048 0.13029955327510834 4063
1780864445053 0.0764240175485611 4064
1780864445056 0.052145153284072876 4065
1780864445060 0.1414065957069397 4066
1780864445065 0.13264122605323792 4067
1780864445070 0.029832560569047928 4068
1780864445073 0.08803921192884445 4069
1780864445077 0.09160065650939941 4070
1780864445080 0.05692067742347717 4071
1780864445083 0.1476661115884781 4072
1780864445087 0.0689067542552948 4073
1780864445090 0.12217351794242859 4074
1780864445093 0.08246510475873947 4075
1780864445097 0.06581538915634155 4076
1780864445101 0.03618244826793671 4077
1780864445104 0.026397664099931717 4078
1780864445107 0.07496035099029541 4079
1780864445111 0.018492205068469048 4080
1780864445114 0.0361480675637722 4081
1780864445117 0.10718516260385513 4082
1780864445120 0.07779224216938019 4083
1780864445124 0.09252336621284485 4084
1780864445127 0.07206328958272934 4085
1780864445130 0.052912112325429916 4086
1780864445133 0.0572451576590538 4087
1780864445136 0.03119422122836113 4088
1780864445138 0.07085301727056503 4089
1780864445141 0.04926907643675804 4090
1780864445144 0.0688692256808281 4091
1780864445147 0.16091620922088623 4092
1780864445150 0.15592600405216217 4093
1780864445154 0.126577228307724 4094
1780864445157 0.07358124107122421 4095
1780864445160 0.04060154780745506 4096
1780864445163 0.17516787350177765 4097
1780864445166 0.08922695368528366 4098
1780864445169 0.18512269854545593 4099
1780864445174 0.046731799840927124 4100
1780864445177 0.03904375061392784 4101
1780864445179 0.14469210803508759 4102
1780864445182 0.1370692253112793 4103
1780864445185 0.10569577664136887 4104
1780864445188 0.1498805582523346 4105
1780864445191 0.05486350506544113 4106
1780864445194 0.2279026359319687 4107
1780864445197 0.08709608763456345 4108
1780864445200 0.12956176698207855 4109
1780864445203 0.13947823643684387 4110
1780864445207 0.012691332958638668 4111
1780864445210 0.05280805006623268 4112
1780864445213 0.05359504371881485 4113
1780864445215 0.11394108831882477 4114
1780864445218 0.05628553777933121 4115
1780864445223 0.050985515117645264 4116
1780864445226 0.05685917288064957 4117
1780864445229 0.02598903328180313 4118
1780864445232 0.11021651327610016 4119
1780864445235 0.013041364960372448 4120
1780864445238 0.025473203510046005 4121
1780864445241 0.08583693951368332 4122
1780864445243 0.1736268252134323 4123
1780864445248 0.17519719898700714 4124
1780864445252 0.03301025927066803 4125
1780864445256 0.058025117963552475 4126
1780864445260 0.1314491331577301 4127
1780864445263 0.01788175292313099 4128
1780864445266 0.04971509799361229 4129
1780864445269 0.21419435739517212 4130
1780864445272 0.0876302495598793 4131
1780864445275 0.09114907681941986 4132
1780864445277 0.12335113435983658 4133
1780864445281 0.03126594424247742 4134
1780864445284 0.14199936389923096 4135
1780864445288 0.09202758222818375 4136
1780864445291 0.04967312887310982 4137
1780864445294 0.0581238754093647 4138
1780864445296 0.06099553406238556 4139
1780864445299 0.2094070017337799 4140
1780864445303 0.10572582483291626 4141
1780864445306 0.1654936522245407 4142
1780864445309 0.14359888434410095 4143
1780864445312 0.14905546605587006 4144
1780864445315 0.10247164964675903 4145
1780864445318 0.03073335438966751 4146
1780864445322 0.11282366514205933 4147
1780864445324 0.1351688951253891 4148
1780864445327 0.155237078666687 4149
1780864445331 0.008293051272630692 4150
1780864445333 0.03819664567708969 4151
1780864445336 0.17343579232692719 4152
1780864445339 0.06316424906253815 4153
1780864445342 0.0387885645031929 4154
1780864445345 0.05623041093349457 4155
1780864445349 0.035081759095191956 4156
1780864445352 0.1344648003578186 4157
1780864445356 0.14740288257598877 4158
1780864445359 0.02412022463977337 4159
1780864445362 0.07378588616847992 4160
1780864445365 0.07344114035367966 4161
1780864445368 0.08512118458747864 4162
1780864445371 0.09036539494991302 4163
1780864445374 0.054133906960487366 4164
1780864445377 0.07050381600856781 4165
1780864445380 0.030453257262706757 4166
1780864445383 0.04174330458045006 4167
1780864445386 0.06578343361616135 4168
1780864445388 0.04922894388437271 4169
1780864445391 0.1076463907957077 4170
1780864445395 0.04829298332333565 4171
1780864445399 0.04256753623485565 4172
1780864445402 0.0648639053106308 4173
1780864445405 0.06514424085617065 4174
1780864445408 0.04889586940407753 4175
1780864445412 0.018413441255688667 4176
1780864445415 0.13822127878665924 4177
1780864445418 0.11579369008541107 4178
1780864445420 0.06570199877023697 4179
1780864445424 0.06937533617019653 4180
1780864445427 0.12028525769710541 4181
1780864445429 0.07290901243686676 4182
1780864445432 0.13284623622894287 4183
1780864445437 0.05795052647590637 4184
1780864445440 0.07051939517259598 4185
1780864445443 0.114278145134449 4186
1780864445446 0.11366135627031326 4187
1780864445449 0.10422174632549286 4188
1780864445452 0.07026795297861099 4189
1780864445455 0.06251584738492966 4190
1780864445458 0.06254756450653076 4191
1780864445461 0.0740775316953659 4192
1780864445464 0.0623001828789711 4193
1780864445467 0.12813247740268707 4194
1780864445470 0.046718526631593704 4195
1780864445473 0.05810556933283806 4196
1780864445476 0.166486918926239 4197
1780864445479 0.035084497183561325 4198
1780864445482 0.06651590019464493 4199
1780864445485 0.043316058814525604 4200
1780864445488 0.1978446990251541 4201
1780864445491 0.11424548178911209 4202
1780864445494 0.05949592590332031 4203
1780864445497 0.06565742939710617 4204
1780864445500 0.051052674651145935 4205
1780864445503 0.15096935629844666 4206
1780864445507 0.08295956999063492 4207
1780864445509 0.05321080982685089 4208
1780864445512 0.1320590227842331 4209
1780864445515 0.10532216727733612 4210
1780864445518 0.03449404612183571 4211
1780864445521 0.07151839882135391 4212
1780864445524 0.12277353554964066 4213
1780864445527 0.13926245272159576 4214
1780864445530 0.029510855674743652 4215
1780864445533 0.10342339426279068 4216
1780864445536 0.047390684485435486 4217
1780864445539 0.05163539573550224 4218
1780864445541 0.15787212550640106 4219
1780864445544 0.08269941061735153 4220
1780864445547 0.017900869250297546 4221
1780864445550 0.28396475315093994 4222
1780864445553 0.07369691878557205 4223
1780864445556 0.19490854442119598 4224
1780864445559 0.2112191617488861 4225
1780864445562 0.028858207166194916 4226
1780864445566 0.04301188141107559 4227
1780864445568 0.05656559765338898 4228
1780864445571 0.14990352094173431 4229
1780864445574 0.04205445200204849 4230
1780864445577 0.10609137266874313 4231
1780864445580 0.038757532835006714 4232
1780864445583 0.061100542545318604 4233
1780864445586 0.08280012756586075 4234
1780864445588 0.04367011785507202 4235
1780864445591 0.1127777174115181 4236
1780864445596 0.048583678901195526 4237
1780864445598 0.10735779255628586 4238
1780864445601 0.10306162387132645 4239
1780864445604 0.04964678734540939 4240
1780864445607 0.08251769095659256 4241
1780864445610 0.025716476142406464 4242
1780864445613 0.06751702725887299 4243
1780864445616 0.028731171041727066 4244
1780864445620 0.028732717037200928 4245
1780864445623 0.05726099759340286 4246
1780864445625 0.04949323832988739 4247
1780864445628 0.040170829743146896 4248
1780864445631 0.04382617399096489 4249
1780864445634 0.06645883619785309 4250
1780864445637 0.12150627374649048 4251
1780864445639 0.15100906789302826 4252
1780864445643 0.08368339389562607 4253
1780864445646 0.05921889841556549 4254
1780864445649 0.18144984543323517 4255
1780864445652 0.08979146182537079 4256
1780864445654 0.16962911188602448 4257
1780864445658 0.018260406330227852 4258
1780864445661 0.036598384380340576 4259
1780864445664 0.09381083399057388 4260
1780864445667 0.14323316514492035 4261
1780864445670 0.07246806472539902 4262
1780864445672 0.1342460811138153 4263
1780864445676 0.07330255210399628 4264
1780864445678 0.07315679639577866 4265
1780864445681 0.06849054992198944 4266
1780864445685 0.15246742963790894 4267
1780864445689 0.16140906512737274 4268
1780864445692 0.250271201133728 4269
1780864445695 0.1925935596227646 4270
1780864445697 0.0887276828289032 4271
1780864445700 0.023665696382522583 4272
1780864445703 0.07025878131389618 4273
1780864445706 0.13368560373783112 4274
1780864445709 0.288533478975296 4275
1780864445712 0.10932385176420212 4276
1780864445715 0.028895089402794838 4277
1780864445718 0.1284499615430832 4278
1780864445720 0.06879711151123047 4279
1780864445723 0.11084398627281189 4280
1780864445726 0.10184267163276672 4281
1780864445729 0.01730576902627945 4282
1780864445731 0.11269296705722809 4283
1780864445735 0.07796284556388855 4284
1780864445737 0.08680078387260437 4285
1780864445741 0.16322457790374756 4286
1780864445744 0.07904604077339172 4287
1780864445747 0.07408031076192856 4288
1780864445750 0.15360915660858154 4289
1780864445753 0.06521058827638626 4290
1780864445757 0.06813617050647736 4291
1780864445760 0.09491126239299774 4292
1780864445763 0.1818317472934723 4293
1780864445766 0.08799777179956436 4294
1780864445769 0.13045361638069153 4295
1780864445772 0.09393996000289917 4296
1780864445775 0.13267339766025543 4297
1780864445778 0.13496442139148712 4298
1780864445781 0.08589231222867966 4299
1780864445784 0.178294375538826 4300
1780864445787 0.048797622323036194 4301
1780864445791 0.04240749031305313 4302
1780864445793 0.059728365391492844 4303
1780864445796 0.12547306716442108 4304
1780864445799 0.0823841467499733 4305
1780864445802 0.029127052053809166 4306
1780864445806 0.12212136387825012 4307
1780864445809 0.17506694793701172 4308
1780864445812 0.06757543236017227 4309
1780864445815 0.09334297478199005 4310
1780864445818 0.026588791981339455 4311
1780864445821 0.05975007265806198 4312
1780864445824 0.1513650119304657 4313
1780864445827 0.10648944973945618 4314
1780864445830 0.083981454372406 4315
1780864445833 0.02808796428143978 4316
1780864445836 0.05140892416238785 4317
1780864445839 0.2641802132129669 4318
1780864445843 0.3234042823314667 4319
1780864445846 0.10270776599645615 4320
1780864445849 0.10727201402187347 4321
1780864445852 0.08203043043613434 4322
1780864445856 0.12257785350084305 4323
1780864445860 0.08641602098941803 4324
1780864445863 0.0832027718424797 4325
1780864445866 0.1348794847726822 4326
1780864445869 0.07876399159431458 4327
1780864445872 0.04661135748028755 4328
1780864445875 0.035896532237529755 4329
1780864445879 0.21780310571193695 4330
1780864445881 0.12467063963413239 4331
1780864445885 0.3801359236240387 4332
1780864445888 0.09810083359479904 4333
1780864445891 0.1304185837507248 4334
1780864445894 0.11541363596916199 4335
1780864445898 0.13021329045295715 4336
1780864445902 0.1849224865436554 4337
1780864445905 0.05563519150018692 4338
1780864445909 0.12196154147386551 4339
1780864445913 0.08599905669689178 4340
1780864445916 0.022483061999082565 4341
1780864445919 0.012601552531123161 4342
1780864445922 0.06441328674554825 4343
1780864445925 0.07053124904632568 4344
1780864445928 0.1330753117799759 4345
1780864445930 0.05046461150050163 4346
1780864445933 0.03873361647129059 4347
1780864445937 0.09082570672035217 4348
1780864445941 0.10750629007816315 4349
1780864445944 0.03560669720172882 4350
1780864445947 0.16290289163589478 4351
1780864445950 0.09024497121572495 4352
1780864445953 0.10619311779737473 4353
1780864445956 0.1324806660413742 4354
1780864445959 0.03973642736673355 4355
1780864445962 0.10022677481174469 4356
1780864445965 0.10445228219032288 4357
1780864445969 0.07612776756286621 4358
1780864445972 0.1363050639629364 4359
1780864445975 0.04604392498731613 4360
1780864445979 0.05039098858833313 4361
1780864445982 0.11876393854618073 4362
1780864445985 0.11169929057359695 4363
1780864445988 0.021892661228775978 4364
1780864445991 0.041119445115327835 4365
1780864445994 0.04169175773859024 4366
1780864445997 0.056666091084480286 4367
1780864446000 0.08035982400178909 4368
1780864446004 0.011182046495378017 4369
1780864446007 0.11212340742349625 4370
1780864446010 0.04580799490213394 4371
1780864446013 0.05869878828525543 4372
1780864446017 0.2790137827396393 4373
1780864446019 0.09117604047060013 4374
1780864446022 0.0623372420668602 4375
1780864446025 0.09954533725976944 4376
1780864446028 0.025486547499895096 4377
1780864446031 0.199827179312706 4378
1780864446035 0.0899399146437645 4379
1780864446038 0.1354271024465561 4380
1780864446041 0.0989556610584259 4381
1780864446044 0.15055546164512634 4382
1780864446048 0.10191641747951508 4383
1780864446051 0.08722833544015884 4384
1780864446054 0.07704447954893112 4385
1780864446057 0.12115447223186493 4386
1780864446060 0.04761987552046776 4387
1780864446063 0.052366092801094055 4388
1780864446066 0.17592616379261017 4389
1780864446069 0.09658447653055191 4390
1780864446072 0.018482226878404617 4391
1780864446075 0.10864537209272385 4392
1780864446079 0.059929341077804565 4393
1780864446082 0.04228813573718071 4394
1780864446085 0.09323211014270782 4395
1780864446089 0.2735983729362488 4396
1780864446092 0.040682755410671234 4397
1780864446094 0.028724759817123413 4398
1780864446097 0.09819893538951874 4399
1780864446100 0.09359150379896164 4400
1780864446103 0.0333857536315918 4401
1780864446106 0.0316765233874321 4402
1780864446110 0.09882127493619919 4403
1780864446112 0.043469853699207306 4404
1780864446115 0.04998060688376427 4405
1780864446118 0.15935790538787842 4406
1780864446121 0.054771509021520615 4407
1780864446124 0.02988060563802719 4408
1780864446127 0.17190803587436676 4409
1780864446130 0.0597677081823349 4410
1780864446132 0.05078354850411415 4411
1780864446136 0.03206887096166611 4412
1780864446139 0.08122079819440842 4413
1780864446142 0.08349189162254333 4414
1780864446145 0.047327689826488495 4415
1780864446148 0.02823777124285698 4416
1780864446152 0.027325337752699852 4417
1780864446155 0.0689883604645729 4418
1780864446158 0.04729826748371124 4419
1780864446161 0.05966445803642273 4420
1780864446164 0.2827460467815399 4421
1780864446167 0.029253367334604263 4422
1780864446170 0.04535911977291107 4423
1780864446173 0.18196389079093933 4424
1780864446176 0.12489622831344604 4425
1780864446179 0.0300615094602108 4426
1780864446182 0.09596692025661469 4427
1780864446185 0.03983413428068161 4428
1780864446188 0.08497165888547897 4429
1780864446191 0.24497674405574799 4430
1780864446194 0.2263917624950409 4431
1780864446197 0.13470371067523956 4432
1780864446200 0.08774961531162262 4433
1780864446204 0.12294662743806839 4434
1780864446207 0.04418749734759331 4435
1780864446210 0.11995337903499603 4436
1780864446213 0.17083536088466644 4437
1780864446216 0.06202720105648041 4438
1780864446218 0.07609036564826965 4439
1780864446221 0.0955265462398529 4440
1780864446224 0.046443626284599304 4441
1780864446227 0.06862161308526993 4442
1780864446231 0.05536563694477081 4443
1780864446234 0.08545393496751785 4444
1780864446238 0.09190700203180313 4445
1780864446241 0.09670889377593994 4446
1780864446244 0.08957299590110779 4447
1780864446249 0.03874236345291138 4448
1780864446252 0.1895822137594223 4449
1780864446255 0.0776377022266388 4450
1780864446258 0.18386222422122955 4451
1780864446261 0.12942785024642944 4452
1780864446263 0.05557531863451004 4453
1780864446267 0.14104215800762177 4454
1780864446270 0.2846807539463043 4455
1780864446273 0.053520843386650085 4456
1780864446276 0.16159090399742126 4457
1780864446278 0.04265163466334343 4458
1780864446281 0.07305193692445755 4459
1780864446284 0.06853722780942917 4460
1780864446287 0.05420317128300667 4461
1780864446290 0.06949181854724884 4462
1780864446293 0.10075103491544724 4463
1780864446296 0.08661417663097382 4464
1780864446300 0.025108512490987778 4465
1780864446303 0.06597603112459183 4466
1780864446306 0.09565950185060501 4467
1780864446308 0.07629954069852829 4468
1780864446313 0.08184988796710968 4469
1780864446316 0.16402369737625122 4470
1780864446319 0.05220288783311844 4471
1780864446322 0.08755147457122803 4472
1780864446325 0.04924626648426056 4473
1780864446328 0.06186573579907417 4474
1780864446332 0.036626189947128296 4475
1780864446335 0.12589716911315918 4476
1780864446338 0.014236828312277794 4477
1780864446341 0.1729697734117508 4478
1780864446344 0.1032075583934784 4479
1780864446347 0.039447490125894547 4480
1780864446351 0.02937152236700058 4481
1780864446354 0.046393897384405136 4482
1780864446357 0.08162298798561096 4483
1780864446359 0.09609046578407288 4484
1780864446362 0.05086484178900719 4485
1780864446366 0.1488761603832245 4486
1780864446369 0.01412547193467617 4487
1780864446372 0.0666419118642807 4488
1780864446375 0.04296395927667618 4489
1780864446378 0.010656979866325855 4490
1780864446381 0.08299591392278671 4491
1780864446384 0.2982330024242401 4492
1780864446387 0.09763441979885101 4493
1780864446390 0.08223367482423782 4494
1780864446393 0.02608603984117508 4495
1780864446396 0.06413652747869492 4496
1780864446399 0.10424129664897919 4497
1780864446401 0.1740727722644806 4498
1780864446404 0.0739484652876854 4499
1780864446407 0.07369513064622879 4500
1780864446410 0.11699909716844559 4501
1780864446413 0.1091683879494667 4502
1780864446416 0.08207567036151886 4503
1780864446419 0.048281311988830566 4504
1780864446422 0.06615842878818512 4505
1780864446425 0.034910283982753754 4506
1780864446427 0.12136169523000717 4507
1780864446431 0.08179449290037155 4508
1780864446434 0.01422731950879097 4509
1780864446437 0.07688551396131516 4510
1780864446440 0.01827431470155716 4511
1780864446443 0.08593836426734924 4512
1780864446446 0.03929765149950981 4513
1780864446449 0.09305650740861893 4514
1780864446453 0.17765706777572632 4515
1780864446457 0.013913829810917377 4516
1780864446460 0.06539370864629745 4517
1780864446464 0.03221500664949417 4518
1780864446469 0.05579112842679024 4519
1780864446472 0.08213832974433899 4520
1780864446478 0.11296259611845016 4521
1780864446482 0.04297735542058945 4522
1780864446485 0.014572440646588802 4523
1780864446488 0.024996846914291382 4524
1780864446492 0.07119537889957428 4525
1780864446496 0.03335767984390259 4526
1780864446499 0.086350217461586 4527
1780864446502 0.17299093306064606 4528
1780864446505 0.010587774217128754 4529
1780864446508 0.027857957407832146 4530
1780864446512 0.015167633071541786 4531
1780864446515 0.19680935144424438 4532
1780864446518 0.09079694002866745 4533
1780864446522 0.1059313416481018 4534
1780864446525 0.12052726745605469 4535
1780864446529 0.07028939574956894 4536
1780864446532 0.041566912084817886 4537
1780864446535 0.051167406141757965 4538
1780864446539 0.10818973928689957 4539
1780864446542 0.21886968612670898 4540
1780864446547 0.15236017107963562 4541
1780864446550 0.1093784049153328 4542
1780864446553 0.04279625788331032 4543
1780864446556 0.09259464591741562 4544
1780864446559 0.027510613203048706 4545
1780864446562 0.03805310279130936 4546
1780864446565 0.06507708877325058 4547
1780864446569 0.12569373846054077 4548
1780864446572 0.11870037764310837 4549
1780864446575 0.2653951346874237 4550
1780864446580 0.04955059662461281 4551
1780864446583 0.11162889748811722 4552
1780864446588 0.13748379051685333 4553
1780864446591 0.07291364669799805 4554
1780864446594 0.1873912364244461 4555
1780864446598 0.06578335165977478 4556
1780864446601 0.05203855410218239 4557
1780864446604 0.11967519670724869 4558
1780864446607 0.056699786335229874 4559
1780864446610 0.11843527853488922 4560
1780864446613 0.10341775417327881 4561
1780864446616 0.031670406460762024 4562
1780864446619 0.03419332951307297 4563
1780864446623 0.0657120868563652 4564
1780864446626 0.11046437174081802 4565
1780864446630 0.10981164872646332 4566
1780864446635 0.061643850058317184 4567
1780864446638 0.06938036531209946 4568
1780864446641 0.1605786234140396 4569
1780864446644 0.05283688008785248 4570
1780864446647 0.03172360733151436 4571
1780864446650 0.1435353010892868 4572
1780864446654 0.05358495935797691 4573
1780864446657 0.17624600231647491 4574
1780864446660 0.11277712881565094 4575
1780864446663 0.08033314347267151 4576
1780864446666 0.14229169487953186 4577
1780864446669 0.0559874027967453 4578
1780864446672 0.06358761340379715 4579
1780864446674 0.0652407556772232 4580
1780864446677 0.08357353508472443 4581
1780864446680 0.23910944163799286 4582
1780864446683 0.10267068445682526 4583
1780864446686 0.08178969472646713 4584
1780864446689 0.2545076012611389 4585
1780864446693 0.09489237517118454 4586
1780864446696 0.2310825139284134 4587
1780864446700 0.08711516112089157 4588
1780864446702 0.04777134582400322 4589
1780864446705 0.11113167554140091 4590
1780864446709 0.07255827635526657 4591
1780864446711 0.11034063249826431 4592
1780864446715 0.1423613727092743 4593
1780864446718 0.0766151025891304 4594
1780864446721 0.10346271842718124 4595
1780864446724 0.22459469735622406 4596
1780864446727 0.06887206435203552 4597
1780864446730 0.11104226857423782 4598
1780864446733 0.1967434138059616 4599
1780864446735 0.05580902099609375 4600
1780864446738 0.13868974149227142 4601
1780864446741 0.033079300075769424 4602
1780864446744 0.0811183899641037 4603
1780864446747 0.09677736461162567 4604
1780864446753 0.03344748914241791 4605
1780864446756 0.02197590470314026 4606
1780864446760 0.10471312701702118 4607
1780864446764 0.16968406736850739 4608
1780864446767 0.0774986669421196 4609
1780864446769 0.047948382794857025 4610
1780864446773 0.09354861825704575 4611
1780864446777 0.1796664148569107 4612
1780864446780 0.09457624703645706 4613
1780864446784 0.15674693882465363 4614
1780864446787 0.05619131028652191 4615
1780864446790 0.10583566129207611 4616
1780864446793 0.273632675409317 4617
1780864446796 0.061644766479730606 4618
1780864446799 0.4697261452674866 4619
1780864446802 0.12410604953765869 4620
1780864446806 0.0320807583630085 4621
1780864446809 0.16268204152584076 4622
1780864446813 0.08320727199316025 4623
1780864446816 0.13404838740825653 4624
1780864446819 0.09749244898557663 4625
1780864446822 0.05899461731314659 4626
1780864446826 0.172446146607399 4627
1780864446829 0.05748458579182625 4628
1780864446832 0.07064718008041382 4629
1780864446835 0.06387282907962799 4630
1780864446838 0.19644784927368164 4631
1780864446841 0.05888545513153076 4632
1780864446845 0.25691503286361694 4633
1780864446848 0.06682028621435165 4634
1780864446851 0.023634048178792 4635
1780864446853 0.09734316915273666 4636
1780864446856 0.127569317817688 4637
1780864446861 0.07503099739551544 4638
1780864446865 0.055835869163274765 4639
1780864446868 0.09206902235746384 4640
1780864446872 0.03216618299484253 4641
1780864446875 0.008945117704570293 4642
1780864446879 0.032712969928979874 4643
1780864446882 0.07383845746517181 4644
1780864446885 0.16532021760940552 4645
1780864446888 0.05043770372867584 4646
1780864446892 0.1258358657360077 4647
1780864446895 0.033404529094696045 4648
1780864446898 0.013212071731686592 4649
1780864446901 0.059215474873781204 4650
1780864446904 0.038519471883773804 4651
1780864446907 0.21071383357048035 4652
1780864446910 0.08415208011865616 4653
1780864446913 0.056977417320013046 4654
1780864446916 0.11824757605791092 4655
1780864446919 0.05525526776909828 4656
1780864446922 0.06562727689743042 4657
1780864446925 0.07508637756109238 4658
1780864446928 0.04107823222875595 4659
1780864446931 0.07057741284370422 4660
1780864446934 0.01905803568661213 4661
1780864446937 0.051948949694633484 4662
1780864446940 0.10201820731163025 4663
1780864446943 0.014380681328475475 4664
1780864446946 0.15549100935459137 4665
1780864446949 0.051722802221775055 4666
1780864446952 0.05002256855368614 4667
1780864446955 0.03986072167754173 4668
1780864446958 0.1662120670080185 4669
1780864446962 0.28900614380836487 4670
1780864446965 0.022906428202986717 4671
1780864446968 0.15011408925056458 4672
1780864446970 0.15736082196235657 4673
1780864446975 0.2487175315618515 4674
1780864446978 0.05559743568301201 4675
1780864446982 0.09128037095069885 4676
1780864446984 0.06283088773488998 4677
1780864446988 0.15715499222278595 4678
1780864446991 0.04688980430364609 4679
1780864446994 0.1229712963104248 4680
1780864446997 0.14139017462730408 4681
1780864447000 0.08333641290664673 4682
1780864447003 0.09570403397083282 4683
1780864447006 0.02958916686475277 4684
