1781296913309 2.4360718727111816 0
1781296913313 2.2744839191436768 1
1781296913315 2.3661413192749023 2
1781296913318 2.367006301879883 3
1781296913320 2.2621896266937256 4
1781296913322 2.022939682006836 5
1781296913324 1.932217001914978 6
1781296913327 1.9957917928695679 7
1781296913329 1.9168157577514648 8
1781296913331 1.9370579719543457 9
1781296913333 1.788638710975647 10
1781296913335 1.7862462997436523 11
1781296913337 1.6523643732070923 12
1781296913339 1.587262749671936 13
1781296913341 1.6515554189682007 14
1781296913343 1.499292254447937 15
1781296913345 1.4461406469345093 16
1781296913347 1.490647554397583 17
1781296913350 1.3149313926696777 18
1781296913352 1.5044838190078735 19
1781296913354 1.3598365783691406 20
1781296913356 1.2890909910202026 21
1781296913358 1.348865032196045 22
1781296913360 1.1976420879364014 23
1781296913363 1.1096689701080322 24
1781296913365 1.1256035566329956 25
1781296913367 1.2240678071975708 26
1781296913369 1.1868464946746826 27
1781296913371 1.0083391666412354 28
1781296913373 1.2078906297683716 29
1781296913376 1.2622328996658325 30
1781296913378 1.0769727230072021 31
1781296913380 1.011462688446045 32
1781296913383 0.964111328125 33
1781296913385 1.0267583131790161 34
1781296913387 1.0396592617034912 35
1781296913389 1.0589563846588135 36
1781296913392 0.8978606462478638 37
1781296913394 0.9370617270469666 38
1781296913396 0.9574764370918274 39
1781296913398 0.9115496277809143 40
1781296913401 0.9541275501251221 41
1781296913403 0.9825770258903503 42
1781296913405 0.8038721680641174 43
1781296913407 0.9193018674850464 44
1781296913409 0.8464570641517639 45
1781296913411 0.642636775970459 46
1781296913413 0.8640336394309998 47
1781296913416 0.7960973381996155 48
1781296913418 0.8452213406562805 49
1781296913422 0.9081990122795105 50
1781296913424 0.8898833394050598 51
1781296913426 0.8501266837120056 52
1781296913428 0.8261784315109253 53
1781296913430 0.951770544052124 54
1781296913432 0.7331923246383667 55
1781296913435 0.8787953853607178 56
1781296913437 0.7411050200462341 57
1781296913439 0.8314051628112793 58
1781296913442 0.7924702167510986 59
1781296913444 0.7671035528182983 60
1781296913446 0.6849356889724731 61
1781296913453 0.7836884260177612 62
1781296913459 0.7056664824485779 63
1781296913465 0.6423359513282776 64
1781296913467 0.7181241512298584 65
1781296913470 0.7876530289649963 66
1781296913474 0.7109547257423401 67
1781296913479 0.8215996623039246 68
1781296913483 0.639419674873352 69
1781296913486 0.7182644605636597 70
1781296913489 0.751166820526123 71
1781296913491 0.6624564528465271 72
1781296913493 0.6639407277107239 73
1781296913496 0.7795919179916382 74
1781296913498 0.7156059145927429 75
1781296913501 0.7395904064178467 76
1781296913503 0.9069938659667969 77
1781296913507 0.7418180108070374 78
1781296913509 0.7365351319313049 79
1781296913511 0.7511743307113647 80
1781296913515 0.7745357155799866 81
1781296913517 0.7717030048370361 82
1781296913520 0.7259231805801392 83
1781296913522 0.5963952541351318 84
1781296913524 0.516669750213623 85
1781296913527 0.7229644060134888 86
1781296913529 0.8863343000411987 87
1781296913531 0.7551767826080322 88
1781296913533 0.6768858432769775 89
1781296913535 0.722652792930603 90
1781296913537 0.663715660572052 91
1781296913539 0.6773441433906555 92
1781296913541 0.5538087487220764 93
1781296913543 0.7117434740066528 94
1781296913547 0.5969475507736206 95
1781296913550 0.5837728381156921 96
1781296913552 0.5950658917427063 97
1781296913554 0.6361434459686279 98
1781296913556 0.48697149753570557 99
1781296913559 0.543154776096344 100
1781296913562 0.673206627368927 101
1781296913564 0.568994402885437 102
1781296913567 0.6324529647827148 103
1781296913569 0.5204288363456726 104
1781296913571 0.5435961484909058 105
1781296913573 0.5146729350090027 106
1781296913576 0.6506919860839844 107
1781296913578 0.5916027426719666 108
1781296913582 0.5922344923019409 109
1781296913585 0.6669878959655762 110
1781296913587 0.5518969297409058 111
1781296913589 0.4472670555114746 112
1781296913591 0.6621218323707581 113
1781296913594 0.3257995843887329 114
1781296913596 0.7403283715248108 115
1781296913599 0.5129348635673523 116
1781296913601 0.6234304904937744 117
1781296913603 0.5172314643859863 118
1781296913606 0.49958324432373047 119
1781296913608 0.426645964384079 120
1781296913610 0.5038147568702698 121
1781296913613 0.7942850589752197 122
1781296913615 0.6187366247177124 123
1781296913618 0.402764230966568 124
1781296913621 0.6102140545845032 125
1781296913623 0.5855165123939514 126
1781296913625 0.7432558536529541 127
1781296913628 0.5174767374992371 128
1781296913630 0.41439715027809143 129
1781296913632 0.5115451812744141 130
1781296913634 0.4327344298362732 131
1781296913636 0.5689217448234558 132
1781296913638 0.4982444643974304 133
1781296913641 0.5093095898628235 134
1781296913643 0.6674565076828003 135
1781296913645 0.5067241191864014 136
1781296913647 0.6500297784805298 137
1781296913650 0.5549531579017639 138
1781296913652 0.5558978319168091 139
1781296913654 0.44174858927726746 140
1781296913656 0.473723828792572 141
1781296913658 0.5036101937294006 142
1781296913661 0.41017553210258484 143
1781296913663 0.6507319808006287 144
1781296913665 0.5515279173851013 145
1781296913668 0.6105074882507324 146
1781296913670 0.5024168491363525 147
1781296913672 0.5246181488037109 148
1781296913674 0.4948503375053406 149
1781296913677 0.6227261424064636 150
1781296913679 0.47231847047805786 151
1781296913681 0.47982820868492126 152
1781296913684 0.5892401933670044 153
1781296913686 0.7084758877754211 154
1781296913689 0.47576677799224854 155
1781296913692 0.46772512793540955 156
1781296913694 0.4790685176849365 157
1781296913696 0.45373857021331787 158
1781296913700 0.4538983106613159 159
1781296913702 0.48582160472869873 160
1781296913704 0.589569628238678 161
1781296913707 0.6130691170692444 162
1781296913709 0.5043571591377258 163
1781296913712 0.3571780025959015 164
1781296913714 0.2645686864852905 165
1781296913717 0.46151891350746155 166
1781296913719 0.6043167114257812 167
1781296913721 0.597586452960968 168
1781296913723 0.3644222617149353 169
1781296913726 0.3919002115726471 170
1781296913728 0.6345261931419373 171
1781296913730 0.41764819622039795 172
1781296913732 0.42859211564064026 173
1781296913735 0.5587157607078552 174
1781296913737 0.5375409722328186 175
1781296913739 0.5865461826324463 176
1781296913741 0.483521044254303 177
1781296913743 0.44972726702690125 178
1781296913746 0.640865683555603 179
1781296913749 0.31997188925743103 180
1781296913751 0.46517619490623474 181
1781296913753 0.4700804054737091 182
1781296913756 0.5123863816261292 183
1781296913768 0.5215947031974792 184
1781296913770 0.5401543974876404 185
1781296913772 0.40087541937828064 186
1781296913775 0.6061680316925049 187
1781296913777 0.39051124453544617 188
1781296913780 0.3844626247882843 189
1781296913782 0.3359696567058563 190
1781296913784 0.580727756023407 191
1781296913787 0.4587215781211853 192
1781296913789 0.6785653829574585 193
1781296913791 0.57741779088974 194
1781296913793 0.48945823311805725 195
1781296913795 0.48819616436958313 196
1781296913798 0.4755929112434387 197
1781296913800 0.49928614497184753 198
1781296913802 0.412711501121521 199
1781296913805 0.5292051434516907 200
1781296913807 0.5103213787078857 201
1781296913809 0.7147620320320129 202
1781296913812 0.39638325572013855 203
1781296913815 0.48364827036857605 204
1781296913817 0.4970686733722687 205
1781296913819 0.45696863532066345 206
1781296913821 0.4487994313240051 207
1781296913823 0.6286657452583313 208
1781296913825 0.34444013237953186 209
1781296913828 0.44357046484947205 210
1781296913830 0.4974048137664795 211
1781296913832 0.4136633574962616 212
1781296913835 0.4705961048603058 213
1781296913838 0.581104576587677 214
1781296913840 0.4266813099384308 215
1781296913842 0.562706470489502 216
1781296913844 0.3244267702102661 217
1781296913847 0.30558693408966064 218
1781296913849 0.6517253518104553 219
1781296913851 0.5549908876419067 220
1781296913854 0.4111900329589844 221
1781296913856 0.4556172788143158 222
1781296913858 0.4428084194660187 223
1781296913860 0.4272584915161133 224
1781296913862 0.4717620015144348 225
1781296913865 0.45459941029548645 226
1781296913867 0.32560887932777405 227
1781296913869 0.47866854071617126 228
1781296913872 0.5685474276542664 229
1781296913874 0.4175403118133545 230
1781296913876 0.47412338852882385 231
1781296913879 0.32395610213279724 232
1781296913882 0.40700843930244446 233
1781296913884 0.28398397564888 234
1781296913886 0.5727924108505249 235
1781296913889 0.4460170567035675 236
1781296913892 0.48686501383781433 237
1781296913894 0.4762021601200104 238
1781296913897 0.2868598699569702 239
1781296913899 0.42940035462379456 240
1781296913902 0.6025153994560242 241
1781296913905 0.491371750831604 242
1781296913907 0.38259708881378174 243
1781296913909 0.5211700201034546 244
1781296913912 0.4287385046482086 245
1781296913915 0.33248353004455566 246
1781296913917 0.37123700976371765 247
1781296913919 0.47885361313819885 248
1781296913922 0.42543038725852966 249
1781296913924 0.3586798906326294 250
1781296913927 0.40672916173934937 251
1781296913929 0.302935391664505 252
1781296913931 0.48534300923347473 253
1781296913933 0.5295802354812622 254
1781296913935 0.45904651284217834 255
1781296913938 0.28723230957984924 256
1781296913940 0.43300163745880127 257
1781296913942 0.4315934181213379 258
1781296913945 0.4301370084285736 259
1781296913949 0.4600147604942322 260
1781296913951 0.37159454822540283 261
1781296913953 0.4751306474208832 262
1781296913957 0.34326988458633423 263
1781296913959 0.3858638405799866 264
1781296913961 0.46307721734046936 265
1781296913964 0.6011868119239807 266
1781296913967 0.3691423833370209 267
1781296913969 0.3661964535713196 268
1781296913972 0.42537587881088257 269
1781296913974 0.5223387479782104 270
1781296913976 0.4167368710041046 271
1781296913979 0.4651557505130768 272
1781296913981 0.3627544939517975 273
1781296913983 0.42042139172554016 274
1781296913987 0.5398069024085999 275
1781296913989 0.42529287934303284 276
1781296913991 0.47992271184921265 277
1781296913993 0.37791749835014343 278
1781296913996 0.47729650139808655 279
1781296913998 0.5773553848266602 280
1781296914001 0.5463692545890808 281
1781296914003 0.6230025887489319 282
1781296914005 0.3388078510761261 283
1781296914007 0.5785452723503113 284
1781296914009 0.48556390404701233 285
1781296914012 0.7182782292366028 286
1781296914014 0.5297576189041138 287
1781296914016 0.5019031167030334 288
1781296914018 0.4629706144332886 289
1781296914021 0.578407883644104 290
1781296914023 0.4674636721611023 291
1781296914025 0.4664052128791809 292
1781296914027 0.3747343420982361 293
1781296914029 0.48563337326049805 294
1781296914031 0.41833680868148804 295
1781296914034 0.41827431321144104 296
1781296914036 0.25488176941871643 297
1781296914038 0.2713407874107361 298
1781296914041 0.4956127405166626 299
1781296914044 0.5743477940559387 300
1781296914047 0.5034458041191101 301
1781296914049 0.32763469219207764 302
1781296914051 0.4651384949684143 303
1781296914054 0.3535451889038086 304
1781296914056 0.3358842730522156 305
1781296914059 0.4568629562854767 306
1781296914061 0.52565598487854 307
1781296914063 0.596549391746521 308
1781296914066 0.6656935214996338 309
1781296914068 0.46502748131752014 310
1781296914070 0.5426445007324219 311
1781296914073 0.4881747364997864 312
1781296914075 0.308394193649292 313
1781296914078 0.3550404906272888 314
1781296914081 0.33749011158943176 315
1781296914083 0.6679092049598694 316
1781296914085 0.42217710614204407 317
1781296914087 0.43513038754463196 318
1781296914090 0.4269152879714966 319
1781296914092 0.5694871544837952 320
1781296914094 0.5775659084320068 321
1781296914096 0.22028154134750366 322
1781296914100 0.31330907344818115 323
1781296914102 0.47125691175460815 324
1781296914104 0.3375301957130432 325
1781296914106 0.48200270533561707 326
1781296914108 0.4081464111804962 327
1781296914111 0.45645850896835327 328
1781296914113 0.40645310282707214 329
1781296914115 0.2573685944080353 330
1781296914118 0.6623230576515198 331
1781296914120 0.24380995333194733 332
1781296914122 0.4015304148197174 333
1781296914125 0.4062198996543884 334
1781296914127 0.435753732919693 335
1781296914129 0.4482782185077667 336
1781296914132 0.3500106930732727 337
1781296914134 0.6901834011077881 338
1781296914137 0.353467732667923 339
1781296914139 0.4813660681247711 340
1781296914142 0.42119866609573364 341
1781296914144 0.47669312357902527 342
1781296914146 0.4527331590652466 343
1781296914149 0.47810518741607666 344
1781296914153 0.4512743651866913 345
1781296914155 0.427237868309021 346
1781296914157 0.5125481486320496 347
1781296914159 0.4180137813091278 348
1781296914161 0.34299540519714355 349
1781296914164 0.26873987913131714 350
1781296914167 0.29853829741477966 351
1781296914169 0.4305284321308136 352
1781296914171 0.3895936608314514 353
1781296914173 0.3162328600883484 354
1781296914175 0.422732949256897 355
1781296914177 0.40864095091819763 356
1781296914180 0.36288926005363464 357
1781296914182 0.3536791205406189 358
1781296914185 0.38260725140571594 359
1781296914187 0.42856475710868835 360
1781296914189 0.42614197731018066 361
1781296914191 0.48661139607429504 362
1781296914194 0.34472593665122986 363
1781296914196 0.25230535864830017 364
1781296914198 0.45137080550193787 365
1781296914201 0.4272586405277252 366
1781296914203 0.30000558495521545 367
1781296914205 0.5491917729377747 368
1781296914207 0.4926893413066864 369
1781296914210 0.3875941336154938 370
1781296914212 0.38334953784942627 371
1781296914214 0.5378822088241577 372
1781296914217 0.4675355553627014 373
1781296914219 0.6447428464889526 374
1781296914221 0.4828820526599884 375
1781296914224 0.26687368750572205 376
1781296914226 0.3890436887741089 377
1781296914228 0.36537107825279236 378
1781296914231 0.6547412872314453 379
1781296914233 0.19823694229125977 380
1781296914235 0.30353033542633057 381
1781296914237 0.2709179222583771 382
1781296914239 0.41416990756988525 383
1781296914242 0.574367105960846 384
1781296914244 0.3231913149356842 385
1781296914246 0.6928924322128296 386
1781296914249 0.4015776515007019 387
1781296914251 0.3498933017253876 388
1781296914254 0.6412978172302246 389
1781296914256 0.33015331625938416 390
1781296914258 0.30752554535865784 391
1781296914261 0.41242867708206177 392
1781296914264 0.4861077070236206 393
1781296914267 0.47771021723747253 394
1781296914269 0.3151400089263916 395
1781296914271 0.4340795576572418 396
1781296914273 0.3075322210788727 397
1781296914276 0.44812852144241333 398
1781296914278 0.33307233452796936 399
1781296914281 0.1787208765745163 400
1781296914283 0.45725926756858826 401
1781296914285 0.37044915556907654 402
1781296914287 0.4377230107784271 403
1781296914290 0.4712005853652954 404
1781296914292 0.3843946158885956 405
1781296914295 0.42275795340538025 406
1781296914298 0.5052693486213684 407
1781296914300 0.39673659205436707 408
1781296914303 0.43546390533447266 409
1781296914305 0.4259776771068573 410
1781296914307 0.4989968240261078 411
1781296914309 0.5580003261566162 412
1781296914312 0.41816604137420654 413
1781296914315 0.2921668291091919 414
1781296914317 0.5361121892929077 415
1781296914319 0.365643709897995 416
1781296914321 0.3967411518096924 417
1781296914324 0.596747636795044 418
1781296914326 0.295503169298172 419
1781296914328 0.4425564110279083 420
1781296914330 0.48550543189048767 421
1781296914332 0.38586798310279846 422
1781296914335 0.3674936294555664 423
1781296914337 0.39781373739242554 424
1781296914339 0.48563727736473083 425
1781296914341 0.3010810911655426 426
1781296914344 0.42735755443573 427
1781296914348 0.38017722964286804 428
1781296914350 0.34978199005126953 429
1781296914352 0.24754096567630768 430
1781296914355 0.2925567030906677 431
1781296914357 0.28029322624206543 432
1781296914359 0.23321938514709473 433
1781296914361 0.4577716290950775 434
1781296914364 0.6248877048492432 435
1781296914366 0.3544471859931946 436
1781296914369 0.23067481815814972 437
1781296914371 0.5064079761505127 438
1781296914373 0.38497379422187805 439
1781296914375 0.2508353590965271 440
1781296914377 0.2084795981645584 441
1781296914380 0.32399359345436096 442
1781296914382 0.400788813829422 443
1781296914384 0.5544180870056152 444
1781296914387 0.3621402084827423 445
1781296914389 0.3618650734424591 446
1781296914392 0.46019381284713745 447
1781296914395 0.3117126524448395 448
1781296914397 0.3627260625362396 449
1781296914399 0.2356584221124649 450
1781296914402 0.37503764033317566 451
1781296914404 0.45252305269241333 452
1781296914406 0.3290664851665497 453
1781296914409 0.39732202887535095 454
1781296914411 0.32336682081222534 455
1781296914414 0.5904374718666077 456
1781296914416 0.5673058032989502 457
1781296914419 0.22911176085472107 458
1781296914421 0.38274964690208435 459
1781296914423 0.6420170664787292 460
1781296914425 0.358296662569046 461
1781296914427 0.2772892117500305 462
1781296914429 0.505017101764679 463
1781296914432 0.36036425828933716 464
1781296914434 0.23368391394615173 465
1781296914436 0.3672185242176056 466
1781296914438 0.4146987199783325 467
1781296914440 0.4007126986980438 468
1781296914442 0.4077421724796295 469
1781296914445 0.4851562976837158 470
1781296914448 0.3654334545135498 471
1781296914451 0.30611860752105713 472
1781296914453 0.27874812483787537 473
1781296914456 0.3299613893032074 474
1781296914459 0.3662034571170807 475
1781296914461 0.4511876106262207 476
1781296914464 0.31481799483299255 477
1781296914466 0.4612054228782654 478
1781296914468 0.3176141679286957 479
1781296914471 0.5252439975738525 480
1781296914473 0.5020509958267212 481
1781296914477 0.38824668526649475 482
1781296914480 0.3524022698402405 483
1781296914483 0.2665500342845917 484
1781296914487 0.2849196195602417 485
1781296914489 0.359340101480484 486
1781296914492 0.25711357593536377 487
1781296914494 0.327811598777771 488
1781296914496 0.40487533807754517 489
1781296914499 0.30033811926841736 490
1781296914501 0.3450336754322052 491
1781296914504 0.5109867453575134 492
1781296914506 0.31265875697135925 493
1781296914508 0.38528206944465637 494
1781296914510 0.39593505859375 495
1781296914513 0.3311917185783386 496
1781296914515 0.4957212805747986 497
1781296914518 0.3515646457672119 498
1781296914520 0.20820893347263336 499
1781296914522 0.3846942186355591 500
1781296914524 0.41987621784210205 501
1781296914526 0.355090856552124 502
1781296914530 0.19691084325313568 503
1781296914532 0.3431958556175232 504
1781296914534 0.3254159688949585 505
1781296914536 0.4182429909706116 506
1781296914538 0.5027211904525757 507
1781296914540 0.3448394238948822 508
1781296914543 0.5378435254096985 509
1781296914545 0.34095636010169983 510
1781296914548 0.25099873542785645 511
1781296914550 0.27392643690109253 512
1781296914553 0.24034391343593597 513
1781296914556 0.4346854090690613 514
1781296914558 0.40752243995666504 515
1781296914560 0.23610897362232208 516
1781296914563 0.35135990381240845 517
1781296914565 0.19999577105045319 518
1781296914568 0.1757308840751648 519
1781296914571 0.42903444170951843 520
1781296914573 0.39858776330947876 521
1781296914575 0.32703784108161926 522
1781296914578 0.36965662240982056 523
1781296914582 0.32526296377182007 524
1781296914586 0.46462658047676086 525
1781296914588 0.3030979037284851 526
1781296914592 0.3197491765022278 527
1781296914595 0.3674694299697876 528
1781296914598 0.40175381302833557 529
1781296914602 0.20766732096672058 530
1781296914605 0.5278536081314087 531
1781296914607 0.34225866198539734 532
1781296914611 0.4541836977005005 533
1781296914614 0.4458530843257904 534
1781296914617 0.38229304552078247 535
1781296914619 0.6036942005157471 536
1781296914622 0.43524596095085144 537
1781296914624 0.1797729730606079 538
1781296914627 0.32928013801574707 539
1781296914631 0.32275646924972534 540
1781296914633 0.36160698533058167 541
1781296914635 0.42022737860679626 542
1781296914638 0.26976823806762695 543
1781296914640 0.4691147208213806 544
1781296914642 0.23674410581588745 545
1781296914645 0.22714969515800476 546
1781296914648 0.23131637275218964 547
1781296914650 0.6229256987571716 548
1781296914653 0.26767006516456604 549
1781296914655 0.3377792537212372 550
1781296914658 0.6453874707221985 551
1781296914660 0.19768361747264862 552
1781296914664 0.34843710064888 553
1781296914668 0.3574788570404053 554
1781296914672 0.25160208344459534 555
1781296914674 0.23752085864543915 556
1781296914677 0.3003194332122803 557
1781296914680 0.5115442872047424 558
1781296914683 0.5423277020454407 559
1781296914686 0.26868370175361633 560
1781296914689 0.40223681926727295 561
1781296914691 0.32174405455589294 562
1781296914694 0.47285544872283936 563
1781296914698 0.4556950628757477 564
1781296914700 0.357479989528656 565
1781296914703 0.2658728361129761 566
1781296914705 0.36001986265182495 567
1781296914707 0.22447945177555084 568
1781296914709 0.14341069757938385 569
1781296914712 0.2104044109582901 570
1781296914715 0.2501276135444641 571
1781296914719 0.20246748626232147 572
1781296914722 0.4325009286403656 573
1781296914725 0.27497756481170654 574
1781296914727 0.1951875239610672 575
1781296914729 0.2495005577802658 576
1781296914732 0.40737876296043396 577
1781296914734 0.22488722205162048 578
1781296914737 0.22349242866039276 579
1781296914739 0.36863815784454346 580
1781296914741 0.32323265075683594 581
1781296914743 0.4185875654220581 582
1781296914746 0.34648531675338745 583
1781296914749 0.26274871826171875 584
1781296914752 0.2756117880344391 585
1781296914754 0.37380263209342957 586
1781296914756 0.4957836866378784 587
1781296914758 0.2670450806617737 588
1781296914761 0.29534101486206055 589
1781296914765 0.2667640745639801 590
1781296914768 0.3938707113265991 591
1781296914771 0.41145530343055725 592
1781296914773 0.48131877183914185 593
1781296914775 0.42457693815231323 594
1781296914778 0.20124968886375427 595
1781296914781 0.4737815856933594 596
1781296914783 0.22147586941719055 597
1781296914786 0.353184312582016 598
1781296914788 0.41553378105163574 599
1781296914792 0.42768803238868713 600
1781296914795 0.5230221152305603 601
1781296914799 0.45741164684295654 602
1781296914802 0.39671218395233154 603
1781296914805 0.44406718015670776 604
1781296914808 0.3756435215473175 605
1781296914810 0.469558447599411 606
1781296914812 0.345847487449646 607
1781296914815 0.22518546879291534 608
1781296914818 0.46986398100852966 609
1781296914820 0.2955998182296753 610
1781296914822 0.31069183349609375 611
1781296914825 0.48571744561195374 612
1781296914829 0.20904113352298737 613
1781296914831 0.46019455790519714 614
1781296914833 0.288997620344162 615
1781296914836 0.3608674705028534 616
1781296914839 0.28913116455078125 617
1781296914841 0.48002198338508606 618
1781296914843 0.33464089035987854 619
1781296914847 0.3547765016555786 620
1781296914850 0.2502382695674896 621
1781296914852 0.7173914313316345 622
1781296914854 0.33447787165641785 623
1781296914856 0.34178537130355835 624
1781296914859 0.2802906930446625 625
1781296914861 0.6625342965126038 626
1781296914863 0.28186744451522827 627
1781296914866 0.3622838258743286 628
1781296914869 0.29609331488609314 629
1781296914871 0.30708441138267517 630
1781296914873 0.28120219707489014 631
1781296914876 0.4906003475189209 632
1781296914878 0.3512548804283142 633
1781296914881 0.27605003118515015 634
1781296914884 0.40798360109329224 635
1781296914886 0.33958813548088074 636
1781296914889 0.26395535469055176 637
1781296914891 0.5041779279708862 638
1781296914894 0.2657391130924225 639
1781296914899 0.2470138967037201 640
1781296914903 0.3210911452770233 641
1781296914906 0.286117285490036 642
1781296914908 0.39177489280700684 643
1781296914910 0.6217545866966248 644
1781296914912 0.2500797212123871 645
1781296914915 0.26131513714790344 646
1781296914918 0.16780874133110046 647
1781296914921 0.3691529631614685 648
1781296914923 0.3560681641101837 649
1781296914926 0.4041719138622284 650
1781296914928 0.43519389629364014 651
1781296914931 0.3423714339733124 652
1781296914933 0.3894737958908081 653
1781296914936 0.3264876902103424 654
1781296914938 0.2695685923099518 655
1781296914940 0.5209495425224304 656
1781296914944 0.5336129665374756 657
1781296914946 0.2396266609430313 658
1781296914949 0.36854928731918335 659
1781296914953 0.37312495708465576 660
1781296914957 0.20330221951007843 661
1781296914960 0.32232654094696045 662
1781296914962 0.19931642711162567 663
1781296914966 0.4458678662776947 664
1781296914968 0.3136318027973175 665
1781296914971 0.31422871351242065 666
1781296914976 0.3900323212146759 667
1781296914979 0.3683028519153595 668
1781296914982 0.4337400197982788 669
1781296914985 0.5457853674888611 670
1781296914988 0.38994890451431274 671
1781296914991 0.2470330446958542 672
1781296914993 0.3225589394569397 673
1781296914997 0.3827522397041321 674
1781296915001 0.44660133123397827 675
1781296915004 0.30796271562576294 676
1781296915007 0.5041319727897644 677
1781296915009 0.2928517758846283 678
1781296915012 0.39867690205574036 679
1781296915016 0.5854538679122925 680
1781296915019 0.3921090364456177 681
1781296915021 0.6178833842277527 682
1781296915024 0.38344061374664307 683
1781296915026 0.21371163427829742 684
1781296915030 0.22446118295192719 685
1781296915032 0.4302486479282379 686
1781296915036 0.39911505579948425 687
1781296915040 0.20317624509334564 688
1781296915042 0.39937567710876465 689
1781296915045 0.5239708423614502 690
1781296915048 0.4406890273094177 691
1781296915051 0.23280386626720428 692
1781296915053 0.2987282872200012 693
1781296915057 0.27216246724128723 694
1781296915059 0.1882517784833908 695
1781296915062 0.4185318052768707 696
1781296915065 0.21309377253055573 697
1781296915068 0.33308425545692444 698
1781296915072 0.40810805559158325 699
1781296915075 0.39488106966018677 700
1781296915079 0.27483808994293213 701
1781296915081 0.3676607608795166 702
1781296915084 0.313671737909317 703
1781296915087 0.4276476204395294 704
1781296915089 0.28395047783851624 705
1781296915092 0.34775590896606445 706
1781296915094 0.2822261452674866 707
1781296915099 0.32765352725982666 708
1781296915102 0.34166955947875977 709
1781296915105 0.5721568465232849 710
1781296915108 0.23850762844085693 711
1781296915113 0.36717069149017334 712
1781296915116 0.4161255657672882 713
1781296915120 0.2928864657878876 714
1781296915123 0.36719661951065063 715
1781296915127 0.38317838311195374 716
1781296915130 0.1559542417526245 717
1781296915133 0.21776644885540009 718
1781296915135 0.3708854615688324 719
1781296915138 0.3677177429199219 720
1781296915141 0.3105173110961914 721
1781296915143 0.4201905131340027 722
1781296915146 0.40582433342933655 723
1781296915149 0.21883375942707062 724
1781296915152 0.1773659884929657 725
1781296915154 0.3132237493991852 726
1781296915157 0.33402132987976074 727
1781296915159 0.2231060415506363 728
1781296915162 0.6343023180961609 729
1781296915166 0.25882259011268616 730
1781296915169 0.22541655600070953 731
1781296915172 0.22124090790748596 732
1781296915175 0.2611275017261505 733
1781296915177 0.18915626406669617 734
1781296915180 0.2281840294599533 735
1781296915183 0.5430802702903748 736
1781296915187 0.5740025043487549 737
1781296915191 0.24509955942630768 738
1781296915193 0.36976081132888794 739
1781296915195 0.2994564175605774 740
1781296915198 0.26122426986694336 741
1781296915201 0.43598654866218567 742
1781296915205 0.3495194911956787 743
1781296915207 0.3757054805755615 744
1781296915210 0.19542628526687622 745
1781296915212 0.39773479104042053 746
1781296915215 0.44596973061561584 747
1781296915218 0.18538346886634827 748
1781296915221 0.7526078224182129 749
1781296915223 0.46123459935188293 750
1781296915226 0.31834933161735535 751
1781296915229 0.3780636191368103 752
1781296915232 0.3219100534915924 753
1781296915234 0.2712942361831665 754
1781296915236 0.30628645420074463 755
1781296915239 0.6112950444221497 756
1781296915241 0.2491355836391449 757
1781296915243 0.2657763957977295 758
1781296915246 0.5933773517608643 759
1781296915249 0.5390611290931702 760
1781296915251 0.36374834179878235 761
1781296915254 0.2705211937427521 762
1781296915256 0.2844592332839966 763
1781296915258 0.2649259865283966 764
1781296915261 0.520440936088562 765
1781296915263 0.4505443572998047 766
1781296915266 0.34452754259109497 767
1781296915268 0.26511645317077637 768
1781296915270 0.2662738859653473 769
1781296915274 0.34480613470077515 770
1781296915277 0.166390061378479 771
1781296915281 0.3280720114707947 772
1781296915284 0.302703320980072 773
1781296915286 0.4193829298019409 774
1781296915289 0.29305508732795715 775
1781296915291 0.43073219060897827 776
1781296915294 0.5603476762771606 777
1781296915296 0.22725710272789001 778
1781296915300 0.32906678318977356 779
1781296915302 0.47132471203804016 780
1781296915305 0.2013036459684372 781
1781296915307 0.39352986216545105 782
1781296915310 0.3387416899204254 783
1781296915314 0.30838021636009216 784
1781296915318 0.37559109926223755 785
1781296915320 0.36624693870544434 786
1781296915323 0.38027048110961914 787
1781296915326 0.3076598346233368 788
1781296915328 0.4889391362667084 789
1781296915331 0.21774661540985107 790
1781296915333 0.5185733437538147 791
1781296915336 0.39649122953414917 792
1781296915338 0.25670120120048523 793
1781296915340 0.36635473370552063 794
1781296915343 0.15631870925426483 795
1781296915345 0.22464407980442047 796
1781296915348 0.5567861199378967 797
1781296915351 0.17279954254627228 798
1781296915354 0.4160556197166443 799
1781296915356 0.3034948706626892 800
1781296915358 0.1928004026412964 801
1781296915361 0.3706916868686676 802
1781296915364 0.22079087793827057 803
1781296915366 0.5241582989692688 804
1781296915368 0.30998629331588745 805
1781296915372 0.4068969488143921 806
1781296915374 0.3815292716026306 807
1781296915376 0.470333069562912 808
1781296915380 0.38172027468681335 809
1781296915384 0.5941140651702881 810
1781296915387 0.40097692608833313 811
1781296915389 0.29408130049705505 812
1781296915392 0.3101801872253418 813
1781296915395 0.497382253408432 814
1781296915399 0.2205178141593933 815
1781296915402 0.26822128891944885 816
1781296915406 0.31055912375450134 817
1781296915408 0.2476191222667694 818
1781296915410 0.3224630355834961 819
1781296915413 0.31454363465309143 820
1781296915417 0.40183770656585693 821
1781296915420 0.3674086928367615 822
1781296915422 0.4634086489677429 823
1781296915425 0.3119933009147644 824
1781296915427 0.19957734644412994 825
1781296915429 0.37065747380256653 826
1781296915432 0.40181100368499756 827
1781296915434 0.2317076176404953 828
1781296915438 0.1841707080602646 829
1781296915440 0.36610302329063416 830
1781296915442 0.23063652217388153 831
1781296915444 0.35003605484962463 832
1781296915448 0.22415791451931 833
1781296915452 0.35545292496681213 834
1781296915455 0.3327533006668091 835
1781296915457 0.3957943916320801 836
1781296915459 0.12725670635700226 837
1781296915461 0.5994614362716675 838
1781296915464 0.6645841002464294 839
1781296915468 0.29140594601631165 840
1781296915471 0.48279157280921936 841
1781296915474 0.2746853232383728 842
1781296915476 0.2992887794971466 843
1781296915479 0.2877989113330841 844
1781296915482 0.32832735776901245 845
1781296915486 0.39967575669288635 846
1781296915488 0.42737823724746704 847
1781296915491 0.40249449014663696 848
1781296915494 0.43418291211128235 849
1781296915497 0.3413814902305603 850
1781296915501 0.3622169494628906 851
1781296915503 0.32720884680747986 852
1781296915506 0.29226723313331604 853
1781296915508 0.2697380781173706 854
1781296915511 0.3049198389053345 855
1781296915513 0.3339487314224243 856
1781296915516 0.37125056982040405 857
1781296915519 0.48739007115364075 858
1781296915521 0.41647037863731384 859
1781296915524 0.464770644903183 860
1781296915526 0.3848700523376465 861
1781296915528 0.35584571957588196 862
1781296915531 0.47567594051361084 863
1781296915533 0.3954090178012848 864
1781296915537 0.33258941769599915 865
1781296915540 0.2280365526676178 866
1781296915543 0.3582281470298767 867
1781296915546 0.3601093590259552 868
1781296915549 0.39447295665740967 869
1781296915553 0.4851227402687073 870
1781296915555 0.34268510341644287 871
1781296915559 0.26912257075309753 872
1781296915562 0.300187349319458 873
1781296915566 0.3613690733909607 874
1781296915569 0.30982524156570435 875
1781296915571 0.4518270790576935 876
1781296915575 0.31708160042762756 877
1781296915577 0.26276424527168274 878
1781296915580 0.3422122299671173 879
1781296915583 0.4448372423648834 880
1781296915587 0.4941938519477844 881
1781296915589 0.2694780230522156 882
1781296915592 0.3623071610927582 883
1781296915594 0.4449182450771332 884
1781296915598 0.2225017547607422 885
1781296915603 0.33034369349479675 886
1781296915606 0.33746686577796936 887
1781296915608 0.4344780147075653 888
1781296915610 0.1956724226474762 889
1781296915614 0.5253191590309143 890
1781296915617 0.319052517414093 891
1781296915620 0.5474283695220947 892
1781296915623 0.3431493043899536 893
1781296915625 0.4947596788406372 894
1781296915629 0.4082230031490326 895
1781296915632 0.3904725909233093 896
1781296915635 0.4312320649623871 897
1781296915637 0.5096309185028076 898
1781296915640 0.4872666597366333 899
1781296915642 0.5021224021911621 900
1781296915645 0.31456121802330017 901
1781296915647 0.2671474814414978 902
1781296915650 0.3783039152622223 903
1781296915652 0.39639657735824585 904
1781296915655 0.2476508617401123 905
1781296915657 0.29303017258644104 906
1781296915660 0.43667128682136536 907
1781296915663 0.35810744762420654 908
1781296915666 0.3527311682701111 909
1781296915668 0.3117479979991913 910
1781296915670 0.2786596119403839 911
1781296915672 0.3428139388561249 912
1781296915675 0.17851479351520538 913
1781296915677 0.36490076780319214 914
1781296915680 0.4197780191898346 915
1781296915683 0.3308878242969513 916
1781296915685 0.20238308608531952 917
1781296915688 0.16650433838367462 918
1781296915690 0.2557442784309387 919
1781296915692 0.3090842068195343 920
1781296915695 0.24619020521640778 921
1781296915698 0.26990097761154175 922
1781296915701 0.331637442111969 923
1781296915703 0.4494316577911377 924
1781296915705 0.3740057349205017 925
1781296915708 0.3237946331501007 926
1781296915709 0.5092180371284485 927
1781296915713 0.3363526165485382 928
1781296915716 0.22384364902973175 929
1781296915718 0.3539702594280243 930
1781296915720 0.4083061218261719 931
1781296915724 0.22704990208148956 932
1781296915726 0.27840563654899597 933
1781296915728 0.26094529032707214 934
1781296915731 0.22813086211681366 935
1781296915733 0.6286752223968506 936
1781296915881 0.3740372061729431 937
1781296915883 0.1509820520877838 938
1781296915885 0.23802675306797028 939
1781296915888 0.2612958252429962 940
1781296915891 0.3984704613685608 941
1781296915893 0.22235938906669617 942
1781296915896 0.3051013648509979 943
1781296915898 0.422199547290802 944
1781296915901 0.3631410002708435 945
1781296915903 0.4272848069667816 946
1781296915905 0.2559366822242737 947
1781296915907 0.3710769712924957 948
1781296915909 0.512052595615387 949
1781296915912 0.4009660482406616 950
1781296915916 0.16442164778709412 951
1781296915919 0.4411712884902954 952
1781296915921 0.3411775231361389 953
1781296915923 0.28669434785842896 954
1781296915925 0.3288290798664093 955
1781296915927 0.5287191271781921 956
1781296915929 0.3400283455848694 957
1781296915932 0.5292209982872009 958
1781296915934 0.33159005641937256 959
1781296915937 0.4488378167152405 960
1781296915940 0.40405532717704773 961
1781296915943 0.23165063560009003 962
1781296915945 0.47971415519714355 963
1781296915948 0.2471451461315155 964
1781296915950 0.44267675280570984 965
1781296915952 0.5904349684715271 966
1781296915955 0.4347727298736572 967
1781296915959 0.4552347958087921 968
1781296915961 0.2658461928367615 969
1781296915964 0.5120884776115417 970
1781296915966 0.4582282602787018 971
1781296915968 0.33287137746810913 972
1781296915970 0.6191995739936829 973
1781296915972 0.3104775547981262 974
1781296915975 0.3119445741176605 975
1781296915977 0.24183380603790283 976
1781296915979 0.23574644327163696 977
1781296915982 0.34693777561187744 978
1781296915984 0.2634085416793823 979
1781296915986 0.45089009404182434 980
1781296915988 0.23401226103305817 981
1781296915991 0.28488045930862427 982
1781296915993 0.28633809089660645 983
1781296915996 0.37905949354171753 984
1781296915998 0.5413849949836731 985
1781296916001 0.3288002908229828 986
1781296916003 0.2339935153722763 987
1781296916005 0.1251886785030365 988
1781296916007 0.36662760376930237 989
1781296916010 0.3517640233039856 990
1781296916012 0.4321342706680298 991
1781296916015 0.17698094248771667 992
1781296916018 0.2854738235473633 993
1781296916021 0.17142397165298462 994
1781296916024 0.5757767558097839 995
1781296916026 0.5964460372924805 996
1781296916028 0.1824197769165039 997
1781296916032 0.27845075726509094 998
1781296916034 0.4245566725730896 999
1781296916036 0.25991660356521606 1000
1781296916038 0.6060310006141663 1001
1781296916040 0.31754109263420105 1002
1781296916043 0.3826054036617279 1003
1781296916045 0.21943792700767517 1004
1781296916048 0.3298642635345459 1005
1781296916050 0.4449971914291382 1006
1781296916052 0.3804837167263031 1007
1781296916054 0.31929728388786316 1008
1781296916057 0.1614934653043747 1009
1781296916059 0.45227810740470886 1010
1781296916061 0.2715007960796356 1011
1781296916064 0.20395499467849731 1012
1781296916066 0.2646489441394806 1013
1781296916069 0.304644376039505 1014
1781296916071 0.37858784198760986 1015
1781296916073 0.23684990406036377 1016
1781296916075 0.4796077609062195 1017
1781296916077 0.22391217947006226 1018
1781296916082 0.24880827963352203 1019
1781296916084 0.2767281234264374 1020
1781296916086 0.2597474455833435 1021
1781296916090 0.29368504881858826 1022
1781296916092 0.30975985527038574 1023
1781296916094 0.35307303071022034 1024
1781296916096 0.515273928642273 1025
1781296916099 0.3108709454536438 1026
1781296916101 0.2687374949455261 1027
1781296916104 0.5679762363433838 1028
1781296916106 0.23919525742530823 1029
1781296916108 0.25185778737068176 1030
1781296916110 0.3719775676727295 1031
1781296916113 0.2871900796890259 1032
1781296916115 0.33660414814949036 1033
1781296916117 0.1489025503396988 1034
1781296916120 0.5521025657653809 1035
1781296916122 0.19963638484477997 1036
1781296916124 0.34888455271720886 1037
1781296916127 0.33997538685798645 1038
1781296916130 0.3249664604663849 1039
1781296916132 0.396953284740448 1040
1781296916134 0.25569674372673035 1041
1781296916137 0.4255516827106476 1042
1781296916139 0.3452829420566559 1043
1781296916142 0.6448662281036377 1044
1781296916144 0.17631900310516357 1045
1781296916146 0.3682558834552765 1046
1781296916149 0.23896026611328125 1047
1781296916151 0.4446078836917877 1048
1781296916153 0.2697691023349762 1049
1781296916155 0.2732052505016327 1050
1781296916157 0.23106220364570618 1051
1781296916159 0.2860265374183655 1052
1781296916162 0.26643282175064087 1053
1781296916164 0.3890971839427948 1054
1781296916166 0.24502523243427277 1055
1781296916169 0.2014017552137375 1056
1781296916171 0.41152578592300415 1057
1781296916173 0.23894472420215607 1058
1781296916175 0.178475022315979 1059
1781296916177 0.2728883624076843 1060
1781296916180 0.38505682349205017 1061
1781296916182 0.18017776310443878 1062
1781296916185 0.27354034781455994 1063
1781296916187 0.4315040707588196 1064
1781296916189 0.559310793876648 1065
1781296916191 0.24441221356391907 1066
1781296916193 0.35570526123046875 1067
1781296916196 0.4391639828681946 1068
1781296916198 0.45608553290367126 1069
1781296916201 0.405661940574646 1070
1781296916203 0.31747716665267944 1071
1781296916205 0.5388807058334351 1072
1781296916207 0.46719416975975037 1073
1781296916210 0.3393389582633972 1074
1781296916212 0.5160197615623474 1075
1781296916215 0.18490053713321686 1076
1781296916218 0.4400649964809418 1077
1781296916220 0.14962483942508698 1078
1781296916222 0.2801780104637146 1079
1781296916225 0.36400094628334045 1080
1781296916227 0.3325512409210205 1081
1781296916230 0.33451077342033386 1082
1781296916232 0.1753648817539215 1083
1781296916235 0.45125579833984375 1084
1781296916237 0.24610334634780884 1085
1781296916239 0.6799226403236389 1086
1781296916241 0.28331199288368225 1087
1781296916243 0.37035951018333435 1088
1781296916246 0.41003164649009705 1089
1781296916249 0.2854275107383728 1090
1781296916251 0.3637891113758087 1091
1781296916253 0.3822842240333557 1092
1781296916255 0.2643370032310486 1093
1781296916257 0.347560316324234 1094
1781296916260 0.2532403767108917 1095
1781296916262 0.19976967573165894 1096
1781296916265 0.31417277455329895 1097
1781296916267 0.37119704484939575 1098
1781296916269 0.33358368277549744 1099
1781296916271 0.5008083581924438 1100
1781296916273 0.5516741275787354 1101
1781296916276 0.4560976028442383 1102
1781296916278 0.2210332453250885 1103
1781296916280 0.41807854175567627 1104
1781296916283 0.38346922397613525 1105
1781296916285 0.34756729006767273 1106
1781296916287 0.2177981734275818 1107
1781296916290 0.3040233552455902 1108
1781296916292 0.38360580801963806 1109
1781296916294 0.29882633686065674 1110
1781296916298 0.2808029055595398 1111
1781296916300 0.22757676243782043 1112
1781296916302 0.5566422343254089 1113
1781296916305 0.4039748013019562 1114
1781296916307 0.2676093876361847 1115
1781296916309 0.25543004274368286 1116
1781296916311 0.481003999710083 1117
1781296916314 0.4425084888935089 1118
1781296916316 0.28320756554603577 1119
1781296916318 0.34976041316986084 1120
1781296916322 0.33702200651168823 1121
1781296916324 0.23327070474624634 1122
1781296916326 0.6285933256149292 1123
1781296916328 0.3276485204696655 1124
1781296916330 0.4424808919429779 1125
1781296916333 0.35917413234710693 1126
1781296916335 0.34069812297821045 1127
1781296916337 0.3043578267097473 1128
1781296916339 0.2857459485530853 1129
1781296916341 0.3049483895301819 1130
1781296916344 0.2634286880493164 1131
1781296916346 0.35336580872535706 1132
1781296916348 0.5244383215904236 1133
1781296916350 0.3507431149482727 1134
1781296916352 0.27848511934280396 1135
1781296916355 0.28218600153923035 1136
1781296916357 0.5642925500869751 1137
1781296916359 0.32717499136924744 1138
1781296916361 0.2905556857585907 1139
1781296916364 0.3824607729911804 1140
1781296916366 0.15267179906368256 1141
1781296916369 0.2526113986968994 1142
1781296916371 0.22455020248889923 1143
1781296916373 0.4490465521812439 1144
1781296916375 0.3466149866580963 1145
1781296916377 0.2929306626319885 1146
1781296916379 0.31134164333343506 1147
1781296916382 0.4421045780181885 1148
1781296916384 0.49002671241760254 1149
1781296916386 0.447955459356308 1150
1781296916389 0.24599780142307281 1151
1781296916391 0.2641769051551819 1152
1781296916393 0.22441594302654266 1153
1781296916396 0.5151593685150146 1154
1781296916399 0.2974452078342438 1155
1781296916402 0.2653595805168152 1156
1781296916405 0.29586249589920044 1157
1781296916407 0.3364603519439697 1158
1781296916409 0.298820823431015 1159
1781296916414 0.20590899884700775 1160
1781296916417 0.3369288742542267 1161
1781296916420 0.46521687507629395 1162
1781296916422 0.27525827288627625 1163
1781296916424 0.38053566217422485 1164
1781296916426 0.22588323056697845 1165
1781296916429 0.29243701696395874 1166
1781296916431 0.23170927166938782 1167
1781296916434 0.33620625734329224 1168
1781296916436 0.2276160717010498 1169
1781296916438 0.27461084723472595 1170
1781296916440 0.37120237946510315 1171
1781296916442 0.22541558742523193 1172
1781296916445 0.21571719646453857 1173
1781296916448 0.34897473454475403 1174
1781296916450 0.3508569300174713 1175
1781296916452 0.48636043071746826 1176
1781296916455 0.5200507044792175 1177
1781296916457 0.4026201367378235 1178
1781296916459 0.32807713747024536 1179
1781296916461 0.30311524868011475 1180
1781296916464 0.3650464713573456 1181
1781296916466 0.3307282328605652 1182
1781296916468 0.23036038875579834 1183
1781296916471 0.4132393002510071 1184
1781296916474 0.6350566744804382 1185
1781296916476 0.19725950062274933 1186
1781296916479 0.1656603217124939 1187
1781296916481 0.3849506974220276 1188
1781296916484 0.3361841142177582 1189
1781296916486 0.3816351294517517 1190
1781296916488 0.350030779838562 1191
1781296916491 0.11639275401830673 1192
1781296916493 0.2656469941139221 1193
1781296916495 0.32734426856040955 1194
1781296916498 0.3367471992969513 1195
1781296916501 0.5944521427154541 1196
1781296916504 0.2222166359424591 1197
1781296916506 0.49702128767967224 1198
1781296916508 0.3149202764034271 1199
1781296916510 0.17091114819049835 1200
1781296916514 0.1916927546262741 1201
1781296916517 0.5012196898460388 1202
1781296916519 0.3980998396873474 1203
1781296916521 0.2857776880264282 1204
1781296916523 0.22629451751708984 1205
1781296916526 0.14005106687545776 1206
1781296916528 0.18710793554782867 1207
1781296916530 0.5671205520629883 1208
1781296916532 0.2086225152015686 1209
1781296916534 0.1546829640865326 1210
1781296916537 0.41143566370010376 1211
1781296916540 0.38109079003334045 1212
1781296916542 0.37513697147369385 1213
1781296916544 0.282463937997818 1214
1781296916548 0.28108513355255127 1215
1781296916551 0.3635103106498718 1216
1781296916553 0.480307400226593 1217
1781296916555 0.30533841252326965 1218
1781296916557 0.22676467895507812 1219
1781296916559 0.28076082468032837 1220
1781296916562 0.1795172095298767 1221
1781296916564 0.256498783826828 1222
1781296916567 0.35123300552368164 1223
1781296916569 0.3402668833732605 1224
1781296916571 0.3389717936515808 1225
1781296916573 0.32722142338752747 1226
1781296916575 0.31065648794174194 1227
1781296916577 0.30012500286102295 1228
1781296916579 0.2418239861726761 1229
1781296916582 0.4605979323387146 1230
1781296916584 0.4203960597515106 1231
1781296916586 0.3126433789730072 1232
1781296916588 0.3736812174320221 1233
1781296916590 0.2438250333070755 1234
1781296916593 0.32062581181526184 1235
1781296916595 0.17801132798194885 1236
1781296916597 0.31946876645088196 1237
1781296916600 0.2802039384841919 1238
1781296916602 0.36115458607673645 1239
1781296916604 0.16814756393432617 1240
1781296916607 0.20313312113285065 1241
1781296916609 0.31213855743408203 1242
1781296916611 0.2741258144378662 1243
1781296916614 0.20306594669818878 1244
1781296916617 0.3843423128128052 1245
1781296916619 0.30294716358184814 1246
1781296916622 0.4122655391693115 1247
1781296916624 0.17591559886932373 1248
1781296916626 0.3541717529296875 1249
1781296916628 0.4110606610774994 1250
1781296916631 0.3195365369319916 1251
1781296916633 0.3605716824531555 1252
1781296916635 0.2601606845855713 1253
1781296916637 0.2544146478176117 1254
1781296916639 0.37683719396591187 1255
1781296916641 0.2870807647705078 1256
1781296916643 0.37523195147514343 1257
1781296916645 0.36487051844596863 1258
1781296916648 0.2445850670337677 1259
1781296916651 0.3794333040714264 1260
1781296916653 0.2763550877571106 1261
1781296916655 0.2993120849132538 1262
1781296916657 0.33769094944000244 1263
1781296916660 0.4382629692554474 1264
1781296916662 0.31638798117637634 1265
1781296916664 0.39708638191223145 1266
1781296916667 0.1921357363462448 1267
1781296916669 0.12287072092294693 1268
1781296916671 0.30531734228134155 1269
1781296916673 0.5486662983894348 1270
1781296916675 0.3977409601211548 1271
1781296916678 0.493740439414978 1272
1781296916681 0.4947206974029541 1273
1781296916683 0.16027455031871796 1274
1781296916685 0.3323829174041748 1275
1781296916687 0.39250311255455017 1276
1781296916689 0.26737678050994873 1277
1781296916692 0.3386612832546234 1278
1781296916694 0.33940383791923523 1279
1781296916696 0.3054143786430359 1280
1781296916699 0.09963413327932358 1281
1781296916701 0.41538387537002563 1282
1781296916703 0.19539135694503784 1283
1781296916706 0.4782908260822296 1284
1781296916708 0.3584091067314148 1285
1781296916710 0.23547345399856567 1286
1781296916712 0.14477059245109558 1287
1781296916715 0.29057782888412476 1288
1781296916718 0.3571239113807678 1289
1781296916720 0.42569687962532043 1290
1781296916722 0.2592211067676544 1291
1781296916725 0.44653064012527466 1292
1781296916727 0.7273380756378174 1293
1781296916729 0.36603355407714844 1294
1781296916731 0.23031552135944366 1295
1781296916734 0.35261690616607666 1296
1781296916736 0.33690527081489563 1297
1781296916738 0.22402776777744293 1298
1781296916741 0.27291449904441833 1299
1781296916743 0.3660310208797455 1300
1781296916745 0.2085549533367157 1301
1781296916748 0.2740572392940521 1302
1781296916750 0.32947543263435364 1303
1781296916752 0.3417883515357971 1304
1781296916754 0.255385160446167 1305
1781296916757 0.40047475695610046 1306
1781296916759 0.36047354340553284 1307
1781296916761 0.28290313482284546 1308
1781296916764 0.16187424957752228 1309
1781296916766 0.17087247967720032 1310
1781296916769 0.33685481548309326 1311
1781296916771 0.17194637656211853 1312
1781296916773 0.26806268095970154 1313
1781296916775 0.456908255815506 1314
1781296916777 0.38062843680381775 1315
1781296916780 0.2444409430027008 1316
1781296916782 0.34365299344062805 1317
1781296916785 0.2508065402507782 1318
1781296916787 0.29139670729637146 1319
1781296916789 0.29246336221694946 1320
1781296916791 0.16144786775112152 1321
1781296916794 0.3919091522693634 1322
1781296916796 0.28759223222732544 1323
1781296916799 0.4712044894695282 1324
1781296916801 0.5138948559761047 1325
1781296916803 0.24918311834335327 1326
1781296916805 0.3766203820705414 1327
1781296916807 0.32722702622413635 1328
1781296916811 0.16498292982578278 1329
1781296916814 0.10259576141834259 1330
1781296916816 0.21243834495544434 1331
1781296916818 0.2111346274614334 1332
1781296916820 0.38139957189559937 1333
1781296916823 0.29642605781555176 1334
1781296916825 0.1344381421804428 1335
1781296916827 0.18946681916713715 1336
1781296916829 0.2492063343524933 1337
1781296916832 0.34934163093566895 1338
1781296916834 0.411520391702652 1339
1781296916836 0.4217219650745392 1340
1781296916838 0.37164199352264404 1341
1781296916840 0.3125177025794983 1342
1781296916843 0.47529077529907227 1343
1781296916845 0.1539015918970108 1344
1781296916848 0.19328130781650543 1345
1781296916850 0.46028003096580505 1346
1781296916853 0.2523801028728485 1347
1781296916855 0.31198498606681824 1348
1781296916857 0.16695775091648102 1349
1781296916859 0.626671552658081 1350
1781296916861 0.6027153730392456 1351
1781296916864 0.32564663887023926 1352
1781296916867 0.1904931664466858 1353
1781296916869 0.2104770988225937 1354
1781296916871 0.309036523103714 1355
1781296916873 0.4253797233104706 1356
1781296916876 0.3695043921470642 1357
1781296916878 0.16068775951862335 1358
1781296916880 0.6292886137962341 1359
1781296916882 0.3749736249446869 1360
1781296916885 0.36790749430656433 1361
1781296916887 0.43671751022338867 1362
1781296916889 0.4069735109806061 1363
1781296916891 0.5541014671325684 1364
1781296916893 0.26084646582603455 1365
1781296916895 0.4666914641857147 1366
1781296916898 0.3353025019168854 1367
1781296916900 0.2327122539281845 1368
1781296916903 0.37862446904182434 1369
1781296916905 0.38394033908843994 1370
1781296916907 0.25644466280937195 1371
1781296916909 0.29645347595214844 1372
1781296916912 0.24314114451408386 1373
1781296916914 0.2595791816711426 1374
1781296916916 0.3968381881713867 1375
1781296916918 0.2314232736825943 1376
1781296916921 0.2871496081352234 1377
1781296916923 0.19359345734119415 1378
1781296916925 0.1971348375082016 1379
1781296916927 0.3097915053367615 1380
1781296916929 0.20672014355659485 1381
1781296916931 0.2669251561164856 1382
1781296916933 0.26666969060897827 1383
1781296916936 0.2931756377220154 1384
1781296916938 0.2968205213546753 1385
1781296916940 0.2096189558506012 1386
1781296916942 0.4671027958393097 1387
1781296916944 0.35651540756225586 1388
1781296916947 0.3301187753677368 1389
1781296916949 0.2347763180732727 1390
1781296916951 0.2851303517818451 1391
1781296916953 0.4987119734287262 1392
1781296916957 0.5020015835762024 1393
1781296916959 0.2679852843284607 1394
1781296916961 0.2724962532520294 1395
1781296916964 0.6521714329719543 1396
1781296916966 0.14920076727867126 1397
1781296916969 0.7206223607063293 1398
1781296916972 0.27347975969314575 1399
1781296916974 0.16718950867652893 1400
1781296916976 0.27896952629089355 1401
1781296916978 0.33879584074020386 1402
1781296916981 0.5871769189834595 1403
1781296916984 0.16970659792423248 1404
1781296916986 0.3536853492259979 1405
1781296916988 0.5239090919494629 1406
1781296916991 0.33136647939682007 1407
1781296916993 0.2931896150112152 1408
1781296916995 0.18545018136501312 1409
1781296916998 0.1637551188468933 1410
1781296917000 0.324424684047699 1411
1781296917002 0.39531055092811584 1412
1781296917005 0.3745882511138916 1413
1781296917007 0.3742675185203552 1414
1781296917009 0.2443140596151352 1415
1781296917011 0.11301936954259872 1416
1781296917014 0.26002299785614014 1417
1781296917017 0.371425986289978 1418
1781296917019 0.2935751974582672 1419
1781296917022 0.2584037184715271 1420
1781296917024 0.1268817037343979 1421
1781296917026 0.36636248230934143 1422
1781296917029 0.4518147110939026 1423
1781296917031 0.3715497553348541 1424
1781296917035 0.3403308689594269 1425
1781296917037 0.22762708365917206 1426
1781296917039 0.19539949297904968 1427
1781296917041 0.32963913679122925 1428
1781296917044 0.17046105861663818 1429
1781296917046 0.5912131071090698 1430
1781296917049 0.29532453417778015 1431
1781296917051 0.29276466369628906 1432
1781296917055 0.2816926836967468 1433
1781296917057 0.5011760592460632 1434
1781296917059 0.4881696105003357 1435
1781296917062 0.3163725435733795 1436
1781296917065 0.36950308084487915 1437
1781296917068 0.23218174278736115 1438
1781296917070 0.28783494234085083 1439
1781296917073 0.20635829865932465 1440
1781296917075 0.36486974358558655 1441
1781296917077 0.3240363597869873 1442
1781296917081 0.19681106507778168 1443
1781296917083 0.2515481412410736 1444
1781296917085 0.33353686332702637 1445
1781296917089 0.2619253396987915 1446
1781296917091 0.2910314202308655 1447
1781296917093 0.3938692510128021 1448
1781296917097 0.2842278480529785 1449
1781296917100 0.4834309220314026 1450
1781296917102 0.35320451855659485 1451
1781296917104 0.3401179313659668 1452
1781296917106 0.16627857089042664 1453
1781296917109 0.3459956645965576 1454
1781296917111 0.525215208530426 1455
1781296917114 0.3262645900249481 1456
1781296917116 0.33587563037872314 1457
1781296917119 0.34900280833244324 1458
1781296917121 0.43930861353874207 1459
1781296917123 0.3386062979698181 1460
1781296917125 0.31893599033355713 1461
1781296917128 0.6797449588775635 1462
1781296917130 0.279052197933197 1463
1781296917132 0.18147340416908264 1464
1781296917134 0.2188592404127121 1465
1781296917138 0.27088144421577454 1466
1781296917140 0.7253381013870239 1467
1781296917142 0.44048967957496643 1468
1781296917144 0.183635413646698 1469
1781296917146 0.3575092852115631 1470
1781296917149 0.26429617404937744 1471
1781296917151 0.291552871465683 1472
1781296917154 0.6903907060623169 1473
1781296917156 0.6209405660629272 1474
1781296917158 0.42494523525238037 1475
1781296917160 0.2780255079269409 1476
1781296917162 0.4792294204235077 1477
1781296917166 0.25991517305374146 1478
1781296917169 0.3349071145057678 1479
1781296917172 0.35299307107925415 1480
1781296917176 0.31628984212875366 1481
1781296917178 0.18590211868286133 1482
1781296917181 0.17719978094100952 1483
1781296917185 0.4092463254928589 1484
1781296917188 0.28701189160346985 1485
1781296917190 0.20174001157283783 1486
1781296917192 0.42409515380859375 1487
1781296917195 0.33518949151039124 1488
1781296917197 0.25188198685646057 1489
1781296917200 0.41162362694740295 1490
1781296917202 0.162575364112854 1491
1781296917204 0.34420546889305115 1492
1781296917206 0.5734550356864929 1493
1781296917208 0.36967408657073975 1494
1781296917210 0.22672103345394135 1495
1781296917213 0.300687700510025 1496
1781296917216 0.25694671273231506 1497
1781296917218 0.4500093162059784 1498
1781296917220 0.45225512981414795 1499
1781296917222 0.3345937132835388 1500
1781296917224 0.2982834279537201 1501
1781296917227 0.19759038090705872 1502
1781296917230 0.39675232768058777 1503
1781296917232 0.29430949687957764 1504
1781296917235 0.5678784251213074 1505
1781296917237 0.4319295287132263 1506
1781296917239 0.23140715062618256 1507
1781296917241 0.33498117327690125 1508
1781296917243 0.19461102783679962 1509
1781296917245 0.1484673172235489 1510
1781296917248 0.5096822381019592 1511
1781296917250 0.23303616046905518 1512
1781296917252 0.28359806537628174 1513
1781296917255 0.44706976413726807 1514
1781296917257 0.3335743546485901 1515
1781296917259 0.18836477398872375 1516
1781296917261 0.5345159769058228 1517
1781296917264 0.22004982829093933 1518
1781296917267 0.2562767565250397 1519
1781296917269 0.23817816376686096 1520
1781296917272 0.3887730538845062 1521
1781296917274 0.3073963522911072 1522
1781296917278 0.454588383436203 1523
1781296917281 0.3378479778766632 1524
1781296917283 0.15845127403736115 1525
1781296917286 0.2311343103647232 1526
1781296917288 0.4777079224586487 1527
1781296917290 0.35710400342941284 1528
1781296917292 0.1809798926115036 1529
1781296917294 0.2981220483779907 1530
1781296917297 0.20132489502429962 1531
1781296917299 0.35508209466934204 1532
1781296917303 0.15431427955627441 1533
1781296917305 0.14583812654018402 1534
1781296917308 0.5890611410140991 1535
1781296917310 0.12999869883060455 1536
1781296917313 0.2959933876991272 1537
1781296917315 0.43812477588653564 1538
1781296917317 0.4488922655582428 1539
1781296917320 0.29766058921813965 1540
1781296917322 0.1999315619468689 1541
1781296917325 0.3825761079788208 1542
1781296917327 0.33823880553245544 1543
1781296917329 0.254973828792572 1544
1781296917332 0.4624619483947754 1545
1781296917334 0.49659544229507446 1546
1781296917336 0.20078442990779877 1547
1781296917338 0.22828629612922668 1548
1781296917340 0.1309012770652771 1549
1781296917343 0.3322688937187195 1550
1781296917345 0.2549557685852051 1551
1781296917347 0.4846876561641693 1552
1781296917350 0.18372178077697754 1553
1781296917352 0.39420658349990845 1554
1781296917355 0.22552181780338287 1555
1781296917357 0.23659516870975494 1556
1781296917360 0.791140615940094 1557
1781296917362 0.21591100096702576 1558
1781296917364 0.1239825189113617 1559
1781296917367 0.35205090045928955 1560
1781296917370 0.15192069113254547 1561
1781296917372 0.3276941776275635 1562
1781296917374 0.21651014685630798 1563
1781296917376 0.25187015533447266 1564
1781296917379 0.19424130022525787 1565
1781296917381 0.42604079842567444 1566
1781296917383 0.23888374865055084 1567
1781296917386 0.7318148612976074 1568
1781296917389 0.21920844912528992 1569
1781296917391 0.16911663115024567 1570
1781296917394 0.28246334195137024 1571
1781296917396 0.34972333908081055 1572
1781296917398 0.3564959168434143 1573
1781296917401 0.35739630460739136 1574
1781296917403 0.41311946511268616 1575
1781296917406 0.3213927149772644 1576
1781296917408 0.3174423277378082 1577
1781296917410 0.4152247905731201 1578
1781296917413 0.3734149932861328 1579
1781296917415 0.25298869609832764 1580
1781296917419 0.241421639919281 1581
1781296917421 0.3528318703174591 1582
1781296917424 0.3794373571872711 1583
1781296917426 0.13594047725200653 1584
1781296917428 0.35586297512054443 1585
1781296917430 0.1611165702342987 1586
1781296917432 0.3582647442817688 1587
1781296917435 0.17349375784397125 1588
1781296917437 0.15185679495334625 1589
1781296917439 0.17074887454509735 1590
1781296917441 0.14943015575408936 1591
1781296917444 0.2769789695739746 1592
1781296917446 0.4583953619003296 1593
1781296917450 0.20277056097984314 1594
1781296917452 0.2373785376548767 1595
1781296917454 0.2620749771595001 1596
1781296917456 0.3893609344959259 1597
1781296917458 0.21597683429718018 1598
1781296917461 0.1991526037454605 1599
1781296917463 0.3699397146701813 1600
1781296917465 0.22818361222743988 1601
1781296917468 0.3203473687171936 1602
1781296917471 0.3864995837211609 1603
1781296917473 0.33436495065689087 1604
1781296917475 0.20672011375427246 1605
1781296917478 0.2787588834762573 1606
1781296917480 0.2997792661190033 1607
1781296917483 0.3017699122428894 1608
1781296917486 0.26534342765808105 1609
1781296917488 0.27796515822410583 1610
1781296917490 0.19233176112174988 1611
1781296917492 0.23174524307250977 1612
1781296917495 0.2775939106941223 1613
1781296917497 0.16786979138851166 1614
1781296917499 0.38033565878868103 1615
1781296917502 0.4283120334148407 1616
1781296917505 0.4980260133743286 1617
1781296917507 0.22870385646820068 1618
1781296917509 0.35679978132247925 1619
1781296917512 0.3638019859790802 1620
1781296917515 0.40341269969940186 1621
1781296917517 0.22558841109275818 1622
1781296917520 0.23436498641967773 1623
1781296917523 0.46827268600463867 1624
1781296917525 0.343563437461853 1625
1781296917527 0.30526402592658997 1626
1781296917530 0.26117661595344543 1627
1781296917532 0.2413458377122879 1628
1781296917534 0.311698317527771 1629
1781296917536 0.6055115461349487 1630
1781296917538 0.34294772148132324 1631
1781296917540 0.48644596338272095 1632
1781296917543 0.428767591714859 1633
1781296917545 0.32365041971206665 1634
1781296917548 0.48129013180732727 1635
1781296917550 0.19523955881595612 1636
1781296917552 0.2874535620212555 1637
1781296917555 0.40498074889183044 1638
1781296917557 0.21478617191314697 1639
1781296917559 0.1853206902742386 1640
1781296917561 0.19818444550037384 1641
1781296917563 0.3497331142425537 1642
1781296917566 0.21962113678455353 1643
1781296917568 0.49003124237060547 1644
1781296917571 0.3748476207256317 1645
1781296917573 0.4074203372001648 1646
1781296917575 0.2440950572490692 1647
1781296917577 0.2132917046546936 1648
1781296917580 0.3048882484436035 1649
1781296917582 0.33300337195396423 1650
1781296917585 0.2357362061738968 1651
1781296917587 0.5764814019203186 1652
1781296917589 0.3838503062725067 1653
1781296917592 0.2554665505886078 1654
1781296917595 0.2583416700363159 1655
1781296917597 0.4030255973339081 1656
1781296917599 0.20784682035446167 1657
1781296917601 0.453946590423584 1658
1781296917604 0.25824135541915894 1659
1781296917606 0.5369589924812317 1660
1781296917608 0.6019518971443176 1661
1781296917611 0.3607140779495239 1662
1781296917615 0.1605151891708374 1663
1781296917618 0.17589634656906128 1664
1781296917620 0.2826492488384247 1665
1781296917623 0.30902060866355896 1666
1781296917625 0.5626025199890137 1667
1781296917627 0.3716471195220947 1668
1781296917630 0.6007279753684998 1669
1781296917633 0.2810235917568207 1670
1781296917635 0.418842077255249 1671
1781296917638 0.44908633828163147 1672
1781296917640 0.2721904516220093 1673
1781296917642 0.2560708224773407 1674
1781296917644 0.30051541328430176 1675
1781296917647 0.3177749514579773 1676
1781296917649 0.4310986399650574 1677
1781296917652 0.27571603655815125 1678
1781296917654 0.3935983180999756 1679
1781296917657 0.3916594982147217 1680
1781296917659 0.2423446625471115 1681
1781296917661 0.4523680508136749 1682
1781296917663 0.36064642667770386 1683
1781296917666 0.4820951819419861 1684
1781296917668 0.3823419213294983 1685
1781296917670 0.15170517563819885 1686
1781296917672 0.323670893907547 1687
1781296917674 0.318538635969162 1688
1781296917676 0.2501942217350006 1689
1781296917678 0.35896262526512146 1690
1781296917681 0.23886670172214508 1691
1781296917683 0.22421114146709442 1692
1781296917685 0.18554387986660004 1693
1781296917688 0.41819828748703003 1694
1781296917691 0.35817408561706543 1695
1781296917693 0.1739441305398941 1696
1781296917695 0.40700027346611023 1697
1781296917698 0.3110935091972351 1698
1781296917700 0.2745908200740814 1699
1781296917702 0.351331502199173 1700
1781296917705 0.20901086926460266 1701
1781296917707 0.299414724111557 1702
1781296917709 0.3154497742652893 1703
1781296917711 0.4691581726074219 1704
1781296917714 0.2195519059896469 1705
1781296917716 0.36842918395996094 1706
1781296917718 0.29858678579330444 1707
1781296917720 0.16444991528987885 1708
1781296917723 0.31188347935676575 1709
1781296917726 0.31638213992118835 1710
1781296917728 0.31784194707870483 1711
1781296917730 0.6044864058494568 1712
1781296917732 0.1777784675359726 1713
1781296917735 0.18300433456897736 1714
1781296917737 0.4881604015827179 1715
1781296917739 0.37899377942085266 1716
1781296917741 0.25144726037979126 1717
1781296917743 0.5737134218215942 1718
1781296917746 0.40804633498191833 1719
1781296917748 0.26183655858039856 1720
1781296917751 0.3257942199707031 1721
1781296917753 0.3292480409145355 1722
1781296917755 0.345637708902359 1723
1781296917759 0.24742570519447327 1724
1781296917761 0.3030346930027008 1725
1781296917764 0.4607295095920563 1726
1781296917766 0.3542945086956024 1727
1781296917768 0.2710161507129669 1728
1781296917772 0.23260249197483063 1729
1781296917774 0.38116851449012756 1730
1781296917777 0.4357545077800751 1731
1781296917779 0.33761417865753174 1732
1781296917781 0.21056531369686127 1733
1781296917783 0.28796645998954773 1734
1781296917786 0.34112250804901123 1735
1781296917788 0.39904171228408813 1736
1781296917790 0.26168593764305115 1737
1781296917792 0.3954428434371948 1738
1781296917795 0.13918890058994293 1739
1781296917798 0.44067472219467163 1740
1781296917800 0.46152955293655396 1741
1781296917802 0.3224714696407318 1742
1781296917804 0.30508384108543396 1743
1781296917807 0.1356738954782486 1744
1781296917809 0.3173920512199402 1745
1781296917812 0.2673744559288025 1746
1781296917815 0.22023732960224152 1747
1781296917817 0.3317643702030182 1748
1781296917820 0.39549270272254944 1749
1781296917822 0.31023186445236206 1750
1781296917824 0.30394700169563293 1751
1781296917826 0.3827669620513916 1752
1781296917828 0.5507627129554749 1753
1781296917832 0.27146318554878235 1754
1781296917834 0.2990650534629822 1755
1781296917836 0.3651503920555115 1756
1781296917839 0.22653400897979736 1757
1781296917841 0.20465168356895447 1758
1781296917843 0.35249438881874084 1759
1781296917846 0.33255326747894287 1760
1781296917848 0.39195430278778076 1761
1781296917850 0.438353955745697 1762
1781296917852 0.36277109384536743 1763
1781296917855 0.19287316501140594 1764
1781296917857 0.250108927488327 1765
1781296917859 0.2490418702363968 1766
1781296917861 0.4609375298023224 1767
1781296917864 0.17458489537239075 1768
1781296917866 0.12722797691822052 1769
1781296917868 0.28905901312828064 1770
1781296917870 0.27397674322128296 1771
1781296917872 0.2173130363225937 1772
1781296917874 0.46272581815719604 1773
1781296917877 0.43505239486694336 1774
1781296917880 0.18103858828544617 1775
1781296917882 0.27880316972732544 1776
1781296917885 0.3028073310852051 1777
1781296917888 0.17051559686660767 1778
1781296917890 0.3038010001182556 1779
1781296917892 0.2732495963573456 1780
1781296917894 0.24264587461948395 1781
1781296917896 0.2580106854438782 1782
1781296917900 0.20092637836933136 1783
1781296917902 0.4018860459327698 1784
1781296917904 0.4224556088447571 1785
1781296917906 0.17031875252723694 1786
1781296917909 0.3324337601661682 1787
1781296917911 0.23697729408740997 1788
1781296917914 0.26847490668296814 1789
1781296917916 0.41328197717666626 1790
1781296917919 0.4262043833732605 1791
1781296917922 0.24523909389972687 1792
1781296917924 0.25640803575515747 1793
1781296917926 0.2629830837249756 1794
1781296917928 0.36185747385025024 1795
1781296917931 0.4523771107196808 1796
1781296917933 0.15864339470863342 1797
1781296917935 0.3353053629398346 1798
1781296917937 0.27751174569129944 1799
1781296917940 0.5448057651519775 1800
1781296917942 0.25096744298934937 1801
1781296917944 0.29293155670166016 1802
1781296917948 0.3061256408691406 1803
1781296917950 0.4510943293571472 1804
1781296917952 0.2681572735309601 1805
1781296917954 0.30615267157554626 1806
1781296917956 0.1135278046131134 1807
1781296917959 0.27024734020233154 1808
1781296917961 0.27479276061058044 1809
1781296917963 0.431967556476593 1810
1781296917966 0.22210007905960083 1811
1781296917968 0.29965490102767944 1812
1781296917971 0.27675750851631165 1813
1781296917973 0.34364357590675354 1814
1781296917975 0.20079417526721954 1815
1781296917978 0.2680681347846985 1816
1781296917981 0.46934622526168823 1817
1781296917983 0.3373062014579773 1818
1781296917985 0.20143796503543854 1819
1781296917988 0.27179935574531555 1820
1781296917990 0.36430761218070984 1821
1781296917993 0.3471137583255768 1822
1781296917996 0.34884825348854065 1823
1781296917998 0.26567840576171875 1824
1781296918001 0.08589690923690796 1825
1781296918003 0.18984505534172058 1826
1781296918005 0.4661044776439667 1827
1781296918007 0.455116868019104 1828
1781296918010 0.2406539022922516 1829
1781296918012 0.29033970832824707 1830
1781296918015 0.30637696385383606 1831
1781296918017 0.31469765305519104 1832
1781296918019 0.23048029839992523 1833
1781296918021 0.30252090096473694 1834
1781296918023 0.47227364778518677 1835
1781296918026 0.20557567477226257 1836
1781296918028 0.5045515298843384 1837
1781296918030 0.31907010078430176 1838
1781296918033 0.26037782430648804 1839
1781296918035 0.3061021566390991 1840
1781296918037 0.1510641872882843 1841
1781296918039 0.19982606172561646 1842
1781296918042 0.3517480492591858 1843
1781296918044 0.5073991417884827 1844
1781296918047 0.7568848133087158 1845
1781296918049 0.44146406650543213 1846
1781296918052 0.5963073372840881 1847
1781296918054 0.15665625035762787 1848
1781296918057 0.2783558964729309 1849
1781296918059 0.2511236369609833 1850
1781296918061 0.6257559657096863 1851
1781296918065 0.23101714253425598 1852
1781296918067 0.37359264492988586 1853
1781296918070 0.2056107372045517 1854
1781296918073 0.6148281693458557 1855
1781296918075 0.5288906097412109 1856
1781296918078 0.3353557586669922 1857
1781296918081 0.2875393331050873 1858
1781296918084 0.2213701456785202 1859
1781296918086 0.2230122834444046 1860
1781296918088 0.2810125946998596 1861
1781296918090 0.363272488117218 1862
1781296918093 0.2641560733318329 1863
1781296918095 0.2705395221710205 1864
1781296918097 0.2619180977344513 1865
1781296918100 0.3401864171028137 1866
1781296918102 0.31389665603637695 1867
1781296918105 0.2594588100910187 1868
1781296918107 0.47634902596473694 1869
1781296918109 0.4212857782840729 1870
1781296918111 0.3350963294506073 1871
1781296918114 0.41075053811073303 1872
1781296918116 0.2265191674232483 1873
1781296918263 0.2222885638475418 1874
1781296918266 0.35306864976882935 1875
1781296918268 0.2739552855491638 1876
1781296918270 0.37467870116233826 1877
1781296918272 0.4451671838760376 1878
1781296918274 0.17671731114387512 1879
1781296918277 0.2843966484069824 1880
1781296918280 0.43764999508857727 1881
1781296918283 0.3229938745498657 1882
1781296918285 0.2447209656238556 1883
1781296918287 0.2342258095741272 1884
1781296918289 0.2827070653438568 1885
1781296918292 0.2089385688304901 1886
1781296918295 0.12337801605463028 1887
1781296918298 0.28482961654663086 1888
1781296918300 0.10050327330827713 1889
1781296918302 0.44130608439445496 1890
1781296918305 0.20633552968502045 1891
1781296918307 0.36232617497444153 1892
1781296918309 0.1654064804315567 1893
1781296918311 0.29252132773399353 1894
1781296918313 0.3202124238014221 1895
1781296918316 0.25501060485839844 1896
1781296918318 0.383514404296875 1897
1781296918320 0.4141368269920349 1898
1781296918323 0.2775971293449402 1899
1781296918325 0.3730054497718811 1900
1781296918327 0.27187758684158325 1901
1781296918331 0.23025290668010712 1902
1781296918333 0.49174776673316956 1903
1781296918335 0.3341541290283203 1904
1781296918337 0.24212627112865448 1905
1781296918341 0.27920955419540405 1906
1781296918343 0.17479459941387177 1907
1781296918346 0.26102128624916077 1908
1781296918349 0.2879040241241455 1909
1781296918352 0.20437631011009216 1910
1781296918354 0.13804343342781067 1911
1781296918357 0.13802208006381989 1912
1781296918359 0.13284486532211304 1913
1781296918361 0.2838728725910187 1914
1781296918364 0.3526061475276947 1915
1781296918367 0.23842114210128784 1916
1781296918369 0.4046211540699005 1917
1781296918371 0.18111445009708405 1918
1781296918373 0.15889842808246613 1919
1781296918376 0.23582443594932556 1920
1781296918378 0.18318745493888855 1921
1781296918380 0.5524568557739258 1922
1781296918382 0.4148368835449219 1923
1781296918384 0.41372090578079224 1924
1781296918386 0.44059666991233826 1925
1781296918389 0.336995929479599 1926
1781296918391 0.4926002025604248 1927
1781296918393 0.22388862073421478 1928
1781296918395 0.19184258580207825 1929
1781296918398 0.29190364480018616 1930
1781296918400 0.1435312181711197 1931
1781296918403 0.4003508687019348 1932
1781296918405 0.36644870042800903 1933
1781296918407 0.42641106247901917 1934
1781296918409 0.38013848662376404 1935
1781296918411 0.5343450307846069 1936
1781296918414 0.3729097843170166 1937
1781296918416 0.24898052215576172 1938
1781296918418 0.3143026828765869 1939
1781296918420 0.5175028443336487 1940
1781296918422 0.2766437530517578 1941
1781296918425 0.200067400932312 1942
1781296918427 0.313903272151947 1943
1781296918429 0.48835915327072144 1944
1781296918432 0.36160019040107727 1945
1781296918434 0.19802206754684448 1946
1781296918437 0.1895037740468979 1947
1781296918439 0.25225281715393066 1948
1781296918441 0.4135267436504364 1949
1781296918444 0.2651638984680176 1950
1781296918447 0.47050321102142334 1951
1781296918449 0.34033408761024475 1952
1781296918451 0.29758673906326294 1953
1781296918453 0.48390910029411316 1954
1781296918455 0.2397722452878952 1955
1781296918457 0.27711835503578186 1956
1781296918460 0.4968300759792328 1957
1781296918462 0.4181975722312927 1958
1781296918464 0.3292343318462372 1959
1781296918466 0.1928916573524475 1960
1781296918468 0.18540480732917786 1961
1781296918470 0.24264176189899445 1962
1781296918473 0.31340137124061584 1963
1781296918475 0.4330952763557434 1964
1781296918477 0.2063639760017395 1965
1781296918480 0.31183624267578125 1966
1781296918482 0.15908285975456238 1967
1781296918484 0.39278751611709595 1968
1781296918486 0.3136289119720459 1969
1781296918488 0.16581661999225616 1970
1781296918491 0.18867629766464233 1971
1781296918493 0.11350812762975693 1972
1781296918495 0.4579744040966034 1973
1781296918497 0.3318619132041931 1974
1781296918500 0.37352511286735535 1975
1781296918502 0.17677339911460876 1976
1781296918504 0.4343167543411255 1977
1781296918506 0.20361752808094025 1978
1781296918508 0.2564900517463684 1979
1781296918511 0.47291436791419983 1980
1781296918513 0.30669212341308594 1981
1781296918516 0.18742825090885162 1982
1781296918518 0.4903264343738556 1983
1781296918520 0.26965397596359253 1984
1781296918522 0.41120654344558716 1985
1781296918524 0.10886014252901077 1986
1781296918527 0.3017151951789856 1987
1781296918529 0.30010703206062317 1988
1781296918531 0.3053218424320221 1989
1781296918533 0.32891637086868286 1990
1781296918536 0.21662253141403198 1991
1781296918538 0.4326401650905609 1992
1781296918540 0.2865073084831238 1993
1781296918542 0.33065134286880493 1994
1781296918544 0.20903334021568298 1995
1781296918547 0.2749035656452179 1996
1781296918549 0.3539494574069977 1997
1781296918551 0.34848538041114807 1998
1781296918553 0.248652383685112 1999
1781296918556 0.17400608956813812 2000
1781296918558 0.27024465799331665 2001
1781296918561 0.2615092396736145 2002
1781296918563 0.39643463492393494 2003
1781296918565 0.49903273582458496 2004
1781296918568 0.34536582231521606 2005
1781296918571 0.345366895198822 2006
1781296918573 0.4417572319507599 2007
1781296918575 0.322493314743042 2008
1781296918578 0.18068917095661163 2009
1781296918580 0.20041388273239136 2010
1781296918582 0.23387649655342102 2011
1781296918584 0.33190977573394775 2012
1781296918588 0.5067083835601807 2013
1781296918590 0.4434775710105896 2014
1781296918592 0.48703721165657043 2015
1781296918594 0.3347013294696808 2016
1781296918597 0.2957906723022461 2017
1781296918599 0.37914156913757324 2018
1781296918602 0.4710131585597992 2019
1781296918604 0.25914695858955383 2020
1781296918606 0.2903743386268616 2021
1781296918608 0.3830374777317047 2022
1781296918611 0.19968701899051666 2023
1781296918613 0.1458316445350647 2024
1781296918616 0.4165673851966858 2025
1781296918618 0.19745513796806335 2026
1781296918620 0.39640676975250244 2027
1781296918623 0.38428473472595215 2028
1781296918625 0.3368532359600067 2029
1781296918628 0.3298059105873108 2030
1781296918630 0.25763386487960815 2031
1781296918632 0.33477887511253357 2032
1781296918634 0.31956297159194946 2033
1781296918636 0.22116908431053162 2034
1781296918638 0.235695943236351 2035
1781296918641 0.1920156627893448 2036
1781296918643 0.25430163741111755 2037
1781296918645 0.3542393445968628 2038
1781296918648 0.4704137146472931 2039
1781296918650 0.24300755560398102 2040
1781296918652 0.1640728861093521 2041
1781296918654 0.30944642424583435 2042
1781296918656 0.44219306111335754 2043
1781296918658 0.4440072476863861 2044
1781296918661 0.23161309957504272 2045
1781296918663 0.27292072772979736 2046
1781296918665 0.27064603567123413 2047
1781296918667 0.1947668194770813 2048
1781296918669 0.31283584237098694 2049
1781296918672 0.24811460077762604 2050
1781296918674 0.5651333332061768 2051
1781296918676 0.5083014965057373 2052
1781296918679 0.43811720609664917 2053
1781296918681 0.3012267053127289 2054
1781296918683 0.28513631224632263 2055
1781296918686 0.7146344780921936 2056
1781296918688 0.29161524772644043 2057
1781296918690 0.38951587677001953 2058
1781296918692 0.3543751537799835 2059
1781296918695 0.21932217478752136 2060
1781296918697 0.4360066056251526 2061
1781296918699 0.6181854605674744 2062
1781296918702 0.45019835233688354 2063
1781296918704 0.3481788635253906 2064
1781296918706 0.31819087266921997 2065
1781296918708 0.22152172029018402 2066
1781296918711 0.3664112091064453 2067
1781296918714 0.37858203053474426 2068
1781296918716 0.26435503363609314 2069
1781296918718 0.16612878441810608 2070
1781296918721 0.2815752923488617 2071
1781296918723 0.3101342022418976 2072
1781296918725 0.3806529939174652 2073
1781296918728 0.40537139773368835 2074
1781296918732 0.28299465775489807 2075
1781296918734 0.278352290391922 2076
1781296918737 0.39402449131011963 2077
1781296918739 0.498645544052124 2078
1781296918741 0.3481954336166382 2079
1781296918744 0.3015517592430115 2080
1781296918747 0.33047086000442505 2081
1781296918749 0.1016339585185051 2082
1781296918752 0.14011844992637634 2083
1781296918755 0.3299356698989868 2084
1781296918757 0.3164456784725189 2085
1781296918760 0.22037126123905182 2086
1781296918762 0.24272121489048004 2087
1781296918765 0.461904913187027 2088
1781296918767 0.37890857458114624 2089
1781296918769 0.32255062460899353 2090
1781296918772 0.6037755012512207 2091
1781296918774 0.3585642874240875 2092
1781296918776 0.3777049779891968 2093
1781296918778 0.5708727240562439 2094
1781296918780 0.18558382987976074 2095
1781296918784 0.23808446526527405 2096
1781296918786 0.4830522835254669 2097
1781296918788 0.23679053783416748 2098
1781296918791 0.40192505717277527 2099
1781296918793 0.2992057204246521 2100
1781296918795 0.29882389307022095 2101
1781296918797 0.3423319458961487 2102
1781296918800 0.1941056102514267 2103
1781296918802 0.35081747174263 2104
1781296918804 0.40397948026657104 2105
1781296918806 0.31781405210494995 2106
1781296918809 0.2930276393890381 2107
1781296918811 0.2570236623287201 2108
1781296918813 0.596121609210968 2109
1781296918815 0.13722287118434906 2110
1781296918817 0.29170507192611694 2111
1781296918820 0.24729463458061218 2112
1781296918822 0.5005320906639099 2113
1781296918824 0.3260687589645386 2114
1781296918826 0.279153048992157 2115
1781296918829 0.34917059540748596 2116
1781296918831 0.20856426656246185 2117
1781296918834 0.3636356592178345 2118
1781296918836 0.49704962968826294 2119
1781296918838 0.42364218831062317 2120
1781296918841 0.28359636664390564 2121
1781296918843 0.5089021325111389 2122
1781296918847 0.3996334373950958 2123
1781296918849 0.31932029128074646 2124
1781296918852 0.2416815608739853 2125
1781296918854 0.25634920597076416 2126
1781296918856 0.2288486510515213 2127
1781296918858 0.14810426533222198 2128
1781296918860 0.28926578164100647 2129
1781296918862 0.2722383141517639 2130
1781296918865 0.3300993740558624 2131
1781296918867 0.27165308594703674 2132
1781296918869 0.45933568477630615 2133
1781296918871 0.2898285686969757 2134
1781296918874 0.2128404825925827 2135
1781296918876 0.2872931957244873 2136
1781296918878 0.4921337962150574 2137
1781296918880 0.48209017515182495 2138
1781296918882 0.150197833776474 2139
1781296918885 0.3441139757633209 2140
1781296918887 0.20900452136993408 2141
1781296918889 0.2952550947666168 2142
1781296918891 0.47103646397590637 2143
1781296918894 0.3143405616283417 2144
1781296918897 0.32928362488746643 2145
1781296918899 0.42460229992866516 2146
1781296918902 0.45339807868003845 2147
1781296918904 0.22515814006328583 2148
1781296918907 0.30972740054130554 2149
1781296918909 0.3316118121147156 2150
1781296918911 0.22896762192249298 2151
1781296918914 0.3939521908760071 2152
1781296918916 0.1739056408405304 2153
1781296918918 0.3343394994735718 2154
1781296918920 0.27799665927886963 2155
1781296918923 0.28949782252311707 2156
1781296918925 0.268276572227478 2157
1781296918928 0.31176429986953735 2158
1781296918930 0.3879886865615845 2159
1781296918933 0.3903442919254303 2160
1781296918935 0.4983239471912384 2161
1781296918937 0.31622669100761414 2162
1781296918939 0.35505056381225586 2163
1781296918942 0.391456663608551 2164
1781296918944 0.3501475751399994 2165
1781296918947 0.2873478829860687 2166
1781296918949 0.42695796489715576 2167
1781296918951 0.27678805589675903 2168
1781296918953 0.37026557326316833 2169
1781296918956 0.4477851092815399 2170
1781296918958 0.28156206011772156 2171
1781296918960 0.331082284450531 2172
1781296918963 0.3032737076282501 2173
1781296918965 0.3989807069301605 2174
1781296918967 0.4080919027328491 2175
1781296918969 0.33497434854507446 2176
1781296918971 0.3119889497756958 2177
1781296918976 0.38502004742622375 2178
1781296918979 0.45138710737228394 2179
1781296918982 0.28912118077278137 2180
1781296918984 0.3628958463668823 2181
1781296918987 0.36964717507362366 2182
1781296918989 0.524704098701477 2183
1781296918991 0.33842653036117554 2184
1781296918993 0.18460330367088318 2185
1781296918995 0.5573071837425232 2186
1781296918997 0.13036958873271942 2187
1781296919000 0.19773969054222107 2188
1781296919002 0.2863015830516815 2189
1781296919005 0.2795690596103668 2190
1781296919007 0.18655578792095184 2191
1781296919009 0.16930775344371796 2192
1781296919011 0.173129141330719 2193
1781296919014 0.2141035795211792 2194
1781296919017 0.34210532903671265 2195
1781296919020 0.3485431969165802 2196
1781296919023 0.3038407266139984 2197
1781296919025 0.3754385709762573 2198
1781296919028 0.16236717998981476 2199
1781296919031 0.41460463404655457 2200
1781296919033 0.45777004957199097 2201
1781296919036 0.2337726503610611 2202
1781296919038 0.3541412949562073 2203
1781296919040 0.3066672682762146 2204
1781296919043 0.18055260181427002 2205
1781296919045 0.3046615421772003 2206
1781296919048 0.1510312706232071 2207
1781296919050 0.37732985615730286 2208
1781296919052 0.19220533967018127 2209
1781296919054 0.2912519574165344 2210
1781296919056 0.28865793347358704 2211
1781296919059 0.443453311920166 2212
1781296919061 0.21627303957939148 2213
1781296919064 0.17612674832344055 2214
1781296919066 0.16701415181159973 2215
1781296919068 0.14176508784294128 2216
1781296919070 0.2165144979953766 2217
1781296919072 0.39025673270225525 2218
1781296919074 0.4993170499801636 2219
1781296919078 0.22677330672740936 2220
1781296919080 0.177358016371727 2221
1781296919083 0.48993775248527527 2222
1781296919085 0.17705129086971283 2223
1781296919087 0.3015340268611908 2224
1781296919089 0.3153042197227478 2225
1781296919092 0.321902871131897 2226
1781296919094 0.29503333568573 2227
1781296919096 0.20379120111465454 2228
1781296919098 0.2309790998697281 2229
1781296919100 0.2510608732700348 2230
1781296919103 0.5560474395751953 2231
1781296919105 0.4445922374725342 2232
1781296919107 0.35665658116340637 2233
1781296919109 0.22369085252285004 2234
1781296919112 0.2744891345500946 2235
1781296919114 0.151144877076149 2236
1781296919116 0.18440265953540802 2237
1781296919118 0.25621652603149414 2238
1781296919120 0.35542821884155273 2239
1781296919122 0.31064093112945557 2240
1781296919125 0.23194727301597595 2241
1781296919127 0.28292620182037354 2242
1781296919129 0.24505122005939484 2243
1781296919131 0.13714219629764557 2244
1781296919134 0.19414721429347992 2245
1781296919136 0.2467115819454193 2246
1781296919138 0.2575247883796692 2247
1781296919140 0.4220094680786133 2248
1781296919142 0.37751078605651855 2249
1781296919144 0.5497467517852783 2250
1781296919147 0.2917126715183258 2251
1781296919149 0.43260788917541504 2252
1781296919151 0.15630093216896057 2253
1781296919154 0.23902593553066254 2254
1781296919156 0.3416616916656494 2255
1781296919158 0.30869829654693604 2256
1781296919161 0.18326565623283386 2257
1781296919163 0.23088493943214417 2258
1781296919165 0.14283666014671326 2259
1781296919168 0.5007180571556091 2260
1781296919170 0.22827664017677307 2261
1781296919172 0.21360641717910767 2262
1781296919174 0.3158295750617981 2263
1781296919176 0.192740336060524 2264
1781296919179 0.15893755853176117 2265
1781296919181 0.29726725816726685 2266
1781296919183 0.30534520745277405 2267
1781296919185 0.45103564858436584 2268
1781296919188 0.24948443472385406 2269
1781296919190 0.21715815365314484 2270
1781296919192 0.4648594856262207 2271
1781296919194 0.4144408404827118 2272
1781296919197 0.4251660704612732 2273
1781296919199 0.3574446439743042 2274
1781296919201 0.2540322542190552 2275
1781296919203 0.2177146077156067 2276
1781296919206 0.21885427832603455 2277
1781296919208 0.26000943779945374 2278
1781296919210 0.24043035507202148 2279
1781296919213 0.2816005349159241 2280
1781296919215 0.38003671169281006 2281
1781296919217 0.3123529553413391 2282
1781296919219 0.45789632201194763 2283
1781296919222 0.4290144741535187 2284
1781296919224 0.23019665479660034 2285
1781296919226 0.3814884424209595 2286
1781296919230 0.25566884875297546 2287
1781296919232 0.2334742397069931 2288
1781296919235 0.4918268322944641 2289
1781296919239 0.20764495432376862 2290
1781296919242 0.2979845106601715 2291
1781296919247 0.11328597366809845 2292
1781296919250 0.30664876103401184 2293
1781296919252 0.310862272977829 2294
1781296919255 0.3148290514945984 2295
1781296919258 0.23926763236522675 2296
1781296919261 0.17570608854293823 2297
1781296919264 0.4729354977607727 2298
1781296919267 0.11418844759464264 2299
1781296919271 0.34462764859199524 2300
1781296919273 0.2514008581638336 2301
1781296919276 0.14516706764698029 2302
1781296919278 0.2733097970485687 2303
1781296919281 0.4120064973831177 2304
1781296919284 0.3140278458595276 2305
1781296919286 0.275665283203125 2306
1781296919289 0.19517873227596283 2307
1781296919292 0.3635382056236267 2308
1781296919296 0.3019196689128876 2309
1781296919299 0.15600688755512238 2310
1781296919302 0.6348140239715576 2311
1781296919305 0.11262505501508713 2312
1781296919308 0.4851921796798706 2313
1781296919310 0.44830355048179626 2314
1781296919314 0.35842347145080566 2315
1781296919316 0.2661430537700653 2316
1781296919320 0.5777587294578552 2317
1781296919322 0.6568377614021301 2318
1781296919325 0.3374934494495392 2319
1781296919328 0.6061820983886719 2320
1781296919332 0.27645453810691833 2321
1781296919334 0.36726829409599304 2322
1781296919338 0.2534101903438568 2323
1781296919340 0.363271564245224 2324
1781296919344 0.24865230917930603 2325
1781296919347 0.40991392731666565 2326
1781296919349 0.2878991663455963 2327
1781296919352 0.3130016624927521 2328
1781296919355 0.2844473421573639 2329
1781296919358 0.45633283257484436 2330
1781296919362 0.5267814993858337 2331
1781296919365 0.2510630786418915 2332
1781296919368 0.25518882274627686 2333
1781296919370 0.32843583822250366 2334
1781296919373 0.16365814208984375 2335
1781296919376 0.13297176361083984 2336
1781296919380 0.415702223777771 2337
1781296919384 0.3487907946109772 2338
1781296919387 0.20367087423801422 2339
1781296919389 0.15753431618213654 2340
1781296919392 0.17520585656166077 2341
1781296919396 0.34629738330841064 2342
1781296919399 0.30561238527297974 2343
1781296919402 0.3228254020214081 2344
1781296919405 0.21190841495990753 2345
1781296919409 0.38481125235557556 2346
1781296919412 0.26969456672668457 2347
1781296919415 0.26102524995803833 2348
1781296919418 0.17471759021282196 2349
1781296919421 0.33926504850387573 2350
1781296919424 0.31093525886535645 2351
1781296919427 0.38827940821647644 2352
1781296919430 0.11322397738695145 2353
1781296919433 0.1451706886291504 2354
1781296919436 0.22785070538520813 2355
1781296919439 0.26586055755615234 2356
1781296919442 0.19340120255947113 2357
1781296919445 0.2057463824748993 2358
1781296919448 0.4451977610588074 2359
1781296919451 0.11238116770982742 2360
1781296919453 0.3375767171382904 2361
1781296919456 0.8855495452880859 2362
1781296919458 0.15311993658542633 2363
1781296919461 0.27998119592666626 2364
1781296919466 0.3579748570919037 2365
1781296919468 0.20306915044784546 2366
1781296919470 0.4184781312942505 2367
1781296919473 0.1817779242992401 2368
1781296919476 0.19557178020477295 2369
1781296919480 0.2536022961139679 2370
1781296919483 0.4630495309829712 2371
1781296919486 0.3196691870689392 2372
1781296919489 0.40977779030799866 2373
1781296919492 0.21650391817092896 2374
1781296919495 0.43589404225349426 2375
1781296919498 0.39665019512176514 2376
1781296919503 0.20886364579200745 2377
1781296919507 0.26487696170806885 2378
1781296919512 0.4059184491634369 2379
1781296919517 0.27422693371772766 2380
1781296919520 0.19049043953418732 2381
1781296919524 0.3121911883354187 2382
1781296919527 0.31944704055786133 2383
1781296919530 0.26113730669021606 2384
1781296919534 0.42139139771461487 2385
1781296919538 0.27912235260009766 2386
1781296919540 0.27909088134765625 2387
1781296919543 0.25513842701911926 2388
1781296919545 0.24991554021835327 2389
1781296919549 0.363832026720047 2390
1781296919551 0.19202156364917755 2391
1781296919555 0.5411142110824585 2392
1781296919558 0.33725911378860474 2393
1781296919561 0.4580737352371216 2394
1781296919564 0.3807245194911957 2395
1781296919567 0.24180364608764648 2396
1781296919572 0.2237567901611328 2397
1781296919575 0.3742207884788513 2398
1781296919578 0.1981903314590454 2399
1781296919583 0.4145439565181732 2400
1781296919586 0.2092665582895279 2401
1781296919589 0.29432982206344604 2402
1781296919593 0.28982099890708923 2403
1781296919596 0.5311117768287659 2404
1781296919598 0.19008731842041016 2405
1781296919601 0.13562193512916565 2406
1781296919603 0.2642909586429596 2407
1781296919605 0.14633247256278992 2408
1781296919608 0.3218189477920532 2409
1781296919612 0.2220088243484497 2410
1781296919615 0.3862297832965851 2411
1781296919617 0.1290029138326645 2412
1781296919619 0.22255545854568481 2413
1781296919623 0.2714526057243347 2414
1781296919628 0.10027192533016205 2415
1781296919631 0.4122098684310913 2416
1781296919633 0.3996082842350006 2417
1781296919636 0.3699902892112732 2418
1781296919638 0.365414023399353 2419
1781296919642 0.2976530194282532 2420
1781296919644 0.3284953534603119 2421
1781296919647 0.33547264337539673 2422
1781296919653 0.3223879039287567 2423
1781296919655 0.28414228558540344 2424
1781296919659 0.35784193873405457 2425
1781296919663 0.2888749837875366 2426
1781296919668 0.18834543228149414 2427
1781296919674 0.41814303398132324 2428
1781296919680 0.17340826988220215 2429
1781296919685 0.42475324869155884 2430
1781296919690 0.15867507457733154 2431
1781296919694 0.15846671164035797 2432
1781296919697 0.31644153594970703 2433
1781296919700 0.4833154082298279 2434
1781296919703 0.4066978394985199 2435
1781296919705 0.3843422830104828 2436
1781296919707 0.29900461435317993 2437
1781296919710 0.21306034922599792 2438
1781296919714 0.20015953481197357 2439
1781296919717 0.3148232102394104 2440
1781296919719 0.297635018825531 2441
1781296919722 0.18972156941890717 2442
1781296919726 0.24790452420711517 2443
1781296919730 0.3997197449207306 2444
1781296919732 0.44851401448249817 2445
1781296919735 0.487296998500824 2446
1781296919738 0.1971900910139084 2447
1781296919740 0.1330314725637436 2448
1781296919744 0.3574373722076416 2449
1781296919747 0.3631083071231842 2450
1781296919750 0.19284550845623016 2451
1781296919753 0.26797664165496826 2452
1781296919755 0.46655118465423584 2453
1781296919758 0.14105430245399475 2454
1781296919760 0.2434035688638687 2455
1781296919763 0.2056369185447693 2456
1781296919766 0.11165709048509598 2457
1781296919768 0.35387495160102844 2458
1781296919771 0.31676846742630005 2459
1781296919775 0.17594793438911438 2460
1781296919777 0.2116185575723648 2461
1781296919780 0.3519851267337799 2462
1781296919783 0.34524476528167725 2463
1781296919786 0.39352190494537354 2464
1781296919788 0.18821720778942108 2465
1781296919792 0.19096140563488007 2466
1781296919795 0.3394477963447571 2467
1781296919798 0.16457855701446533 2468
1781296919802 0.3049001693725586 2469
1781296919804 0.1983206421136856 2470
1781296919806 0.35496219992637634 2471
1781296919809 0.5483911037445068 2472
1781296919813 0.46417346596717834 2473
1781296919817 0.17737960815429688 2474
1781296919819 0.19224372506141663 2475
1781296919823 0.2364932745695114 2476
1781296919825 0.3804137706756592 2477
1781296919828 0.450930118560791 2478
1781296919831 0.2773968577384949 2479
1781296919834 0.3085705041885376 2480
1781296919836 0.2940730154514313 2481
1781296919839 0.2731560170650482 2482
1781296919842 0.16376568377017975 2483
1781296919845 0.29417115449905396 2484
1781296919848 0.24927547574043274 2485
1781296919851 0.28336086869239807 2486
1781296919854 0.35509270429611206 2487
1781296919857 0.16671226918697357 2488
1781296919860 0.28045687079429626 2489
1781296919864 0.2897365093231201 2490
1781296919866 0.35477569699287415 2491
1781296919869 0.6033423542976379 2492
1781296919873 0.23702198266983032 2493
1781296919876 0.24585679173469543 2494
1781296919878 0.28083059191703796 2495
1781296919881 0.30947235226631165 2496
1781296919884 0.21351878345012665 2497
1781296919888 0.25095587968826294 2498
1781296919890 0.37546485662460327 2499
1781296919893 0.27439364790916443 2500
1781296919896 0.2111680805683136 2501
1781296919898 0.4174458682537079 2502
1781296919901 0.4126240909099579 2503
1781296919905 0.2657601237297058 2504
1781296919908 0.21738874912261963 2505
1781296919910 0.3881702125072479 2506
1781296919914 0.40174174308776855 2507
1781296919917 0.24988672137260437 2508
1781296919920 0.1578318178653717 2509
1781296919923 0.2753685414791107 2510
1781296919926 0.4117390513420105 2511
1781296919929 0.21286289393901825 2512
1781296919932 0.49783840775489807 2513
1781296919935 0.14698944985866547 2514
1781296919937 0.6032275557518005 2515
1781296919940 0.4971816837787628 2516
1781296919943 0.43449974060058594 2517
1781296919945 0.504858672618866 2518
1781296919949 0.28897354006767273 2519
1781296919952 0.4895600974559784 2520
1781296919954 0.26760271191596985 2521
1781296919956 0.31740444898605347 2522
1781296919960 0.12030769884586334 2523
1781296919962 0.22632631659507751 2524
1781296919966 0.2166055142879486 2525
1781296919969 0.2443866729736328 2526
1781296919971 0.2807917594909668 2527
1781296919973 0.3404086232185364 2528
1781296919976 0.44992193579673767 2529
1781296919980 0.32082244753837585 2530
1781296919982 0.4131726622581482 2531
1781296919985 0.3217858076095581 2532
1781296919987 0.13291826844215393 2533
1781296919990 0.30601999163627625 2534
1781296919994 0.4386223554611206 2535
1781296919997 0.5055500268936157 2536
1781296919999 0.23845215141773224 2537
1781296920002 0.1689542979001999 2538
1781296920004 0.2980005443096161 2539
1781296920007 0.41138121485710144 2540
1781296920009 0.3637007772922516 2541
1781296920013 0.3988569378852844 2542
1781296920016 0.20878642797470093 2543
1781296920018 0.34772801399230957 2544
1781296920020 0.3405720293521881 2545
1781296920022 0.18392477929592133 2546
1781296920024 0.1448293924331665 2547
1781296920029 0.40744686126708984 2548
1781296920032 0.2391171008348465 2549
1781296920035 0.3513396978378296 2550
1781296920038 0.14663822948932648 2551
1781296920041 0.2735363245010376 2552
1781296920043 0.5453779697418213 2553
1781296920047 0.1505535989999771 2554
1781296920051 0.39490458369255066 2555
1781296920054 0.2097070813179016 2556
1781296920056 0.09071429818868637 2557
1781296920058 0.2719535827636719 2558
1781296920061 0.3787352740764618 2559
1781296920065 0.3444092869758606 2560
1781296920068 0.1450653374195099 2561
1781296920070 0.2720598578453064 2562
1781296920073 0.2364017218351364 2563
1781296920076 0.41297656297683716 2564
1781296920078 0.09621752798557281 2565
1781296920081 0.3329869210720062 2566
1781296920083 0.40712276101112366 2567
1781296920085 0.16967308521270752 2568
1781296920088 0.10906648635864258 2569
1781296920091 0.13120289146900177 2570
1781296920094 0.33122706413269043 2571
1781296920097 0.5538386106491089 2572
1781296920100 0.4755890369415283 2573
1781296920103 0.284575492143631 2574
1781296920105 0.37934911251068115 2575
1781296920108 0.5338565707206726 2576
1781296920110 0.3840707838535309 2577
1781296920114 0.1436590999364853 2578
1781296920118 0.33542200922966003 2579
1781296920120 0.4970455467700958 2580
1781296920122 0.3220917284488678 2581
1781296920125 0.41689541935920715 2582
1781296920128 0.41111406683921814 2583
1781296920130 0.278721421957016 2584
1781296920133 0.32464107871055603 2585
1781296920135 0.3779849112033844 2586
1781296920138 0.34838658571243286 2587
1781296920141 0.4813252091407776 2588
1781296920143 0.18725530803203583 2589
1781296920146 0.4868971109390259 2590
1781296920150 0.20461364090442657 2591
1781296920153 0.34289851784706116 2592
1781296920157 0.28774628043174744 2593
1781296920161 0.19175013899803162 2594
1781296920164 0.27361050248146057 2595
1781296920167 0.2431069314479828 2596
1781296920170 0.25913384556770325 2597
1781296920173 0.36864250898361206 2598
1781296920176 0.22705931961536407 2599
1781296920179 0.324616014957428 2600
1781296920183 0.31573110818862915 2601
1781296920186 0.15098780393600464 2602
1781296920190 0.38650229573249817 2603
1781296920194 0.4109499454498291 2604
1781296920197 0.24240921437740326 2605
1781296920201 0.3600134253501892 2606
1781296920204 0.2799219489097595 2607
1781296920206 0.11095581948757172 2608
1781296920209 0.39344778656959534 2609
1781296920215 0.3437986373901367 2610
1781296920218 0.11076769977807999 2611
1781296920221 0.21432015299797058 2612
1781296920223 0.41441017389297485 2613
1781296920226 0.3057979643344879 2614
1781296920230 0.10407853126525879 2615
1781296920232 0.12776489555835724 2616
1781296920234 0.41842085123062134 2617
1781296920237 0.2848757207393646 2618
1781296920241 0.3729369640350342 2619
1781296920246 0.49354130029678345 2620
1781296920249 0.28894707560539246 2621
1781296920251 0.31915542483329773 2622
1781296920254 0.26603808999061584 2623
1781296920256 0.3466326594352722 2624
1781296920260 0.2716861367225647 2625
1781296920263 0.47309112548828125 2626
1781296920267 0.11050445586442947 2627
1781296920270 0.4645456075668335 2628
1781296920273 0.30216726660728455 2629
1781296920275 0.47053489089012146 2630
1781296920278 0.16611264646053314 2631
1781296920280 0.4299185574054718 2632
1781296920284 0.4041673243045807 2633
1781296920286 0.17362603545188904 2634
1781296920289 0.2186848223209381 2635
1781296920293 0.28997206687927246 2636
1781296920295 0.41260042786598206 2637
1781296920299 0.3441539406776428 2638
1781296920301 0.2546130120754242 2639
1781296920305 0.3674836754798889 2640
1781296920307 0.24360200762748718 2641
1781296920311 0.3285943567752838 2642
1781296920314 0.42990559339523315 2643
1781296920316 0.2743344008922577 2644
1781296920319 0.27958518266677856 2645
1781296920323 0.31659144163131714 2646
1781296920326 0.3177700936794281 2647
1781296920328 0.21658514440059662 2648
1781296920332 0.32012540102005005 2649
1781296920336 0.2201051414012909 2650
1781296920338 0.20789243280887604 2651
1781296920341 0.5112512707710266 2652
1781296920345 0.3650975525379181 2653
1781296920349 0.24795062839984894 2654
1781296920351 0.2765500545501709 2655
1781296920354 0.24093769490718842 2656
1781296920356 0.44431912899017334 2657
1781296920359 0.22242753207683563 2658
1781296920362 0.18059690296649933 2659
1781296920365 0.2337508201599121 2660
1781296920368 0.5362192988395691 2661
1781296920370 0.3384580910205841 2662
1781296920373 0.20238567888736725 2663
1781296920375 0.20438237488269806 2664
1781296920377 0.14860638976097107 2665
1781296920380 0.3423919677734375 2666
1781296920382 0.33141884207725525 2667
1781296920384 0.16090279817581177 2668
1781296920386 0.24180682003498077 2669
1781296920389 0.3140638768672943 2670
1781296920391 0.25216782093048096 2671
1781296920393 0.3918621242046356 2672
1781296920396 0.404874324798584 2673
1781296920398 0.4161766469478607 2674
1781296920400 0.851211667060852 2675
1781296920403 0.3674396276473999 2676
1781296920405 0.3974445164203644 2677
1781296920407 0.4515666961669922 2678
1781296920410 0.31828975677490234 2679
1781296920412 0.26302096247673035 2680
1781296920414 0.2687116265296936 2681
1781296920416 0.2607767879962921 2682
1781296920419 0.3523945212364197 2683
1781296920421 0.30216482281684875 2684
1781296920423 0.5041617155075073 2685
1781296920425 0.4627901613712311 2686
1781296920427 0.2731182873249054 2687
1781296920430 0.3399577736854553 2688
1781296920432 0.21669094264507294 2689
1781296920434 0.41493332386016846 2690
1781296920436 0.30017632246017456 2691
1781296920440 0.14802250266075134 2692
1781296920442 0.34784576296806335 2693
1781296920445 0.4098967909812927 2694
1781296920447 0.2125108242034912 2695
1781296920449 0.21710926294326782 2696
1781296920451 0.32285091280937195 2697
1781296920454 0.14927448332309723 2698
1781296920456 0.3207802176475525 2699
1781296920458 0.20044845342636108 2700
1781296920460 0.21839964389801025 2701
1781296920462 0.3196524381637573 2702
1781296920465 0.3702530264854431 2703
1781296920467 0.2654719948768616 2704
1781296920469 0.3336055874824524 2705
1781296920471 0.4642001688480377 2706
1781296920473 0.28159892559051514 2707
1781296920476 0.1031629666686058 2708
1781296920478 0.30986544489860535 2709
1781296920480 0.13276971876621246 2710
1781296920484 0.21176791191101074 2711
1781296920486 0.2647881805896759 2712
1781296920488 0.47646185755729675 2713
1781296920490 0.2177847921848297 2714
1781296920493 0.2689976096153259 2715
1781296920495 0.1738651692867279 2716
1781296920497 0.4334770739078522 2717
1781296920499 0.3536059260368347 2718
1781296920501 0.47921207547187805 2719
1781296920503 0.22259512543678284 2720
1781296920506 0.2688228487968445 2721
1781296920508 0.24578163027763367 2722
1781296920510 0.276834100484848 2723
1781296920513 0.1957402229309082 2724
1781296920515 0.25610578060150146 2725
1781296920517 0.3974790871143341 2726
1781296920519 0.418796569108963 2727
1781296920522 0.4907105565071106 2728
1781296920524 0.3059466779232025 2729
1781296920526 0.5050212740898132 2730
1781296920528 0.36313825845718384 2731
1781296920531 0.4922092854976654 2732
1781296920533 0.2030806690454483 2733
1781296920535 0.2606440782546997 2734
1781296920537 0.4516265392303467 2735
1781296920539 0.2601942718029022 2736
1781296920541 0.17924091219902039 2737
1781296920543 0.20615285634994507 2738
1781296920546 0.26292315125465393 2739
1781296920548 0.3214908242225647 2740
1781296920550 0.39980223774909973 2741
1781296920553 0.5549563765525818 2742
1781296920555 0.417516827583313 2743
1781296920557 0.2437124401330948 2744
1781296920559 0.35546591877937317 2745
1781296920572 0.34422338008880615 2746
1781296920574 0.5361892580986023 2747
1781296920577 0.33424749970436096 2748
1781296920579 0.18375620245933533 2749
1781296920582 0.21510203182697296 2750
1781296920584 0.2077142596244812 2751
1781296920586 0.15684543550014496 2752
1781296920589 0.2845604121685028 2753
1781296920591 0.32906121015548706 2754
1781296920593 0.285299152135849 2755
1781296920595 0.42195063829421997 2756
1781296920597 0.30072420835494995 2757
1781296920600 0.41946810483932495 2758
1781296920602 0.26176613569259644 2759
1781296920604 0.3041633069515228 2760
1781296920607 0.23856651782989502 2761
1781296920609 0.30531230568885803 2762
1781296920611 0.24412895739078522 2763
1781296920613 0.4101335406303406 2764
1781296920615 0.3376944959163666 2765
1781296920619 0.5531682968139648 2766
1781296920621 0.23316903412342072 2767
1781296920623 0.35131004452705383 2768
1781296920625 0.16121071577072144 2769
1781296920628 0.4055934548377991 2770
1781296920630 0.21319907903671265 2771
1781296920633 0.40947669744491577 2772
1781296920635 0.3759486675262451 2773
1781296920637 0.4111427664756775 2774
1781296920640 0.5531059503555298 2775
1781296920642 0.3668295741081238 2776
1781296920644 0.2954520583152771 2777
1781296920647 0.25740039348602295 2778
1781296920649 0.2085501253604889 2779
1781296920651 0.3508966863155365 2780
1781296920653 0.3334445357322693 2781
1781296920655 0.23154670000076294 2782
1781296920657 0.4362161457538605 2783
1781296920661 0.20559266209602356 2784
1781296920663 0.29394832253456116 2785
1781296920666 0.3279295563697815 2786
1781296920668 0.2485547810792923 2787
1781296920670 0.3716031014919281 2788
1781296920672 0.19188249111175537 2789
1781296920675 0.13667938113212585 2790
1781296920677 0.23716327548027039 2791
1781296920680 0.5559989213943481 2792
1781296920682 0.29106077551841736 2793
1781296920684 0.2397552877664566 2794
1781296920687 0.24454978108406067 2795
1781296920689 0.24713264405727386 2796
1781296920691 0.36393705010414124 2797
1781296920694 0.22737902402877808 2798
1781296920696 0.39476877450942993 2799
1781296920699 0.4378979504108429 2800
1781296920701 0.2948491871356964 2801
1781296920703 0.27947840094566345 2802
1781296920706 0.5199177861213684 2803
1781296920708 0.37132591009140015 2804
1781296920710 0.23216697573661804 2805
1781296920713 0.2786112129688263 2806
1781296920715 0.44127964973449707 2807
1781296920717 0.32058194279670715 2808
1781296920720 0.3688061833381653 2809
1781296920722 0.2257392257452011 2810
1781296920875 0.6334657073020935 2811
1781296920877 0.2853615880012512 2812
1781296920880 0.1678028553724289 2813
1781296920883 0.15907801687717438 2814
1781296920886 0.3887235224246979 2815
1781296920888 0.30744871497154236 2816
1781296920892 0.21922370791435242 2817
1781296920894 0.1681395173072815 2818
1781296920897 0.30937859416007996 2819
1781296920899 0.45129960775375366 2820
1781296920903 0.2799151539802551 2821
1781296920905 0.37732720375061035 2822
1781296920907 0.36946791410446167 2823
1781296920909 0.3444322347640991 2824
1781296920912 0.3487367331981659 2825
1781296920915 0.28365081548690796 2826
1781296920917 0.2191852629184723 2827
1781296920919 0.35159122943878174 2828
1781296920922 0.41521358489990234 2829
1781296920926 0.3581583499908447 2830
1781296920931 0.28278979659080505 2831
1781296920933 0.25504374504089355 2832
1781296920937 0.5592513680458069 2833
1781296920939 0.21484650671482086 2834
1781296920942 0.17158527672290802 2835
1781296920944 0.2111654430627823 2836
1781296920947 0.2825767993927002 2837
1781296920949 0.1982879340648651 2838
1781296920952 0.41066426038742065 2839
1781296920954 0.41143491864204407 2840
1781296920957 0.27643755078315735 2841
1781296920961 0.29630810022354126 2842
1781296920964 0.2333923727273941 2843
1781296920966 0.35823190212249756 2844
1781296920970 0.26154711842536926 2845
1781296920972 0.25487151741981506 2846
1781296920974 0.2648318409919739 2847
1781296920977 0.31629303097724915 2848
1781296920979 0.15368866920471191 2849
1781296920981 0.261883407831192 2850
1781296920983 0.21519595384597778 2851
1781296920987 0.36297711730003357 2852
1781296920989 0.38647374510765076 2853
1781296920992 0.14641153812408447 2854
1781296920995 0.30375710129737854 2855
1781296920997 0.3538919687271118 2856
1781296920999 0.2543500065803528 2857
1781296921001 0.38936489820480347 2858
1781296921004 0.2302471250295639 2859
1781296921007 0.2677798271179199 2860
1781296921009 0.3775256872177124 2861
1781296921011 0.2908240258693695 2862
1781296921014 0.30890336632728577 2863
1781296921016 0.23732641339302063 2864
1781296921018 0.42627301812171936 2865
1781296921020 0.30515769124031067 2866
1781296921023 0.21924367547035217 2867
1781296921026 0.2934989631175995 2868
1781296921030 0.2400081902742386 2869
1781296921033 0.3373493552207947 2870
1781296921035 0.3144095540046692 2871
1781296921038 0.3117355406284332 2872
1781296921040 0.3454650044441223 2873
1781296921042 0.44007453322410583 2874
1781296921046 0.39970505237579346 2875
1781296921049 0.4314403831958771 2876
1781296921052 0.2467312514781952 2877
1781296921054 0.15237641334533691 2878
1781296921058 0.23703865706920624 2879
1781296921061 0.32409992814064026 2880
1781296921064 0.12820874154567719 2881
1781296921066 0.14958761632442474 2882
1781296921069 0.21088290214538574 2883
1781296921071 0.2146725058555603 2884
1781296921073 0.2387072890996933 2885
1781296921076 0.23128093779087067 2886
1781296921078 0.21216407418251038 2887
1781296921082 0.43760454654693604 2888
1781296921085 0.2020053267478943 2889
1781296921087 0.1448601484298706 2890
1781296921090 0.2596553862094879 2891
1781296921092 0.4051211476325989 2892
1781296921095 0.42931732535362244 2893
1781296921097 0.3506644368171692 2894
1781296921100 0.36476364731788635 2895
1781296921105 0.44122010469436646 2896
1781296921109 0.3910669982433319 2897
1781296921114 0.43695417046546936 2898
1781296921119 0.35404956340789795 2899
1781296921123 0.3348686993122101 2900
1781296921126 0.17074407637119293 2901
1781296921130 0.3583729863166809 2902
1781296921143 0.27010294795036316 2903
1781296921153 0.42444151639938354 2904
1781296921197 0.42402976751327515 2905
1781296921200 0.3349914252758026 2906
1781296921203 0.2992331087589264 2907
1781296921205 0.397522896528244 2908
1781296921208 0.2523660659790039 2909
1781296921210 0.1671171486377716 2910
1781296921213 0.18392661213874817 2911
1781296921215 0.264688104391098 2912
1781296921217 0.37536144256591797 2913
1781296921219 0.2772243022918701 2914
1781296921221 0.2393350601196289 2915
1781296921223 0.4344387352466583 2916
1781296921226 0.21564945578575134 2917
1781296921228 0.2603243589401245 2918
1781296921230 0.27251818776130676 2919
1781296921233 0.38234835863113403 2920
1781296921236 0.2686704397201538 2921
1781296921238 0.6077666878700256 2922
1781296921241 0.2845538258552551 2923
1781296921243 0.35631078481674194 2924
1781296921246 0.243878573179245 2925
1781296921248 0.15917257964611053 2926
1781296921252 0.12861047685146332 2927
1781296921256 0.22269722819328308 2928
1781296921259 0.3173471987247467 2929
1781296921262 0.26895686984062195 2930
1781296921265 0.26922792196273804 2931
1781296921267 0.37748709321022034 2932
1781296921269 0.2921123802661896 2933
1781296921271 0.4330427646636963 2934
1781296921275 0.5205513834953308 2935
1781296921277 0.21587097644805908 2936
1781296921279 0.6418065428733826 2937
1781296921283 0.23308788239955902 2938
1781296921286 0.28386127948760986 2939
1781296921288 0.25674450397491455 2940
1781296921291 0.3496314585208893 2941
1781296921293 0.2951076030731201 2942
1781296921296 0.23570995032787323 2943
1781296921298 0.2744581997394562 2944
1781296921301 0.19680272042751312 2945
1781296921303 0.18430249392986298 2946
1781296921305 0.4699324369430542 2947
1781296921308 0.4245867133140564 2948
1781296921310 0.14478126168251038 2949
1781296921314 0.16730964183807373 2950
1781296921317 0.26415932178497314 2951
1781296921320 0.25497061014175415 2952
1781296921323 0.09646051377058029 2953
1781296921326 0.39715346693992615 2954
1781296921329 0.2815345227718353 2955
1781296921332 0.3210451304912567 2956
1781296921335 0.24549706280231476 2957
1781296921337 0.2785191833972931 2958
1781296921340 0.3378925621509552 2959
1781296921342 0.26284852623939514 2960
1781296921344 0.4970444440841675 2961
1781296921347 0.21025203168392181 2962
1781296921350 0.256928950548172 2963
1781296921352 0.1354312002658844 2964
1781296921355 0.4101540744304657 2965
1781296921357 0.44102564454078674 2966
1781296921359 0.46766799688339233 2967
1781296921361 0.254885733127594 2968
1781296921365 0.2302989661693573 2969
1781296921368 0.28300580382347107 2970
1781296921371 0.3758287727832794 2971
1781296921374 0.31631597876548767 2972
1781296921377 0.3849249482154846 2973
1781296921379 0.3474428653717041 2974
1781296921382 0.3256079852581024 2975
1781296921385 0.15113312005996704 2976
1781296921387 0.413053035736084 2977
1781296921390 0.32527121901512146 2978
1781296921392 0.2541082501411438 2979
1781296921395 0.20488004386425018 2980
1781296921398 0.30782371759414673 2981
1781296921400 0.3378504514694214 2982
1781296921402 0.24062009155750275 2983
1781296921404 0.15084178745746613 2984
1781296921407 0.24380572140216827 2985
1781296921409 0.3953293561935425 2986
1781296921412 0.23100964725017548 2987
1781296921414 0.4033513069152832 2988
1781296921417 0.29474493861198425 2989
1781296921419 0.2478571981191635 2990
1781296921422 0.43891915678977966 2991
1781296921425 0.21247026324272156 2992
1781296921428 0.2768948972225189 2993
1781296921430 0.1351439505815506 2994
1781296921433 0.40914252400398254 2995
1781296921436 0.3164597451686859 2996
1781296921438 0.1706341654062271 2997
1781296921440 0.24012266099452972 2998
1781296921442 0.28215426206588745 2999
1781296921445 0.3232623338699341 3000
1781296921447 0.17227746546268463 3001
1781296921450 0.265287846326828 3002
1781296921452 0.31935977935791016 3003
1781296921454 0.33938807249069214 3004
1781296921456 0.36801156401634216 3005
1781296921458 0.34906983375549316 3006
1781296921460 0.3448761999607086 3007
1781296921464 0.3861524760723114 3008
1781296921466 0.33325693011283875 3009
1781296921468 0.24923034012317657 3010
1781296921471 0.39628610014915466 3011
1781296921473 0.48146694898605347 3012
1781296921475 0.401119202375412 3013
1781296921478 0.4478543698787689 3014
1781296921480 0.23980993032455444 3015
1781296921483 0.24394062161445618 3016
1781296921486 0.2573244869709015 3017
1781296921488 0.17965304851531982 3018
1781296921490 0.30132952332496643 3019
1781296921493 0.24349309504032135 3020
1781296921496 0.39936134219169617 3021
1781296921498 0.32765644788742065 3022
1781296921501 0.33329930901527405 3023
1781296921503 0.2772696316242218 3024
1781296921506 0.569441020488739 3025
1781296921508 0.24347446858882904 3026
1781296921512 0.1432257443666458 3027
1781296921515 0.3580267131328583 3028
1781296921518 0.31787294149398804 3029
1781296921521 0.2516292333602905 3030
1781296921523 0.14150649309158325 3031
1781296921525 0.11433728784322739 3032
1781296921528 0.10854651778936386 3033
1781296921531 0.2611631155014038 3034
1781296921533 0.1735287308692932 3035
1781296921536 0.4490457773208618 3036
1781296921539 0.25616949796676636 3037
1781296921542 0.18886582553386688 3038
1781296921545 0.6623473167419434 3039
1781296921547 0.2599065601825714 3040
1781296921550 0.24661192297935486 3041
1781296921553 0.22790667414665222 3042
1781296921555 0.17992721498012543 3043
1781296921557 0.6403442025184631 3044
1781296921559 0.2557729482650757 3045
1781296921562 0.10265102982521057 3046
1781296921564 0.36063241958618164 3047
1781296921568 0.2517128884792328 3048
1781296921571 0.4042273759841919 3049
1781296921575 0.37264183163642883 3050
1781296921577 0.2571345567703247 3051
1781296921580 0.1814212203025818 3052
1781296921583 0.18397964537143707 3053
1781296921585 0.23447346687316895 3054
1781296921588 0.3295741677284241 3055
1781296921590 0.27242377400398254 3056
1781296921593 0.32606953382492065 3057
1781296921596 0.40803423523902893 3058
1781296921599 0.48598575592041016 3059
1781296921601 0.1328691691160202 3060
1781296921603 0.12332429736852646 3061
1781296921605 0.24213676154613495 3062
1781296921608 0.16995739936828613 3063
1781296921610 0.16695670783519745 3064
1781296921612 0.35636863112449646 3065
1781296921614 0.13840171694755554 3066
1781296921617 0.2269383817911148 3067
1781296921620 0.0731363445520401 3068
1781296921622 0.24468103051185608 3069
1781296921625 0.22813169658184052 3070
1781296921627 0.6216880083084106 3071
1781296921630 0.35423514246940613 3072
1781296921632 0.20291820168495178 3073
1781296921634 0.31055334210395813 3074
1781296921637 0.2979167699813843 3075
1781296921639 0.5174421668052673 3076
1781296921641 0.23496000468730927 3077
1781296921644 0.2577914297580719 3078
1781296921646 0.25042060017585754 3079
1781296921649 0.38371196389198303 3080
1781296921652 0.3552902638912201 3081
1781296921654 0.4133601188659668 3082
1781296921656 0.3593727648258209 3083
1781296921658 0.4329817295074463 3084
1781296921661 0.47212091088294983 3085
1781296921664 0.27026766538619995 3086
1781296921666 0.41381415724754333 3087
1781296921669 0.18928919732570648 3088
1781296921672 0.22837401926517487 3089
1781296921675 0.2928234934806824 3090
1781296921677 0.22334244847297668 3091
1781296921680 0.394028902053833 3092
1781296921683 0.359779417514801 3093
1781296921686 0.30505114793777466 3094
1781296921688 0.257443904876709 3095
1781296921691 0.3858030438423157 3096
1781296921694 0.21853521466255188 3097
1781296921696 0.20912966132164001 3098
1781296921699 0.16186530888080597 3099
1781296921701 0.21902132034301758 3100
1781296921704 0.34401604533195496 3101
1781296921707 0.3687003254890442 3102
1781296921709 0.22893144190311432 3103
1781296921712 0.24559728801250458 3104
1781296921714 0.3109295964241028 3105
1781296921716 0.21539685130119324 3106
1781296921719 0.45186179876327515 3107
1781296921721 0.3814582824707031 3108
1781296921723 0.26986631751060486 3109
1781296921725 0.25811898708343506 3110
1781296921729 0.32129165530204773 3111
1781296921732 0.5130560398101807 3112
1781296921735 0.3601093292236328 3113
1781296921737 0.20740990340709686 3114
1781296921741 0.18528123199939728 3115
1781296921743 0.36263009905815125 3116
1781296921746 0.23486120998859406 3117
1781296921749 0.40270504355430603 3118
1781296921751 0.2659611999988556 3119
1781296921754 0.25547340512275696 3120
1781296921757 0.14754953980445862 3121
1781296921761 0.4599325656890869 3122
1781296921764 0.3430987000465393 3123
1781296921766 0.5242049694061279 3124
1781296921768 0.44226059317588806 3125
1781296921771 0.3667352497577667 3126
1781296921773 0.3341350555419922 3127
1781296921775 0.11053329706192017 3128
1781296921778 0.42763081192970276 3129
1781296921780 0.4290604889392853 3130
1781296921783 0.2017984837293625 3131
1781296921786 0.11104685813188553 3132
1781296921788 0.2854636311531067 3133
1781296921791 0.18345937132835388 3134
1781296921794 0.18758264183998108 3135
1781296921797 0.2612236738204956 3136
1781296921800 0.36016160249710083 3137
1781296921802 0.45259565114974976 3138
1781296921805 0.17292368412017822 3139
1781296921808 0.4041220247745514 3140
1781296921812 0.2776135504245758 3141
1781296921815 0.514707088470459 3142
1781296921820 0.2392956018447876 3143
1781296921823 0.30716273188591003 3144
1781296921826 0.223399817943573 3145
1781296921829 0.2970840036869049 3146
1781296921832 0.3204367458820343 3147
1781296921835 0.31521809101104736 3148
1781296921837 0.3077255189418793 3149
1781296921840 0.2927507162094116 3150
1781296921844 0.2732836604118347 3151
1781296921846 0.23444466292858124 3152
1781296921848 0.49393779039382935 3153
1781296921851 0.36016014218330383 3154
1781296921853 0.3577749729156494 3155
1781296921856 0.649747908115387 3156
1781296921859 0.44285210967063904 3157
1781296921863 0.4015338122844696 3158
1781296921867 0.522201418876648 3159
1781296921870 0.4008306860923767 3160
1781296921875 0.29756635427474976 3161
1781296921878 0.22693058848381042 3162
1781296921881 0.27857786417007446 3163
1781296921883 0.2100842148065567 3164
1781296921886 0.4129822850227356 3165
1781296921890 0.37995070219039917 3166
1781296921893 0.4331013858318329 3167
1781296921896 0.1922544538974762 3168
1781296921899 0.3904713988304138 3169
1781296921902 0.2311786413192749 3170
1781296921905 0.4158670902252197 3171
1781296921909 0.3224007785320282 3172
1781296921913 0.18109412491321564 3173
1781296921916 0.3228358328342438 3174
1781296921919 0.287436306476593 3175
1781296921921 0.32591018080711365 3176
1781296921924 0.2588467299938202 3177
1781296921926 0.21920643746852875 3178
1781296921929 0.2055613249540329 3179
1781296921932 0.21345585584640503 3180
1781296921935 0.12072620540857315 3181
1781296921937 0.3461295962333679 3182
1781296921939 0.17321844398975372 3183
1781296921942 0.314743310213089 3184
1781296921944 0.411293625831604 3185
1781296921947 0.2337246686220169 3186
1781296921949 0.37763160467147827 3187
1781296921952 0.3861503601074219 3188
1781296921954 0.3938136398792267 3189
1781296921956 0.31113508343696594 3190
1781296921958 0.21841977536678314 3191
1781296921960 0.17344515025615692 3192
1781296921963 0.2439415156841278 3193
1781296921965 0.1912853717803955 3194
1781296921969 0.17837102711200714 3195
1781296921971 0.1306024193763733 3196
1781296921975 0.1889810562133789 3197
1781296921978 0.26480624079704285 3198
1781296921980 0.358352929353714 3199
1781296921983 0.1822822391986847 3200
1781296921986 0.40315356850624084 3201
1781296921988 0.1425490528345108 3202
1781296921990 0.23897536098957062 3203
1781296921992 0.472330778837204 3204
1781296921995 0.5766194462776184 3205
1781296921997 0.30141037702560425 3206
1781296921999 0.24079729616641998 3207
1781296922003 0.26752835512161255 3208
1781296922005 0.19599200785160065 3209
1781296922007 0.18324260413646698 3210
1781296922011 0.19115495681762695 3211
1781296922013 0.4493798315525055 3212
1781296922015 0.2959381937980652 3213
1781296922019 0.5063275694847107 3214
1781296922021 0.3430112600326538 3215
1781296922024 0.40224555134773254 3216
1781296922028 0.45402565598487854 3217
1781296922031 0.3158925473690033 3218
1781296922033 0.314550518989563 3219
1781296922036 0.3922056555747986 3220
1781296922039 0.19197000563144684 3221
1781296922042 0.43108585476875305 3222
1781296922045 0.42879408597946167 3223
1781296922047 0.38460755348205566 3224
1781296922051 0.560795783996582 3225
1781296922054 0.2724096179008484 3226
1781296922058 0.31666135787963867 3227
1781296922061 0.1323956698179245 3228
1781296922063 0.20861504971981049 3229
1781296922066 0.20717491209506989 3230
1781296922069 0.21349617838859558 3231
1781296922071 0.23088285326957703 3232
1781296922075 0.364342600107193 3233
1781296922077 0.4819331169128418 3234
1781296922080 0.27426066994667053 3235
1781296922082 0.35692206025123596 3236
1781296922084 0.46696722507476807 3237
1781296922087 0.5223923325538635 3238
1781296922089 0.26059821248054504 3239
1781296922092 0.3029535710811615 3240
1781296922095 0.2538735270500183 3241
1781296922097 0.36480215191841125 3242
1781296922099 0.29593101143836975 3243
1781296922102 0.2364477515220642 3244
1781296922105 0.27626532316207886 3245
1781296922107 0.25998345017433167 3246
1781296922110 0.30256667733192444 3247
1781296922113 0.25209200382232666 3248
1781296922115 0.3756090998649597 3249
1781296922117 0.2805194556713104 3250
1781296922119 0.20232227444648743 3251
1781296922123 0.40432438254356384 3252
1781296922126 0.4051690995693207 3253
1781296922128 0.16431032121181488 3254
1781296922130 0.24599605798721313 3255
1781296922132 0.19187982380390167 3256
1781296922135 0.1875416338443756 3257
1781296922138 0.44666966795921326 3258
1781296922141 0.1736288219690323 3259
1781296922143 0.22121569514274597 3260
1781296922146 0.1880141943693161 3261
1781296922149 0.384834349155426 3262
1781296922151 0.30292651057243347 3263
1781296922154 0.42318323254585266 3264
1781296922157 0.17515727877616882 3265
1781296922159 0.3714461028575897 3266
1781296922162 0.11093346029520035 3267
1781296922164 0.3752543032169342 3268
1781296922166 0.4113016724586487 3269
1781296922168 0.2987002432346344 3270
1781296922172 0.6709961295127869 3271
1781296922175 0.3770766854286194 3272
1781296922177 0.15999047458171844 3273
1781296922180 0.17159757018089294 3274
1781296922182 0.26567211747169495 3275
1781296922184 0.22465482354164124 3276
1781296922186 0.22763609886169434 3277
1781296922189 0.15367336571216583 3278
1781296922191 0.44511494040489197 3279
1781296922193 0.09448191523551941 3280
1781296922196 0.20081128180027008 3281
1781296922199 0.23787805438041687 3282
1781296922202 0.097107894718647 3283
1781296922204 0.21839840710163116 3284
1781296922206 0.3956051766872406 3285
1781296922210 0.3358379602432251 3286
1781296922212 0.2815159559249878 3287
1781296922215 0.1788765788078308 3288
1781296922218 0.20656602084636688 3289
1781296922221 0.22821642458438873 3290
1781296922224 0.330961138010025 3291
1781296922227 0.27597668766975403 3292
1781296922230 0.39778751134872437 3293
1781296922232 0.271574467420578 3294
1781296922235 0.45130056142807007 3295
1781296922238 0.2593546509742737 3296
1781296922240 0.36095568537712097 3297
1781296922242 0.18946373462677002 3298
1781296922245 0.34548866748809814 3299
1781296922248 0.3175075948238373 3300
1781296922250 0.36783111095428467 3301
1781296922253 0.16994108259677887 3302
1781296922256 0.11026167869567871 3303
1781296922258 0.39178141951560974 3304
1781296922260 0.23009952902793884 3305
1781296922264 0.3086662292480469 3306
1781296922267 0.21838580071926117 3307
1781296922269 0.21091914176940918 3308
1781296922271 0.2842271625995636 3309
1781296922274 0.50121009349823 3310
1781296922276 0.20221605896949768 3311
1781296922279 0.25966396927833557 3312
1781296922282 0.2590731382369995 3313
1781296922285 0.1513914316892624 3314
1781296922287 0.15612569451332092 3315
1781296922290 0.2926293611526489 3316
1781296922292 0.37244075536727905 3317
1781296922295 0.2695704400539398 3318
1781296922298 0.6207562685012817 3319
1781296922301 0.6825243234634399 3320
1781296922305 0.36528000235557556 3321
1781296922308 0.15727104246616364 3322
1781296922310 0.4403465688228607 3323
1781296922313 0.23396018147468567 3324
1781296922316 0.2139442414045334 3325
1781296922318 0.3485063314437866 3326
1781296922321 0.2447333186864853 3327
1781296922325 0.28482040762901306 3328
1781296922327 0.20912253856658936 3329
1781296922330 0.311678022146225 3330
1781296922333 0.37452730536460876 3331
1781296922336 0.34868866205215454 3332
1781296922339 0.11682610213756561 3333
1781296922341 0.22003388404846191 3334
1781296922345 0.3610069751739502 3335
1781296922348 0.286419153213501 3336
1781296922353 0.17917366325855255 3337
1781296922355 0.3760563135147095 3338
1781296922358 0.6026673316955566 3339
1781296922360 0.23127047717571259 3340
1781296922384 0.39097651839256287 3341
1781296922387 0.28874415159225464 3342
1781296922392 0.15264494717121124 3343
1781296922414 0.5673245787620544 3344
1781296922426 0.2052084505558014 3345
1781296922444 0.20323055982589722 3346
1781296922465 0.46338990330696106 3347
1781296922478 0.43875354528427124 3348
1781296922481 0.30838900804519653 3349
1781296922484 0.2704335153102875 3350
1781296922487 0.25495612621307373 3351
1781296922489 0.2902849614620209 3352
1781296922491 0.2866654098033905 3353
1781296922493 0.15427915751934052 3354
1781296922497 0.31050989031791687 3355
1781296922500 0.42441537976264954 3356
1781296922504 0.3558923006057739 3357
1781296922507 0.3573265075683594 3358
1781296922511 0.23781216144561768 3359
1781296922515 0.21808220446109772 3360
1781296922518 0.1797388195991516 3361
1781296922522 0.24979346990585327 3362
1781296922524 0.250860333442688 3363
1781296922526 0.18930880725383759 3364
1781296922529 0.352848082780838 3365
1781296922533 0.24932655692100525 3366
1781296922535 0.2933041751384735 3367
1781296922537 0.06502591818571091 3368
1781296922541 0.3294270932674408 3369
1781296922544 0.3543711006641388 3370
1781296922548 0.2571203410625458 3371
1781296922552 0.14402729272842407 3372
1781296922555 0.30363237857818604 3373
1781296922557 0.2931238114833832 3374
1781296922560 0.1701090782880783 3375
1781296922564 0.11068559437990189 3376
1781296922566 0.22021661698818207 3377
1781296922569 0.220857635140419 3378
1781296922571 0.40149134397506714 3379
1781296922573 0.19881407916545868 3380
1781296922577 0.448691725730896 3381
1781296922579 0.41208192706108093 3382
1781296922582 0.5693925619125366 3383
1781296922584 0.22439372539520264 3384
1781296922587 0.1094086617231369 3385
1781296922590 0.3349141478538513 3386
1781296922593 0.13411971926689148 3387
1781296922597 0.3568423092365265 3388
1781296922599 0.3385639786720276 3389
1781296922603 0.6649103164672852 3390
1781296922605 0.28763899207115173 3391
1781296922609 0.33179888129234314 3392
1781296922612 0.15936559438705444 3393
1781296922616 0.3174353539943695 3394
1781296922618 0.38508155941963196 3395
1781296922620 0.11830037087202072 3396
1781296922623 0.3783760964870453 3397
1781296922625 0.19175533950328827 3398
1781296922628 0.49886587262153625 3399
1781296922630 0.3418000042438507 3400
1781296922632 0.2902833819389343 3401
1781296922635 0.35957834124565125 3402
1781296922637 0.4702892303466797 3403
1781296922639 0.38859906792640686 3404
1781296922642 0.20783616602420807 3405
1781296922645 0.23523323237895966 3406
1781296922648 0.19531162083148956 3407
1781296922650 0.23043903708457947 3408
1781296922653 0.5105853080749512 3409
1781296922655 0.24407702684402466 3410
1781296922657 0.24069514870643616 3411
1781296922659 0.32448968291282654 3412
1781296922662 0.19752806425094604 3413
1781296922665 0.27780818939208984 3414
1781296922668 0.37625759840011597 3415
1781296922670 0.20483946800231934 3416
1781296922672 0.672232985496521 3417
1781296922674 0.17264117300510406 3418
1781296922676 0.39013969898223877 3419
1781296922679 0.4448235332965851 3420
1781296922682 0.3021005690097809 3421
1781296922685 0.2913833558559418 3422
1781296922687 0.30928122997283936 3423
1781296922690 0.09371793270111084 3424
1781296922693 0.26555028557777405 3425
1781296922695 0.21794863045215607 3426
1781296922698 0.3546297550201416 3427
1781296922701 0.24951083958148956 3428
1781296922705 0.25457924604415894 3429
1781296922708 0.3777279853820801 3430
1781296922711 0.2464965134859085 3431
1781296922714 0.33248233795166016 3432
1781296922718 0.3914117217063904 3433
1781296922721 0.22727563977241516 3434
1781296922725 0.31356850266456604 3435
1781296922728 0.22589419782161713 3436
1781296922730 0.2740056812763214 3437
1781296922733 0.06496443599462509 3438
1781296922736 0.27606818079948425 3439
1781296922738 0.12456094473600388 3440
1781296922740 0.17427484691143036 3441
1781296922742 0.2538716793060303 3442
1781296922745 0.270145446062088 3443
1781296922747 0.1221029981970787 3444
1781296922750 0.2960129678249359 3445
1781296922752 0.27552106976509094 3446
1781296922754 0.4865696430206299 3447
1781296922756 0.3397170603275299 3448
1781296922760 0.2976568043231964 3449
1781296922762 0.34441429376602173 3450
1781296922765 0.16290229558944702 3451
1781296922767 0.2529289722442627 3452
1781296922770 0.15630194544792175 3453
1781296922772 0.28332504630088806 3454
1781296922775 0.1560007929801941 3455
1781296922777 0.3962944447994232 3456
1781296922781 0.3089011609554291 3457
1781296922784 0.17282697558403015 3458
1781296922786 0.45831409096717834 3459
1781296922788 0.23665402829647064 3460
1781296922791 0.3247237503528595 3461
1781296922794 0.4383987486362457 3462
1781296922798 0.2830418646335602 3463
1781296922801 0.34414830803871155 3464
1781296922803 0.13657887279987335 3465
1781296922805 0.2446494996547699 3466
1781296922807 0.3785950541496277 3467
1781296922809 0.3450358510017395 3468
1781296922813 0.2749255299568176 3469
1781296922816 0.2928217947483063 3470
1781296922818 0.31821209192276 3471
1781296922820 0.1655104160308838 3472
1781296922822 0.41989004611968994 3473
1781296922824 0.32517457008361816 3474
1781296922827 0.4252381920814514 3475
1781296922829 0.38536402583122253 3476
1781296922833 0.2921624481678009 3477
1781296922835 0.22358214855194092 3478
1781296922837 0.4080112874507904 3479
1781296922840 0.3301815986633301 3480
1781296922843 0.2571813762187958 3481
1781296922846 0.20451731979846954 3482
1781296922848 0.38683363795280457 3483
1781296922850 0.16857486963272095 3484
1781296922852 0.33060914278030396 3485
1781296922855 0.14607515931129456 3486
1781296922857 0.4375656843185425 3487
1781296922860 0.2019217312335968 3488
1781296922863 0.28067317605018616 3489
1781296922866 0.31674304604530334 3490
1781296922868 0.47262296080589294 3491
1781296922870 0.24445247650146484 3492
1781296922873 0.28131207823753357 3493
1781296922875 0.22576291859149933 3494
1781296922878 0.3370177447795868 3495
1781296922880 0.5088858008384705 3496
1781296922882 0.21818377077579498 3497
1781296922885 0.12731513381004333 3498
1781296922887 0.3555862009525299 3499
1781296922890 0.30778181552886963 3500
1781296922892 0.4669238030910492 3501
1781296922895 0.12783372402191162 3502
1781296922897 0.1730278730392456 3503
1781296922900 0.30681127309799194 3504
1781296922902 0.24199779331684113 3505
1781296922905 0.15149714052677155 3506
1781296922908 0.21366766095161438 3507
1781296922910 0.5364713668823242 3508
1781296922913 0.42907437682151794 3509
1781296922915 0.6670913696289062 3510
1781296922917 0.4598347246646881 3511
1781296922921 0.2813470959663391 3512
1781296922923 0.42560917139053345 3513
1781296922927 0.4705633223056793 3514
1781296922930 0.3297622501850128 3515
1781296922934 0.4818151891231537 3516
1781296922937 0.19583743810653687 3517
1781296922939 0.3810560703277588 3518
1781296922942 0.31215378642082214 3519
1781296922945 0.32186785340309143 3520
1781296922947 0.1809167116880417 3521
1781296922951 0.48103222250938416 3522
1781296922953 0.250954806804657 3523
1781296922955 0.3312917947769165 3524
1781296922958 0.23147036135196686 3525
1781296922960 0.21771356463432312 3526
1781296922962 0.15414732694625854 3527
1781296922965 0.2348053753376007 3528
1781296922967 0.21719971299171448 3529
1781296922969 0.37901997566223145 3530
1781296922971 0.2058682143688202 3531
1781296922974 0.22426167130470276 3532
1781296922976 0.24532364308834076 3533
1781296922979 0.3202025890350342 3534
1781296922981 0.09686745703220367 3535
1781296922984 0.26267489790916443 3536
1781296922986 0.372096449136734 3537
1781296922988 0.19085708260536194 3538
1781296922992 0.3760242462158203 3539
1781296922994 0.17550984025001526 3540
1781296922996 0.45920059084892273 3541
1781296923000 0.24998463690280914 3542
1781296923002 0.33567503094673157 3543
1781296923004 0.6051978468894958 3544
1781296923006 0.37393298745155334 3545
1781296923009 0.13431568443775177 3546
1781296923011 0.2837274372577667 3547
1781296923014 0.42114415764808655 3548
1781296923016 0.25282594561576843 3549
1781296923018 0.6585423946380615 3550
1781296923021 0.42487838864326477 3551
1781296923024 0.4206011891365051 3552
1781296923028 0.2727017402648926 3553
1781296923031 0.19697360694408417 3554
1781296923034 0.2063901275396347 3555
1781296923037 0.27254530787467957 3556
1781296923041 0.36183613538742065 3557
1781296923043 0.27969077229499817 3558
1781296923046 0.33961600065231323 3559
1781296923049 0.29495880007743835 3560
1781296923051 0.3969973623752594 3561
1781296923054 0.39760929346084595 3562
1781296923056 0.18995340168476105 3563
1781296923058 0.3431931138038635 3564
1781296923061 0.15755538642406464 3565
1781296923064 0.3182941973209381 3566
1781296923066 0.41284650564193726 3567
1781296923068 0.45241713523864746 3568
1781296923071 0.3480534553527832 3569
1781296923073 0.13830110430717468 3570
1781296923076 0.4993775188922882 3571
1781296923078 0.5691387057304382 3572
1781296923081 0.2728295922279358 3573
1781296923084 0.4375031590461731 3574
1781296923088 0.32154595851898193 3575
1781296923091 0.4864676296710968 3576
1781296923093 0.4057313799858093 3577
1781296923096 0.18809546530246735 3578
1781296923099 0.2970704734325409 3579
1781296923101 0.5877214074134827 3580
1781296923103 0.258421927690506 3581
1781296923105 0.34920981526374817 3582
1781296923108 0.3356739580631256 3583
1781296923111 0.5709258317947388 3584
1781296923115 0.5093448162078857 3585
1781296923117 0.4270460605621338 3586
1781296923119 0.17073914408683777 3587
1781296923122 0.48781847953796387 3588
1781296923124 0.3133276104927063 3589
1781296923127 0.3490523397922516 3590
1781296923130 0.0836031436920166 3591
1781296923133 0.2798640727996826 3592
1781296923135 0.3126925230026245 3593
1781296923141 0.2932634949684143 3594
1781296923143 0.1697918325662613 3595
1781296923145 0.28911957144737244 3596
1781296923147 0.14104558527469635 3597
1781296923150 0.43507543206214905 3598
1781296923152 0.4237995445728302 3599
1781296923155 0.17868557572364807 3600
1781296923159 0.22595077753067017 3601
1781296923162 0.2619806230068207 3602
1781296923165 0.2964572310447693 3603
1781296923167 0.42395761609077454 3604
1781296923169 0.19261643290519714 3605
1781296923172 0.2915908098220825 3606
1781296923175 0.2728203535079956 3607
1781296923177 0.32615193724632263 3608
1781296923180 0.35660624504089355 3609
1781296923183 0.22347314655780792 3610
1781296923185 0.50343918800354 3611
1781296923187 0.10223231464624405 3612
1781296923190 0.39976027607917786 3613
1781296923192 0.29022613167762756 3614
1781296923195 0.4171672761440277 3615
1781296923198 0.18260738253593445 3616
1781296923200 0.213848277926445 3617
1781296923206 0.19384309649467468 3618
1781296923209 0.20056575536727905 3619
1781296923213 0.47468283772468567 3620
1781296923217 0.23324982821941376 3621
1781296923219 0.2500847578048706 3622
1781296923222 0.23725637793540955 3623
1781296923224 0.20180006325244904 3624
1781296923227 0.3358159065246582 3625
1781296923230 0.13573607802391052 3626
1781296923232 0.5684598088264465 3627
1781296923235 0.39851829409599304 3628
1781296923238 0.4500528573989868 3629
1781296923240 0.48241451382637024 3630
1781296923246 0.5311837196350098 3631
1781296923250 0.23340491950511932 3632
1781296923253 0.35798946022987366 3633
1781296923257 0.14990127086639404 3634
1781296923260 0.4567798376083374 3635
1781296923263 0.07914836704730988 3636
1781296923265 0.30471041798591614 3637
1781296923270 0.2476108819246292 3638
1781296923273 0.3269791007041931 3639
1781296923276 0.22021371126174927 3640
1781296923279 0.3298534154891968 3641
1781296923282 0.410518079996109 3642
1781296923285 0.32111814618110657 3643
1781296923287 0.23623144626617432 3644
1781296923290 0.4733579456806183 3645
1781296923294 0.31631940603256226 3646
1781296923296 0.37351465225219727 3647
1781296923300 0.2028931826353073 3648
1781296923302 0.17390036582946777 3649
1781296923306 0.2714083194732666 3650
1781296923308 0.40248602628707886 3651
1781296923310 0.27960294485092163 3652
1781296923313 0.270233154296875 3653
1781296923316 0.289852499961853 3654
1781296923319 0.15024027228355408 3655
1781296923322 0.2650790512561798 3656
1781296923324 0.23927277326583862 3657
1781296923328 0.2792983651161194 3658
1781296923332 0.24693100154399872 3659
1781296923335 0.19586700201034546 3660
1781296923338 0.09506956487894058 3661
1781296923340 0.14988000690937042 3662
1781296923344 0.3761649429798126 3663
1781296923346 0.2469681054353714 3664
1781296923349 0.30419212579727173 3665
1781296923351 0.2465219646692276 3666
1781296923353 0.1551787555217743 3667
1781296923357 0.22948101162910461 3668
1781296923360 0.28750914335250854 3669
1781296923363 0.20274314284324646 3670
1781296923365 0.16895467042922974 3671
1781296923368 0.3302235007286072 3672
1781296923371 0.28991860151290894 3673
1781296923374 0.3239578604698181 3674
1781296923378 0.23077598214149475 3675
1781296923381 0.23035989701747894 3676
1781296923385 0.22707627713680267 3677
1781296923389 0.4477238357067108 3678
1781296923393 0.15253935754299164 3679
1781296923396 0.18281559646129608 3680
1781296923399 0.4268236458301544 3681
1781296923402 0.46947619318962097 3682
1781296923405 0.20723176002502441 3683
1781296923409 0.21937958896160126 3684
1781296923413 0.3069593012332916 3685
1781296923416 0.3229750692844391 3686
1781296923418 0.22608314454555511 3687
1781296923422 0.32306718826293945 3688
1781296923425 0.8139195442199707 3689
1781296923426 0.2934439778327942 3690
1781296923429 0.22732821106910706 3691
1781296923432 0.5222592949867249 3692
1781296923436 0.5664219260215759 3693
1781296923439 0.2618829011917114 3694
1781296923443 0.2032233476638794 3695
1781296923446 0.32544174790382385 3696
1781296923448 0.26044681668281555 3697
1781296923451 0.15838561952114105 3698
1781296923455 0.10844989120960236 3699
1781296923458 0.38376694917678833 3700
1781296923462 0.2337796837091446 3701
1781296923465 0.2367153912782669 3702
1781296923467 0.18875733017921448 3703
1781296923470 0.6107125282287598 3704
1781296923473 0.21824690699577332 3705
1781296923477 0.19198833405971527 3706
1781296923479 0.26293548941612244 3707
1781296923483 0.3538368344306946 3708
1781296923486 0.2009095400571823 3709
1781296923488 0.2281239628791809 3710
1781296923491 0.2446967214345932 3711
1781296923493 0.23616836965084076 3712
1781296923497 0.17765958607196808 3713
1781296923499 0.40309950709342957 3714
1781296923501 0.31195929646492004 3715
1781296923504 0.2040454000234604 3716
1781296923506 0.27886781096458435 3717
1781296923509 0.28028103709220886 3718
1781296923511 0.4064261317253113 3719
1781296923514 0.2161039412021637 3720
1781296923517 0.4167698323726654 3721
1781296923521 0.23434573411941528 3722
1781296923523 0.2626649737358093 3723
1781296923525 0.18000173568725586 3724
1781296923528 0.3541853725910187 3725
1781296923530 0.3589138090610504 3726
1781296923533 0.16303224861621857 3727
1781296923536 0.27585747838020325 3728
1781296923539 0.30499497056007385 3729
1781296923542 0.371900737285614 3730
1781296923545 0.2714732885360718 3731
1781296923548 0.26922041177749634 3732
1781296923552 0.27395209670066833 3733
1781296923555 0.2833944857120514 3734
1781296923557 0.17448455095291138 3735
1781296923560 0.2672155201435089 3736
1781296923562 0.6001480221748352 3737
1781296923565 0.11778376996517181 3738
1781296923567 0.45766860246658325 3739
1781296923570 0.3150365948677063 3740
1781296923572 0.42266908288002014 3741
1781296923574 0.22346769273281097 3742
1781296923577 0.16497491300106049 3743
1781296923580 0.20561794936656952 3744
1781296923583 0.22590574622154236 3745
1781296923586 0.5381388664245605 3746
1781296923588 0.30298370122909546 3747
1781296923740 0.1727532148361206 3748
1781296923743 0.2165430188179016 3749
1781296923746 0.3490935266017914 3750
1781296923749 0.3237190842628479 3751
1781296923753 0.16842052340507507 3752
1781296923756 0.5668037533760071 3753
1781296923759 0.4482979476451874 3754
1781296923762 0.24041689932346344 3755
1781296923766 0.21240639686584473 3756
1781296923769 0.2593865990638733 3757
1781296923773 0.4157260060310364 3758
1781296923775 0.29130542278289795 3759
1781296923779 0.3112611770629883 3760
1781296923787 0.09518735110759735 3761
1781296923792 0.1601831018924713 3762
1781296923795 0.40926119685173035 3763
1781296923799 0.211311474442482 3764
1781296923805 0.23398137092590332 3765
1781296923808 0.6757797598838806 3766
1781296923811 0.269037663936615 3767
1781296923816 0.26292771100997925 3768
1781296923821 0.3250432014465332 3769
1781296923823 0.20107020437717438 3770
1781296923826 0.4763535261154175 3771
1781296923830 0.22254538536071777 3772
1781296923834 0.24343857169151306 3773
1781296923836 0.3627127408981323 3774
1781296923838 0.3925730884075165 3775
1781296923841 0.5261117815971375 3776
1781296923843 0.1921878159046173 3777
1781296923848 0.32053983211517334 3778
1781296923851 0.2227831780910492 3779
1781296923854 0.2846471667289734 3780
1781296923856 0.24187596142292023 3781
1781296923859 0.37043651938438416 3782
1781296923861 0.5406993627548218 3783
1781296923863 0.10636726766824722 3784
1781296923868 0.34088853001594543 3785
1781296923871 0.2348235696554184 3786
1781296923873 0.1556791216135025 3787
1781296923875 0.6545512676239014 3788
1781296923880 0.2263898253440857 3789
1781296923883 0.23657537996768951 3790
1781296923885 0.1673067808151245 3791
1781296923889 0.4806056618690491 3792
1781296923891 0.29523396492004395 3793
1781296923894 0.15115931630134583 3794
1781296923897 0.25802746415138245 3795
1781296923901 0.29446324706077576 3796
1781296923903 0.20591706037521362 3797
1781296923905 0.21643292903900146 3798
1781296923907 0.15102185308933258 3799
1781296923912 0.18933752179145813 3800
1781296923915 0.13004712760448456 3801
1781296923917 0.3790145516395569 3802
1781296923919 0.38481074571609497 3803
1781296923923 0.38701939582824707 3804
1781296923926 0.2627955973148346 3805
1781296923932 0.26730382442474365 3806
1781296923935 0.22911337018013 3807
1781296923941 0.24293844401836395 3808
1781296923948 0.21852366626262665 3809
1781296923951 0.22645486891269684 3810
1781296923953 0.3787370026111603 3811
1781296923957 0.35127538442611694 3812
1781296923959 0.2819652855396271 3813
1781296923962 0.13288813829421997 3814
1781296923966 0.34632933139801025 3815
1781296923977 0.1981171816587448 3816
1781296923981 0.1673358678817749 3817
1781296923985 0.39973288774490356 3818
1781296923988 0.0957849994301796 3819
1781296923991 0.18745532631874084 3820
1781296923993 0.13613314926624298 3821
1781296923999 0.2017580270767212 3822
1781296924003 0.20512838661670685 3823
1781296924006 0.3368026316165924 3824
1781296924010 0.40336549282073975 3825
1781296924014 0.5009980201721191 3826
1781296924017 0.16263672709465027 3827
1781296924022 0.3252893388271332 3828
1781296924024 0.24756720662117004 3829
1781296924027 0.12074752897024155 3830
1781296924031 0.20202377438545227 3831
1781296924034 0.3532273769378662 3832
1781296924037 0.3398425877094269 3833
1781296924040 0.3007048964500427 3834
1781296924043 0.4743795394897461 3835
1781296924046 0.4076744019985199 3836
1781296924052 0.23080889880657196 3837
1781296924054 0.11321239173412323 3838
1781296924058 0.23072761297225952 3839
1781296924061 0.3257579207420349 3840
1781296924065 0.24887539446353912 3841
1781296924068 0.2112027108669281 3842
1781296924071 0.4642305374145508 3843
1781296924073 0.3666868805885315 3844
1781296924076 0.7310745716094971 3845
1781296924080 0.6147375106811523 3846
1781296924084 0.22713735699653625 3847
1781296924086 0.2306344360113144 3848
1781296924089 0.16125163435935974 3849
1781296924092 0.23380394279956818 3850
1781296924096 0.187558114528656 3851
1781296924100 0.3140712380409241 3852
1781296924102 0.27739185094833374 3853
1781296924105 0.2543043792247772 3854
1781296924108 0.418973445892334 3855
1781296924111 0.18552254140377045 3856
1781296924114 0.19818513095378876 3857
1781296924116 0.284187376499176 3858
1781296924119 0.22715391218662262 3859
1781296924122 0.19699929654598236 3860
1781296924125 0.21450868248939514 3861
1781296924127 0.35737344622612 3862
1781296924130 0.33530697226524353 3863
1781296924135 0.28727173805236816 3864
1781296924137 0.3415309190750122 3865
1781296924140 0.3122793138027191 3866
1781296924143 0.5201762318611145 3867
1781296924147 0.2169508934020996 3868
1781296924149 0.1436629742383957 3869
1781296924152 0.528570294380188 3870
1781296924155 0.19617566466331482 3871
1781296924157 0.273170530796051 3872
1781296924160 0.4387984871864319 3873
1781296924166 0.1432272493839264 3874
1781296924169 0.5114703178405762 3875
1781296924173 0.42055830359458923 3876
1781296924176 0.3306296169757843 3877
1781296924180 0.3422747254371643 3878
1781296924182 0.20305056869983673 3879
1781296924185 0.16747334599494934 3880
1781296924188 0.4524776041507721 3881
1781296924192 0.39198872447013855 3882
1781296924196 0.2307579070329666 3883
1781296924200 0.16754581034183502 3884
1781296924202 0.3671976625919342 3885
1781296924205 0.22957287728786469 3886
1781296924208 0.26357501745224 3887
1781296924211 0.2612314522266388 3888
1781296924214 0.14340196549892426 3889
1781296924217 0.3162183463573456 3890
1781296924219 0.27075114846229553 3891
1781296924222 0.22350886464118958 3892
1781296924225 0.20061863958835602 3893
1781296924228 0.34552860260009766 3894
1781296924232 0.559826672077179 3895
1781296924235 0.2690979540348053 3896
1781296924239 0.2150355726480484 3897
1781296924242 0.2650283873081207 3898
1781296924246 0.18180875480175018 3899
1781296924250 0.14983904361724854 3900
1781296924253 0.25101950764656067 3901
1781296924256 0.1933596432209015 3902
1781296924260 0.18225759267807007 3903
1781296924263 0.3802620470523834 3904
1781296924270 0.3487844467163086 3905
1781296924275 0.34663331508636475 3906
1781296924279 0.23405103385448456 3907
1781296924282 0.19714714586734772 3908
1781296924285 0.24362927675247192 3909
1781296924287 0.22412869334220886 3910
1781296924292 0.19408226013183594 3911
1781296924294 0.328908771276474 3912
1781296924297 0.23651573061943054 3913
1781296924300 0.3615491986274719 3914
1781296924303 0.18147799372673035 3915
1781296924307 0.5910800099372864 3916
1781296924309 0.2893470823764801 3917
1781296924313 0.27679625153541565 3918
1781296924316 0.33631205558776855 3919
1781296924318 0.3313875198364258 3920
1781296924321 0.29353877902030945 3921
1781296924324 0.30111417174339294 3922
1781296924329 0.45709556341171265 3923
1781296924332 0.4974018931388855 3924
1781296924336 0.16563668847084045 3925
1781296924339 0.2279496043920517 3926
1781296924342 0.24502091109752655 3927
1781296924345 0.16452495753765106 3928
1781296924347 0.2811417877674103 3929
1781296924350 0.21484991908073425 3930
1781296924353 0.36273613572120667 3931
1781296924357 0.5786625146865845 3932
1781296924359 0.19629071652889252 3933
1781296924366 0.4244265556335449 3934
1781296924369 0.3898506462574005 3935
1781296924372 0.23781517148017883 3936
1781296924375 0.6716238260269165 3937
1781296924378 0.23237097263336182 3938
1781296924382 0.47472915053367615 3939
1781296924384 0.21890655159950256 3940
1781296924387 0.3043835759162903 3941
1781296924390 0.19434532523155212 3942
1781296924393 0.4936787188053131 3943
1781296924396 0.4661455452442169 3944
1781296924399 0.1924702674150467 3945
1781296924402 0.25088152289390564 3946
1781296924404 0.3316628336906433 3947
1781296924407 0.2135627567768097 3948
1781296924412 0.38892948627471924 3949
1781296924415 0.2661849856376648 3950
1781296924417 0.16341078281402588 3951
1781296924420 0.27599507570266724 3952
1781296924423 0.6223629117012024 3953
1781296924425 0.19452188909053802 3954
1781296924428 0.14926409721374512 3955
1781296924431 0.2300703376531601 3956
1781296924435 0.352196604013443 3957
1781296924438 0.3411923348903656 3958
1781296924442 0.20674675703048706 3959
1781296924445 0.43071770668029785 3960
1781296924447 0.28692904114723206 3961
1781296924450 0.3144490718841553 3962
1781296924453 0.3616219758987427 3963
1781296924456 0.15088151395320892 3964
1781296924460 0.6676969528198242 3965
1781296924463 0.21282649040222168 3966
1781296924466 0.519752562046051 3967
1781296924468 0.6187964081764221 3968
1781296924472 0.22497986257076263 3969
1781296924474 0.4223453998565674 3970
1781296924477 0.5700374245643616 3971
1781296924484 0.22005997598171234 3972
1781296924487 0.12612180411815643 3973
1781296924490 0.26722148060798645 3974
1781296924492 0.22160553932189941 3975
1781296924497 0.32674211263656616 3976
1781296924499 0.3095603287220001 3977
1781296924502 0.2078598141670227 3978
1781296924505 0.18988794088363647 3979
1781296924508 0.17316347360610962 3980
1781296924512 0.13587482273578644 3981
1781296924514 0.2405737191438675 3982
1781296924517 0.39562907814979553 3983
1781296924519 0.1798347532749176 3984
1781296924523 0.27320361137390137 3985
1781296924525 0.13044406473636627 3986
1781296924529 0.26938527822494507 3987
1781296924534 0.36715713143348694 3988
1781296924538 0.32527872920036316 3989
1781296924541 0.3137214779853821 3990
1781296924543 0.21074937283992767 3991
1781296924545 0.1707696169614792 3992
1781296924548 0.32170480489730835 3993
1781296924550 0.38594257831573486 3994
1781296924552 0.19432485103607178 3995
1781296924554 0.23335084319114685 3996
1781296924557 0.23235979676246643 3997
1781296924562 0.41171565651893616 3998
1781296924566 0.3244391679763794 3999
1781296924571 0.26873713731765747 4000
1781296924573 0.2845408618450165 4001
1781296924577 0.2776261568069458 4002
1781296924579 0.2507981061935425 4003
1781296924582 0.3852148652076721 4004
1781296924590 0.19039484858512878 4005
1781296924592 0.25465962290763855 4006
1781296924595 0.2618081271648407 4007
1781296924598 0.2908932566642761 4008
1781296924601 0.2734852135181427 4009
1781296924603 0.21087099611759186 4010
1781296924605 0.31297481060028076 4011
1781296924609 0.3726990520954132 4012
1781296924613 0.18042542040348053 4013
1781296924618 0.2268514484167099 4014
1781296924620 0.30050358176231384 4015
1781296924622 0.30497387051582336 4016
1781296924624 0.26433050632476807 4017
1781296924627 0.4714062511920929 4018
1781296924630 0.2866469919681549 4019
1781296924634 0.18234078586101532 4020
1781296924636 0.4394380748271942 4021
1781296924640 0.28162726759910583 4022
1781296924642 0.3990059494972229 4023
1781296924645 0.40342777967453003 4024
1781296924648 0.34281015396118164 4025
1781296924650 0.2975419759750366 4026
1781296924652 0.22123339772224426 4027
1781296924655 0.3374665677547455 4028
1781296924658 0.2681102156639099 4029
1781296924663 0.3113056719303131 4030
1781296924667 0.433599054813385 4031
1781296924670 0.09977584332227707 4032
1781296924672 0.30612486600875854 4033
1781296924675 0.24398742616176605 4034
1781296924678 0.3250775635242462 4035
1781296924681 0.29484549164772034 4036
1781296924683 0.1797873079776764 4037
1781296924685 0.15939413011074066 4038
1781296924687 0.3583768904209137 4039
1781296924690 0.17169439792633057 4040
1781296924693 0.3334323465824127 4041
1781296924697 0.48657354712486267 4042
1781296924701 0.5679445862770081 4043
1781296924730 0.3468911051750183 4044
1781296924735 0.2378131002187729 4045
1781296924739 0.10655786842107773 4046
1781296924741 0.3461204469203949 4047
1781296924743 0.20128674805164337 4048
1781296924747 0.20293231308460236 4049
1781296924751 0.37490302324295044 4050
1781296924757 0.20096342265605927 4051
1781296924761 0.17049530148506165 4052
1781296924767 0.32986319065093994 4053
1781296924769 0.31698042154312134 4054
1781296924771 0.46838152408599854 4055
1781296924774 0.589060366153717 4056
1781296924776 0.27984490990638733 4057
1781296924779 0.19111552834510803 4058
1781296924781 0.5203704833984375 4059
1781296924783 0.2727624773979187 4060
1781296924786 0.5258836150169373 4061
1781296924788 0.5037139058113098 4062
1781296924790 0.1287701278924942 4063
1781296924792 0.34534379839897156 4064
1781296924795 0.29227593541145325 4065
1781296924799 0.24790795147418976 4066
1781296924803 0.2797473669052124 4067
1781296924805 0.14493724703788757 4068
1781296924808 0.13572140038013458 4069
1781296924812 0.31609076261520386 4070
1781296924815 0.3367624282836914 4071
1781296924820 0.5976857542991638 4072
1781296924824 0.1907951384782791 4073
1781296924827 0.22271285951137543 4074
1781296924830 0.17734399437904358 4075
1781296924833 0.39513105154037476 4076
1781296924835 0.32577604055404663 4077
1781296924838 0.1177225336432457 4078
1781296924841 0.6094917058944702 4079
1781296924845 0.3303021192550659 4080
1781296924849 0.2252454161643982 4081
1781296924853 0.20790164172649384 4082
1781296924910 0.2661616802215576 4083
1781296924915 0.5006706118583679 4084
1781296924919 0.22527006268501282 4085
1781296924923 0.24453745782375336 4086
1781296924927 0.22982245683670044 4087
1781296924939 0.44020020961761475 4088
1781296924969 0.557291567325592 4089
1781296924983 0.33195239305496216 4090
1781296924995 0.35688546299934387 4091
1781296925005 0.24017104506492615 4092
1781296925009 0.2319432646036148 4093
1781296925015 0.15371736884117126 4094
1781296925021 0.16989153623580933 4095
1781296925024 0.2819105088710785 4096
1781296925027 0.19942454993724823 4097
1781296925036 0.19302204251289368 4098
1781296925040 0.22286567091941833 4099
1781296925044 0.23536966741085052 4100
1781296925050 0.23580721020698547 4101
1781296925061 0.37598657608032227 4102
1781296925075 0.5236382484436035 4103
1781296925080 0.17710524797439575 4104
1781296925093 0.32138076424598694 4105
1781296925104 0.2537730634212494 4106
1781296925113 0.3405248820781708 4107
1781296925123 0.2646331191062927 4108
1781296925132 0.19126634299755096 4109
1781296925140 0.3097490072250366 4110
1781296925145 0.5507916212081909 4111
1781296925168 0.23236815631389618 4112
1781296925194 0.3847692012786865 4113
1781296925198 0.2526145279407501 4114
1781296925201 0.3232649862766266 4115
1781296925203 0.2401682287454605 4116
1781296925206 0.31155380606651306 4117
1781296925208 0.23313584923744202 4118
1781296925211 0.19240900874137878 4119
1781296925215 0.2697516679763794 4120
1781296925217 0.2828809320926666 4121
1781296925220 0.3319644629955292 4122
1781296925222 0.38737234473228455 4123
1781296925224 0.1322360336780548 4124
1781296925227 0.28816139698028564 4125
1781296925229 0.4978872835636139 4126
1781296925231 0.3060159683227539 4127
1781296925234 0.29987862706184387 4128
1781296925236 0.30177974700927734 4129
1781296925238 0.5075873732566833 4130
1781296925241 0.6355346441268921 4131
1781296925243 0.1975637823343277 4132
1781296925246 0.15709005296230316 4133
1781296925250 0.3627358078956604 4134
1781296925252 0.26728519797325134 4135
1781296925255 0.4251479506492615 4136
1781296925257 0.15386776626110077 4137
1781296925259 0.23435159027576447 4138
1781296925261 0.28397271037101746 4139
1781296925263 0.13478805124759674 4140
1781296925266 0.14420945942401886 4141
1781296925268 0.31404271721839905 4142
1781296925270 0.18115101754665375 4143
1781296925273 0.38162368535995483 4144
1781296925275 0.256817489862442 4145
1781296925278 0.46309250593185425 4146
1781296925281 0.17486022412776947 4147
1781296925283 0.2511298954486847 4148
1781296925286 0.3435657322406769 4149
1781296925288 0.2705237865447998 4150
1781296925290 0.23438221216201782 4151
1781296925292 0.3191256821155548 4152
1781296925295 0.4421320855617523 4153
1781296925297 0.15806275606155396 4154
1781296925300 0.28676992654800415 4155
1781296925302 0.2525021433830261 4156
1781296925304 0.43277740478515625 4157
1781296925316 0.30321621894836426 4158
1781296925321 0.3439437448978424 4159
1781296925324 0.38492390513420105 4160
1781296925326 0.38742315769195557 4161
1781296925328 0.16820496320724487 4162
1781296925331 0.1672854870557785 4163
1781296925333 0.11571527272462845 4164
1781296925335 0.2644631266593933 4165
1781296925337 0.2567889094352722 4166
1781296925339 0.33299556374549866 4167
1781296925342 0.23178631067276 4168
1781296925344 0.16056737303733826 4169
1781296925346 0.21611259877681732 4170
1781296925349 0.263406366109848 4171
1781296925351 0.26964184641838074 4172
1781296925354 0.3271506726741791 4173
1781296925357 0.43291762471199036 4174
1781296925360 0.24838899075984955 4175
1781296925364 0.409111887216568 4176
1781296925366 0.6386168003082275 4177
1781296925369 0.1846330314874649 4178
1781296925371 0.22525306046009064 4179
1781296925373 0.4448324739933014 4180
1781296925375 0.16225892305374146 4181
1781296925378 0.6188886165618896 4182
1781296925381 0.33826321363449097 4183
1781296925383 0.36821481585502625 4184
1781296925385 0.2154972106218338 4185
1781296925387 0.430158406496048 4186
1781296925390 0.3584979474544525 4187
1781296925392 0.2650887072086334 4188
1781296925394 0.25140252709388733 4189
1781296925396 0.37351271510124207 4190
1781296925399 0.21812985837459564 4191
1781296925401 0.4243294596672058 4192
1781296925403 0.1860027313232422 4193
1781296925405 0.12808898091316223 4194
1781296925407 0.20473533868789673 4195
1781296925409 0.23268412053585052 4196
1781296925412 0.697801411151886 4197
1781296925414 0.34692952036857605 4198
1781296925417 0.358746737241745 4199
1781296925419 0.33898597955703735 4200
1781296925421 0.13907913863658905 4201
1781296925423 0.24563756585121155 4202
1781296925425 0.34775274991989136 4203
1781296925427 0.39316293597221375 4204
1781296925430 0.3663623332977295 4205
1781296925432 0.44683122634887695 4206
1781296925434 0.2337598204612732 4207
1781296925436 0.4062686860561371 4208
1781296925439 0.0789465457201004 4209
1781296925441 0.28911638259887695 4210
1781296925443 0.23801825940608978 4211
1781296925446 0.2624034583568573 4212
1781296925448 0.2493220418691635 4213
1781296925450 0.2406443953514099 4214
1781296925452 0.36309489607810974 4215
1781296925454 0.1739698052406311 4216
1781296925456 0.263605535030365 4217
1781296925459 0.3698994517326355 4218
1781296925461 0.14316466450691223 4219
1781296925463 0.2838713228702545 4220
1781296925466 0.3504627048969269 4221
1781296925468 0.1789540797472 4222
1781296925470 0.24816802144050598 4223
1781296925472 0.4214174151420593 4224
1781296925474 0.2558129131793976 4225
1781296925476 0.5486811399459839 4226
1781296925479 0.3695344030857086 4227
1781296925481 0.31619134545326233 4228
1781296925483 0.4594214856624603 4229
1781296925485 0.24035733938217163 4230
1781296925488 0.34484073519706726 4231
1781296925490 0.1669820100069046 4232
1781296925492 0.20156638324260712 4233
1781296925494 0.10224056988954544 4234
1781296925496 0.23823775351047516 4235
1781296925498 0.24367070198059082 4236
1781296925500 0.1119598001241684 4237
1781296925502 0.44677698612213135 4238
1781296925504 0.16152940690517426 4239
1781296925507 0.2640586793422699 4240
1781296925509 0.14997969567775726 4241
1781296925511 0.3377729058265686 4242
1781296925513 0.21348345279693604 4243
1781296925515 0.24762964248657227 4244
1781296925517 0.165540412068367 4245
1781296925519 0.20384134352207184 4246
1781296925521 0.16811777651309967 4247
1781296925523 0.2883359491825104 4248
1781296925525 0.22659160196781158 4249
1781296925528 0.05893336981534958 4250
1781296925530 0.37792035937309265 4251
1781296925532 0.43801814317703247 4252
1781296925534 0.2688165009021759 4253
1781296925536 0.2570263743400574 4254
1781296925538 0.263393372297287 4255
1781296925540 0.463249146938324 4256
1781296925542 0.3314673900604248 4257
1781296925545 0.3280012905597687 4258
1781296925547 0.15514057874679565 4259
1781296925550 0.5017814040184021 4260
1781296925552 0.523462176322937 4261
1781296925555 0.2304736077785492 4262
1781296925557 0.39468008279800415 4263
1781296925559 0.28124019503593445 4264
1781296925561 0.26055440306663513 4265
1781296925564 0.32115551829338074 4266
1781296925566 0.14980973303318024 4267
1781296925569 0.32260504364967346 4268
1781296925571 0.6005427837371826 4269
1781296925573 0.36720097064971924 4270
1781296925575 0.1794278472661972 4271
1781296925578 0.3186017870903015 4272
1781296925580 0.19699065387248993 4273
1781296925582 0.31182846426963806 4274
1781296925584 0.270195335149765 4275
1781296925586 0.20245487987995148 4276
1781296925589 0.49945658445358276 4277
1781296925591 0.3983151614665985 4278
1781296925593 0.299687922000885 4279
1781296925595 0.25956234335899353 4280
1781296925598 0.2655075788497925 4281
1781296925600 0.3175274729728699 4282
1781296925602 0.16930294036865234 4283
1781296925604 0.15321414172649384 4284
1781296925607 0.38920149207115173 4285
1781296925609 0.6025651693344116 4286
1781296925611 0.3055749535560608 4287
1781296925614 0.24535608291625977 4288
1781296925616 0.14043597877025604 4289
1781296925618 0.4915790557861328 4290
1781296925620 0.33568960428237915 4291
1781296925622 0.2403024137020111 4292
1781296925625 0.17302444577217102 4293
1781296925627 0.4753105640411377 4294
1781296925629 0.6365223526954651 4295
1781296925632 0.13546885550022125 4296
1781296925634 0.35864362120628357 4297
1781296925636 0.21262294054031372 4298
1781296925638 0.2845222055912018 4299
1781296925641 0.519650936126709 4300
1781296925643 0.20757754147052765 4301
1781296925645 0.22345221042633057 4302
1781296925648 0.25578680634498596 4303
1781296925650 0.2321423888206482 4304
1781296925653 0.2665489912033081 4305
1781296925655 0.27107951045036316 4306
1781296925657 0.5120962858200073 4307
1781296925659 0.27766555547714233 4308
1781296925662 0.15845979750156403 4309
1781296925664 0.30353376269340515 4310
1781296925666 0.27784594893455505 4311
1781296925668 0.24534668028354645 4312
1781296925671 0.12420892715454102 4313
1781296925673 0.1816309690475464 4314
1781296925675 0.30914950370788574 4315
1781296925677 0.2633253335952759 4316
1781296925680 0.3461971580982208 4317
1781296925682 0.32737356424331665 4318
1781296925684 0.5688884854316711 4319
1781296925686 0.34591296315193176 4320
1781296925689 0.40356218814849854 4321
1781296925691 0.2932770252227783 4322
1781296925693 0.20741651952266693 4323
1781296925696 0.2563709020614624 4324
1781296925698 0.519188404083252 4325
1781296925700 0.1906190812587738 4326
1781296925702 0.255269318819046 4327
1781296925704 0.1494150608778 4328
1781296925707 0.3732061982154846 4329
1781296925709 0.5078637003898621 4330
1781296925711 0.3051173686981201 4331
1781296925713 0.29225149750709534 4332
1781296925715 0.49419260025024414 4333
1781296925717 0.3124184310436249 4334
1781296925719 0.30744174122810364 4335
1781296925722 0.3058038651943207 4336
1781296925724 0.13760966062545776 4337
1781296925726 0.19401243329048157 4338
1781296925728 0.47568437457084656 4339
1781296925732 0.3034193813800812 4340
1781296925734 0.1305488497018814 4341
1781296925736 0.2628037631511688 4342
1781296925738 0.3537249267101288 4343
1781296925741 0.15798494219779968 4344
1781296925743 0.29509273171424866 4345
1781296925745 0.21461114287376404 4346
1781296925747 0.18211495876312256 4347
1781296925749 0.21817952394485474 4348
1781296925751 0.18958646059036255 4349
1781296925754 0.529231607913971 4350
1781296925757 0.21476110816001892 4351
1781296925759 0.4175163507461548 4352
1781296925773 0.3216988444328308 4353
1781296925778 0.16765104234218597 4354
1781296925781 0.2102500945329666 4355
1781296925783 0.1718813180923462 4356
1781296925785 0.30597755312919617 4357
1781296925787 0.31108102202415466 4358
1781296925789 0.34736770391464233 4359
1781296925791 0.10000630468130112 4360
1781296925793 0.531580924987793 4361
1781296925796 0.11485882848501205 4362
1781296925798 0.3699873387813568 4363
1781296925800 0.4955514669418335 4364
1781296925802 0.2924630641937256 4365
1781296925804 0.3230668306350708 4366
1781296925806 0.3780994415283203 4367
1781296925809 0.12595853209495544 4368
1781296925811 0.14755357801914215 4369
1781296925813 0.20874077081680298 4370
1781296925815 0.318688303232193 4371
1781296925817 0.3429301679134369 4372
1781296925821 0.30319613218307495 4373
1781296925823 0.25740817189216614 4374
1781296925827 0.3266085386276245 4375
1781296925830 0.40934592485427856 4376
1781296925832 0.2520535886287689 4377
1781296925836 0.45505961775779724 4378
1781296925839 0.2854836583137512 4379
1781296925842 0.4006185829639435 4380
1781296925845 0.18640431761741638 4381
1781296925847 0.15941768884658813 4382
1781296925851 0.28449925780296326 4383
1781296925854 0.36018067598342896 4384
1781296925857 0.21295729279518127 4385
1781296925860 0.5404924154281616 4386
1781296925863 0.225557342171669 4387
1781296925866 0.20930516719818115 4388
1781296925869 0.5187641382217407 4389
1781296925872 0.21722082793712616 4390
1781296925875 0.20067952573299408 4391
1781296925878 0.28133994340896606 4392
1781296925881 0.18091686069965363 4393
1781296925885 0.2556247413158417 4394
1781296925888 0.27819254994392395 4395
1781296925891 0.3306460976600647 4396
1781296925894 0.1345178484916687 4397
1781296925897 0.25573408603668213 4398
1781296925900 0.3888711929321289 4399
1781296925903 0.48455238342285156 4400
1781296925906 0.15162402391433716 4401
1781296925909 0.32557499408721924 4402
1781296925913 0.43613460659980774 4403
1781296925916 0.27416518330574036 4404
1781296925919 0.2898586392402649 4405
1781296925921 0.32048073410987854 4406
1781296925924 0.5083956122398376 4407
1781296925928 0.44730380177497864 4408
1781296925931 0.2893954813480377 4409
1781296925934 0.3048410713672638 4410
1781296925937 0.24445974826812744 4411
1781296925940 0.3162994980812073 4412
1781296925943 0.11392293125391006 4413
1781296925948 0.3687818944454193 4414
1781296925951 0.4995361566543579 4415
1781296925953 0.316323846578598 4416
1781296925957 0.1777118742465973 4417
1781296925960 0.30819764733314514 4418
1781296925964 0.25078490376472473 4419
1781296925967 0.19805651903152466 4420
1781296925970 0.27955326437950134 4421
1781296925976 0.1451166421175003 4422
1781296925979 0.13109444081783295 4423
1781296925982 0.29682251811027527 4424
1781296925985 0.2223978489637375 4425
1781296925988 0.2946590185165405 4426
1781296925991 0.4024673104286194 4427
1781296925995 0.13662514090538025 4428
1781296925997 0.24623917043209076 4429
1781296926000 0.29983702301979065 4430
1781296926003 0.23814696073532104 4431
1781296926006 0.5098918080329895 4432
1781296926009 0.2870838940143585 4433
1781296926012 0.49937599897384644 4434
1781296926015 0.42874041199684143 4435
1781296926018 0.21503667533397675 4436
1781296926022 0.40114453434944153 4437
1781296926024 0.4949534237384796 4438
1781296926027 0.19195355474948883 4439
1781296926031 0.2809770703315735 4440
1781296926033 0.21451996266841888 4441
1781296926036 0.344647616147995 4442
1781296926039 0.6453272700309753 4443
1781296926042 0.21301186084747314 4444
1781296926045 0.297050416469574 4445
1781296926048 0.29917505383491516 4446
1781296926051 0.19725728034973145 4447
1781296926054 0.503246009349823 4448
1781296926056 0.3260919153690338 4449
1781296926060 0.1674533635377884 4450
1781296926063 0.3295198976993561 4451
1781296926065 0.23783168196678162 4452
1781296926068 0.10135895013809204 4453
1781296926072 0.17200978100299835 4454
1781296926075 0.6604371070861816 4455
1781296926078 0.45314350724220276 4456
1781296926081 0.2770373821258545 4457
1781296926084 0.45378637313842773 4458
1781296926087 0.4073905050754547 4459
1781296926090 0.21360591053962708 4460
1781296926092 0.2737148106098175 4461
1781296926095 0.296219140291214 4462
1781296926098 0.1380145102739334 4463
1781296926101 0.17915137112140656 4464
1781296926105 0.27850496768951416 4465
1781296926110 0.28619858622550964 4466
1781296926113 0.21063734591007233 4467
1781296926116 0.2575467824935913 4468
1781296926119 0.4158676266670227 4469
1781296926122 0.19850650429725647 4470
1781296926125 0.3670452833175659 4471
1781296926127 0.23249337077140808 4472
1781296926130 0.1827191412448883 4473
1781296926134 0.18917660415172577 4474
1781296926137 0.14662471413612366 4475
1781296926139 0.21456702053546906 4476
1781296926142 0.16320091485977173 4477
1781296926145 0.3840439021587372 4478
1781296926148 0.290249764919281 4479
1781296926151 0.5139357447624207 4480
1781296926154 0.1995045244693756 4481
1781296926157 0.3651094138622284 4482
1781296926160 0.30473533272743225 4483
1781296926163 0.307382196187973 4484
1781296926166 0.23756109178066254 4485
1781296926169 0.25442075729370117 4486
1781296926173 0.3080562651157379 4487
1781296926176 0.12334399670362473 4488
1781296926180 0.15057195723056793 4489
1781296926183 0.2141784429550171 4490
1781296926186 0.27253761887550354 4491
1781296926189 0.21044853329658508 4492
1781296926194 0.3216988146305084 4493
1781296926197 0.17136560380458832 4494
1781296926200 0.22508013248443604 4495
1781296926202 0.2132345288991928 4496
1781296926205 0.4237803518772125 4497
1781296926208 0.37907180190086365 4498
1781296926211 0.2961260676383972 4499
1781296926214 0.20691148936748505 4500
1781296926217 0.4144721031188965 4501
1781296926220 0.19838565587997437 4502
1781296926223 0.19052913784980774 4503
1781296926226 0.2835860550403595 4504
1781296926229 0.5357770919799805 4505
1781296926232 0.32168281078338623 4506
1781296926235 0.30008378624916077 4507
1781296926239 0.27981874346733093 4508
1781296926242 0.14774127304553986 4509
1781296926245 0.3934797942638397 4510
1781296926248 0.2876441478729248 4511
1781296926251 0.19454286992549896 4512
1781296926255 0.1732100248336792 4513
1781296926258 0.2710112929344177 4514
1781296926261 0.32305482029914856 4515
1781296926264 0.23801153898239136 4516
1781296926267 0.3395009934902191 4517
1781296926269 0.31849557161331177 4518
1781296926272 0.376558780670166 4519
1781296926275 0.20858684182167053 4520
1781296926279 0.4572005271911621 4521
1781296926282 0.3708997964859009 4522
1781296926285 0.3096897304058075 4523
1781296926287 0.21495991945266724 4524
1781296926290 0.3459133505821228 4525
1781296926293 0.4381036162376404 4526
1781296926296 0.254423052072525 4527
1781296926299 0.20050613582134247 4528
1781296926302 0.38072916865348816 4529
1781296926305 0.21108214557170868 4530
1781296926308 0.7034552097320557 4531
1781296926311 0.28690871596336365 4532
1781296926314 0.2615951597690582 4533
1781296926319 0.2217232584953308 4534
1781296926324 0.10706239193677902 4535
1781296926327 0.1247524619102478 4536
1781296926330 0.1524316668510437 4537
1781296926333 0.343472957611084 4538
1781296926336 0.4304729700088501 4539
1781296926339 0.25775158405303955 4540
1781296926342 0.381948858499527 4541
1781296926345 0.2582838833332062 4542
1781296926348 0.24686913192272186 4543
1781296926351 0.36096829175949097 4544
1781296926354 0.16973617672920227 4545
1781296926357 0.2897605895996094 4546
1781296926360 0.4659388065338135 4547
1781296926364 0.21397201716899872 4548
1781296926367 0.3519824147224426 4549
1781296926370 0.19225625693798065 4550
1781296926373 0.2923584282398224 4551
1781296926376 0.19232997298240662 4552
1781296926382 0.18720711767673492 4553
1781296926385 0.3546188473701477 4554
1781296926388 0.23113605380058289 4555
1781296926391 0.4806821644306183 4556
1781296926394 0.4180399179458618 4557
1781296926397 0.35770073533058167 4558
1781296926400 0.3018401563167572 4559
1781296926403 0.23821350932121277 4560
1781296926406 0.3760329782962799 4561
1781296926409 0.3127921521663666 4562
1781296926412 0.20816174149513245 4563
1781296926415 0.4024072289466858 4564
1781296926418 0.32260873913764954 4565
1781296926422 0.36726802587509155 4566
1781296926426 0.23431691527366638 4567
1781296926430 0.5480876564979553 4568
1781296926433 0.16528017818927765 4569
1781296926436 0.32609429955482483 4570
1781296926439 0.07027166336774826 4571
1781296926442 0.38325467705726624 4572
1781296926446 0.22264768183231354 4573
1781296926449 0.36457884311676025 4574
1781296926453 0.16633205115795135 4575
1781296926456 0.36752280592918396 4576
1781296926460 0.1866760104894638 4577
1781296926463 0.35715487599372864 4578
1781296926466 0.3745117485523224 4579
1781296926469 0.3042774200439453 4580
1781296926474 0.24042566120624542 4581
1781296926477 0.21905139088630676 4582
1781296926480 0.23947668075561523 4583
1781296926483 0.2700347304344177 4584
1781296926486 0.18235330283641815 4585
1781296926489 0.25730589032173157 4586
1781296926492 0.21692952513694763 4587
1781296926496 0.2987145185470581 4588
1781296926499 0.19936633110046387 4589
1781296926503 0.36962899565696716 4590
1781296926506 0.24018815159797668 4591
1781296926509 0.12006151676177979 4592
1781296926512 0.14163216948509216 4593
1781296926516 0.4228694438934326 4594
1781296926519 0.1402430385351181 4595
1781296926522 0.22407932579517365 4596
1781296926525 0.24235042929649353 4597
1781296926528 0.3395691514015198 4598
1781296926531 0.32599812746047974 4599
1781296926534 0.23319441080093384 4600
1781296926537 0.14972230792045593 4601
1781296926540 0.13814160227775574 4602
1781296926543 0.2613634467124939 4603
1781296926546 0.2557992935180664 4604
1781296926549 0.3314169645309448 4605
1781296926553 0.21795544028282166 4606
1781296926556 0.3840330243110657 4607
1781296926559 0.2948951721191406 4608
1781296926563 0.4299025535583496 4609
1781296926566 0.2604982852935791 4610
1781296926569 0.31996411085128784 4611
1781296926572 0.14853492379188538 4612
1781296926576 0.5052032470703125 4613
1781296926579 0.19279810786247253 4614
1781296926583 0.41964539885520935 4615
1781296926586 0.30226650834083557 4616
1781296926590 0.23726435005664825 4617
1781296926594 0.24758808314800262 4618
1781296926597 0.324005126953125 4619
1781296926600 0.33674249053001404 4620
1781296926603 0.27007654309272766 4621
1781296926606 0.3249906301498413 4622
1781296926609 0.3661389946937561 4623
1781296926613 0.16963516175746918 4624
1781296926618 0.35301315784454346 4625
1781296926621 0.2869059443473816 4626
1781296926624 0.27470359206199646 4627
1781296926627 0.40939727425575256 4628
1781296926630 0.41637110710144043 4629
1781296926633 0.24561956524848938 4630
1781296926636 0.5255546569824219 4631
1781296926639 0.11916086822748184 4632
1781296926642 0.45619291067123413 4633
1781296926645 0.40581899881362915 4634
1781296926648 0.25891396403312683 4635
1781296926650 0.27824246883392334 4636
1781296926653 0.36385461688041687 4637
1781296926656 0.5366573929786682 4638
1781296926660 0.23480530083179474 4639
1781296926664 0.1912497580051422 4640
1781296926666 0.3129463195800781 4641
1781296926672 0.3334532380104065 4642
1781296926674 0.21311558783054352 4643
1781296926677 0.22781789302825928 4644
1781296926680 0.4404480755329132 4645
1781296926682 0.2175954133272171 4646
1781296926685 0.19672711193561554 4647
1781296926689 0.2512184679508209 4648
1781296926691 0.6155557036399841 4649
1781296926693 0.24769844114780426 4650
1781296926696 0.32651883363723755 4651
1781296926699 0.18224883079528809 4652
1781296926701 0.26397207379341125 4653
1781296926704 0.5318488478660583 4654
1781296926706 0.3610585033893585 4655
1781296926708 0.46804776787757874 4656
1781296926711 0.3870871067047119 4657
1781296926714 0.1492750644683838 4658
1781296926716 0.369515985250473 4659
1781296926719 0.22396400570869446 4660
1781296926722 0.17477160692214966 4661
1781296926724 0.1265648454427719 4662
1781296926726 0.21355776488780975 4663
1781296926733 0.1369941085577011 4664
1781296926736 0.1686239093542099 4665
1781296926738 0.4155815839767456 4666
1781296926740 0.48977845907211304 4667
1781296926743 0.35139864683151245 4668
1781296926746 0.2507342994213104 4669
1781296926750 0.24381530284881592 4670
1781296926752 0.3215831518173218 4671
1781296926755 0.29645177721977234 4672
1781296926757 0.2717840075492859 4673
1781296926760 0.2993110716342926 4674
1781296926763 0.19302117824554443 4675
1781296926765 0.2670993208885193 4676
1781296926768 0.25175583362579346 4677
1781296926770 0.26029321551322937 4678
1781296926772 0.2830291986465454 4679
1781296926775 0.4440259635448456 4680
1781296926777 0.1592102348804474 4681
1781296926779 0.3479267954826355 4682
1781296926782 0.31729960441589355 4683
1781296926784 0.3909977078437805 4684
