1780864407745 16.401391983032227 0
1780864407755 18.6446590423584 1
1780864407758 12.750114440917969 2
1780864407760 18.479778289794922 3
1780864407762 14.326866149902344 4
1780864407764 12.21939468383789 5
1780864407767 11.539225578308105 6
1780864407769 14.220520973205566 7
1780864407771 14.920564651489258 8
1780864407773 9.93099594116211 9
1780864407775 11.453150749206543 10
1780864407777 8.523255348205566 11
1780864407779 9.833024024963379 12
1780864407781 10.123434066772461 13
1780864407783 8.757316589355469 14
1780864407786 8.257205963134766 15
1780864407789 7.194530963897705 16
1780864407791 8.734657287597656 17
1780864407793 7.880909442901611 18
1780864407796 6.768006801605225 19
1780864407801 6.802319049835205 20
1780864407804 5.118935585021973 21
1780864407807 4.673757076263428 22
1780864407811 4.66602087020874 23
1780864407814 5.5836896896362305 24
1780864407817 5.419891357421875 25
1780864407821 5.260622024536133 26
1780864407824 4.153281211853027 27
1780864407827 4.294076919555664 28
1780864407829 3.5743744373321533 29
1780864407833 2.7436695098876953 30
1780864407836 2.8180787563323975 31
1780864407839 2.9926869869232178 32
1780864407842 2.554809093475342 33
1780864407845 2.449007749557495 34
1780864407847 2.2643511295318604 35
1780864407850 1.7686686515808105 36
1780864407852 2.0058913230895996 37
1780864407857 2.6345064640045166 38
1780864407861 1.964770793914795 39
1780864407865 1.7698488235473633 40
1780864407867 1.985176682472229 41
1780864407870 1.4835102558135986 42
1780864407873 1.117726445198059 43
1780864407876 1.319742202758789 44
1780864407878 1.3523603677749634 45
1780864407881 1.2419846057891846 46
1780864407883 1.3383790254592896 47
1780864407888 1.2041187286376953 48
1780864407891 1.1618568897247314 49
1780864407894 1.2811334133148193 50
1780864407898 1.3225635290145874 51
1780864407901 1.0190860033035278 52
1780864407905 1.2454414367675781 53
1780864407909 1.0255892276763916 54
1780864407912 1.1553653478622437 55
1780864407915 1.1052260398864746 56
1780864407919 1.034354567527771 57
1780864407923 1.0117888450622559 58
1780864407927 0.8790466785430908 59
1780864407931 1.1382403373718262 60
1780864407934 1.032942771911621 61
1780864407937 1.0023037195205688 62
1780864407941 1.0900532007217407 63
1780864407943 0.7993381023406982 64
1780864407946 1.1341825723648071 65
1780864407949 0.8689418435096741 66
1780864407952 0.8905845880508423 67
1780864407955 0.9645748138427734 68
1780864407958 0.8488035202026367 69
1780864407961 0.8427355289459229 70
1780864407963 0.80064457654953 71
1780864407966 0.9362720251083374 72
1780864407970 0.9107050895690918 73
1780864407973 0.8150490522384644 74
1780864407976 0.9719680547714233 75
1780864407979 0.9047443866729736 76
1780864407982 0.8943387269973755 77
1780864407986 0.8343386650085449 78
1780864407989 0.7506628632545471 79
1780864407992 0.7955604195594788 80
1780864407995 0.7122272253036499 81
1780864407997 0.7395386099815369 82
1780864408001 0.840348482131958 83
1780864408005 0.6876488327980042 84
1780864408008 0.8774964213371277 85
1780864408011 0.8013261556625366 86
1780864408015 0.7292730808258057 87
1780864408019 0.8138991594314575 88
1780864408022 0.7211794853210449 89
1780864408025 0.8436548113822937 90
1780864408029 0.7187770009040833 91
1780864408033 0.6061261892318726 92
1780864408037 0.780184268951416 93
1780864408040 0.8693159222602844 94
1780864408042 0.709128201007843 95
1780864408045 0.6734730005264282 96
1780864408048 0.7179775238037109 97
1780864408052 0.6917028427124023 98
1780864408055 0.9227395057678223 99
1780864408057 0.5729588270187378 100
1780864408060 0.5516823530197144 101
1780864408065 0.41958802938461304 102
1780864408069 0.6397801041603088 103
1780864408072 0.5163176655769348 104
1780864408075 0.8971611261367798 105
1780864408077 0.5178101062774658 106
1780864408080 0.6868507862091064 107
1780864408083 0.7331539392471313 108
1780864408085 0.5832973122596741 109
1780864408088 0.576316237449646 110
1780864408091 0.6723992228507996 111
1780864408094 0.5658213496208191 112
1780864408098 0.5409425497055054 113
1780864408100 0.5832756757736206 114
1780864408103 0.565479040145874 115
1780864408107 0.7017847895622253 116
1780864408110 0.6461336612701416 117
1780864408115 0.6565490961074829 118
1780864408118 0.6559017896652222 119
1780864408121 0.5681582093238831 120
1780864408124 0.8846949338912964 121
1780864408128 0.6962689757347107 122
1780864408131 0.6890347003936768 123
1780864408134 0.584998369216919 124
1780864408137 0.5719044208526611 125
1780864408140 0.6460683345794678 126
1780864408144 0.5801841616630554 127
1780864408147 0.6657840013504028 128
1780864408150 0.6038997769355774 129
1780864408153 0.6847296357154846 130
1780864408156 0.6539517641067505 131
1780864408159 0.6064884066581726 132
1780864408162 0.6024670004844666 133
1780864408164 0.5299327969551086 134
1780864408167 0.4557572901248932 135
1780864408169 0.7178621888160706 136
1780864408174 0.6483299136161804 137
1780864408177 0.633590042591095 138
1780864408180 0.5624408721923828 139
1780864408182 0.55596923828125 140
1780864408185 0.554046094417572 141
1780864408187 0.49295565485954285 142
1780864408191 0.7068670988082886 143
1780864408195 0.4552876651287079 144
1780864408197 0.5587937831878662 145
1780864408200 0.567772626876831 146
1780864408202 0.5771461725234985 147
1780864408205 0.6741360425949097 148
1780864408208 0.5344234704971313 149
1780864408210 0.35286614298820496 150
1780864408213 0.33297932147979736 151
1780864408215 0.6379400491714478 152
1780864408218 0.49665695428848267 153
1780864408220 0.47240981459617615 154
1780864408223 0.6216884851455688 155
1780864408226 0.4863196909427643 156
1780864408229 0.6386628746986389 157
1780864408231 0.5451567769050598 158
1780864408234 0.5734274983406067 159
1780864408237 0.6416245698928833 160
1780864408239 0.5933842658996582 161
1780864408242 0.46815359592437744 162
1780864408244 0.6618086695671082 163
1780864408247 0.7238562703132629 164
1780864408250 0.5470756888389587 165
1780864408253 0.6109063029289246 166
1780864408255 0.5811570882797241 167
1780864408257 0.4164770841598511 168
1780864408260 0.6188561320304871 169
1780864408262 0.47893595695495605 170
1780864408265 0.6801201701164246 171
1780864408267 0.5296894311904907 172
1780864408270 0.4795982837677002 173
1780864408272 0.6208370327949524 174
1780864408275 0.6380055546760559 175
1780864408277 0.4745781421661377 176
1780864408280 0.7186263203620911 177
1780864408282 0.6099659204483032 178
1780864408285 0.5575624108314514 179
1780864408287 0.412242591381073 180
1780864408290 0.4636319577693939 181
1780864408292 0.49599793553352356 182
1780864408295 0.5416704416275024 183
1780864408298 0.4824267029762268 184
1780864408301 0.6157262921333313 185
1780864408303 0.5806632041931152 186
1780864408306 0.607595682144165 187
1780864408309 0.4714294373989105 188
1780864408311 0.3978526294231415 189
1780864408316 0.7014455199241638 190
1780864408319 0.6181759834289551 191
1780864408322 0.5127999186515808 192
1780864408325 0.6444042921066284 193
1780864408327 0.4794604480266571 194
1780864408330 0.5028045177459717 195
1780864408334 0.46724534034729004 196
1780864408337 0.6314708590507507 197
1780864408340 0.6470213532447815 198
1780864408343 0.4527297019958496 199
1780864408346 0.5468644499778748 200
1780864408350 0.5178055167198181 201
1780864408353 0.46736064553260803 202
1780864408356 0.729143500328064 203
1780864408359 0.5713744759559631 204
1780864408362 0.5183013081550598 205
1780864408365 0.5511139035224915 206
1780864408368 0.3979301452636719 207
1780864408370 0.49492841958999634 208
1780864408373 0.6367993354797363 209
1780864408378 0.578126072883606 210
1780864408381 0.6652199625968933 211
1780864408385 0.5500397086143494 212
1780864408388 0.5064478516578674 213
1780864408390 0.4477995038032532 214
1780864408395 0.4990134537220001 215
1780864408397 0.4977283477783203 216
1780864408400 0.563588559627533 217
1780864408402 0.5747928619384766 218
1780864408404 0.5083818435668945 219
1780864408407 0.49086055159568787 220
1780864408411 0.6010759472846985 221
1780864408413 0.33975446224212646 222
1780864408416 0.4935827851295471 223
1780864408418 0.5003693103790283 224
1780864408421 0.5600929856300354 225
1780864408424 0.4726077914237976 226
1780864408426 0.5330456495285034 227
1780864408429 0.4280773401260376 228
1780864408432 0.4232194125652313 229
1780864408434 0.482837438583374 230
1780864408437 0.4281710088253021 231
1780864408439 0.41652822494506836 232
1780864408442 0.5441598892211914 233
1780864408444 0.8234357833862305 234
1780864408447 0.48028790950775146 235
1780864408450 0.5945345759391785 236
1780864408452 0.32663828134536743 237
1780864408456 0.5628337860107422 238
1780864408460 0.49986717104911804 239
1780864408463 0.3689868152141571 240
1780864408465 0.5465446710586548 241
1780864408468 0.5287238359451294 242
1780864408470 0.5273453593254089 243
1780864408473 0.501152753829956 244
1780864408475 0.621959388256073 245
1780864408478 0.4384946823120117 246
1780864408480 0.46613386273384094 247
1780864408483 0.41102802753448486 248
1780864408485 0.4375780522823334 249
1780864408488 0.5180637836456299 250
1780864408490 0.45246779918670654 251
1780864408493 0.4683641195297241 252
1780864408495 0.4949730932712555 253
1780864408498 0.4570293128490448 254
1780864408501 0.42533960938453674 255
1780864408505 0.6515589952468872 256
1780864408507 0.4492935240268707 257
1780864408510 0.3980230987071991 258
1780864408512 0.52040696144104 259
1780864408515 0.5151901245117188 260
1780864408517 0.5041607022285461 261
1780864408520 0.5021174550056458 262
1780864408523 0.38715896010398865 263
1780864408525 0.6082945466041565 264
1780864408528 0.6177690029144287 265
1780864408530 0.5481996536254883 266
1780864408533 0.4403802454471588 267
1780864408536 0.4161064326763153 268
1780864408539 0.4340055584907532 269
1780864408542 0.7110759615898132 270
1780864408544 0.4454673230648041 271
1780864408546 0.4177868366241455 272
1780864408549 0.328933447599411 273
1780864408552 0.5926143527030945 274
1780864408554 0.5725684762001038 275
1780864408557 0.7282532453536987 276
1780864408560 0.4720226228237152 277
1780864408562 0.45879679918289185 278
1780864408565 0.8099622130393982 279
1780864408567 0.5500545501708984 280
1780864408570 0.6943438649177551 281
1780864408573 0.6058788895606995 282
1780864408575 0.4030667245388031 283
1780864408578 0.5574467778205872 284
1780864408580 0.536919355392456 285
1780864408583 0.5404293537139893 286
1780864408585 0.3977222144603729 287
1780864408588 0.3979596793651581 288
1780864408590 0.47226792573928833 289
1780864408593 0.583966076374054 290
1780864408595 0.6542282104492188 291
1780864408598 0.42379269003868103 292
1780864408600 0.6232110857963562 293
1780864408603 0.38523173332214355 294
1780864408605 0.415283203125 295
1780864408607 0.41905277967453003 296
1780864408610 0.4057149887084961 297
1780864408613 0.4374958276748657 298
1780864408615 0.6754053831100464 299
1780864408618 0.7377943992614746 300
1780864408621 0.39978161454200745 301
1780864408624 0.4833672344684601 302
1780864408626 0.39240604639053345 303
1780864408630 0.39069584012031555 304
1780864408633 0.448820561170578 305
1780864408636 0.48779210448265076 306
1780864408638 0.4672091007232666 307
1780864408641 0.38828182220458984 308
1780864408643 0.4889020025730133 309
1780864408646 0.4695681035518646 310
1780864408649 0.3544967770576477 311
1780864408651 0.372036874294281 312
1780864408654 0.42443564534187317 313
1780864408657 0.5015573501586914 314
1780864408659 0.4318293333053589 315
1780864408662 0.38601523637771606 316
1780864408664 0.39829251170158386 317
1780864408667 0.48776447772979736 318
1780864408669 0.4567030966281891 319
1780864408672 0.2705540359020233 320
1780864408674 0.435827374458313 321
1780864408677 0.30009889602661133 322
1780864408680 0.46244436502456665 323
1780864408683 0.4220471680164337 324
1780864408686 0.6594601273536682 325
1780864408688 0.4791345000267029 326
1780864408693 0.43283602595329285 327
1780864408696 0.7650206685066223 328
1780864408699 0.40153828263282776 329
1780864408701 0.39840641617774963 330
1780864408703 0.547002911567688 331
1780864408706 0.5283951163291931 332
1780864408708 0.4565531611442566 333
1780864408711 0.42771774530410767 334
1780864408713 0.4880266487598419 335
1780864408716 0.42614254355430603 336
1780864408719 0.46447595953941345 337
1780864408721 0.5680235624313354 338
1780864408723 0.5192304849624634 339
1780864408726 0.49211108684539795 340
1780864408729 0.46792513132095337 341
1780864408731 0.5546236038208008 342
1780864408734 0.43840858340263367 343
1780864408737 0.3698424994945526 344
1780864408739 0.5686304569244385 345
1780864408741 0.48593807220458984 346
1780864408744 0.40237921476364136 347
1780864408746 0.5255187749862671 348
1780864408749 0.3592655062675476 349
1780864408752 0.44059956073760986 350
1780864408755 0.5242151618003845 351
1780864408758 0.43166232109069824 352
1780864408760 0.40498635172843933 353
1780864408763 0.3284182846546173 354
1780864408765 0.4384121894836426 355
1780864408768 0.41393914818763733 356
1780864408770 0.4584820568561554 357
1780864408773 0.4614982306957245 358
1780864408775 0.5441327691078186 359
1780864408778 0.5800609588623047 360
1780864408780 0.3174694776535034 361
1780864408784 0.28739967942237854 362
1780864408786 0.5187568068504333 363
1780864408789 0.4899967312812805 364
1780864408791 0.32058537006378174 365
1780864408794 0.5660058259963989 366
1780864408796 0.5489059686660767 367
1780864408799 0.4615509510040283 368
1780864408801 0.32989153265953064 369
1780864408803 0.4296737611293793 370
1780864408806 0.5223584175109863 371
1780864408808 0.6203406453132629 372
1780864408810 0.27128127217292786 373
1780864408813 0.5784464478492737 374
1780864408815 0.28572097420692444 375
1780864408819 0.34987911581993103 376
1780864408822 0.5895306468009949 377
1780864408826 0.5389572978019714 378
1780864408828 0.43070024251937866 379
1780864408831 0.2630601227283478 380
1780864408834 0.5469512939453125 381
1780864408836 0.34908053278923035 382
1780864408839 0.30589789152145386 383
1780864408842 0.492020845413208 384
1780864408844 0.4411316514015198 385
1780864408847 0.5151870250701904 386
1780864408849 0.49748197197914124 387
1780864408852 0.4812023341655731 388
1780864408855 0.41818949580192566 389
1780864408857 0.48892953991889954 390
1780864408861 0.5997797250747681 391
1780864408863 0.36693263053894043 392
1780864408866 0.4094846844673157 393
1780864408868 0.5554085969924927 394
1780864408871 0.20935578644275665 395
1780864408875 0.6506868600845337 396
1780864408878 0.3970736563205719 397
1780864408881 0.32701539993286133 398
1780864408883 0.5519434809684753 399
1780864408886 0.35715794563293457 400
1780864408889 0.4318479001522064 401
1780864408891 0.4759199917316437 402
1780864408894 0.39145708084106445 403
1780864408896 0.3700465261936188 404
1780864408899 0.29954928159713745 405
1780864408901 0.3665858805179596 406
1780864408903 0.6378676295280457 407
1780864408906 0.2741752862930298 408
1780864408909 0.5796773433685303 409
1780864408911 0.380961537361145 410
1780864408914 0.6147060394287109 411
1780864408917 0.3870895802974701 412
1780864408919 0.31063389778137207 413
1780864408923 0.34728381037712097 414
1780864408926 0.37446489930152893 415
1780864408928 0.34080538153648376 416
1780864408931 0.4353026747703552 417
1780864408934 0.4570741355419159 418
1780864408936 0.4966520369052887 419
1780864408938 0.4242706298828125 420
1780864408941 0.4327790439128876 421
1780864408944 0.46568000316619873 422
1780864408946 0.3546130657196045 423
1780864408949 0.41333359479904175 424
1780864408951 0.357454389333725 425
1780864408954 0.4117449223995209 426
1780864408957 0.40763455629348755 427
1780864408959 0.40988218784332275 428
1780864408961 0.2648918032646179 429
1780864408965 0.36166343092918396 430
1780864408967 0.36096835136413574 431
1780864408971 0.43411514163017273 432
1780864408973 0.4363819360733032 433
1780864408977 0.5304368138313293 434
1780864408980 0.5589370131492615 435
1780864408982 0.4261409044265747 436
1780864408985 0.44822973012924194 437
1780864408987 0.4663526117801666 438
1780864408989 0.6380941271781921 439
1780864408992 0.4587216079235077 440
1780864408994 0.38256391882896423 441
1780864408997 0.3320290744304657 442
1780864408999 0.4061961770057678 443
1780864409002 0.3804141879081726 444
1780864409004 0.3818308413028717 445
1780864409007 0.46823015809059143 446
1780864409010 0.47670066356658936 447
1780864409012 0.4893573224544525 448
1780864409015 0.32744550704956055 449
1780864409017 0.37820059061050415 450
1780864409019 0.19722163677215576 451
1780864409022 0.3354049324989319 452
1780864409026 0.4555451273918152 453
1780864409029 0.2745411694049835 454
1780864409031 0.36223363876342773 455
1780864409034 0.4619402289390564 456
1780864409036 0.4938366115093231 457
1780864409039 0.235655277967453 458
1780864409041 0.5239261984825134 459
1780864409044 0.5145300030708313 460
1780864409046 0.2822525203227997 461
1780864409048 0.42077672481536865 462
1780864409051 0.28613096475601196 463
1780864409053 0.2544722855091095 464
1780864409057 0.5035392642021179 465
1780864409059 0.3986819386482239 466
1780864409062 0.34992069005966187 467
1780864409064 0.4230702519416809 468
1780864409067 0.409146785736084 469
1780864409069 0.4099567234516144 470
1780864409072 0.4391438364982605 471
1780864409075 0.27803048491477966 472
1780864409078 0.39379560947418213 473
1780864409080 0.43410757184028625 474
1780864409083 0.29685577750205994 475
1780864409085 0.5157521367073059 476
1780864409088 0.49191713333129883 477
1780864409091 0.3546578288078308 478
1780864409093 0.4073161482810974 479
1780864409095 0.4654984176158905 480
1780864409098 0.4115959107875824 481
1780864409100 0.3435375690460205 482
1780864409114 0.40842553973197937 483
1780864409119 0.613559901714325 484
1780864409121 0.33471158146858215 485
1780864409124 0.2520422041416168 486
1780864409126 0.43257638812065125 487
1780864409129 0.34168848395347595 488
1780864409131 0.3455238342285156 489
1780864409134 0.37268880009651184 490
1780864409136 0.3757524788379669 491
1780864409139 0.6045892238616943 492
1780864409142 0.40795111656188965 493
1780864409144 0.41827207803726196 494
1780864409147 0.28182274103164673 495
1780864409149 0.35677140951156616 496
1780864409152 0.4625815451145172 497
1780864409154 0.33430618047714233 498
1780864409157 0.4119969308376312 499
1780864409159 0.5133979916572571 500
1780864409162 0.49484023451805115 501
1780864409165 0.42654097080230713 502
1780864409168 0.2582974433898926 503
1780864409170 0.3003285825252533 504
1780864409173 0.41899561882019043 505
1780864409176 0.5436444282531738 506
1780864409179 0.4355892241001129 507
1780864409181 0.4437371790409088 508
1780864409184 0.31283536553382874 509
1780864409186 0.4569181501865387 510
1780864409189 0.36243870854377747 511
1780864409192 0.2923927307128906 512
1780864409194 0.2631930112838745 513
1780864409197 0.40668627619743347 514
1780864409199 0.37360095977783203 515
1780864409202 0.3449394106864929 516
1780864409204 0.505678653717041 517
1780864409207 0.4235425889492035 518
1780864409209 0.4264914393424988 519
1780864409212 0.31199324131011963 520
1780864409215 0.35997262597084045 521
1780864409218 0.296553373336792 522
1780864409220 0.49918532371520996 523
1780864409222 0.4597018361091614 524
1780864409225 0.23492172360420227 525
1780864409227 0.27280327677726746 526
1780864409230 0.32795336842536926 527
1780864409232 0.5271831750869751 528
1780864409235 0.2639683485031128 529
1780864409238 0.4276520311832428 530
1780864409240 0.5172679424285889 531
1780864409242 0.4830136001110077 532
1780864409245 0.5462545156478882 533
1780864409248 0.3715224266052246 534
1780864409250 0.6193941235542297 535
1780864409253 0.38837698101997375 536
1780864409255 0.3889114260673523 537
1780864409257 0.3421850800514221 538
1780864409260 0.3908146619796753 539
1780864409262 0.4245782196521759 540
1780864409265 0.25284868478775024 541
1780864409267 0.2749105989933014 542
1780864409270 0.47211912274360657 543
1780864409272 0.44463106989860535 544
1780864409275 0.39621493220329285 545
1780864409277 0.5013598799705505 546
1780864409279 0.31730809807777405 547
1780864409282 0.3053431808948517 548
1780864409285 0.37607717514038086 549
1780864409287 0.3755185604095459 550
1780864409289 0.5541539788246155 551
1780864409292 0.5299656391143799 552
1780864409295 0.41179782152175903 553
1780864409297 0.6156505346298218 554
1780864409300 0.18130181729793549 555
1780864409302 0.3266187310218811 556
1780864409305 0.2129807472229004 557
1780864409307 0.4080139696598053 558
1780864409310 0.5469822883605957 559
1780864409313 0.31841737031936646 560
1780864409315 0.2875455319881439 561
1780864409317 0.3529971241950989 562
1780864409320 0.2312922477722168 563
1780864409322 0.3266748785972595 564
1780864409325 0.49344581365585327 565
1780864409328 0.4021669924259186 566
1780864409331 0.25152263045310974 567
1780864409333 0.3020108640193939 568
1780864409336 0.6058118343353271 569
1780864409338 0.44708722829818726 570
1780864409341 0.42675095796585083 571
1780864409343 0.42950865626335144 572
1780864409346 0.34867221117019653 573
1780864409349 0.3546268045902252 574
1780864409351 0.36198848485946655 575
1780864409353 0.258830189704895 576
1780864409356 0.47202736139297485 577
1780864409358 0.2626526355743408 578
1780864409361 0.45241695642471313 579
1780864409364 0.3707222044467926 580
1780864409366 0.3322243094444275 581
1780864409368 0.22962558269500732 582
1780864409371 0.35024493932724 583
1780864409373 0.321122407913208 584
1780864409376 0.6593064665794373 585
1780864409379 0.4258407652378082 586
1780864409381 0.47370004653930664 587
1780864409384 0.46670281887054443 588
1780864409386 0.2982044816017151 589
1780864409389 0.46683329343795776 590
1780864409391 0.2365686595439911 591
1780864409394 0.2992545962333679 592
1780864409397 0.28531694412231445 593
1780864409400 0.472072958946228 594
1780864409402 0.40587568283081055 595
1780864409405 0.52232825756073 596
1780864409407 0.3720266819000244 597
1780864409410 0.2353893220424652 598
1780864409412 0.3655654489994049 599
1780864409415 0.36784374713897705 600
1780864409417 0.216165229678154 601
1780864409420 0.35046282410621643 602
1780864409422 0.46019747853279114 603
1780864409425 0.35892704129219055 604
1780864409428 0.2970845401287079 605
1780864409430 0.4335804581642151 606
1780864409433 0.23013336956501007 607
1780864409435 0.3486737310886383 608
1780864409438 0.3082227110862732 609
1780864409441 0.40868279337882996 610
1780864409443 0.36743804812431335 611
1780864409446 0.3548988997936249 612
1780864409448 0.2401130199432373 613
1780864409451 0.4937218129634857 614
1780864409454 0.3007195293903351 615
1780864409456 0.3634161949157715 616
1780864409459 0.43456071615219116 617
1780864409462 0.61439448595047 618
1780864409464 0.6165015697479248 619
1780864409467 0.3400615155696869 620
1780864409469 0.510750412940979 621
1780864409472 0.3148503303527832 622
1780864409476 0.26670193672180176 623
1780864409478 0.42111819982528687 624
1780864409481 0.3452189564704895 625
1780864409483 0.3413122594356537 626
1780864409486 0.5069923996925354 627
1780864409489 0.615070104598999 628
1780864409491 0.42387065291404724 629
1780864409494 0.42955029010772705 630
1780864409496 0.4674484133720398 631
1780864409499 0.26584818959236145 632
1780864409502 0.4643227159976959 633
1780864409504 0.23941972851753235 634
1780864409507 0.17999190092086792 635
1780864409509 0.3282756209373474 636
1780864409512 0.3941580057144165 637
1780864409514 0.41491013765335083 638
1780864409516 0.40400829911231995 639
1780864409519 0.3778173625469208 640
1780864409522 0.37221774458885193 641
1780864409524 0.4392479658126831 642
1780864409527 0.29545122385025024 643
1780864409529 0.37107545137405396 644
1780864409532 0.25691357254981995 645
1780864409534 0.29113832116127014 646
1780864409537 0.26981663703918457 647
1780864409540 0.29831773042678833 648
1780864409542 0.24428680539131165 649
1780864409544 0.32219216227531433 650
1780864409547 0.1759987622499466 651
1780864409550 0.363940954208374 652
1780864409552 0.35679611563682556 653
1780864409554 0.5755689740180969 654
1780864409557 0.2996769845485687 655
1780864409559 0.4146682322025299 656
1780864409562 0.3709339499473572 657
1780864409564 0.2507871985435486 658
1780864409567 0.1619296669960022 659
1780864409569 0.25524306297302246 660
1780864409572 0.49789905548095703 661
1780864409574 0.4881117343902588 662
1780864409578 0.3423476815223694 663
1780864409580 0.5372893214225769 664
1780864409582 0.23676016926765442 665
1780864409585 0.3677346110343933 666
1780864409588 0.40141624212265015 667
1780864409590 0.44625163078308105 668
1780864409593 0.39137598872184753 669
1780864409595 0.39515239000320435 670
1780864409598 0.40030398964881897 671
1780864409600 0.3226769268512726 672
1780864409604 0.503128707408905 673
1780864409606 0.26295071840286255 674
1780864409609 0.3281477093696594 675
1780864409611 0.37940463423728943 676
1780864409614 0.4734210669994354 677
1780864409617 0.25870952010154724 678
1780864409619 0.22326703369617462 679
1780864409622 0.3847264349460602 680
1780864409624 0.4801233112812042 681
1780864409626 0.3474743366241455 682
1780864409629 0.5943424105644226 683
1780864409631 0.34184685349464417 684
1780864409634 0.44305866956710815 685
1780864409636 0.3312239944934845 686
1780864409638 0.42569151520729065 687
1780864409641 0.3928799629211426 688
1780864409643 0.373947411775589 689
1780864409646 0.34690651297569275 690
1780864409649 0.5214800834655762 691
1780864409652 0.24453486502170563 692
1780864409654 0.4683193862438202 693
1780864409657 0.2805755138397217 694
1780864409659 0.39831069111824036 695
1780864409663 0.5322270393371582 696
1780864409666 0.5791987180709839 697
1780864409669 0.23092438280582428 698
1780864409671 0.3820239007472992 699
1780864409674 0.6655501127243042 700
1780864409676 0.28178703784942627 701
1780864409679 0.32405218482017517 702
1780864409681 0.29810452461242676 703
1780864409684 0.4920903444290161 704
1780864409686 0.30657410621643066 705
1780864409689 0.2849295139312744 706
1780864409692 0.23025068640708923 707
1780864409695 0.25153812766075134 708
1780864409697 0.2969028353691101 709
1780864409700 0.19143366813659668 710
1780864409704 0.40708646178245544 711
1780864409707 0.25935351848602295 712
1780864409709 0.5325584411621094 713
1780864409712 0.5314607620239258 714
1780864409714 0.371110737323761 715
1780864409717 0.5585112571716309 716
1780864409719 0.3264402449131012 717
1780864409722 0.3228985667228699 718
1780864409725 0.42894184589385986 719
1780864409727 0.20903080701828003 720
1780864409730 0.29627087712287903 721
1780864409732 0.3466384708881378 722
1780864409734 0.34610146284103394 723
1780864409737 0.5041989088058472 724
1780864409740 0.3050713837146759 725
1780864409742 0.3373638987541199 726
1780864409745 0.2979239821434021 727
1780864409747 0.3891890048980713 728
1780864409750 0.3294302821159363 729
1780864409752 0.5582269430160522 730
1780864409755 0.2584685981273651 731
1780864409758 0.5078946352005005 732
1780864409761 0.43590179085731506 733
1780864409763 0.397795706987381 734
1780864409766 0.6712430119514465 735
1780864409768 0.27820056676864624 736
1780864409771 0.27890270948410034 737
1780864409774 0.7853167057037354 738
1780864409776 0.3136822283267975 739
1780864409779 0.2624238133430481 740
1780864409781 0.7481507658958435 741
1780864409785 0.34840086102485657 742
1780864409787 0.21503271162509918 743
1780864409790 0.5391470193862915 744
1780864409793 0.5960022211074829 745
1780864409795 0.4401751458644867 746
1780864409798 0.31821566820144653 747
1780864409801 0.5779811143875122 748
1780864409803 0.49880656599998474 749
1780864409806 0.3804410994052887 750
1780864409808 0.3405259847640991 751
1780864409811 0.5570244193077087 752
1780864409813 0.6759629249572754 753
1780864409816 0.4395383596420288 754
1780864409819 0.21124839782714844 755
1780864409821 0.2818911671638489 756
1780864409824 0.2520650327205658 757
1780864409826 0.29992321133613586 758
1780864409829 0.33138954639434814 759
1780864409831 0.16876716911792755 760
1780864409834 0.40271714329719543 761
1780864409837 0.3211671710014343 762
1780864409839 0.37978672981262207 763
1780864409843 0.4070986211299896 764
1780864409846 0.2857302129268646 765
1780864409849 0.29327982664108276 766
1780864409852 0.5289862751960754 767
1780864409854 0.35430747270584106 768
1780864409857 0.37859219312667847 769
1780864409859 0.3299064040184021 770
1780864409863 0.3172038495540619 771
1780864409865 0.4574258029460907 772
1780864409868 0.5586518049240112 773
1780864409871 0.6568179130554199 774
1780864409873 0.5428181886672974 775
1780864409876 0.29714885354042053 776
1780864409878 0.27464115619659424 777
1780864409881 0.36480364203453064 778
1780864409885 0.40879592299461365 779
1780864409887 0.5197983980178833 780
1780864409890 0.36603283882141113 781
1780864409892 0.3816257119178772 782
1780864409895 0.6294660568237305 783
1780864409898 0.22014585137367249 784
1780864409901 0.38421496748924255 785
1780864409903 0.35611194372177124 786
1780864409906 0.4534582495689392 787
1780864409908 0.4757184386253357 788
1780864409911 0.3623923063278198 789
1780864409914 0.35782235860824585 790
1780864409917 0.5371496677398682 791
1780864409919 0.3957103490829468 792
1780864409922 0.32388800382614136 793
1780864409924 0.2817566394805908 794
1780864409927 0.2616228461265564 795
1780864409930 0.3032686710357666 796
1780864409934 0.3571684956550598 797
1780864409937 0.23010404407978058 798
1780864409940 0.4289761483669281 799
1780864409943 0.45995619893074036 800
1780864409946 0.46655431389808655 801
1780864409949 0.2072344720363617 802
1780864409952 0.3960958421230316 803
1780864409954 0.35330691933631897 804
1780864409957 0.24427354335784912 805
1780864409960 0.2772814929485321 806
1780864409963 0.23886772990226746 807
1780864409966 0.2808661162853241 808
1780864409968 0.39470845460891724 809
1780864409971 0.20204530656337738 810
1780864409973 0.3553180694580078 811
1780864409976 0.2632504105567932 812
1780864409979 0.27592599391937256 813
1780864409982 0.2678408622741699 814
1780864409984 0.3178541660308838 815
1780864409987 0.25270944833755493 816
1780864409990 0.33556947112083435 817
1780864409992 0.6435221433639526 818
1780864409995 0.2660728693008423 819
1780864409997 0.5814103484153748 820
1780864410000 0.30002743005752563 821
1780864410003 0.3540761172771454 822
1780864410005 0.46177467703819275 823
1780864410008 0.18837639689445496 824
1780864410010 0.5196212530136108 825
1780864410013 0.3449249267578125 826
1780864410016 0.2349376082420349 827
1780864410018 0.48408451676368713 828
1780864410021 0.46820491552352905 829
1780864410023 0.5571416020393372 830
1780864410026 0.2876770496368408 831
1780864410029 0.3715095520019531 832
1780864410031 0.3490844666957855 833
1780864410034 0.2603885233402252 834
1780864410037 0.5894402265548706 835
1780864410039 0.4091862142086029 836
1780864410042 0.5233034491539001 837
1780864410045 0.2829127311706543 838
1780864410048 0.3374747633934021 839
1780864410050 0.49469050765037537 840
1780864410053 0.21068379282951355 841
1780864410055 0.16698475182056427 842
1780864410059 0.6115363240242004 843
1780864410062 0.21407550573349 844
1780864410065 0.22979173064231873 845
1780864410068 0.2669512629508972 846
1780864410071 0.26874876022338867 847
1780864410075 0.25879114866256714 848
1780864410079 0.39301854372024536 849
1780864410082 0.39054709672927856 850
1780864410085 0.2332639843225479 851
1780864410088 0.5999069809913635 852
1780864410092 0.28880229592323303 853
1780864410095 0.24202358722686768 854
1780864410100 0.2816570997238159 855
1780864410103 0.24051271378993988 856
1780864410106 0.33801475167274475 857
1780864410110 0.2517896890640259 858
1780864410113 0.41649532318115234 859
1780864410117 0.3930073380470276 860
1780864410120 0.5181998610496521 861
1780864410123 0.48826223611831665 862
1780864410126 0.3027839958667755 863
1780864410129 0.331788033246994 864
1780864410132 0.45113617181777954 865
1780864410134 0.2506375312805176 866
1780864410137 0.4328407645225525 867
1780864410140 0.32473352551460266 868
1780864410145 0.6406235694885254 869
1780864410147 0.33813709020614624 870
1780864410150 0.31568676233291626 871
1780864410153 0.172983780503273 872
1780864410156 0.3038156032562256 873
1780864410160 0.2931811213493347 874
1780864410163 0.40993058681488037 875
1780864410166 0.3865315914154053 876
1780864410170 0.2465939074754715 877
1780864410173 0.4539952874183655 878
1780864410175 0.3937342166900635 879
1780864410179 0.27312391996383667 880
1780864410182 0.4198431372642517 881
1780864410185 0.43933460116386414 882
1780864410187 0.32769501209259033 883
1780864410190 0.39141732454299927 884
1780864410194 0.3735353648662567 885
1780864410198 0.3387009799480438 886
1780864410201 0.23246456682682037 887
1780864410204 0.22885647416114807 888
1780864410207 0.4587668776512146 889
1780864410210 0.2279650717973709 890
1780864410213 0.4562545120716095 891
1780864410216 0.2827460467815399 892
1780864410219 0.4065565764904022 893
1780864410222 0.20876125991344452 894
1780864410226 0.3599308729171753 895
1780864410229 0.4973317086696625 896
1780864410232 0.2814531624317169 897
1780864410235 0.5741205215454102 898
1780864410238 0.36002442240715027 899
1780864410240 0.3779312074184418 900
1780864410244 0.2836121618747711 901
1780864410247 0.4424307346343994 902
1780864410250 0.7069630026817322 903
1780864410253 0.2933661937713623 904
1780864410256 0.3268115520477295 905
1780864410259 0.26203933358192444 906
1780864410262 0.5253203511238098 907
1780864410265 0.2651354968547821 908
1780864410269 0.3230116367340088 909
1780864410272 0.3491309583187103 910
1780864410275 0.6423403024673462 911
1780864410278 0.3219541311264038 912
1780864410281 0.34601855278015137 913
1780864410284 0.2703659236431122 914
1780864410287 0.3431739807128906 915
1780864410290 0.45964086055755615 916
1780864410293 0.2252516895532608 917
1780864410296 0.285670667886734 918
1780864410299 0.8473918437957764 919
1780864410301 0.4770042300224304 920
1780864410306 0.37324732542037964 921
1780864410309 0.2569592297077179 922
1780864410313 0.4724864363670349 923
1780864410315 0.3815241754055023 924
1780864410319 0.23483213782310486 925
1780864410322 0.4973253607749939 926
1780864410325 0.4408283829689026 927
1780864410328 0.3336084187030792 928
1780864410331 0.34385204315185547 929
1780864410334 0.2508474886417389 930
1780864410337 0.16799110174179077 931
1780864410340 0.4975953996181488 932
1780864410344 0.30641382932662964 933
1780864410348 0.24236944317817688 934
1780864410351 0.287415087223053 935
1780864410354 0.5392981767654419 936
1780864410537 0.395937442779541 937
1780864410541 0.34890010952949524 938
1780864410545 0.32988250255584717 939
1780864410549 0.5226770043373108 940
1780864410552 0.3999638259410858 941
1780864410556 0.36418381333351135 942
1780864410559 0.4766518771648407 943
1780864410563 0.31677502393722534 944
1780864410566 0.48340511322021484 945
1780864410569 0.4771661162376404 946
1780864410573 0.39326241612434387 947
1780864410576 0.5947461724281311 948
1780864410580 0.26184436678886414 949
1780864410582 0.2831627428531647 950
1780864410585 0.4241286516189575 951
1780864410589 0.33261916041374207 952
1780864410592 0.48218467831611633 953
1780864410595 0.39306724071502686 954
1780864410599 0.3104068338871002 955
1780864410602 0.2742913067340851 956
1780864410605 0.5486769676208496 957
1780864410609 0.19663909077644348 958
1780864410612 0.48662570118904114 959
1780864410616 0.3503630757331848 960
1780864410619 0.47094443440437317 961
1780864410621 0.15300747752189636 962
1780864410624 0.33689478039741516 963
1780864410627 0.32306692004203796 964
1780864410629 0.16809652745723724 965
1780864410632 0.3854692578315735 966
1780864410635 0.29000961780548096 967
1780864410637 0.4574168026447296 968
1780864410642 0.3354854881763458 969
1780864410644 0.3780739903450012 970
1780864410648 0.3835524022579193 971
1780864410651 0.40855082869529724 972
1780864410655 0.47190049290657043 973
1780864410659 0.16472545266151428 974
1780864410662 0.309425413608551 975
1780864410665 0.12452536821365356 976
1780864410669 0.2169373333454132 977
1780864410672 0.21399220824241638 978
1780864410675 0.38758236169815063 979
1780864410679 0.6136151552200317 980
1780864410683 0.6046130061149597 981
1780864410686 0.32714927196502686 982
1780864410689 0.5090091824531555 983
1780864410692 0.27518579363822937 984
1780864410696 0.3303607404232025 985
1780864410699 0.3995688259601593 986
1780864410702 0.2870669662952423 987
1780864410706 0.49594616889953613 988
1780864410710 0.15687422454357147 989
1780864410713 0.16333824396133423 990
1780864410716 0.34205737709999084 991
1780864410720 0.33386868238449097 992
1780864410722 0.3410496115684509 993
1780864410725 0.3369286060333252 994
1780864410728 0.24729683995246887 995
1780864410731 0.35137632489204407 996
1780864410733 0.28450271487236023 997
1780864410736 0.31230470538139343 998
1780864410739 0.3973858058452606 999
1780864410742 0.47760897874832153 1000
1780864410744 0.2584495544433594 1001
1780864410748 0.18605583906173706 1002
1780864410752 0.189124196767807 1003
1780864410755 0.3383788466453552 1004
1780864410757 0.2370036393404007 1005
1780864410760 0.4493907690048218 1006
1780864410763 0.5769926905632019 1007
1780864410766 0.49081021547317505 1008
1780864410769 0.37612083554267883 1009
1780864410772 0.4317370653152466 1010
1780864410775 0.2535479664802551 1011
1780864410779 0.30576983094215393 1012
1780864410782 0.14155153930187225 1013
1780864410785 0.2874875068664551 1014
1780864410790 0.3486844599246979 1015
1780864410793 0.3286246955394745 1016
1780864410795 0.41397109627723694 1017
1780864410798 0.28099799156188965 1018
1780864410801 0.3604840338230133 1019
1780864410805 0.2406107485294342 1020
1780864410807 0.17634418606758118 1021
1780864410810 0.4082934856414795 1022
1780864410814 0.39778995513916016 1023
1780864410817 0.6396464705467224 1024
1780864410821 0.38713693618774414 1025
1780864410824 0.33297213912010193 1026
1780864410827 0.24357059597969055 1027
1780864410829 0.2541261315345764 1028
1780864410833 0.16737347841262817 1029
1780864410836 0.3229941725730896 1030
1780864410839 0.35304975509643555 1031
1780864410841 0.399032860994339 1032
1780864410844 0.37279653549194336 1033
1780864410847 0.2582316994667053 1034
1780864410850 0.27297359704971313 1035
1780864410853 0.31123724579811096 1036
1780864410857 0.3562626242637634 1037
1780864410859 0.33720114827156067 1038
1780864410862 0.25278180837631226 1039
1780864410866 0.4175001084804535 1040
1780864410869 0.3065377473831177 1041
1780864410872 0.13413210213184357 1042
1780864410875 0.4482199549674988 1043
1780864410879 0.5682666301727295 1044
1780864410882 0.27690088748931885 1045
1780864410886 0.24409423768520355 1046
1780864410889 0.2849080264568329 1047
1780864410892 0.3303474485874176 1048
1780864410895 0.36130213737487793 1049
1780864410898 0.3680865168571472 1050
1780864410902 0.40060117840766907 1051
1780864410905 0.3146366775035858 1052
1780864410908 0.37147149443626404 1053
1780864410911 0.18317578732967377 1054
1780864410914 0.27830833196640015 1055
1780864410918 0.4210679233074188 1056
1780864410922 0.37351489067077637 1057
1780864410925 0.4351658821105957 1058
1780864410928 0.30516162514686584 1059
1780864410930 0.4881300628185272 1060
1780864410933 0.4729069471359253 1061
1780864410937 0.301332950592041 1062
1780864410940 0.44755417108535767 1063
1780864410944 0.4557882845401764 1064
1780864410947 0.3078136444091797 1065
1780864410950 0.2737787961959839 1066
1780864410953 0.2761063277721405 1067
1780864410956 0.48691436648368835 1068
1780864410959 0.29587599635124207 1069
1780864410962 0.23485210537910461 1070
1780864410965 0.39089128375053406 1071
1780864410969 0.38281935453414917 1072
1780864410972 0.6998600959777832 1073
1780864410974 0.4168260097503662 1074
1780864410978 0.18553632497787476 1075
1780864410981 0.40744978189468384 1076
1780864410984 0.6568126678466797 1077
1780864410987 0.24213840067386627 1078
1780864410990 0.507495641708374 1079
1780864410992 0.1889389604330063 1080
1780864410995 0.308508038520813 1081
1780864410999 0.304238885641098 1082
1780864411002 0.3625260889530182 1083
1780864411005 0.4030461609363556 1084
1780864411007 0.4208833575248718 1085
1780864411011 0.2971200942993164 1086
1780864411014 0.3283044695854187 1087
1780864411017 0.30920058488845825 1088
1780864411020 0.34752219915390015 1089
1780864411023 0.25954127311706543 1090
1780864411025 0.443687379360199 1091
1780864411029 0.30986833572387695 1092
1780864411032 0.383141428232193 1093
1780864411037 0.21944573521614075 1094
1780864411040 0.39687713980674744 1095
1780864411043 0.24092815816402435 1096
1780864411047 0.453098863363266 1097
1780864411050 0.39733272790908813 1098
1780864411053 0.2078266590833664 1099
1780864411057 0.5588952898979187 1100
1780864411060 0.5227717757225037 1101
1780864411063 0.43112844228744507 1102
1780864411066 0.24036099016666412 1103
1780864411070 0.2961582541465759 1104
1780864411073 0.2256653755903244 1105
1780864411076 0.42785730957984924 1106
1780864411078 0.2879633605480194 1107
1780864411081 0.47056642174720764 1108
1780864411086 0.3356102406978607 1109
1780864411089 0.33770063519477844 1110
1780864411092 0.28680357336997986 1111
1780864411096 0.31818175315856934 1112
1780864411099 0.5284346342086792 1113
1780864411102 0.3731572926044464 1114
1780864411106 0.43200135231018066 1115
1780864411109 0.3187945783138275 1116
1780864411112 0.29134461283683777 1117
1780864411115 0.4777301251888275 1118
1780864411118 0.182653546333313 1119
1780864411121 0.12873700261116028 1120
1780864411124 0.19455310702323914 1121
1780864411127 0.33868056535720825 1122
1780864411130 0.30618816614151 1123
1780864411134 0.2066059559583664 1124
1780864411137 0.22031237185001373 1125
1780864411141 0.4958881437778473 1126
1780864411145 0.43125391006469727 1127
1780864411147 0.4217568039894104 1128
1780864411150 0.47976937890052795 1129
1780864411153 0.20760990679264069 1130
1780864411156 0.3307301998138428 1131
1780864411158 0.48595309257507324 1132
1780864411161 0.2917175590991974 1133
1780864411163 0.38594403862953186 1134
1780864411166 0.29833555221557617 1135
1780864411169 0.2608187198638916 1136
1780864411171 0.3509542644023895 1137
1780864411174 0.4416801631450653 1138
1780864411177 0.33582013845443726 1139
1780864411180 0.45217886567115784 1140
1780864411182 0.2132323831319809 1141
1780864411185 0.29240643978118896 1142
1780864411188 0.3897714614868164 1143
1780864411191 0.3694840371608734 1144
1780864411193 0.27734142541885376 1145
1780864411196 0.22319039702415466 1146
1780864411200 0.3912559449672699 1147
1780864411203 0.3970890939235687 1148
1780864411206 0.48419898748397827 1149
1780864411208 0.3021109998226166 1150
1780864411211 0.19142723083496094 1151
1780864411214 0.2641622722148895 1152
1780864411217 0.46266910433769226 1153
1780864411220 0.22450385987758636 1154
1780864411222 0.27836254239082336 1155
1780864411225 0.5269967913627625 1156
1780864411228 0.4441818296909332 1157
1780864411230 0.3041379153728485 1158
1780864411234 0.4140566885471344 1159
1780864411238 0.48021116852760315 1160
1780864411241 0.49877241253852844 1161
1780864411245 0.5080344080924988 1162
1780864411248 0.19609762728214264 1163
1780864411251 0.423936665058136 1164
1780864411254 0.2034994512796402 1165
1780864411256 0.2272091656923294 1166
1780864411259 0.17052844166755676 1167
1780864411262 0.3023737967014313 1168
1780864411265 0.37737834453582764 1169
1780864411268 0.19592012465000153 1170
1780864411270 0.35742419958114624 1171
1780864411273 0.22113995254039764 1172
1780864411275 0.3768622577190399 1173
1780864411278 0.38067933917045593 1174
1780864411281 0.3083702325820923 1175
1780864411283 0.3355257213115692 1176
1780864411286 0.23332035541534424 1177
1780864411289 0.3595188856124878 1178
1780864411291 0.392855703830719 1179
1780864411294 0.29184961318969727 1180
1780864411298 0.20223785936832428 1181
1780864411300 0.4134421646595001 1182
1780864411303 0.43032780289649963 1183
1780864411306 0.531198263168335 1184
1780864411309 0.3048418164253235 1185
1780864411312 0.28090202808380127 1186
1780864411314 0.2908085286617279 1187
1780864411317 0.2692521810531616 1188
1780864411319 0.27722200751304626 1189
1780864411322 0.2770799398422241 1190
1780864411324 0.3469078540802002 1191
1780864411327 0.2786162197589874 1192
1780864411330 0.3254905939102173 1193
1780864411332 0.25581854581832886 1194
1780864411335 0.2839653193950653 1195
1780864411338 0.24132302403450012 1196
1780864411340 0.23030921816825867 1197
1780864411343 0.5841986536979675 1198
1780864411345 0.363040030002594 1199
1780864411348 0.6205070614814758 1200
1780864411351 0.4375706911087036 1201
1780864411353 0.39708927273750305 1202
1780864411356 0.6523984670639038 1203
1780864411359 0.2838191092014313 1204
1780864411361 0.39457741379737854 1205
1780864411364 0.4625001549720764 1206
1780864411367 0.2887142598628998 1207
1780864411369 0.2295324206352234 1208
1780864411372 0.2611359655857086 1209
1780864411374 0.3385911285877228 1210
1780864411377 0.20794613659381866 1211
1780864411379 0.5853659510612488 1212
1780864411382 0.34557944536209106 1213
1780864411385 0.372354656457901 1214
1780864411388 0.2968091666698456 1215
1780864411390 0.16667479276657104 1216
1780864411393 0.27563926577568054 1217
1780864411395 0.1690952479839325 1218
1780864411398 0.2882000803947449 1219
1780864411401 0.40279150009155273 1220
1780864411404 0.3836759924888611 1221
1780864411407 0.32912471890449524 1222
1780864411410 0.2852250933647156 1223
1780864411412 0.24716167151927948 1224
1780864411415 0.46015214920043945 1225
1780864411417 0.3319152593612671 1226
1780864411420 0.454159140586853 1227
1780864411422 0.3764055669307709 1228
1780864411425 0.552480936050415 1229
1780864411428 0.19110694527626038 1230
1780864411430 0.40171846747398376 1231
1780864411433 0.42160406708717346 1232
1780864411436 0.2602410614490509 1233
1780864411438 0.2980335056781769 1234
1780864411441 0.5007945895195007 1235
1780864411444 0.2434355467557907 1236
1780864411446 0.2653508484363556 1237
1780864411449 0.24103930592536926 1238
1780864411452 0.42453327775001526 1239
1780864411454 0.4557000994682312 1240
1780864411457 0.37892332673072815 1241
1780864411459 0.33731716871261597 1242
1780864411462 0.2833021581172943 1243
1780864411465 0.3219837546348572 1244
1780864411468 0.29414018988609314 1245
1780864411471 0.46135735511779785 1246
1780864411474 0.23198285698890686 1247
1780864411476 0.2898431718349457 1248
1780864411479 0.3197539150714874 1249
1780864411482 0.28662848472595215 1250
1780864411485 0.19084005057811737 1251
1780864411487 0.3561736047267914 1252
1780864411490 0.3725496530532837 1253
1780864411492 0.2750578820705414 1254
1780864411495 0.32399067282676697 1255
1780864411498 0.47846880555152893 1256
1780864411500 0.4376480281352997 1257
1780864411503 0.17994248867034912 1258
1780864411505 0.507022500038147 1259
1780864411508 0.30779871344566345 1260
1780864411511 0.3375380039215088 1261
1780864411513 0.22457543015480042 1262
1780864411516 0.2558346688747406 1263
1780864411518 0.277809202671051 1264
1780864411521 0.2609860301017761 1265
1780864411523 0.2770855128765106 1266
1780864411527 0.5359836220741272 1267
1780864411530 0.37638476490974426 1268
1780864411533 0.20927348732948303 1269
1780864411536 0.15371446311473846 1270
1780864411538 0.28971007466316223 1271
1780864411541 0.582263708114624 1272
1780864411543 0.3912726938724518 1273
1780864411546 0.3625779449939728 1274
1780864411549 0.43306607007980347 1275
1780864411551 0.4156736731529236 1276
1780864411554 0.5378934741020203 1277
1780864411556 0.535733699798584 1278
1780864411559 0.45739009976387024 1279
1780864411562 0.38671958446502686 1280
1780864411565 0.35167476534843445 1281
1780864411568 0.308498740196228 1282
1780864411570 0.5996407866477966 1283
1780864411573 0.16671428084373474 1284
1780864411575 0.46645355224609375 1285
1780864411578 0.2781601548194885 1286
1780864411581 0.38859954476356506 1287
1780864411583 0.4529240131378174 1288
1780864411586 0.3503057360649109 1289
1780864411588 0.286800742149353 1290
1780864411591 0.21488656103610992 1291
1780864411594 0.3421992361545563 1292
1780864411597 0.18789136409759521 1293
1780864411600 0.3757667541503906 1294
1780864411604 0.4439705014228821 1295
1780864411606 0.29039236903190613 1296
1780864411609 0.5981376767158508 1297
1780864411611 0.3148641884326935 1298
1780864411614 0.14690715074539185 1299
1780864411616 0.4714002311229706 1300
1780864411619 0.30152085423469543 1301
1780864411622 0.2794136106967926 1302
1780864411624 0.21099230647087097 1303
1780864411627 0.37533676624298096 1304
1780864411630 0.406726211309433 1305
1780864411632 0.40866023302078247 1306
1780864411635 0.15947502851486206 1307
1780864411637 0.4365618824958801 1308
1780864411640 0.5692421197891235 1309
1780864411642 0.3388328552246094 1310
1780864411645 0.1432584971189499 1311
1780864411647 0.28062254190444946 1312
1780864411652 0.2953750193119049 1313
1780864411655 0.326134592294693 1314
1780864411658 0.2918248474597931 1315
1780864411661 0.29631876945495605 1316
1780864411664 0.24139705300331116 1317
1780864411667 0.3235867917537689 1318
1780864411669 0.3080771267414093 1319
1780864411672 0.24886415898799896 1320
1780864411674 0.5189073085784912 1321
1780864411677 0.5519967079162598 1322
1780864411680 0.3346421420574188 1323
1780864411682 0.18189039826393127 1324
1780864411685 0.2765427231788635 1325
1780864411688 0.15360449254512787 1326
1780864411691 0.2537236213684082 1327
1780864411693 0.34282806515693665 1328
1780864411696 0.20557110011577606 1329
1780864411699 0.17469947040081024 1330
1780864411703 0.4697727560997009 1331
1780864411705 0.20281049609184265 1332
1780864411708 0.3379889726638794 1333
1780864411710 0.39912736415863037 1334
1780864411713 0.37055930495262146 1335
1780864411716 0.4586220681667328 1336
1780864411719 0.3148810565471649 1337
1780864411721 0.3655111789703369 1338
1780864411723 0.3632546663284302 1339
1780864411726 0.2409002035856247 1340
1780864411729 0.47345593571662903 1341
1780864411732 0.38048055768013 1342
1780864411735 0.4831203818321228 1343
1780864411738 0.2599753737449646 1344
1780864411740 0.2782624661922455 1345
1780864411743 0.2267192304134369 1346
1780864411745 0.4028056859970093 1347
1780864411748 0.5894755125045776 1348
1780864411751 0.24395862221717834 1349
1780864411753 0.44781386852264404 1350
1780864411756 0.2156466692686081 1351
1780864411758 0.44453519582748413 1352
1780864411761 0.520629346370697 1353
1780864411764 0.32200562953948975 1354
1780864411767 0.4505579471588135 1355
1780864411770 0.28874361515045166 1356
1780864411772 0.3254050016403198 1357
1780864411775 0.2053038328886032 1358
1780864411777 0.34727150201797485 1359
1780864411780 0.4295934736728668 1360
1780864411782 0.3307088613510132 1361
1780864411785 0.37440669536590576 1362
1780864411787 0.3764289617538452 1363
1780864411790 0.4214538633823395 1364
1780864411793 0.33041802048683167 1365
1780864411796 0.5113398432731628 1366
1780864411798 0.37947705388069153 1367
1780864411801 0.31451162695884705 1368
1780864411803 0.35946884751319885 1369
1780864411806 0.4726746082305908 1370
1780864411808 0.26162606477737427 1371
1780864411811 0.3158789873123169 1372
1780864411813 0.2753504514694214 1373
1780864411816 0.23845411837100983 1374
1780864411818 0.266941100358963 1375
1780864411821 0.4473353922367096 1376
1780864411823 0.2576915919780731 1377
1780864411826 0.2892144024372101 1378
1780864411829 0.4553757607936859 1379
1780864411832 0.433881551027298 1380
1780864411834 0.25082358717918396 1381
1780864411837 0.37476179003715515 1382
1780864411839 0.32350441813468933 1383
1780864411842 0.28173336386680603 1384
1780864411845 0.28051355481147766 1385
1780864411847 0.6304726600646973 1386
1780864411850 0.6235264539718628 1387
1780864411852 0.3964862525463104 1388
1780864411855 0.24987269937992096 1389
1780864411858 0.40539196133613586 1390
1780864411860 0.24363945424556732 1391
1780864411863 0.34641632437705994 1392
1780864411865 0.23887473344802856 1393
1780864411868 0.2789354920387268 1394
1780864411871 0.43874481320381165 1395
1780864411873 0.3391193151473999 1396
1780864411876 0.39433038234710693 1397
1780864411879 0.3110412657260895 1398
1780864411881 0.3704031705856323 1399
1780864411884 0.32713693380355835 1400
1780864411887 0.2843625843524933 1401
1780864411891 0.511163592338562 1402
1780864411893 0.22529947757720947 1403
1780864411896 0.4357510507106781 1404
1780864411898 0.2636241316795349 1405
1780864411901 0.34949690103530884 1406
1780864411903 0.17287671566009521 1407
1780864411907 0.40403392910957336 1408
1780864411910 0.1909160017967224 1409
1780864411912 0.12608622014522552 1410
1780864411915 0.28881746530532837 1411
1780864411917 0.47833073139190674 1412
1780864411920 0.29015451669692993 1413
1780864411922 0.32633835077285767 1414
1780864411925 0.26092877984046936 1415
1780864411928 0.3170739412307739 1416
1780864411931 0.3106784224510193 1417
1780864411933 0.30535924434661865 1418
1780864411936 0.35263392329216003 1419
1780864411939 0.4292714595794678 1420
1780864411942 0.43281030654907227 1421
1780864411944 0.22653768956661224 1422
1780864411947 0.2626012861728668 1423
1780864411951 0.25787046551704407 1424
1780864411954 0.4841834604740143 1425
1780864411956 0.3330303728580475 1426
1780864411959 0.22279991209506989 1427
1780864411963 0.3447352945804596 1428
1780864411967 0.26544031500816345 1429
1780864411970 0.2668510377407074 1430
1780864411975 0.12471021711826324 1431
1780864411978 0.32151517271995544 1432
1780864411981 0.32190173864364624 1433
1780864411984 0.29671984910964966 1434
1780864411987 0.33143287897109985 1435
1780864411990 0.5423197150230408 1436
1780864411993 0.383402019739151 1437
1780864411996 0.2272702306509018 1438
1780864411999 0.3431525230407715 1439
1780864412002 0.30154505372047424 1440
1780864412004 0.3618323802947998 1441
1780864412007 0.2829245328903198 1442
1780864412009 0.31302329897880554 1443
1780864412012 0.2684084177017212 1444
1780864412015 0.3058919906616211 1445
1780864412017 0.2881045639514923 1446
1780864412020 0.18923033773899078 1447
1780864412024 0.3382120132446289 1448
1780864412027 0.36758896708488464 1449
1780864412030 0.3572293221950531 1450
1780864412032 0.3222867250442505 1451
1780864412035 0.5482697486877441 1452
1780864412037 0.3296842575073242 1453
1780864412041 0.3484376072883606 1454
1780864412043 0.28375717997550964 1455
1780864412046 0.33241456747055054 1456
1780864412048 0.3223443031311035 1457
1780864412051 0.3231215476989746 1458
1780864412053 0.3526206910610199 1459
1780864412056 0.217426136136055 1460
1780864412059 0.23757731914520264 1461
1780864412061 0.23859111964702606 1462
1780864412064 0.16531632840633392 1463
1780864412066 0.32638320326805115 1464
1780864412069 0.37311655282974243 1465
1780864412071 0.6438422203063965 1466
1780864412074 0.3508329689502716 1467
1780864412076 0.5474315285682678 1468
1780864412079 0.16390790045261383 1469
1780864412081 0.18029624223709106 1470
1780864412084 0.15736545622348785 1471
1780864412086 0.17079567909240723 1472
1780864412089 0.3082462251186371 1473
1780864412092 0.4235903024673462 1474
1780864412095 0.2998006045818329 1475
1780864412097 0.24893371760845184 1476
1780864412100 0.19125841557979584 1477
1780864412103 0.4927241802215576 1478
1780864412105 0.3896743953227997 1479
1780864412108 0.3542715013027191 1480
1780864412110 0.5109682083129883 1481
1780864412113 0.5237990021705627 1482
1780864412116 0.29272332787513733 1483
1780864412118 0.28459054231643677 1484
1780864412121 0.4309554994106293 1485
1780864412123 0.27623406052589417 1486
1780864412126 0.4289068281650543 1487
1780864412129 0.29659056663513184 1488
1780864412131 0.4202752113342285 1489
1780864412134 0.329500675201416 1490
1780864412136 0.20626327395439148 1491
1780864412139 0.4263380467891693 1492
1780864412142 0.34999504685401917 1493
1780864412144 0.19512657821178436 1494
1780864412147 0.410523384809494 1495
1780864412150 0.35296615958213806 1496
1780864412153 0.3295445144176483 1497
1780864412156 0.21963359415531158 1498
1780864412158 0.18642155826091766 1499
1780864412161 0.41691234707832336 1500
1780864412163 0.23577484488487244 1501
1780864412166 0.3718931972980499 1502
1780864412169 0.2637067437171936 1503
1780864412171 0.38417690992355347 1504
1780864412174 0.34242770075798035 1505
1780864412177 0.2672841548919678 1506
1780864412180 0.42390766739845276 1507
1780864412182 0.2594994902610779 1508
1780864412185 0.24973948299884796 1509
1780864412188 0.2547774910926819 1510
1780864412191 0.39345014095306396 1511
1780864412193 0.4414951801300049 1512
1780864412196 0.32891473174095154 1513
1780864412198 0.30861952900886536 1514
1780864412201 0.6765750646591187 1515
1780864412203 0.24949653446674347 1516
1780864412206 0.1772371530532837 1517
1780864412209 0.3970063328742981 1518
1780864412211 0.2952939569950104 1519
1780864412213 0.5118403434753418 1520
1780864412216 0.319912850856781 1521
1780864412218 0.27396509051322937 1522
1780864412222 0.38555726408958435 1523
1780864412224 0.6002156138420105 1524
1780864412227 0.269470751285553 1525
1780864412229 0.33845430612564087 1526
1780864412232 0.44240453839302063 1527
1780864412234 0.48362305760383606 1528
1780864412237 0.44838109612464905 1529
1780864412241 0.34714722633361816 1530
1780864412244 0.32225409150123596 1531
1780864412246 0.26025325059890747 1532
1780864412249 0.41940271854400635 1533
1780864412251 0.19633302092552185 1534
1780864412253 0.26851704716682434 1535
1780864412256 0.25450292229652405 1536
1780864412259 0.2908845543861389 1537
1780864412262 0.3145439028739929 1538
1780864412264 0.28408005833625793 1539
1780864412266 0.35268434882164 1540
1780864412269 0.4946958124637604 1541
1780864412272 0.253524512052536 1542
1780864412274 0.09532979130744934 1543
1780864412277 0.3439849317073822 1544
1780864412280 0.42416617274284363 1545
1780864412282 0.4178808927536011 1546
1780864412285 0.3342844247817993 1547
1780864412287 0.21159039437770844 1548
1780864412290 0.45035654306411743 1549
1780864412292 0.3450221121311188 1550
1780864412295 0.22488054633140564 1551
1780864412298 0.44364219903945923 1552
1780864412300 0.3329162895679474 1553
1780864412303 0.29909828305244446 1554
1780864412305 0.27655401825904846 1555
1780864412308 0.32392802834510803 1556
1780864412311 0.21384719014167786 1557
1780864412313 0.29898256063461304 1558
1780864412315 0.379477858543396 1559
1780864412318 0.3169495165348053 1560
1780864412322 0.32561466097831726 1561
1780864412325 0.19158637523651123 1562
1780864412327 0.23992623388767242 1563
1780864412329 0.3213493227958679 1564
1780864412332 0.15774177014827728 1565
1780864412334 0.2857716381549835 1566
1780864412337 0.29895341396331787 1567
1780864412340 0.20289796590805054 1568
1780864412342 0.11249955743551254 1569
1780864412345 0.40627798438072205 1570
1780864412347 0.42404186725616455 1571
1780864412350 0.4544055163860321 1572
1780864412353 0.2022199034690857 1573
1780864412355 0.22796130180358887 1574
1780864412358 0.3142012357711792 1575
1780864412361 0.31806784868240356 1576
1780864412364 0.5870758295059204 1577
1780864412368 0.19903451204299927 1578
1780864412370 0.1367647796869278 1579
1780864412373 0.2809612452983856 1580
1780864412376 0.46275249123573303 1581
1780864412378 0.31022554636001587 1582
1780864412382 0.39911994338035583 1583
1780864412384 0.3014504313468933 1584
1780864412387 0.3027871549129486 1585
1780864412390 0.4505094885826111 1586
1780864412392 0.268449068069458 1587
1780864412395 0.5284993648529053 1588
1780864412398 0.5153120160102844 1589
1780864412400 0.17531299591064453 1590
1780864412403 0.21129435300827026 1591
1780864412405 0.2519429922103882 1592
1780864412408 0.3814619779586792 1593
1780864412411 0.3480098247528076 1594
1780864412413 0.35725581645965576 1595
1780864412416 0.2706950008869171 1596
1780864412418 0.4873683750629425 1597
1780864412421 0.23640216886997223 1598
1780864412424 0.3581927418708801 1599
1780864412426 0.46431276202201843 1600
1780864412429 0.20136983692646027 1601
1780864412432 0.513848602771759 1602
1780864412434 0.37594860792160034 1603
1780864412437 0.30538037419319153 1604
1780864412440 0.26100802421569824 1605
1780864412442 0.17703811824321747 1606
1780864412445 0.476916640996933 1607
1780864412447 0.24450282752513885 1608
1780864412450 0.17935265600681305 1609
1780864412453 0.2543328106403351 1610
1780864412455 0.2281273901462555 1611
1780864412458 0.3311784863471985 1612
1780864412461 0.24955911934375763 1613
1780864412463 0.3943387567996979 1614
1780864412466 0.4369853436946869 1615
1780864412469 0.4788159430027008 1616
1780864412472 0.3760697543621063 1617
1780864412474 0.3660440742969513 1618
1780864412477 0.49496498703956604 1619
1780864412480 0.2574005126953125 1620
1780864412482 0.2579789161682129 1621
1780864412485 0.1479083001613617 1622
1780864412488 0.32155641913414 1623
1780864412490 0.3197321891784668 1624
1780864412493 0.25170522928237915 1625
1780864412495 0.3631913959980011 1626
1780864412498 0.34097129106521606 1627
1780864412500 0.4474867880344391 1628
1780864412503 0.3391443192958832 1629
1780864412505 0.3295791447162628 1630
1780864412508 0.3657793700695038 1631
1780864412510 0.44362378120422363 1632
1780864412512 0.21208316087722778 1633
1780864412515 0.24734584987163544 1634
1780864412517 0.2871423065662384 1635
1780864412520 0.22834797203540802 1636
1780864412523 0.15087614953517914 1637
1780864412526 0.29539352655410767 1638
1780864412528 0.2240498960018158 1639
1780864412531 0.45580044388771057 1640
1780864412533 0.23227599263191223 1641
1780864412536 0.2550394833087921 1642
1780864412538 0.35755103826522827 1643
1780864412541 0.20861327648162842 1644
1780864412544 0.340192973613739 1645
1780864412547 0.5011154413223267 1646
1780864412549 0.6483996510505676 1647
1780864412552 0.29418784379959106 1648
1780864412554 0.2404254525899887 1649
1780864412557 0.18261027336120605 1650
1780864412559 0.29681795835494995 1651
1780864412562 0.48677846789360046 1652
1780864412565 0.2191324681043625 1653
1780864412568 0.20493271946907043 1654
1780864412571 0.21141883730888367 1655
1780864412573 0.2599644660949707 1656
1780864412576 0.46904629468917847 1657
1780864412579 0.4550536274909973 1658
1780864412581 0.357765793800354 1659
1780864412583 0.31796446442604065 1660
1780864412586 0.43785226345062256 1661
1780864412589 0.2504381835460663 1662
1780864412592 0.2766302227973938 1663
1780864412594 0.5125104188919067 1664
1780864412597 0.3318857252597809 1665
1780864412599 0.2959321141242981 1666
1780864412602 0.2576024830341339 1667
1780864412604 0.287096232175827 1668
1780864412607 0.24508178234100342 1669
1780864412609 0.2266520857810974 1670
1780864412612 0.2987344264984131 1671
1780864412614 0.24005857110023499 1672
1780864412617 0.455649733543396 1673
1780864412620 0.6466854214668274 1674
1780864412623 0.30957645177841187 1675
1780864412625 0.19513975083827972 1676
1780864412628 0.418310284614563 1677
1780864412630 0.25937914848327637 1678
1780864412633 0.3309735953807831 1679
1780864412636 0.25604259967803955 1680
1780864412639 0.3308736979961395 1681
1780864412642 0.3881200850009918 1682
1780864412644 0.34796950221061707 1683
1780864412647 0.5888821482658386 1684
1780864412650 0.3762630224227905 1685
1780864412653 0.19113238155841827 1686
1780864412656 0.3266935348510742 1687
1780864412659 0.5136446952819824 1688
1780864412661 0.3034307360649109 1689
1780864412664 0.21130074560642242 1690
1780864412666 0.3647024631500244 1691
1780864412669 0.24372774362564087 1692
1780864412673 0.2817439138889313 1693
1780864412676 0.3330962657928467 1694
1780864412678 0.3870115280151367 1695
1780864412681 0.2528630495071411 1696
1780864412683 0.30128899216651917 1697
1780864412686 0.36811691522598267 1698
1780864412689 0.4464690685272217 1699
1780864412692 0.3723878562450409 1700
1780864412695 0.6034972667694092 1701
1780864412697 0.27106159925460815 1702
1780864412700 0.3729328215122223 1703
1780864412703 0.28610721230506897 1704
1780864412705 0.5915573239326477 1705
1780864412708 0.34619420766830444 1706
1780864412710 0.502029538154602 1707
1780864412713 0.3408080041408539 1708
1780864412716 0.1781594455242157 1709
1780864412719 0.26427921652793884 1710
1780864412722 0.20673498511314392 1711
1780864412725 0.30094170570373535 1712
1780864412727 0.3975581228733063 1713
1780864412730 0.43499791622161865 1714
1780864412732 0.37720176577568054 1715
1780864412736 0.2545388638973236 1716
1780864412739 0.3630785644054413 1717
1780864412741 0.3431091010570526 1718
1780864412744 0.4836481213569641 1719
1780864412746 0.2090776562690735 1720
1780864412749 0.18385049700737 1721
1780864412752 0.37954726815223694 1722
1780864412755 0.30168217420578003 1723
1780864412758 0.41234123706817627 1724
1780864412761 0.4368966817855835 1725
1780864412763 0.29310378432273865 1726
1780864412766 0.30690887570381165 1727
1780864412769 0.24944736063480377 1728
1780864412772 0.2448880523443222 1729
1780864412775 0.4397161900997162 1730
1780864412778 0.19617263972759247 1731
1780864412780 0.2587890625 1732
1780864412784 0.252981036901474 1733
1780864412787 0.5179410576820374 1734
1780864412789 0.3500385880470276 1735
1780864412792 0.32933029532432556 1736
1780864412794 0.3882546126842499 1737
1780864412797 0.34631580114364624 1738
1780864412799 0.24597033858299255 1739
1780864412802 0.16351599991321564 1740
1780864412804 0.23677325248718262 1741
1780864412807 0.30152806639671326 1742
1780864412809 0.35081249475479126 1743
1780864412813 0.40031129121780396 1744
1780864412816 0.2691669464111328 1745
1780864412818 0.16264203190803528 1746
1780864412821 0.2514732778072357 1747
1780864412824 0.4674823582172394 1748
1780864412827 0.35025569796562195 1749
1780864412830 0.11962886154651642 1750
1780864412832 0.2014368176460266 1751
1780864412835 0.2227979600429535 1752
1780864412838 0.2792525887489319 1753
1780864412840 0.4361143112182617 1754
1780864412843 0.293397456407547 1755
1780864412846 0.26405036449432373 1756
1780864412849 0.1562843769788742 1757
1780864412851 0.2838829755783081 1758
1780864412854 0.39047572016716003 1759
1780864412857 0.12172891199588776 1760
1780864412860 0.16365835070610046 1761
1780864412862 0.3617999255657196 1762
1780864412865 0.15496940910816193 1763
1780864412867 0.18226952850818634 1764
1780864412870 0.40125536918640137 1765
1780864412873 0.360174298286438 1766
1780864412875 0.23025840520858765 1767
1780864412878 0.22716501355171204 1768
1780864412880 0.26785895228385925 1769
1780864412883 0.45397821068763733 1770
1780864412886 0.515698254108429 1771
1780864412888 0.2408168613910675 1772
1780864412891 0.20943477749824524 1773
1780864412893 0.389507532119751 1774
1780864412896 0.31682875752449036 1775
1780864412898 0.28581881523132324 1776
1780864412901 0.23511038720607758 1777
1780864412903 0.2884044051170349 1778
1780864412906 0.346842885017395 1779
1780864412909 0.243737131357193 1780
1780864412911 0.17709170281887054 1781
1780864412913 0.4271688461303711 1782
1780864412917 0.23793542385101318 1783
1780864412920 0.2420242577791214 1784
1780864412923 0.3267182409763336 1785
1780864412926 0.5054360628128052 1786
1780864412928 0.22724686563014984 1787
1780864412931 0.2711130380630493 1788
1780864412934 0.3906339704990387 1789
1780864412936 0.33254504203796387 1790
1780864412939 0.22314423322677612 1791
1780864412941 0.4064226746559143 1792
1780864412944 0.3029939532279968 1793
1780864412946 0.39899441599845886 1794
1780864412949 0.5305851697921753 1795
1780864412952 0.42629924416542053 1796
1780864412954 0.08792556822299957 1797
1780864412957 0.4913940131664276 1798
1780864412960 0.1828194111585617 1799
1780864412962 0.48205724358558655 1800
1780864412965 0.3245092034339905 1801
1780864412968 0.31258419156074524 1802
1780864412971 0.28444239497184753 1803
1780864412974 0.43504196405410767 1804
1780864412976 0.17614354193210602 1805
1780864412979 0.2997105121612549 1806
1780864412982 0.2807375490665436 1807
1780864412984 0.4355386793613434 1808
1780864412987 0.23699137568473816 1809
1780864412989 0.3382042348384857 1810
1780864412992 0.36220166087150574 1811
1780864412994 0.6933625936508179 1812
1780864412997 0.2945699393749237 1813
1780864413000 0.47889769077301025 1814
1780864413003 0.31982260942459106 1815
1780864413006 0.22960498929023743 1816
1780864413008 0.4906209707260132 1817
1780864413011 0.23713938891887665 1818
1780864413014 0.274719774723053 1819
1780864413016 0.27561745047569275 1820
1780864413019 0.3590623736381531 1821
1780864413021 0.28348520398139954 1822
1780864413024 0.33680108189582825 1823
1780864413028 0.30760008096694946 1824
1780864413031 0.3481777310371399 1825
1780864413033 0.3215511739253998 1826
1780864413036 0.3606645166873932 1827
1780864413039 0.3569244146347046 1828
1780864413041 0.2763902246952057 1829
1780864413044 0.2242135852575302 1830
1780864413047 0.33956000208854675 1831
1780864413050 0.22029909491539001 1832
1780864413052 0.3523820638656616 1833
1780864413055 0.23329459130764008 1834
1780864413058 0.26358696818351746 1835
1780864413060 0.15685135126113892 1836
1780864413063 0.5564457774162292 1837
1780864413066 0.2459704726934433 1838
1780864413068 0.21216727793216705 1839
1780864413071 0.2723093628883362 1840
1780864413074 0.36373573541641235 1841
1780864413076 0.4758440852165222 1842
1780864413079 0.36514514684677124 1843
1780864413082 0.449652761220932 1844
1780864413084 0.31665199995040894 1845
1780864413087 0.29545858502388 1846
1780864413090 0.3045543432235718 1847
1780864413093 0.2008470892906189 1848
1780864413096 0.257865846157074 1849
1780864413098 0.2870090901851654 1850
1780864413101 0.14981909096240997 1851
1780864413103 0.3206147849559784 1852
1780864413106 0.17649202048778534 1853
1780864413110 0.42437970638275146 1854
1780864413112 0.5437672138214111 1855
1780864413115 0.49725064635276794 1856
1780864413117 0.2596568763256073 1857
1780864413120 0.265733927488327 1858
1780864413122 0.40686944127082825 1859
1780864413125 0.2744736075401306 1860
1780864413128 0.4611402451992035 1861
1780864413130 0.2848619520664215 1862
1780864413133 0.4120281934738159 1863
1780864413135 0.26023030281066895 1864
1780864413138 0.31356364488601685 1865
1780864413140 0.27958351373672485 1866
1780864413143 0.21901656687259674 1867
1780864413145 0.367790162563324 1868
1780864413147 0.4188291132450104 1869
1780864413151 0.1661510020494461 1870
1780864413153 0.38536638021469116 1871
1780864413156 0.4537508189678192 1872
1780864413159 0.2067233771085739 1873
1780864413314 0.23523610830307007 1874
1780864413317 0.2532429099082947 1875
1780864413320 0.5008481740951538 1876
1780864413322 0.24342507123947144 1877
1780864413325 0.2945898175239563 1878
1780864413328 0.22483395040035248 1879
1780864413330 0.22505474090576172 1880
1780864413333 0.2406032532453537 1881
1780864413336 0.3270225524902344 1882
1780864413339 0.3101266026496887 1883
1780864413341 0.20167899131774902 1884
1780864413345 0.2047700434923172 1885
1780864413347 0.2691666781902313 1886
1780864413350 0.34913337230682373 1887
1780864413352 0.23517949879169464 1888
1780864413355 0.32579487562179565 1889
1780864413357 0.3212844431400299 1890
1780864413360 0.4022054672241211 1891
1780864413362 0.18499453365802765 1892
1780864413365 0.3204311728477478 1893
1780864413368 0.20667098462581635 1894
1780864413370 0.23522557318210602 1895
1780864413372 0.5491211414337158 1896
1780864413375 0.19770748913288116 1897
1780864413377 0.20751717686653137 1898
1780864413380 0.2752493619918823 1899
1780864413383 0.3922578692436218 1900
1780864413385 0.5038647651672363 1901
1780864413387 0.4260441064834595 1902
1780864413390 0.22511112689971924 1903
1780864413392 0.17109443247318268 1904
1780864413394 0.3451404571533203 1905
1780864413397 0.4968828856945038 1906
1780864413400 0.30217990279197693 1907
1780864413402 0.22992922365665436 1908
1780864413405 0.27631646394729614 1909
1780864413408 0.2550780177116394 1910
1780864413411 0.5045211315155029 1911
1780864413413 0.2864900529384613 1912
1780864413415 0.5771019458770752 1913
1780864413418 0.4539508819580078 1914
1780864413420 0.2940714657306671 1915
1780864413422 0.27877166867256165 1916
1780864413425 0.312595397233963 1917
1780864413427 0.45592930912971497 1918
1780864413430 0.37500616908073425 1919
1780864413432 0.21755725145339966 1920
1780864413435 0.16501374542713165 1921
1780864413438 0.24259531497955322 1922
1780864413440 0.277521550655365 1923
1780864413443 0.45252835750579834 1924
1780864413445 0.18220099806785583 1925
1780864413447 0.43290719389915466 1926
1780864413450 0.20077911019325256 1927
1780864413452 0.2801362872123718 1928
1780864413455 0.3313848674297333 1929
1780864413457 0.34659141302108765 1930
1780864413460 0.46203264594078064 1931
1780864413462 0.26245108246803284 1932
1780864413465 0.5824384689331055 1933
1780864413467 0.4124123752117157 1934
1780864413471 0.22099515795707703 1935
1780864413473 0.38962680101394653 1936
1780864413476 0.31973767280578613 1937
1780864413478 0.35131052136421204 1938
1780864413481 0.24380458891391754 1939
1780864413483 0.6091605424880981 1940
1780864413486 0.22281640768051147 1941
1780864413489 0.2868429124355316 1942
1780864413491 0.650650143623352 1943
1780864413494 0.16649170219898224 1944
1780864413496 0.3012228310108185 1945
1780864413499 0.18835073709487915 1946
1780864413501 0.28576672077178955 1947
1780864413504 0.1967848837375641 1948
1780864413507 0.30608537793159485 1949
1780864413509 0.3626561462879181 1950
1780864413512 0.17497357726097107 1951
1780864413514 0.3605346977710724 1952
1780864413517 0.2712668180465698 1953
1780864413520 0.573656439781189 1954
1780864413523 0.2560792565345764 1955
1780864413526 0.5450491309165955 1956
1780864413528 0.2574591338634491 1957
1780864413531 0.5830662846565247 1958
1780864413533 0.24630847573280334 1959
1780864413536 0.4100927412509918 1960
1780864413538 0.21383172273635864 1961
1780864413541 0.17349344491958618 1962
1780864413544 0.3928079903125763 1963
1780864413546 0.2288064807653427 1964
1780864413549 0.2668127715587616 1965
1780864413552 0.47613176703453064 1966
1780864413554 0.22790437936782837 1967
1780864413557 0.1528952568769455 1968
1780864413559 0.2845827043056488 1969
1780864413562 0.27000191807746887 1970
1780864413564 0.23778532445430756 1971
1780864413567 0.2762173116207123 1972
1780864413570 0.2649710476398468 1973
1780864413573 0.3300599157810211 1974
1780864413575 0.24542297422885895 1975
1780864413578 0.4820348024368286 1976
1780864413580 0.3325638771057129 1977
1780864413583 0.30624836683273315 1978
1780864413585 0.271761953830719 1979
1780864413588 0.31706205010414124 1980
1780864413590 0.3504147529602051 1981
1780864413594 0.20926113426685333 1982
1780864413596 0.33682575821876526 1983
1780864413599 0.268018513917923 1984
1780864413601 0.23265504837036133 1985
1780864413604 0.26532796025276184 1986
1780864413606 0.29916563630104065 1987
1780864413609 0.3135555684566498 1988
1780864413611 0.2953847646713257 1989
1780864413614 0.1907179206609726 1990
1780864413616 0.2939136326313019 1991
1780864413619 0.46149030327796936 1992
1780864413622 0.34049075841903687 1993
1780864413624 0.35911422967910767 1994
1780864413627 0.25434350967407227 1995
1780864413630 0.25792431831359863 1996
1780864413633 0.3494609594345093 1997
1780864413635 0.39502963423728943 1998
1780864413638 0.20851843059062958 1999
1780864413641 0.3078586161136627 2000
1780864413644 0.2762416899204254 2001
1780864413646 0.25430944561958313 2002
1780864413648 0.3144056499004364 2003
1780864413651 0.3868866562843323 2004
1780864413653 0.12680189311504364 2005
1780864413656 0.24924439191818237 2006
1780864413659 0.16850817203521729 2007
1780864413662 0.39711204171180725 2008
1780864413665 0.2190771996974945 2009
1780864413667 0.22366493940353394 2010
1780864413670 0.36172398924827576 2011
1780864413672 0.37340155243873596 2012
1780864413675 0.45675504207611084 2013
1780864413678 0.4994972348213196 2014
1780864413681 0.24121615290641785 2015
1780864413684 0.43991750478744507 2016
1780864413686 0.3221810758113861 2017
1780864413689 0.4439191520214081 2018
1780864413691 0.28216108679771423 2019
1780864413695 0.3664923310279846 2020
1780864413697 0.43196359276771545 2021
1780864413699 0.34614938497543335 2022
1780864413702 0.4068280756473541 2023
1780864413705 0.30403992533683777 2024
1780864413707 0.1710776537656784 2025
1780864413711 0.2681320905685425 2026
1780864413714 0.315261572599411 2027
1780864413716 0.26751360297203064 2028
1780864413719 0.1837519109249115 2029
1780864413722 0.24205486476421356 2030
1780864413725 0.1717689484357834 2031
1780864413728 0.3265390694141388 2032
1780864413730 0.37091654539108276 2033
1780864413733 0.2730000615119934 2034
1780864413736 0.20314349234104156 2035
1780864413739 0.3281165659427643 2036
1780864413741 0.2589055597782135 2037
1780864413744 0.3341749906539917 2038
1780864413746 0.17947296798229218 2039
1780864413749 0.37971070408821106 2040
1780864413752 0.24517342448234558 2041
1780864413754 0.29176923632621765 2042
1780864413757 0.40462303161621094 2043
1780864413760 0.37750664353370667 2044
1780864413762 0.27829107642173767 2045
1780864413765 0.5318740606307983 2046
1780864413767 0.35556095838546753 2047
1780864413770 0.4099442958831787 2048
1780864413773 0.32956641912460327 2049
1780864413776 0.3464842736721039 2050
1780864413778 0.35509365797042847 2051
1780864413781 0.29982686042785645 2052
1780864413783 0.3937831521034241 2053
1780864413786 0.23497280478477478 2054
1780864413789 0.34310436248779297 2055
1780864413791 0.35743874311447144 2056
1780864413794 0.3511578440666199 2057
1780864413796 0.4594660699367523 2058
1780864413799 0.3547794818878174 2059
1780864413802 0.4039195477962494 2060
1780864413805 0.13150441646575928 2061
1780864413808 0.2066388875246048 2062
1780864413810 0.18488271534442902 2063
1780864413813 0.28218740224838257 2064
1780864413816 0.40571942925453186 2065
1780864413819 0.3895910978317261 2066
1780864413822 0.2580236792564392 2067
1780864413825 0.3077397644519806 2068
1780864413827 0.19144876301288605 2069
1780864413830 0.2246423363685608 2070
1780864413833 0.3989517390727997 2071
1780864413835 0.1300344616174698 2072
1780864413838 0.2555672824382782 2073
1780864413841 0.1681445986032486 2074
1780864413844 0.4299831688404083 2075
1780864413847 0.2797417640686035 2076
1780864413849 0.38474977016448975 2077
1780864413853 0.25947141647338867 2078
1780864413856 0.20847737789154053 2079
1780864413859 0.2494041919708252 2080
1780864413861 0.405422568321228 2081
1780864413864 0.2648501396179199 2082
1780864413867 0.35173943638801575 2083
1780864413870 0.3932059705257416 2084
1780864413873 0.3791966140270233 2085
1780864413876 0.2998024523258209 2086
1780864413878 0.3324888348579407 2087
1780864413881 0.18558131158351898 2088
1780864413883 0.2176458239555359 2089
1780864413886 0.5022685527801514 2090
1780864413889 0.30402517318725586 2091
1780864413892 0.29404833912849426 2092
1780864413894 0.3789668083190918 2093
1780864413897 0.17218293249607086 2094
1780864413900 0.33872443437576294 2095
1780864413903 0.1961582452058792 2096
1780864413906 0.5683814883232117 2097
1780864413909 0.40004000067710876 2098
1780864413911 0.22849813103675842 2099
1780864413914 0.27447018027305603 2100
1780864413917 0.42804282903671265 2101
1780864413920 0.3896466791629791 2102
1780864413923 0.23307456076145172 2103
1780864413926 0.30282706022262573 2104
1780864413929 0.26454514265060425 2105
1780864413931 0.39116841554641724 2106
1780864413934 0.3287145793437958 2107
1780864413937 0.264860600233078 2108
1780864413940 0.44633185863494873 2109
1780864413943 0.24747490882873535 2110
1780864413945 0.4362613260746002 2111
1780864413948 0.26771652698516846 2112
1780864413951 0.29960691928863525 2113
1780864413954 0.2095889151096344 2114
1780864413957 0.22665943205356598 2115
1780864413959 0.38524580001831055 2116
1780864413962 0.09306944161653519 2117
1780864413965 0.43060439825057983 2118
1780864413968 0.2661145031452179 2119
1780864413971 0.5310983657836914 2120
1780864413973 0.16421830654144287 2121
1780864413976 0.19083672761917114 2122
1780864413980 0.35448509454727173 2123
1780864413983 0.40905627608299255 2124
1780864413986 0.3027293086051941 2125
1780864413989 0.19299253821372986 2126
1780864413992 0.39118754863739014 2127
1780864413994 0.3427514433860779 2128
1780864413997 0.3312188386917114 2129
1780864414000 0.18789826333522797 2130
1780864414003 0.3009951412677765 2131
1780864414006 0.23990179598331451 2132
1780864414010 0.2870233356952667 2133
1780864414012 0.3776312470436096 2134
1780864414015 0.22989971935749054 2135
1780864414017 0.19169476628303528 2136
1780864414020 0.14954037964344025 2137
1780864414023 0.20574164390563965 2138
1780864414025 0.43912795186042786 2139
1780864414028 0.4868937134742737 2140
1780864414031 0.2515656352043152 2141
1780864414034 0.41737982630729675 2142
1780864414037 0.1500287503004074 2143
1780864414040 0.36307111382484436 2144
1780864414042 0.25882488489151 2145
1780864414045 0.3733176589012146 2146
1780864414049 0.2470148205757141 2147
1780864414052 0.4366416335105896 2148
1780864414055 0.23577150702476501 2149
1780864414057 0.36660245060920715 2150
1780864414060 0.33696630597114563 2151
1780864414063 0.15041621029376984 2152
1780864414066 0.23164278268814087 2153
1780864414069 0.4104838967323303 2154
1780864414072 0.23252040147781372 2155
1780864414074 0.3359323740005493 2156
1780864414077 0.34530162811279297 2157
1780864414079 0.2598104178905487 2158
1780864414082 0.19104616343975067 2159
1780864414084 0.41556474566459656 2160
1780864414087 0.3480234742164612 2161
1780864414090 0.2563364803791046 2162
1780864414092 0.5012156367301941 2163
1780864414095 0.280813604593277 2164
1780864414097 0.2509150207042694 2165
1780864414100 0.2576667070388794 2166
1780864414102 0.2804092764854431 2167
1780864414105 0.2651141583919525 2168
1780864414108 0.20178380608558655 2169
1780864414110 0.28154030442237854 2170
1780864414113 0.25926485657691956 2171
1780864414115 0.15136107802391052 2172
1780864414118 0.265905499458313 2173
1780864414121 0.20955470204353333 2174
1780864414123 0.28011199831962585 2175
1780864414125 0.2720297873020172 2176
1780864414128 0.35197368264198303 2177
1780864414131 0.30647772550582886 2178
1780864414133 0.30600595474243164 2179
1780864414136 0.4529784321784973 2180
1780864414139 0.2536562979221344 2181
1780864414141 0.4159451425075531 2182
1780864414144 0.45905959606170654 2183
1780864414148 0.16791829466819763 2184
1780864414153 0.3492127060890198 2185
1780864414156 0.18689016997814178 2186
1780864414159 0.3258579969406128 2187
1780864414162 0.4401347041130066 2188
1780864414165 0.29562681913375854 2189
1780864414281 0.18407440185546875 2190
1780864414283 0.19729235768318176 2191
1780864414284 0.43321865797042847 2192
1780864414287 0.2160913497209549 2193
1780864414290 0.25171926617622375 2194
1780864414292 0.28775182366371155 2195
1780864414295 0.2896449863910675 2196
1780864414297 0.2546682357788086 2197
1780864414299 0.1386498659849167 2198
1780864414302 0.4574267268180847 2199
1780864414304 0.30732405185699463 2200
1780864414306 0.35622167587280273 2201
1780864414308 0.20326784253120422 2202
1780864414310 0.36204439401626587 2203
1780864414312 0.25799551606178284 2204
1780864414315 0.5177182555198669 2205
1780864414317 0.5266038775444031 2206
1780864414319 0.28123757243156433 2207
1780864414322 0.4729405343532562 2208
1780864414324 0.38513967394828796 2209
1780864414326 0.2360275238752365 2210
1780864414328 0.20504403114318848 2211
1780864414331 0.5633997917175293 2212
1780864414333 0.4581192433834076 2213
1780864414335 0.1669110804796219 2214
1780864414338 0.27619999647140503 2215
1780864414340 0.24126960337162018 2216
1780864414342 0.18766629695892334 2217
1780864414345 0.40227600932121277 2218
1780864414347 0.2991505563259125 2219
1780864414351 0.41897305846214294 2220
1780864414353 0.24694320559501648 2221
1780864414356 0.2682492733001709 2222
1780864414358 0.3761538863182068 2223
1780864414361 0.2567046582698822 2224
1780864414363 0.24207079410552979 2225
1780864414366 0.6151123642921448 2226
1780864414368 0.2593369483947754 2227
1780864414370 0.40610823035240173 2228
1780864414373 0.36579379439353943 2229
1780864414375 0.6020278930664062 2230
1780864414377 0.2341040074825287 2231
1780864414380 0.3207351863384247 2232
1780864414382 0.32769840955734253 2233
1780864414384 0.5149527788162231 2234
1780864414387 0.34850138425827026 2235
1780864414389 0.1283198595046997 2236
1780864414391 0.36485305428504944 2237
1780864414394 0.32435452938079834 2238
1780864414397 0.32913076877593994 2239
1780864414399 0.4493503272533417 2240
1780864414402 0.324485182762146 2241
1780864414405 0.16268283128738403 2242
1780864414408 0.2605787217617035 2243
1780864414410 0.3495483994483948 2244
1780864414413 0.2282642275094986 2245
1780864414416 0.30647316575050354 2246
1780864414418 0.5222565531730652 2247
1780864414421 0.6231207251548767 2248
1780864414424 0.2020523101091385 2249
1780864414426 0.3051941990852356 2250
1780864414429 0.2778591513633728 2251
1780864414432 0.2216596007347107 2252
1780864414435 0.26636457443237305 2253
1780864414437 0.42410263419151306 2254
1780864414440 0.24996061623096466 2255
1780864414443 0.21747171878814697 2256
1780864414445 0.21532925963401794 2257
1780864414448 0.34427276253700256 2258
1780864414451 0.29559066891670227 2259
1780864414453 0.3356408178806305 2260
1780864414456 0.17419308423995972 2261
1780864414458 0.26349493861198425 2262
1780864414461 0.28094977140426636 2263
1780864414464 0.17376916110515594 2264
1780864414467 0.19786858558654785 2265
1780864414469 0.32396355271339417 2266
1780864414472 0.2015921175479889 2267
1780864414474 0.3045666217803955 2268
1780864414478 0.2776065170764923 2269
1780864414480 0.33473068475723267 2270
1780864414483 0.24830105900764465 2271
1780864414486 0.5087461471557617 2272
1780864414488 0.31188854575157166 2273
1780864414491 0.33598780632019043 2274
1780864414493 0.40735915303230286 2275
1780864414496 0.16738517582416534 2276
1780864414499 0.3100602328777313 2277
1780864414501 0.47948575019836426 2278
1780864414504 0.2841283679008484 2279
1780864414507 0.258876770734787 2280
1780864414509 0.3822658061981201 2281
1780864414512 0.3604915142059326 2282
1780864414514 0.2845515012741089 2283
1780864414517 0.1326846331357956 2284
1780864414519 0.7013027667999268 2285
1780864414523 0.15837307274341583 2286
1780864414525 0.49390527606010437 2287
1780864414528 0.17827776074409485 2288
1780864414531 0.21057040989398956 2289
1780864414534 0.5119995474815369 2290
1780864414536 0.5415850281715393 2291
1780864414539 0.3027925491333008 2292
1780864414542 0.30556368827819824 2293
1780864414545 0.5454888939857483 2294
1780864414547 0.2549227774143219 2295
1780864414550 0.3084900975227356 2296
1780864414553 0.4763333797454834 2297
1780864414555 0.37451210618019104 2298
1780864414558 0.1969931274652481 2299
1780864414561 0.3320470154285431 2300
1780864414564 0.15266098082065582 2301
1780864414568 0.27824273705482483 2302
1780864414571 0.497874915599823 2303
1780864414573 0.6603724360466003 2304
1780864414576 0.14927352964878082 2305
1780864414578 0.5386772155761719 2306
1780864414581 0.21452395617961884 2307
1780864414583 0.28881677985191345 2308
1780864414586 0.3107423782348633 2309
1780864414589 0.45231133699417114 2310
1780864414591 0.2123192697763443 2311
1780864414593 0.27090001106262207 2312
1780864414596 0.4470299184322357 2313
1780864414599 0.28914839029312134 2314
1780864414602 0.1961415708065033 2315
1780864414604 0.342465877532959 2316
1780864414607 0.2426217496395111 2317
1780864414609 0.29896777868270874 2318
1780864414612 0.5787050724029541 2319
1780864414615 0.20074301958084106 2320
1780864414618 0.2280281037092209 2321
1780864414621 0.5678759217262268 2322
1780864414623 0.23612558841705322 2323
1780864414625 0.2202063351869583 2324
1780864414628 0.3449852764606476 2325
1780864414631 0.23890484869480133 2326
1780864414633 0.2459782063961029 2327
1780864414636 0.30386897921562195 2328
1780864414639 0.45537590980529785 2329
1780864414641 0.2864964008331299 2330
1780864414644 0.2276044636964798 2331
1780864414647 0.30786585807800293 2332
1780864414650 0.27080968022346497 2333
1780864414653 0.4217160940170288 2334
1780864414656 0.48377764225006104 2335
1780864414659 0.18960979580879211 2336
1780864414662 0.5352421998977661 2337
1780864414665 0.34412679076194763 2338
1780864414668 0.243739515542984 2339
1780864414671 0.3545466363430023 2340
1780864414674 0.34683915972709656 2341
1780864414676 0.40100377798080444 2342
1780864414679 0.34414130449295044 2343
1780864414683 0.4709380567073822 2344
1780864414685 0.3814132511615753 2345
1780864414688 0.3324372470378876 2346
1780864414691 0.4569818079471588 2347
1780864414694 0.16730211675167084 2348
1780864414697 0.5066778659820557 2349
1780864414700 0.512708842754364 2350
1780864414703 0.23505167663097382 2351
1780864414706 0.25479447841644287 2352
1780864414709 0.13243721425533295 2353
1780864414712 0.12859834730625153 2354
1780864414714 0.21438774466514587 2355
1780864414717 0.5317382216453552 2356
1780864414720 0.1644151359796524 2357
1780864414722 0.3299303650856018 2358
1780864414725 0.2829720079898834 2359
1780864414728 0.23611754179000854 2360
1780864414730 0.272718608379364 2361
1780864414733 0.1468089371919632 2362
1780864414735 0.3279244303703308 2363
1780864414738 0.34783074259757996 2364
1780864414741 0.3191292881965637 2365
1780864414744 0.18501508235931396 2366
1780864414747 0.29604023694992065 2367
1780864414749 0.2587871551513672 2368
1780864414752 0.1838037520647049 2369
1780864414754 0.3831254839897156 2370
1780864414757 0.4625503718852997 2371
1780864414760 0.1730874627828598 2372
1780864414763 0.4052249491214752 2373
1780864414765 0.37002137303352356 2374
1780864414768 0.2797640264034271 2375
1780864414771 0.17223256826400757 2376
1780864414773 0.24439017474651337 2377
1780864414776 0.24553130567073822 2378
1780864414778 0.6316298246383667 2379
1780864414780 0.33225762844085693 2380
1780864414783 0.5754554271697998 2381
1780864414785 0.46343886852264404 2382
1780864414788 0.28145766258239746 2383
1780864414791 0.19549009203910828 2384
1780864414793 0.18872876465320587 2385
1780864414796 0.24071335792541504 2386
1780864414799 0.27247893810272217 2387
1780864414801 0.425266832113266 2388
1780864414804 0.40932902693748474 2389
1780864414806 0.597325325012207 2390
1780864414809 0.32067635655403137 2391
1780864414812 0.15640504658222198 2392
1780864414815 0.3486543893814087 2393
1780864414817 0.4972895383834839 2394
1780864414820 0.3315177261829376 2395
1780864414823 0.35510578751564026 2396
1780864414826 0.2261267453432083 2397
1780864414828 0.1851218044757843 2398
1780864414831 0.33818385004997253 2399
1780864414833 0.27824926376342773 2400
1780864414836 0.20823708176612854 2401
1780864414839 0.38668525218963623 2402
1780864414843 0.3515826165676117 2403
1780864414846 0.30132201313972473 2404
1780864414848 0.29558688402175903 2405
1780864414851 0.27883681654930115 2406
1780864414853 0.5764827132225037 2407
1780864414856 0.18609870970249176 2408
1780864414859 0.2812788188457489 2409
1780864414862 0.3772834241390228 2410
1780864414864 0.2558732032775879 2411
1780864414868 0.2830144762992859 2412
1780864414871 0.539804220199585 2413
1780864414873 0.15970855951309204 2414
1780864414876 0.40584424138069153 2415
1780864414879 0.20465287566184998 2416
1780864414882 0.3381125032901764 2417
1780864414884 0.2292296588420868 2418
1780864414886 0.29785314202308655 2419
1780864414889 0.223588764667511 2420
1780864414892 0.33629539608955383 2421
1780864414895 0.3497086763381958 2422
1780864414898 0.13314522802829742 2423
1780864414900 0.2354205846786499 2424
1780864414903 0.3721671402454376 2425
1780864414906 0.22967949509620667 2426
1780864414909 0.29447105526924133 2427
1780864414911 0.39797893166542053 2428
1780864414914 0.348025918006897 2429
1780864414916 0.20018532872200012 2430
1780864414919 0.18708710372447968 2431
1780864414922 0.14814813435077667 2432
1780864414925 0.17810724675655365 2433
1780864414928 0.2855856120586395 2434
1780864414931 0.29083195328712463 2435
1780864414934 0.2913980484008789 2436
1780864414936 0.4478170871734619 2437
1780864414939 0.21378807723522186 2438
1780864414942 0.5107096433639526 2439
1780864414944 0.42271003127098083 2440
1780864414947 0.31352826952934265 2441
1780864414950 0.3238319158554077 2442
1780864414952 0.16782177984714508 2443
1780864414955 0.25870710611343384 2444
1780864414958 0.1662716269493103 2445
1780864414960 0.24068255722522736 2446
1780864414963 0.26575472950935364 2447
1780864414965 0.3514976501464844 2448
1780864414968 0.4264659583568573 2449
1780864414971 0.2979012727737427 2450
1780864414973 0.24914632737636566 2451
1780864414976 0.3492885231971741 2452
1780864414979 0.4421031177043915 2453
1780864414981 0.2439684420824051 2454
1780864414984 0.13072827458381653 2455
1780864414986 0.21421954035758972 2456
1780864414989 0.3454294800758362 2457
1780864414991 0.15941013395786285 2458
1780864414994 0.30342763662338257 2459
1780864414996 0.17820529639720917 2460
1780864414999 0.34791842103004456 2461
1780864415002 0.4077637195587158 2462
1780864415005 0.2085040956735611 2463
1780864415008 0.4330061674118042 2464
1780864415010 0.49420472979545593 2465
1780864415013 0.34061866998672485 2466
1780864415015 0.20483988523483276 2467
1780864415018 0.15095579624176025 2468
1780864415022 0.5009026527404785 2469
1780864415024 0.2033156007528305 2470
1780864415027 0.4157584011554718 2471
1780864415030 0.2552764117717743 2472
1780864415032 0.2410539835691452 2473
1780864415035 0.29142454266548157 2474
1780864415038 0.2468743473291397 2475
1780864415040 0.22411447763442993 2476
1780864415043 0.1503450572490692 2477
1780864415046 0.321043998003006 2478
1780864415048 0.2387508749961853 2479
1780864415051 0.31606894731521606 2480
1780864415053 0.6012647151947021 2481
1780864415056 0.3290163576602936 2482
1780864415059 0.42878100275993347 2483
1780864415061 0.25893110036849976 2484
1780864415064 0.25628384947776794 2485
1780864415066 0.34683293104171753 2486
1780864415069 0.22597864270210266 2487
1780864415071 0.23630677163600922 2488
1780864415074 0.37169504165649414 2489
1780864415076 0.28499969840049744 2490
1780864415079 0.3159664571285248 2491
1780864415082 0.1616760790348053 2492
1780864415085 0.409769207239151 2493
1780864415087 0.28426945209503174 2494
1780864415090 0.3276642858982086 2495
1780864415093 0.4621826112270355 2496
1780864415095 0.19772487878799438 2497
1780864415098 0.22214855253696442 2498
1780864415100 0.19964554905891418 2499
1780864415103 0.19585996866226196 2500
1780864415105 0.29755863547325134 2501
1780864415108 0.37308165431022644 2502
1780864415110 0.4493010640144348 2503
1780864415113 0.43883705139160156 2504
1780864415116 0.4059079587459564 2505
1780864415118 0.14459925889968872 2506
1780864415121 0.496157705783844 2507
1780864415124 0.47119298577308655 2508
1780864415126 0.34956249594688416 2509
1780864415129 0.21495819091796875 2510
1780864415131 0.23397698998451233 2511
1780864415134 0.41854745149612427 2512
1780864415136 0.1857040822505951 2513
1780864415139 0.4504372477531433 2514
1780864415142 0.4056773781776428 2515
1780864415145 0.2604798972606659 2516
1780864415147 0.347679078578949 2517
1780864415150 0.20739255845546722 2518
1780864415152 0.38825246691703796 2519
1780864415155 0.5447247624397278 2520
1780864415158 0.5147335529327393 2521
1780864415161 0.1423199325799942 2522
1780864415164 0.34672996401786804 2523
1780864415166 0.39193782210350037 2524
1780864415169 0.5033944845199585 2525
1780864415172 0.19949118793010712 2526
1780864415175 0.4574683606624603 2527
1780864415177 0.49072542786598206 2528
1780864415180 0.3733430504798889 2529
1780864415182 0.2361631691455841 2530
1780864415185 0.5246024131774902 2531
1780864415188 0.33787965774536133 2532
1780864415191 0.2605239748954773 2533
1780864415194 0.1631723940372467 2534
1780864415197 0.1340886354446411 2535
1780864415199 0.4835699498653412 2536
1780864415202 0.4211905300617218 2537
1780864415205 0.3817560374736786 2538
1780864415207 0.5755038261413574 2539
1780864415210 0.24924156069755554 2540
1780864415212 0.28560739755630493 2541
1780864415215 0.43262237310409546 2542
1780864415218 0.19835136830806732 2543
1780864415220 0.5676758885383606 2544
1780864415223 0.5321172475814819 2545
1780864415226 0.35175204277038574 2546
1780864415228 0.17873577773571014 2547
1780864415230 0.4035167992115021 2548
1780864415233 0.37306949496269226 2549
1780864415236 0.18625131249427795 2550
1780864415240 0.23360563814640045 2551
1780864415242 0.15757417678833008 2552
1780864415245 0.3207673132419586 2553
1780864415247 0.32507389783859253 2554
1780864415250 0.25848230719566345 2555
1780864415252 0.25447773933410645 2556
1780864415255 0.5952951312065125 2557
1780864415258 0.24585816264152527 2558
1780864415261 0.1450287103652954 2559
1780864415263 0.24898622930049896 2560
1780864415266 0.16832895576953888 2561
1780864415269 0.5125133395195007 2562
1780864415271 0.3216415345668793 2563
1780864415274 0.3060266375541687 2564
1780864415276 0.1755736917257309 2565
1780864415279 0.4222016930580139 2566
1780864415281 0.2907352149486542 2567
1780864415284 0.22800663113594055 2568
1780864415286 0.15312889218330383 2569
1780864415289 0.40937069058418274 2570
1780864415292 0.2602643668651581 2571
1780864415295 0.3761439323425293 2572
1780864415297 0.12131931632757187 2573
1780864415300 0.5389376878738403 2574
1780864415302 0.2606021761894226 2575
1780864415305 0.3452923893928528 2576
1780864415307 0.48838645219802856 2577
1780864415311 0.3520771563053131 2578
1780864415314 0.24041256308555603 2579
1780864415316 0.27896547317504883 2580
1780864415319 0.3006460666656494 2581
1780864415322 0.18523626029491425 2582
1780864415324 0.3711714744567871 2583
1780864415327 0.30675166845321655 2584
1780864415330 0.2294514775276184 2585
1780864415332 0.4635503590106964 2586
1780864415335 0.44951826333999634 2587
1780864415337 0.1787654161453247 2588
1780864415340 0.3279617428779602 2589
1780864415343 0.3709571361541748 2590
1780864415347 0.32436466217041016 2591
1780864415349 0.36649641394615173 2592
1780864415352 0.32258474826812744 2593
1780864415355 0.17980481684207916 2594
1780864415359 0.28374847769737244 2595
1780864415361 0.46080806851387024 2596
1780864415364 0.39265888929367065 2597
1780864415367 0.2504305839538574 2598
1780864415369 0.43323686718940735 2599
1780864415372 0.4303746223449707 2600
1780864415375 0.23830559849739075 2601
1780864415377 0.3785179853439331 2602
1780864415380 0.26998355984687805 2603
1780864415382 0.2102281004190445 2604
1780864415385 0.41203880310058594 2605
1780864415388 0.34830620884895325 2606
1780864415390 0.400387167930603 2607
1780864415393 0.2219075709581375 2608
1780864415396 0.17872804403305054 2609
1780864415399 0.47119298577308655 2610
1780864415402 0.24628636240959167 2611
1780864415405 0.2997715175151825 2612
1780864415407 0.34273597598075867 2613
1780864415410 0.2625908851623535 2614
1780864415412 0.18533265590667725 2615
1780864415415 0.1813546121120453 2616
1780864415418 0.2461882382631302 2617
1780864415420 0.20609481632709503 2618
1780864415424 0.3488684892654419 2619
1780864415426 0.23661145567893982 2620
1780864415429 0.2670912742614746 2621
1780864415432 0.34378522634506226 2622
1780864415434 0.31673550605773926 2623
1780864415437 0.3008033335208893 2624
1780864415440 0.6973132491111755 2625
1780864415442 0.3635183870792389 2626
1780864415445 0.22618986666202545 2627
1780864415449 0.18126559257507324 2628
1780864415451 0.3675631582736969 2629
1780864415454 0.21107786893844604 2630
1780864415457 0.27496394515037537 2631
1780864415459 0.4210880994796753 2632
1780864415462 0.1656082272529602 2633
1780864415464 0.20939773321151733 2634
1780864415467 0.2938409447669983 2635
1780864415470 0.22743767499923706 2636
1780864415472 0.2897815704345703 2637
1780864415475 0.24052946269512177 2638
1780864415477 0.47690990567207336 2639
1780864415480 0.24100150167942047 2640
1780864415482 0.19727763533592224 2641
1780864415485 0.28078988194465637 2642
1780864415488 0.3605124056339264 2643
1780864415490 0.338123083114624 2644
1780864415493 0.2093268483877182 2645
1780864415495 0.5935908555984497 2646
1780864415498 0.31623509526252747 2647
1780864415501 0.2599997818470001 2648
1780864415504 0.3098454773426056 2649
1780864415506 0.31138843297958374 2650
1780864415509 0.33182159066200256 2651
1780864415511 0.15771602094173431 2652
1780864415514 0.41841715574264526 2653
1780864415517 0.32230526208877563 2654
1780864415521 0.27811768651008606 2655
1780864415524 0.3641871213912964 2656
1780864415527 0.21034103631973267 2657
1780864415529 0.37135323882102966 2658
1780864415532 0.21074068546295166 2659
1780864415535 0.32429730892181396 2660
1780864415538 0.35838964581489563 2661
1780864415540 0.44032609462738037 2662
1780864415542 0.18977384269237518 2663
1780864415545 0.1392941027879715 2664
1780864415548 0.33068981766700745 2665
1780864415552 0.31443023681640625 2666
1780864415555 0.490318238735199 2667
1780864415557 0.1677604615688324 2668
1780864415560 0.22270114719867706 2669
1780864415562 0.2627744674682617 2670
1780864415565 0.31657978892326355 2671
1780864415568 0.17887425422668457 2672
1780864415570 0.24922074377536774 2673
1780864415573 0.23877911269664764 2674
1780864415575 0.3128962814807892 2675
1780864415578 0.28458109498023987 2676
1780864415581 0.2647702395915985 2677
1780864415583 0.27883580327033997 2678
1780864415586 0.3386087715625763 2679
1780864415588 0.3704243302345276 2680
1780864415591 0.5313531756401062 2681
1780864415594 0.5013211369514465 2682
1780864415597 0.37744542956352234 2683
1780864415600 0.32726141810417175 2684
1780864415603 0.18480192124843597 2685
1780864415606 0.4178089201450348 2686
1780864415608 0.40031108260154724 2687
1780864415611 0.199025958776474 2688
1780864415613 0.5388460159301758 2689
1780864415616 0.1661444902420044 2690
1780864415619 0.3253851532936096 2691
1780864415622 0.18560682237148285 2692
1780864415625 0.4563235342502594 2693
1780864415628 0.2715829908847809 2694
1780864415630 0.22826410830020905 2695
1780864415633 0.31954526901245117 2696
1780864415636 0.409249871969223 2697
1780864415638 0.4576224088668823 2698
1780864415641 0.2475014328956604 2699
1780864415643 0.38563814759254456 2700
1780864415646 0.6021139025688171 2701
1780864415649 0.36778825521469116 2702
1780864415662 0.22180938720703125 2703
1780864415665 0.2960525453090668 2704
1780864415669 0.1516297459602356 2705
1780864415671 0.614507257938385 2706
1780864415674 0.4937269985675812 2707
1780864415677 0.2960030436515808 2708
1780864415679 0.2087276726961136 2709
1780864415682 0.2744368314743042 2710
1780864415684 0.43945446610450745 2711
1780864415687 0.45482516288757324 2712
1780864415690 0.23916815221309662 2713
1780864415693 0.11952744424343109 2714
1780864415696 0.21115925908088684 2715
1780864415699 0.23347489535808563 2716
1780864415701 0.20196080207824707 2717
1780864415704 0.16389451920986176 2718
1780864415706 0.1591973900794983 2719
1780864415709 0.373805969953537 2720
1780864415711 0.3532162010669708 2721
1780864415714 0.13273926079273224 2722
1780864415717 0.2972588539123535 2723
1780864415720 0.12842132151126862 2724
1780864415722 0.2346634715795517 2725
1780864415725 0.4509587287902832 2726
1780864415727 0.18685361742973328 2727
1780864415730 0.2209596186876297 2728
1780864415732 0.27091753482818604 2729
1780864415735 0.5225900411605835 2730
1780864415738 0.4415895342826843 2731
1780864415740 0.4625113606452942 2732
1780864415743 0.26962730288505554 2733
1780864415745 0.30702465772628784 2734
1780864415748 0.26896771788597107 2735
1780864415751 0.402910977602005 2736
1780864415753 0.2297353744506836 2737
1780864415756 0.2917678654193878 2738
1780864415758 0.16958178579807281 2739
1780864415761 0.19335629045963287 2740
1780864415763 0.2989078760147095 2741
1780864415766 0.24653826653957367 2742
1780864415769 0.24374884366989136 2743
1780864415773 0.4006105065345764 2744
1780864415775 0.3954443037509918 2745
1780864415779 0.3594321012496948 2746
1780864415782 0.346566766500473 2747
1780864415784 0.1998593509197235 2748
1780864415787 0.2807144820690155 2749
1780864415790 0.18298104405403137 2750
1780864415792 0.3193691074848175 2751
1780864415795 0.29937389492988586 2752
1780864415798 0.36540400981903076 2753
1780864415801 0.4090307354927063 2754
1780864415803 0.3792537450790405 2755
1780864415806 0.29608309268951416 2756
1780864415808 0.45562994480133057 2757
1780864415811 0.2490338236093521 2758
1780864415814 0.4931422770023346 2759
1780864415817 0.18627390265464783 2760
1780864415819 0.35113969445228577 2761
1780864415822 0.30309686064720154 2762
1780864415824 0.30240267515182495 2763
1780864415827 0.23736299574375153 2764
1780864415829 0.40458428859710693 2765
1780864415832 0.33096981048583984 2766
1780864415835 0.272789865732193 2767
1780864415838 0.3351576030254364 2768
1780864415841 0.2885149121284485 2769
1780864415843 0.2507578432559967 2770
1780864415846 0.4584731459617615 2771
1780864415849 0.23623958230018616 2772
1780864415852 0.4681906998157501 2773
1780864415854 0.22184056043624878 2774
1780864415858 0.24095909297466278 2775
1780864415861 0.2307998239994049 2776
1780864415863 0.19818644225597382 2777
1780864415866 0.10081278532743454 2778
1780864415868 0.36687013506889343 2779
1780864415871 0.2760910391807556 2780
1780864415873 0.20288211107254028 2781
1780864415876 0.21382910013198853 2782
1780864415879 0.26853516697883606 2783
1780864415882 0.28364235162734985 2784
1780864415884 0.21832425892353058 2785
1780864415887 0.3065185844898224 2786
1780864415889 0.3598666191101074 2787
1780864415893 0.18306034803390503 2788
1780864415895 0.37060800194740295 2789
1780864415898 0.443737268447876 2790
1780864415901 0.3380432724952698 2791
1780864415903 0.43221336603164673 2792
1780864415906 0.2542724311351776 2793
1780864415908 0.2313482165336609 2794
1780864415911 0.32366201281547546 2795
1780864415914 0.21406081318855286 2796
1780864415916 0.3612798750400543 2797
1780864415919 0.2094956934452057 2798
1780864415922 0.18695016205310822 2799
1780864415924 0.34406742453575134 2800
1780864415927 0.36734235286712646 2801
1780864415929 0.17055007815361023 2802
1780864415932 0.3523315191268921 2803
1780864415935 0.2865215241909027 2804
1780864415938 0.37661799788475037 2805
1780864415940 0.6258041858673096 2806
1780864415943 0.22404873371124268 2807
1780864415946 0.34391701221466064 2808
1780864415949 0.45626193284988403 2809
1780864415951 0.37317436933517456 2810
