1782931391264 18.836830139160156 0
1782931391374 12.959346771240234 1
1782931391393 15.76645278930664 2
1782931391446 18.91946029663086 3
1782931391458 13.716858863830566 4
1782931391461 8.552605628967285 5
1782931391464 16.333431243896484 6
1782931391522 15.22506046295166 7
1782931391537 11.033878326416016 8
1782931391617 12.258666038513184 9
1782931391623 10.059555053710938 10
1782931391628 8.38154411315918 11
1782931391630 9.428592681884766 12
1782931391631 7.978782653808594 13
1782931391633 10.407472610473633 14
1782931391641 9.634029388427734 15
1782931391644 12.008291244506836 16
1782931391737 8.522956848144531 17
1782931391761 6.862217903137207 18
1782931391778 5.689629554748535 19
1782931391810 7.168951034545898 20
1782931391896 6.508945465087891 21
1782931391918 5.251507759094238 22
1782931391923 4.901243686676025 23
1782931391926 5.261539459228516 24
1782931391929 5.660163879394531 25
1782931391932 5.427497386932373 26
1782931391934 4.728960037231445 27
1782931391969 5.201465606689453 28
1782931391974 3.9338812828063965 29
1782931391976 3.6883580684661865 30
1782931391979 3.2367382049560547 31
1782931391981 3.61871600151062 32
1782931391985 2.6231138706207275 33
1782931391992 3.4389584064483643 34
1782931391996 4.198540687561035 35
1782931392033 2.8900868892669678 36
1782931392043 3.1643736362457275 37
1782931392051 2.8589398860931396 38
1782931392055 2.3388123512268066 39
1782931392190 2.343722343444824 40
1782931392325 3.001800537109375 41
1782931392328 2.2317299842834473 42
1782931392330 1.432359218597412 43
1782931392333 1.5161558389663696 44
1782931392337 1.2081432342529297 45
1782931392344 1.5352213382720947 46
1782931392449 1.4319385290145874 47
1782931392503 1.109221339225769 48
1782931392520 1.3562970161437988 49
1782931392577 1.2070778608322144 50
1782931392581 0.9868654608726501 51
1782931392584 1.198483943939209 52
1782931392588 1.2041395902633667 53
1782931392591 1.3058531284332275 54
1782931392594 1.0782663822174072 55
1782931392607 0.9692955017089844 56
1782931392649 1.0960533618927002 57
1782931392664 1.1004226207733154 58
1782931392758 1.2562706470489502 59
1782931392762 1.3387151956558228 60
1782931392765 0.9813729524612427 61
1782931392767 1.2041341066360474 62
1782931392771 0.7996270656585693 63
1782931392774 0.9960790276527405 64
1782931392829 0.9979526400566101 65
1782931392832 0.8449476361274719 66
1782931392835 0.9026901721954346 67
1782931392838 0.9785209894180298 68
1782931392841 0.8549262881278992 69
1782931392843 0.9287872910499573 70
1782931392850 1.0475159883499146 71
1782931392852 0.628169059753418 72
1782931392856 0.8825812935829163 73
1782931392858 1.0233885049819946 74
1782931392862 0.7449344992637634 75
1782931392865 0.9659585356712341 76
1782931392867 0.9986269474029541 77
1782931392872 1.0982081890106201 78
1782931392875 0.9552896022796631 79
1782931392877 0.7431626915931702 80
1782931392880 0.9106979966163635 81
1782931392882 0.9131104350090027 82
1782931392885 1.0876257419586182 83
1782931392889 0.8188515901565552 84
1782931392891 0.9462524056434631 85
1782931392894 0.7880470156669617 86
1782931392897 0.7454488277435303 87
1782931392899 0.8602256178855896 88
1782931392902 0.7417628169059753 89
1782931392905 0.916458249092102 90
1782931392908 0.6018524169921875 91
1782931392911 0.9143652319908142 92
1782931392913 0.8453245759010315 93
1782931392932 0.8296936750411987 94
1782931392936 0.7926274538040161 95
1782931392941 0.8320778012275696 96
1782931392944 0.6276599764823914 97
1782931392969 0.7288073897361755 98
1782931392974 0.6329412460327148 99
1782931392978 0.6077271699905396 100
1782931392981 0.7678831815719604 101
1782931392984 0.7589322328567505 102
1782931392989 0.79107666015625 103
1782931393028 0.7150354981422424 104
1782931393035 0.6334283351898193 105
1782931393082 0.8680020570755005 106
1782931393104 0.5831552743911743 107
1782931393156 0.6439230442047119 108
1782931393269 0.6343631148338318 109
1782931393284 0.9071012735366821 110
1782931393292 0.9345666766166687 111
1782931393294 0.8237183094024658 112
1782931393312 0.6843403577804565 113
1782931393350 0.6513826847076416 114
1782931393357 0.7685640454292297 115
1782931393360 0.7230643630027771 116
1782931393363 0.574749231338501 117
1782931393366 0.6904008984565735 118
1782931393369 0.4958540201187134 119
1782931393373 0.4453110098838806 120
1782931393377 1.1525731086730957 121
1782931393379 0.6248063445091248 122
1782931393382 0.8668202757835388 123
1782931393384 0.8255277872085571 124
1782931393388 0.5728200674057007 125
1782931393392 0.8206770420074463 126
1782931393395 0.7029454708099365 127
1782931393397 0.6252903938293457 128
1782931393400 0.5307740569114685 129
1782931393403 0.8540418148040771 130
1782931393433 0.7978116273880005 131
1782931393450 0.6294122934341431 132
1782931393484 0.71363765001297 133
1782931393522 0.6938220858573914 134
1782931393560 0.6702290177345276 135
1782931393605 0.5659128427505493 136
1782931393688 0.813649594783783 137
1782931393777 0.5755613446235657 138
1782931393792 0.6377255916595459 139
1782931393795 0.40275493264198303 140
1782931393798 0.828615665435791 141
1782931393800 0.41498297452926636 142
1782931393803 0.72990882396698 143
1782931393810 0.6576084494590759 144
1782931393829 0.8094828128814697 145
1782931393833 0.6389135718345642 146
1782931393869 0.6471803784370422 147
1782931393934 0.6921267509460449 148
1782931393972 0.46014946699142456 149
1782931393981 0.6931694746017456 150
1782931394083 0.7051286697387695 151
1782931394193 0.7158118486404419 152
1782931394272 0.6230693459510803 153
1782931394276 0.7849183678627014 154
1782931394278 0.6219459772109985 155
1782931394281 0.5868547558784485 156
1782931394283 0.5207592248916626 157
1782931394360 0.7618963122367859 158
1782931394407 0.3821680247783661 159
1782931394409 0.6945018172264099 160
1782931394411 0.5859015583992004 161
1782931394414 0.5955619812011719 162
1782931394469 0.6136367917060852 163
1782931394500 0.5153022408485413 164
1782931394507 0.4997144043445587 165
1782931394510 0.7267688512802124 166
1782931394518 0.5833190679550171 167
1782931394521 0.5327423214912415 168
1782931394524 0.48743191361427307 169
1782931394532 0.5498190522193909 170
1782931394534 0.8032301068305969 171
1782931394541 0.48540911078453064 172
1782931394544 0.8207001090049744 173
1782931394546 0.6306720972061157 174
1782931394549 0.5097198486328125 175
1782931394623 0.43974143266677856 176
1782931394694 0.8683671951293945 177
1782931394723 0.44797781109809875 178
1782931394749 0.7111451625823975 179
1782931394753 0.6136019825935364 180
1782931394872 0.8324823379516602 181
1782931394893 0.6107161641120911 182
1782931394901 0.5435203313827515 183
1782931394903 0.6990577578544617 184
1782931394911 0.29966914653778076 185
1782931394914 0.5529665350914001 186
1782931394955 0.669503390789032 187
1782931394957 0.5974556803703308 188
1782931394960 0.7559665441513062 189
1782931394963 0.5435968041419983 190
1782931394965 0.6227210164070129 191
1782931394980 0.49599573016166687 192
1782931394983 0.5603327751159668 193
1782931394986 0.7040379643440247 194
1782931394994 0.5451377034187317 195
1782931394997 0.6245841979980469 196
1782931395000 0.4831754267215729 197
1782931395006 0.6787599921226501 198
1782931395010 0.9010360240936279 199
1782931395047 0.5448805689811707 200
1782931395059 0.35127443075180054 201
1782931395062 0.5095199942588806 202
1782931395064 0.3515719771385193 203
1782931395071 0.29458290338516235 204
1782931395074 0.24871253967285156 205
1782931395076 0.4761539697647095 206
1782931395079 0.5192062854766846 207
1782931395081 0.399659126996994 208
1782931395084 0.4092061519622803 209
1782931395087 0.7447202205657959 210
1782931395089 0.7762696743011475 211
1782931395092 0.40225115418434143 212
1782931395094 0.3806006610393524 213
1782931395097 0.5103576183319092 214
1782931395099 0.6638814210891724 215
1782931395102 0.5946394205093384 216
1782931395105 0.6159916520118713 217
1782931395108 0.4914838671684265 218
1782931395110 0.4375086724758148 219
1782931395113 0.34820568561553955 220
1782931395115 0.5017108917236328 221
1782931395119 0.6149076223373413 222
1782931395122 0.4176706373691559 223
1782931395124 0.5232185125350952 224
1782931395127 0.38851478695869446 225
1782931395129 0.4214377999305725 226
1782931395132 0.3728804886341095 227
1782931395134 0.4868207573890686 228
1782931395137 0.4509662091732025 229
1782931395140 0.48225799202919006 230
1782931395142 0.44929641485214233 231
1782931395145 0.7538166642189026 232
1782931395148 0.4141896665096283 233
1782931395151 0.5075269937515259 234
1782931395153 0.47738024592399597 235
1782931395156 0.3550281226634979 236
1782931395158 0.667529821395874 237
1782931395161 0.5718106627464294 238
1782931395163 0.5331532955169678 239
1782931395166 0.41790300607681274 240
1782931395168 0.4760216474533081 241
1782931395171 0.8095403909683228 242
1782931395174 0.747416079044342 243
1782931395177 0.5080891251564026 244
1782931395179 0.6231749653816223 245
1782931395182 0.6258970499038696 246
1782931395185 0.4179706275463104 247
1782931395187 0.4264405071735382 248
1782931395191 0.5461753606796265 249
1782931395194 0.39244982600212097 250
1782931395197 0.5504965782165527 251
1782931395200 0.5522732734680176 252
1782931395203 0.5994749069213867 253
1782931395206 0.443040668964386 254
1782931395209 0.5065394043922424 255
1782931395211 0.5270757079124451 256
1782931395215 0.6249089241027832 257
1782931395217 0.4848599135875702 258
1782931395220 0.490702748298645 259
1782931395223 0.4727800488471985 260
1782931395225 0.6816802620887756 261
1782931395228 0.6248653531074524 262
1782931395230 0.4624316990375519 263
1782931395233 0.6490841507911682 264
1782931395247 0.38705381751060486 265
1782931395297 0.4850578010082245 266
1782931395353 0.43510645627975464 267
1782931395369 0.42163795232772827 268
1782931395384 0.40103256702423096 269
1782931395518 0.20893001556396484 270
1782931395548 0.44816651940345764 271
1782931395583 0.7104951739311218 272
1782931395626 0.44024816155433655 273
1782931395666 0.34192872047424316 274
1782931395685 0.6780400276184082 275
1782931395688 0.3435947000980377 276
1782931395690 0.7381848096847534 277
1782931395693 0.45250698924064636 278
1782931395695 0.41143491864204407 279
1782931395698 0.45018288493156433 280
1782931395700 0.45189720392227173 281
1782931395704 0.541262686252594 282
1782931395707 0.3329904079437256 283
1782931395709 0.41700273752212524 284
1782931395712 0.43450647592544556 285
1782931395714 0.5357978940010071 286
1782931395717 0.673451840877533 287
1782931395724 0.4151477813720703 288
1782931395743 0.31277260184288025 289
1782931395810 0.4426518976688385 290
1782931395818 0.5312144756317139 291
1782931395902 0.36919650435447693 292
1782931395964 0.5561458468437195 293
1782931396027 0.4699833393096924 294
1782931396153 0.4782716929912567 295
1782931396214 0.5767995715141296 296
1782931396243 0.6594032049179077 297
1782931396246 0.5622054934501648 298
1782931396248 0.2936806380748749 299
1782931396250 0.298730731010437 300
1782931396251 0.22551417350769043 301
1782931396253 0.19528444111347198 302
1782931396256 0.2354920506477356 303
1782931396258 0.41191816329956055 304
1782931396269 0.6591357588768005 305
1782931396301 0.4701370894908905 306
1782931396308 0.3416430652141571 307
1782931396312 0.3949732184410095 308
1782931396346 0.3486712574958801 309
1782931396349 0.5660809874534607 310
1782931396352 0.4871789216995239 311
1782931396356 0.4160400629043579 312
1782931396385 0.31861260533332825 313
1782931396388 0.3508893847465515 314
1782931396391 0.7318254709243774 315
1782931396393 0.3754078149795532 316
1782931396424 0.5468716025352478 317
1782931396455 0.48110106587409973 318
1782931396457 0.4807722866535187 319
1782931396459 0.44990068674087524 320
1782931396461 0.6397978663444519 321
1782931396466 0.46194881200790405 322
1782931396471 0.5544180274009705 323
1782931396473 0.24716739356517792 324
1782931396487 0.45563575625419617 325
1782931396494 0.7739063501358032 326
1782931396499 0.3879411220550537 327
1782931396503 0.36164942383766174 328
1782931396512 0.9978920817375183 329
1782931396515 0.43387725949287415 330
1782931396635 0.4748442471027374 331
1782931396680 0.43383342027664185 332
1782931396693 0.5565483570098877 333
1782931396701 0.45494407415390015 334
1782931396705 0.4532504975795746 335
1782931396770 0.30596646666526794 336
1782931396798 0.3327314257621765 337
1782931396806 0.6540348529815674 338
1782931396935 0.5066797733306885 339
1782931397045 0.44613391160964966 340
1782931397110 0.4061921536922455 341
1782931397113 0.5373623967170715 342
1782931397166 0.6259538531303406 343
1782931397171 0.43153470754623413 344
1782931397173 0.424648642539978 345
1782931397271 0.3095335364341736 346
1782931397448 0.535758376121521 347
1782931397548 0.4229174256324768 348
1782931397606 0.6549682021141052 349
1782931397610 0.5616655945777893 350
1782931397612 0.5674081444740295 351
1782931397615 0.27031418681144714 352
1782931397665 0.42419761419296265 353
1782931397673 0.5600755214691162 354
1782931397679 0.7416525483131409 355
1782931397682 0.6321922540664673 356
1782931397684 0.42883244156837463 357
1782931397689 0.5835665464401245 358
1782931397746 0.3748966157436371 359
1782931397845 0.3308292329311371 360
1782931397937 0.35323870182037354 361
1782931398031 0.38261181116104126 362
1782931398037 0.3015746474266052 363
1782931398165 0.45945850014686584 364
1782931398170 0.3789118528366089 365
1782931398173 0.6180875301361084 366
1782931398182 0.3163122534751892 367
1782931398216 0.4480351209640503 368
1782931398265 0.416179895401001 369
1782931398270 0.8059856295585632 370
1782931398274 0.3621220290660858 371
1782931398373 0.6110421419143677 372
1782931398443 0.4319368600845337 373
1782931398488 0.5440767407417297 374
1782931398492 0.4405539035797119 375
1782931398496 0.3453829288482666 376
1782931398498 0.4029240906238556 377
1782931398500 0.2986685633659363 378
1782931398502 0.34148889780044556 379
1782931398505 0.5314650535583496 380
1782931398542 0.762923538684845 381
1782931398556 0.3833126723766327 382
1782931398574 0.6713278889656067 383
1782931398708 0.3370618522167206 384
1782931398825 0.5534116625785828 385
1782931398953 0.5359576344490051 386
1782931398975 0.5913018584251404 387
1782931399096 0.3232693374156952 388
1782931399135 0.5235687494277954 389
1782931399255 0.4505746364593506 390
1782931399406 0.4341508746147156 391
1782931399463 0.4751673936843872 392
1782931399490 0.2843013405799866 393
1782931399507 0.3133518099784851 394
1782931399527 0.8234670162200928 395
1782931399529 0.5357733964920044 396
1782931399531 0.6400939226150513 397
1782931399533 0.43590542674064636 398
1782931399535 0.3281102776527405 399
1782931399549 0.3147841691970825 400
1782931399554 0.5833073258399963 401
1782931399558 0.48306891322135925 402
1782931399561 0.37748467922210693 403
1782931399564 0.4526554048061371 404
1782931399567 0.26197272539138794 405
1782931399572 0.8623151183128357 406
1782931399575 0.4514753222465515 407
1782931399600 0.47455650568008423 408
1782931399686 0.5381421446800232 409
1782931399757 0.3688443601131439 410
1782931399760 0.526206910610199 411
1782931399762 0.5339317321777344 412
1782931399765 0.386557936668396 413
1782931399777 0.30814868211746216 414
1782931399785 0.3140110373497009 415
1782931399847 0.4129800796508789 416
1782931399854 0.41758015751838684 417
1782931399857 0.7507703900337219 418
1782931399860 0.3499515652656555 419
1782931399863 0.40459004044532776 420
1782931399865 0.5912919640541077 421
1782931399879 0.884362518787384 422
1782931399882 0.34004339575767517 423
1782931399885 0.6428157687187195 424
1782931399888 0.2788771390914917 425
1782931399890 0.4095914661884308 426
1782931399893 0.36522728204727173 427
1782931399895 0.48330235481262207 428
1782931399942 0.25277116894721985 429
1782931399949 0.5804856419563293 430
1782931399955 0.1780860722064972 431
1782931399979 0.30625924468040466 432
1782931399982 0.5787617564201355 433
1782931399984 0.6513852477073669 434
1782931399988 0.29760444164276123 435
1782931399990 0.7198240160942078 436
1782931399993 0.28647762537002563 437
1782931399995 0.29858988523483276 438
1782931400056 0.5060667991638184 439
1782931400067 0.5256503224372864 440
1782931400074 0.3518884479999542 441
1782931400117 0.5062630772590637 442
1782931400146 0.5371936559677124 443
1782931400149 0.17570187151432037 444
1782931400163 0.3829481303691864 445
1782931400169 0.3973890542984009 446
1782931400172 0.43551790714263916 447
1782931400174 0.4555606544017792 448
1782931400183 0.43532583117485046 449
1782931400192 0.4215392470359802 450
1782931400195 0.4989107847213745 451
1782931400207 0.43302857875823975 452
1782931400211 0.33156687021255493 453
1782931400228 0.37071946263313293 454
1782931400231 0.532979428768158 455
1782931400233 0.36916831135749817 456
1782931400298 0.33966541290283203 457
1782931400301 0.4026056230068207 458
1782931400305 0.2577887177467346 459
1782931400307 0.23645296692848206 460
1782931400338 0.5699599981307983 461
1782931400341 0.2729780673980713 462
1782931400343 0.3806683123111725 463
1782931400346 0.45114946365356445 464
1782931400349 0.25183457136154175 465
1782931400354 0.43669623136520386 466
1782931400358 0.6405238509178162 467
1782931400360 0.9448629021644592 468
1782931400363 0.589347243309021 469
1782931400366 0.2904924750328064 470
1782931400370 0.4708530306816101 471
1782931400373 0.5945088863372803 472
1782931400376 0.6320641040802002 473
1782931400378 0.3093205392360687 474
1782931400384 0.20188452303409576 475
1782931400387 0.4079655408859253 476
1782931400399 0.6108248829841614 477
1782931400402 0.45605188608169556 478
1782931400405 0.39254555106163025 479
1782931400455 0.2589331865310669 480
1782931400458 0.3593188226222992 481
1782931400461 0.4605505168437958 482
1782931400467 0.46489113569259644 483
1782931400473 0.5020397901535034 484
1782931400477 0.41651451587677 485
1782931400484 0.31275683641433716 486
1782931400596 0.6315557360649109 487
1782931400649 0.6523014307022095 488
1782931400724 0.3197733461856842 489
1782931400767 0.5973590612411499 490
1782931400783 0.6707306504249573 491
1782931400786 0.5366606712341309 492
1782931400790 0.31161898374557495 493
1782931400793 0.5436410307884216 494
1782931400805 0.28650668263435364 495
1782931400809 0.3283349573612213 496
1782931400811 0.3476085960865021 497
1782931400814 0.3828849196434021 498
1782931400816 0.4763580858707428 499
1782931400820 0.5598514080047607 500
1782931400822 0.4408552050590515 501
1782931400826 0.5391542911529541 502
1782931400836 0.17774492502212524 503
1782931400846 0.4219880998134613 504
1782931400866 0.4423401951789856 505
1782931400869 0.41695982217788696 506
1782931400872 0.4210622012615204 507
1782931400875 0.37886592745780945 508
1782931400877 0.3633951246738434 509
1782931400880 0.2661663293838501 510
1782931400882 0.4055325984954834 511
1782931400886 0.7826753258705139 512
1782931400889 0.421570748090744 513
1782931400892 0.4049188196659088 514
1782931400895 0.3182886838912964 515
1782931400898 0.2989201843738556 516
1782931400901 0.3356166481971741 517
1782931400906 0.4317929744720459 518
1782931400910 0.43601348996162415 519
1782931400913 0.3048914968967438 520
1782931400915 0.599581778049469 521
1782931400918 0.45496758818626404 522
1782931400921 0.3392474055290222 523
1782931400924 0.554071307182312 524
1782931400927 0.28009265661239624 525
1782931400931 0.33959540724754333 526
1782931400934 0.3740163743495941 527
1782931400938 0.5294978618621826 528
1782931400941 0.5792324542999268 529
1782931400944 0.6925585269927979 530
1782931400947 0.5094330906867981 531
1782931400949 0.5803493857383728 532
1782931400954 0.4326658546924591 533
1782931400957 0.33270588517189026 534
1782931400960 0.4138253927230835 535
1782931400962 0.3057316839694977 536
1782931400965 0.4241620600223541 537
1782931400967 0.33975791931152344 538
1782931400970 0.3925175666809082 539
1782931400973 0.7119243144989014 540
1782931400976 0.5604929327964783 541
1782931400978 0.35657793283462524 542
1782931400981 0.4523060619831085 543
1782931400984 0.4901730418205261 544
1782931400987 0.32254913449287415 545
1782931400990 0.2886222004890442 546
1782931400993 0.24488677084445953 547
1782931400995 0.4450913667678833 548
1782931400998 0.5951690077781677 549
1782931401001 0.4677104949951172 550
1782931401004 0.5731313824653625 551
1782931401007 0.8373390436172485 552
1782931401009 0.5513426661491394 553
1782931401012 0.36759138107299805 554
1782931401014 0.4129180610179901 555
1782931401017 0.31096121668815613 556
1782931401020 0.47825416922569275 557
1782931401023 0.6119737029075623 558
1782931401025 0.9585251212120056 559
1782931401028 0.7093495726585388 560
1782931401030 0.2897781431674957 561
1782931401033 0.640396237373352 562
1782931401036 0.6167471408843994 563
1782931401039 0.746406614780426 564
1782931401041 0.36703911423683167 565
1782931401044 0.31386440992355347 566
1782931401047 0.34992915391921997 567
1782931401049 0.6627454161643982 568
1782931401052 0.4858751893043518 569
1782931401056 0.3752381503582001 570
1782931401059 0.5384314060211182 571
1782931401061 0.24546034634113312 572
1782931401064 0.65835040807724 573
1782931401068 0.30025702714920044 574
1782931401071 0.38374578952789307 575
1782931401075 0.3468224108219147 576
1782931401077 0.28963667154312134 577
1782931401079 0.37338289618492126 578
1782931401082 0.4738965332508087 579
1782931401084 0.5771855115890503 580
1782931401105 0.5182574987411499 581
1782931401107 0.36605304479599 582
1782931401109 0.766105592250824 583
1782931401118 0.3529626727104187 584
1782931401126 0.30991530418395996 585
1782931401128 0.5974022150039673 586
1782931401131 0.4305284321308136 587
1782931401134 0.25788140296936035 588
1782931401200 0.37881115078926086 589
1782931401250 0.4069449007511139 590
1782931401280 0.36829495429992676 591
1782931401298 0.4153165817260742 592
1782931401301 0.34039539098739624 593
1782931401304 0.3501628339290619 594
1782931401323 0.38715797662734985 595
1782931401326 0.263385534286499 596
1782931401329 0.5828353762626648 597
1782931401374 0.6936367154121399 598
1782931401378 0.5846933722496033 599
1782931401381 0.6183021068572998 600
1782931401434 0.8081099390983582 601
1782931401545 0.18519487977027893 602
1782931401550 0.43318474292755127 603
1782931401552 0.3324679732322693 604
1782931401621 0.5048368573188782 605
1782931401650 0.2588338851928711 606
1782931401674 0.3533381223678589 607
1782931401681 0.2206110954284668 608
1782931401703 0.41671934723854065 609
1782931401706 0.5032781958580017 610
1782931401709 0.2341078370809555 611
1782931401711 0.6101024746894836 612
1782931401714 0.2723243832588196 613
1782931401764 0.29273825883865356 614
1782931401791 0.5579635500907898 615
1782931401794 0.32992735505104065 616
1782931401833 0.29659754037857056 617
1782931401851 0.4786500036716461 618
1782931401982 0.3465557396411896 619
1782931402010 0.4172443151473999 620
1782931402054 0.40409547090530396 621
1782931402060 0.18099676072597504 622
1782931402115 0.3606756031513214 623
1782931402207 0.3656899631023407 624
1782931402210 0.26993703842163086 625
1782931402213 0.24035702645778656 626
1782931402215 0.4699924886226654 627
1782931402219 0.6148204803466797 628
1782931402223 0.2801368236541748 629
1782931402226 0.44048020243644714 630
1782931402228 0.41574516892433167 631
1782931402230 0.26820066571235657 632
1782931402233 0.38374361395835876 633
1782931402236 0.2204587608575821 634
1782931402239 0.49672842025756836 635
1782931402242 0.5129324793815613 636
1782931402245 0.356423020362854 637
1782931402247 0.41847965121269226 638
1782931402250 0.3538411259651184 639
1782931402254 0.17880336940288544 640
1782931402256 0.20749182999134064 641
1782931402260 0.4599531590938568 642
1782931402263 0.34183257818222046 643
1782931402265 0.2449454963207245 644
1782931402268 0.198472797870636 645
1782931402271 0.33244073390960693 646
1782931402274 0.46838903427124023 647
1782931402277 0.4533916711807251 648
1782931402280 0.260526567697525 649
1782931402283 0.6358287930488586 650
1782931402296 0.6741252541542053 651
1782931402314 0.2793792486190796 652
1782931402322 0.5896334648132324 653
1782931402325 0.3103877604007721 654
1782931402327 0.4318961799144745 655
1782931402330 0.5843079090118408 656
1782931402336 0.803821861743927 657
1782931402340 0.31058385968208313 658
1782931402342 0.40589839220046997 659
1782931402347 0.3913845419883728 660
1782931402371 0.35587918758392334 661
1782931402376 0.6289029121398926 662
1782931402378 0.4264081120491028 663
1782931402380 0.4781065881252289 664
1782931402382 0.4940025210380554 665
1782931402384 0.4284062385559082 666
1782931402389 0.34399887919425964 667
1782931402419 0.31848493218421936 668
1782931402439 0.44066187739372253 669
1782931402460 0.3778897821903229 670
1782931402462 0.43584251403808594 671
1782931402464 0.3845106065273285 672
1782931402561 0.3698503375053406 673
1782931402586 0.37310805916786194 674
1782931402595 0.4839342534542084 675
1782931402598 0.29959481954574585 676
1782931402605 0.7411187887191772 677
1782931402608 0.37653619050979614 678
1782931402610 0.538589358329773 679
1782931402613 0.5819334387779236 680
1782931402616 0.40164420008659363 681
1782931402619 0.4283849596977234 682
1782931402623 0.3953096866607666 683
1782931402626 0.4307405948638916 684
1782931402631 0.5301578640937805 685
1782931402635 0.2807115614414215 686
1782931402638 0.5064761638641357 687
1782931402641 0.34497854113578796 688
1782931402644 0.3473322093486786 689
1782931402646 0.3792996108531952 690
1782931402649 0.6569260954856873 691
1782931402654 0.37826552987098694 692
1782931402662 0.5602351427078247 693
1782931402664 0.26606228947639465 694
1782931402667 0.34063199162483215 695
1782931402670 0.6116243004798889 696
1782931402674 0.29603564739227295 697
1782931402676 0.28001245856285095 698
1782931402679 0.3397926390171051 699
1782931402682 0.3435450494289398 700
1782931402686 0.437561959028244 701
1782931402689 0.6148657202720642 702
1782931402692 0.34884926676750183 703
1782931402695 0.3250475823879242 704
1782931402698 0.4581189453601837 705
1782931402702 0.35710740089416504 706
1782931402705 0.26840606331825256 707
1782931402708 0.3183567523956299 708
1782931402710 0.22224260866641998 709
1782931402713 0.29064837098121643 710
1782931402715 0.5264692902565002 711
1782931402718 0.4832884967327118 712
1782931402721 0.2739431858062744 713
1782931402724 0.27952831983566284 714
1782931402727 0.653899073600769 715
1782931402729 0.6392769813537598 716
1782931402732 0.2163773775100708 717
1782931402735 0.5920425653457642 718
1782931402738 0.5029897093772888 719
1782931402741 0.5010320544242859 720
1782931402744 0.5211416482925415 721
1782931402746 0.1112014427781105 722
1782931402750 0.43470481038093567 723
1782931402756 0.21155908703804016 724
1782931402759 0.25491762161254883 725
1782931402761 0.45537662506103516 726
1782931402764 0.41140294075012207 727
1782931402767 0.4138157367706299 728
1782931402770 0.4692646861076355 729
1782931402773 0.2893048822879791 730
1782931402776 0.23820602893829346 731
1782931402779 0.3633771538734436 732
1782931402781 0.5979126691818237 733
1782931402784 0.4792141616344452 734
1782931402787 0.6653243899345398 735
1782931402790 0.36203470826148987 736
1782931402793 0.438039094209671 737
1782931402796 0.34539321064949036 738
1782931402798 0.24037620425224304 739
1782931402802 0.395966500043869 740
1782931402805 0.38336414098739624 741
1782931402807 0.6068593859672546 742
1782931402810 0.2639773190021515 743
1782931402813 0.5399819016456604 744
1782931402815 0.6925323605537415 745
1782931402818 0.28075841069221497 746
1782931402821 0.1835871785879135 747
1782931402824 0.529217004776001 748
1782931402834 0.5589942336082458 749
1782931402842 0.240711510181427 750
1782931402844 0.18981842696666718 751
1782931402847 0.3047444224357605 752
1782931402850 0.3336029350757599 753
1782931402853 0.5583680272102356 754
1782931402856 0.5342771410942078 755
1782931402858 0.5266352295875549 756
1782931402861 0.43448054790496826 757
1782931402863 0.3620651364326477 758
1782931402867 0.39205577969551086 759
1782931402870 0.1983252763748169 760
1782931402873 0.2510623037815094 761
1782931402877 0.5787419080734253 762
1782931402882 0.41415831446647644 763
1782931402888 0.4145835041999817 764
1782931402900 0.2586676776409149 765
1782931402914 0.1987793892621994 766
1782931402923 0.29043805599212646 767
1782931402926 0.5601284503936768 768
1782931402929 0.32272055745124817 769
1782931402932 0.1698242872953415 770
1782931402936 0.5865724086761475 771
1782931403053 0.6309775114059448 772
1782931403105 0.3759852349758148 773
1782931403107 0.30442917346954346 774
1782931403109 0.6247488260269165 775
1782931403111 0.4304269254207611 776
1782931403113 0.4867214560508728 777
1782931403115 0.41571763157844543 778
1782931403117 0.3042578399181366 779
1782931403120 0.624995768070221 780
1782931403122 0.2634056508541107 781
1782931403123 0.664030134677887 782
1782931403125 0.45716172456741333 783
1782931403127 0.35467901825904846 784
1782931403129 0.2486356794834137 785
1782931403131 0.2521168887615204 786
1782931403135 0.47381681203842163 787
1782931403139 0.5633950233459473 788
1782931403141 0.4290003180503845 789
1782931403143 0.08410650491714478 790
1782931403145 0.21101921796798706 791
1782931403147 0.4042515158653259 792
1782931403149 0.8949663639068604 793
1782931403152 0.27780473232269287 794
1782931403154 0.40982604026794434 795
1782931403157 0.1856049746274948 796
1782931403159 0.35903868079185486 797
1782931403160 0.6636004447937012 798
1782931403162 0.4166017472743988 799
1782931403164 0.27749744057655334 800
1782931403167 0.31829264760017395 801
1782931403171 0.3979860544204712 802
1782931403173 0.39298325777053833 803
1782931403175 0.22651897370815277 804
1782931403177 0.6260719299316406 805
1782931403179 0.3906855881214142 806
1782931403181 0.31185200810432434 807
1782931403183 0.37620553374290466 808
1782931403185 0.2678535282611847 809
1782931403188 0.2056390345096588 810
1782931403189 0.3019830286502838 811
1782931403193 0.2684131860733032 812
1782931403197 0.329062819480896 813
1782931403198 0.6881251931190491 814
1782931403201 0.5389671325683594 815
1782931403203 0.17722754180431366 816
1782931403206 0.2511959373950958 817
1782931403208 0.6352658867835999 818
1782931403210 0.46141692996025085 819
1782931403212 0.3550025522708893 820
1782931403214 0.2689115107059479 821
1782931403217 0.6326740980148315 822
1782931403220 0.4442807734012604 823
1782931403222 0.34136325120925903 824
1782931403224 0.28001561760902405 825
1782931403226 0.27284133434295654 826
1782931403228 0.24774472415447235 827
1782931403230 0.254754900932312 828
1782931403232 0.3364846706390381 829
1782931403234 0.24669988453388214 830
1782931403236 0.3917679190635681 831
1782931403238 0.28911328315734863 832
1782931403241 0.2854366600513458 833
1782931403243 0.5201192498207092 834
1782931403245 0.2565276622772217 835
1782931403247 0.6155182123184204 836
1782931403249 0.20838519930839539 837
1782931403251 0.6043097376823425 838
1782931403253 0.3217160701751709 839
1782931403255 0.19854944944381714 840
1782931403257 0.5845121145248413 841
1782931403259 0.4959595799446106 842
1782931403261 0.3092055022716522 843
1782931403263 0.291941374540329 844
1782931403265 0.5292797684669495 845
1782931403270 0.4694965183734894 846
1782931403272 0.11070778220891953 847
1782931403276 0.5083053112030029 848
1782931403278 0.21799126267433167 849
1782931403280 0.39544355869293213 850
1782931403281 0.18363012373447418 851
1782931403285 0.5197675228118896 852
1782931403288 0.2474704533815384 853
1782931403290 0.26026663184165955 854
1782931403292 0.38230517506599426 855
1782931403294 0.2787370979785919 856
1782931403296 0.4398649036884308 857
1782931403303 0.19556018710136414 858
1782931403306 0.24770404398441315 859
1782931403308 0.33558520674705505 860
1782931403310 0.2598317861557007 861
1782931403312 0.2933196425437927 862
1782931403314 0.3175789713859558 863
1782931403316 0.4365769922733307 864
1782931403319 0.3781927227973938 865
1782931403321 0.48137879371643066 866
1782931403323 0.32501354813575745 867
1782931403325 0.6324801445007324 868
1782931403327 0.3360750079154968 869
1782931403329 0.6159438490867615 870
1782931403331 0.39881429076194763 871
1782931403333 0.3649246394634247 872
1782931403335 0.3823147714138031 873
1782931403337 0.39717555046081543 874
1782931403339 0.39174404740333557 875
1782931403340 0.4762006103992462 876
1782931403342 0.2963277995586395 877
1782931403344 0.5751193165779114 878
1782931403346 0.5483120083808899 879
1782931403348 0.6139419078826904 880
1782931403350 0.3437647819519043 881
1782931403352 0.23746462166309357 882
1782931403354 0.4086697995662689 883
1782931403356 0.2561822235584259 884
1782931403358 0.32574212551116943 885
1782931403360 0.32018595933914185 886
1782931403362 0.40797603130340576 887
1782931403364 0.5469698905944824 888
1782931403366 0.21985803544521332 889
1782931403368 0.3428833782672882 890
1782931403372 0.31602850556373596 891
1782931403375 0.5257266163825989 892
1782931403377 0.43963271379470825 893
1782931403379 0.3608943223953247 894
1782931403383 0.47876912355422974 895
1782931403386 0.49207761883735657 896
1782931403388 0.3493327796459198 897
1782931403390 0.40724894404411316 898
1782931403392 0.16775141656398773 899
1782931403394 0.17241105437278748 900
1782931403396 0.5762957334518433 901
1782931403404 0.11741258203983307 902
1782931403417 0.20397396385669708 903
1782931403458 0.28580063581466675 904
1782931403463 0.30667346715927124 905
1782931403467 0.4185340404510498 906
1782931403470 0.3551347553730011 907
1782931403473 0.3903332054615021 908
1782931403476 0.1357087790966034 909
1782931403489 0.33465784788131714 910
1782931403492 0.2746141850948334 911
1782931403496 0.5537692904472351 912
1782931403506 0.33036890625953674 913
1782931403541 0.48653241991996765 914
1782931403564 0.428737074136734 915
1782931403576 0.15513508021831512 916
1782931403600 0.17132730782032013 917
1782931403604 0.5745999813079834 918
1782931403606 0.3497825860977173 919
1782931403613 0.3269466459751129 920
1782931403617 0.5421563982963562 921
1782931403621 0.2646772265434265 922
1782931403624 0.2705134153366089 923
1782931403630 0.2777065634727478 924
1782931403633 0.4887177646160126 925
1782931403646 0.3488451838493347 926
1782931403653 0.14906646311283112 927
1782931403657 0.08316777646541595 928
1782931403699 0.33975520730018616 929
1782931403714 0.6945561766624451 930
1782931403723 0.22873656451702118 931
1782931403753 0.2797837555408478 932
1782931403762 0.4305751919746399 933
1782931403783 0.21674931049346924 934
1782931403863 0.3718293607234955 935
1782931403903 0.20568278431892395 936
1782931403963 0.4628676176071167 937
1782931404021 0.2915290296077728 938
1782931404050 0.46287214756011963 939
1782931404054 0.23996013402938843 940
1782931404056 0.4589359760284424 941
1782931404059 0.5034419894218445 942
1782931404062 0.2823067307472229 943
1782931404064 0.3546190857887268 944
1782931404122 0.10974733531475067 945
1782931404178 0.4691239893436432 946
1782931404184 0.23902520537376404 947
1782931404189 0.1190100908279419 948
1782931404193 0.7376682758331299 949
1782931404243 0.2359790802001953 950
1782931404285 0.32777586579322815 951
1782931404294 0.49088165163993835 952
1782931404296 0.5510772466659546 953
1782931404316 0.5068559050559998 954
1782931404319 0.4308222532272339 955
1782931404321 0.3274075984954834 956
1782931404323 0.3207641839981079 957
1782931404324 0.437883198261261 958
1782931404352 0.2714623808860779 959
1782931404355 0.14423449337482452 960
1782931404361 0.8096883296966553 961
1782931404368 0.30832573771476746 962
1782931404404 0.44263219833374023 963
1782931404407 0.33845800161361694 964
1782931404423 0.276071161031723 965
1782931404437 0.26575809717178345 966
1782931404453 0.4828701913356781 967
1782931404456 0.6967318058013916 968
1782931404464 0.5424255728721619 969
1782931404467 0.21511343121528625 970
1782931404470 0.3181404769420624 971
1782931404473 0.1640760451555252 972
1782931404475 0.29106828570365906 973
1782931404478 0.4925581216812134 974
1782931404480 0.29261314868927 975
1782931404483 0.3361964225769043 976
1782931404485 0.2648720145225525 977
1782931404488 0.2577396333217621 978
1782931404492 0.34733033180236816 979
1782931404495 0.2532291114330292 980
1782931404497 0.4802932143211365 981
1782931404499 0.3556744456291199 982
1782931404502 0.3269488513469696 983
1782931404506 0.5215314030647278 984
1782931404508 0.538929283618927 985
1782931404511 0.42519688606262207 986
1782931404513 0.31316059827804565 987
1782931404516 0.42950427532196045 988
1782931404518 0.49951601028442383 989
1782931404521 0.29688432812690735 990
1782931404524 0.15625518560409546 991
1782931404527 0.1941741555929184 992
1782931404529 0.35122209787368774 993
1782931404532 0.4828632175922394 994
1782931404534 0.3450990617275238 995
1782931404538 0.3746965527534485 996
1782931404540 0.25846028327941895 997
1782931404543 0.4753706455230713 998
1782931404570 0.3679138123989105 999
1782931404575 0.3536950647830963 1000
1782931404630 0.5265247225761414 1001
1782931404633 0.42052650451660156 1002
1782931404674 0.5367072224617004 1003
1782931404792 0.25482556223869324 1004
1782931404928 0.41498374938964844 1005
1782931404946 0.35929441452026367 1006
1782931404964 0.14947623014450073 1007
1782931405061 0.3701241612434387 1008
1782931405065 0.23214051127433777 1009
1782931405069 0.6002278923988342 1010
1782931405072 0.13902734220027924 1011
1782931405075 0.7027302980422974 1012
1782931405123 0.42668524384498596 1013
1782931405129 0.17348451912403107 1014
1782931405143 0.6641188859939575 1015
1782931405152 0.5354740619659424 1016
1782931405155 0.23788349330425262 1017
1782931405158 0.3981260061264038 1018
1782931405162 0.1441139429807663 1019
1782931405165 0.31322407722473145 1020
1782931405186 0.5303839445114136 1021
1782931405262 0.3230668306350708 1022
1782931405277 0.4214935004711151 1023
1782931405285 0.3719387650489807 1024
1782931405305 0.09997472167015076 1025
1782931405308 0.16899804770946503 1026
1782931405311 0.2487127035856247 1027
1782931405314 0.2817363440990448 1028
1782931405316 0.485321581363678 1029
1782931405320 0.3633916974067688 1030
1782931405323 0.30956539511680603 1031
1782931405351 0.3412329852581024 1032
1782931405496 0.24862657487392426 1033
1782931405525 0.28450724482536316 1034
1782931405604 0.7090628743171692 1035
1782931405715 0.42097145318984985 1036
1782931405845 0.32709917426109314 1037
1782931405989 0.3557831346988678 1038
1782931406027 0.4664863646030426 1039
1782931406030 0.3435600697994232 1040
1782931406079 0.15334230661392212 1041
1782931406084 0.3999960422515869 1042
1782931406092 0.23798313736915588 1043
1782931406095 0.3646150529384613 1044
1782931406098 0.1312844157218933 1045
1782931406101 0.5401564240455627 1046
1782931406117 0.4559582471847534 1047
1782931406121 0.3129556179046631 1048
1782931406124 0.5414135456085205 1049
1782931406126 0.1676870733499527 1050
1782931406129 0.20965614914894104 1051
1782931406131 0.17854908108711243 1052
1782931406134 0.26689231395721436 1053
1782931406160 0.18774959444999695 1054
1782931406175 0.3687727749347687 1055
1782931406177 0.5669156312942505 1056
1782931406179 0.44311514496803284 1057
1782931406181 0.2527070641517639 1058
1782931406185 0.1854197084903717 1059
1782931406234 0.299339234828949 1060
1782931406239 0.4519561231136322 1061
1782931406243 0.3010641634464264 1062
1782931406297 0.6528838872909546 1063
1782931406306 0.4630068838596344 1064
1782931406369 0.30957746505737305 1065
1782931406435 0.4426344633102417 1066
1782931406497 0.7126986980438232 1067
1782931406500 0.3908085525035858 1068
1782931406585 0.38272374868392944 1069
1782931406628 0.6007810235023499 1070
1782931406632 0.6259323954582214 1071
1782931406645 0.3899152874946594 1072
1782931406670 0.30593007802963257 1073
1782931406677 0.30367061495780945 1074
1782931406682 0.35349467396736145 1075
1782931406707 0.22109267115592957 1076
1782931406709 0.3142688274383545 1077
1782931406711 0.3628976345062256 1078
1782931406713 0.39348074793815613 1079
1782931406716 0.2927258014678955 1080
1782931406718 0.5894179344177246 1081
1782931406720 0.11503387987613678 1082
1782931406723 0.34996166825294495 1083
1782931406726 0.3400622308254242 1084
1782931406728 0.16348592936992645 1085
1782931406731 0.3866066634654999 1086
1782931406734 0.4937368631362915 1087
1782931406738 0.31565892696380615 1088
1782931406741 0.4566856920719147 1089
1782931406744 0.25746944546699524 1090
1782931406747 0.48457783460617065 1091
1782931406750 0.5006837844848633 1092
1782931406753 0.4036588668823242 1093
1782931406769 0.40244367718696594 1094
1782931406771 0.17978735268115997 1095
1782931406773 0.23540519177913666 1096
1782931406775 0.28613635897636414 1097
1782931406777 0.25710010528564453 1098
1782931406779 0.49148258566856384 1099
1782931406781 0.36454179883003235 1100
1782931406783 0.37442702054977417 1101
1782931406885 0.41080835461616516 1102
1782931406895 0.8263808488845825 1103
1782931406907 0.6979097127914429 1104
1782931406922 0.308811217546463 1105
1782931406945 0.41116058826446533 1106
1782931406984 0.2374943494796753 1107
1782931407119 0.5816171765327454 1108
1782931407159 0.6405525207519531 1109
1782931407178 0.18054187297821045 1110
1782931407183 0.1536024510860443 1111
1782931407218 0.24269208312034607 1112
1782931407221 0.29346251487731934 1113
1782931407224 0.10532311350107193 1114
1782931407265 0.27760326862335205 1115
1782931407353 0.5316863656044006 1116
1782931407364 0.3387616276741028 1117
1782931407473 0.41528043150901794 1118
1782931407528 0.5960632562637329 1119
1782931407598 0.12300124019384384 1120
1782931407697 0.46724197268486023 1121
1782931407770 0.2345544844865799 1122
1782931407808 0.2934936583042145 1123
1782931407812 0.3884679973125458 1124
1782931407841 0.2667355239391327 1125
1782931407844 0.18377037346363068 1126
1782931407847 0.22867412865161896 1127
1782931407850 0.248647540807724 1128
1782931407854 0.36981675028800964 1129
1782931407919 0.5562351942062378 1130
1782931407964 0.39630869030952454 1131
1782931407967 0.37087520956993103 1132
1782931407973 0.3660980463027954 1133
1782931407977 0.12156086415052414 1134
1782931407980 0.32040321826934814 1135
1782931407982 0.22850538790225983 1136
1782931407989 0.18530376255512238 1137
1782931407993 0.5591111183166504 1138
1782931407996 0.6684847474098206 1139
1782931408001 0.4733985364437103 1140
1782931408004 0.3392433524131775 1141
1782931408056 0.44918107986450195 1142
1782931408116 0.3857034742832184 1143
1782931408120 0.40404969453811646 1144
1782931408123 0.3319680988788605 1145
1782931408165 0.35882800817489624 1146
1782931408192 0.3198956549167633 1147
1782931408204 0.3046221137046814 1148
1782931408251 0.28656652569770813 1149
1782931408255 0.3203657865524292 1150
1782931408362 0.48269742727279663 1151
1782931408386 0.2843643128871918 1152
1782931408419 0.20969870686531067 1153
1782931408530 0.4847772419452667 1154
1782931408588 0.4379040002822876 1155
1782931408702 0.31880033016204834 1156
1782931408814 0.2133176326751709 1157
1782931408845 0.7023810148239136 1158
1782931408859 0.13909423351287842 1159
1782931408886 0.43980494141578674 1160
1782931408903 0.281264066696167 1161
1782931409058 0.33050230145454407 1162
1782931409072 0.2132040411233902 1163
1782931409092 0.18012754619121552 1164
1782931409169 0.16712713241577148 1165
1782931409187 0.47915372252464294 1166
1782931409228 0.13028420507907867 1167
1782931409234 0.4041098952293396 1168
1782931409244 0.17820000648498535 1169
1782931409247 0.809628963470459 1170
1782931409252 0.5546414852142334 1171
1782931409256 0.5190129280090332 1172
1782931409259 0.24869322776794434 1173
1782931409262 0.40931257605552673 1174
1782931409264 0.4468725323677063 1175
1782931409270 0.32820022106170654 1176
1782931409274 0.4639737606048584 1177
1782931409277 0.3431244194507599 1178
1782931409279 0.2535293996334076 1179
1782931409282 0.4534921646118164 1180
1782931409286 0.5212090611457825 1181
1782931409289 0.15285830199718475 1182
1782931409291 0.3094421625137329 1183
1782931409294 0.41509944200515747 1184
1782931409297 0.10023625940084457 1185
1782931409300 0.18161894381046295 1186
1782931409303 0.31302231550216675 1187
1782931409307 0.3902343809604645 1188
1782931409310 0.5701568722724915 1189
1782931409313 0.4592095911502838 1190
1782931409316 0.2585219740867615 1191
1782931409320 0.5230106115341187 1192
1782931409323 0.36176908016204834 1193
1782931409326 0.2981429100036621 1194
1782931409330 0.40302178263664246 1195
1782931409332 0.15474192798137665 1196
1782931409336 0.14995020627975464 1197
1782931409339 0.3746471107006073 1198
1782931409343 0.2987942695617676 1199
1782931409347 0.2925378382205963 1200
1782931409349 0.439272940158844 1201
1782931409376 0.21330155432224274 1202
1782931409379 0.15651695430278778 1203
1782931409382 0.20063042640686035 1204
1782931409386 0.46542513370513916 1205
1782931409397 0.5011640191078186 1206
1782931409434 0.3851073980331421 1207
1782931409448 0.19664043188095093 1208
1782931409496 0.48922309279441833 1209
1782931409616 0.3301059901714325 1210
1782931409704 0.1759154051542282 1211
1782931409716 0.31224381923675537 1212
1782931409914 0.5097567439079285 1213
1782931409947 0.19538240134716034 1214
1782931410090 0.22020132839679718 1215
1782931410222 0.349327951669693 1216
1782931410238 0.1732722669839859 1217
1782931410281 0.34218770265579224 1218
1782931410294 0.31111055612564087 1219
1782931410297 0.20717164874076843 1220
1782931410300 0.5654705166816711 1221
1782931410303 0.43032029271125793 1222
1782931410311 0.267145037651062 1223
1782931410317 0.4127117395401001 1224
1782931410323 0.1460203379392624 1225
1782931410358 0.27626726031303406 1226
1782931410361 0.11617468297481537 1227
1782931410364 0.45776426792144775 1228
1782931410376 0.6567352414131165 1229
1782931410379 0.22349199652671814 1230
1782931410405 0.31454023718833923 1231
1782931410408 0.5236539244651794 1232
1782931410412 0.20967698097229004 1233
1782931410419 0.48442086577415466 1234
1782931410439 0.3729180693626404 1235
1782931410475 0.5698846578598022 1236
1782931410597 0.6281893849372864 1237
1782931410657 0.4765112102031708 1238
1782931410676 0.6820336580276489 1239
1782931410679 0.4767798185348511 1240
1782931410683 0.07271954417228699 1241
1782931410713 0.48273104429244995 1242
1782931410723 0.5480076670646667 1243
1782931410739 0.33198556303977966 1244
1782931410744 0.21384644508361816 1245
1782931410749 0.18376243114471436 1246
1782931410752 0.3203096091747284 1247
1782931410780 0.19819214940071106 1248
1782931410785 0.47627103328704834 1249
1782931410792 0.30345574021339417 1250
1782931410796 0.4279780387878418 1251
1782931410807 0.30208516120910645 1252
1782931410811 0.3188878893852234 1253
1782931410814 0.29394736886024475 1254
1782931410819 0.633854329586029 1255
1782931410823 0.4983383119106293 1256
1782931410831 0.6788932085037231 1257
1782931410836 0.39119091629981995 1258
1782931410880 0.4619329869747162 1259
1782931410885 0.21700048446655273 1260
1782931410919 0.5439905524253845 1261
1782931411072 0.6797178983688354 1262
1782931411102 0.2456238716840744 1263
1782931411110 0.26572883129119873 1264
1782931411113 0.2234157919883728 1265
1782931411115 0.3347996473312378 1266
1782931411142 0.5106455087661743 1267
1782931411240 0.28368091583251953 1268
1782931411283 0.19460830092430115 1269
1782931411345 0.14120185375213623 1270
1782931411356 0.191524937748909 1271
1782931411359 0.39615964889526367 1272
1782931411361 0.239383727312088 1273
1782931411364 0.3456517159938812 1274
1782931411372 0.3591521978378296 1275
1782931411375 0.6266745924949646 1276
1782931411381 0.21291601657867432 1277
1782931411384 0.45494693517684937 1278
1782931411427 0.2207828313112259 1279
1782931411430 0.2529206871986389 1280
1782931411433 0.43889179825782776 1281
1782931411448 0.3633735179901123 1282
1782931411452 0.3105015456676483 1283
1782931411456 0.6093059182167053 1284
1782931411465 0.16576619446277618 1285
1782931411485 0.14871209859848022 1286
1782931411488 0.37520965933799744 1287
1782931411491 0.274463415145874 1288
1782931411495 0.4390680491924286 1289
1782931411497 0.1207379400730133 1290
1782931411500 0.3172531723976135 1291
1782931411503 0.27456578612327576 1292
1782931411506 0.2883821725845337 1293
1782931411508 0.14278464019298553 1294
1782931411511 0.33748242259025574 1295
1782931411513 0.2340439110994339 1296
1782931411534 0.27166426181793213 1297
1782931411548 0.1440252810716629 1298
1782931411580 0.23088452219963074 1299
1782931411595 0.26605284214019775 1300
1782931411630 0.2758277356624603 1301
1782931411684 0.10429134964942932 1302
1782931411689 0.15323342382907867 1303
1782931411717 0.40767115354537964 1304
1782931411720 0.3708339035511017 1305
1782931411723 0.2945258915424347 1306
1782931411730 0.4087139666080475 1307
1782931411733 0.6351140737533569 1308
1782931411736 0.5404155254364014 1309
1782931411773 0.2514452338218689 1310
1782931411780 0.3459620177745819 1311
1782931411782 0.37269094586372375 1312
1782931411785 0.4128747880458832 1313
1782931411788 0.5887998342514038 1314
1782931411791 0.21545714139938354 1315
1782931411794 0.23568440973758698 1316
1782931411797 0.24093741178512573 1317
1782931411801 0.179193913936615 1318
1782931411804 0.14155195653438568 1319
1782931411808 0.1495816558599472 1320
1782931411811 0.2697085738182068 1321
1782931411814 0.4164440929889679 1322
1782931411821 0.4781799018383026 1323
1782931411827 0.48795926570892334 1324
1782931411830 0.3961595892906189 1325
1782931411833 0.5349854230880737 1326
1782931411935 0.1751008927822113 1327
1782931411992 0.4266188442707062 1328
1782931411996 0.5568191409111023 1329
1782931412013 0.2761548161506653 1330
1782931412026 0.12493579089641571 1331
1782931412041 0.5497646331787109 1332
1782931412088 0.20800471305847168 1333
1782931412139 0.38607290387153625 1334
1782931412142 0.3243228793144226 1335
1782931412145 0.3849667012691498 1336
1782931412180 0.48487886786460876 1337
1782931412184 0.4761108458042145 1338
1782931412276 0.2766678035259247 1339
1782931412283 0.2626124322414398 1340
1782931412322 0.5223117470741272 1341
1782931412446 0.2942127287387848 1342
1782931412572 0.4357912838459015 1343
1782931412651 0.25722938776016235 1344
1782931412655 0.3359229266643524 1345
1782931412723 0.6941791772842407 1346
1782931412774 0.21136415004730225 1347
1782931412831 0.3508490025997162 1348
1782931412839 0.15418675541877747 1349
1782931412864 0.4821120798587799 1350
1782931412977 0.09914405643939972 1351
1782931413097 0.38903719186782837 1352
1782931413100 0.36715927720069885 1353
1782931413105 0.48533520102500916 1354
1782931413176 0.4507266581058502 1355
1782931413224 0.33045902848243713 1356
1782931413240 0.14497138559818268 1357
1782931413246 0.2631811201572418 1358
1782931413250 0.11926676332950592 1359
1782931413256 0.4217388331890106 1360
1782931413259 0.3429495096206665 1361
1782931413267 0.5375998616218567 1362
1782931413270 0.3672325909137726 1363
1782931413273 0.42003464698791504 1364
1782931413323 0.14688856899738312 1365
1782931413373 0.8652390837669373 1366
1782931413389 0.3436554968357086 1367
1782931413406 0.40460920333862305 1368
1782931413426 0.2142156958580017 1369
1782931413444 0.2502455413341522 1370
1782931413456 0.4890149235725403 1371
1782931413533 0.3841177821159363 1372
1782931413597 0.204278364777565 1373
1782931413601 0.4781469702720642 1374
1782931413695 0.286886602640152 1375
1782931413754 0.33358797430992126 1376
1782931413763 0.3713527321815491 1377
1782931413874 0.3473522961139679 1378
1782931414024 0.4290121793746948 1379
1782931414125 0.1925259232521057 1380
1782931414216 0.469206303358078 1381
1782931414265 0.29858115315437317 1382
1782931414269 0.6379535794258118 1383
1782931414271 0.17750220000743866 1384
1782931414338 0.22313503921031952 1385
1782931414374 0.13226141035556793 1386
1782931414381 0.8711222410202026 1387
1782931414385 0.11818469315767288 1388
1782931414404 0.37364301085472107 1389
1782931414457 0.3073348104953766 1390
1782931414460 0.4218466579914093 1391
1782931414463 0.8448296189308167 1392
1782931414591 0.2555203139781952 1393
1782931414616 0.4434342682361603 1394
1782931414739 0.5823978781700134 1395
1782931414793 0.21228091418743134 1396
1782931414831 0.10644493997097015 1397
1782931414907 0.4115295112133026 1398
1782931415052 0.29538583755493164 1399
1782931415187 0.3949657082557678 1400
1782931415259 0.9377618432044983 1401
1782931415296 0.3395286798477173 1402
1782931415302 0.08239291608333588 1403
1782931415307 0.20008547604084015 1404
1782931415334 0.4155420958995819 1405
1782931415357 0.22582325339317322 1406
1782931415360 0.2608811855316162 1407
1782931415362 0.86666339635849 1408
1782931415365 0.2923559844493866 1409
1782931415368 0.25994399189949036 1410
1782931415370 0.2653869688510895 1411
1782931415373 0.23930084705352783 1412
1782931415376 0.22353048622608185 1413
1782931415397 0.2503088116645813 1414
1782931415401 0.14730365574359894 1415
1782931415404 0.28303101658821106 1416
1782931415407 0.21657541394233704 1417
1782931415409 0.1656462550163269 1418
1782931415412 0.5020229816436768 1419
1782931415414 0.21615470945835114 1420
1782931415417 0.13286879658699036 1421
1782931415419 0.34119412302970886 1422
1782931415422 0.3818814754486084 1423
1782931415425 0.21220901608467102 1424
1782931415427 0.237811878323555 1425
1782931415430 0.49099376797676086 1426
1782931415433 0.5279439687728882 1427
1782931415436 0.6973659992218018 1428
1782931415439 0.26946017146110535 1429
1782931415442 0.26525241136550903 1430
1782931415444 0.23635630309581757 1431
1782931415447 0.46032530069351196 1432
1782931415451 0.7514309883117676 1433
1782931415454 0.23557332158088684 1434
1782931415457 0.35497209429740906 1435
1782931415460 0.39415431022644043 1436
1782931415462 0.33482930064201355 1437
1782931415464 0.42612919211387634 1438
1782931415467 0.4494449198246002 1439
1782931415470 0.2981232702732086 1440
1782931415473 0.19425903260707855 1441
1782931415476 0.18441176414489746 1442
1782931415479 0.3072575032711029 1443
1782931415482 0.358947217464447 1444
1782931415485 0.21370764076709747 1445
1782931415488 0.2357996106147766 1446
1782931415498 0.3232225477695465 1447
1782931415528 0.5085223913192749 1448
1782931415531 0.5414140224456787 1449
1782931415535 0.3494640588760376 1450
1782931415537 0.21428199112415314 1451
1782931415576 0.36959460377693176 1452
1782931415590 0.3987613916397095 1453
1782931415593 0.44443920254707336 1454
1782931415611 0.0815034881234169 1455
1782931415615 0.17929832637310028 1456
1782931415639 0.5807687640190125 1457
1782931415644 0.19771380722522736 1458
1782931415653 0.3737613558769226 1459
1782931415673 0.4061832129955292 1460
1782931415678 0.6960907578468323 1461
1782931415759 0.2183614820241928 1462
1782931415762 0.2581169009208679 1463
1782931415856 0.40691640973091125 1464
1782931415858 0.5175230503082275 1465
1782931415860 0.32048484683036804 1466
1782931415862 0.5532328486442566 1467
1782931415864 0.41332927346229553 1468
1782931415887 0.3294842839241028 1469
1782931415890 0.7081315517425537 1470
1782931415892 0.610457718372345 1471
1782931415894 0.22333844006061554 1472
1782931415903 0.19907662272453308 1473
1782931415927 0.3108123242855072 1474
1782931415931 0.17757253348827362 1475
1782931415934 1.1397377252578735 1476
1782931415937 0.5362600088119507 1477
1782931415940 0.21344271302223206 1478
1782931415943 0.3681200444698334 1479
1782931416074 0.20599940419197083 1480
1782931416077 0.31429052352905273 1481
1782931416095 0.9319313168525696 1482
1782931416231 0.5465558767318726 1483
1782931416339 0.2278800755739212 1484
1782931416392 0.3794844150543213 1485
1782931416396 0.24973078072071075 1486
1782931416447 0.09831377863883972 1487
1782931416466 0.6111878156661987 1488
1782931416539 0.36319825053215027 1489
1782931416552 0.6037784218788147 1490
1782931416555 0.6742888689041138 1491
1782931416627 0.4184572994709015 1492
1782931416665 0.4463784396648407 1493
1782931416675 0.20376288890838623 1494
1782931416685 0.40983763337135315 1495
1782931416689 0.7672591805458069 1496
1782931416692 0.44359153509140015 1497
1782931416695 0.5358977913856506 1498
1782931416724 0.4867795407772064 1499
1782931416759 0.31112053990364075 1500
1782931416762 0.3770587146282196 1501
1782931416773 0.46716782450675964 1502
1782931416785 0.1389894187450409 1503
1782931416795 0.42401090264320374 1504
1782931416798 0.6618799567222595 1505
1782931416802 0.6016969680786133 1506
1782931416805 0.7786263823509216 1507
1782931416807 0.2657109200954437 1508
1782931416810 0.5076263546943665 1509
1782931416813 0.2484980672597885 1510
1782931416816 0.13953976333141327 1511
1782931416819 0.3885692059993744 1512
1782931416822 0.18621906638145447 1513
1782931416825 0.2891124486923218 1514
1782931416828 0.20971053838729858 1515
1782931416831 0.248923197388649 1516
1782931416834 0.24492821097373962 1517
1782931416837 0.2917330265045166 1518
1782931416840 0.34524908661842346 1519
1782931416843 0.16784118115901947 1520
1782931416845 0.14036555588245392 1521
1782931416848 0.279965877532959 1522
1782931416851 0.43541237711906433 1523
1782931416855 0.17377568781375885 1524
1782931416857 0.35708093643188477 1525
1782931416860 0.23053540289402008 1526
1782931416863 0.49754634499549866 1527
1782931416866 0.5473558306694031 1528
1782931416871 0.3151586949825287 1529
1782931416874 0.24679285287857056 1530
1782931416882 0.3447214365005493 1531
1782931416914 0.31680604815483093 1532
1782931416994 0.25118011236190796 1533
1782931417005 0.4384458065032959 1534
1782931417009 0.5825603008270264 1535
1782931417011 0.46457719802856445 1536
1782931417014 0.18955020606517792 1537
1782931417040 0.46410104632377625 1538
1782931417087 0.30650612711906433 1539
1782931417093 0.3070509731769562 1540
1782931417102 0.356175035238266 1541
1782931417106 0.26024338603019714 1542
1782931417115 0.34289950132369995 1543
1782931417119 0.48583847284317017 1544
1782931417122 0.4767869710922241 1545
1782931417126 0.38598743081092834 1546
1782931417129 0.5895006060600281 1547
1782931417133 0.804301917552948 1548
1782931417136 0.6477706432342529 1549
1782931417140 0.821370542049408 1550
1782931417142 0.25380250811576843 1551
1782931417145 0.4106268286705017 1552
1782931417153 0.14463108777999878 1553
1782931417156 0.2934958040714264 1554
1782931417159 0.2714672386646271 1555
1782931417162 0.34155890345573425 1556
1782931417164 0.34917351603507996 1557
1782931417167 0.39493677020072937 1558
1782931417170 0.37563031911849976 1559
1782931417173 0.538737416267395 1560
1782931417175 0.4335803985595703 1561
1782931417178 0.33565834164619446 1562
1782931417181 0.37830299139022827 1563
1782931417188 0.4517643451690674 1564
1782931417190 0.2665751278400421 1565
1782931417193 0.6951248645782471 1566
1782931417195 0.6814239025115967 1567
1782931417198 0.18254141509532928 1568
1782931417204 0.1778441071510315 1569
1782931417213 0.2832498252391815 1570
1782931417216 0.5221491456031799 1571
1782931417219 0.20055392384529114 1572
1782931417232 0.37373462319374084 1573
1782931417336 0.42799460887908936 1574
1782931417427 0.4872402250766754 1575
1782931417431 0.6366050839424133 1576
1782931417438 0.28320974111557007 1577
1782931417442 0.2587142288684845 1578
1782931417445 0.4421433210372925 1579
1782931417455 0.4170929193496704 1580
1782931417463 0.3957339823246002 1581
1782931417466 0.5541703104972839 1582
1782931417470 0.5140604972839355 1583
1782931417473 0.4434913396835327 1584
1782931417476 0.3163210451602936 1585
1782931417480 0.32767051458358765 1586
1782931417483 0.3386082649230957 1587
1782931417487 0.3404477536678314 1588
1782931417490 0.17998360097408295 1589
1782931417493 0.24158020317554474 1590
1782931417495 0.26125606894493103 1591
1782931417499 0.13399553298950195 1592
1782931417504 0.5478106737136841 1593
1782931417507 0.33707475662231445 1594
1782931417511 0.35956621170043945 1595
1782931417513 0.14288559556007385 1596
1782931417516 0.272177517414093 1597
1782931417520 0.4008612334728241 1598
1782931417523 0.4024886190891266 1599
1782931417534 0.6965212821960449 1600
1782931417544 0.18595591187477112 1601
1782931417547 0.31964078545570374 1602
1782931417551 0.5180588960647583 1603
1782931417555 0.2266020029783249 1604
1782931417559 0.11540251225233078 1605
1782931417562 0.35356366634368896 1606
1782931417566 0.32404592633247375 1607
1782931417580 0.3020055294036865 1608
1782931417588 0.35724425315856934 1609
1782931417614 0.2595672011375427 1610
1782931417628 0.13510370254516602 1611
1782931417632 0.3383777439594269 1612
1782931417637 0.1732914298772812 1613
1782931417646 0.1879793256521225 1614
1782931417670 0.22433921694755554 1615
1782931417674 0.28194189071655273 1616
1782931417690 0.21784977614879608 1617
1782931417764 0.45941615104675293 1618
1782931417780 0.3028627932071686 1619
1782931417913 0.1723317950963974 1620
1782931418038 0.23128508031368256 1621
1782931418156 0.23085345327854156 1622
1782931418182 0.3716982305049896 1623
1782931418202 0.20770080387592316 1624
1782931418225 0.24292409420013428 1625
1782931418245 0.12692099809646606 1626
1782931418266 0.4055658280849457 1627
1782931418289 0.13986824452877045 1628
1782931418292 0.34722068905830383 1629
1782931418304 0.28620290756225586 1630
1782931418349 0.2900370657444 1631
1782931418369 0.24313387274742126 1632
1782931418394 0.1786845326423645 1633
1782931418410 0.3729383945465088 1634
1782931418413 0.21929465234279633 1635
1782931418416 0.4332386553287506 1636
1782931418419 0.7610601186752319 1637
1782931418422 0.29160165786743164 1638
1782931418425 0.17161543667316437 1639
1782931418550 0.5614907741546631 1640
1782931418670 0.7157876491546631 1641
1782931418684 0.3313475549221039 1642
1782931418730 0.19241128861904144 1643
1782931418748 0.20631471276283264 1644
1782931418777 0.4992887079715729 1645
1782931418844 0.3272063136100769 1646
1782931418852 0.5470486879348755 1647
1782931418871 0.14873431622982025 1648
1782931418907 0.11591999232769012 1649
1782931418912 0.67842698097229 1650
1782931418917 0.3023204803466797 1651
1782931418921 0.3041713833808899 1652
1782931418926 0.28983965516090393 1653
1782931418953 0.1820356398820877 1654
1782931419043 0.2746572196483612 1655
1782931419064 0.32296743988990784 1656
1782931419068 0.7859707474708557 1657
1782931419072 0.4170534014701843 1658
1782931419075 0.5049253702163696 1659
1782931419079 0.3465805649757385 1660
1782931419082 0.7536619901657104 1661
1782931419085 0.3506040573120117 1662
1782931419104 0.20155245065689087 1663
1782931419108 0.5380926132202148 1664
1782931419111 0.20851172506809235 1665
1782931419113 0.45826956629753113 1666
1782931419118 0.19793426990509033 1667
1782931419122 0.2334091067314148 1668
1782931419137 0.2408321052789688 1669
1782931419141 0.5132224559783936 1670
1782931419153 0.6385347843170166 1671
1782931419156 0.48741990327835083 1672
1782931419160 0.26986342668533325 1673
1782931419163 0.3322555124759674 1674
1782931419167 0.5377943515777588 1675
1782931419171 0.37811073660850525 1676
1782931419175 0.1508980095386505 1677
1782931419178 0.3771796226501465 1678
1782931419183 0.29943233728408813 1679
1782931419239 0.8997729420661926 1680
1782931419252 0.20782993733882904 1681
1782931419353 0.16486461460590363 1682
1782931419384 0.19924907386302948 1683
1782931419391 0.11694762855768204 1684
1782931419395 0.11134850233793259 1685
1782931419404 0.7558974027633667 1686
1782931419420 0.5764842629432678 1687
1782931419423 0.17410528659820557 1688
1782931419430 0.20154628157615662 1689
1782931419516 0.266938179731369 1690
1782931419526 0.18275852501392365 1691
1782931419580 0.22080756723880768 1692
1782931419589 0.25182637572288513 1693
1782931419593 0.22641566395759583 1694
1782931419677 0.15625077486038208 1695
1782931419724 0.23489458858966827 1696
1782931419731 0.30901283025741577 1697
1782931419734 0.4725739061832428 1698
1782931419737 0.3524476885795593 1699
1782931419740 0.30031049251556396 1700
1782931419743 0.4541158080101013 1701
1782931419764 0.21896935999393463 1702
1782931419767 0.16388031840324402 1703
1782931419772 0.6840997338294983 1704
1782931419780 0.478727787733078 1705
1782931419864 0.3446127772331238 1706
1782931419885 0.2517145574092865 1707
1782931419914 0.051302362233400345 1708
1782931419927 0.45756763219833374 1709
1782931419930 0.29994621872901917 1710
1782931419932 0.20126070082187653 1711
1782931419935 0.12148234993219376 1712
1782931419938 0.20217087864875793 1713
1782931419940 0.22145003080368042 1714
1782931419943 0.5109124779701233 1715
1782931419946 0.25265318155288696 1716
1782931419948 0.1914816051721573 1717
1782931419951 0.26331233978271484 1718
1782931419954 0.5667359828948975 1719
1782931419957 0.38902395963668823 1720
1782931419960 0.36339321732521057 1721
1782931419962 0.7182835936546326 1722
1782931419965 0.31377628445625305 1723
1782931419968 0.5389814376831055 1724
1782931419971 0.39733412861824036 1725
1782931419974 0.24193289875984192 1726
1782931419977 0.29303088784217834 1727
1782931419979 0.2505761384963989 1728
1782931419982 0.38753369450569153 1729
1782931419985 0.4649406373500824 1730
1782931419989 0.4406360685825348 1731
1782931419995 0.2664184868335724 1732
1782931420003 0.1809915006160736 1733
1782931420021 0.6185548901557922 1734
1782931420026 0.22343659400939941 1735
1782931420109 0.25280365347862244 1736
1782931420112 0.3649362325668335 1737
1782931420126 0.6253458857536316 1738
1782931420242 0.624994158744812 1739
1782931420301 0.29651135206222534 1740
1782931420341 0.31236350536346436 1741
1782931420364 0.39128246903419495 1742
1782931420452 0.28072696924209595 1743
1782931420579 0.14954666793346405 1744
1782931420622 0.18467247486114502 1745
1782931420766 0.25233951210975647 1746
1782931420833 0.34313899278640747 1747
1782931420854 0.26466724276542664 1748
1782931420891 0.2591989040374756 1749
1782931420901 0.5478065609931946 1750
1782931420946 0.34485241770744324 1751
1782931420948 0.5691786408424377 1752
1782931420950 0.26770108938217163 1753
1782931420953 0.3803181052207947 1754
1782931420955 0.11045999825000763 1755
1782931420956 0.2575148940086365 1756
1782931420958 0.5223008990287781 1757
1782931420960 0.36348700523376465 1758
1782931420962 0.2608461081981659 1759
1782931420964 0.3672533929347992 1760
1782931421000 0.18340688943862915 1761
1782931421034 0.2795788049697876 1762
1782931421039 0.4435915946960449 1763
1782931421082 0.5596029162406921 1764
1782931421087 0.20788812637329102 1765
1782931421090 0.3948400616645813 1766
1782931421093 0.17610839009284973 1767
1782931421095 0.4334762692451477 1768
1782931421179 0.25312039256095886 1769
1782931421183 0.47352293133735657 1770
1782931421264 0.27421683073043823 1771
1782931421367 0.4631251096725464 1772
1782931421475 0.19150128960609436 1773
1782931421562 0.21266955137252808 1774
1782931421572 0.18387001752853394 1775
1782931421651 0.28757381439208984 1776
1782931421654 0.11929061263799667 1777
1782931421714 0.2602064609527588 1778
1782931421866 0.6028101444244385 1779
1782931421980 0.13525930047035217 1780
1782931422096 0.2757017910480499 1781
1782931422121 0.31592607498168945 1782
1782931422125 0.4541108012199402 1783
1782931422214 0.2643359303474426 1784
1782931422343 0.23440320789813995 1785
1782931422406 0.33288460969924927 1786
1782931422411 0.43193548917770386 1787
1782931422413 0.21971389651298523 1788
1782931422455 0.1908784955739975 1789
1782931422496 0.48480355739593506 1790
1782931422498 0.2291414737701416 1791
1782931422500 0.5559406280517578 1792
1782931422502 0.36534929275512695 1793
1782931422505 0.270616352558136 1794
1782931422508 0.3399766683578491 1795
1782931422510 0.6329799890518188 1796
1782931422512 0.5825214385986328 1797
1782931422628 0.47818776965141296 1798
1782931422741 0.21567562222480774 1799
1782931422777 0.2168705016374588 1800
1782931422813 0.5606299638748169 1801
1782931422867 0.2894698977470398 1802
1782931422871 0.3593200743198395 1803
1782931422985 0.27296149730682373 1804
1782931423115 0.7276145815849304 1805
1782931423238 1.0870007276535034 1806
1782931423260 0.20497241616249084 1807
1782931423279 0.30871114134788513 1808
1782931423371 0.30901336669921875 1809
1782931423386 0.17487592995166779 1810
1782931423460 0.45992428064346313 1811
1782931423477 0.21103045344352722 1812
1782931423497 0.22739416360855103 1813
1782931423578 0.4588843584060669 1814
1782931423649 0.5461260676383972 1815
1782931423788 0.14687064290046692 1816
1782931423913 0.32981443405151367 1817
1782931423999 0.4473799169063568 1818
1782931424041 0.23189404606819153 1819
1782931424044 0.24555854499340057 1820
1782931424047 0.4122045636177063 1821
1782931424050 0.8262774348258972 1822
1782931424052 0.44709309935569763 1823
1782931424055 0.48796045780181885 1824
1782931424061 0.1761588156223297 1825
1782931424064 0.30496886372566223 1826
1782931424066 0.39003539085388184 1827
1782931424110 0.19176283478736877 1828
1782931424142 0.31132400035858154 1829
1782931424153 0.3142545819282532 1830
1782931424177 0.3028576076030731 1831
1782931424200 0.6330363154411316 1832
1782931424307 0.26690971851348877 1833
1782931424386 0.256300151348114 1834
1782931424417 0.2823864221572876 1835
1782931424465 0.22327393293380737 1836
1782931424570 0.3465788960456848 1837
1782931424661 0.6305609345436096 1838
1782931424762 1.1774471998214722 1839
1782931424845 0.3727983236312866 1840
1782931424919 0.5042246580123901 1841
1782931424937 0.33054643869400024 1842
1782931424940 0.3130362927913666 1843
1782931424942 0.3256443738937378 1844
1782931424966 0.17010822892189026 1845
1782931425015 0.35337111353874207 1846
1782931425026 0.5208268165588379 1847
1782931425097 0.4579504132270813 1848
1782931425100 0.35907280445098877 1849
1782931425103 0.18485482037067413 1850
1782931425134 0.28867241740226746 1851
1782931425138 0.5203050971031189 1852
1782931425141 0.4235783517360687 1853
1782931425144 0.6248507499694824 1854
1782931425147 0.29750069975852966 1855
1782931425151 0.26508650183677673 1856
1782931425156 0.37656983733177185 1857
1782931425185 0.3442719578742981 1858
1782931425223 0.36825892329216003 1859
1782931425227 0.232307568192482 1860
1782931425265 0.2318568378686905 1861
1782931425282 0.2687219977378845 1862
1782931425352 0.1250222772359848 1863
1782931425374 0.5438595414161682 1864
1782931425389 0.44703051447868347 1865
1782931425400 0.14874060451984406 1866
1782931425403 0.43844082951545715 1867
1782931425406 0.17649389803409576 1868
1782931425409 0.2904365360736847 1869
1782931425413 0.22349165380001068 1870
1782931425416 0.32539525628089905 1871
1782931425419 0.5844026803970337 1872
1782931425423 0.4559769630432129 1873
1782931425427 0.40240174531936646 1874
1782931426077 0.19782888889312744 1875
1782931426080 0.5854657292366028 1876
1782931426083 0.5285488963127136 1877
1782931426105 0.24953137338161469 1878
1782931426117 0.2419886589050293 1879
1782931426138 0.43568873405456543 1880
1782931426149 0.2175035923719406 1881
1782931426152 0.7622901797294617 1882
1782931426155 0.19855187833309174 1883
1782931426161 0.6080522537231445 1884
1782931426215 0.31791940331459045 1885
1782931426218 0.49183404445648193 1886
1782931426220 0.2493489384651184 1887
1782931426223 0.6940690279006958 1888
1782931426248 0.27880796790122986 1889
1782931426251 0.469343900680542 1890
1782931426254 0.25699907541275024 1891
1782931426312 0.7538743615150452 1892
1782931426325 0.699576199054718 1893
1782931426441 0.3330058157444 1894
1782931426524 0.44131019711494446 1895
1782931426630 0.34157347679138184 1896
1782931426695 0.8588219285011292 1897
1782931426727 0.36897003650665283 1898
1782931426730 0.23102600872516632 1899
1782931426733 0.37386253476142883 1900
1782931426852 0.28302815556526184 1901
1782931426976 0.19192008674144745 1902
1782931427092 0.21580277383327484 1903
1782931427194 0.6931737065315247 1904
1782931427273 0.19781437516212463 1905
1782931427288 0.39882248640060425 1906
1782931427291 0.4433477222919464 1907
1782931427309 0.47912678122520447 1908
1782931427313 0.4030681848526001 1909
1782931427318 0.33210110664367676 1910
1782931427324 0.3155280649662018 1911
1782931427349 0.19632582366466522 1912
1782931427352 0.17771059274673462 1913
1782931427429 0.3832286596298218 1914
1782931427444 0.7591171264648438 1915
1782931427481 0.44597136974334717 1916
1782931427484 0.32306158542633057 1917
1782931427613 0.11222455650568008 1918
1782931427669 0.7032468914985657 1919
1782931427672 0.3646613359451294 1920
1782931427675 0.39998626708984375 1921
1782931427681 0.3244524598121643 1922
1782931427684 0.6059423685073853 1923
1782931427698 0.28098657727241516 1924
1782931427701 0.0905112475156784 1925
1782931427704 0.16776059567928314 1926
1782931427722 0.5287370085716248 1927
1782931427725 0.13943997025489807 1928
1782931427727 0.2544024884700775 1929
1782931427730 0.45455288887023926 1930
1782931427732 0.08137805014848709 1931
1782931427735 0.224005326628685 1932
1782931427830 0.4623832106590271 1933
1782931427871 0.2989504039287567 1934
1782931427878 0.29833269119262695 1935
1782931427881 0.23185138404369354 1936
1782931427883 0.12382616847753525 1937
1782931427913 0.8030736446380615 1938
1782931427929 0.23266445100307465 1939
1782931427982 0.2631347179412842 1940
1782931428000 0.2687135338783264 1941
1782931428006 0.5267893075942993 1942
1782931428020 0.17992135882377625 1943
1782931428023 0.5559411644935608 1944
1782931428025 0.5749678611755371 1945
1782931428027 0.38321250677108765 1946
1782931428029 0.519041121006012 1947
1782931428033 0.3051813244819641 1948
1782931428037 0.14656946063041687 1949
1782931428039 0.15600599348545074 1950
1782931428041 0.3000314235687256 1951
1782931428043 0.26231351494789124 1952
1782931428045 0.11424509435892105 1953
1782931428047 0.13315580785274506 1954
1782931428049 0.03938606381416321 1955
1782931428051 0.3935055434703827 1956
1782931428053 0.2411821335554123 1957
1782931428055 0.2805255353450775 1958
1782931428057 0.2982122004032135 1959
1782931428059 0.625268816947937 1960
1782931428061 0.5574424266815186 1961
1782931428063 0.652529239654541 1962
1782931428065 0.2552539110183716 1963
1782931428068 0.8993850946426392 1964
1782931428070 0.35073867440223694 1965
1782931428072 0.20706576108932495 1966
1782931428074 0.526522696018219 1967
1782931428077 0.48801684379577637 1968
1782931428079 0.20141859352588654 1969
1782931428080 0.2358165830373764 1970
1782931428083 0.34809812903404236 1971
1782931428091 0.42329326272010803 1972
1782931428093 0.43939608335494995 1973
1782931428095 0.1540949046611786 1974
1782931428104 0.3108283579349518 1975
1782931428109 0.211064413189888 1976
1782931428112 0.7688224911689758 1977
1782931428115 0.3227151930332184 1978
1782931428121 0.24663254618644714 1979
1782931428124 0.11794206500053406 1980
1782931428157 0.1636120229959488 1981
1782931428174 0.17152941226959229 1982
1782931428177 0.3727187216281891 1983
1782931428179 0.2839459180831909 1984
1782931428182 0.25063982605934143 1985
1782931428185 0.39449262619018555 1986
1782931428209 0.40328893065452576 1987
1782931428213 0.2607659697532654 1988
1782931428223 0.2826036214828491 1989
1782931428236 0.40962153673171997 1990
1782931428243 0.2870688736438751 1991
1782931428252 0.19534561038017273 1992
1782931428254 0.2579219937324524 1993
1782931428270 0.3951627016067505 1994
1782931428273 0.34556975960731506 1995
1782931428280 0.1691511869430542 1996
1782931428287 0.13510820269584656 1997
1782931428292 0.4232140779495239 1998
1782931428306 0.3763975501060486 1999
1782931428313 0.3142581880092621 2000
1782931428316 0.5470070838928223 2001
1782931428318 0.2878645360469818 2002
1782931428321 0.31604376435279846 2003
1782931428324 0.14959225058555603 2004
1782931428344 0.2407183051109314 2005
1782931428389 0.09791409224271774 2006
1782931428410 0.21662679314613342 2007
1782931428413 0.11417140811681747 2008
1782931428427 0.20447245240211487 2009
1782931428442 0.43186911940574646 2010
1782931428586 0.2763177454471588 2011
1782931428728 0.17304584383964539 2012
1782931428836 0.32341641187667847 2013
1782931428921 0.57197505235672 2014
1782931428932 0.5597521662712097 2015
1782931428985 0.6158842444419861 2016
1782931428988 0.4241575300693512 2017
1782931428990 0.5473959445953369 2018
1782931429105 0.3768586218357086 2019
1782931429199 0.3765948712825775 2020
1782931429269 0.23847104609012604 2021
1782931429273 0.45688125491142273 2022
1782931429293 0.21539893746376038 2023
1782931429301 0.2824136018753052 2024
1782931429310 0.2617432773113251 2025
1782931429312 0.37160634994506836 2026
1782931429315 0.14298787713050842 2027
1782931429318 0.17013779282569885 2028
1782931429322 0.40654781460762024 2029
1782931429326 0.1921783685684204 2030
1782931429382 0.5322751998901367 2031
1782931429393 0.26795557141304016 2032
1782931429396 0.10235349088907242 2033
1782931429399 0.4899291694164276 2034
1782931429402 0.25097301602363586 2035
1782931429405 0.4808290898799896 2036
1782931429410 0.45914289355278015 2037
1782931429412 0.16982442140579224 2038
1782931429415 0.421017050743103 2039
1782931429434 0.2631516754627228 2040
1782931429508 0.15972039103507996 2041
1782931429510 0.2088715136051178 2042
1782931429512 0.12277516722679138 2043
1782931429529 0.1635521799325943 2044
1782931429553 0.5097382664680481 2045
1782931429570 0.3197367191314697 2046
1782931429573 0.387236624956131 2047
1782931429575 0.3773876428604126 2048
1782931429649 0.5801230072975159 2049
1782931429765 0.7546177506446838 2050
1782931429826 0.38889461755752563 2051
1782931429830 0.344795823097229 2052
1782931429832 0.16524313390254974 2053
1782931429860 0.4647320806980133 2054
1782931429863 0.15635572373867035 2055
1782931429868 0.3085781931877136 2056
1782931429871 0.13902071118354797 2057
1782931429873 0.31250956654548645 2058
1782931429915 0.15229009091854095 2059
1782931429938 0.13838867843151093 2060
1782931429954 0.1826743185520172 2061
1782931429957 0.4588286578655243 2062
1782931429961 0.31323564052581787 2063
1782931429966 0.3270490765571594 2064
1782931429969 0.293237566947937 2065
1782931429973 0.42469924688339233 2066
1782931429976 0.12045440822839737 2067
1782931429982 0.6186476349830627 2068
1782931429985 0.3120534420013428 2069
1782931429993 0.21137163043022156 2070
1782931429996 0.20610739290714264 2071
1782931429999 0.3703467547893524 2072
1782931430002 0.3954800069332123 2073
1782931430010 0.20806816220283508 2074
1782931430046 0.17914660274982452 2075
1782931430051 0.5347369909286499 2076
1782931430054 0.23580795526504517 2077
1782931430061 0.48781293630599976 2078
1782931430067 0.17876893281936646 2079
1782931430074 0.259061336517334 2080
1782931430076 0.46661728620529175 2081
1782931430090 0.2779080271720886 2082
1782931430109 0.16981272399425507 2083
1782931430111 0.2357369363307953 2084
1782931430114 0.07604479044675827 2085
1782931430205 0.12707042694091797 2086
1782931430220 0.617920994758606 2087
1782931430223 0.23922674357891083 2088
1782931430226 0.671509861946106 2089
1782931430233 0.45941999554634094 2090
1782931430236 0.33758994936943054 2091
1782931430238 0.20527108013629913 2092
1782931430244 0.18660762906074524 2093
1782931430247 0.3434450626373291 2094
1782931430259 0.4004550874233246 2095
1782931430262 0.1805526614189148 2096
1782931430265 0.2414931058883667 2097
1782931430285 0.2885209918022156 2098
1782931430287 0.329028844833374 2099
1782931430289 0.4250660836696625 2100
1782931430290 0.1062241718173027 2101
1782931430292 0.6196993589401245 2102
1782931430293 0.22996839880943298 2103
1782931430314 0.48248833417892456 2104
1782931430331 0.2648167312145233 2105
1782931430335 0.38726747035980225 2106
1782931430340 0.36394160985946655 2107
1782931430345 0.38404613733291626 2108
1782931430399 0.2818950414657593 2109
1782931430416 0.08819935470819473 2110
1782931430422 0.2356489896774292 2111
1782931430425 0.2221747636795044 2112
1782931430428 0.46531233191490173 2113
1782931430432 0.3755892813205719 2114
1782931430435 0.4011918306350708 2115
1782931430490 0.32505714893341064 2116
1782931430503 0.5297663807868958 2117
1782931430506 0.29512640833854675 2118
1782931430509 0.3026704788208008 2119
1782931430511 0.4055308997631073 2120
1782931430523 0.5953732132911682 2121
1782931430541 0.34610897302627563 2122
1782931430544 0.6606475114822388 2123
1782931430610 0.2909339368343353 2124
1782931430620 0.21989773213863373 2125
1782931430632 0.34798112511634827 2126
1782931430662 0.3332526981830597 2127
1782931430664 0.5001810193061829 2128
1782931430677 0.7072508931159973 2129
1782931430696 0.2227163165807724 2130
1782931430698 0.1552940309047699 2131
1782931430700 0.3450051248073578 2132
1782931430702 0.2530379295349121 2133
1782931430704 0.2878566384315491 2134
1782931430706 0.17314110696315765 2135
1782931430708 0.36337804794311523 2136
1782931430711 0.2498326599597931 2137
1782931430715 0.6977523565292358 2138
1782931430717 0.3817204236984253 2139
1782931430720 0.18949905037879944 2140
1782931430722 0.2480444312095642 2141
1782931430724 0.15360601246356964 2142
1782931430727 0.30856871604919434 2143
1782931430730 0.39933112263679504 2144
1782931430732 0.28647714853286743 2145
1782931430734 0.5060004591941833 2146
1782931430737 1.1801894903182983 2147
1782931430740 0.1597168743610382 2148
1782931430741 0.3915650248527527 2149
1782931430745 0.41337668895721436 2150
1782931430747 0.17553085088729858 2151
1782931430749 0.11157356202602386 2152
1782931430751 0.36037003993988037 2153
1782931430753 0.3957568407058716 2154
1782931430754 0.8967868685722351 2155
1782931430756 0.6923307180404663 2156
1782931430758 0.23191328346729279 2157
1782931430760 0.24870677292346954 2158
1782931430762 0.8267239928245544 2159
1782931430764 0.2726178765296936 2160
1782931430766 0.12342646718025208 2161
1782931430768 0.17778916656970978 2162
1782931430770 0.3122704029083252 2163
1782931430772 0.27415016293525696 2164
1782931430774 0.10834014415740967 2165
1782931430776 0.5135281085968018 2166
1782931430778 0.2201581448316574 2167
1782931430780 0.40884312987327576 2168
1782931430782 0.37431639432907104 2169
1782931430784 0.41230157017707825 2170
1782931430786 0.34546715021133423 2171
1782931430787 0.5059472322463989 2172
1782931430789 0.308336079120636 2173
1782931430791 0.22562392055988312 2174
1782931430793 0.3132924437522888 2175
1782931430795 0.2660858631134033 2176
1782931430797 0.14087310433387756 2177
1782931430803 0.4190337359905243 2178
1782931430805 0.5028733611106873 2179
1782931430807 0.09125696122646332 2180
1782931430809 0.20531216263771057 2181
1782931430810 0.22490611672401428 2182
1782931430812 0.6587157845497131 2183
1782931430814 0.2283332794904709 2184
1782931430816 0.183344304561615 2185
1782931430818 0.37116047739982605 2186
1782931430820 0.623599112033844 2187
1782931430822 0.15700286626815796 2188
1782931430824 0.12402208149433136 2189
1782931430826 0.30755412578582764 2190
1782931430827 0.1532430797815323 2191
1782931430829 0.5786396861076355 2192
1782931430831 0.0908702164888382 2193
1782931430833 0.2856963872909546 2194
1782931430835 0.3242669999599457 2195
1782931430837 0.4899114668369293 2196
1782931430838 0.24641047418117523 2197
1782931430841 0.537994921207428 2198
1782931430843 0.20477475225925446 2199
1782931430845 0.3332616090774536 2200
1782931430846 0.5836902856826782 2201
1782931430849 0.5894273519515991 2202
1782931430851 0.4505743086338043 2203
1782931430853 0.5826032757759094 2204
1782931430855 0.27852556109428406 2205
1782931430857 0.6193045973777771 2206
1782931430859 0.16315878927707672 2207
1782931430861 0.23244337737560272 2208
1782931430863 0.42949220538139343 2209
1782931430865 0.21164293587207794 2210
1782931430867 0.3024197220802307 2211
1782931430869 0.2296404093503952 2212
1782931430871 0.587525486946106 2213
1782931430873 0.23186221718788147 2214
1782931430874 0.22956407070159912 2215
1782931430882 0.3224645256996155 2216
1782931430934 0.2742568254470825 2217
1782931430941 0.6007465720176697 2218
1782931430945 0.29574012756347656 2219
1782931430948 0.31339579820632935 2220
1782931430951 0.5870913863182068 2221
1782931430988 0.10485365241765976 2222
1782931430991 0.2752418518066406 2223
1782931430994 0.3200218677520752 2224
1782931431008 0.30295705795288086 2225
1782931431024 0.35274645686149597 2226
1782931431037 0.31983399391174316 2227
1782931431040 0.8306752443313599 2228
1782931431046 0.6124423146247864 2229
1782931431070 0.14820288121700287 2230
1782931431076 0.44672268629074097 2231
1782931431085 0.4767886996269226 2232
1782931431090 0.44832733273506165 2233
1782931431096 0.21889862418174744 2234
1782931431129 0.3011327385902405 2235
1782931431174 0.28808581829071045 2236
1782931431223 0.40390393137931824 2237
1782931431266 0.4931398928165436 2238
1782931431346 0.1943141371011734 2239
1782931431487 0.11859696358442307 2240
1782931431497 0.06080903857946396 2241
1782931431527 0.13159947097301483 2242
1782931431531 0.2320978194475174 2243
1782931431535 0.09957566112279892 2244
1782931431622 0.4236055612564087 2245
1782931431636 0.19265317916870117 2246
1782931431638 0.440949410200119 2247
1782931431649 0.13184523582458496 2248
1782931431660 0.1533495932817459 2249
1782931431663 0.196003258228302 2250
1782931431665 0.24333555996418 2251
1782931431728 0.18398502469062805 2252
1782931431732 0.26036402583122253 2253
1782931431733 0.6699087023735046 2254
1782931431801 0.3900630474090576 2255
1782931431806 0.45736098289489746 2256
1782931431829 0.6889692544937134 2257
1782931431832 0.15272045135498047 2258
1782931431835 0.2664200961589813 2259
1782931431874 0.7322503924369812 2260
1782931431878 0.13313604891300201 2261
1782931431880 0.16940999031066895 2262
1782931431895 0.33233535289764404 2263
1782931431898 0.33737239241600037 2264
1782931431904 0.571607768535614 2265
1782931431947 0.37785857915878296 2266
1782931431952 0.33482691645622253 2267
1782931432074 0.1292486935853958 2268
1782931432083 0.2836993932723999 2269
1782931432098 0.3794867992401123 2270
1782931432108 0.14335080981254578 2271
1782931432111 0.49580642580986023 2272
1782931432120 0.3340179920196533 2273
1782931432123 0.21965697407722473 2274
1782931432126 0.3483385741710663 2275
1782931432129 0.3868333399295807 2276
1782931432131 0.317610502243042 2277
1782931432134 0.41636762022972107 2278
1782931432137 0.33341166377067566 2279
1782931432140 0.30238106846809387 2280
1782931432142 0.35561487078666687 2281
1782931432145 0.5470353364944458 2282
1782931432147 0.29726481437683105 2283
1782931432150 0.13969509303569794 2284
1782931432153 0.20751486718654633 2285
1782931432156 0.38607755303382874 2286
1782931432158 0.26705777645111084 2287
1782931432161 0.3257714807987213 2288
1782931432165 0.3552602529525757 2289
1782931432168 0.3524988889694214 2290
1782931432170 0.1595151126384735 2291
1782931432173 0.3599604070186615 2292
1782931432175 0.3125098645687103 2293
1782931432178 0.11991634219884872 2294
1782931432181 0.49049362540245056 2295
1782931432184 0.2136595994234085 2296
1782931432187 0.6372143626213074 2297
1782931432189 0.14284463226795197 2298
1782931432192 0.5131669640541077 2299
1782931432201 0.34973716735839844 2300
1782931432204 0.14426034688949585 2301
1782931432208 0.39181622862815857 2302
1782931432210 0.1851702332496643 2303
1782931432215 0.14078819751739502 2304
1782931432222 0.10895439982414246 2305
1782931432225 0.3613971471786499 2306
1782931432228 0.41141125559806824 2307
1782931432234 0.46946054697036743 2308
1782931432296 0.058991752564907074 2309
1782931432378 0.27761730551719666 2310
1782931432394 0.31624671816825867 2311
1782931432490 0.18644820153713226 2312
1782931432576 0.3727737367153168 2313
1782931432690 0.5694904923439026 2314
1782931432776 0.24903850257396698 2315
1782931432779 0.4936394989490509 2316
1782931432783 0.28378376364707947 2317
1782931432786 0.24213211238384247 2318
1782931432789 0.3022792339324951 2319
1782931432827 0.5546683669090271 2320
1782931432830 0.2689511477947235 2321
1782931432840 0.7133293747901917 2322
1782931432953 0.4345776438713074 2323
1782931433023 0.5562089681625366 2324
1782931433027 0.31577199697494507 2325
1782931433059 0.7049378156661987 2326
1782931433062 0.2592853307723999 2327
1782931433092 0.12688550353050232 2328
1782931433101 0.3654167056083679 2329
1782931433104 0.46277105808258057 2330
1782931433110 0.26116999983787537 2331
1782931433113 0.12050414085388184 2332
1782931433121 0.3590320646762848 2333
1782931433140 0.09177970886230469 2334
1782931433143 0.1164737120270729 2335
1782931433204 0.18115884065628052 2336
1782931433225 0.18436835706233978 2337
1782931433232 0.3235982656478882 2338
1782931433234 0.4135892391204834 2339
1782931433236 0.37782371044158936 2340
1782931433238 0.2276182472705841 2341
1782931433240 0.14870494604110718 2342
1782931433242 0.44207754731178284 2343
1782931433244 0.2619926631450653 2344
1782931433364 0.20091325044631958 2345
1782931433376 0.17452767491340637 2346
1782931433379 0.38218560814857483 2347
1782931433382 0.3759597837924957 2348
1782931433384 0.32742419838905334 2349
1782931433396 0.3659602403640747 2350
1782931433488 0.33259063959121704 2351
1782931433514 0.20924603939056396 2352
1782931433554 0.24570158123970032 2353
1782931433574 0.3216339349746704 2354
1782931433578 0.19391599297523499 2355
1782931433580 0.23155832290649414 2356
1782931433583 0.12770119309425354 2357
1782931433586 0.5693110823631287 2358
1782931433589 0.4142822325229645 2359
1782931433593 0.2806382179260254 2360
1782931433597 0.23897600173950195 2361
1782931433601 0.26223957538604736 2362
1782931433604 0.3033672273159027 2363
1782931433606 0.16007931530475616 2364
1782931433609 0.398186594247818 2365
1782931433612 0.5195146799087524 2366
1782931433615 0.4881926476955414 2367
1782931433618 0.32307305932044983 2368
1782931433621 0.4190100133419037 2369
1782931433624 0.6922621726989746 2370
1782931433626 0.5285164713859558 2371
1782931433629 0.08517218381166458 2372
1782931433632 0.1727689802646637 2373
1782931433635 0.25868111848831177 2374
1782931433637 0.22339265048503876 2375
1782931433640 0.503669261932373 2376
1782931433642 0.37505006790161133 2377
1782931433644 0.20878511667251587 2378
1782931433647 0.24186033010482788 2379
1782931433650 0.276598185300827 2380
1782931433652 0.3208844065666199 2381
1782931433655 0.19555726647377014 2382
1782931433657 0.23449890315532684 2383
1782931433660 0.40135622024536133 2384
1782931433662 0.3215096592903137 2385
1782931433664 0.191722571849823 2386
1782931433667 0.3265666663646698 2387
1782931433670 0.3758302628993988 2388
1782931433672 0.20706376433372498 2389
1782931433675 0.23594193160533905 2390
1782931433677 0.28284040093421936 2391
1782931433679 0.27595552802085876 2392
1782931433682 0.16925378143787384 2393
1782931433685 0.2827061414718628 2394
1782931433687 0.0952630490064621 2395
1782931433690 0.2845064401626587 2396
1782931433693 0.23339858651161194 2397
1782931433695 0.888713538646698 2398
1782931433698 0.31971311569213867 2399
1782931433701 0.40319299697875977 2400
1782931433704 0.44076234102249146 2401
1782931433706 0.8249215483665466 2402
1782931433709 0.33021050691604614 2403
1782931433711 0.49652424454689026 2404
1782931433715 0.5360284447669983 2405
1782931433722 0.1800815463066101 2406
1782931433725 0.583646297454834 2407
1782931433728 0.6901130676269531 2408
1782931433733 0.35993295907974243 2409
1782931433743 0.22361116111278534 2410
1782931433747 0.3754776418209076 2411
1782931433749 0.38510048389434814 2412
1782931433753 0.38567766547203064 2413
1782931433760 0.38392066955566406 2414
1782931433766 0.18124493956565857 2415
1782931433768 0.2830985188484192 2416
1782931433770 0.1102541834115982 2417
1782931433772 0.26062875986099243 2418
1782931433774 0.21422505378723145 2419
1782931433798 0.30651646852493286 2420
1782931433816 0.4348997473716736 2421
1782931433821 0.26761189103126526 2422
1782931433833 0.2909786105155945 2423
1782931433868 0.13350600004196167 2424
1782931433871 0.5341230630874634 2425
1782931433874 0.5897115468978882 2426
1782931433906 0.3157252073287964 2427
1782931433912 0.31859639286994934 2428
1782931433914 0.10032731294631958 2429
1782931433917 0.6436142325401306 2430
1782931433920 0.19417747855186462 2431
1782931433922 0.33155661821365356 2432
1782931433928 0.13383999466896057 2433
1782931433930 0.1294812262058258 2434
1782931433933 0.3747211694717407 2435
1782931433944 0.1333569884300232 2436
1782931433946 0.0778961330652237 2437
1782931433949 0.21759474277496338 2438
1782931433952 0.49190807342529297 2439
1782931433954 0.1690322905778885 2440
1782931433969 0.33490249514579773 2441
1782931433971 0.5037331581115723 2442
1782931433974 0.307079553604126 2443
1782931433976 0.40284642577171326 2444
1782931433983 0.286770761013031 2445
1782931434006 0.2663249969482422 2446
1782931434011 0.3013288378715515 2447
1782931434013 0.24066440761089325 2448
1782931434034 0.3074243366718292 2449
1782931434038 0.14198797941207886 2450
1782931434041 0.5193473696708679 2451
1782931434043 0.3372592329978943 2452
1782931434106 0.21942660212516785 2453
1782931434194 0.3964511752128601 2454
1782931434235 0.44183170795440674 2455
1782931434240 0.4034760594367981 2456
1782931434243 0.19318126142024994 2457
1782931434262 0.4584823250770569 2458
1782931434271 0.5234277844429016 2459
1782931434288 0.61646968126297 2460
1782931434347 0.20115382969379425 2461
1782931434375 0.21832147240638733 2462
1782931434379 0.5286626219749451 2463
1782931434450 0.35977786779403687 2464
1782931434467 0.3529788553714752 2465
1782931434470 0.49901944398880005 2466
1782931434473 0.20294474065303802 2467
1782931434478 0.2370794117450714 2468
1782931434481 0.10517843067646027 2469
1782931434507 0.377380907535553 2470
1782931434516 0.8528180718421936 2471
1782931434520 0.17083442211151123 2472
1782931434524 0.10068493336439133 2473
1782931434527 0.25022274255752563 2474
1782931434532 0.23085695505142212 2475
1782931434538 0.3183044195175171 2476
1782931434542 0.1497584581375122 2477
1782931434547 0.3351109027862549 2478
1782931434552 0.2905178666114807 2479
1782931434555 0.504156231880188 2480
1782931434610 0.25686195492744446 2481
1782931434614 0.6389511823654175 2482
1782931434654 0.5455931425094604 2483
1782931434675 0.25985798239707947 2484
1782931434691 0.43016284704208374 2485
1782931434697 0.1947270631790161 2486
1782931434701 0.13707412779331207 2487
1782931434704 0.33737245202064514 2488
1782931434706 0.27230602502822876 2489
1782931434709 0.40257152915000916 2490
1782931434712 0.2618200480937958 2491
1782931434715 0.28858572244644165 2492
1782931434717 0.3656426966190338 2493
1782931434720 0.4624968469142914 2494
1782931434723 0.22291547060012817 2495
1782931434725 0.1374359428882599 2496
1782931434728 0.21888835728168488 2497
1782931434730 0.36691224575042725 2498
1782931434743 0.3961089253425598 2499
1782931434757 0.2642765939235687 2500
1782931434759 0.37950873374938965 2501
1782931434762 0.20231761038303375 2502
1782931434765 0.23772403597831726 2503
1782931434793 0.09033443033695221 2504
1782931434802 0.2690058946609497 2505
1782931434826 0.4103407561779022 2506
1782931434828 0.2550968825817108 2507
1782931434830 0.5373114943504333 2508
1782931434832 0.06713669747114182 2509
1782931434933 0.43047070503234863 2510
1782931435057 0.3269007205963135 2511
1782931435147 0.33219707012176514 2512
1782931435169 0.35073399543762207 2513
1782931435182 0.5565270185470581 2514
1782931435196 0.23197534680366516 2515
1782931435198 0.7126016020774841 2516
1782931435201 0.22480508685112 2517
1782931435204 0.10222254693508148 2518
1782931435313 0.8579131364822388 2519
1782931435342 0.12191422283649445 2520
1782931435361 0.2205696702003479 2521
1782931435429 0.4016140401363373 2522
1782931435512 0.34686097502708435 2523
1782931435604 0.2527283728122711 2524
1782931435643 0.3637452721595764 2525
1782931435756 0.07480131089687347 2526
1782931435844 0.36069002747535706 2527
1782931435855 0.1549374908208847 2528
1782931435858 0.46409446001052856 2529
1782931435861 0.09584233164787292 2530
1782931435864 0.27635303139686584 2531
1782931435868 0.21058744192123413 2532
1782931435871 0.20731250941753387 2533
1782931435874 0.3239811360836029 2534
1782931435882 0.405305415391922 2535
1782931435885 0.6172682046890259 2536
1782931435926 0.3073057234287262 2537
1782931435980 0.45895299315452576 2538
1782931435983 0.20649120211601257 2539
1782931436119 0.1701093167066574 2540
1782931436135 0.13552959263324738 2541
1782931436176 0.1471085101366043 2542
1782931436226 0.390812486410141 2543
1782931436231 0.12885822355747223 2544
1782931436237 0.4112415015697479 2545
1782931436241 0.7586688995361328 2546
1782931436244 0.3035966753959656 2547
1782931436252 0.4152573347091675 2548
1782931436255 0.5335820317268372 2549
1782931436258 0.11212622374296188 2550
1782931436272 0.2884834110736847 2551
1782931436367 0.529984712600708 2552
1782931436383 0.5650506019592285 2553
1782931436402 0.24345459043979645 2554
1782931436406 0.6015524864196777 2555
1782931436409 0.5529118180274963 2556
1782931436411 0.9882467985153198 2557
1782931436414 0.24210894107818604 2558
1782931436462 0.16264303028583527 2559
1782931436484 0.6603739857673645 2560
1782931436518 0.5045522451400757 2561
1782931436522 0.3775583505630493 2562
1782931436525 0.3658846616744995 2563
1782931436644 0.31926220655441284 2564
1782931436719 0.28866350650787354 2565
1782931436745 0.33810070157051086 2566
1782931436813 0.8717576265335083 2567
1782931436858 0.22134706377983093 2568
1782931436861 0.21732641756534576 2569
1782931436863 0.0923462063074112 2570
1782931436866 0.6036717891693115 2571
1782931436869 0.44183680415153503 2572
1782931436871 0.3273299038410187 2573
1782931436874 0.22174035012722015 2574
1782931436876 0.24358658492565155 2575
1782931436879 0.6374082565307617 2576
1782931436881 0.3371932804584503 2577
1782931436884 0.5408887267112732 2578
1782931436887 0.33480897545814514 2579
1782931436889 0.2991430461406708 2580
1782931436892 0.3439602553844452 2581
1782931436894 0.17164571583271027 2582
1782931436897 0.17073899507522583 2583
1782931436900 0.2193903625011444 2584
1782931436902 0.45820102095603943 2585
1782931436905 0.17166876792907715 2586
1782931436907 0.14694631099700928 2587
1782931436913 0.2429366111755371 2588
1782931436916 0.4522440731525421 2589
1782931436920 0.2927069664001465 2590
1782931436925 0.5447012782096863 2591
1782931436928 0.3883711099624634 2592
1782931436931 0.42194753885269165 2593
1782931436934 0.15382301807403564 2594
1782931436936 1.0082236528396606 2595
1782931436939 0.3045320510864258 2596
1782931436942 0.336718887090683 2597
1782931436945 0.23502515256404877 2598
1782931436948 0.12969227135181427 2599
1782931436951 0.0974225178360939 2600
1782931436954 0.5035578608512878 2601
1782931436982 0.4456663727760315 2602
1782931436992 0.3813248574733734 2603
1782931437017 0.18730252981185913 2604
1782931437020 0.24827826023101807 2605
1782931437023 0.3261096775531769 2606
1782931437025 0.12963838875293732 2607
1782931437034 0.2164587378501892 2608
1782931437104 0.5189096331596375 2609
1782931437110 0.21248365938663483 2610
1782931437119 0.3627222180366516 2611
1782931437123 0.4823492169380188 2612
1782931437126 0.3577272891998291 2613
1782931437130 0.5182003974914551 2614
1782931437133 0.21954980492591858 2615
1782931437147 0.13488782942295074 2616
1782931437150 0.4044756591320038 2617
1782931437153 0.4951062500476837 2618
1782931437156 0.8313310146331787 2619
1782931437158 0.3147108256816864 2620
1782931437161 0.30770343542099 2621
1782931437164 0.32903385162353516 2622
1782931437199 0.12127567827701569 2623
1782931437204 0.1504049450159073 2624
1782931437262 0.15319456160068512 2625
1782931437383 0.3604060411453247 2626
1782931437486 0.43701300024986267 2627
1782931437489 0.1968061923980713 2628
1782931437492 0.21810299158096313 2629
1782931437495 0.36003369092941284 2630
1782931437497 0.129782572388649 2631
1782931437500 0.4183114767074585 2632
1782931437503 0.24341952800750732 2633
1782931437506 0.302531898021698 2634
1782931437527 0.3386465609073639 2635
1782931437530 0.17362868785858154 2636
1782931437533 0.2795926332473755 2637
1782931437535 0.33756759762763977 2638
1782931437538 0.47853556275367737 2639
1782931437540 0.19401367008686066 2640
1782931437543 0.1402866542339325 2641
1782931437545 0.2807624340057373 2642
1782931437590 0.40256398916244507 2643
1782931437593 0.6597226858139038 2644
1782931437596 0.5085257887840271 2645
1782931437667 0.7287423610687256 2646
1782931437786 0.39721444249153137 2647
1782931437792 0.2893468737602234 2648
1782931437846 0.0644129142165184 2649
1782931437851 0.2965646982192993 2650
1782931437853 0.3189125657081604 2651
1782931437861 0.2650589346885681 2652
1782931437863 0.22312763333320618 2653
1782931437916 0.10453908145427704 2654
1782931437951 0.14648163318634033 2655
1782931437954 0.3187379240989685 2656
1782931437955 0.33576643466949463 2657
1782931437957 0.39029356837272644 2658
1782931437959 0.16027194261550903 2659
1782931437961 0.20047274231910706 2660
1782931437962 0.3094513714313507 2661
1782931437974 0.05901223048567772 2662
1782931437996 0.38759738206863403 2663
1782931438015 0.6015220284461975 2664
1782931438050 0.18006771802902222 2665
1782931438054 0.19015517830848694 2666
1782931438058 0.25299975275993347 2667
1782931438067 0.4458448886871338 2668
1782931438070 0.4770161211490631 2669
1782931438108 0.32151833176612854 2670
1782931438112 0.29933398962020874 2671
1782931438115 0.4737098217010498 2672
1782931438216 0.29431724548339844 2673
1782931438251 0.7618438005447388 2674
1782931438254 0.11748618632555008 2675
1782931438256 0.5307592749595642 2676
1782931438343 0.5984932780265808 2677
1782931438414 0.1495116800069809 2678
1782931438518 0.3347564935684204 2679
1782931438524 0.39657115936279297 2680
1782931438526 0.13883131742477417 2681
1782931438528 0.3004527986049652 2682
1782931438530 0.6617043018341064 2683
1782931438532 0.2753743529319763 2684
1782931438534 0.5226635932922363 2685
1782931438566 0.2555660307407379 2686
1782931438569 0.5280890464782715 2687
1782931438572 0.37453126907348633 2688
1782931438575 0.2929045557975769 2689
1782931438578 0.2514057457447052 2690
1782931438581 0.20176608860492706 2691
1782931438697 0.39534708857536316 2692
1782931438805 0.31934309005737305 2693
1782931438917 0.1288241446018219 2694
1782931439045 0.25113824009895325 2695
1782931439159 0.49982184171676636 2696
1782931439224 0.7024599313735962 2697
1782931439228 0.5870451331138611 2698
1782931439231 0.1948201060295105 2699
1782931439234 0.24146777391433716 2700
1782931439267 0.39517319202423096 2701
1782931439270 0.5348566174507141 2702
1782931439272 0.22506465017795563 2703
1782931439275 0.20801961421966553 2704
1782931439288 0.2879679501056671 2705
1782931439292 0.6181159019470215 2706
1782931439298 0.3884926438331604 2707
1782931439302 0.6019225120544434 2708
1782931439305 0.4496312737464905 2709
1782931439307 0.14436303079128265 2710
1782931439309 0.6128990650177002 2711
1782931439312 0.32874149084091187 2712
1782931439314 0.17882610857486725 2713
1782931439318 0.49605947732925415 2714
1782931439321 0.466425359249115 2715
1782931439323 0.2203773856163025 2716
1782931439326 0.22763387858867645 2717
1782931439328 0.1736558973789215 2718
1782931439331 0.43656086921691895 2719
1782931439333 0.2997148036956787 2720
1782931439336 0.3928871154785156 2721
1782931439338 0.5055068135261536 2722
1782931439364 0.33622390031814575 2723
1782931439367 0.23678943514823914 2724
1782931439370 0.38702335953712463 2725
1782931439373 0.36130964756011963 2726
1782931439375 0.30007320642471313 2727
1782931439384 0.46317100524902344 2728
1782931439387 0.5244312882423401 2729
1782931439389 0.2987484633922577 2730
1782931439395 0.36635416746139526 2731
1782931439410 0.24933044612407684 2732
1782931439413 0.328574001789093 2733
1782931439422 0.60868901014328 2734
1782931439438 0.5961803197860718 2735
1782931439466 0.24702604115009308 2736
1782931439481 0.24288350343704224 2737
1782931439484 0.43910786509513855 2738
1782931439601 0.5533771514892578 2739
1782931439615 0.29683512449264526 2740
1782931439637 0.7034456729888916 2741
1782931439640 0.330748587846756 2742
1782931439643 0.17063476145267487 2743
1782931439646 0.4405286908149719 2744
1782931439650 0.23351405560970306 2745
1782931439653 0.27622097730636597 2746
1782931439685 0.266044944524765 2747
1782931439695 0.28926727175712585 2748
1782931439703 0.32360202074050903 2749
1782931439706 0.20769010484218597 2750
1782931439752 0.15422241389751434 2751
1782931439780 0.3989693224430084 2752
1782931439892 0.5281453132629395 2753
1782931439997 0.2307807356119156 2754
1782931440074 0.13334693014621735 2755
1782931440077 0.3252772390842438 2756
1782931440080 0.28564146161079407 2757
1782931440082 0.2984510660171509 2758
1782931440085 0.4494292140007019 2759
1782931440127 0.4310251474380493 2760
1782931440165 0.31434375047683716 2761
1782931440168 0.4469071328639984 2762
1782931440170 0.30899977684020996 2763
1782931440189 0.09010017663240433 2764
1782931440258 0.3147158622741699 2765
1782931440280 0.3177334666252136 2766
1782931440297 0.3562432825565338 2767
1782931440311 0.3860115706920624 2768
1782931440315 0.21067006886005402 2769
1782931440322 0.30770161747932434 2770
1782931440325 0.2242455929517746 2771
1782931440440 0.320928156375885 2772
1782931440571 0.7631714344024658 2773
1782931440593 0.478893905878067 2774
1782931440627 0.6720226407051086 2775
1782931440713 0.48608240485191345 2776
1782931440757 0.31917229294776917 2777
1782931440759 0.4054831266403198 2778
1782931440762 0.1690991371870041 2779
1782931440765 0.19430166482925415 2780
1782931440767 0.24336281418800354 2781
1782931440770 0.7771046161651611 2782
1782931440772 0.12575823068618774 2783
1782931440775 0.33308637142181396 2784
1782931440778 0.6322391629219055 2785
1782931440780 0.1608363538980484 2786
1782931440784 0.1429375559091568 2787
1782931440787 0.2690417170524597 2788
1782931440788 0.14374057948589325 2789
1782931440790 0.42260318994522095 2790
1782931440793 0.2794312536716461 2791
1782931440794 0.5757966041564941 2792
1782931440844 0.14372913539409637 2793
1782931440935 0.5216054916381836 2794
1782931440970 0.3207702338695526 2795
1782931440975 0.4124230742454529 2796
1782931440978 0.19378675520420074 2797
1782931441035 0.3450494408607483 2798
1782931441145 0.12531793117523193 2799
1782931441168 0.6355031132698059 2800
1782931441184 0.2892197370529175 2801
1782931441206 0.43062397837638855 2802
1782931441288 0.2477504014968872 2803
1782931441294 0.36207905411720276 2804
1782931441318 0.681178092956543 2805
1782931441320 0.35121312737464905 2806
1782931441324 0.2031015008687973 2807
1782931441348 0.21608637273311615 2808
1782931441351 0.5748348236083984 2809
1782931441385 0.32034650444984436 2810
1782931441389 0.16429467499256134 2811
1782931441431 0.39956173300743103 2812
1782931441448 0.1424778550863266 2813
1782931441452 0.4036710262298584 2814
1782931441465 0.1263730525970459 2815
1782931441468 0.20843923091888428 2816
1782931441470 0.31273528933525085 2817
1782931441473 0.42456769943237305 2818
1782931441476 0.15446007251739502 2819
1782931441478 0.24587444961071014 2820
1782931441481 0.14987622201442719 2821
1782931441484 0.09384871274232864 2822
1782931441487 0.20164987444877625 2823
1782931441490 0.362915962934494 2824
1782931441492 0.4115220308303833 2825
1782931441495 0.47997814416885376 2826
1782931441498 0.30096712708473206 2827
1782931441501 0.24443913996219635 2828
1782931441503 0.29181259870529175 2829
1782931441506 0.3395904004573822 2830
1782931441508 0.18294134736061096 2831
1782931441511 0.3367173373699188 2832
1782931441514 0.46090811491012573 2833
1782931441518 0.15973027050495148 2834
1782931441522 0.3576308488845825 2835
1782931441525 0.21180282533168793 2836
1782931441533 0.07610874623060226 2837
1782931441539 0.5316170454025269 2838
1782931441542 0.31989315152168274 2839
1782931441544 0.41907137632369995 2840
1782931441555 0.21030010282993317 2841
1782931441558 0.6099072694778442 2842
1782931441560 0.41551992297172546 2843
1782931441563 0.36766520142555237 2844
1782931441567 0.17832642793655396 2845
1782931441601 0.27663278579711914 2846
1782931441616 0.2637881636619568 2847
1782931441635 0.2353973090648651 2848
1782931441643 0.29013437032699585 2849
1782931441646 0.26587894558906555 2850
1782931441649 0.4987727403640747 2851
1782931441652 0.5012136101722717 2852
1782931441654 0.3024960160255432 2853
1782931441657 0.31030595302581787 2854
1782931441659 0.3198917508125305 2855
1782931441662 0.13308952748775482 2856
1782931441665 0.18224626779556274 2857
1782931441668 0.41604140400886536 2858
1782931441671 0.3747936487197876 2859
1782931441673 0.11925551295280457 2860
1782931441676 0.21332843601703644 2861
1782931441681 0.46565866470336914 2862
1782931441685 0.09792667627334595 2863
1782931441688 0.1534096598625183 2864
1782931441690 0.2040136307477951 2865
1782931441696 0.4908997118473053 2866
1782931441699 0.3214750587940216 2867
1782931441704 0.33780261874198914 2868
1782931441707 0.3766443729400635 2869
1782931441708 0.21490836143493652 2870
1782931441712 0.26183000206947327 2871
1782931441715 0.2685323655605316 2872
1782931441718 0.4588938355445862 2873
1782931441720 0.60308438539505 2874
1782931441723 0.21883639693260193 2875
1782931441726 0.6075072288513184 2876
1782931441728 0.24196116626262665 2877
1782931441731 0.1906203329563141 2878
1782931441734 0.24772712588310242 2879
1782931441737 0.44079864025115967 2880
1782931441739 0.35098588466644287 2881
1782931441742 0.275501012802124 2882
1782931441744 0.4615668058395386 2883
1782931441747 0.22515657544136047 2884
1782931441750 0.3185015916824341 2885
1782931441753 0.2412339597940445 2886
1782931441756 0.3152075409889221 2887
1782931441758 0.2511204779148102 2888
1782931441761 0.14785651862621307 2889
1782931441763 0.36480802297592163 2890
1782931441766 0.49246734380722046 2891
1782931441769 0.16928505897521973 2892
1782931441771 0.30140799283981323 2893
1782931441773 0.3173753619194031 2894
1782931441776 0.0756341964006424 2895
1782931441779 0.24974000453948975 2896
1782931441781 0.2159215658903122 2897
1782931441784 0.37424835562705994 2898
1782931441786 0.3761577904224396 2899
1782931441793 0.2978818714618683 2900
1782931441803 0.26268821954727173 2901
1782931441807 0.47368040680885315 2902
1782931441823 0.5154749751091003 2903
1782931441826 0.08411767333745956 2904
1782931441829 0.46506738662719727 2905
1782931441831 0.6280072927474976 2906
1782931441834 0.3012164235115051 2907
1782931441843 0.4200192093849182 2908
1782931441889 0.49508464336395264 2909
1782931441899 0.3029044270515442 2910
1782931441918 0.30845001339912415 2911
1782931441922 0.26007717847824097 2912
1782931441936 0.23275601863861084 2913
1782931441989 0.32058510184288025 2914
1782931441993 0.3535362780094147 2915
1782931442087 0.3063105642795563 2916
1782931442090 0.2993035316467285 2917
1782931442092 0.24624885618686676 2918
1782931442094 0.3418872058391571 2919
1782931442189 0.3055039048194885 2920
1782931442214 0.29545706510543823 2921
1782931442246 0.09000025689601898 2922
1782931442252 0.2826786935329437 2923
1782931442255 0.14639338850975037 2924
1782931442258 0.31294551491737366 2925
1782931442261 0.16955024003982544 2926
1782931442266 0.19853007793426514 2927
1782931442312 0.08180170506238937 2928
1782931442389 0.251816987991333 2929
1782931442416 0.348046213388443 2930
1782931442420 0.4666217267513275 2931
1782931442423 0.3565678596496582 2932
1782931442477 0.5888631939888 2933
1782931442512 0.7104136943817139 2934
1782931442551 0.3133369982242584 2935
1782931442565 0.34970566630363464 2936
1782931442639 0.6276273727416992 2937
1782931442675 0.5869620442390442 2938
1782931442685 0.08234226703643799 2939
1782931442700 0.19018980860710144 2940
1782931442728 0.06858954578638077 2941
1782931442749 0.22575080394744873 2942
1782931442752 0.1439644694328308 2943
1782931442766 0.14969295263290405 2944
1782931442769 0.20842480659484863 2945
1782931442772 0.11814721673727036 2946
1782931442783 0.16425783932209015 2947
1782931442842 0.3182845115661621 2948
1782931442975 0.6124941110610962 2949
1782931443061 0.13195933401584625 2950
1782931443142 0.3448117673397064 2951
1782931443201 0.2091786414384842 2952
1782931443325 0.151430144906044 2953
1782931443434 0.3246965706348419 2954
1782931443448 0.27188098430633545 2955
1782931443454 0.22946928441524506 2956
1782931443481 0.328864187002182 2957
1782931443494 0.730357825756073 2958
1782931443568 0.42931216955184937 2959
1782931443639 0.24429966509342194 2960
1782931443642 0.1819944828748703 2961
1782931443646 0.46170276403427124 2962
1782931443690 0.253501296043396 2963
1782931443693 0.706820011138916 2964
1782931443698 0.33643031120300293 2965
1782931443701 0.690631091594696 2966
1782931443704 0.20509454607963562 2967
1782931443706 0.4492622911930084 2968
1782931443709 0.4664231240749359 2969
1782931443712 0.2185535877943039 2970
1782931443715 0.4704887270927429 2971
1782931443718 0.37096068263053894 2972
1782931443721 0.22127124667167664 2973
1782931443724 0.26218631863594055 2974
1782931443738 0.7175654172897339 2975
1782931443744 0.10302647203207016 2976
1782931443747 0.09142393618822098 2977
1782931443750 0.5549774765968323 2978
1782931443753 0.6397618651390076 2979
1782931443756 0.43397587537765503 2980
1782931443778 0.05289322882890701 2981
1782931443795 0.5917283892631531 2982
1782931443817 0.2083369791507721 2983
1782931443824 0.17688371241092682 2984
1782931443829 0.3578799366950989 2985
1782931443840 0.5530418753623962 2986
1782931443844 0.2576570212841034 2987
1782931443848 0.3927342891693115 2988
1782931443851 0.1584218144416809 2989
1782931443855 0.2542819380760193 2990
1782931443858 0.26972490549087524 2991
1782931443860 0.5807722806930542 2992
1782931443864 0.4738438129425049 2993
1782931443900 0.2275681495666504 2994
1782931443903 0.402096152305603 2995
1782931443926 0.22605501115322113 2996
1782931443934 0.15861165523529053 2997
1782931443981 0.24068357050418854 2998
1782931443997 0.1915154606103897 2999
1782931444104 0.18127501010894775 3000
1782931444107 0.4093385338783264 3001
1782931444111 0.4293636083602905 3002
1782931444175 0.2353372573852539 3003
1782931444180 0.17124366760253906 3004
1782931444184 0.41428273916244507 3005
1782931444189 0.23250584304332733 3006
1782931444194 0.41764500737190247 3007
1782931444239 0.055285073816776276 3008
1782931444268 0.3479004502296448 3009
1782931444406 0.3985094726085663 3010
1782931444504 0.34361958503723145 3011
1782931444545 0.37590092420578003 3012
1782931444549 0.2712249457836151 3013
1782931444552 0.24076108634471893 3014
1782931444556 0.3454623818397522 3015
1782931444560 0.44820263981819153 3016
1782931444564 0.3461168110370636 3017
1782931444670 0.2431868016719818 3018
1782931444758 0.36834830045700073 3019
1782931444764 0.12318091094493866 3020
1782931444870 0.16494660079479218 3021
1782931444941 0.32469287514686584 3022
1782931444946 0.6283010840415955 3023
1782931445066 0.25855207443237305 3024
1782931445210 0.5458244681358337 3025
1782931445255 0.32588061690330505 3026
1782931445265 0.3298291265964508 3027
1782931445268 0.40839847922325134 3028
1782931445272 0.23883315920829773 3029
1782931445275 0.4114528000354767 3030
1782931445278 0.584732174873352 3031
1782931445280 0.7527220845222473 3032
1782931445283 0.315952330827713 3033
1782931445286 0.10465759038925171 3034
1782931445290 0.19285956025123596 3035
1782931445293 0.1568395346403122 3036
1782931445296 0.07120031118392944 3037
1782931445299 0.7822475433349609 3038
1782931445303 0.3239235281944275 3039
1782931445306 0.29086464643478394 3040
1782931445309 0.33416345715522766 3041
1782931445312 0.7014461755752563 3042
1782931445315 0.30593445897102356 3043
1782931445318 0.34933677315711975 3044
1782931445321 0.3301176130771637 3045
1782931445324 0.20439544320106506 3046
1782931445327 0.26403895020484924 3047
1782931445330 0.41292572021484375 3048
1782931445333 0.38534480333328247 3049
1782931445336 0.8518987894058228 3050
1782931445338 0.34140244126319885 3051
1782931445341 0.35031911730766296 3052
1782931445344 0.23036353290081024 3053
1782931445347 0.4023352861404419 3054
1782931445350 0.34685608744621277 3055
1782931445353 0.4839673340320587 3056
1782931445356 0.701981782913208 3057
1782931445358 0.17093296349048615 3058
1782931445361 0.4396709203720093 3059
1782931445364 0.5462934970855713 3060
1782931445367 0.5151637196540833 3061
1782931445370 0.27402055263519287 3062
1782931445373 0.4731631875038147 3063
1782931445386 0.2395402044057846 3064
1782931445478 0.32058483362197876 3065
1782931445609 0.13809145987033844 3066
1782931445665 0.5221058130264282 3067
1782931445668 0.2925676703453064 3068
1782931445676 0.15214981138706207 3069
1782931445701 0.15461228787899017 3070
1782931445709 0.18207909166812897 3071
1782931445718 0.3114754557609558 3072
1782931445720 0.27579665184020996 3073
1782931445722 0.2329767644405365 3074
1782931445724 0.38686081767082214 3075
1782931445727 0.26980870962142944 3076
1782931445729 0.27445533871650696 3077
1782931445731 0.32021066546440125 3078
1782931445734 0.14597931504249573 3079
1782931445737 0.3892616927623749 3080
1782931445741 0.5260350704193115 3081
1782931445744 0.163476824760437 3082
1782931445747 0.3958498239517212 3083
1782931445750 0.5487241744995117 3084
1782931445753 0.17412452399730682 3085
1782931445756 0.19778503477573395 3086
1782931445759 0.10370273143053055 3087
1782931445762 0.08495597541332245 3088
1782931445765 0.3577518165111542 3089
1782931445769 0.2809991240501404 3090
1782931445772 0.6749301552772522 3091
1782931445776 0.16106797754764557 3092
1782931445779 0.3451821208000183 3093
1782931445782 0.4758054316043854 3094
1782931445788 0.1982731819152832 3095
1782931445792 0.544959545135498 3096
1782931445796 0.16458815336227417 3097
1782931445800 0.23942126333713531 3098
1782931445803 0.40747398138046265 3099
1782931445807 0.49432674050331116 3100
1782931445810 0.32913365960121155 3101
1782931445813 0.2996501326560974 3102
1782931445816 0.13985945284366608 3103
1782931445821 0.295346736907959 3104
1782931445824 0.39747822284698486 3105
1782931445848 0.430535227060318 3106
1782931445851 0.35450735688209534 3107
1782931445860 0.3080337345600128 3108
1782931445867 0.32423317432403564 3109
1782931445869 0.31417015194892883 3110
1782931445872 0.08558943122625351 3111
1782931445874 0.4166322946548462 3112
1782931445892 0.4416765868663788 3113
1782931445894 0.24538463354110718 3114
1782931445896 0.2608703374862671 3115
1782931445899 0.15269462764263153 3116
1782931445902 0.3054526150226593 3117
1782931445915 0.3383048176765442 3118
1782931445917 0.23214147984981537 3119
1782931445920 0.529922604560852 3120
1782931445922 0.28223809599876404 3121
1782931445924 0.35597074031829834 3122
1782931445935 0.3922184109687805 3123
1782931445937 0.26755034923553467 3124
1782931445940 0.0988306999206543 3125
1782931445943 0.2574566900730133 3126
1782931445946 0.29790636897087097 3127
1782931445949 0.14600688219070435 3128
1782931445957 0.318477600812912 3129
1782931445960 0.28939056396484375 3130
1782931445964 0.11289747059345245 3131
1782931445973 0.14012925326824188 3132
1782931445975 0.29986125230789185 3133
1782931445978 0.19569839537143707 3134
1782931445980 0.32051369547843933 3135
1782931445993 0.2908986806869507 3136
1782931445995 0.10134662687778473 3137
1782931445998 0.31906139850616455 3138
1782931446000 0.06683283299207687 3139
1782931446002 0.150854229927063 3140
1782931446005 0.22451315820217133 3141
1782931446011 0.5299050807952881 3142
1782931446013 0.35480642318725586 3143
1782931446027 0.4850499927997589 3144
1782931446075 0.38991817831993103 3145
1782931446149 0.4585196077823639 3146
1782931446231 0.12707364559173584 3147
1782931446275 0.1718890219926834 3148
1782931446317 0.3230687081813812 3149
1782931446347 0.100682832300663 3150
1782931446350 0.5227702260017395 3151
1782931446353 0.15361709892749786 3152
1782931446389 0.24298244714736938 3153
1782931446414 0.41380950808525085 3154
1782931446450 0.694379985332489 3155
1782931446458 0.48837244510650635 3156
1782931446463 0.10292782634496689 3157
1782931446489 0.25461405515670776 3158
1782931446499 0.12358691543340683 3159
1782931446518 0.06536413729190826 3160
1782931446630 0.32093197107315063 3161
1782931446662 0.1946668028831482 3162
1782931446778 0.35188063979148865 3163
1782931446783 0.48374977707862854 3164
1782931446858 0.22465628385543823 3165
1782931446961 0.4022042155265808 3166
1782931447057 0.46880796551704407 3167
1782931447064 0.303474098443985 3168
1782931447069 0.209097221493721 3169
1782931447073 0.34682202339172363 3170
1782931447078 0.2446896731853485 3171
1782931447085 0.29530686140060425 3172
1782931447088 0.46640321612358093 3173
1782931447091 0.32386723160743713 3174
1782931447094 0.37818071246147156 3175
1782931447097 0.11729706823825836 3176
1782931447100 0.3499332070350647 3177
1782931447103 0.6337928771972656 3178
1782931447106 0.7075326442718506 3179
1782931447116 0.3813268542289734 3180
1782931447125 0.17352606356143951 3181
1782931447131 0.23621153831481934 3182
1782931447134 0.3410131335258484 3183
1782931447137 0.06358753889799118 3184
1782931447140 0.28411832451820374 3185
1782931447143 0.1659766584634781 3186
1782931447193 0.28293120861053467 3187
1782931447197 0.5502340197563171 3188
1782931447200 0.38318032026290894 3189
1782931447203 0.2395721673965454 3190
1782931447207 0.455561101436615 3191
1782931447232 0.17508797347545624 3192
1782931447236 0.3048442006111145 3193
1782931447239 0.18847474455833435 3194
1782931447241 0.2856360375881195 3195
1782931447245 0.6613978743553162 3196
1782931447266 0.1535310298204422 3197
1782931447271 0.28136083483695984 3198
1782931447276 0.19296632707118988 3199
1782931447281 0.5726037621498108 3200
1782931447286 0.5884889960289001 3201
1782931447291 0.435561865568161 3202
1782931447296 0.1633082628250122 3203
1782931447303 0.22316378355026245 3204
1782931447306 0.5799189209938049 3205
1782931447308 0.3814881443977356 3206
1782931447311 0.6157388687133789 3207
1782931447314 0.12595954537391663 3208
1782931447317 0.10219598561525345 3209
1782931447320 0.6253880858421326 3210
1782931447323 0.29236823320388794 3211
1782931447327 0.24301916360855103 3212
1782931447335 0.15045128762722015 3213
1782931447339 0.1689598262310028 3214
1782931447373 0.33065280318260193 3215
1782931447382 0.644227147102356 3216
1782931447390 0.1489165872335434 3217
1782931447393 0.21117958426475525 3218
1782931447397 0.30106112360954285 3219
1782931447400 0.07935723662376404 3220
1782931447403 0.2546570301055908 3221
1782931447422 0.31523266434669495 3222
1782931447446 0.1974899172782898 3223
1782931447540 0.2243671417236328 3224
1782931447544 0.45919209718704224 3225
1782931447615 0.20067034661769867 3226
1782931447647 0.07746847718954086 3227
1782931447776 0.45241957902908325 3228
1782931447782 0.2325933575630188 3229
1782931447786 0.4247377812862396 3230
1782931447797 0.18080130219459534 3231
1782931447800 0.7288520336151123 3232
1782931447804 0.28192922472953796 3233
1782931447807 0.5183370113372803 3234
1782931447810 0.5175974369049072 3235
1782931447813 0.21173067390918732 3236
1782931447816 0.4586600363254547 3237
1782931447819 0.24259524047374725 3238
1782931447822 0.4564371109008789 3239
1782931447824 0.5667600035667419 3240
1782931447827 0.1404152512550354 3241
1782931447830 0.38334891200065613 3242
1782931447833 0.2578858435153961 3243
1782931447836 0.33723631501197815 3244
1782931447838 0.07599880546331406 3245
1782931447841 0.12940768897533417 3246
1782931447844 0.2392916977405548 3247
1782931447847 0.302033394575119 3248
1782931447850 0.28493648767471313 3249
1782931447853 0.22355997562408447 3250
1782931447855 0.33018580079078674 3251
1782931447858 0.15307487547397614 3252
1782931447861 0.4847058951854706 3253
1782931447865 0.1912352442741394 3254
1782931447867 0.29683318734169006 3255
1782931447870 0.34394532442092896 3256
1782931447873 0.17302076518535614 3257
1782931447876 0.8197807669639587 3258
1782931447878 0.17516158521175385 3259
1782931447882 0.5007528066635132 3260
1782931447885 0.41455745697021484 3261
1782931447887 0.21402586996555328 3262
1782931447890 0.20414036512374878 3263
1782931447893 0.5248500108718872 3264
1782931447896 0.4249987006187439 3265
1782931447899 0.4642517864704132 3266
1782931447901 0.17040258646011353 3267
1782931447904 0.19909122586250305 3268
1782931447908 0.1166849210858345 3269
1782931447914 0.30330610275268555 3270
1782931447918 0.34886375069618225 3271
1782931447921 0.19409354031085968 3272
1782931447924 0.25702306628227234 3273
1782931447927 0.2302751988172531 3274
1782931447929 0.21586067974567413 3275
1782931447932 0.08765994757413864 3276
1782931447935 0.3999731242656708 3277
1782931447938 0.2106856107711792 3278
1782931447941 0.3063293397426605 3279
1782931447944 0.08378882706165314 3280
1782931447947 0.4257490634918213 3281
1782931447950 0.6181079745292664 3282
1782931447953 0.10314502567052841 3283
1782931447955 0.36684152483940125 3284
1782931447958 0.29595232009887695 3285
1782931447961 0.23496797680854797 3286
1782931447964 0.30567821860313416 3287
1782931447968 0.5073787569999695 3288
1782931447970 0.21235114336013794 3289
1782931447974 0.16737857460975647 3290
1782931447976 0.1376003623008728 3291
1782931447980 0.5488948822021484 3292
1782931447983 0.6496531367301941 3293
1782931447986 0.416934072971344 3294
1782931447989 0.6133860945701599 3295
1782931447992 0.7365066409111023 3296
1782931448006 0.4144456088542938 3297
1782931448030 0.17334330081939697 3298
1782931448114 0.04964149743318558 3299
1782931448117 0.5046042203903198 3300
1782931448119 0.050741855055093765 3301
1782931448164 0.27201294898986816 3302
1782931448172 0.2389398068189621 3303
1782931448232 0.29410505294799805 3304
1782931448235 0.4237539768218994 3305
1782931448238 0.5383152961730957 3306
1782931448241 0.12550631165504456 3307
1782931448243 0.24352648854255676 3308
1782931448275 0.24818676710128784 3309
1782931448278 0.08705917745828629 3310
1782931448279 0.14329488575458527 3311
1782931448282 0.2444719523191452 3312
1782931448291 0.2701403796672821 3313
1782931448296 0.21255630254745483 3314
1782931448301 0.4206036329269409 3315
1782931448304 0.41672283411026 3316
1782931448325 0.36240077018737793 3317
1782931448358 0.4746708571910858 3318
1782931448362 0.372015118598938 3319
1782931448375 0.45830532908439636 3320
1782931448378 0.19714124500751495 3321
1782931448447 0.4969917833805084 3322
1782931448455 0.6528536677360535 3323
1782931448458 0.19367647171020508 3324
1782931448461 0.26549050211906433 3325
1782931448465 0.22823618352413177 3326
1782931448470 0.3193645477294922 3327
1782931448473 0.13540375232696533 3328
1782931448477 0.26277288794517517 3329
1782931448485 0.6945210099220276 3330
1782931448488 0.3552740812301636 3331
1782931448497 0.2336624413728714 3332
1782931448501 0.19925887882709503 3333
1782931448504 0.2940051555633545 3334
1782931448571 0.13417118787765503 3335
1782931448575 0.36727046966552734 3336
1782931448619 0.21520577371120453 3337
1782931448640 0.4412122368812561 3338
1782931448645 0.13296103477478027 3339
1782931448649 0.31094613671302795 3340
1782931448652 0.20280572772026062 3341
1782931448655 0.23568101227283478 3342
1782931448775 0.06397071480751038 3343
1782931448915 0.49334847927093506 3344
1782931449032 0.23108409345149994 3345
1782931449151 0.2418423593044281 3346
1782931449165 0.6969277262687683 3347
1782931449180 0.2714427709579468 3348
1782931449238 0.6957540512084961 3349
1782931449246 0.5499194860458374 3350
1782931449249 0.21735359728336334 3351
1782931449281 0.3731631636619568 3352
1782931449311 0.13923627138137817 3353
1782931449320 0.17407099902629852 3354
1782931449323 0.4490649998188019 3355
1782931449332 0.3910050094127655 3356
1782931449336 0.3395560085773468 3357
1782931449340 0.20774748921394348 3358
1782931449346 0.4858677089214325 3359
1782931449403 0.3493909239768982 3360
1782931449408 0.17259010672569275 3361
1782931449413 0.39112165570259094 3362
1782931449450 0.40953412652015686 3363
1782931449476 0.2686566710472107 3364
1782931449479 0.5692629218101501 3365
1782931449489 0.16495482623577118 3366
1782931449493 0.3890479505062103 3367
1782931449495 0.26008763909339905 3368
1782931449498 0.6029052138328552 3369
1782931449500 0.6583918333053589 3370
1782931449506 0.5727702975273132 3371
1782931449519 0.2532595098018646 3372
1782931449522 0.0666462704539299 3373
1782931449525 0.2567335367202759 3374
1782931449533 0.21976299583911896 3375
1782931449552 0.4465874135494232 3376
1782931449557 0.4301711320877075 3377
1782931449564 0.6206797361373901 3378
1782931449605 0.3154771625995636 3379
1782931449609 0.2569890022277832 3380
1782931449613 0.27756398916244507 3381
1782931449666 0.18325358629226685 3382
1782931449741 0.4616822302341461 3383
1782931449758 0.292855441570282 3384
1782931449761 0.28793707489967346 3385
1782931449766 0.17985491454601288 3386
1782931449797 0.3947112262248993 3387
1782931449802 0.23270376026630402 3388
1782931449805 0.6023260354995728 3389
1782931449809 0.13743427395820618 3390
1782931449838 0.5576658844947815 3391
1782931449841 0.21852421760559082 3392
1782931449844 0.25619491934776306 3393
1782931449848 0.1765650063753128 3394
1782931449852 0.09826555103063583 3395
1782931449856 0.5468885898590088 3396
1782931449858 0.4330602288246155 3397
1782931449861 0.3503755033016205 3398
1782931449865 0.43952861428260803 3399
1782931449868 0.39532533288002014 3400
1782931449871 0.37035930156707764 3401
1782931449874 0.3745216429233551 3402
1782931449877 0.5175116658210754 3403
1782931449880 0.7821653485298157 3404
1782931449883 0.30802303552627563 3405
1782931449886 0.21474674344062805 3406
1782931449889 0.17853666841983795 3407
1782931449892 0.6198084950447083 3408
1782931449894 0.32673999667167664 3409
1782931449898 0.28719818592071533 3410
1782931449919 0.581771969795227 3411
1782931449922 0.6261494159698486 3412
1782931450022 0.5352350473403931 3413
1782931450043 0.11478684842586517 3414
1782931450050 0.4182725250720978 3415
1782931450059 0.5361471772193909 3416
1782931450094 0.2502853572368622 3417
1782931450172 0.4085243344306946 3418
1782931450203 0.14792682230472565 3419
1782931450316 0.18952061235904694 3420
1782931450365 0.23553796112537384 3421
1782931450370 0.3060411810874939 3422
1782931450374 0.1911853402853012 3423
1782931450403 0.20120219886302948 3424
1782931450407 0.33200475573539734 3425
1782931450410 0.30350756645202637 3426
1782931450414 0.20499809086322784 3427
1782931450443 0.5208309888839722 3428
1782931450447 0.30849507451057434 3429
1782931450451 0.5436111092567444 3430
1782931450454 0.4256623387336731 3431
1782931450458 0.3093545138835907 3432
1782931450461 0.18719004094600677 3433
1782931450465 0.3712804317474365 3434
1782931450468 0.3993188142776489 3435
1782931450472 0.3155154585838318 3436
1782931450475 0.12254948914051056 3437
1782931450478 0.5110677480697632 3438
1782931450482 0.41162997484207153 3439
1782931450486 0.5627402663230896 3440
1782931450510 0.17549921572208405 3441
1782931450524 0.2892818748950958 3442
1782931450555 0.24047847092151642 3443
1782931450558 0.10223105549812317 3444
1782931450672 0.3928562104701996 3445
1782931450762 0.4550365209579468 3446
1782931450824 0.27141547203063965 3447
1782931450940 0.34062907099723816 3448
1782931451082 0.5639710426330566 3449
1782931451103 0.22900108993053436 3450
1782931451144 0.5951574444770813 3451
1782931451258 0.23621802031993866 3452
1782931451290 0.1556267887353897 3453
1782931451332 0.4522794485092163 3454
1782931451448 0.12223447859287262 3455
1782931451534 0.40460410714149475 3456
1782931451654 0.28144773840904236 3457
1782931451707 0.3433900773525238 3458
1782931451710 0.1632491499185562 3459
1782931451713 0.3747386932373047 3460
1782931451715 0.5077078342437744 3461
1782931451731 0.2989289164543152 3462
1782931451734 0.28832051157951355 3463
1782931451736 0.0546247735619545 3464
1782931451738 0.20618605613708496 3465
1782931451741 0.3448421061038971 3466
1782931451744 0.29104340076446533 3467
1782931451873 0.2316301316022873 3468
1782931451888 0.1928875893354416 3469
1782931451892 0.9239625930786133 3470
1782931451903 0.3753560185432434 3471
1782931451955 0.3340601921081543 3472
1782931452069 0.11107029765844345 3473
1782931452138 0.6357583403587341 3474
1782931452250 0.40412625670433044 3475
1782931452262 0.4373864233493805 3476
1782931452346 0.28723496198654175 3477
1782931452438 0.38692978024482727 3478
1782931452454 0.3829708695411682 3479
1782931452483 0.22121474146842957 3480
1782931452536 0.18406854569911957 3481
1782931452580 0.13170690834522247 3482
1782931452597 0.20912709832191467 3483
1782931452622 0.2433738261461258 3484
1782931452634 0.45035290718078613 3485
1782931452643 0.14989280700683594 3486
1782931452647 0.4884774088859558 3487
1782931452671 0.21960274875164032 3488
1782931452677 0.5663871765136719 3489
1782931452686 0.2967749238014221 3490
1782931452692 0.41065117716789246 3491
1782931452694 0.0854353979229927 3492
1782931452718 0.15316082537174225 3493
1782931452723 0.18057478964328766 3494
1782931452729 0.31795674562454224 3495
1782931452736 0.22171682119369507 3496
1782931452760 0.5179774165153503 3497
1782931452827 0.3659214377403259 3498
1782931452831 0.35700201988220215 3499
1782931452844 0.3353726267814636 3500
1782931452941 0.10021791607141495 3501
1782931453089 0.08744832873344421 3502
1782931453217 0.16629227995872498 3503
1782931453280 0.2245968133211136 3504
1782931453289 0.21436774730682373 3505
1782931453292 0.19473367929458618 3506
1782931453361 0.3668938875198364 3507
1782931453406 0.1690291464328766 3508
1782931453446 0.7657021284103394 3509
1782931453462 0.12201476842164993 3510
1782931453526 0.2400086224079132 3511
1782931453531 0.33351242542266846 3512
1782931453534 0.28623008728027344 3513
1782931453597 0.19871138036251068 3514
1782931453670 0.1626388281583786 3515
1782931453678 0.05514301359653473 3516
1782931453697 0.28698089718818665 3517
1782931453700 0.19793201982975006 3518
1782931453703 0.1948731541633606 3519
1782931453706 0.603497326374054 3520
1782931453717 0.11868683993816376 3521
1782931453721 0.10917352139949799 3522
1782931453724 0.2005435675382614 3523
1782931453746 0.09806790202856064 3524
1782931453788 0.36085861921310425 3525
1782931453853 0.3433256447315216 3526
1782931453856 0.049117010086774826 3527
1782931453859 0.20703120529651642 3528
1782931453864 0.09008967876434326 3529
1782931453876 0.21029292047023773 3530
1782931453995 0.36897391080856323 3531
1782931454011 0.41320157051086426 3532
1782931454068 0.30400750041007996 3533
1782931454209 0.40404951572418213 3534
1782931454308 0.11372891068458557 3535
1782931454357 0.26796337962150574 3536
1782931454387 0.15006834268569946 3537
1782931454391 0.21958793699741364 3538
1782931454395 0.1901717483997345 3539
1782931454397 0.2772274315357208 3540
1782931454399 0.3376789093017578 3541
1782931454467 0.5263188481330872 3542
1782931454470 0.3234832286834717 3543
1782931454474 0.6864039897918701 3544
1782931454511 0.20786814391613007 3545
1782931454522 0.31147894263267517 3546
1782931454527 0.18280720710754395 3547
1782931454539 0.3080208897590637 3548
1782931454542 0.2349604070186615 3549
1782931454545 0.3679855465888977 3550
1782931454568 0.11318811774253845 3551
1782931454571 0.5076441168785095 3552
1782931454576 0.2890697121620178 3553
1782931454584 0.2649553120136261 3554
1782931454638 0.23926439881324768 3555
1782931454690 0.21154069900512695 3556
1782931454712 0.22243380546569824 3557
1782931454715 0.2702694535255432 3558
1782931454718 0.29045966267585754 3559
1782931454721 0.4132522642612457 3560
1782931454724 0.2468251734972 3561
1782931454727 0.2463274449110031 3562
1782931454730 0.13218647241592407 3563
1782931454733 0.22456221282482147 3564
1782931454736 0.5209125280380249 3565
1782931454738 0.4133273959159851 3566
1782931454741 0.26427075266838074 3567
1782931454744 0.12984661757946014 3568
1782931454749 0.3148648738861084 3569
1782931454752 0.10601271688938141 3570
1782931454756 0.28349003195762634 3571
1782931454760 0.2889328896999359 3572
1782931454764 0.5971625447273254 3573
1782931454767 0.40349167585372925 3574
1782931454770 0.2572319805622101 3575
1782931454773 0.1223166286945343 3576
1782931454776 0.13015027344226837 3577
1782931454779 0.4188518524169922 3578
1782931454782 0.4359667897224426 3579
1782931454785 0.21555446088314056 3580
1782931454788 0.4676779806613922 3581
1782931454790 0.1495497077703476 3582
1782931454794 0.14927728474140167 3583
1782931454798 0.24469232559204102 3584
1782931454800 0.5519736409187317 3585
1782931454803 0.2824735939502716 3586
1782931454813 0.4769447147846222 3587
1782931454817 0.11472629755735397 3588
1782931454820 0.30446165800094604 3589
1782931454823 0.41046836972236633 3590
1782931454837 0.6292540431022644 3591
1782931454845 0.27315226197242737 3592
1782931454849 0.1825285106897354 3593
1782931454852 0.46915245056152344 3594
1782931454875 0.1334838569164276 3595
1782931454897 0.09133804589509964 3596
1782931454979 0.5925702452659607 3597
1782931454982 0.40845558047294617 3598
1782931454984 0.12236977368593216 3599
1782931455122 0.19740672409534454 3600
1782931455238 0.3999987840652466 3601
1782931455263 0.48529860377311707 3602
1782931455406 0.2944521903991699 3603
1782931455509 0.3870272636413574 3604
1782931455511 0.26813191175460815 3605
1782931455522 0.34847450256347656 3606
1782931455548 0.34514322876930237 3607
1782931455551 0.23950785398483276 3608
1782931455555 0.12058090418577194 3609
1782931455564 0.6797640919685364 3610
1782931455591 0.14076144993305206 3611
1782931455594 0.15727658569812775 3612
1782931455597 0.21607348322868347 3613
1782931455601 0.3371093273162842 3614
1782931455625 0.09779922664165497 3615
1782931455635 0.3791273832321167 3616
1782931455782 0.4379264712333679 3617
1782931455802 0.3859219551086426 3618
1782931455861 0.1395295411348343 3619
1782931455865 0.22107918560504913 3620
1782931455917 0.29004228115081787 3621
1782931456067 0.37690556049346924 3622
1782931456176 0.36016663908958435 3623
1782931456189 0.3215307295322418 3624
1782931456242 0.47611314058303833 3625
1782931456246 0.8387219905853271 3626
1782931456350 0.26472389698028564 3627
1782931456410 0.3193790018558502 3628
1782931456413 0.39795470237731934 3629
1782931456417 0.5206121802330017 3630
1782931456420 0.2545071542263031 3631
1782931456424 0.3506897985935211 3632
1782931456433 0.3794867992401123 3633
1782931456437 0.1531912386417389 3634
1782931456440 0.44866228103637695 3635
1782931456443 0.4056665897369385 3636
1782931456504 0.09419043362140656 3637
1782931456521 0.4340200424194336 3638
1782931456537 0.33601149916648865 3639
1782931456555 0.18688099086284637 3640
1782931456677 0.2939649820327759 3641
1782931456717 0.23375752568244934 3642
1782931456741 0.24334214627742767 3643
1782931456749 0.4670981466770172 3644
1782931456753 0.29197126626968384 3645
1782931456756 0.2754408121109009 3646
1782931456759 0.5117093324661255 3647
1782931456763 0.1445242017507553 3648
1782931456778 0.2662736177444458 3649
1782931456786 0.29013532400131226 3650
1782931456805 0.17550821602344513 3651
1782931456856 0.3965792655944824 3652
1782931456874 0.47704261541366577 3653
1782931456889 0.15370811522006989 3654
1782931457016 0.4137529730796814 3655
1782931457166 0.2891870439052582 3656
1782931457253 0.2164440006017685 3657
1782931457287 0.47633910179138184 3658
1782931457292 0.15102380514144897 3659
1782931457294 0.35653719305992126 3660
1782931457296 0.29183247685432434 3661
1782931457298 0.1221165806055069 3662
1782931457347 0.34173014760017395 3663
1782931457385 0.28530824184417725 3664
1782931457553 0.2134370654821396 3665
1782931457595 0.15145181119441986 3666
1782931457603 0.10015744715929031 3667
1782931457619 0.542752742767334 3668
1782931457626 0.15921789407730103 3669
1782931457630 0.2591799199581146 3670
1782931457636 0.22931493818759918 3671
1782931457639 0.27290257811546326 3672
1782931457641 0.17712275683879852 3673
1782931457645 0.0833561047911644 3674
1782931457652 0.342929869890213 3675
1782931457655 0.6774513721466064 3676
1782931457672 0.21052196621894836 3677
1782931457675 0.18387475609779358 3678
1782931457678 0.148194819688797 3679
1782931457686 0.2607475817203522 3680
1782931457689 0.24735809862613678 3681
1782931457692 0.15356765687465668 3682
1782931457696 0.30088961124420166 3683
1782931457699 0.3929671049118042 3684
1782931457702 0.47899508476257324 3685
1782931457705 0.5027525424957275 3686
1782931457714 0.34994587302207947 3687
1782931457728 0.3988184332847595 3688
1782931457731 0.41061049699783325 3689
1782931457736 0.4188906252384186 3690
1782931457758 0.3467979431152344 3691
1782931457761 0.2817625105381012 3692
1782931457764 0.27881526947021484 3693
1782931457774 0.305682510137558 3694
1782931457778 0.137429341673851 3695
1782931457889 0.4909394383430481 3696
1782931457941 0.1003272533416748 3697
1782931457992 0.38279491662979126 3698
1782931457999 0.206937775015831 3699
1782931458002 0.24829672276973724 3700
1782931458005 0.29609572887420654 3701
1782931458014 0.2162705510854721 3702
1782931458019 0.14690053462982178 3703
1782931458023 0.06922999769449234 3704
1782931458026 0.3643476068973541 3705
1782931458030 0.22307251393795013 3706
1782931458033 0.05865776538848877 3707
1782931458038 0.28201034665107727 3708
1782931458041 0.5898957252502441 3709
1782931458045 0.2841590642929077 3710
1782931458049 0.38454991579055786 3711
1782931458052 0.7206957936286926 3712
1782931458056 0.21510502696037292 3713
1782931458059 0.8718556761741638 3714
1782931458063 0.071444571018219 3715
1782931458066 0.4521940052509308 3716
1782931458070 0.2931858003139496 3717
1782931458074 0.14996804296970367 3718
1782931458077 0.31637197732925415 3719
1782931458081 0.4396297335624695 3720
1782931458085 0.3954906761646271 3721
1782931458089 0.10386291891336441 3722
1782931458092 0.30605366826057434 3723
1782931458096 0.5492078065872192 3724
1782931458100 0.30185624957084656 3725
1782931458104 0.2802298665046692 3726
1782931458107 0.5780903100967407 3727
1782931458111 0.19176311790943146 3728
1782931458115 0.20455840229988098 3729
1782931458118 0.2824613153934479 3730
1782931458122 0.2522028684616089 3731
1782931458125 0.4167349636554718 3732
1782931458128 0.16595782339572906 3733
1782931458131 0.3232240378856659 3734
1782931458135 0.11353178322315216 3735
1782931458139 0.24853891134262085 3736
1782931458142 0.25840482115745544 3737
1782931458145 0.40710049867630005 3738
1782931458149 0.22993364930152893 3739
1782931458153 0.7032668590545654 3740
1782931458156 0.21914051473140717 3741
1782931458161 0.2609018087387085 3742
1782931458166 0.21749462187290192 3743
1782931458169 0.5031495690345764 3744
1782931458172 0.22273564338684082 3745
1782931458174 0.6166580319404602 3746
1782931458176 0.29937800765037537 3747
1782931458180 0.12159255892038345 3748
1782931458182 0.171700119972229 3749
1782931458615 0.19893959164619446 3750
1782931458650 0.24587056040763855 3751
1782931458662 0.27304619550704956 3752
1782931458741 0.15499496459960938 3753
1782931458794 0.6060047149658203 3754
1782931458827 0.3845946192741394 3755
1782931458841 0.1686077117919922 3756
1782931458844 0.24345344305038452 3757
1782931458848 0.3567826747894287 3758
1782931458851 0.2662585377693176 3759
1782931458854 0.16195207834243774 3760
1782931458856 0.2896307110786438 3761
1782931458859 0.12869855761528015 3762
1782931458863 0.37307488918304443 3763
1782931458866 0.12628760933876038 3764
1782931458869 0.2550852298736572 3765
1782931458871 0.1430249810218811 3766
1782931458874 0.528240442276001 3767
1782931458878 0.48257774114608765 3768
1782931458881 0.2753449082374573 3769
1782931458884 0.20228101313114166 3770
1782931458893 0.15877923369407654 3771
1782931458995 0.19225841760635376 3772
1782931459012 0.23923709988594055 3773
1782931459057 0.2923794090747833 3774
1782931459165 0.20093531906604767 3775
1782931459307 0.3196077048778534 3776
1782931459434 0.43368032574653625 3777
1782931459561 0.32488441467285156 3778
1782931459693 0.13831987977027893 3779
1782931459754 0.2744671106338501 3780
1782931459810 0.30614498257637024 3781
1782931459927 0.2756996750831604 3782
1782931459964 0.31728050112724304 3783
1782931459973 0.574828028678894 3784
1782931459976 0.2833983898162842 3785
1782931459979 0.09105141460895538 3786
1782931459983 0.20335102081298828 3787
1782931459987 0.21513378620147705 3788
1782931459991 0.343377023935318 3789
1782931459997 0.2564767897129059 3790
1782931460001 0.1361849009990692 3791
1782931460005 0.215366929769516 3792
1782931460008 0.26971203088760376 3793
1782931460011 0.8773719072341919 3794
1782931460014 0.24549461901187897 3795
1782931460018 0.2343849241733551 3796
1782931460021 0.10906911641359329 3797
1782931460024 0.17477554082870483 3798
1782931460026 0.2387622594833374 3799
1782931460042 0.2832998037338257 3800
1782931460054 0.20103316009044647 3801
1782931460063 0.26201096177101135 3802
1782931460188 0.5295535922050476 3803
1782931460222 0.42776691913604736 3804
1782931460256 0.6582873463630676 3805
1782931460399 0.3705783784389496 3806
1782931460405 0.4394903779029846 3807
1782931460413 0.11509877443313599 3808
1782931460491 0.2216198742389679 3809
1782931460514 0.20113542675971985 3810
1782931460517 0.098142609000206 3811
1782931460520 0.4591219127178192 3812
1782931460522 0.22217798233032227 3813
1782931460525 0.2858947515487671 3814
1782931460529 0.6954347491264343 3815
1782931460540 0.16151994466781616 3816
1782931460543 0.426695317029953 3817
1782931460582 0.2489670217037201 3818
1782931460593 0.2758162021636963 3819
1782931460621 0.2645733654499054 3820
1782931460624 0.3451685309410095 3821
1782931460628 0.2492114156484604 3822
1782931460631 0.15422816574573517 3823
1782931460634 0.3045911192893982 3824
1782931460676 0.8243231773376465 3825
1782931460687 0.19507288932800293 3826
1782931460695 0.48627910017967224 3827
1782931460703 0.2955062687397003 3828
1782931460719 0.7869724035263062 3829
1782931460723 0.6012146472930908 3830
1782931460725 0.2473665177822113 3831
1782931460745 0.1902228593826294 3832
1782931460748 0.4417790174484253 3833
1782931460752 0.26941826939582825 3834
1782931460754 0.29552143812179565 3835
1782931460757 0.4349938929080963 3836
1782931460761 0.2106870710849762 3837
1782931460765 0.5398893356323242 3838
1782931460768 0.44333696365356445 3839
1782931460771 0.3266105055809021 3840
1782931460773 0.40539485216140747 3841
1782931460777 0.2457548826932907 3842
1782931460782 0.2432643175125122 3843
1782931460785 0.14782199263572693 3844
1782931460788 0.21613572537899017 3845
1782931460791 0.21898570656776428 3846
1782931460794 0.254300981760025 3847
1782931460797 0.26525068283081055 3848
1782931460800 0.28412073850631714 3849
1782931460803 0.8204053640365601 3850
1782931460806 0.06544265896081924 3851
1782931460809 0.24974791705608368 3852
1782931460814 0.1294642686843872 3853
1782931460819 0.5824155807495117 3854
1782931460822 0.2898400127887726 3855
1782931460825 0.10536575317382812 3856
1782931460827 0.2868528962135315 3857
1782931460830 0.12802788615226746 3858
1782931460834 0.4018785357475281 3859
1782931460837 0.2606865167617798 3860
1782931460840 0.3885355293750763 3861
1782931460843 0.08782678842544556 3862
1782931460846 0.5790518522262573 3863
1782931460860 0.3856792151927948 3864
1782931460879 0.6414137482643127 3865
1782931460919 0.19466106593608856 3866
1782931460939 0.16349945962429047 3867
1782931460947 0.6512479782104492 3868
1782931461052 0.572942852973938 3869
1782931461060 0.3579811751842499 3870
1782931461064 0.3810456395149231 3871
1782931461161 0.19181939959526062 3872
1782931461165 0.2664050757884979 3873
1782931461171 0.4324731230735779 3874
1782931461197 0.23610831797122955 3875
1782931461199 0.43368926644325256 3876
1782931461200 0.3292059600353241 3877
1782931461282 0.2376236766576767 3878
1782931461317 0.46784278750419617 3879
1782931461320 0.18080459535121918 3880
1782931461322 0.32010477781295776 3881
1782931461325 0.5113261938095093 3882
1782931461328 0.5615485906600952 3883
1782931461331 0.3140648305416107 3884
1782931461343 0.08065696060657501 3885
1782931461466 0.08852986991405487 3886
1782931461482 0.43270280957221985 3887
1782931461485 0.6355445981025696 3888
1782931461488 0.7695068717002869 3889
1782931461491 0.11858826130628586 3890
1782931461494 0.16679647564888 3891
1782931461522 0.3556494414806366 3892
1782931461526 0.3136786222457886 3893
1782931461529 0.3210771679878235 3894
1782931461532 0.06454619020223618 3895
1782931461535 0.216875821352005 3896
1782931461561 0.26418536901474 3897
1782931461575 0.14349840581417084 3898
1782931461654 0.2702799141407013 3899
1782931461769 0.3061879873275757 3900
1782931461841 0.2815559506416321 3901
1782931461845 0.25827062129974365 3902
1782931461848 0.46169137954711914 3903
1782931461851 0.16658848524093628 3904
1782931461889 0.1475444734096527 3905
1782931461910 0.5812290906906128 3906
1782931461913 0.19663362205028534 3907
1782931461918 0.22497372329235077 3908
1782931461921 0.3441917598247528 3909
1782931461939 0.17548294365406036 3910
1782931461961 0.9638428688049316 3911
1782931461965 0.08658763766288757 3912
1782931461972 0.4031362533569336 3913
1782931461975 0.4457036852836609 3914
1782931461987 0.6300771832466125 3915
1782931461990 0.13436773419380188 3916
1782931461993 0.3526020348072052 3917
1782931461996 0.9936338067054749 3918
1782931461999 0.28480052947998047 3919
1782931462002 0.2532966434955597 3920
1782931462016 0.22801436483860016 3921
1782931462030 0.4365779161453247 3922
1782931462033 0.3535834848880768 3923
1782931462036 0.2168181985616684 3924
1782931462040 0.1536853015422821 3925
1782931462044 0.2185971736907959 3926
1782931462047 0.12297068536281586 3927
1782931462051 0.21566559374332428 3928
1782931462065 0.5052759051322937 3929
1782931462068 0.11076245456933975 3930
1782931462071 0.3650206923484802 3931
1782931462074 0.22985094785690308 3932
1782931462077 0.35181525349617004 3933
1782931462081 0.4509814977645874 3934
1782931462085 0.5626834034919739 3935
1782931462088 0.1939692199230194 3936
1782931462092 0.23405468463897705 3937
1782931462095 0.11736400425434113 3938
1782931462098 0.22902344167232513 3939
1782931462101 0.31253036856651306 3940
1782931462104 0.3160454332828522 3941
1782931462107 0.28279608488082886 3942
1782931462110 0.2529866397380829 3943
1782931462113 0.0829572007060051 3944
1782931462116 0.4378863275051117 3945
1782931462120 0.29674094915390015 3946
1782931462123 0.248591810464859 3947
1782931462126 0.29713237285614014 3948
1782931462130 0.2555982768535614 3949
1782931462133 0.27058765292167664 3950
1782931462136 0.337368369102478 3951
1782931462139 0.3520835041999817 3952
1782931462142 0.16254475712776184 3953
1782931462146 0.2352132648229599 3954
1782931462149 0.660538911819458 3955
1782931462153 0.31387975811958313 3956
1782931462156 0.25640779733657837 3957
1782931462159 0.30742841958999634 3958
1782931462162 0.2145296186208725 3959
1782931462165 0.5112442970275879 3960
1782931462168 0.0527457669377327 3961
1782931462171 0.3298220932483673 3962
1782931462173 0.43820226192474365 3963
1782931462176 0.27762773633003235 3964
1782931462180 0.44018274545669556 3965
1782931462183 0.19172900915145874 3966
1782931462186 0.22894853353500366 3967
1782931462189 0.16899219155311584 3968
1782931462192 0.4923495650291443 3969
1782931462195 0.3198426067829132 3970
1782931462198 0.2027934342622757 3971
1782931462201 0.3200259506702423 3972
1782931462204 0.0762777328491211 3973
1782931462207 0.3074670135974884 3974
1782931462210 0.11854752898216248 3975
1782931462214 0.23918984830379486 3976
1782931462219 0.2320823073387146 3977
1782931462252 0.09749259054660797 3978
1782931462266 0.3920315206050873 3979
1782931462370 0.23200848698616028 3980
1782931462385 0.28938189148902893 3981
1782931462388 0.2845499515533447 3982
1782931462391 0.1790173053741455 3983
1782931462395 0.46007877588272095 3984
1782931462440 0.07820554822683334 3985
1782931462446 0.7785117626190186 3986
1782931462456 0.207468181848526 3987
1782931462466 0.20411013066768646 3988
1782931462471 0.46059128642082214 3989
1782931462486 0.3927299380302429 3990
1782931462522 0.3292781412601471 3991
1782931462525 0.23555919528007507 3992
1782931462527 0.15295712649822235 3993
1782931462529 0.09559672325849533 3994
1782931462535 0.3008885383605957 3995
1782931462548 0.19328603148460388 3996
1782931462551 0.5772006511688232 3997
1782931462554 0.4777718484401703 3998
1782931462557 0.2860505282878876 3999
1782931462560 0.30415406823158264 4000
1782931462563 0.11785168945789337 4001
1782931462566 0.4063321650028229 4002
1782931462570 0.18657054007053375 4003
1782931462572 0.17394988238811493 4004
1782931462575 0.3105732500553131 4005
1782931462579 0.3916705846786499 4006
1782931462582 0.10764769464731216 4007
1782931462585 0.22715598344802856 4008
1782931462588 0.33401116728782654 4009
1782931462591 0.6474031805992126 4010
1782931462594 0.08638864010572433 4011
1782931462597 0.06179070100188255 4012
1782931462601 0.1694706380367279 4013
1782931462604 0.07958534359931946 4014
1782931462607 0.3723377287387848 4015
1782931462610 0.1772928684949875 4016
1782931462613 0.198722705245018 4017
1782931462616 0.735181987285614 4018
1782931462619 0.10763825476169586 4019
1782931462622 0.2900802791118622 4020
1782931462626 0.21185843646526337 4021
1782931462631 0.21848775446414948 4022
1782931462634 0.21307222545146942 4023
1782931462637 0.21135137975215912 4024
1782931462640 0.5524054765701294 4025
1782931462643 0.29814672470092773 4026
1782931462650 0.4144565463066101 4027
1782931462654 0.8716488480567932 4028
1782931462657 0.14420592784881592 4029
1782931462661 0.4807954430580139 4030
1782931462665 0.5002928972244263 4031
1782931462669 0.33118218183517456 4032
1782931462673 0.13740751147270203 4033
1782931462676 0.43838706612586975 4034
1782931462680 0.4406931698322296 4035
1782931462683 0.12071012705564499 4036
1782931462689 0.5292205214500427 4037
1782931462692 0.7231021523475647 4038
1782931462695 0.22437840700149536 4039
1782931462699 0.18151642382144928 4040
1782931462702 0.3635181188583374 4041
1782931462705 0.30129683017730713 4042
1782931462708 0.48926541209220886 4043
1782931462711 0.4725838303565979 4044
1782931462714 0.327957421541214 4045
1782931462717 0.3530317544937134 4046
1782931462721 0.33391013741493225 4047
1782931462724 0.247295081615448 4048
1782931462727 0.6002591252326965 4049
1782931462730 0.23268850147724152 4050
1782931462735 0.32036498188972473 4051
1782931462738 0.1572207808494568 4052
1782931462741 0.19482026994228363 4053
1782931462745 0.23953332006931305 4054
1782931462748 0.2825465500354767 4055
1782931462751 0.26907965540885925 4056
1782931462754 0.362944096326828 4057
1782931462757 0.2872616946697235 4058
1782931462761 0.17352285981178284 4059
1782931462764 0.07647422701120377 4060
1782931462767 0.2423199564218521 4061
1782931462771 0.2945266366004944 4062
1782931462774 0.12642961740493774 4063
1782931462777 0.23308812081813812 4064
1782931462780 0.1234627515077591 4065
1782931462783 0.30355367064476013 4066
1782931462786 0.3934359848499298 4067
1782931462789 0.3657546043395996 4068
1782931462796 0.372358113527298 4069
1782931462799 0.2433241754770279 4070
1782931462802 0.26180770993232727 4071
1782931462805 0.20499461889266968 4072
1782931462808 0.19860109686851501 4073
1782931462811 0.5524300336837769 4074
1782931462816 0.1729559749364853 4075
1782931462818 0.4112454056739807 4076
1782931462821 0.15090610086917877 4077
1782931462825 0.37876805663108826 4078
1782931462828 0.2530975043773651 4079
1782931462831 0.17918604612350464 4080
1782931462834 0.1848880797624588 4081
1782931462839 0.3328324854373932 4082
1782931462842 0.32327112555503845 4083
1782931462845 0.33375072479248047 4084
1782931462853 0.23536837100982666 4085
1782931462857 0.22065667808055878 4086
1782931462860 0.3205529749393463 4087
1782931462863 0.4649692475795746 4088
1782931462866 0.25935831665992737 4089
1782931462869 0.3700650930404663 4090
1782931462872 0.3234530985355377 4091
1782931462877 0.23031426966190338 4092
1782931462880 0.3777230978012085 4093
1782931462882 0.5208010077476501 4094
1782931462887 0.6203565001487732 4095
1782931462889 0.4456086754798889 4096
1782931462892 0.41536739468574524 4097
1782931462897 0.2003699094057083 4098
1782931462899 0.5536431074142456 4099
1782931462902 0.29227957129478455 4100
1782931462904 0.3449931740760803 4101
1782931462906 0.5154072046279907 4102
1782931462908 0.23326840996742249 4103
1782931462911 0.29061779379844666 4104
1782931462913 0.3762429654598236 4105
1782931462915 0.12141798436641693 4106
1782931462917 0.5336460471153259 4107
1782931462920 0.3417845070362091 4108
1782931462923 0.4128800630569458 4109
1782931462925 0.05565721541643143 4110
1782931462929 0.38498055934906006 4111
1782931462932 0.3502839505672455 4112
1782931462934 0.2409970909357071 4113
1782931462937 0.09926693141460419 4114
1782931462940 0.6123371124267578 4115
1782931462943 0.4991080164909363 4116
1782931462946 0.29624736309051514 4117
1782931462949 0.27447447180747986 4118
1782931462951 0.6742298603057861 4119
1782931462954 0.3125150799751282 4120
1782931462957 0.375048965215683 4121
1782931462959 0.3705560266971588 4122
1782931462962 0.4858182668685913 4123
1782931462965 0.12494384497404099 4124
1782931462967 0.18649017810821533 4125
1782931462969 0.2631416916847229 4126
1782931462971 0.16002744436264038 4127
1782931462974 0.20322450995445251 4128
1782931462976 0.18103012442588806 4129
1782931462978 0.2510392665863037 4130
1782931462981 0.2660009562969208 4131
1782931462988 0.26832956075668335 4132
1782931462991 0.516927182674408 4133
1782931462995 0.5934061408042908 4134
1782931463007 0.23552311956882477 4135
1782931463010 0.3754386305809021 4136
1782931463014 0.12813296914100647 4137
1782931463017 0.35480397939682007 4138
1782931463022 0.120248943567276 4139
1782931463024 0.22288593649864197 4140
1782931463034 0.14810729026794434 4141
1782931463039 0.15445424616336823 4142
1782931463060 0.27131369709968567 4143
1782931463065 0.3891129195690155 4144
1782931463078 0.39991623163223267 4145
1782931463082 0.2022944688796997 4146
1782931463085 0.133200541138649 4147
1782931463088 0.19257543981075287 4148
1782931463091 0.2927249073982239 4149
1782931463094 0.19462986290454865 4150
1782931463097 0.12725476920604706 4151
1782931463100 0.40732520818710327 4152
1782931463103 0.42473453283309937 4153
1782931463106 0.23757041990756989 4154
1782931463109 0.2762078046798706 4155
1782931463112 0.41631120443344116 4156
1782931463115 0.2898283004760742 4157
1782931463118 0.4305086135864258 4158
1782931463121 0.12210103869438171 4159
1782931463124 0.1806831955909729 4160
1782931463130 0.14960892498493195 4161
1782931463133 0.350445032119751 4162
1782931463136 0.08562324941158295 4163
1782931463142 0.3934139609336853 4164
1782931463146 0.3794991075992584 4165
1782931463149 0.2929001748561859 4166
1782931463155 0.2053200751543045 4167
1782931463176 0.20657524466514587 4168
1782931463179 0.4216143488883972 4169
1782931463182 0.5850557088851929 4170
1782931463196 0.16316735744476318 4171
1782931463200 0.6146394610404968 4172
1782931463203 0.18231415748596191 4173
1782931463206 0.34137141704559326 4174
1782931463210 0.2263961285352707 4175
1782931463214 0.2715179920196533 4176
1782931463252 0.4615374207496643 4177
1782931463266 0.09185809642076492 4178
1782931463325 0.2034458965063095 4179
1782931463332 0.18984200060367584 4180
1782931463343 0.271495521068573 4181
1782931463354 0.5222991108894348 4182
1782931463357 0.37007781863212585 4183
1782931463428 0.1587730050086975 4184
1782931463432 0.4810888469219208 4185
1782931463463 0.2631930112838745 4186
1782931463469 0.2829357981681824 4187
1782931463570 0.5235410928726196 4188
1782931463657 0.3978241980075836 4189
1782931463677 0.17900128662586212 4190
1782931463710 0.11403107643127441 4191
1782931463727 0.3174450397491455 4192
1782931463756 0.36528250575065613 4193
1782931463865 0.2286248803138733 4194
1782931463885 0.17845462262630463 4195
1782931463902 0.765293300151825 4196
1782931463930 0.5229699015617371 4197
1782931463933 0.5313361287117004 4198
1782931463995 0.2398427575826645 4199
1782931464000 0.2255537062883377 4200
1782931464005 0.16343893110752106 4201
1782931464125 0.296476811170578 4202
1782931464131 0.18844535946846008 4203
1782931464134 0.38699138164520264 4204
1782931464137 0.47025972604751587 4205
1782931464140 0.6365265846252441 4206
1782931464143 0.1109907329082489 4207
1782931464146 0.2844255864620209 4208
1782931464150 0.17509886622428894 4209
1782931464153 0.4116429388523102 4210
1782931464155 0.25139808654785156 4211
1782931464158 0.2826404571533203 4212
1782931464161 0.15322616696357727 4213
1782931464165 0.33886998891830444 4214
1782931464167 0.4264788031578064 4215
1782931464170 0.20635215938091278 4216
1782931464173 0.3638288974761963 4217
1782931464182 0.13564756512641907 4218
1782931464186 0.41522324085235596 4219
1782931464188 0.6662406325340271 4220
1782931464197 0.30363646149635315 4221
1782931464200 0.30110979080200195 4222
1782931464203 0.2647956609725952 4223
1782931464302 0.4494244158267975 4224
1782931464318 0.48684200644493103 4225
1782931464321 0.1722947061061859 4226
1782931464323 0.3256678879261017 4227
1782931464325 0.4491084814071655 4228
1782931464327 0.23169709742069244 4229
1782931464329 0.2632918953895569 4230
1782931464331 0.37648969888687134 4231
1782931464333 0.2124544382095337 4232
1782931464344 0.2363939732313156 4233
1782931464437 0.44898471236228943 4234
1782931464450 0.32829323410987854 4235
1782931464468 0.11374407261610031 4236
1782931464493 0.051165878772735596 4237
1782931464593 0.6421447992324829 4238
1782931464619 0.19804160296916962 4239
1782931464721 0.3641708493232727 4240
1782931464838 0.1465531885623932 4241
1782931464946 0.5063279867172241 4242
1782931465015 0.5820688009262085 4243
1782931465038 0.2726163864135742 4244
1782931465192 0.06195124611258507 4245
1782931465308 0.21734747290611267 4246
1782931465438 0.19386537373065948 4247
1782931465461 0.4240211546421051 4248
1782931465465 0.31967633962631226 4249
1782931465497 0.6675353050231934 4250
1782931465536 0.164076030254364 4251
1782931465666 0.22861915826797485 4252
1782931465699 0.3176712989807129 4253
1782931465712 0.217274010181427 4254
1782931465736 0.17189425230026245 4255
1782931465738 0.4445972442626953 4256
1782931465740 0.2925896942615509 4257
1782931465744 0.43952229619026184 4258
1782931465764 0.24054770171642303 4259
1782931465801 0.2504774034023285 4260
1782931465824 0.34592437744140625 4261
1782931465928 0.3495137393474579 4262
1782931466069 0.06359855085611343 4263
1782931466234 0.2659015357494354 4264
1782931466355 0.35331588983535767 4265
1782931466384 0.21111439168453217 4266
1782931466527 0.2749531865119934 4267
1782931466570 0.37153807282447815 4268
1782931466575 0.22958414256572723 4269
1782931466579 0.5510904788970947 4270
1782931466582 0.2221846580505371 4271
1782931466586 0.28370705246925354 4272
1782931466591 0.20403942465782166 4273
1782931466597 0.0976867526769638 4274
1782931466600 0.3169044852256775 4275
1782931466608 0.13369116187095642 4276
1782931466611 0.1653357744216919 4277
1782931466615 0.1506340652704239 4278
1782931466620 0.2975611388683319 4279
1782931466624 0.3898746371269226 4280
1782931466629 0.42845243215560913 4281
1782931466639 0.42094752192497253 4282
1782931466643 0.6365132927894592 4283
1782931466648 0.1254856139421463 4284
1782931466651 0.35981276631355286 4285
1782931466655 0.11526098847389221 4286
1782931466659 0.7334391474723816 4287
1782931466663 0.11060850322246552 4288
1782931466666 0.2065470963716507 4289
1782931466670 0.27896130084991455 4290
1782931466673 0.42336809635162354 4291
1782931466677 0.30691444873809814 4292
1782931466681 0.21740736067295074 4293
1782931466685 0.2983223795890808 4294
1782931466688 0.5180048942565918 4295
1782931466692 0.2862488329410553 4296
1782931466696 0.21429948508739471 4297
1782931466700 0.2203155755996704 4298
1782931466703 0.6020117402076721 4299
1782931466707 0.3569169044494629 4300
1782931466711 0.14690673351287842 4301
1782931466714 0.5705465078353882 4302
1782931466718 0.26020896434783936 4303
1782931466722 0.3977898061275482 4304
1782931466726 0.3441963791847229 4305
1782931466730 0.1582619994878769 4306
1782931466734 0.12975609302520752 4307
1782931466738 0.32624077796936035 4308
1782931466742 0.21692714095115662 4309
1782931466746 0.42411094903945923 4310
1782931466749 0.4471840560436249 4311
1782931466752 0.17209327220916748 4312
1782931466755 0.32656416296958923 4313
1782931466758 0.17079079151153564 4314
1782931466762 0.5590862035751343 4315
1782931466765 0.4431320130825043 4316
1782931466768 0.20862266421318054 4317
1782931466771 0.1646382212638855 4318
1782931466774 0.2814914286136627 4319
1782931466777 0.28795039653778076 4320
1782931466781 0.12461844086647034 4321
1782931466784 0.5360650420188904 4322
1782931466787 0.3476017713546753 4323
1782931466790 0.5782577395439148 4324
1782931466793 0.05484994500875473 4325
1782931466797 0.11378039419651031 4326
1782931466800 0.3934454619884491 4327
1782931466803 0.8414000868797302 4328
1782931466806 0.18498900532722473 4329
1782931466808 0.26586079597473145 4330
1782931466811 0.2024064064025879 4331
1782931466814 0.21409769356250763 4332
1782931466817 0.2957700788974762 4333
1782931466820 0.36296284198760986 4334
1782931466823 0.15476050972938538 4335
1782931466826 0.21952207386493683 4336
1782931466877 0.377479612827301 4337
1782931466993 0.4608817398548126 4338
1782931467097 0.08749546110630035 4339
1782931467124 0.21701344847679138 4340
1782931467129 0.2126944363117218 4341
1782931467133 0.22288616001605988 4342
1782931467155 0.3386836647987366 4343
1782931467159 0.2674473822116852 4344
1782931467162 0.25635549426078796 4345
1782931467166 0.09247422963380814 4346
1782931467169 0.1548161804676056 4347
1782931467172 0.32629597187042236 4348
1782931467179 0.18578805029392242 4349
1782931467183 0.2657816410064697 4350
1782931467187 0.10007091611623764 4351
1782931467191 0.4061279594898224 4352
1782931467195 0.11812764406204224 4353
1782931467200 0.48967641592025757 4354
1782931467204 0.10983455181121826 4355
1782931467210 0.2002130150794983 4356
1782931467217 0.4845382571220398 4357
1782931467220 0.2928008437156677 4358
1782931467224 0.3375909626483917 4359
1782931467230 0.5007835030555725 4360
1782931467234 0.10798515379428864 4361
1782931467237 0.5563898086547852 4362
1782931467240 0.3697662353515625 4363
1782931467244 0.2229454517364502 4364
1782931467248 0.20938026905059814 4365
1782931467251 0.655983567237854 4366
1782931467254 0.17542992532253265 4367
1782931467257 0.33904194831848145 4368
1782931467260 0.5592979788780212 4369
1782931467263 0.18822814524173737 4370
1782931467267 0.14644332230091095 4371
1782931467270 0.4024578928947449 4372
1782931467273 0.23230643570423126 4373
1782931467276 0.13790519535541534 4374
1782931467280 0.1730692833662033 4375
1782931467283 0.3417559564113617 4376
1782931467286 0.32296276092529297 4377
1782931467289 0.308150053024292 4378
1782931467292 0.47806453704833984 4379
1782931467296 0.34510084986686707 4380
1782931467299 0.24877385795116425 4381
1782931467302 0.23988275229930878 4382
1782931467305 0.17615105211734772 4383
1782931467308 0.12414593249559402 4384
1782931467311 0.28016677498817444 4385
1782931467315 0.5349932312965393 4386
1782931467323 0.3834083676338196 4387
1782931467327 0.1720336377620697 4388
1782931467330 0.2194594144821167 4389
1782931467334 0.25497838854789734 4390
1782931467337 0.18492938578128815 4391
1782931467340 0.19157449901103973 4392
1782931467343 0.3489159047603607 4393
1782931467347 0.1865125149488449 4394
1782931467350 0.3692702353000641 4395
1782931467354 0.22895151376724243 4396
1782931467357 0.2850830852985382 4397
1782931467360 0.060155659914016724 4398
1782931467363 0.2215452641248703 4399
1782931467367 0.45262256264686584 4400
1782931467370 0.4629078209400177 4401
1782931467373 0.3083278238773346 4402
1782931467377 0.3296901285648346 4403
1782931467380 0.52052241563797 4404
1782931467383 0.19379936158657074 4405
1782931467386 0.2193707525730133 4406
1782931467389 0.15944766998291016 4407
1782931467394 0.29573410749435425 4408
1782931467397 0.45509928464889526 4409
1782931467400 0.25907450914382935 4410
1782931467403 0.18179722130298615 4411
1782931467406 0.8242022395133972 4412
1782931467411 0.2174864411354065 4413
1782931467416 0.5374570488929749 4414
1782931467419 0.5412983298301697 4415
1782931467422 0.3166941702365875 4416
1782931467425 0.24259178340435028 4417
1782931467429 0.5565495491027832 4418
1782931467432 0.45543989539146423 4419
1782931467435 0.6031656861305237 4420
1782931467468 0.16169920563697815 4421
1782931467478 0.11065730452537537 4422
1782931467480 0.37287959456443787 4423
1782931467482 0.28255918622016907 4424
1782931467484 0.2700282037258148 4425
1782931467487 0.363488107919693 4426
1782931467489 0.7693517804145813 4427
1782931467491 0.5070996880531311 4428
1782931467493 0.389279305934906 4429
1782931467495 0.08284695446491241 4430
1782931467497 0.20122119784355164 4431
1782931467499 0.33915844559669495 4432
1782931467501 0.35483795404434204 4433
1782931467504 0.10869748145341873 4434
1782931467506 0.3175683617591858 4435
1782931467508 0.14120452105998993 4436
1782931467510 0.2514159679412842 4437
1782931467513 0.4409533739089966 4438
1782931467515 0.2858128249645233 4439
1782931467518 0.36239826679229736 4440
1782931467520 0.22334182262420654 4441
1782931467522 0.41530367732048035 4442
1782931467524 0.4196131229400635 4443
1782931467526 0.2804202437400818 4444
1782931467529 0.20725256204605103 4445
1782931467531 0.1467616707086563 4446
1782931467533 0.3732795715332031 4447
1782931467536 0.28396710753440857 4448
1782931467538 0.36765843629837036 4449
1782931467540 0.24808314442634583 4450
1782931467542 0.24229632318019867 4451
1782931467545 0.34884509444236755 4452
1782931467547 0.09276103973388672 4453
1782931467549 0.8516040444374084 4454
1782931467555 0.33025574684143066 4455
1782931467560 0.25505176186561584 4456
1782931467563 0.1845804899930954 4457
1782931467566 0.5470367670059204 4458
1782931467569 0.2810519337654114 4459
1782931467572 0.2138475924730301 4460
1782931467575 0.5449832677841187 4461
1782931467579 1.0577411651611328 4462
1782931467582 0.18906839191913605 4463
1782931467585 0.237206369638443 4464
1782931467588 0.2871522605419159 4465
1782931467590 0.4001455008983612 4466
1782931467594 0.11807527393102646 4467
1782931467597 0.5004382133483887 4468
1782931467600 0.19366352260112762 4469
1782931467603 0.4193437099456787 4470
1782931467606 0.6355335712432861 4471
1782931467611 0.1988459676504135 4472
1782931467615 0.33602139353752136 4473
1782931467618 0.1674639880657196 4474
1782931467621 0.0863773375749588 4475
1782931467624 0.3880957365036011 4476
1782931467627 0.4398950934410095 4477
1782931467630 0.3625863790512085 4478
1782931467633 0.18050675094127655 4479
1782931467636 0.32201334834098816 4480
1782931467639 0.5236870050430298 4481
1782931467643 0.4870588183403015 4482
1782931467647 0.34258902072906494 4483
1782931467650 0.17298375070095062 4484
1782931467653 0.40426531434059143 4485
1782931467656 0.07726982235908508 4486
1782931467659 0.2586398720741272 4487
1782931467662 0.3749748468399048 4488
1782931467668 0.13168495893478394 4489
1782931467672 0.24904119968414307 4490
1782931467675 0.34449025988578796 4491
1782931467680 0.3396076261997223 4492
1782931467683 0.1034797877073288 4493
1782931467686 0.17478910088539124 4494
1782931467689 0.3967985510826111 4495
1782931467692 0.2611481547355652 4496
1782931467697 0.6577144265174866 4497
1782931467700 0.9737929701805115 4498
1782931467703 0.2799489498138428 4499
1782931467706 0.34807220101356506 4500
1782931467708 0.1412697434425354 4501
1782931467712 0.41205093264579773 4502
1782931467715 0.2274501621723175 4503
1782931467718 0.29755401611328125 4504
1782931467724 0.27593111991882324 4505
1782931467732 0.26105156540870667 4506
1782931467735 0.16566820442676544 4507
1782931467743 0.14328274130821228 4508
1782931467747 0.42486172914505005 4509
1782931467750 0.43682584166526794 4510
1782931467753 0.3945735991001129 4511
1782931467756 0.17798872292041779 4512
1782931467759 0.3621562421321869 4513
1782931467763 0.26657432317733765 4514
1782931467766 0.14543046057224274 4515
1782931467769 0.1656506508588791 4516
1782931467772 0.2946070432662964 4517
1782931467775 0.19816620647907257 4518
1782931467778 0.40884074568748474 4519
1782931467781 0.3808870017528534 4520
1782931467784 0.3012986481189728 4521
1782931467787 0.37257394194602966 4522
1782931467790 0.21935346722602844 4523
1782931467793 0.17507685720920563 4524
1782931467797 0.16169212758541107 4525
1782931467800 0.14582166075706482 4526
1782931467803 0.30924487113952637 4527
1782931467806 0.17884604632854462 4528
1782931467809 0.5407246947288513 4529
1782931467813 0.17492464184761047 4530
1782931467820 0.16554996371269226 4531
1782931467823 0.14316633343696594 4532
1782931467832 0.1735193133354187 4533
1782931467835 0.2716856896877289 4534
1782931467838 0.42288142442703247 4535
1782931467841 0.11434005200862885 4536
1782931467845 0.2773307263851166 4537
1782931467873 0.35151952505111694 4538
1782931467877 0.3393104076385498 4539
1782931467880 0.18656472861766815 4540
1782931467883 0.37534621357917786 4541
1782931467886 0.4136872887611389 4542
1782931467889 0.23091396689414978 4543
1782931467892 0.263640820980072 4544
1782931467895 0.27306967973709106 4545
1782931467903 0.6407701373100281 4546
1782931467906 0.37831762433052063 4547
1782931467909 0.28543755412101746 4548
1782931467913 0.2722635865211487 4549
1782931467916 0.2387097179889679 4550
1782931467919 0.4832441210746765 4551
1782931467922 0.6706966757774353 4552
1782931467925 0.1816442459821701 4553
1782931467929 0.2429768294095993 4554
1782931467932 0.08547117561101913 4555
1782931467935 0.3400250971317291 4556
1782931467938 0.34423017501831055 4557
1782931467941 0.9042667746543884 4558
1782931467944 0.07376987487077713 4559
1782931467948 0.23070339858531952 4560
1782931467951 0.3141333758831024 4561
1782931467954 0.1610146015882492 4562
1782931467957 0.32668745517730713 4563
1782931467960 0.4568760097026825 4564
1782931467963 0.24006859958171844 4565
1782931467966 0.19742895662784576 4566
1782931467969 0.44719332456588745 4567
1782931467972 0.28408747911453247 4568
1782931467975 0.2120663821697235 4569
1782931467978 0.23487938940525055 4570
1782931467981 0.04176979884505272 4571
1782931467984 1.0973286628723145 4572
1782931467987 0.35599228739738464 4573
1782931467990 0.11441491544246674 4574
1782931467993 0.1643659472465515 4575
1782931467997 0.2288787066936493 4576
1782931468000 0.6163792014122009 4577
1782931468003 0.19841915369033813 4578
1782931468006 0.1911012977361679 4579
1782931468009 0.30487582087516785 4580
1782931468012 0.0887800082564354 4581
1782931468015 0.6761709451675415 4582
1782931468018 0.4063279330730438 4583
1782931468022 0.7909426093101501 4584
1782931468025 0.3631841242313385 4585
1782931468028 0.16623766720294952 4586
1782931468031 0.3345940411090851 4587
1782931468034 0.3826388716697693 4588
1782931468038 0.24806201457977295 4589
1782931468042 0.4593489170074463 4590
1782931468045 0.5360510945320129 4591
1782931468048 0.27823248505592346 4592
1782931468051 0.22622288763523102 4593
1782931468054 0.3089044690132141 4594
1782931468057 0.401962012052536 4595
1782931468061 0.5100030303001404 4596
1782931468064 0.35059306025505066 4597
1782931468067 0.30850091576576233 4598
1782931468070 0.3777455687522888 4599
1782931468073 0.16481339931488037 4600
1782931468077 0.12562741339206696 4601
1782931468080 0.34674888849258423 4602
1782931468084 0.23525233566761017 4603
1782931468087 0.15954087674617767 4604
1782931468090 0.16606679558753967 4605
1782931468093 0.1793527454137802 4606
1782931468096 0.4046245217323303 4607
1782931468099 0.3444875180721283 4608
1782931468102 0.6852473616600037 4609
1782931468105 0.4944343864917755 4610
1782931468108 0.6681321263313293 4611
1782931468112 0.09180724620819092 4612
1782931468115 0.18149366974830627 4613
1782931468118 0.624835729598999 4614
1782931468121 0.41998612880706787 4615
1782931468124 0.17058640718460083 4616
1782931468127 0.226074680685997 4617
1782931468130 0.09511104971170425 4618
1782931468133 0.45196402072906494 4619
1782931468136 0.23909161984920502 4620
1782931468142 0.38854944705963135 4621
1782931468145 0.34698161482810974 4622
1782931468148 0.5792849659919739 4623
1782931468151 0.14876200258731842 4624
1782931468154 0.23593705892562866 4625
1782931468157 0.28748953342437744 4626
1782931468160 0.19374443590641022 4627
1782931468163 0.4450826048851013 4628
1782931468166 0.32157596945762634 4629
1782931468169 0.1895543485879898 4630
1782931468172 0.3361457288265228 4631
1782931468176 0.27074357867240906 4632
1782931468180 0.1420479118824005 4633
1782931468183 0.5753509998321533 4634
1782931468186 0.2274215817451477 4635
1782931468189 0.3266558349132538 4636
1782931468192 0.18432654440402985 4637
1782931468195 0.17869412899017334 4638
1782931468198 0.44244101643562317 4639
1782931468201 0.3375559449195862 4640
1782931468206 0.8836323022842407 4641
1782931468209 0.08940935134887695 4642
1782931468212 0.33051061630249023 4643
1782931468216 0.32204899191856384 4644
1782931468219 0.21138699352741241 4645
1782931468222 0.6760297417640686 4646
1782931468225 0.4157866835594177 4647
1782931468228 0.25667235255241394 4648
1782931468231 0.24840204417705536 4649
1782931468234 0.3267473876476288 4650
1782931468237 0.1115046814084053 4651
1782931468240 0.22021006047725677 4652
1782931468243 0.4829341173171997 4653
1782931468247 0.29208049178123474 4654
1782931468250 0.19366216659545898 4655
1782931468253 0.15078988671302795 4656
1782931468256 0.3000251352787018 4657
1782931468259 0.3457735478878021 4658
1782931468263 0.3026704490184784 4659
1782931468266 0.525640606880188 4660
1782931468269 0.3268653154373169 4661
1782931468272 0.1271296739578247 4662
1782931468275 0.3385857045650482 4663
1782931468279 0.09310533106327057 4664
1782931468283 0.30743303894996643 4665
1782931468286 0.2328144907951355 4666
1782931468289 0.21095174551010132 4667
1782931468293 0.25358831882476807 4668
1782931468297 0.41548973321914673 4669
1782931468300 0.36283352971076965 4670
1782931468304 0.46626654267311096 4671
1782931468307 0.3237932324409485 4672
1782931468312 0.7547308206558228 4673
1782931468315 0.1357705146074295 4674
1782931468319 0.2484423667192459 4675
1782931468322 0.36715981364250183 4676
1782931468326 0.8097424507141113 4677
1782931468330 0.36578691005706787 4678
1782931468333 0.410186767578125 4679
1782931468336 0.13579905033111572 4680
1782931468339 0.19987425208091736 4681
1782931468342 0.19070428609848022 4682
1782931468347 0.43211060762405396 4683
1782931468350 0.4645783603191376 4684
1782931468353 0.3598034381866455 4685
1782931468356 0.42170411348342896 4686
1782931468359 0.3630809783935547 4687
1782931468362 0.24337024986743927 4688
1782931468365 0.35635772347450256 4689
1782931468368 0.389978289604187 4690
1782931468371 0.4346334934234619 4691
1782931468375 0.12936094403266907 4692
1782931468380 0.6791495084762573 4693
1782931468383 0.5264437794685364 4694
1782931468386 0.20335063338279724 4695
1782931468390 0.20041623711585999 4696
1782931468393 0.8248077630996704 4697
1782931468397 0.12124767899513245 4698
1782931468400 0.15879662334918976 4699
1782931468405 0.3817388415336609 4700
1782931468408 0.5602024793624878 4701
1782931468411 0.4508383572101593 4702
1782931468415 0.6026286482810974 4703
1782931468419 0.3034812808036804 4704
1782931468422 0.3397257924079895 4705
1782931468425 0.1263541430234909 4706
1782931468429 0.43261218070983887 4707
1782931468432 0.12474212795495987 4708
1782931468435 0.11394988000392914 4709
1782931468438 0.10401126742362976 4710
1782931468442 0.06551435589790344 4711
1782931468446 0.1851900815963745 4712
1782931468450 0.3126057982444763 4713
1782931468453 0.5188586711883545 4714
1782931468456 0.5378135442733765 4715
1782931468460 0.23388873040676117 4716
1782931468463 0.11680136620998383 4717
1782931468467 0.29891437292099 4718
1782931468470 0.25856274366378784 4719
1782931468473 0.31446555256843567 4720
1782931468476 0.3008718192577362 4721
1782931468480 0.12395267933607101 4722
1782931468483 0.3886323571205139 4723
1782931468486 0.2289455533027649 4724
1782931468489 0.3692311942577362 4725
1782931468492 0.06623269617557526 4726
1782931468496 0.2121732532978058 4727
1782931468499 0.14864148199558258 4728
1782931468502 0.5286039710044861 4729
1782931468505 0.3815278112888336 4730
1782931468509 0.38224470615386963 4731
1782931468512 0.43941405415534973 4732
1782931468516 0.274027019739151 4733
1782931468519 0.2806469798088074 4734
1782931468522 0.13123200833797455 4735
1782931468526 0.5204445719718933 4736
1782931468530 0.14390897750854492 4737
1782931468533 0.1001417487859726 4738
1782931468536 0.4196026623249054 4739
1782931468539 0.15502317249774933 4740
1782931468542 0.20193889737129211 4741
1782931468546 0.33748292922973633 4742
1782931468549 0.4503314197063446 4743
1782931468552 0.38289734721183777 4744
1782931468555 0.579022228717804 4745
1782931468557 0.15350811183452606 4746
1782931468561 0.19666047394275665 4747
1782931468564 0.6525864601135254 4748
1782931468567 0.14194677770137787 4749
1782931468570 0.3984137177467346 4750
1782931468573 0.34489142894744873 4751
1782931468576 0.1677633821964264 4752
1782931468580 0.38283491134643555 4753
1782931468583 0.26696816086769104 4754
1782931468586 0.08756505697965622 4755
1782931468589 0.18429869413375854 4756
1782931468592 0.30188217759132385 4757
1782931468595 0.36484605073928833 4758
1782931468599 0.1045897975564003 4759
1782931468601 0.7526618242263794 4760
1782931468604 0.5337225794792175 4761
1782931468608 0.48393934965133667 4762
1782931468613 0.13467228412628174 4763
1782931468616 0.8036985397338867 4764
1782931468619 0.4139341711997986 4765
1782931468622 0.712574303150177 4766
1782931468625 0.30922549962997437 4767
1782931468628 0.278883695602417 4768
1782931468631 0.30313825607299805 4769
1782931468634 0.16603535413742065 4770
1782931468638 0.21979914605617523 4771
1782931468641 0.14305265247821808 4772
1782931468644 0.16088449954986572 4773
1782931468647 0.2658657431602478 4774
1782931468650 0.2027536928653717 4775
1782931468653 0.31914857029914856 4776
1782931468656 0.29810819029808044 4777
1782931468661 0.27960270643234253 4778
1782931468666 0.5124274492263794 4779
1782931468669 0.5909902453422546 4780
1782931468672 0.18525317311286926 4781
1782931468675 0.9563089609146118 4782
1782931468678 0.22607271373271942 4783
1782931468682 0.45455262064933777 4784
1782931468685 0.13156381249427795 4785
1782931468687 0.12838560342788696 4786
1782931468690 0.20708982646465302 4787
1782931468694 0.30473679304122925 4788
1782931468697 0.34419557452201843 4789
1782931468700 0.6539428234100342 4790
1782931468703 0.32681089639663696 4791
1782931468706 0.4134409725666046 4792
1782931468709 0.3506166338920593 4793
1782931468712 0.5071389079093933 4794
1782931468715 0.15928494930267334 4795
1782931468718 0.09106863290071487 4796
1782931468721 0.3152158260345459 4797
1782931468724 0.1821460723876953 4798
1782931468728 0.10067897289991379 4799
1782931468731 0.2800578773021698 4800
1782931468734 0.3187035918235779 4801
1782931468737 0.28004342317581177 4802
1782931468740 0.20919670164585114 4803
1782931468743 0.27439790964126587 4804
1782931468747 0.05505646392703056 4805
1782931468750 0.3286057114601135 4806
1782931468753 0.5534759759902954 4807
1782931468756 0.16521400213241577 4808
1782931468759 0.5237106084823608 4809
1782931468763 0.3955061435699463 4810
1782931468766 0.13838280737400055 4811
1782931468769 0.39931854605674744 4812
1782931468772 0.1605692207813263 4813
1782931468775 0.3767103850841522 4814
1782931468778 0.31188997626304626 4815
1782931468781 0.7828323841094971 4816
1782931468784 0.4752405285835266 4817
1782931468787 0.110560342669487 4818
1782931468790 0.23223364353179932 4819
1782931468794 0.31027865409851074 4820
1782931468799 0.22826139628887177 4821
1782931468802 0.21448588371276855 4822
1782931468805 0.5624125599861145 4823
1782931468809 0.14978954195976257 4824
1782931468812 0.26835718750953674 4825
1782931468815 0.40513017773628235 4826
1782931468818 0.30556896328926086 4827
1782931468822 0.6211615204811096 4828
1782931468825 0.5091756582260132 4829
1782931468831 0.06920003890991211 4830
1782931468834 0.1923205703496933 4831
1782931468837 0.5435773134231567 4832
1782931468841 0.21874089539051056 4833
1782931468845 0.11424127966165543 4834
1782931468848 0.24207474291324615 4835
1782931468851 0.33106914162635803 4836
1782931468858 0.34117305278778076 4837
1782931468863 0.22713831067085266 4838
1782931468867 0.16779159009456635 4839
1782931468870 0.16835488379001617 4840
1782931468873 0.38797619938850403 4841
1782931468877 0.17891669273376465 4842
1782931468880 0.24713560938835144 4843
1782931468883 0.24675217270851135 4844
1782931468886 0.5824975371360779 4845
1782931468890 0.35437309741973877 4846
1782931468893 0.3972042500972748 4847
1782931468896 0.06033049896359444 4848
1782931468899 0.13882282376289368 4849
1782931468902 0.3580569624900818 4850
1782931468905 0.15625813603401184 4851
1782931468908 0.47211116552352905 4852
1782931468911 0.2524937093257904 4853
1782931468915 0.3222144544124603 4854
1782931468918 0.11151941120624542 4855
1782931468921 0.39706867933273315 4856
1782931468924 0.24169804155826569 4857
1782931468927 0.4020880162715912 4858
1782931468930 0.39662182331085205 4859
1782931468933 0.25945085287094116 4860
1782931468936 0.47683924436569214 4861
1782931468939 0.4179990291595459 4862
1782931468942 0.051670271903276443 4863
1782931468945 0.20938506722450256 4864
1782931468949 0.20690247416496277 4865
1782931468952 0.2202473133802414 4866
1782931468955 0.13289916515350342 4867
1782931468958 0.0903155729174614 4868
1782931468961 0.25703445076942444 4869
1782931468964 0.2059931457042694 4870
1782931468967 0.33090975880622864 4871
1782931468970 0.23057657480239868 4872
1782931468973 0.32458460330963135 4873
1782931468976 0.12845005095005035 4874
1782931468980 0.45399853587150574 4875
1782931468983 0.4692244827747345 4876
1782931468986 0.4192189574241638 4877
1782931468989 0.2915659248828888 4878
1782931468992 0.2382248044013977 4879
1782931468995 0.49128419160842896 4880
1782931468999 0.5737303495407104 4881
1782931469002 0.39935699105262756 4882
1782931469005 0.4139128029346466 4883
1782931469009 0.4253159761428833 4884
1782931469013 0.18961036205291748 4885
1782931469016 0.19458436965942383 4886
1782931469019 0.41125622391700745 4887
1782931469022 0.16631044447422028 4888
1782931469025 0.1196804866194725 4889
1782931469029 0.3778108060359955 4890
1782931469032 0.1379287987947464 4891
1782931469035 0.1838848888874054 4892
1782931469038 0.1001996174454689 4893
1782931469042 0.27456390857696533 4894
1782931469045 0.2512594759464264 4895
1782931469048 0.35496988892555237 4896
1782931469051 0.21345515549182892 4897
1782931469054 0.5183826684951782 4898
1782931469057 0.17192253470420837 4899
1782931469060 0.6997497081756592 4900
1782931469064 0.17685122787952423 4901
1782931469067 0.2296840399503708 4902
1782931469070 0.3722294270992279 4903
1782931469074 0.2192891538143158 4904
1782931469077 0.16009560227394104 4905
1782931469080 0.3538258969783783 4906
1782931469083 0.43718743324279785 4907
1782931469086 0.6923936009407043 4908
1782931469089 0.19285555183887482 4909
1782931469093 0.1610027551651001 4910
1782931469097 0.3336770534515381 4911
1782931469100 0.19113829731941223 4912
1782931469103 0.039036624133586884 4913
1782931469106 0.17562615871429443 4914
1782931469109 0.2897452712059021 4915
1782931469113 0.3884527385234833 4916
1782931469116 0.233446404337883 4917
1782931469119 0.07099614292383194 4918
1782931469127 0.21053218841552734 4919
1782931469200 0.1802244931459427 4920
1782931469247 0.4507487118244171 4921
1782931469286 0.1784602701663971 4922
1782931469288 0.15813672542572021 4923
1782931469292 0.4485032260417938 4924
1782931469298 0.29018956422805786 4925
1782931469302 0.2907007932662964 4926
1782931469305 0.502495288848877 4927
1782931469308 0.11506533622741699 4928
1782931469311 0.2874591052532196 4929
1782931469314 0.4256572723388672 4930
1782931469317 0.3607487678527832 4931
1782931469321 0.41187945008277893 4932
1782931469324 0.6725946068763733 4933
1782931469327 0.16281042993068695 4934
1782931469331 0.5839934945106506 4935
1782931469343 0.39729323983192444 4936
1782931469347 0.06422274559736252 4937
1782931469350 0.14267662167549133 4938
1782931469353 0.14130914211273193 4939
1782931469357 0.379421204328537 4940
1782931469360 0.4940112829208374 4941
1782931469364 0.16982440650463104 4942
1782931469367 0.2233598828315735 4943
1782931469370 0.5720614790916443 4944
1782931469373 0.34390950202941895 4945
1782931469378 0.3046695291996002 4946
1782931469381 0.23185545206069946 4947
1782931469386 0.16177982091903687 4948
1782931469390 0.33462610840797424 4949
1782931469395 0.23922380805015564 4950
1782931469398 0.4472241997718811 4951
1782931469401 0.15139757096767426 4952
1782931469404 0.34909701347351074 4953
1782931469407 0.12709718942642212 4954
1782931469410 0.30230408906936646 4955
1782931469413 0.15876154601573944 4956
1782931469416 0.12554152309894562 4957
1782931469419 0.20204663276672363 4958
1782931469422 0.35922807455062866 4959
1782931469425 0.23869866132736206 4960
1782931469429 0.17172090709209442 4961
1782931469432 0.19647257030010223 4962
1782931469435 0.4537333846092224 4963
1782931469438 0.6569181084632874 4964
1782931469441 0.7323123812675476 4965
1782931469444 0.26529359817504883 4966
1782931469447 0.32285764813423157 4967
1782931469450 0.45538532733917236 4968
1782931469453 0.4351620078086853 4969
1782931469456 0.2471609115600586 4970
1782931469459 0.29652875661849976 4971
1782931469462 0.2123241126537323 4972
1782931469465 0.26772230863571167 4973
1782931469468 0.3384300172328949 4974
1782931469471 0.2713322341442108 4975
1782931469474 0.17175835371017456 4976
1782931469481 0.17008653283119202 4977
1782931469496 0.10290119051933289 4978
1782931469517 0.3254326283931732 4979
1782931469525 0.2253904789686203 4980
1782931469529 0.6464818716049194 4981
1782931469532 0.22444230318069458 4982
1782931469535 0.31293147802352905 4983
1782931469538 0.2699613571166992 4984
1782931469540 0.32962408661842346 4985
1782931469543 0.19079259037971497 4986
1782931469557 0.07717695087194443 4987
1782931469561 0.5327117443084717 4988
1782931469564 0.18809211254119873 4989
1782931469567 0.07536197453737259 4990
1782931469570 0.5175111293792725 4991
1782931469573 0.4953772723674774 4992
1782931469576 0.2106378823518753 4993
1782931469580 0.33679628372192383 4994
1782931469583 0.7785717844963074 4995
1782931469586 0.1829966902732849 4996
1782931469589 0.22437088191509247 4997
1782931469592 0.2793917953968048 4998
1782931469597 0.2656480073928833 4999
1782931469600 0.1384430080652237 5000
1782931469603 0.1715719848871231 5001
1782931469606 0.16027148067951202 5002
1782931469608 0.24816231429576874 5003
1782931469612 0.4354262053966522 5004
1782931469614 0.14952225983142853 5005
1782931469617 0.5627269148826599 5006
1782931469620 0.08405954390764236 5007
1782931469623 0.5701301693916321 5008
1782931469626 0.4200717806816101 5009
1782931469631 0.5238641500473022 5010
1782931469634 0.4526526927947998 5011
1782931469637 0.35511645674705505 5012
1782931469639 0.5366191267967224 5013
1782931469645 0.07923860102891922 5014
1782931469648 0.26501917839050293 5015
1782931469651 0.6517976522445679 5016
1782931469654 0.3342977464199066 5017
1782931469657 0.4941849112510681 5018
1782931469660 0.49011415243148804 5019
1782931469663 0.2971484661102295 5020
1782931469666 0.2503673732280731 5021
1782931469669 0.12079443037509918 5022
1782931469672 0.21813586354255676 5023
1782931469675 0.25513792037963867 5024
1782931469678 0.31862500309944153 5025
1782931469681 0.39919513463974 5026
1782931469684 0.39781469106674194 5027
1782931469686 0.10910627245903015 5028
1782931469689 0.20772652328014374 5029
1782931469692 0.6829735636711121 5030
1782931469696 0.2393554300069809 5031
1782931469698 0.5050678253173828 5032
1782931469701 0.3456561863422394 5033
1782931469704 0.1726917028427124 5034
1782931469707 0.3090555667877197 5035
1782931469710 0.4224088490009308 5036
1782931469713 0.2623739540576935 5037
1782931469716 0.2305835634469986 5038
1782931469719 0.2538646161556244 5039
1782931469722 0.17163044214248657 5040
1782931469725 0.5094742774963379 5041
1782931469728 0.52043217420578 5042
1782931469731 0.5318036079406738 5043
1782931469734 0.40982699394226074 5044
1782931469737 0.6841346025466919 5045
1782931469739 0.24204246699810028 5046
1782931469741 0.04963573068380356 5047
1782931469744 0.2705450654029846 5048
1782931469748 0.48822978138923645 5049
1782931469751 0.1487186700105667 5050
1782931469753 0.6213710904121399 5051
1782931469756 0.6895184516906738 5052
1782931469759 0.41895633935928345 5053
1782931469763 0.3136460781097412 5054
1782931469766 0.1959104686975479 5055
1782931469769 0.5086445808410645 5056
1782931469772 0.25474193692207336 5057
1782931469775 0.8865352272987366 5058
1782931469778 0.20108698308467865 5059
1782931469781 0.4647238254547119 5060
1782931469784 0.24497821927070618 5061
1782931469787 0.18809184432029724 5062
1782931469789 0.2834351658821106 5063
1782931469792 0.8752184510231018 5064
1782931469794 0.2048439085483551 5065
1782931469796 0.24497395753860474 5066
1782931469798 0.42354562878608704 5067
1782931469801 0.3590308129787445 5068
1782931469803 0.08089108020067215 5069
1782931469805 0.12112824618816376 5070
1782931469816 0.2669667601585388 5071
1782931469819 0.16367433965206146 5072
1782931469822 0.23643255233764648 5073
1782931469824 0.32433855533599854 5074
1782931469826 0.7224498391151428 5075
1782931469829 0.412067711353302 5076
1782931469831 0.47304394841194153 5077
1782931469833 0.5548420548439026 5078
1782931469835 0.20708192884922028 5079
1782931469838 0.9230061173439026 5080
1782931469840 0.27049893140792847 5081
1782931469842 0.2783125936985016 5082
1782931469845 0.27443820238113403 5083
1782931469847 0.15846380591392517 5084
1782931469849 0.4265909194946289 5085
1782931469851 0.3327552080154419 5086
1782931469854 0.6047982573509216 5087
1782931469856 0.17520369589328766 5088
1782931469858 0.1991375982761383 5089
1782931469861 0.37973424792289734 5090
1782931469863 0.7670454382896423 5091
1782931469866 0.5451098084449768 5092
1782931469868 0.5430609583854675 5093
1782931469871 0.1662495732307434 5094
1782931469874 0.5480307340621948 5095
1782931469876 0.2500965893268585 5096
1782931469879 0.13587334752082825 5097
1782931469881 0.4514143466949463 5098
1782931469883 0.3145798444747925 5099
1782931469886 0.2973363399505615 5100
1782931469888 0.5136532783508301 5101
1782931469890 0.21620532870292664 5102
1782931469892 0.1652921587228775 5103
1782931469895 0.2254457026720047 5104
1782931469898 0.2206641584634781 5105
1782931469900 0.11399395018815994 5106
1782931469914 0.2031872719526291 5107
1782931469916 0.34098464250564575 5108
1782931469919 0.19340457022190094 5109
1782931469921 0.21912413835525513 5110
1782931469923 0.44282063841819763 5111
1782931469926 0.32413315773010254 5112
1782931469928 0.1436166614294052 5113
1782931469931 0.07332625985145569 5114
1782931469933 0.44923892617225647 5115
1782931469935 0.7320932149887085 5116
1782931469938 0.44170501828193665 5117
1782931469940 0.12703503668308258 5118
1782931469942 0.2964814305305481 5119
1782931469945 0.1787956953048706 5120
1782931469985 0.13513849675655365 5121
1782931469989 0.18989118933677673 5122
1782931469992 0.27518054842948914 5123
1782931469995 0.23125746846199036 5124
1782931469999 0.09056833386421204 5125
1782931470001 0.41646337509155273 5126
1782931470005 0.5235266089439392 5127
1782931470008 0.39644917845726013 5128
1782931470012 0.26673898100852966 5129
1782931470015 0.3605532944202423 5130
1782931470018 0.22642846405506134 5131
1782931470021 0.21807514131069183 5132
1782931470025 0.07335993647575378 5133
1782931470028 0.7253260016441345 5134
1782931470031 0.08720698207616806 5135
1782931470034 0.3808112144470215 5136
1782931470037 0.27865079045295715 5137
1782931470040 0.18201662600040436 5138
1782931470043 0.24230600893497467 5139
1782931470047 0.22731918096542358 5140
1782931470050 0.10797931253910065 5141
1782931470053 0.4926254451274872 5142
1782931470055 0.3506683111190796 5143
1782931470059 0.19445264339447021 5144
1782931470062 0.3395821750164032 5145
1782931470066 0.4814096987247467 5146
1782931470069 0.287156879901886 5147
1782931470072 0.11234012246131897 5148
1782931470075 0.08799433708190918 5149
1782931470078 0.639753520488739 5150
1782931470081 0.457254022359848 5151
1782931470084 0.5060566663742065 5152
1782931470087 0.04626935347914696 5153
1782931470090 0.46443676948547363 5154
1782931470093 0.2798011004924774 5155
1782931470097 0.45748770236968994 5156
1782931470100 0.6049607992172241 5157
1782931470102 0.48450273275375366 5158
1782931470105 0.23669865727424622 5159
1782931470108 0.24713127315044403 5160
1782931470113 0.24690993130207062 5161
1782931470117 0.41263267397880554 5162
1782931470120 0.21222446858882904 5163
1782931470123 0.14641956984996796 5164
1782931470126 0.5007948875427246 5165
1782931470130 0.18775129318237305 5166
1782931470133 0.22191308438777924 5167
1782931470136 0.5284624695777893 5168
1782931470139 0.17294341325759888 5169
1782931470142 0.20959822833538055 5170
1782931470145 0.4409223198890686 5171
1782931470148 0.06356631219387054 5172
1782931470151 0.4082565903663635 5173
1782931470154 0.21738451719284058 5174
1782931470157 0.6416678428649902 5175
1782931470160 0.16871477663516998 5176
1782931470163 0.6552503108978271 5177
1782931470166 0.1413668543100357 5178
1782931470169 0.15058209002017975 5179
1782931470172 0.40576672554016113 5180
1782931470175 0.30309006571769714 5181
1782931470179 0.4562932252883911 5182
1782931470182 0.3885444104671478 5183
1782931470185 0.24947486817836761 5184
1782931470188 0.3646294176578522 5185
1782931470191 0.28979024291038513 5186
1782931470195 0.4643603265285492 5187
1782931470198 0.4156382381916046 5188
1782931470201 0.26261165738105774 5189
1782931470204 0.18967193365097046 5190
1782931470207 0.19369390606880188 5191
1782931470212 0.3210977017879486 5192
1782931470215 0.3432717025279999 5193
1782931470219 0.46491286158561707 5194
1782931470223 0.5054671168327332 5195
1782931470230 0.4211629033088684 5196
1782931470235 0.3338407576084137 5197
1782931470239 0.3581227958202362 5198
1782931470246 0.08871337026357651 5199
1782931470251 0.6707466244697571 5200
1782931470261 0.19269205629825592 5201
1782931470270 0.6396449208259583 5202
1782931470280 0.2867463231086731 5203
1782931470288 0.21474689245224 5204
1782931470298 0.19281305372714996 5205
1782931470307 0.25145459175109863 5206
1782931470314 0.45945942401885986 5207
1782931470318 0.22158776223659515 5208
1782931470323 0.3048156201839447 5209
1782931470326 0.26537024974823 5210
1782931470331 0.1189938560128212 5211
1782931470336 0.7247604727745056 5212
1782931470341 0.2500097155570984 5213
1782931470345 0.5702023506164551 5214
1782931470350 0.17992538213729858 5215
1782931470355 0.32430487871170044 5216
1782931470360 0.505630373954773 5217
1782931470365 0.14994870126247406 5218
1782931470370 0.26707759499549866 5219
1782931470374 0.15454261004924774 5220
1782931470378 0.25922784209251404 5221
1782931470383 0.2077033519744873 5222
1782931470387 0.7426741123199463 5223
1782931470392 0.43585914373397827 5224
1782931470397 0.0837252214550972 5225
1782931470401 0.3663393259048462 5226
1782931470406 0.2395138144493103 5227
1782931470410 0.4584925174713135 5228
1782931470414 0.181622713804245 5229
1782931470418 0.2569562494754791 5230
1782931470421 0.32363975048065186 5231
1782931470425 0.20283713936805725 5232
1782931470429 0.15268315374851227 5233
1782931470433 0.238345205783844 5234
1782931470436 0.06408058106899261 5235
1782931470440 0.30651426315307617 5236
1782931470444 0.1614399552345276 5237
1782931470448 0.08613528311252594 5238
1782931470452 0.28803035616874695 5239
1782931470457 0.5309573411941528 5240
1782931470462 0.13866467773914337 5241
1782931470467 0.24043743312358856 5242
1782931470472 0.19331535696983337 5243
1782931470479 0.16477079689502716 5244
1782931470488 0.34039270877838135 5245
1782931470498 0.1743248999118805 5246
1782931470505 0.5669382810592651 5247
1782931470510 0.4241333603858948 5248
1782931470515 0.2377583533525467 5249
1782931470519 0.3677658438682556 5250
1782931470524 0.14282011985778809 5251
1782931470528 0.18403317034244537 5252
1782931470533 1.3101756572723389 5253
1782931470537 0.11818543076515198 5254
1782931470542 0.4946737289428711 5255
1782931470547 0.1620730459690094 5256
1782931470551 0.21595518290996552 5257
1782931470556 0.3359071612358093 5258
1782931470562 0.12663666903972626 5259
1782931470566 0.1823795735836029 5260
1782931470571 0.5490490198135376 5261
1782931470578 0.2866061329841614 5262
1782931470587 0.18331775069236755 5263
1782931470594 0.2813740372657776 5264
1782931470599 0.23603913187980652 5265
1782931470603 0.5236367583274841 5266
1782931470608 0.31490465998649597 5267
1782931470614 0.11000490933656693 5268
1782931470618 0.20188240706920624 5269
1782931470622 0.2914215624332428 5270
1782931470631 0.13318607211112976 5271
1782931470640 0.2666443884372711 5272
1782931470648 0.32176491618156433 5273
1782931470656 0.21403364837169647 5274
1782931470666 0.23601244390010834 5275
1782931470670 0.3749406039714813 5276
1782931470675 0.2570101022720337 5277
1782931470680 0.22593146562576294 5278
1782931470685 0.19270147383213043 5279
1782931470689 0.36612221598625183 5280
1782931470693 0.586585521697998 5281
1782931470698 0.2867196202278137 5282
1782931470702 0.12303382903337479 5283
1782931470707 0.13633252680301666 5284
1782931470711 0.17448876798152924 5285
1782931470716 0.3437778949737549 5286
1782931470720 0.23488330841064453 5287
1782931470723 0.29180312156677246 5288
1782931470728 0.41457706689834595 5289
1782931470733 0.6058269739151001 5290
1782931470737 0.07372961193323135 5291
1782931470741 0.28117722272872925 5292
1782931470747 0.09410759806632996 5293
1782931470751 0.2640572786331177 5294
1782931470756 0.9486046433448792 5295
1782931470763 0.23821772634983063 5296
1782931470767 0.4047521948814392 5297
1782931470773 0.17947565019130707 5298
1782931470782 0.34652402997016907 5299
1782931470790 0.3349931538105011 5300
1782931470795 0.24222637712955475 5301
1782931470800 0.2919999063014984 5302
1782931470804 0.3260982036590576 5303
1782931470809 0.21873919665813446 5304
1782931470813 0.4752345383167267 5305
1782931470818 0.16857311129570007 5306
1782931470822 0.09410383552312851 5307
1782931470827 0.2185361385345459 5308
1782931470833 0.5302481055259705 5309
1782931470879 0.3062467873096466 5310
1782931470886 0.2899773418903351 5311
1782931470890 0.4336884021759033 5312
1782931470898 0.13086532056331635 5313
1782931470903 0.3053668439388275 5314
1782931470906 0.491720974445343 5315
1782931470911 0.10114912688732147 5316
1782931470914 0.31347617506980896 5317
1782931470917 0.3309297263622284 5318
1782931470920 0.49232232570648193 5319
1782931470922 0.2767324447631836 5320
1782931470926 0.15976834297180176 5321
1782931470930 0.48731517791748047 5322
1782931470933 0.14131969213485718 5323
1782931470936 0.6615446209907532 5324
1782931470939 0.12664489448070526 5325
1782931470942 0.32758575677871704 5326
1782931470945 0.535126268863678 5327
1782931470948 0.25124239921569824 5328
1782931470951 0.16011008620262146 5329
1782931470954 0.10371285676956177 5330
1782931470957 0.16258613765239716 5331
1782931470960 0.40562981367111206 5332
1782931470963 0.32035577297210693 5333
1782931470967 0.41153550148010254 5334
1782931470970 0.17027521133422852 5335
1782931470973 0.4477526843547821 5336
1782931470976 0.5424952507019043 5337
1782931470979 0.2022807002067566 5338
1782931470982 0.10184997320175171 5339
1782931470985 0.2385263293981552 5340
1782931470988 0.16815783083438873 5341
1782931470991 0.2257358580827713 5342
1782931470994 0.28191807866096497 5343
1782931470998 0.4014439880847931 5344
1782931471002 0.21084655821323395 5345
1782931471006 0.2521410286426544 5346
1782931471009 0.08181685954332352 5347
1782931471014 0.2197858840227127 5348
1782931471016 0.21873407065868378 5349
1782931471019 0.435746431350708 5350
1782931471021 0.05030413344502449 5351
1782931471024 0.13068458437919617 5352
1782931471027 0.5434475541114807 5353
1782931471030 0.14660850167274475 5354
1782931471033 0.35308653116226196 5355
1782931471035 0.32112887501716614 5356
1782931471038 0.17364566028118134 5357
1782931471040 0.40555036067962646 5358
1782931471044 0.19389058649539948 5359
1782931471047 0.470302015542984 5360
1782931471050 0.10565595328807831 5361
1782931471052 0.38031286001205444 5362
1782931471055 0.2911616563796997 5363
1782931471057 0.449826180934906 5364
1782931471060 0.6979989409446716 5365
1782931471063 0.2901313602924347 5366
1782931471065 0.6577552556991577 5367
1782931471068 0.5078246593475342 5368
1782931471071 0.2814773917198181 5369
1782931471075 0.22123409807682037 5370
1782931471078 0.40647563338279724 5371
1782931471082 0.18273583054542542 5372
1782931471084 0.17969608306884766 5373
1782931471087 0.6747196912765503 5374
1782931471089 0.137623593211174 5375
1782931471092 0.481571227312088 5376
1782931471095 0.34776654839515686 5377
1782931471098 0.27783840894699097 5378
1782931471101 0.10655465722084045 5379
1782931471104 0.739645779132843 5380
1782931471106 0.18566597998142242 5381
1782931471110 0.1857396364212036 5382
1782931471113 0.059695422649383545 5383
1782931471116 0.1801217943429947 5384
1782931471118 0.6100969910621643 5385
1782931471122 0.1599445790052414 5386
1782931471125 0.27846759557724 5387
1782931471129 0.5242406725883484 5388
1782931471131 0.4383082091808319 5389
1782931471134 0.3067087233066559 5390
1782931471138 0.2852657437324524 5391
1782931471141 0.36683759093284607 5392
1782931471145 0.13715395331382751 5393
1782931471148 0.13117989897727966 5394
1782931471151 0.575120210647583 5395
1782931471154 0.20992253720760345 5396
1782931471156 0.4949687421321869 5397
1782931471160 0.7048250436782837 5398
1782931471163 0.22630488872528076 5399
1782931471166 0.303882360458374 5400
1782931471169 0.2663256525993347 5401
1782931471171 0.18119890987873077 5402
1782931471174 0.6052213907241821 5403
1782931471177 0.7191420793533325 5404
1782931471181 0.6144119501113892 5405
1782931471183 0.28237783908843994 5406
1782931471187 0.49455559253692627 5407
1782931471190 0.1414496749639511 5408
1782931471193 0.2973487079143524 5409
1782931471196 0.4859682619571686 5410
1782931471199 0.18172712624073029 5411
1782931471203 0.07861332595348358 5412
1782931471206 0.14985327422618866 5413
1782931471208 0.5595465898513794 5414
1782931471213 0.7561452388763428 5415
1782931471216 0.3435998558998108 5416
1782931471219 0.7429003715515137 5417
1782931471224 0.2771046757698059 5418
1782931471227 0.38823768496513367 5419
1782931471230 0.0561101995408535 5420
1782931471233 0.2952892780303955 5421
1782931471240 0.3191213607788086 5422
1782931471243 0.20822398364543915 5423
1782931471248 0.5984110832214355 5424
1782931471250 0.2618301808834076 5425
1782931471255 0.20814503729343414 5426
1782931471258 0.6133323907852173 5427
1782931471261 0.07827503979206085 5428
1782931471264 0.31112492084503174 5429
1782931471267 0.0579724945127964 5430
1782931471270 0.13951444625854492 5431
1782931471272 0.16745704412460327 5432
1782931471275 0.3018360435962677 5433
1782931471279 0.19616281986236572 5434
1782931471282 0.3309343457221985 5435
1782931471285 0.22626763582229614 5436
1782931471287 0.14261318743228912 5437
1782931471290 0.06355473399162292 5438
1782931471292 0.17865297198295593 5439
1782931471297 0.20884360373020172 5440
1782931471299 0.0597786009311676 5441
1782931471302 0.16726736724376678 5442
1782931471304 0.6611270308494568 5443
1782931471307 0.29651013016700745 5444
1782931471310 0.4290061891078949 5445
1782931471312 0.12347318232059479 5446
1782931471315 0.14086373150348663 5447
1782931471318 0.47758030891418457 5448
1782931471321 0.11855468899011612 5449
1782931471324 0.06018667295575142 5450
1782931471326 0.17243817448616028 5451
1782931471329 0.2115865796804428 5452
1782931471333 0.2189982533454895 5453
1782931471336 0.2623628079891205 5454
1782931471338 0.7207149267196655 5455
1782931471341 0.19891445338726044 5456
1782931471343 0.18922410905361176 5457
1782931471346 0.1281193047761917 5458
1782931471349 0.37035053968429565 5459
1782931471351 0.46337705850601196 5460
1782931471353 0.14553172886371613 5461
1782931471357 0.4162886440753937 5462
1782931471359 0.7133659720420837 5463
1782931471362 0.3587578237056732 5464
1782931471364 0.5305767059326172 5465
1782931471367 0.352937251329422 5466
1782931471369 0.5638329982757568 5467
1782931471372 0.3590850234031677 5468
1782931471375 0.24797041714191437 5469
1782931471377 0.21096380054950714 5470
1782931471380 0.3000446856021881 5471
1782931471383 0.24902674555778503 5472
1782931471387 0.2448815256357193 5473
1782931471389 0.2606293857097626 5474
1782931471394 0.5049729347229004 5475
1782931471397 0.19926519691944122 5476
1782931471401 0.25331079959869385 5477
1782931471403 0.2737486958503723 5478
1782931471405 0.3483491539955139 5479
1782931471409 0.1424754112958908 5480
1782931471411 0.2039949893951416 5481
1782931471414 0.16581104695796967 5482
1782931471417 0.23776480555534363 5483
1782931471420 0.4567181468009949 5484
1782931471423 0.1383926272392273 5485
1782931471426 0.3236379623413086 5486
1782931471429 0.1324155181646347 5487
1782931471432 0.1694699227809906 5488
1782931471436 0.42864516377449036 5489
1782931471439 0.5463002920150757 5490
1782931471441 0.31922635436058044 5491
1782931471444 0.571155846118927 5492
1782931471448 0.3510402739048004 5493
1782931471452 0.35169515013694763 5494
1782931471455 0.36830684542655945 5495
1782931471458 0.26802730560302734 5496
1782931471460 0.38512468338012695 5497
1782931471463 0.20823177695274353 5498
1782931471466 0.16205254197120667 5499
1782931471469 0.3452150821685791 5500
1782931471472 0.1852836161851883 5501
1782931471476 0.10767050832509995 5502
1782931471480 0.24642589688301086 5503
1782931471482 0.40704581141471863 5504
1782931471485 0.3296827971935272 5505
1782931471488 0.4739881157875061 5506
1782931471491 0.15648959577083588 5507
1782931471495 0.2680465579032898 5508
1782931471498 0.40363359451293945 5509
1782931471501 0.34396088123321533 5510
1782931471503 0.523582935333252 5511
1782931471506 0.3374066948890686 5512
1782931471509 0.42051905393600464 5513
1782931471511 0.1426754891872406 5514
1782931471515 0.47203528881073 5515
1782931471518 0.5229620933532715 5516
1782931471521 0.3308292627334595 5517
1782931471523 0.15499018132686615 5518
1782931471528 0.3646335005760193 5519
1782931471531 0.4516037106513977 5520
1782931471533 0.5748130083084106 5521
1782931471536 0.1830199658870697 5522
1782931471539 0.187742218375206 5523
1782931471549 0.6232565641403198 5524
1782931471552 0.08339890092611313 5525
1782931471554 0.2683175802230835 5526
1782931471556 0.36262521147727966 5527
1782931471558 0.42795857787132263 5528
1782931471561 0.15917789936065674 5529
1782931471563 0.16396144032478333 5530
1782931471565 0.27481821179389954 5531
1782931471567 0.45725125074386597 5532
1782931471570 0.29621532559394836 5533
1782931471573 0.4144626557826996 5534
1782931471589 0.22320908308029175 5535
1782931471592 0.14488166570663452 5536
1782931471595 0.4634426534175873 5537
1782931471598 0.4439154267311096 5538
1782931471602 0.21634280681610107 5539
1782931471604 0.3917633891105652 5540
1782931471609 0.20354165136814117 5541
1782931471611 0.2878747582435608 5542
1782931471614 0.10746702551841736 5543
1782931471616 0.1954811066389084 5544
1782931471618 0.6722119450569153 5545
1782931471620 0.31071388721466064 5546
1782931471622 0.13927844166755676 5547
1782931471624 0.6501777768135071 5548
1782931471627 0.28104907274246216 5549
1782931471629 0.370768278837204 5550
1782931471631 0.08019441366195679 5551
1782931471633 0.3647625744342804 5552
1782931471635 0.19509704411029816 5553
1782931471637 0.12561571598052979 5554
1782931471639 0.20722201466560364 5555
1782931471641 0.32322442531585693 5556
1782931471646 0.10378074645996094 5557
1782931471653 0.07222994416952133 5558
1782931471656 0.15996555984020233 5559
1782931471658 0.3668789863586426 5560
1782931471661 0.3541547656059265 5561
1782931471663 0.24258142709732056 5562
1782931471665 0.3062608540058136 5563
1782931471667 0.3144114911556244 5564
1782931471670 0.13529032468795776 5565
1782931471672 0.2384580373764038 5566
1782931471674 0.208561971783638 5567
1782931471677 0.17307037115097046 5568
1782931471680 0.367121160030365 5569
1782931471682 0.32306575775146484 5570
1782931471684 0.11190653592348099 5571
1782931471686 0.3720858097076416 5572
1782931471688 0.09348320960998535 5573
1782931471690 0.34578415751457214 5574
1782931471692 0.34489932656288147 5575
1782931471695 0.5564435720443726 5576
1782931471698 0.15015508234500885 5577
1782931471700 0.07600285112857819 5578
1782931471703 0.2443772852420807 5579
1782931471705 0.5071019530296326 5580
1782931471707 0.3537721037864685 5581
1782931471709 0.40769797563552856 5582
1782931471711 0.37291306257247925 5583
1782931471714 0.3213396668434143 5584
1782931471716 0.3138834536075592 5585
1782931471718 0.349599152803421 5586
1782931471720 0.4370279014110565 5587
1782931471722 0.2782593369483948 5588
1782931471724 0.1825515329837799 5589
1782931471727 0.19226424396038055 5590
1782931471729 0.3585188090801239 5591
1782931471731 0.43509650230407715 5592
1782931471734 0.23897765576839447 5593
1782931471736 0.16365723311901093 5594
1782931471738 0.23040346801280975 5595
1782931471740 0.5493614077568054 5596
1782931471743 0.1458098292350769 5597
1782931471745 0.1719759851694107 5598
1782931471747 0.15986524522304535 5599
1782931471749 0.035079263150691986 5600
1782931471752 0.3563919961452484 5601
1782931471754 0.4278378188610077 5602
1782931471756 0.22457952797412872 5603
1782931471758 0.46642014384269714 5604
1782931471761 0.20959706604480743 5605
1782931471763 0.3121083676815033 5606
1782931471766 0.06336008757352829 5607
1782931471768 0.05468175187706947 5608
1782931471770 0.7760705947875977 5609
1782931471772 0.45520520210266113 5610
1782931471774 0.24343526363372803 5611
1782931471777 0.2611852288246155 5612
1782931471779 0.5617461800575256 5613
1782931471781 0.4806572198867798 5614
1782931471784 0.8023154139518738 5615
1782931471786 0.309408038854599 5616
1782931471788 0.1402306854724884 5617
1782931471790 0.344380259513855 5618
1782931471793 0.3404490649700165 5619
1782931471795 0.6285038590431213 5620
1782931471797 0.247466042637825 5621
1782931471800 0.428862065076828 5622
1782931471802 0.4138183295726776 5623
1782931471804 0.14973366260528564 5624
