1782931471544 2.4402105808258057 0
1782931471547 2.335301399230957 1
1782931471549 2.286407709121704 2
1782931471551 2.185063123703003 3
1782931471557 2.182387113571167 4
1782931471563 2.254533052444458 5
1782931471568 2.089603900909424 6
1782931471571 2.1727898120880127 7
1782931471574 2.2186708450317383 8
1782931471584 1.9793025255203247 9
1782931471603 1.7993947267532349 10
1782931471614 1.7609803676605225 11
1782931471616 1.7387170791625977 12
1782931471618 1.8305613994598389 13
1782931471620 1.7197073698043823 14
1782931471622 1.5386242866516113 15
1782931471625 1.546027421951294 16
1782931471627 1.5844320058822632 17
1782931471629 1.5326391458511353 18
1782931471631 1.6237761974334717 19
1782931471635 1.5241957902908325 20
1782931471637 1.484459400177002 21
1782931471639 1.4730026721954346 22
1782931471641 1.5083765983581543 23
1782931471644 1.1930378675460815 24
1782931471648 1.264424443244934 25
1782931471651 1.0844929218292236 26
1782931471653 1.2051241397857666 27
1782931471655 1.3445744514465332 28
1782931471658 1.325732946395874 29
1782931471660 1.1281136274337769 30
1782931471663 1.388199806213379 31
1782931471665 1.166283130645752 32
1782931471667 1.0803931951522827 33
1782931471669 1.0334569215774536 34
1782931471671 1.3216400146484375 35
1782931471673 0.9579034447669983 36
1782931471675 1.0395985841751099 37
1782931471679 1.112353801727295 38
1782931471682 1.2061618566513062 39
1782931471684 0.9166035652160645 40
1782931471686 1.1714218854904175 41
1782931471688 1.1560719013214111 42
1782931471690 0.8193464279174805 43
1782931471692 1.15878427028656 44
1782931471694 0.9229254126548767 45
1782931471697 0.7291371822357178 46
1782931471699 1.1221331357955933 47
1782931471702 0.6607913970947266 48
1782931471704 0.9336503744125366 49
1782931471706 0.7806938290596008 50
1782931471708 0.9560348391532898 51
1782931471711 1.069413423538208 52
1782931471713 0.9001176953315735 53
1782931471715 0.9121251106262207 54
1782931471717 1.011857271194458 55
1782931471719 0.6607673168182373 56
1782931471721 0.8280102610588074 57
1782931471723 0.9906014800071716 58
1782931471727 0.8230690360069275 59
1782931471729 1.1118664741516113 60
1782931471732 0.7742130756378174 61
1782931471734 0.8143230080604553 62
1782931471736 0.7597547769546509 63
1782931471738 0.9137035012245178 64
1782931471740 0.7290253043174744 65
1782931471745 0.737254798412323 66
1782931471747 0.6670016646385193 67
1782931471749 0.6996154189109802 68
1782931471751 0.7104474902153015 69
1782931471753 0.9361546039581299 70
1782931471755 0.688014805316925 71
1782931471758 0.8959014415740967 72
1782931471762 0.8155494928359985 73
1782931471764 0.7291593551635742 74
1782931471766 0.6506643891334534 75
1782931471769 0.580138623714447 76
1782931471771 0.9228062033653259 77
1782931471774 0.775303065776825 78
1782931471777 0.793789267539978 79
1782931471779 0.5940955281257629 80
1782931471781 0.8354666233062744 81
1782931471783 0.7456157207489014 82
1782931471786 0.773148238658905 83
1782931471788 0.7730902433395386 84
1782931471790 0.6926695704460144 85
1782931471792 0.6649835109710693 86
1782931471795 0.5517743825912476 87
1782931471797 0.7775930166244507 88
1782931471799 0.7635008096694946 89
1782931471801 0.7849284410476685 90
1782931471803 0.5184217691421509 91
1782931471805 0.45839428901672363 92
1782931471808 0.5462192893028259 93
1782931471810 0.46692317724227905 94
1782931471812 0.8721947073936462 95
1782931471814 0.7346804141998291 96
1782931471817 0.5996785759925842 97
1782931471819 0.81819087266922 98
1782931471821 0.5474120378494263 99
1782931471823 0.8308306336402893 100
1782931471825 0.7420756816864014 101
1782931471827 0.566525399684906 102
1782931471830 0.7748225331306458 103
1782931471832 0.7704775929450989 104
1782931471834 0.6433860063552856 105
1782931471934 0.7571432590484619 106
1782931471943 0.617935836315155 107
1782931471966 1.0722557306289673 108
1782931471969 0.6402138471603394 109
1782931471974 0.6537251472473145 110
1782931471976 0.5865429043769836 111
1782931471979 0.6231729984283447 112
1782931471981 0.8119617700576782 113
1782931471984 0.4835435450077057 114
1782931471987 0.5984652638435364 115
1782931471990 0.6380975246429443 116
1782931471993 0.7108404636383057 117
1782931471996 0.5449130535125732 118
1782931471999 0.8630423545837402 119
1782931472001 0.6524807214736938 120
1782931472004 0.703184962272644 121
1782931472006 0.6559507250785828 122
1782931472009 0.48264652490615845 123
1782931472012 0.6975363492965698 124
1782931472014 0.5192450881004333 125
1782931472016 0.6079516410827637 126
1782931472019 0.5723305344581604 127
1782931472021 0.4904519319534302 128
1782931472027 0.4831341803073883 129
1782931472029 0.6899160146713257 130
1782931472032 0.4053661823272705 131
1782931472034 0.6627256274223328 132
1782931472037 0.7038334608078003 133
1782931472041 0.5695592164993286 134
1782931472045 0.5055397152900696 135
1782931472049 0.6103116869926453 136
1782931472052 0.7259498834609985 137
1782931472055 0.45845526456832886 138
1782931472059 0.5680311322212219 139
1782931472062 0.5236173868179321 140
1782931472065 0.6451686024665833 141
1782931472067 0.6211325526237488 142
1782931472069 0.6019887924194336 143
1782931472072 0.5253776907920837 144
1782931472076 0.48267266154289246 145
1782931472080 0.6148862838745117 146
1782931472082 0.502069890499115 147
1782931472085 0.871261477470398 148
1782931472087 0.4931846857070923 149
1782931472089 0.5504985451698303 150
1782931472092 0.671283483505249 151
1782931472094 0.43289273977279663 152
1782931472099 0.7743722200393677 153
1782931472103 0.9107508659362793 154
1782931472105 0.716694712638855 155
1782931472107 0.5608111023902893 156
1782931472111 0.8042410612106323 157
1782931472114 0.5904838442802429 158
1782931472117 0.6231492757797241 159
1782931472120 0.5555536150932312 160
1782931472123 0.7375653386116028 161
1782931472126 0.6941923499107361 162
1782931472128 0.5714141726493835 163
1782931472131 0.7080059051513672 164
1782931472133 0.5853743553161621 165
1782931472135 0.5065116286277771 166
1782931472138 0.6816458106040955 167
1782931472140 0.47306445240974426 168
1782931472144 0.45623505115509033 169
1782931472146 0.4368092119693756 170
1782931472148 0.45056793093681335 171
1782931472151 0.569492518901825 172
1782931472153 0.7849513292312622 173
1782931472155 0.7893775105476379 174
1782931472157 0.8069208860397339 175
1782931472159 0.6675770878791809 176
1782931472162 0.6683674454689026 177
1782931472164 0.5387179851531982 178
1782931472166 0.5882344245910645 179
1782931472168 0.6176967024803162 180
1782931472170 0.7729876041412354 181
1782931472172 0.5805185437202454 182
1782931472174 0.5385605096817017 183
1782931472177 0.6824010014533997 184
1782931472179 0.4131014347076416 185
1782931472181 0.43814679980278015 186
1782931472183 0.40456128120422363 187
1782931472185 0.6601483821868896 188
1782931472187 0.6097401976585388 189
1782931472190 0.44503143429756165 190
1782931472192 0.5817552208900452 191
1782931472194 0.43586015701293945 192
1782931472196 0.5190032124519348 193
1782931472198 0.46775195002555847 194
1782931472201 0.46264374256134033 195
1782931472205 0.6142333745956421 196
1782931472207 0.40187883377075195 197
1782931472209 0.302643358707428 198
1782931472211 0.41535139083862305 199
1782931472214 0.48067134618759155 200
1782931472216 0.3460005819797516 201
1782931472218 0.6025424599647522 202
1782931472221 0.508028507232666 203
1782931472223 0.4472111761569977 204
1782931472225 0.5162650942802429 205
1782931472228 0.45295485854148865 206
1782931472230 0.7588943839073181 207
1782931472232 0.44166913628578186 208
1782931472234 0.44009214639663696 209
1782931472237 0.6742146015167236 210
1782931472239 0.27033984661102295 211
1782931472241 0.37245720624923706 212
1782931472243 0.4772982597351074 213
1782931472246 0.44047605991363525 214
1782931472248 0.5793725848197937 215
1782931472250 0.5286649465560913 216
1782931472252 0.4474823474884033 217
1782931472254 0.4062672257423401 218
1782931472256 0.6853958368301392 219
1782931472259 0.6237488985061646 220
1782931472261 0.4901920258998871 221
1782931472263 0.40953078866004944 222
1782931472265 0.42960816621780396 223
1782931472267 0.3045260012149811 224
1782931472270 0.3899663984775543 225
1782931472272 0.8490049242973328 226
1782931472274 0.29936879873275757 227
1782931472276 0.27174872159957886 228
1782931472279 0.27274417877197266 229
1782931472281 0.8673040866851807 230
1782931472283 0.5595314502716064 231
1782931472285 0.2612682282924652 232
1782931472288 0.6011871695518494 233
1782931472290 0.41873612999916077 234
1782931472292 0.5129603743553162 235
1782931472295 0.32018566131591797 236
1782931472297 0.4526504874229431 237
1782931472299 0.6051412224769592 238
1782931472301 0.308220237493515 239
1782931472305 0.2728522717952728 240
1782931472307 0.5071119070053101 241
1782931472310 0.3208111822605133 242
1782931472312 0.605079174041748 243
1782931472314 0.9710063338279724 244
1782931472317 0.48636338114738464 245
1782931472319 0.4673157036304474 246
1782931472321 0.6165305376052856 247
1782931472323 0.23649056255817413 248
1782931472325 0.44840338826179504 249
1782931472328 0.667442798614502 250
1782931472333 0.5159570574760437 251
1782931472335 0.5966364741325378 252
1782931472338 0.4835283160209656 253
1782931472342 0.7680017352104187 254
1782931472345 0.529658317565918 255
1782931472347 0.520027220249176 256
1782931472351 0.3376590609550476 257
1782931472355 0.19453898072242737 258
1782931472357 0.49743515253067017 259
1782931472360 0.3857648968696594 260
1782931472363 0.5065091848373413 261
1782931472367 0.50737065076828 262
1782931472370 0.2996482849121094 263
1782931472374 0.5655909776687622 264
1782931472376 0.41529324650764465 265
1782931472380 0.3253951370716095 266
1782931472383 0.43975573778152466 267
1782931472386 0.4880465269088745 268
1782931472391 0.3719296455383301 269
1782931472394 0.46254169940948486 270
1782931472398 0.8024168014526367 271
1782931472400 0.31591224670410156 272
1782931472403 0.5277196168899536 273
1782931472405 0.7588368654251099 274
1782931472409 0.4157525897026062 275
1782931472413 0.5313900113105774 276
1782931472416 0.3782289922237396 277
1782931472419 0.4437691271305084 278
1782931472422 0.5098361968994141 279
1782931472426 0.38978293538093567 280
1782931472432 0.32691922783851624 281
1782931472435 0.4432013928890228 282
1782931472438 0.4429471790790558 283
1782931472442 0.43185216188430786 284
1782931472445 0.4731621742248535 285
1782931472448 0.4224291145801544 286
1782931472450 0.30105558037757874 287
1782931472452 0.5932410955429077 288
1782931472455 0.5005682110786438 289
1782931472457 0.5018203854560852 290
1782931472460 0.43022140860557556 291
1782931472463 0.327267587184906 292
1782931472466 0.6438349485397339 293
1782931472470 0.4652256369590759 294
1782931472472 0.39406609535217285 295
1782931472476 0.528980016708374 296
1782931472479 0.4820669889450073 297
1782931472483 0.42841073870658875 298
1782931472487 0.4809568524360657 299
1782931472491 0.596904456615448 300
1782931472494 0.5726779103279114 301
1782931472497 0.30465108156204224 302
1782931472500 0.4250224232673645 303
1782931472502 0.34223708510398865 304
1782931472506 0.6337060928344727 305
1782931472509 0.5568209290504456 306
1782931472512 0.4477718472480774 307
1782931472514 0.5277939438819885 308
1782931472517 0.7455014586448669 309
1782931472519 0.4407920241355896 310
1782931472522 0.3662433326244354 311
1782931472525 0.3033275306224823 312
1782931472528 0.5493411421775818 313
1782931472530 0.4717312455177307 314
1782931472532 0.3453332781791687 315
1782931472535 0.42228856682777405 316
1782931472537 0.3954542577266693 317
1782931472539 0.42429375648498535 318
1782931472542 0.3992214798927307 319
1782931472546 0.38844600319862366 320
1782931472548 0.3992714583873749 321
1782931472551 0.6803146004676819 322
1782931472553 0.45321449637413025 323
1782931472556 0.5634774565696716 324
1782931472561 0.5223492383956909 325
1782931472564 0.27375558018684387 326
1782931472566 0.6038991212844849 327
1782931472568 0.34564995765686035 328
1782931472571 0.2738264203071594 329
1782931472574 0.13390538096427917 330
1782931472576 0.31423890590667725 331
1782931472579 0.35102206468582153 332
1782931472581 0.4748830795288086 333
1782931472584 0.4552490711212158 334
1782931472587 0.6153549551963806 335
1782931472589 0.7258888483047485 336
1782931472594 0.29072776436805725 337
1782931472597 0.29888615012168884 338
1782931472600 0.3036273419857025 339
1782931472602 0.23459090292453766 340
1782931472605 0.40287670493125916 341
1782931472607 0.4726666808128357 342
1782931472610 0.748863697052002 343
1782931472612 0.519748866558075 344
1782931472615 0.28054079413414 345
1782931472618 0.34686705470085144 346
1782931472621 0.39331308007240295 347
1782931472624 0.4796833097934723 348
1782931472627 0.537768542766571 349
1782931472629 0.6201391220092773 350
1782931472632 0.32352566719055176 351
1782931472634 0.4480750560760498 352
1782931472637 0.7167937755584717 353
1782931472640 0.5931355357170105 354
1782931472643 0.2549385726451874 355
1782931472647 0.30874431133270264 356
1782931472650 0.486842542886734 357
1782931472655 0.6777046322822571 358
1782931472659 0.5007714033126831 359
1782931472662 0.26531949639320374 360
1782931472664 0.33665746450424194 361
1782931472668 0.40297433733940125 362
1782931472671 0.3702823519706726 363
1782931472675 0.3464815020561218 364
1782931472679 0.45570337772369385 365
1782931472681 0.4839248061180115 366
1782931472684 0.5018356442451477 367
1782931472688 0.6088671684265137 368
1782931472690 0.3288017511367798 369
1782931472693 0.4136728048324585 370
1782931472697 0.5402177572250366 371
1782931472701 0.2982945442199707 372
1782931472704 0.3866339325904846 373
1782931472707 0.5716387629508972 374
1782931472709 0.5432705879211426 375
1782931472712 0.2693261206150055 376
1782931472716 0.43929141759872437 377
1782931472718 0.40183812379837036 378
1782931472720 0.2115142047405243 379
1782931472723 0.22131763398647308 380
1782931472727 0.2682380974292755 381
1782931472730 0.541333794593811 382
1782931472733 0.4499107897281647 383
1782931472735 0.41402265429496765 384
1782931472738 0.3700089156627655 385
1782931472740 0.8199588656425476 386
1782931472743 0.46263954043388367 387
1782931472746 0.49490177631378174 388
1782931472748 0.6094419956207275 389
1782931472749 0.4734954237937927 390
1782931472751 0.5016493201255798 391
1782931472753 0.37004268169403076 392
1782931472755 0.46071550250053406 393
1782931472757 0.35688143968582153 394
1782931472759 0.5244103670120239 395
1782931472761 0.48236891627311707 396
1782931472763 0.4338839650154114 397
1782931472768 0.39527633786201477 398
1782931472770 0.38386279344558716 399
1782931472772 0.5360684394836426 400
1782931472774 0.39711901545524597 401
1782931472776 0.4126747250556946 402
1782931472778 0.5433829426765442 403
1782931472779 0.49573808908462524 404
1782931472781 0.6939195990562439 405
1782931472783 0.15738137066364288 406
1782931472789 0.501508891582489 407
1782931472792 0.4165222644805908 408
1782931472796 0.3537638783454895 409
1782931472799 0.410590797662735 410
1782931472802 0.454886794090271 411
1782931472806 0.30905526876449585 412
1782931472810 0.5579860210418701 413
1782931472814 0.38215208053588867 414
1782931472817 0.43759313225746155 415
1782931472819 0.5063948631286621 416
1782931472821 0.7238559722900391 417
1782931472824 0.27682340145111084 418
1782931472827 0.2706570625305176 419
1782931472829 0.42561042308807373 420
1782931472833 0.33134374022483826 421
1782931472835 0.521282970905304 422
1782931472838 0.4386451244354248 423
1782931472840 0.3322451412677765 424
1782931472844 0.3834964334964752 425
1782931472848 0.4174933433532715 426
1782931472850 0.40396279096603394 427
1782931472852 0.6097705364227295 428
1782931472854 0.30225783586502075 429
1782931472857 0.4609614908695221 430
1782931472859 0.3665238618850708 431
1782931472862 0.557747483253479 432
1782931472864 0.5909008383750916 433
1782931472866 0.2285524606704712 434
1782931472868 0.33805912733078003 435
1782931472870 0.18927140533924103 436
1782931472873 0.3914880156517029 437
1782931472876 0.7951645851135254 438
1782931472878 0.39331358671188354 439
1782931472882 0.5200968980789185 440
1782931472885 0.4333980977535248 441
1782931472887 0.35478848218917847 442
1782931472891 0.4259764552116394 443
1782931472893 0.419556200504303 444
1782931472898 0.38867515325546265 445
1782931472900 0.6319196224212646 446
1782931472904 0.17204169929027557 447
1782931472906 0.5062450766563416 448
1782931472910 0.31605976819992065 449
1782931472931 0.43902820348739624 450
1782931472934 0.4051974415779114 451
1782931472938 0.38330596685409546 452
1782931472942 0.388694703578949 453
1782931472944 0.37920862436294556 454
1782931472947 0.20258402824401855 455
1782931472949 0.3799056112766266 456
1782931472952 0.5366604328155518 457
1782931472954 0.7978381514549255 458
1782931472957 0.45735660195350647 459
1782931472962 0.4528096914291382 460
1782931472965 0.2763027548789978 461
1782931472969 0.4748972952365875 462
1782931472971 0.3442423343658447 463
1782931472973 0.5261523127555847 464
1782931472976 0.0899013802409172 465
1782931472981 0.2041650414466858 466
1782931472984 0.5873544216156006 467
1782931472986 0.17107321321964264 468
1782931472988 0.218511164188385 469
1782931472991 0.7370778918266296 470
1782931472993 0.3233311176300049 471
1782931472997 0.4806581139564514 472
1782931473000 0.3298206031322479 473
1782931473002 0.5171701312065125 474
1782931473004 0.31810617446899414 475
1782931473006 0.5912125706672668 476
1782931473008 0.2912827432155609 477
1782931473011 0.3372740149497986 478
1782931473013 0.14346615970134735 479
1782931473015 0.6000484824180603 480
1782931473018 0.26659128069877625 481
1782931473020 0.8247829675674438 482
1782931473022 0.3547901213169098 483
1782931473024 0.3548218309879303 484
1782931473026 0.481680303812027 485
1782931473029 0.40607112646102905 486
1782931473031 0.22606605291366577 487
1782931473033 0.5774634480476379 488
1782931473036 0.3749248683452606 489
1782931473039 0.4948323965072632 490
1782931473041 0.2097998559474945 491
1782931473043 0.3542715907096863 492
1782931473045 0.3541859984397888 493
1782931473047 0.2835039496421814 494
1782931473049 0.31918007135391235 495
1782931473052 0.6679641604423523 496
1782931473054 0.16124215722084045 497
1782931473056 0.2632158696651459 498
1782931473059 0.4755184054374695 499
1782931473062 0.22987571358680725 500
1782931473064 0.3277128040790558 501
1782931473066 0.3920130133628845 502
1782931473069 0.3166031837463379 503
1782931473071 0.2771458327770233 504
1782931473073 0.18525885045528412 505
1782931473075 0.4170083701610565 506
1782931473078 0.4385911822319031 507
1782931473080 0.5490550994873047 508
1782931473082 0.3558204770088196 509
1782931473084 0.175040602684021 510
1782931473086 0.5765644907951355 511
1782931473088 0.21410252153873444 512
1782931473090 0.3151288330554962 513
1782931473093 0.48697900772094727 514
1782931473095 0.24622687697410583 515
1782931473097 0.49060073494911194 516
1782931473099 0.36578691005706787 517
1782931473101 0.3236111104488373 518
1782931473103 0.40445947647094727 519
1782931473106 0.35169458389282227 520
1782931473108 0.4816272258758545 521
1782931473110 0.31319084763526917 522
1782931473112 0.3018612563610077 523
1782931473114 0.27541568875312805 524
1782931473117 0.4912583529949188 525
1782931473119 0.36283349990844727 526
1782931473121 0.23069119453430176 527
1782931473123 0.28638821840286255 528
1782931473125 0.3925282061100006 529
1782931473127 0.5113876461982727 530
1782931473130 0.3560228645801544 531
1782931473132 0.7231143116950989 532
1782931473134 0.4515536427497864 533
1782931473136 0.33075788617134094 534
1782931473138 0.3964972496032715 535
1782931473140 0.41215434670448303 536
1782931473142 0.23512941598892212 537
1782931473145 0.4397297203540802 538
1782931473147 0.3454052805900574 539
1782931473149 0.4341321885585785 540
1782931473151 0.4935937821865082 541
1782931473153 0.2959304451942444 542
1782931473155 0.40654879808425903 543
1782931473157 0.42492738366127014 544
1782931473160 0.4437534809112549 545
1782931473163 0.4869047701358795 546
1782931473167 0.23533150553703308 547
1782931473169 0.3760867714881897 548
1782931473171 0.4212111234664917 549
1782931473173 0.3974034786224365 550
1782931473175 0.5488519072532654 551
1782931473178 0.2410561442375183 552
1782931473180 0.52162104845047 553
1782931473182 0.3960367441177368 554
1782931473184 0.47091588377952576 555
1782931473187 0.3979640007019043 556
1782931473189 0.2996499836444855 557
1782931473191 0.60494464635849 558
1782931473193 0.2333349585533142 559
1782931473197 0.7747548222541809 560
1782931473199 0.3104138672351837 561
1782931473202 0.6467752456665039 562
1782931473204 0.3358861804008484 563
1782931473206 0.8915930390357971 564
1782931473208 0.24333977699279785 565
1782931473211 0.3073672354221344 566
1782931473213 0.288540244102478 567
1782931473216 0.43088603019714355 568
1782931473218 0.6341374516487122 569
1782931473220 0.5852697491645813 570
1782931473222 0.3401091694831848 571
1782931473225 0.8267948031425476 572
1782931473227 0.5396512746810913 573
1782931473229 0.3353928029537201 574
1782931473232 0.6885999441146851 575
1782931473234 0.27653759717941284 576
1782931473236 0.670386016368866 577
1782931473238 0.42339134216308594 578
1782931473241 0.40132492780685425 579
1782931473244 0.6554998755455017 580
1782931473247 0.3817013204097748 581
1782931473249 0.49081218242645264 582
1782931473251 0.46499308943748474 583
1782931473253 0.3942508399486542 584
1782931473255 0.6137894988059998 585
1782931473258 0.5290173292160034 586
1782931473261 0.1538560539484024 587
1782931473263 0.2753463387489319 588
1782931473265 0.614363431930542 589
1782931473268 0.3090358078479767 590
1782931473270 0.5182713866233826 591
1782931473272 0.34294241666793823 592
1782931473275 0.3996540904045105 593
1782931473283 0.30522555112838745 594
1782931473285 0.16686531901359558 595
1782931473288 0.1928204894065857 596
1782931473294 0.42040449380874634 597
1782931473297 0.4266784191131592 598
1782931473299 0.5327135324478149 599
1782931473301 0.3731652498245239 600
1782931473303 0.7672554850578308 601
1782931473307 0.3463563323020935 602
1782931473310 0.6032181978225708 603
1782931473312 0.30523020029067993 604
1782931473314 0.17714133858680725 605
1782931473320 0.3468165993690491 606
1782931473322 0.5688831806182861 607
1782931473324 0.2640679180622101 608
1782931473327 0.39420029520988464 609
1782931473330 0.4399280548095703 610
1782931473332 0.23609544336795807 611
1782931473334 0.49204105138778687 612
1782931473336 0.40413591265678406 613
1782931473338 0.5436137318611145 614
1782931473341 0.4610767960548401 615
1782931473343 0.31425195932388306 616
1782931473346 0.743606448173523 617
1782931473348 0.728101909160614 618
1782931473350 0.5397357940673828 619
1782931473352 0.29797831177711487 620
1782931473354 0.48644503951072693 621
1782931473357 0.6018698215484619 622
1782931473359 0.4708940386772156 623
1782931473361 0.4564101994037628 624
1782931473364 0.40734007954597473 625
1782931473368 0.37073561549186707 626
1782931473370 0.17701998353004456 627
1782931473373 0.33285626769065857 628
1782931473375 0.30219733715057373 629
1782931473377 0.33231067657470703 630
1782931473380 0.37618985772132874 631
1782931473382 0.8228615522384644 632
1782931473385 0.6751777529716492 633
1782931473387 0.4490105211734772 634
1782931473390 0.39019179344177246 635
1782931473392 0.23085708916187286 636
1782931473395 0.6731550693511963 637
1782931473397 0.1917271614074707 638
1782931473399 0.6175525188446045 639
1782931473401 0.6220983862876892 640
1782931473404 0.5994417071342468 641
1782931473409 0.6473365426063538 642
1782931473412 0.5680802464485168 643
1782931473414 0.2213311344385147 644
1782931473417 0.14700175821781158 645
1782931473419 0.23303890228271484 646
1782931473421 0.3350662291049957 647
1782931473424 0.2664852440357208 648
1782931473426 0.5766014456748962 649
1782931473429 0.17883284389972687 650
1782931473455 0.43063533306121826 651
1782931473459 0.5519211292266846 652
1782931473461 0.5199213027954102 653
1782931473463 0.541570246219635 654
1782931473466 0.19721290469169617 655
1782931473468 0.40144383907318115 656
1782931473470 0.4338981807231903 657
1782931473472 0.3609333038330078 658
1782931473474 0.4137219488620758 659
1782931473477 0.2261076718568802 660
1782931473480 0.21949395537376404 661
1782931473482 0.8694668412208557 662
1782931473484 0.44442233443260193 663
1782931473486 0.31072747707366943 664
1782931473488 0.16102753579616547 665
1782931473491 0.47879061102867126 666
1782931473493 0.24703946709632874 667
1782931473496 0.4949178397655487 668
1782931473498 0.2786620557308197 669
1782931473501 0.3670973479747772 670
1782931473503 0.31850460171699524 671
1782931473505 0.4966225028038025 672
1782931473509 0.3299720287322998 673
1782931473512 0.30792850255966187 674
1782931473515 0.33331868052482605 675
1782931473517 0.6902408003807068 676
1782931473519 0.5776878595352173 677
1782931473521 0.33454233407974243 678
1782931473523 0.2801031768321991 679
1782931473526 0.5282153487205505 680
1782931473530 0.35395991802215576 681
1782931473533 0.428240567445755 682
1782931473536 0.34935373067855835 683
1782931473538 0.42647847533226013 684
1782931473540 0.5603777170181274 685
1782931473543 0.45437315106391907 686
1782931473545 0.289101243019104 687
1782931473547 0.4316052794456482 688
1782931473549 0.5246222615242004 689
1782931473551 0.3769221901893616 690
1782931473554 0.5229613780975342 691
1782931473556 0.4643963873386383 692
1782931473558 0.43053317070007324 693
1782931473561 0.5189183950424194 694
1782931473563 0.5941371321678162 695
1782931473565 0.393888920545578 696
1782931473567 0.35600578784942627 697
1782931473569 0.3482103645801544 698
1782931473571 0.2672683894634247 699
1782931473574 0.2141016274690628 700
1782931473576 0.215434730052948 701
1782931473578 0.45755529403686523 702
1782931473580 0.1444694995880127 703
1782931473583 0.4295157790184021 704
1782931473585 0.3619557023048401 705
1782931473587 0.34440112113952637 706
1782931473589 0.33138951659202576 707
1782931473592 0.3216223120689392 708
1782931473594 0.27544182538986206 709
1782931473596 0.51888507604599 710
1782931473599 0.3576650321483612 711
1782931473601 0.4067225456237793 712
1782931473603 0.35916393995285034 713
1782931473605 0.37084299325942993 714
1782931473607 0.29874861240386963 715
1782931473609 0.2886991500854492 716
1782931473612 0.3635260760784149 717
1782931473614 0.21764399111270905 718
1782931473618 0.4470365643501282 719
1782931473620 0.4967823624610901 720
1782931473623 0.3848322629928589 721
1782931473625 0.6340678334236145 722
1782931473645 0.24524623155593872 723
1782931473651 0.23766154050827026 724
1782931473653 0.7640721797943115 725
1782931473656 0.3038891553878784 726
1782931473660 0.2807369828224182 727
1782931473663 0.09820486605167389 728
1782931473666 0.35102349519729614 729
1782931473669 0.47503194212913513 730
1782931473672 0.33722659945487976 731
1782931473676 0.26748624444007874 732
1782931473679 0.5135782957077026 733
1782931473682 0.3074861764907837 734
1782931473685 0.19545282423496246 735
1782931473688 0.4525315761566162 736
1782931473692 0.5864386558532715 737
1782931473696 0.5518509149551392 738
1782931473700 0.3748216927051544 739
1782931473703 0.4046383500099182 740
1782931473706 0.299576073884964 741
1782931473710 0.4232586622238159 742
1782931473713 0.3729415237903595 743
1782931473716 0.45212605595588684 744
1782931473719 0.5623872876167297 745
1782931473722 0.40137574076652527 746
1782931473726 0.47331711649894714 747
1782931473730 0.8244993686676025 748
1782931473734 0.45246872305870056 749
1782931473736 0.41524553298950195 750
1782931473739 0.45295074582099915 751
1782931473743 0.18246060609817505 752
1782931473747 0.34210968017578125 753
1782931473750 0.23155881464481354 754
1782931473753 0.5410559773445129 755
1782931473756 0.36094555258750916 756
1782931473761 0.4694669246673584 757
1782931473765 0.5549151301383972 758
1782931473768 0.7686659693717957 759
1782931473771 0.18431618809700012 760
1782931473774 0.15438984334468842 761
1782931473777 0.2329234629869461 762
1782931473781 0.44458240270614624 763
1782931473784 0.2783626914024353 764
1782931473787 0.16579081118106842 765
1782931473790 0.2891170084476471 766
1782931473793 0.48703280091285706 767
1782931473796 0.6104109287261963 768
1782931473799 0.45371824502944946 769
1782931473802 0.2659301161766052 770
1782931473805 0.343440443277359 771
1782931473808 0.545417308807373 772
1782931473812 0.9154807329177856 773
1782931473815 0.2652278244495392 774
1782931473818 0.5744730830192566 775
1782931473821 0.23909206688404083 776
1782931473824 0.4594196677207947 777
1782931473827 0.2927436828613281 778
1782931473830 0.92097008228302 779
1782931473834 0.27683162689208984 780
1782931473837 0.3817577660083771 781
1782931473840 0.1668214350938797 782
1782931473843 0.37932825088500977 783
1782931473846 0.6076802015304565 784
1782931473849 0.2983930706977844 785
1782931473852 0.6287164092063904 786
1782931473855 0.3214433491230011 787
1782931473858 0.28222355246543884 788
1782931473862 0.7251436710357666 789
1782931473865 0.3420628011226654 790
1782931473868 0.24681441485881805 791
1782931473870 0.27308523654937744 792
1782931473873 0.5065937042236328 793
1782931473877 0.21304351091384888 794
1782931473880 0.29023000597953796 795
1782931473883 0.44161760807037354 796
1782931473886 0.4544118046760559 797
1782931473889 0.2062205970287323 798
1782931473894 0.33489295840263367 799
1782931473897 0.12308907508850098 800
1782931473900 0.13456836342811584 801
1782931473903 0.4593118727207184 802
1782931473906 0.47357454895973206 803
1782931473909 0.4173899292945862 804
1782931473912 0.2560485601425171 805
1782931473915 0.33456993103027344 806
1782931473918 0.4246331751346588 807
1782931473921 0.5331398844718933 808
1782931473924 0.4083612859249115 809
1782931473928 0.4510215222835541 810
1782931473931 0.20003797113895416 811
1782931473935 0.6195366382598877 812
1782931473938 0.2628714442253113 813
1782931473941 0.507445216178894 814
1782931473944 0.47267988324165344 815
1782931473947 0.42830631136894226 816
1782931473955 0.3416883647441864 817
1782931473958 0.42160850763320923 818
1782931473961 0.489411860704422 819
1782931473964 0.16750623285770416 820
1782931473967 0.6043086647987366 821
1782931473970 0.437875896692276 822
1782931473973 0.5159217119216919 823
1782931473989 0.4247571527957916 824
1782931473993 0.679374635219574 825
1782931473996 0.5110259652137756 826
1782931473999 0.2592109441757202 827
1782931474002 0.31814539432525635 828
1782931474005 0.158854678273201 829
1782931474008 0.3973085582256317 830
1782931474012 0.5862045288085938 831
1782931474015 0.4592251479625702 832
1782931474018 0.2010819911956787 833
1782931474021 0.2743138074874878 834
1782931474024 0.38331931829452515 835
1782931474027 0.35189002752304077 836
1782931474030 0.7646413445472717 837
1782931474033 0.35581377148628235 838
1782931474036 0.18078523874282837 839
1782931474040 0.4846194088459015 840
1782931474044 0.38943225145339966 841
1782931474047 0.6569429636001587 842
1782931474050 0.34646713733673096 843
1782931474053 0.3294517695903778 844
1782931474056 0.42860230803489685 845
1782931474060 0.37341436743736267 846
1782931474063 0.3083280920982361 847
1782931474066 0.1984378546476364 848
1782931474069 0.5848090648651123 849
1782931474072 0.46154963970184326 850
1782931474075 0.47040942311286926 851
1782931474078 0.23764602839946747 852
1782931474082 0.21989651024341583 853
1782931474090 0.22489780187606812 854
1782931474096 0.48759061098098755 855
1782931474099 0.5136080384254456 856
1782931474102 0.3311685621738434 857
1782931474105 0.2863668203353882 858
1782931474147 0.4055721163749695 859
1782931474150 0.12002287805080414 860
1782931474153 0.3410130441188812 861
1782931474156 0.30151650309562683 862
1782931474159 0.18573158979415894 863
1782931474162 0.27335572242736816 864
1782931474165 0.22942733764648438 865
1782931474168 0.21044260263442993 866
1782931474171 0.2441495954990387 867
1782931474174 0.6231287717819214 868
1782931474177 0.2833876311779022 869
1782931474180 0.29253166913986206 870
1782931474184 1.0392805337905884 871
1782931474187 0.45734792947769165 872
1782931474190 0.22292613983154297 873
1782931474193 0.28160393238067627 874
1782931474196 0.16351456940174103 875
1782931474199 0.5881884694099426 876
1782931474202 0.4363744556903839 877
1782931474205 0.4701351523399353 878
1782931474208 0.3152460753917694 879
1782931474211 0.21847741305828094 880
1782931474215 0.241336852312088 881
1782931474218 0.15153570473194122 882
1782931474221 0.20513570308685303 883
1782931474224 0.32058924436569214 884
1782931474229 0.2570899426937103 885
1782931474232 0.454814076423645 886
1782931474236 0.3168129324913025 887
1782931474239 0.5104007124900818 888
1782931474243 0.5210267901420593 889
1782931474247 0.18240737915039062 890
1782931474250 0.4498266577720642 891
1782931474253 0.2714434564113617 892
1782931474256 0.3726298213005066 893
1782931474260 0.6964570879936218 894
1782931474263 0.1634182333946228 895
1782931474266 0.33524462580680847 896
1782931474269 0.30549541115760803 897
1782931474272 0.45697882771492004 898
1782931474275 0.27143973112106323 899
1782931474279 0.11747802793979645 900
1782931474282 0.3930133581161499 901
1782931474285 0.41361474990844727 902
1782931474288 0.3229080140590668 903
1782931474290 0.627771258354187 904
1782931474294 0.2522388994693756 905
1782931474297 0.39661905169487 906
1782931474300 0.15126386284828186 907
1782931474303 0.32440274953842163 908
1782931474306 0.32525062561035156 909
1782931474309 0.4583636522293091 910
1782931474312 0.1771269142627716 911
1782931474316 0.3111109137535095 912
1782931474319 0.7793599367141724 913
1782931474321 0.6727818250656128 914
1782931474325 0.5865123867988586 915
1782931474328 0.19608944654464722 916
1782931474331 0.22523730993270874 917
1782931474334 0.1446220427751541 918
1782931474337 0.5662170648574829 919
1782931474341 0.6342320442199707 920
1782931474345 0.6685160398483276 921
1782931474348 0.24180787801742554 922
1782931474351 0.45111384987831116 923
1782931474354 0.3083326816558838 924
1782931474357 0.28007379174232483 925
1782931474360 0.6322883367538452 926
1782931474364 0.30115023255348206 927
1782931474367 0.2696768343448639 928
1782931474370 0.24063797295093536 929
1782931474373 0.17263129353523254 930
1782931474376 0.211145281791687 931
1782931474379 0.36994919180870056 932
1782931474382 0.34402650594711304 933
1782931474385 0.26390978693962097 934
1782931474388 0.5518515110015869 935
1782931474392 0.36869579553604126 936
1782931474395 0.3463273048400879 937
1782931474398 0.4066309928894043 938
1782931474401 0.39120906591415405 939
1782931474404 0.6049827933311462 940
1782931474407 0.31536802649497986 941
1782931474410 0.45472872257232666 942
1782931474413 0.2824329733848572 943
1782931474416 0.23645634949207306 944
1782931474419 0.3233030438423157 945
1782931474423 0.3949253559112549 946
1782931474427 0.11214596033096313 947
1782931474430 0.3541213274002075 948
1782931474433 0.216767817735672 949
1782931474436 0.3761979937553406 950
1782931474439 0.2668115198612213 951
1782931474443 0.32643672823905945 952
1782931474446 0.6189098358154297 953
1782931474449 0.32403501868247986 954
1782931474452 0.2166069895029068 955
1782931474455 0.4612411558628082 956
1782931474458 0.4151703715324402 957
1782931474462 0.23895633220672607 958
1782931474465 0.36618173122406006 959
1782931474468 0.2296760529279709 960
1782931474471 0.7956991791725159 961
1782931474474 0.6102517247200012 962
1782931474478 0.40693399310112 963
1782931474481 0.31564614176750183 964
1782931474484 0.39856618642807007 965
1782931474487 0.2954387366771698 966
1782931474490 0.339458167552948 967
1782931474494 0.174033060669899 968
1782931474497 0.3117761015892029 969
1782931474500 0.3257831633090973 970
1782931474503 0.2076517790555954 971
1782931474506 0.16266058385372162 972
1782931474509 0.49220749735832214 973
1782931474512 0.10882169753313065 974
1782931474515 0.3181280195713043 975
1782931474518 0.24516522884368896 976
1782931474521 0.3248627781867981 977
1782931474524 0.6089853644371033 978
1782931474527 0.21360425651073456 979
1782931474531 0.28548362851142883 980
1782931474534 0.2297438681125641 981
1782931474537 0.4238210916519165 982
1782931474540 0.22198884189128876 983
1782931474545 0.7297725677490234 984
1782931474548 0.2713841497898102 985
1782931474551 0.37955012917518616 986
1782931474554 0.20099598169326782 987
1782931474558 0.27772772312164307 988
1782931474562 0.4800455868244171 989
1782931474565 0.4745495021343231 990
1782931474568 0.428005188703537 991
1782931474571 0.2546084225177765 992
1782931474574 0.3208894729614258 993
1782931474577 0.3057865500450134 994
1782931474580 0.6667304039001465 995
1782931474583 0.23159319162368774 996
1782931474586 0.37005850672721863 997
1782931474589 0.19166439771652222 998
1782931474592 0.1655091494321823 999
1782931474595 0.31946098804473877 1000
1782931474599 0.38268813490867615 1001
1782931474601 0.6240040063858032 1002
1782931474605 0.31611356139183044 1003
1782931474608 0.47911861538887024 1004
1782931474611 0.34636908769607544 1005
1782931474614 0.0967601016163826 1006
1782931474617 0.2571120858192444 1007
1782931474620 0.1286865770816803 1008
1782931474623 0.5949802994728088 1009
1782931474627 0.18592211604118347 1010
1782931474630 0.38643428683280945 1011
1782931474633 0.19560813903808594 1012
1782931474636 0.5929858088493347 1013
1782931474639 0.6733099818229675 1014
1782931474642 0.26747316122055054 1015
1782931474645 0.2946664094924927 1016
1782931474648 0.339363157749176 1017
1782931474651 0.5308088064193726 1018
1782931474654 0.5047720074653625 1019
1782931474657 0.3683745563030243 1020
1782931474661 0.3275142014026642 1021
1782931474664 0.2359827607870102 1022
1782931474667 0.23259371519088745 1023
1782931474670 0.22715896368026733 1024
1782931474673 0.24332517385482788 1025
1782931474676 0.14298802614212036 1026
1782931474680 0.27710825204849243 1027
1782931474683 0.31559017300605774 1028
1782931474685 0.6110209822654724 1029
1782931474688 0.48024940490722656 1030
1782931474692 0.3851340413093567 1031
1782931474695 0.20201854407787323 1032
1782931474698 0.25476211309432983 1033
1782931474701 0.31247687339782715 1034
1782931474704 0.2869430482387543 1035
1782931474707 0.16110965609550476 1036
1782931474711 0.11325559765100479 1037
1782931474716 0.1954781413078308 1038
1782931474719 0.11073160916566849 1039
1782931474722 0.5838359594345093 1040
1782931474725 0.26179951429367065 1041
1782931474728 0.48926979303359985 1042
1782931474731 0.3068338930606842 1043
1782931474734 0.21826696395874023 1044
1782931474737 0.3805166184902191 1045
1782931474740 0.301403671503067 1046
1782931474744 0.39480462670326233 1047
1782931474747 0.10098814219236374 1048
1782931474750 0.4678002893924713 1049
1782931474753 0.23289349675178528 1050
1782931474756 0.680042028427124 1051
1782931474759 0.13029614090919495 1052
1782931474762 0.384737491607666 1053
1782931474766 0.34574106335639954 1054
1782931474769 0.3072107434272766 1055
1782931474772 0.22579728066921234 1056
1782931474776 0.4258153736591339 1057
1782931474779 0.5277475714683533 1058
1782931474783 0.2335454225540161 1059
1782931474786 0.09673209488391876 1060
1782931474789 0.25537630915641785 1061
1782931474792 0.4493122696876526 1062
1782931474795 0.5746608376502991 1063
1782931474799 0.34811916947364807 1064
1782931474802 0.2092142254114151 1065
1782931474805 0.38578400015830994 1066
1782931474808 0.5427713394165039 1067
1782931474811 0.4030984342098236 1068
1782931474815 0.5087968111038208 1069
1782931474818 0.35014182329177856 1070
1782931474821 0.3859960436820984 1071
1782931474824 0.3718406558036804 1072
1782931474828 0.7994838953018188 1073
1782931474831 0.19919955730438232 1074
1782931474834 0.606552243232727 1075
1782931474837 0.18354152143001556 1076
1782931474840 0.11800137162208557 1077
1782931474843 0.31859540939331055 1078
1782931474846 0.3163492977619171 1079
1782931474850 0.17820845544338226 1080
1782931474853 0.34739652276039124 1081
1782931474856 0.4205142855644226 1082
1782931474861 0.23121969401836395 1083
1782931474864 0.13218165934085846 1084
1782931474867 0.6357413530349731 1085
1782931474870 0.3764064610004425 1086
1782931474874 0.11432012170553207 1087
1782931474878 0.36532333493232727 1088
1782931474881 0.49717503786087036 1089
1782931474884 0.25317612290382385 1090
1782931474887 0.16267870366573334 1091
1782931474890 0.2660295367240906 1092
1782931474893 0.15882578492164612 1093
1782931474896 0.28172099590301514 1094
1782931474899 0.13177785277366638 1095
1782931474903 0.45746973156929016 1096
1782931474906 0.7760970592498779 1097
1782931474909 0.23500479757785797 1098
1782931474912 0.2608472406864166 1099
1782931474916 0.22016756236553192 1100
1782931474922 0.33861231803894043 1101
1782931474926 0.5030282735824585 1102
1782931474929 0.7431915402412415 1103
1782931474932 0.26077035069465637 1104
1782931474936 0.09644473344087601 1105
1782931474939 0.16223493218421936 1106
1782931474942 0.45199480652809143 1107
1782931474945 0.3579460084438324 1108
1782931474950 0.3763061463832855 1109
1782931474953 0.22677074372768402 1110
1782931474956 0.28396910429000854 1111
1782931474962 0.25321677327156067 1112
1782931474966 0.2007790356874466 1113
1782931474970 0.2018485814332962 1114
1782931474974 0.3114849328994751 1115
1782931474978 0.42418816685676575 1116
1782931474982 0.4977883994579315 1117
1782931474985 0.35591137409210205 1118
1782931474989 0.6925384402275085 1119
1782931474993 0.227276012301445 1120
1782931474997 0.30890092253685 1121
1782931475000 0.21464352309703827 1122
1782931475004 0.5003629922866821 1123
1782931475007 0.3247433006763458 1124
1782931475011 0.20101965963840485 1125
1782931475015 0.4196051061153412 1126
1782931475018 0.44638365507125854 1127
1782931475022 0.6468268036842346 1128
1782931475025 0.40052473545074463 1129
1782931475029 0.46980082988739014 1130
1782931475033 0.35754844546318054 1131
1782931475036 0.36889418959617615 1132
1782931475040 0.1175721138715744 1133
1782931475044 0.26412343978881836 1134
1782931475048 0.39676085114479065 1135
1782931475051 0.2634851336479187 1136
1782931475055 0.09157266467809677 1137
1782931475059 0.08235721290111542 1138
1782931475062 0.19240453839302063 1139
1782931475066 0.11798860877752304 1140
1782931475068 0.3619077205657959 1141
1782931475071 0.31719210743904114 1142
1782931475074 0.13189682364463806 1143
1782931475077 0.0793745294213295 1144
1782931475080 0.26273927092552185 1145
1782931475083 0.2801060080528259 1146
1782931475086 0.4487881362438202 1147
1782931475089 0.15157748758792877 1148
1782931475092 0.32079020142555237 1149
1782931475095 0.18388167023658752 1150
1782931475098 0.1438302993774414 1151
1782931475101 0.2131098359823227 1152
1782931475104 0.20527492463588715 1153
1782931475107 0.4188995659351349 1154
1782931475110 0.4505159556865692 1155
1782931475114 0.26970982551574707 1156
1782931475116 0.13055936992168427 1157
1782931475119 0.2507665157318115 1158
1782931475122 0.1424875110387802 1159
1782931475125 0.2532275915145874 1160
1782931475128 0.4340468943119049 1161
1782931475131 0.23304028809070587 1162
1782931475134 0.45524293184280396 1163
1782931475137 0.20609506964683533 1164
1782931475140 0.6534608602523804 1165
1782931475144 0.5546802282333374 1166
1782931475147 0.10538728535175323 1167
1782931475150 0.25115299224853516 1168
1782931475153 0.20842969417572021 1169
1782931475156 0.4476671814918518 1170
1782931475160 0.10152099281549454 1171
1782931475163 0.38208162784576416 1172
1782931475166 0.3532760739326477 1173
1782931475169 0.4502914845943451 1174
1782931475172 0.52767413854599 1175
1782931475175 0.3246845006942749 1176
1782931475178 0.13881489634513855 1177
1782931475181 0.32474657893180847 1178
1782931475184 0.20948058366775513 1179
1782931475187 0.15879122912883759 1180
1782931475191 0.28955572843551636 1181
1782931475195 0.19502077996730804 1182
1782931475198 0.5971956849098206 1183
1782931475201 0.5369788408279419 1184
1782931475204 0.2519805431365967 1185
1782931475207 0.3268328607082367 1186
1782931475213 0.7031320929527283 1187
1782931475217 0.44127270579338074 1188
1782931475220 0.4040461778640747 1189
1782931475223 0.1441630870103836 1190
1782931475226 0.2978714108467102 1191
1782931475230 0.34374141693115234 1192
1782931475233 0.6041361689567566 1193
1782931475236 0.17583699524402618 1194
1782931475238 0.2539316713809967 1195
1782931475241 0.5623881220817566 1196
1782931475245 0.17018628120422363 1197
1782931475248 0.46387994289398193 1198
1782931475251 0.3223966956138611 1199
1782931475253 0.5520148873329163 1200
1782931475256 0.33440640568733215 1201
1782931475259 0.5476723313331604 1202
1782931475263 0.5076172351837158 1203
1782931475266 0.4418542683124542 1204
1782931475269 0.490925133228302 1205
1782931475272 0.6300835609436035 1206
1782931475275 0.22367329895496368 1207
1782931475279 0.5133851170539856 1208
1782931475282 0.35194334387779236 1209
1782931475285 0.5117866396903992 1210
1782931475289 0.2129138559103012 1211
1782931475292 0.2994362413883209 1212
1782931475295 0.6233638525009155 1213
1782931475343 0.3608156740665436 1214
1782931475348 0.2958386242389679 1215
1782931475352 0.269269734621048 1216
1782931475355 0.18314407765865326 1217
1782931475362 0.46900445222854614 1218
1782931475365 0.44736379384994507 1219
1782931475368 0.3684431314468384 1220
1782931475371 0.20512139797210693 1221
1782931475374 0.29839760065078735 1222
1782931475380 0.281965434551239 1223
1782931475383 0.5844168663024902 1224
1782931475391 0.4325897991657257 1225
1782931475396 0.29457974433898926 1226
1782931475399 0.12388040125370026 1227
1782931475405 0.32210633158683777 1228
1782931475408 0.5367827415466309 1229
1782931475412 0.10993900150060654 1230
1782931475415 0.3972660005092621 1231
1782931475418 0.26375168561935425 1232
1782931475421 0.3935866951942444 1233
1782931475424 0.27559345960617065 1234
1782931475427 0.22609491646289825 1235
1782931475431 0.41834649443626404 1236
1782931475434 0.4983178973197937 1237
1782931475437 0.33087167143821716 1238
1782931475440 0.34888651967048645 1239
1782931475449 0.23339271545410156 1240
1782931475457 0.47146034240722656 1241
1782931475459 0.21631363034248352 1242
1782931475462 0.2255576252937317 1243
1782931475464 0.7133285403251648 1244
1782931475468 0.6896078586578369 1245
1782931475471 0.1335991770029068 1246
1782931475473 0.3989320397377014 1247
1782931475476 0.27391692996025085 1248
1782931475478 0.46439680457115173 1249
1782931475480 0.34651389718055725 1250
1782931475483 0.14117120206356049 1251
1782931475485 0.21515831351280212 1252
1782931475487 1.1380927562713623 1253
1782931475490 0.2636588513851166 1254
1782931475492 0.25507408380508423 1255
1782931475495 0.4562470614910126 1256
1782931475504 0.17701123654842377 1257
1782931475506 0.1166527196764946 1258
1782931475509 0.48147931694984436 1259
1782931475512 0.26023221015930176 1260
1782931475515 0.3228650987148285 1261
1782931475517 0.4394366145133972 1262
1782931475519 0.10421985387802124 1263
1782931475522 0.6693717241287231 1264
1782931475525 0.27774864435195923 1265
1782931475529 0.3734269142150879 1266
1782931475532 0.2230062335729599 1267
1782931475534 0.16134022176265717 1268
1782931475536 0.32872235774993896 1269
1782931475538 0.5268952250480652 1270
1782931475541 0.3668263554573059 1271
1782931475544 0.45420652627944946 1272
1782931475547 0.23567067086696625 1273
1782931475549 0.2629760503768921 1274
1782931475553 0.2779768109321594 1275
1782931475555 0.2509133815765381 1276
1782931475559 0.6888980865478516 1277
1782931475561 0.32671141624450684 1278
1782931475564 0.1721685528755188 1279
1782931475567 0.18754270672798157 1280
1782931475569 0.20901864767074585 1281
1782931475572 0.1810811460018158 1282
1782931475575 0.500432014465332 1283
1782931475578 0.3454751968383789 1284
1782931475580 0.2246289700269699 1285
1782931475583 0.3860906958580017 1286
1782931475586 0.3321615755558014 1287
1782931475588 0.820332944393158 1288
1782931475592 0.3880484104156494 1289
1782931475595 0.2118840366601944 1290
1782931475598 0.20593662559986115 1291
1782931475600 0.21414600312709808 1292
1782931475603 0.23523670434951782 1293
1782931475605 0.20166458189487457 1294
1782931475608 0.05885639786720276 1295
1782931475611 0.31262585520744324 1296
1782931475613 0.35487571358680725 1297
1782931475616 0.46901005506515503 1298
1782931475618 0.2690736651420593 1299
1782931475620 0.4786432981491089 1300
1782931475623 0.23382702469825745 1301
1782931475625 0.430574893951416 1302
1782931475627 0.37258023023605347 1303
1782931475631 0.3700113296508789 1304
1782931475633 0.19611585140228271 1305
1782931475635 0.3868127167224884 1306
1782931475638 0.4568233788013458 1307
1782931475640 0.15499813854694366 1308
1782931475643 0.4649982750415802 1309
1782931475645 0.2433318942785263 1310
1782931475647 0.23304688930511475 1311
1782931475650 0.6534201502799988 1312
1782931475652 0.3367815613746643 1313
1782931475654 0.34007197618484497 1314
1782931475656 0.6210783123970032 1315
1782931475659 0.1930793821811676 1316
1782931475661 0.3261161744594574 1317
1782931475663 0.34133538603782654 1318
1782931475666 0.38888734579086304 1319
1782931475668 0.28480812907218933 1320
1782931475670 0.44701874256134033 1321
1782931475676 0.13418209552764893 1322
1782931475678 0.2876197099685669 1323
1782931475681 0.36575227975845337 1324
1782931475683 0.29252901673316956 1325
1782931475685 0.14473652839660645 1326
1782931475687 0.24210649728775024 1327
1782931475690 0.46498292684555054 1328
1782931475692 0.36370354890823364 1329
1782931475695 0.4613841772079468 1330
1782931475719 0.17513729631900787 1331
1782931475721 0.43161362409591675 1332
1782931475724 0.13953998684883118 1333
1782931475728 0.342662513256073 1334
1782931475731 0.26406431198120117 1335
1782931475733 0.4286853075027466 1336
1782931475736 0.167825385928154 1337
1782931475738 0.2663404941558838 1338
1782931475740 0.6133726835250854 1339
1782931475743 0.8111497759819031 1340
1782931475746 0.23853635787963867 1341
1782931475748 0.501471996307373 1342
1782931475751 0.3756653666496277 1343
1782931475754 0.3092254102230072 1344
1782931475757 0.22462324798107147 1345
1782931475760 0.2539433538913727 1346
1782931475763 0.34297117590904236 1347
1782931475765 0.5614386200904846 1348
1782931475768 0.1743994802236557 1349
1782931475770 0.30096787214279175 1350
1782931475772 0.491184800863266 1351
1782931475775 0.3387981653213501 1352
1782931475777 0.31211918592453003 1353
1782931475779 0.42886877059936523 1354
1782931475782 0.35699462890625 1355
1782931475784 0.21430744230747223 1356
1782931475786 0.3091636300086975 1357
1782931475788 0.3119930326938629 1358
1782931475791 0.48043766617774963 1359
1782931475795 0.29877543449401855 1360
1782931475798 0.8766723275184631 1361
1782931475800 0.3943018317222595 1362
1782931475802 0.3609195649623871 1363
1782931475805 0.44756001234054565 1364
1782931475807 0.748532772064209 1365
1782931475809 0.3676784634590149 1366
1782931475811 0.29608282446861267 1367
1782931475814 0.15227077901363373 1368
1782931475816 0.23909251391887665 1369
1782931475818 0.2450302541255951 1370
1782931475821 0.222347229719162 1371
1782931475823 0.44768211245536804 1372
1782931475825 0.39033177495002747 1373
1782931475828 0.38087695837020874 1374
1782931475830 0.4344353973865509 1375
1782931475833 0.16188427805900574 1376
1782931475835 0.22974389791488647 1377
1782931475838 0.4072261154651642 1378
1782931475840 0.34560057520866394 1379
1782931475842 0.4972948431968689 1380
1782931475845 0.4605262577533722 1381
1782931475847 0.46879175305366516 1382
1782931475850 0.4014585316181183 1383
1782931475852 0.2774205803871155 1384
1782931475854 0.11470837891101837 1385
1782931475856 0.11214663833379745 1386
1782931475859 0.4383101463317871 1387
1782931475863 0.40759915113449097 1388
1782931475866 0.18423563241958618 1389
1782931475869 0.10190292447805405 1390
1782931475872 0.3114384412765503 1391
1782931475876 0.47674959897994995 1392
1782931475880 0.2742532789707184 1393
1782931475883 0.11479368060827255 1394
1782931475886 0.2863898277282715 1395
1782931475889 0.3669840693473816 1396
1782931475893 0.3107653856277466 1397
1782931475896 0.40199217200279236 1398
1782931475899 0.39483174681663513 1399
1782931475902 0.40147483348846436 1400
1782931475905 0.41716858744621277 1401
1782931475909 0.3176151216030121 1402
1782931475913 0.23443518579006195 1403
1782931475916 0.15278084576129913 1404
1782931475919 0.5926536917686462 1405
1782931475922 0.23046386241912842 1406
1782931475925 0.32268792390823364 1407
1782931475929 0.29700806736946106 1408
1782931475932 0.4653047025203705 1409
1782931475935 0.16852496564388275 1410
1782931475938 0.2976880669593811 1411
1782931475941 0.20778417587280273 1412
1782931475947 0.4760456085205078 1413
1782931475950 0.33907192945480347 1414
1782931475954 0.3254924416542053 1415
1782931475957 0.21972155570983887 1416
1782931475961 0.46272963285446167 1417
1782931475965 0.36298590898513794 1418
1782931475968 0.35559672117233276 1419
1782931475973 0.5625270009040833 1420
1782931475979 0.5549124479293823 1421
1782931475983 0.13913899660110474 1422
1782931475986 0.306231290102005 1423
1782931475989 0.44049951434135437 1424
1782931475992 0.3000364601612091 1425
1782931475996 0.4742419421672821 1426
1782931475999 0.3247729241847992 1427
1782931476002 0.3139183521270752 1428
1782931476005 0.16299264132976532 1429
1782931476008 0.3935701847076416 1430
1782931476012 0.23838865756988525 1431
1782931476016 0.4784243404865265 1432
1782931476019 0.287899374961853 1433
1782931476023 0.16183848679065704 1434
1782931476026 0.11208795011043549 1435
1782931476029 0.17876559495925903 1436
1782931476032 0.20338596403598785 1437
1782931476036 0.6338915824890137 1438
1782931476062 0.1111716777086258 1439
1782931476066 0.33835554122924805 1440
1782931476069 0.41708600521087646 1441
1782931476072 0.1290103644132614 1442
1782931476076 0.49987050890922546 1443
1782931476080 0.4151487350463867 1444
1782931476083 0.32393568754196167 1445
1782931476086 0.3628976047039032 1446
1782931476089 0.42852169275283813 1447
1782931476092 0.14369387924671173 1448
1782931476096 0.21442961692810059 1449
1782931476099 0.20990492403507233 1450
1782931476102 0.066424660384655 1451
1782931476106 0.3002345561981201 1452
1782931476109 0.2681507170200348 1453
1782931476113 0.38720983266830444 1454
1782931476116 0.1896785944700241 1455
1782931476119 0.30007442831993103 1456
1782931476122 0.14144305884838104 1457
1782931476125 0.35937735438346863 1458
1782931476129 0.7941561937332153 1459
1782931476133 0.20655545592308044 1460
1782931476136 0.2757202982902527 1461
1782931476139 0.2589620053768158 1462
1782931476142 0.19787199795246124 1463
1782931476145 0.15661075711250305 1464
1782931476153 0.2564869821071625 1465
1782931476156 0.2133183479309082 1466
1782931476160 0.2748754918575287 1467
1782931476164 0.22313232719898224 1468
1782931476167 0.13275180757045746 1469
1782931476170 0.270243376493454 1470
1782931476175 0.152000293135643 1471
1782931476189 0.4278222918510437 1472
1782931476192 0.5473240613937378 1473
1782931476196 0.6148358583450317 1474
1782931476199 0.43962275981903076 1475
1782931476202 0.33588287234306335 1476
1782931476205 0.09597600996494293 1477
1782931476214 0.32329046726226807 1478
1782931476218 0.44558924436569214 1479
1782931476221 0.0800900086760521 1480
1782931476224 0.48017945885658264 1481
1782931476227 0.21559561789035797 1482
1782931476230 0.27922946214675903 1483
1782931476233 0.33259257674217224 1484
1782931476236 0.5083431005477905 1485
1782931476239 0.2357063889503479 1486
1782931476244 0.3456301689147949 1487
1782931476247 0.35861966013908386 1488
1782931476251 0.3683617115020752 1489
1782931476254 0.13028694689273834 1490
1782931476257 0.20695088803768158 1491
1782931476261 0.27101603150367737 1492
1782931476264 0.6650702953338623 1493
1782931476268 0.5404142141342163 1494
1782931476271 0.48063284158706665 1495
1782931476274 0.20056524872779846 1496
1782931476278 0.23817315697669983 1497
1782931476281 0.6675934791564941 1498
1782931476284 0.90074622631073 1499
1782931476287 0.49173417687416077 1500
1782931476289 0.622798502445221 1501
1782931476293 0.2508997917175293 1502
1782931476296 0.3663800358772278 1503
1782931476299 0.31500816345214844 1504
1782931476302 0.5016326904296875 1505
1782931476305 0.29928621649742126 1506
1782931476309 0.2515617609024048 1507
1782931476312 0.21837325394153595 1508
1782931476315 0.35297971963882446 1509
1782931476318 0.2480231672525406 1510
1782931476321 0.38358235359191895 1511
1782931476324 0.9874775409698486 1512
1782931476328 0.23982664942741394 1513
1782931476331 0.2402568757534027 1514
1782931476334 0.2976321578025818 1515
1782931476337 0.2700989842414856 1516
1782931476340 0.17793774604797363 1517
1782931476343 0.6493343710899353 1518
1782931476346 0.5622506141662598 1519
1782931476349 0.6546903252601624 1520
1782931476352 0.4334244132041931 1521
1782931476355 0.3182765543460846 1522
1782931476358 0.4500892460346222 1523
1782931476361 0.4493948221206665 1524
1782931476364 0.10093323886394501 1525
1782931476367 0.2377898097038269 1526
1782931476370 0.29773086309432983 1527
1782931476374 0.36786559224128723 1528
1782931476377 0.15500807762145996 1529
1782931476380 0.5099214315414429 1530
1782931476383 0.5021080374717712 1531
1782931476386 0.17408154904842377 1532
1782931476389 0.6746807098388672 1533
1782931476392 0.4983058571815491 1534
1782931476395 0.1553456336259842 1535
1782931476398 0.2557682394981384 1536
1782931476401 0.3110951781272888 1537
1782931476404 0.16012293100357056 1538
1782931476407 0.3094317615032196 1539
1782931476410 0.4023669958114624 1540
1782931476413 0.28728678822517395 1541
1782931476416 0.20269867777824402 1542
1782931476419 0.12065408378839493 1543
1782931476422 0.12246499955654144 1544
1782931476427 0.5640251040458679 1545
1782931476430 0.28515544533729553 1546
1782931476433 0.29309049248695374 1547
1782931476436 0.47758200764656067 1548
1782931476439 0.3129863142967224 1549
1782931476442 0.37090539932250977 1550
1782931476446 0.2282032072544098 1551
1782931476449 0.6032695770263672 1552
1782931476452 0.35307538509368896 1553
1782931476455 0.5959267616271973 1554
1782931476458 0.6313712000846863 1555
1782931476461 0.17612944543361664 1556
1782931476464 0.2860131859779358 1557
1782931476467 0.4285346269607544 1558
1782931476472 0.1986614614725113 1559
1782931476475 0.44848400354385376 1560
1782931476478 0.4387158751487732 1561
1782931476482 0.19006475806236267 1562
1782931476485 0.15152926743030548 1563
1782931476487 0.2548195719718933 1564
1782931476491 0.584214448928833 1565
1782931476494 0.30724677443504333 1566
1782931476497 0.34948357939720154 1567
1782931476500 0.40394309163093567 1568
1782931476503 0.24375590682029724 1569
1782931476507 0.3924669623374939 1570
1782931476511 0.3505573272705078 1571
1782931476514 0.2595464587211609 1572
1782931476517 0.4386759400367737 1573
1782931476520 0.3723294138908386 1574
1782931476523 0.3610318899154663 1575
1782931476527 0.2753390669822693 1576
1782931476530 0.2828999161720276 1577
1782931476533 0.3287791609764099 1578
1782931476536 0.719372570514679 1579
1782931476539 0.23550334572792053 1580
1782931476542 0.1031862273812294 1581
1782931476547 0.2903708219528198 1582
1782931476550 0.9555208086967468 1583
1782931476553 0.22619296610355377 1584
1782931476556 0.5990270972251892 1585
1782931476559 0.3657364249229431 1586
1782931476563 0.10159754753112793 1587
1782931476566 0.4023492634296417 1588
1782931476569 0.3059215247631073 1589
1782931476572 0.1488637924194336 1590
1782931476575 0.1499488651752472 1591
1782931476580 0.1657882183790207 1592
1782931476583 0.3241863250732422 1593
1782931476585 0.8835142254829407 1594
1782931476588 0.3570619225502014 1595
1782931476592 0.18479573726654053 1596
1782931476596 0.1779223382472992 1597
1782931476599 0.4872896671295166 1598
1782931476602 0.37099766731262207 1599
1782931476604 0.22703637182712555 1600
1782931476607 0.29532307386398315 1601
1782931476611 0.15727898478507996 1602
1782931476614 0.17381922900676727 1603
1782931476617 0.39494243264198303 1604
1782931476622 0.3393225073814392 1605
1782931476625 0.191511869430542 1606
1782931476628 0.23246294260025024 1607
1782931476631 0.7918828725814819 1608
1782931476634 0.2978770136833191 1609
1782931476637 0.512156069278717 1610
1782931476640 0.1904802918434143 1611
1782931476643 0.4449741542339325 1612
1782931476646 0.42732688784599304 1613
1782931476649 0.30227330327033997 1614
1782931476652 0.44674617052078247 1615
1782931476655 0.5074626803398132 1616
1782931476658 0.418907105922699 1617
1782931476661 0.32279884815216064 1618
1782931476664 0.417235791683197 1619
1782931476667 0.5017330050468445 1620
1782931476671 0.6971681118011475 1621
1782931476675 0.42220064997673035 1622
1782931476678 0.4632546305656433 1623
1782931476681 0.25373637676239014 1624
1782931476684 0.25030988454818726 1625
1782931476687 0.34138399362564087 1626
1782931476690 0.25315049290657043 1627
1782931476694 0.18990573287010193 1628
1782931476697 0.6975169777870178 1629
1782931476700 0.2901158034801483 1630
1782931476703 0.11510153859853745 1631
1782931476706 0.34061509370803833 1632
1782931476709 0.1596863865852356 1633
1782931476712 0.4036566913127899 1634
1782931476715 0.21738027036190033 1635
1782931476718 0.3107028305530548 1636
1782931476721 0.1950186789035797 1637
1782931476724 0.2890864610671997 1638
1782931476727 0.33909866213798523 1639
1782931476730 0.15807193517684937 1640
1782931476733 0.4009406864643097 1641
1782931476736 0.3483034372329712 1642
1782931476739 0.5281736254692078 1643
1782931476742 0.30743616819381714 1644
1782931476745 0.4829823672771454 1645
1782931476748 0.35975056886672974 1646
1782931476751 0.4557808041572571 1647
1782931476754 0.37915611267089844 1648
1782931476757 0.26672691106796265 1649
1782931476760 0.2766249179840088 1650
1782931476763 0.1435943990945816 1651
1782931476766 0.3554472327232361 1652
1782931476769 0.4370129406452179 1653
1782931476772 0.3969014883041382 1654
1782931476775 0.42563357949256897 1655
1782931476778 0.18885913491249084 1656
1782931476781 0.15958920121192932 1657
1782931476784 0.21480469405651093 1658
1782931476787 0.11950668692588806 1659
1782931476791 0.43038928508758545 1660
1782931476794 0.32354483008384705 1661
1782931476797 0.31557348370552063 1662
1782931476800 0.20201575756072998 1663
1782931476803 0.18498320877552032 1664
1782931476806 0.5784836411476135 1665
1782931476809 0.1892058253288269 1666
1782931476812 0.28215181827545166 1667
1782931476815 0.5135751962661743 1668
1782931476818 0.17836512625217438 1669
1782931476821 0.5451932549476624 1670
1782931476824 0.18905135989189148 1671
1782931476828 0.28325238823890686 1672
1782931476831 0.46358054876327515 1673
1782931476834 0.1293148547410965 1674
1782931476837 0.16310319304466248 1675
1782931476840 0.8416951894760132 1676
1782931476843 0.38843491673469543 1677
1782931476848 0.587935209274292 1678
1782931476852 0.7950300574302673 1679
1782931476855 0.3554438352584839 1680
1782931476858 0.15733256936073303 1681
1782931476861 0.6491630673408508 1682
1782931476864 0.3859705924987793 1683
1782931476867 0.3823569118976593 1684
1782931476870 0.1118837296962738 1685
1782931476873 0.19571202993392944 1686
1782931476877 0.32097750902175903 1687
1782931476880 0.3986595869064331 1688
1782931476883 0.15208213031291962 1689
1782931476886 0.34664443135261536 1690
1782931476889 0.29349440336227417 1691
1782931476892 0.33658233284950256 1692
1782931476895 0.5317380428314209 1693
1782931476898 0.7426916360855103 1694
1782931476901 0.20026525855064392 1695
1782931476904 0.4845210909843445 1696
1782931476907 0.30535128712654114 1697
1782931476911 0.47374919056892395 1698
1782931476914 0.44807663559913635 1699
1782931476917 0.1230907216668129 1700
1782931476920 0.4709124267101288 1701
1782931476923 0.1584523469209671 1702
1782931476926 0.6553509831428528 1703
1782931476929 0.32171139121055603 1704
1782931476932 0.2781628668308258 1705
1782931476935 0.17762300372123718 1706
1782931476938 0.5042935013771057 1707
1782931476942 0.3095719814300537 1708
1782931476945 0.27079543471336365 1709
1782931476948 0.21336022019386292 1710
1782931476951 0.36250895261764526 1711
1782931476954 0.419329971075058 1712
1782931476958 0.3458990752696991 1713
1782931476962 0.4535946249961853 1714
1782931476965 0.3153430223464966 1715
1782931476969 0.591282308101654 1716
1782931476972 0.5383860468864441 1717
1782931476977 0.5329969525337219 1718
1782931476980 0.4172239899635315 1719
1782931476983 0.35021618008613586 1720
1782931476986 0.47569721937179565 1721
1782931476989 0.38641175627708435 1722
1782931476992 0.2122018039226532 1723
1782931476995 0.4882392883300781 1724
1782931476998 0.3000544011592865 1725
1782931477001 0.6221603751182556 1726
1782931477004 0.4901938736438751 1727
1782931477008 0.6473549604415894 1728
1782931477012 0.2841535806655884 1729
1782931477020 0.21240967512130737 1730
1782931477027 0.4802511930465698 1731
1782931477031 0.20340831577777863 1732
1782931477035 0.193768709897995 1733
1782931477037 0.53438800573349 1734
1782931477040 0.1470954567193985 1735
1782931477042 0.29903078079223633 1736
1782931477044 0.6032649874687195 1737
1782931477047 0.29245156049728394 1738
1782931477049 0.4473220705986023 1739
1782931477051 0.6101819276809692 1740
1782931477053 0.34545955061912537 1741
1782931477056 0.7343273162841797 1742
1782931477058 0.14338716864585876 1743
1782931477060 0.5039099454879761 1744
1782931477063 0.091680146753788 1745
1782931477065 0.2619551420211792 1746
1782931477067 0.23376931250095367 1747
1782931477069 0.43237441778182983 1748
1782931477071 0.26250091195106506 1749
1782931477074 0.19631829857826233 1750
1782931477076 0.4329175055027008 1751
1782931477078 0.4476771652698517 1752
1782931477081 0.5929693579673767 1753
1782931477083 0.34030479192733765 1754
1782931477085 0.3502712547779083 1755
1782931477087 0.2744458019733429 1756
1782931477089 0.2846064567565918 1757
1782931477092 0.27314117550849915 1758
1782931477094 0.4335174262523651 1759
1782931477096 0.8095128536224365 1760
1782931477098 0.09635423123836517 1761
1782931477101 0.3581066429615021 1762
1782931477103 0.6434448957443237 1763
1782931477105 0.3272315263748169 1764
1782931477107 0.11870110780000687 1765
1782931477110 0.2595629394054413 1766
1782931477112 0.509499192237854 1767
1782931477115 0.3566682040691376 1768
1782931477117 0.5824955701828003 1769
1782931477119 0.26693928241729736 1770
1782931477121 0.18883240222930908 1771
1782931477124 0.4192536175251007 1772
1782931477126 0.20755666494369507 1773
1782931477128 0.11611995100975037 1774
1782931477131 0.4819362461566925 1775
1782931477133 0.3105635941028595 1776
1782931477135 0.49835875630378723 1777
1782931477137 0.17172271013259888 1778
1782931477140 0.1715327948331833 1779
1782931477143 0.7325885891914368 1780
1782931477146 0.34424808621406555 1781
1782931477148 0.12818394601345062 1782
1782931477150 0.5016321539878845 1783
1782931477152 0.5140206813812256 1784
1782931477154 0.7096971273422241 1785
1782931477158 0.527900218963623 1786
1782931477160 0.12802085280418396 1787
1782931477162 0.7452769875526428 1788
1782931477165 0.2075819969177246 1789
1782931477167 0.5200087428092957 1790
1782931477169 0.21316702663898468 1791
1782931477171 0.5407065749168396 1792
1782931477173 0.2922155559062958 1793
1782931477176 0.47126105427742004 1794
1782931477178 0.5009525418281555 1795
1782931477181 0.673248827457428 1796
1782931477183 0.49950969219207764 1797
1782931477185 0.4922164976596832 1798
1782931477187 0.49445539712905884 1799
1782931477189 0.3973764479160309 1800
1782931477192 0.5832505226135254 1801
1782931477195 0.31549128890037537 1802
1782931477197 0.28394603729248047 1803
1782931477199 0.18883875012397766 1804
1782931477201 0.28567492961883545 1805
1782931477203 0.28557148575782776 1806
1782931477205 0.3674759268760681 1807
1782931477208 0.623292088508606 1808
1782931477210 0.2922515571117401 1809
1782931477213 0.21936647593975067 1810
1782931477215 0.251244455575943 1811
1782931477217 0.29818686842918396 1812
1782931477220 0.2595493793487549 1813
1782931477222 0.3283090889453888 1814
1782931477224 0.5300360321998596 1815
1782931477227 0.28284645080566406 1816
1782931477229 0.38656342029571533 1817
1782931477231 0.37760913372039795 1818
1782931477234 0.42969024181365967 1819
1782931477236 0.3861512243747711 1820
1782931477238 0.23749470710754395 1821
1782931477241 0.17833444476127625 1822
1782931477243 0.4022976756095886 1823
1782931477246 0.29661449790000916 1824
1782931477248 0.422222763299942 1825
1782931477250 0.16497641801834106 1826
1782931477252 0.16882207989692688 1827
1782931477254 0.24086804687976837 1828
1782931477257 0.524834930896759 1829
1782931477259 0.5180649161338806 1830
1782931477261 0.34132951498031616 1831
1782931477264 0.31301864981651306 1832
1782931477266 0.21560709178447723 1833
1782931477268 0.3191428780555725 1834
1782931477270 0.11066825687885284 1835
1782931477272 0.0809277594089508 1836
1782931477275 0.1603015512228012 1837
1782931477277 0.41178473830223083 1838
1782931477280 0.1631905436515808 1839
1782931477282 0.3578013777732849 1840
1782931477284 0.18641336262226105 1841
1782931477286 0.2758631110191345 1842
1782931477288 0.19257640838623047 1843
1782931477290 0.15344515442848206 1844
1782931477293 0.38844534754753113 1845
1782931477295 0.1958150565624237 1846
1782931477298 0.5186184048652649 1847
1782931477300 0.5784721374511719 1848
1782931477302 0.35515260696411133 1849
1782931477304 0.45607855916023254 1850
1782931477306 0.27576354146003723 1851
1782931477309 0.31066715717315674 1852
1782931477311 0.30675023794174194 1853
1782931477313 0.3050810694694519 1854
1782931477316 0.7377147674560547 1855
1782931477318 0.20109295845031738 1856
1782931477321 0.4440862536430359 1857
1782931477323 0.3578393757343292 1858
1782931477326 0.12556520104408264 1859
1782931477328 0.30021148920059204 1860
1782931477330 0.4464852213859558 1861
1782931477333 0.4654290974140167 1862
1782931477335 0.2856263518333435 1863
1782931477337 0.2598368227481842 1864
1782931477339 0.17262698709964752 1865
1782931477341 0.14722245931625366 1866
1782931477345 0.3332326412200928 1867
1782931477347 0.4720969796180725 1868
1782931477349 0.13356025516986847 1869
1782931477351 0.35357847809791565 1870
1782931477353 0.22176848351955414 1871
1782931477356 0.9049201011657715 1872
1782931477358 0.3906497657299042 1873
1782931477360 0.6235551238059998 1874
1782931477633 0.4265567362308502 1875
1782931477635 0.2809128165245056 1876
1782931477638 0.1385585516691208 1877
1782931477640 0.1680043339729309 1878
1782931477642 0.32898539304733276 1879
1782931477645 0.2554653584957123 1880
1782931477647 0.42681631445884705 1881
1782931477649 0.18284612894058228 1882
1782931477651 0.3042331039905548 1883
1782931477653 0.4009370803833008 1884
1782931477655 0.3152300715446472 1885
1782931477658 0.04373875632882118 1886
1782931477660 0.3352130651473999 1887
1782931477662 0.20959746837615967 1888
1782931477665 0.2333143800497055 1889
1782931477667 0.6223133206367493 1890
1782931477669 0.3338989019393921 1891
1782931477671 0.32256051898002625 1892
1782931477673 0.41330164670944214 1893
1782931477676 0.3376331627368927 1894
1782931477678 0.31517547369003296 1895
1782931477680 0.2523953914642334 1896
1782931477682 0.2353675812482834 1897
1782931477685 0.507678747177124 1898
1782931477687 0.5053715109825134 1899
1782931477692 0.4855068325996399 1900
1782931477694 0.3624345064163208 1901
1782931477697 0.3458995819091797 1902
1782931477699 0.20382970571517944 1903
1782931477701 0.11749102175235748 1904
1782931477703 0.5628436207771301 1905
1782931477705 0.3707452118396759 1906
1782931477708 0.3013564944267273 1907
1782931477710 0.39456048607826233 1908
1782931477712 0.2272031158208847 1909
1782931477715 0.33456024527549744 1910
1782931477717 0.29915663599967957 1911
1782931477719 0.2202482521533966 1912
1782931477721 0.40731915831565857 1913
1782931477723 0.5994485020637512 1914
1782931477726 0.32329893112182617 1915
1782931477728 0.36666733026504517 1916
1782931477730 0.6299749612808228 1917
1782931477733 0.47340574860572815 1918
1782931477735 0.308457612991333 1919
1782931477737 0.24867850542068481 1920
1782931477739 0.5172013640403748 1921
1782931477741 0.45159024000167847 1922
1782931477744 0.44131848216056824 1923
1782931477746 0.3562302887439728 1924
1782931477748 0.269957572221756 1925
1782931477750 0.23008495569229126 1926
1782931477752 0.508823573589325 1927
1782931477754 0.43204832077026367 1928
1782931477758 0.25967639684677124 1929
1782931477760 0.1745515912771225 1930
1782931477763 0.5376445651054382 1931
1782931477765 0.34281858801841736 1932
1782931477779 0.2739100456237793 1933
1782931477782 0.9894916415214539 1934
1782931477784 0.45849722623825073 1935
1782931477786 0.4174760580062866 1936
1782931477789 0.5070680379867554 1937
1782931477791 0.39669880270957947 1938
1782931477794 0.18321317434310913 1939
1782931477796 0.360238254070282 1940
1782931477798 0.6193514466285706 1941
1782931477801 0.3463435173034668 1942
1782931477803 0.5556084513664246 1943
1782931477805 0.4022418260574341 1944
1782931477808 0.6020210385322571 1945
1782931477812 0.11906246095895767 1946
1782931477814 0.7324890494346619 1947
1782931477837 0.4958699643611908 1948
1782931477841 0.36342746019363403 1949
1782931477845 0.20905332267284393 1950
1782931477849 0.4530373811721802 1951
1782931477851 0.19889266788959503 1952
1782931477853 0.3470507562160492 1953
1782931477855 0.08797761797904968 1954
1782931477858 0.3216165006160736 1955
1782931477860 0.15999342501163483 1956
1782931477862 0.3078053593635559 1957
1782931477864 0.36894387006759644 1958
1782931477867 0.18991787731647491 1959
1782931477869 0.3395310342311859 1960
1782931477871 0.33964410424232483 1961
1782931477873 0.5514573454856873 1962
1782931477876 0.1265069991350174 1963
1782931477878 0.32262054085731506 1964
1782931477880 0.20725874602794647 1965
1782931477882 0.3522700071334839 1966
1782931477884 0.19212515652179718 1967
1782931477886 0.42778196930885315 1968
1782931477889 0.26960277557373047 1969
1782931477891 0.5536769032478333 1970
1782931477893 0.4498119056224823 1971
1782931477895 0.7186264991760254 1972
1782931477897 0.21698373556137085 1973
1782931477899 0.4415198862552643 1974
1782931477901 0.22362390160560608 1975
1782931477904 0.2494792491197586 1976
1782931477906 0.09683767706155777 1977
1782931477909 0.11778180301189423 1978
1782931477912 0.39931389689445496 1979
1782931477914 0.347686767578125 1980
1782931477916 0.2971840500831604 1981
1782931477918 0.4176739454269409 1982
1782931477920 0.4502074718475342 1983
1782931477922 0.3519826829433441 1984
1782931477925 0.19804680347442627 1985
1782931477927 0.22530189156532288 1986
1782931477929 0.3080098330974579 1987
1782931477931 0.2895187735557556 1988
1782931477933 0.20299328863620758 1989
1782931477936 0.13132058084011078 1990
1782931477938 0.6028971076011658 1991
1782931477940 0.5310107469558716 1992
1782931477942 0.8400799632072449 1993
1782931477945 0.37540391087532043 1994
1782931477947 0.10705801099538803 1995
1782931477949 0.17211659252643585 1996
1782931477951 0.3366003930568695 1997
1782931477953 0.20850853621959686 1998
1782931477955 0.3967919647693634 1999
1782931477957 0.35869160294532776 2000
1782931477960 0.18089377880096436 2001
1782931477962 0.2686048746109009 2002
1782931477964 0.5645113587379456 2003
1782931477966 0.578029990196228 2004
1782931477968 0.393584668636322 2005
1782931477970 0.23167122900485992 2006
1782931477981 0.3377811014652252 2007
1782931477983 0.46799126267433167 2008
1782931477986 0.2289491891860962 2009
1782931477988 0.33882778882980347 2010
1782931477990 0.410637766122818 2011
1782931477993 0.1965256929397583 2012
1782931477995 0.4839484691619873 2013
1782931477997 0.46684131026268005 2014
1782931478000 0.4236953556537628 2015
1782931478002 0.30976903438568115 2016
1782931478004 0.4084983468055725 2017
1782931478006 0.11453614383935928 2018
1782931478009 0.11909902095794678 2019
1782931478011 0.16536277532577515 2020
1782931478013 0.5310952663421631 2021
1782931478015 0.3236803114414215 2022
1782931478018 0.21033316850662231 2023
1782931478020 0.3230098485946655 2024
1782931478022 0.09414821118116379 2025
1782931478024 0.24512255191802979 2026
1782931478027 0.22245563566684723 2027
1782931478029 0.3350054621696472 2028
1782931478032 0.2110474854707718 2029
1782931478034 0.5725909471511841 2030
1782931478037 0.32653146982192993 2031
1782931478039 0.41929322481155396 2032
1782931478041 0.3997047245502472 2033
1782931478044 0.09548914432525635 2034
1782931478046 0.6184850931167603 2035
1782931478049 0.29372578859329224 2036
1782931478051 0.2152775526046753 2037
1782931478053 0.22681371867656708 2038
1782931478055 0.27810442447662354 2039
1782931478057 0.17741777002811432 2040
1782931478060 0.3381580114364624 2041
1782931478062 0.19337162375450134 2042
1782931478064 0.2508155405521393 2043
1782931478067 0.15243640542030334 2044
1782931478069 0.30527904629707336 2045
1782931478071 0.2081589698791504 2046
1782931478073 0.3220338821411133 2047
1782931478076 0.29990214109420776 2048
1782931478078 0.3391949236392975 2049
1782931478080 0.3795337975025177 2050
1782931478082 0.33803874254226685 2051
1782931478085 0.6910957098007202 2052
1782931478087 0.28250759840011597 2053
1782931478089 0.308196485042572 2054
1782931478092 0.07573384046554565 2055
1782931478094 0.45112451910972595 2056
1782931478099 0.7901861071586609 2057
1782931478101 0.3851693272590637 2058
1782931478103 0.20878170430660248 2059
1782931478106 0.21624670922756195 2060
1782931478110 0.3236429691314697 2061
1782931478112 0.21613536775112152 2062
1782931478115 0.6455077528953552 2063
1782931478117 0.0973091572523117 2064
1782931478119 0.32399120926856995 2065
1782931478121 0.23021599650382996 2066
1782931478124 0.19169965386390686 2067
1782931478127 0.521019697189331 2068
1782931478130 0.16357927024364471 2069
1782931478132 0.12948434054851532 2070
1782931478134 0.48096907138824463 2071
1782931478136 0.6732957363128662 2072
1782931478139 0.21942037343978882 2073
1782931478141 0.18226221203804016 2074
1782931478143 0.4204235374927521 2075
1782931478151 0.2239384651184082 2076
1782931478154 0.49027207493782043 2077
1782931478156 0.24831339716911316 2078
1782931478158 0.1884288191795349 2079
1782931478161 0.44086846709251404 2080
1782931478163 0.5753888487815857 2081
1782931478165 0.2199006974697113 2082
1782931478167 0.250980406999588 2083
1782931478170 0.2767770290374756 2084
1782931478175 0.5082400441169739 2085
1782931478178 0.3553854823112488 2086
1782931478181 0.3685194253921509 2087
1782931478184 0.2471001297235489 2088
1782931478187 0.31949350237846375 2089
1782931478190 1.0429141521453857 2090
1782931478194 0.1646294742822647 2091
1782931478197 0.13847221434116364 2092
1782931478200 0.2726380228996277 2093
1782931478203 0.48988261818885803 2094
1782931478206 0.20193922519683838 2095
1782931478209 0.3174494206905365 2096
1782931478212 0.23234964907169342 2097
1782931478219 0.6980873346328735 2098
1782931478222 0.19038616120815277 2099
1782931478225 0.4762357771396637 2100
1782931478234 0.2941257655620575 2101
1782931478264 0.20434065163135529 2102
1782931478267 0.20985761284828186 2103
1782931478271 0.23373931646347046 2104
1782931478274 0.43737614154815674 2105
1782931478277 0.1153901219367981 2106
1782931478281 0.22033169865608215 2107
1782931478284 0.30766913294792175 2108
1782931478288 0.5440593957901001 2109
1782931478291 0.21110662817955017 2110
1782931478295 0.14259763062000275 2111
1782931478298 0.3521983325481415 2112
1782931478301 0.3068090081214905 2113
1782931478303 0.11578664183616638 2114
1782931478306 0.37363556027412415 2115
1782931478309 0.34796762466430664 2116
1782931478312 0.3501330316066742 2117
1782931478315 0.14564332365989685 2118
1782931478318 0.14010819792747498 2119
1782931478321 0.22802366316318512 2120
1782931478324 0.28239771723747253 2121
1782931478327 0.2397775650024414 2122
1782931478330 0.6419355869293213 2123
1782931478333 0.15049788355827332 2124
1782931478336 0.16841170191764832 2125
1782931478339 0.1329648643732071 2126
1782931478344 0.2794042229652405 2127
1782931478347 0.16838496923446655 2128
1782931478350 0.35256749391555786 2129
1782931478353 0.500503659248352 2130
1782931478357 0.7615109086036682 2131
1782931478360 0.3790706992149353 2132
1782931478363 0.3297456204891205 2133
1782931478366 0.10763648897409439 2134
1782931478369 0.18925181031227112 2135
1782931478372 0.44394174218177795 2136
1782931478375 0.8362627029418945 2137
1782931478379 0.13852687180042267 2138
1782931478382 0.6463145017623901 2139
1782931478385 0.22088712453842163 2140
1782931478388 0.47199010848999023 2141
1782931478391 0.31395408511161804 2142
1782931478394 0.4093067944049835 2143
1782931478398 0.1784328669309616 2144
1782931478401 0.6380150318145752 2145
1782931478404 0.49299347400665283 2146
1782931478407 0.4912569224834442 2147
1782931478411 0.3966425955295563 2148
1782931478414 0.1481359302997589 2149
1782931478417 0.4921058714389801 2150
1782931478420 0.7010132670402527 2151
1782931478423 0.33737319707870483 2152
1782931478429 0.27383580803871155 2153
1782931478451 0.10620370507240295 2154
1782931478454 0.40489906072616577 2155
1782931478457 0.41907960176467896 2156
1782931478460 0.11646132916212082 2157
1782931478463 0.1531268209218979 2158
1782931478466 0.23940521478652954 2159
1782931478469 0.2288278341293335 2160
1782931478472 0.4985441267490387 2161
1782931478475 0.17355316877365112 2162
1782931478478 0.29895129799842834 2163
1782931478481 0.2969476580619812 2164
1782931478484 0.4208315908908844 2165
1782931478487 0.18575632572174072 2166
1782931478490 0.17567715048789978 2167
1782931478494 0.10324002802371979 2168
1782931478497 0.23166055977344513 2169
1782931478505 0.6279813051223755 2170
1782931478509 0.2353053092956543 2171
1782931478513 0.17472313344478607 2172
1782931478517 0.5133249163627625 2173
1782931478521 0.7949615120887756 2174
1782931478524 0.2096363604068756 2175
1782931478528 0.3452053368091583 2176
1782931478531 0.2634425759315491 2177
1782931478534 0.4784744083881378 2178
1782931478536 0.20529533922672272 2179
1782931478539 0.5515044927597046 2180
1782931478543 0.18391944468021393 2181
1782931478546 0.3932253420352936 2182
1782931478549 0.43987971544265747 2183
1782931478554 0.1842602789402008 2184
1782931478557 0.2936517894268036 2185
1782931478561 0.3985518217086792 2186
1782931478564 0.2450682818889618 2187
1782931478567 0.19953325390815735 2188
1782931478570 0.30001476407051086 2189
1782931478573 0.31235793232917786 2190
1782931478576 0.20302072167396545 2191
1782931478579 0.20246121287345886 2192
1782931478582 0.37685346603393555 2193
1782931478585 0.10627984255552292 2194
1782931478588 0.4158785939216614 2195
1782931478591 0.23880316317081451 2196
1782931478595 0.4321366846561432 2197
1782931478598 0.28127482533454895 2198
1782931478600 0.20487219095230103 2199
1782931478603 0.42812857031822205 2200
1782931478606 0.277195006608963 2201
1782931478609 0.5814877152442932 2202
1782931478613 0.5205187797546387 2203
1782931478616 0.4791368246078491 2204
1782931478619 0.26424673199653625 2205
1782931478622 0.5537991523742676 2206
1782931478625 0.14350156486034393 2207
1782931478628 0.24212127923965454 2208
1782931478632 0.20177625119686127 2209
1782931478635 0.6258278489112854 2210
1782931478637 0.20724785327911377 2211
1782931478640 0.5777049660682678 2212
1782931478644 0.49194177985191345 2213
1782931478647 0.22358918190002441 2214
1782931478650 0.14752629399299622 2215
1782931478653 0.3133302330970764 2216
1782931478656 0.10447511076927185 2217
1782931478659 0.48296982049942017 2218
1782931478664 0.14806552231311798 2219
1782931478667 0.5872127413749695 2220
1782931478670 0.15081389248371124 2221
1782931478674 0.4012819528579712 2222
1782931478679 0.2194046825170517 2223
1782931478682 0.22187833487987518 2224
1782931478685 0.12863586843013763 2225
1782931478688 0.2995169758796692 2226
1782931478693 0.5494242906570435 2227
1782931478698 0.6019808650016785 2228
1782931478701 0.3384377956390381 2229
1782931478704 0.41883692145347595 2230
1782931478707 0.2267330437898636 2231
1782931478710 0.3244791030883789 2232
1782931478713 0.16155707836151123 2233
1782931478716 0.3608982563018799 2234
1782931478719 0.35098761320114136 2235
1782931478722 0.6053586006164551 2236
1782931478725 0.3950529992580414 2237
1782931478729 0.5044076442718506 2238
1782931478732 0.1541997194290161 2239
1782931478735 0.426000714302063 2240
1782931478738 0.40844205021858215 2241
1782931478741 0.3194617033004761 2242
1782931478745 0.30763116478919983 2243
1782931478748 0.3678010106086731 2244
1782931478751 0.1673521101474762 2245
1782931478754 0.2760861814022064 2246
1782931478757 0.9049380421638489 2247
1782931478760 0.20582063496112823 2248
1782931478763 0.3222150206565857 2249
1782931478766 0.24913901090621948 2250
1782931478770 0.6281852126121521 2251
1782931478773 0.25425001978874207 2252
1782931478777 0.38727548718452454 2253
1782931478780 0.3059539496898651 2254
1782931478783 0.324348509311676 2255
1782931478786 0.3942558467388153 2256
1782931478789 0.27736711502075195 2257
1782931478792 0.35682883858680725 2258
1782931478796 0.3534940481185913 2259
1782931478799 0.23015135526657104 2260
1782931478802 0.35081714391708374 2261
1782931478805 0.2766006290912628 2262
1782931478808 0.11852516978979111 2263
1782931478812 0.3236907124519348 2264
1782931478815 0.32605481147766113 2265
1782931478818 0.4681757390499115 2266
1782931478821 0.5919086337089539 2267
1782931478824 0.41620996594429016 2268
1782931478828 0.25074613094329834 2269
1782931478831 0.39244750142097473 2270
1782931478834 0.277599573135376 2271
1782931478837 0.29087087512016296 2272
1782931478840 0.21828719973564148 2273
1782931478843 0.42425277829170227 2274
1782931478846 0.6593312621116638 2275
1782931478849 0.2978802025318146 2276
1782931478852 0.16150058805942535 2277
1782931478856 0.44030261039733887 2278
1782931478859 0.15837346017360687 2279
1782931478862 0.48284339904785156 2280
1782931478865 0.46114328503608704 2281
1782931478868 0.2187187373638153 2282
1782931478871 0.1770395189523697 2283
1782931478874 0.16259442269802094 2284
1782931478878 0.16646912693977356 2285
1782931478881 0.28096720576286316 2286
1782931478884 0.13731761276721954 2287
1782931478887 0.2614606022834778 2288
1782931478890 0.6763597130775452 2289
1782931478894 0.3640599846839905 2290
1782931478898 0.2303978055715561 2291
1782931478901 0.37358224391937256 2292
1782931478904 0.2772027254104614 2293
1782931478907 0.3366853594779968 2294
1782931478911 0.42462655901908875 2295
1782931478914 0.1553170382976532 2296
1782931478917 0.3062182664871216 2297
1782931478920 0.4545533359050751 2298
1782931478923 0.5099398493766785 2299
1782931478927 0.5116796493530273 2300
1782931478930 0.4615444540977478 2301
1782931478933 0.39636123180389404 2302
1782931478936 0.34826239943504333 2303
1782931478939 0.15645509958267212 2304
1782931478942 0.19117477536201477 2305
1782931478945 0.35851743817329407 2306
1782931478949 0.30295756459236145 2307
1782931478952 0.10508056730031967 2308
1782931478955 0.30722758173942566 2309
1782931478958 0.7324132323265076 2310
1782931478961 0.3227655291557312 2311
1782931478964 0.22204992175102234 2312
1782931478967 0.28153765201568604 2313
1782931478970 0.2122817486524582 2314
1782931478974 0.2695567011833191 2315
1782931478977 0.23400580883026123 2316
1782931478980 0.4666886627674103 2317
1782931478983 0.1557975560426712 2318
1782931478986 0.38541749119758606 2319
1782931478989 0.2583923637866974 2320
1782931478993 0.21018444001674652 2321
1782931478996 0.16509032249450684 2322
1782931478999 0.2716061472892761 2323
1782931479002 0.36102378368377686 2324
1782931479005 0.4545556306838989 2325
1782931479009 0.5092054605484009 2326
1782931479012 0.18632818758487701 2327
1782931479015 0.41228774189949036 2328
1782931479018 0.175190731883049 2329
1782931479022 0.5685357451438904 2330
1782931479027 0.28440040349960327 2331
1782931479030 0.11818601936101913 2332
1782931479033 0.38898277282714844 2333
1782931479036 0.27262377738952637 2334
1782931479039 0.31487470865249634 2335
1782931479044 0.20035414397716522 2336
1782931479051 0.44952064752578735 2337
1782931479054 0.23941190540790558 2338
1782931479058 0.15381239354610443 2339
1782931479063 0.21846060454845428 2340
1782931479066 0.18024274706840515 2341
1782931479070 0.33580660820007324 2342
1782931479073 0.39166536927223206 2343
1782931479078 0.32720959186553955 2344
1782931479081 0.049592528492212296 2345
1782931479084 0.4190945625305176 2346
1782931479086 0.12859302759170532 2347
1782931479089 0.29957544803619385 2348
1782931479092 0.5288845300674438 2349
1782931479094 0.17603819072246552 2350
1782931479096 0.3774389326572418 2351
1782931479098 0.31078484654426575 2352
1782931479101 0.22157660126686096 2353
1782931479103 0.7857672572135925 2354
1782931479105 0.47292765974998474 2355
1782931479107 0.5582250356674194 2356
1782931479109 0.5769414305686951 2357
1782931479112 0.24124015867710114 2358
1782931479114 0.3548177480697632 2359
1782931479116 0.22266606986522675 2360
1782931479118 0.3763977885246277 2361
1782931479120 0.30287593603134155 2362
1782931479122 0.338097482919693 2363
1782931479124 0.4522418677806854 2364
1782931479127 0.447355180978775 2365
1782931479129 0.2048770636320114 2366
1782931479131 0.19964875280857086 2367
1782931479133 0.20033054053783417 2368
1782931479136 0.5458415746688843 2369
1782931479138 0.28268662095069885 2370
1782931479140 0.6635894775390625 2371
1782931479143 0.7648497223854065 2372
1782931479145 0.12288791686296463 2373
1782931479147 0.26448607444763184 2374
1782931479150 0.12276124954223633 2375
1782931479153 0.15467293560504913 2376
1782931479155 0.15029612183570862 2377
1782931479158 0.5532220602035522 2378
1782931479161 0.46735259890556335 2379
1782931479163 0.19496645033359528 2380
1782931479165 0.5415082573890686 2381
1782931479167 0.26073673367500305 2382
1782931479169 0.320171982049942 2383
1782931479172 0.33218732476234436 2384
1782931479174 0.05702264606952667 2385
1782931479177 0.1399303525686264 2386
1782931479179 0.2449399083852768 2387
1782931479181 0.2804838716983795 2388
1782931479183 0.3556091785430908 2389
1782931479185 0.21725519001483917 2390
1782931479188 0.3005729913711548 2391
1782931479190 0.35048648715019226 2392
1782931479193 0.46691614389419556 2393
1782931479195 0.6424515843391418 2394
1782931479197 0.19927358627319336 2395
1782931479199 0.2446635663509369 2396
1782931479201 0.5066046714782715 2397
1782931479204 0.49424663186073303 2398
1782931479206 0.2968260645866394 2399
1782931479210 0.3161187469959259 2400
1782931479212 0.18361026048660278 2401
1782931479215 0.14624109864234924 2402
1782931479217 0.12479321658611298 2403
1782931479220 0.22874779999256134 2404
1782931479222 0.4370635151863098 2405
1782931479224 0.532644510269165 2406
1782931479226 0.18010379374027252 2407
1782931479229 0.7298057079315186 2408
1782931479231 0.22478985786437988 2409
1782931479233 0.3392062187194824 2410
1782931479235 0.0972088873386383 2411
1782931479237 0.35364869236946106 2412
1782931479240 0.08435901999473572 2413
1782931479243 0.19602569937705994 2414
1782931479246 0.19377395510673523 2415
1782931479248 0.11827588081359863 2416
1782931479251 0.26500454545021057 2417
1782931479253 0.9454885721206665 2418
1782931479256 0.1857953518629074 2419
1782931479259 0.20058709383010864 2420
1782931479261 0.18746238946914673 2421
1782931479263 0.09727372229099274 2422
1782931479266 0.5435568690299988 2423
1782931479268 0.3096594214439392 2424
1782931479270 0.3135039806365967 2425
1782931479272 0.45913761854171753 2426
1782931479274 0.3172546625137329 2427
1782931479277 0.3808884024620056 2428
1782931479279 0.45833614468574524 2429
1782931479282 0.08310120552778244 2430
1782931479284 0.2964222729206085 2431
1782931479286 0.24021385610103607 2432
1782931479288 0.17136143147945404 2433
1782931479291 0.5746838450431824 2434
1782931479294 0.3202115297317505 2435
1782931479296 0.5738773941993713 2436
1782931479298 0.40826597809791565 2437
1782931479300 0.21167215704917908 2438
1782931479303 0.23949670791625977 2439
1782931479305 0.21623504161834717 2440
1782931479307 0.29028037190437317 2441
1782931479310 0.2380051612854004 2442
1782931479312 0.13999590277671814 2443
1782931479314 0.19821761548519135 2444
1782931479317 0.2702540159225464 2445
1782931479319 0.2092517763376236 2446
1782931479321 0.38740330934524536 2447
1782931479323 0.3317968547344208 2448
1782931479326 0.11971908807754517 2449
1782931479329 0.5468700528144836 2450
1782931479331 0.17230896651744843 2451
1782931479334 0.3588103950023651 2452
1782931479336 0.13482633233070374 2453
1782931479338 0.4969768822193146 2454
1782931479340 0.2090582698583603 2455
1782931479343 0.35659730434417725 2456
1782931479346 0.3346990942955017 2457
1782931479349 0.34914708137512207 2458
1782931479351 0.21872146427631378 2459
1782931479353 0.23155918717384338 2460
1782931479355 0.35777005553245544 2461
1782931479358 0.5000460147857666 2462
1782931479360 0.39614060521125793 2463
1782931479362 0.3398262560367584 2464
1782931479365 0.4417276382446289 2465
1782931479367 0.16958153247833252 2466
1782931479369 0.14363008737564087 2467
1782931479371 0.4622228145599365 2468
1782931479373 0.20762629806995392 2469
1782931479376 0.3007975220680237 2470
1782931479378 0.20050275325775146 2471
1782931479380 0.49448803067207336 2472
1782931479383 0.10303596407175064 2473
1782931479385 0.22500504553318024 2474
1782931479387 0.52377849817276 2475
1782931479389 0.10971604287624359 2476
1782931479392 0.33293604850769043 2477
1782931479394 0.25403591990470886 2478
1782931479396 0.22839213907718658 2479
1782931479399 0.510920524597168 2480
1782931479401 0.18083150684833527 2481
1782931479403 0.1190771535038948 2482
1782931479405 0.16753406822681427 2483
1782931479409 0.24932080507278442 2484
1782931479411 0.31753116846084595 2485
1782931479413 0.20009180903434753 2486
1782931479415 0.2476891130208969 2487
1782931479418 0.23226165771484375 2488
1782931479421 0.23683565855026245 2489
1782931479424 0.1544436514377594 2490
1782931479427 0.43060222268104553 2491
1782931479431 0.3098069429397583 2492
1782931479433 0.23709619045257568 2493
1782931479436 0.3428906202316284 2494
1782931479439 0.2915498912334442 2495
1782931479443 0.5480635166168213 2496
1782931479446 0.2132982611656189 2497
1782931479449 0.10382732003927231 2498
1782931479452 0.25962644815444946 2499
1782931479455 0.4399144649505615 2500
1782931479459 0.43647363781929016 2501
1782931479463 0.32629409432411194 2502
1782931479466 0.30993178486824036 2503
1782931479470 0.3515547215938568 2504
1782931479473 0.4558921456336975 2505
1782931479477 0.21930886805057526 2506
1782931479482 0.13700427114963531 2507
1782931479485 0.38445866107940674 2508
1782931479491 0.2857446074485779 2509
1782931479495 0.17325587570667267 2510
1782931479499 0.3061624765396118 2511
1782931479508 0.388009250164032 2512
1782931479511 0.36630648374557495 2513
1782931479514 0.22040662169456482 2514
1782931479516 0.4550509750843048 2515
1782931479518 0.2812051773071289 2516
1782931479520 0.38723573088645935 2517
1782931479522 0.4258262515068054 2518
1782931479525 0.210190549492836 2519
1782931479527 0.21273237466812134 2520
1782931479529 0.44366925954818726 2521
1782931479532 0.3778167963027954 2522
1782931479534 0.31045833230018616 2523
1782931479536 0.19154900312423706 2524
1782931479538 0.12484771013259888 2525
1782931479540 0.34674885869026184 2526
1782931479543 0.47428491711616516 2527
1782931479545 0.15311789512634277 2528
1782931479547 0.37122640013694763 2529
1782931479549 0.5787353515625 2530
1782931479551 0.4273222088813782 2531
1782931479554 0.2656776010990143 2532
1782931479556 0.4882582724094391 2533
1782931479558 0.36687999963760376 2534
1782931479560 0.14096131920814514 2535
1782931479563 0.22892342507839203 2536
1782931479565 0.11402858793735504 2537
1782931479567 0.10655462741851807 2538
1782931479570 0.5035489201545715 2539
1782931479572 0.13743937015533447 2540
1782931479574 0.7594040632247925 2541
1782931479577 0.24053050577640533 2542
1782931479580 0.5530138611793518 2543
1782931479582 0.27057331800460815 2544
1782931479584 0.4449475407600403 2545
1782931479586 0.712031364440918 2546
1782931479589 0.5673975944519043 2547
1782931479591 0.4887896180152893 2548
1782931479596 0.2040192037820816 2549
1782931479598 0.1285923272371292 2550
1782931479600 0.2601798176765442 2551
1782931479603 0.4248009920120239 2552
1782931479605 0.5370418429374695 2553
1782931479608 0.2686481773853302 2554
1782931479611 0.2402135133743286 2555
1782931479613 0.19473567605018616 2556
1782931479616 0.34592369198799133 2557
1782931479618 0.389132022857666 2558
1782931479620 0.40394365787506104 2559
1782931479623 0.30788469314575195 2560
1782931479625 0.40849417448043823 2561
1782931479629 0.2881803512573242 2562
1782931479631 0.1791100800037384 2563
1782931479633 0.03766423091292381 2564
1782931479635 0.32191094756126404 2565
1782931479638 0.5951001048088074 2566
1782931479640 0.11446420103311539 2567
1782931479642 0.20369543135166168 2568
1782931479645 0.7190775871276855 2569
1782931479648 0.21117210388183594 2570
1782931479650 0.23824794590473175 2571
1782931479653 0.5155380964279175 2572
1782931479655 0.16927313804626465 2573
1782931479657 0.31699320673942566 2574
1782931479660 0.05615111440420151 2575
1782931479663 0.277654767036438 2576
1782931479665 0.49749672412872314 2577
1782931479667 0.1614653468132019 2578
1782931479670 0.10620563477277756 2579
1782931479672 0.5897150635719299 2580
1782931479674 0.2728140950202942 2581
1782931479676 0.5140275359153748 2582
1782931479679 0.19312667846679688 2583
1782931479681 0.344846248626709 2584
1782931479683 0.3056618571281433 2585
1782931479685 0.6926342248916626 2586
1782931479687 0.9268884658813477 2587
1782931479690 0.6028692722320557 2588
1782931479692 0.2735547423362732 2589
1782931479695 0.3955526649951935 2590
1782931479697 0.09820108115673065 2591
1782931479699 0.3279429078102112 2592
1782931479701 0.3633556663990021 2593
1782931479703 0.4279831349849701 2594
1782931479705 0.14560525119304657 2595
1782931479708 0.4223548173904419 2596
1782931479710 0.21780197322368622 2597
1782931479712 0.19780436158180237 2598
1782931479715 0.23491539061069489 2599
1782931479717 0.31849026679992676 2600
1782931479719 0.5235329866409302 2601
1782931479721 0.33285239338874817 2602
1782931479723 0.15071184933185577 2603
1782931479726 0.2125217169523239 2604
1782931479728 0.3279370367527008 2605
1782931479730 0.20366565883159637 2606
1782931479734 0.20209915935993195 2607
1782931479736 0.4246442914009094 2608
1782931479738 0.36910077929496765 2609
1782931479741 0.32743039727211 2610
1782931479743 0.23511134088039398 2611
1782931479746 0.21340766549110413 2612
1782931479748 0.4426794946193695 2613
1782931479750 0.38441625237464905 2614
1782931479752 0.27757617831230164 2615
1782931479754 0.41046246886253357 2616
1782931479757 0.3697777986526489 2617
1782931479759 0.14383001625537872 2618
1782931479761 0.10927842557430267 2619
1782931479764 0.2530532479286194 2620
1782931479766 0.09330155700445175 2621
1782931479768 0.23284953832626343 2622
1782931479770 0.2021118849515915 2623
1782931479772 0.5387770533561707 2624
1782931479774 0.2361353188753128 2625
1782931479777 0.10534114390611649 2626
1782931479779 0.3793644607067108 2627
1782931479781 0.10091102123260498 2628
1782931479784 0.4210416376590729 2629
1782931479786 0.5741201639175415 2630
1782931479788 0.5605320334434509 2631
1782931479791 0.1836780160665512 2632
1782931479794 0.37413710355758667 2633
1782931479796 0.10896263271570206 2634
1782931479798 0.40165069699287415 2635
1782931479801 0.2757895588874817 2636
1782931479803 0.2571102976799011 2637
1782931479805 0.19302955269813538 2638
1782931479807 0.321473628282547 2639
1782931479810 0.3204239010810852 2640
1782931479812 0.12149437516927719 2641
1782931479815 0.5299985408782959 2642
1782931479817 0.1368115395307541 2643
1782931479819 0.15684275329113007 2644
1782931479821 0.4793407618999481 2645
1782931479824 0.34006306529045105 2646
1782931479826 0.2988475263118744 2647
1782931479828 0.1990547627210617 2648
1782931479831 0.6588680744171143 2649
1782931479833 0.24665719270706177 2650
1782931479835 0.8536975383758545 2651
1782931479837 0.22166097164154053 2652
1782931479840 0.22857415676116943 2653
1782931479843 0.27560633420944214 2654
1782931479845 0.672183096408844 2655
1782931479848 0.14010442793369293 2656
1782931479850 0.2965485453605652 2657
1782931479852 0.4159556031227112 2658
1782931479854 0.1915745586156845 2659
1782931479856 0.19620472192764282 2660
1782931479860 0.05909739062190056 2661
1782931479862 0.14948536455631256 2662
1782931479864 0.1957085132598877 2663
1782931479867 0.24553729593753815 2664
1782931479869 0.20338279008865356 2665
1782931479871 0.19415123760700226 2666
1782931479873 0.30745816230773926 2667
1782931479875 0.47917941212654114 2668
1782931479878 0.40350541472435 2669
1782931479880 0.26736363768577576 2670
1782931479882 0.16121016442775726 2671
1782931479884 0.12556374073028564 2672
1782931479886 0.16376447677612305 2673
1782931479888 0.21263010799884796 2674
1782931479891 0.08436451852321625 2675
1782931479893 0.38196611404418945 2676
1782931479896 0.5608254671096802 2677
1782931479898 0.18109245598316193 2678
1782931479900 0.09800727665424347 2679
1782931479902 0.7215116024017334 2680
1782931479904 0.687400221824646 2681
1782931479906 0.1511230617761612 2682
1782931479909 0.38504558801651 2683
1782931479911 0.29742398858070374 2684
1782931479913 0.43645623326301575 2685
1782931479916 0.17095378041267395 2686
1782931479918 0.31757310032844543 2687
1782931479920 0.6248493194580078 2688
1782931479922 0.1068626269698143 2689
1782931479924 0.21173560619354248 2690
1782931479927 0.1661476045846939 2691
1782931479929 0.2966414988040924 2692
1782931479931 0.6255995035171509 2693
1782931479933 0.2796190679073334 2694
1782931479936 0.11552966386079788 2695
1782931479938 0.3840901851654053 2696
1782931479940 0.23927298188209534 2697
1782931479942 0.3845987021923065 2698
1782931479945 0.20681533217430115 2699
1782931479947 0.08730223774909973 2700
1782931479949 0.36353015899658203 2701
1782931479951 0.7366727590560913 2702
1782931479953 0.8287619352340698 2703
1782931479956 0.41366997361183167 2704
1782931479958 0.10614491254091263 2705
1782931479960 0.4521070122718811 2706
1782931479962 0.1416272670030594 2707
1782931479965 0.24932987987995148 2708
1782931479967 0.2129877209663391 2709
1782931479969 0.25146690011024475 2710
1782931479971 0.41544246673583984 2711
1782931479975 0.28111302852630615 2712
1782931479977 0.45377278327941895 2713
1782931479979 0.4293464720249176 2714
1782931479982 0.4124496877193451 2715
1782931479984 0.26297828555107117 2716
1782931479986 0.1292140781879425 2717
1782931479988 0.15351951122283936 2718
1782931479990 0.750403881072998 2719
1782931479993 0.4719608724117279 2720
1782931479995 0.41936805844306946 2721
1782931479997 0.3501729369163513 2722
1782931480000 0.38256964087486267 2723
1782931480002 0.26344266533851624 2724
1782931480004 0.4955042600631714 2725
1782931480006 0.2421417385339737 2726
1782931480008 0.5593949556350708 2727
1782931480011 0.3043317198753357 2728
1782931480013 0.5692620873451233 2729
1782931480015 0.6559609770774841 2730
1782931480018 0.38367989659309387 2731
1782931480020 0.16035348176956177 2732
1782931480022 0.38684043288230896 2733
1782931480024 0.4782390892505646 2734
1782931480027 0.3239439129829407 2735
1782931480029 0.32591453194618225 2736
1782931480031 0.3399091958999634 2737
1782931480034 0.18265904486179352 2738
1782931480036 0.23932407796382904 2739
1782931480038 0.41296595335006714 2740
1782931480040 0.5744579434394836 2741
1782931480043 0.2961042523384094 2742
1782931480046 0.3608967959880829 2743
1782931480048 0.13420984148979187 2744
1782931480051 0.305435448884964 2745
1782931480053 0.2715815603733063 2746
1782931480055 0.3493029773235321 2747
1782931480058 0.14865049719810486 2748
1782931480060 0.18780498206615448 2749
1782931480063 0.3476563096046448 2750
1782931480065 0.4307953715324402 2751
1782931480067 0.35108596086502075 2752
1782931480069 0.1757051795721054 2753
1782931480072 0.28692948818206787 2754
1782931480074 0.32372039556503296 2755
1782931480077 0.26645350456237793 2756
1782931480079 0.17681889235973358 2757
1782931480081 0.2041289508342743 2758
1782931480083 0.25092869997024536 2759
1782931480085 0.14638660848140717 2760
1782931480088 0.33751311898231506 2761
1782931480090 0.25385186076164246 2762
1782931480092 0.16229543089866638 2763
1782931480095 0.2575524151325226 2764
1782931480097 0.23515306413173676 2765
1782931480099 0.3013211488723755 2766
1782931480101 0.2306385636329651 2767
1782931480103 0.24944007396697998 2768
1782931480106 0.34742292761802673 2769
1782931480108 0.25395745038986206 2770
1782931480110 0.48096024990081787 2771
1782931480113 0.0823836624622345 2772
1782931480115 0.284336656332016 2773
1782931480117 0.2182943969964981 2774
1782931480119 0.8179060220718384 2775
1782931480121 0.20423397421836853 2776
1782931480125 0.37254828214645386 2777
1782931480127 0.30707085132598877 2778
1782931480129 0.29554685950279236 2779
1782931480131 0.39283716678619385 2780
1782931480134 0.1810447871685028 2781
1782931480137 0.23244845867156982 2782
1782931480140 0.26380065083503723 2783
1782931480142 0.2649858295917511 2784
1782931480145 0.412237286567688 2785
1782931480147 0.6841937899589539 2786
1782931480149 0.5623336434364319 2787
1782931480151 0.4208829998970032 2788
1782931480153 0.2208148092031479 2789
1782931480156 0.3738143742084503 2790
1782931480158 0.24057452380657196 2791
1782931480160 0.3213014006614685 2792
1782931480163 0.2635766267776489 2793
1782931480165 1.142370581626892 2794
1782931480169 0.21475329995155334 2795
1782931480171 0.061560798436403275 2796
1782931480176 0.2733568549156189 2797
1782931480178 1.1629389524459839 2798
1782931480181 0.340879887342453 2799
1782931480183 0.18573208153247833 2800
1782931480185 0.18650080263614655 2801
1782931480187 0.10148394852876663 2802
1782931480190 0.33689242601394653 2803
1782931480192 0.1928570717573166 2804
1782931480195 0.332289457321167 2805
1782931480197 0.38595399260520935 2806
1782931480199 0.6043686270713806 2807
1782931480203 0.7647398710250854 2808
1782931480205 0.07692364603281021 2809
1782931480208 0.19501197338104248 2810
1782931480211 0.3996615409851074 2811
1782931480213 0.30524832010269165 2812
1782931480224 0.44266200065612793 2813
1782931480228 0.7488511800765991 2814
1782931480230 0.18780505657196045 2815
1782931480232 0.39482438564300537 2816
1782931480234 0.0720650851726532 2817
1782931480237 0.4654156565666199 2818
1782931480239 0.1370002031326294 2819
1782931480241 0.19070148468017578 2820
1782931480244 0.20607228577136993 2821
1782931480247 0.16682294011116028 2822
1782931480250 0.2657344341278076 2823
1782931480252 0.39424920082092285 2824
1782931480255 0.5794536471366882 2825
1782931480257 0.1942792534828186 2826
1782931480260 0.48349276185035706 2827
1782931480262 0.2965572476387024 2828
1782931480264 0.3426118493080139 2829
1782931480267 0.3539455533027649 2830
1782931480269 0.1788950115442276 2831
1782931480271 0.38251984119415283 2832
1782931480273 0.10377157479524612 2833
1782931480276 0.07376530766487122 2834
1782931480278 0.22741934657096863 2835
1782931480281 0.28253087401390076 2836
1782931480283 0.3916850686073303 2837
1782931480286 0.2680669128894806 2838
1782931480289 0.3079637587070465 2839
1782931480292 0.283840537071228 2840
1782931480295 0.12270886451005936 2841
1782931480297 0.3513190448284149 2842
1782931480300 0.08186782896518707 2843
1782931480302 0.2250177264213562 2844
1782931480305 0.23874881863594055 2845
1782931480307 0.5104568600654602 2846
1782931480310 0.10923677682876587 2847
1782931480312 0.8025365471839905 2848
1782931480394 0.4387347400188446 2849
1782931480398 0.3517612814903259 2850
1782931480414 0.3236387073993683 2851
1782931480438 0.2702939212322235 2852
1782931480442 0.23982764780521393 2853
1782931480446 0.24478194117546082 2854
1782931480450 0.1981741040945053 2855
1782931480453 0.18627728521823883 2856
1782931480457 0.27118998765945435 2857
1782931480461 0.33098289370536804 2858
1782931480464 0.18905261158943176 2859
1782931480467 0.12568065524101257 2860
1782931480470 0.8726724982261658 2861
1782931480473 0.3498934805393219 2862
1782931480476 0.32798951864242554 2863
1782931480480 0.28242650628089905 2864
1782931480483 0.39152055978775024 2865
1782931480486 0.14134307205677032 2866
1782931480489 0.4128683805465698 2867
1782931480492 0.10837309807538986 2868
1782931480495 0.3811146020889282 2869
1782931480499 0.7051398754119873 2870
1782931480502 0.3887992203235626 2871
1782931480504 0.5420694351196289 2872
1782931480508 0.4748251736164093 2873
1782931480512 0.0934014543890953 2874
1782931480515 0.4733883738517761 2875
1782931480519 0.2796724736690521 2876
1782931480522 0.20197613537311554 2877
1782931480525 0.29449090361595154 2878
1782931480529 0.11988360434770584 2879
1782931480532 0.43533602356910706 2880
1782931480535 0.22699448466300964 2881
1782931480538 0.18290294706821442 2882
1782931480543 0.19694793224334717 2883
1782931480546 0.5801426768302917 2884
1782931480549 0.3564336597919464 2885
1782931480553 0.2718489468097687 2886
1782931480556 0.17961321771144867 2887
1782931480561 0.1831277757883072 2888
1782931480565 0.24566277861595154 2889
1782931480567 0.3051632344722748 2890
1782931480570 0.28462111949920654 2891
1782931480574 0.3719434142112732 2892
1782931480578 0.34858083724975586 2893
1782931480581 0.16477082669734955 2894
1782931480584 0.09887659549713135 2895
1782931480588 0.4949157238006592 2896
1782931480593 0.30103176832199097 2897
1782931480596 0.49436190724372864 2898
1782931480599 0.28116390109062195 2899
1782931480602 0.3796398341655731 2900
1782931480606 0.3301853537559509 2901
1782931480610 0.5342037081718445 2902
1782931480613 0.42919787764549255 2903
1782931480616 0.21764710545539856 2904
1782931480620 0.41504931449890137 2905
1782931480623 0.19677595794200897 2906
1782931480627 0.1709974706172943 2907
1782931480630 0.15746282041072845 2908
1782931480633 0.18059544265270233 2909
1782931480636 0.5138892531394958 2910
1782931480639 0.4635593593120575 2911
1782931480643 0.6578232645988464 2912
1782931480646 0.20394404232501984 2913
1782931480649 0.41731777787208557 2914
1782931480653 0.31451714038848877 2915
1782931480656 0.2761635184288025 2916
1782931480659 0.24840083718299866 2917
1782931480662 0.29392093420028687 2918
1782931480665 0.22775018215179443 2919
1782931480668 0.6386314630508423 2920
1782931480671 0.5257552266120911 2921
1782931480675 0.27431243658065796 2922
1782931480678 0.32210826873779297 2923
1782931480681 0.2909649610519409 2924
1782931480684 0.5460192561149597 2925
1782931480688 0.8360052704811096 2926
1782931480691 0.0932106077671051 2927
1782931480695 0.5544865727424622 2928
1782931480698 0.08416801691055298 2929
1782931480701 0.334910124540329 2930
1782931480704 0.13937757909297943 2931
1782931480707 0.2826463580131531 2932
1782931480711 0.23421886563301086 2933
1782931480714 0.2742639183998108 2934
1782931480718 0.8793278932571411 2935
1782931480721 0.7165692448616028 2936
1782931480724 0.13536904752254486 2937
1782931480728 0.7244428396224976 2938
1782931480731 0.1453995406627655 2939
1782931480734 0.2149524688720703 2940
1782931480737 0.578197181224823 2941
1782931480740 0.11576905846595764 2942
1782931480743 0.19753915071487427 2943
1782931480747 0.32981687784194946 2944
1782931480750 0.2626584768295288 2945
1782931480754 0.28007248044013977 2946
1782931480757 0.659119725227356 2947
1782931480760 0.7197220325469971 2948
1782931480764 0.23453658819198608 2949
1782931480767 1.0102570056915283 2950
1782931480770 0.5605447292327881 2951
1782931480773 0.328917533159256 2952
1782931480777 0.3247029185295105 2953
1782931480780 0.11829613894224167 2954
1782931480783 0.3237946331501007 2955
1782931480786 0.7061964869499207 2956
1782931480789 0.17828017473220825 2957
1782931480793 0.3721062242984772 2958
1782931480796 0.4769926369190216 2959
1782931480799 0.1984623372554779 2960
1782931480802 0.20962226390838623 2961
1782931480806 0.38892945647239685 2962
1782931480809 0.32713615894317627 2963
1782931480813 0.3022844195365906 2964
1782931480816 0.22645078599452972 2965
1782931480819 0.10129747539758682 2966
1782931480822 0.13119812309741974 2967
1782931480826 0.1438969373703003 2968
1782931480830 0.5850878357887268 2969
1782931480833 0.21343134343624115 2970
1782931480836 0.1778087019920349 2971
1782931480839 0.4164348244667053 2972
1782931480843 0.30938228964805603 2973
1782931480846 0.14634980261325836 2974
1782931480849 0.5073104500770569 2975
1782931480852 0.3779242932796478 2976
1782931480856 0.25255975127220154 2977
1782931480859 0.43441635370254517 2978
1782931480862 0.4006580710411072 2979
1782931480866 0.13054299354553223 2980
1782931480869 0.4399034380912781 2981
1782931480872 0.42530837655067444 2982
1782931480876 0.2693078815937042 2983
1782931480880 0.0917319506406784 2984
1782931480883 0.17853862047195435 2985
1782931480886 0.5549867153167725 2986
1782931480889 0.49382904171943665 2987
1782931480892 0.5468178391456604 2988
1782931480896 0.26509684324264526 2989
1782931480899 0.43965062499046326 2990
1782931480902 0.36659911274909973 2991
1782931480905 0.1667526513338089 2992
1782931480908 0.20213142037391663 2993
1782931480912 0.3885338306427002 2994
1782931480915 0.318754106760025 2995
1782931480918 0.23553384840488434 2996
1782931480921 0.8345016241073608 2997
1782931480924 0.11181190609931946 2998
1782931480928 0.6037665605545044 2999
1782931480931 0.303673654794693 3000
1782931480935 0.37678447365760803 3001
1782931480938 0.22376161813735962 3002
1782931480941 0.2752986252307892 3003
1782931480945 0.315864235162735 3004
1782931480948 0.2142450362443924 3005
1782931480951 0.19411462545394897 3006
1782931480955 0.28761667013168335 3007
1782931480958 0.5448738932609558 3008
1782931480961 0.1861865520477295 3009
1782931480964 0.3634811043739319 3010
1782931480967 0.13327477872371674 3011
1782931480970 1.0520610809326172 3012
1782931480973 0.3357917368412018 3013
1782931480977 0.4799599051475525 3014
1782931480981 0.1754850596189499 3015
1782931480984 0.33607736229896545 3016
1782931480987 0.2959762215614319 3017
1782931480990 0.34576624631881714 3018
1782931480994 0.09157702326774597 3019
1782931480998 0.2537940740585327 3020
1782931481001 0.22740653157234192 3021
1782931481004 0.10781230032444 3022
1782931481008 0.8166316151618958 3023
1782931481012 0.21209131181240082 3024
1782931481015 0.3142462968826294 3025
1782931481018 0.16082757711410522 3026
1782931481021 0.22209158539772034 3027
1782931481026 0.23459647595882416 3028
1782931481029 0.3308301568031311 3029
1782931481032 0.6182640194892883 3030
1782931481035 0.5447319746017456 3031
1782931481038 0.154921755194664 3032
1782931481042 0.16366496682167053 3033
1782931481046 0.19131985306739807 3034
1782931481049 0.3692742884159088 3035
1782931481052 0.8174687623977661 3036
1782931481055 0.14574919641017914 3037
1782931481058 0.21307797729969025 3038
1782931481062 0.20219267904758453 3039
1782931481065 0.31519052386283875 3040
1782931481068 0.2429027557373047 3041
1782931481071 0.21163958311080933 3042
1782931481075 0.36244669556617737 3043
1782931481079 0.35260024666786194 3044
1782931481082 0.32195043563842773 3045
1782931481085 0.23492684960365295 3046
1782931481088 0.26245248317718506 3047
1782931481092 0.5705552101135254 3048
1782931481096 0.4387866258621216 3049
1782931481100 0.20991021394729614 3050
1782931481103 0.21274463832378387 3051
1782931481106 0.08517798781394958 3052
1782931481111 0.2066933512687683 3053
1782931481115 0.23860621452331543 3054
1782931481118 0.4622308313846588 3055
1782931481121 0.41798707842826843 3056
1782931481125 0.3592340052127838 3057
1782931481129 0.3039197325706482 3058
1782931481132 0.26895129680633545 3059
1782931481135 0.16722296178340912 3060
1782931481139 0.24761630594730377 3061
1782931481143 0.3342004120349884 3062
1782931481146 0.13693904876708984 3063
1782931481149 0.23200109601020813 3064
1782931481153 0.5631212592124939 3065
1782931481156 0.17859405279159546 3066
1782931481160 0.20295648276805878 3067
1782931481164 0.1295640468597412 3068
1782931481167 0.15614213049411774 3069
1782931481170 0.07344803214073181 3070
1782931481174 0.6631245017051697 3071
1782931481177 0.6056981682777405 3072
1782931481181 0.19648733735084534 3073
1782931481184 0.14832966029644012 3074
1782931481187 0.20271921157836914 3075
1782931481190 0.3007031977176666 3076
1782931481193 0.32836318016052246 3077
1782931481197 0.4250837564468384 3078
1782931481200 0.39070993661880493 3079
1782931481203 0.42765843868255615 3080
1782931481205 0.274787575006485 3081
1782931481209 0.2515883147716522 3082
1782931481212 0.2967849671840668 3083
1782931481216 0.20747019350528717 3084
1782931481219 0.2617512047290802 3085
1782931481222 0.3952920436859131 3086
1782931481225 0.3444141149520874 3087
1782931481229 0.40452656149864197 3088
1782931481232 0.3677741289138794 3089
1782931481235 0.11044113337993622 3090
1782931481239 0.5622487664222717 3091
1782931481242 0.44349056482315063 3092
1782931481246 0.6687042713165283 3093
1782931481249 0.35890498757362366 3094
1782931481253 0.29337555170059204 3095
1782931481256 0.18381474912166595 3096
1782931481260 0.12800556421279907 3097
1782931481264 0.26817163825035095 3098
1782931481267 0.14816224575042725 3099
1782931481271 0.09764714539051056 3100
1782931481274 0.30068883299827576 3101
1782931481278 0.2444547414779663 3102
1782931481281 0.20792967081069946 3103
1782931481284 0.2977648675441742 3104
1782931481287 0.7811070680618286 3105
1782931481291 0.31713250279426575 3106
1782931481294 0.20368017256259918 3107
1782931481298 0.11587049067020416 3108
1782931481301 0.16562139987945557 3109
1782931481304 0.5476939082145691 3110
1782931481307 0.14325465261936188 3111
1782931481311 0.266489177942276 3112
1782931481315 0.3013097941875458 3113
1782931481318 0.22226658463478088 3114
1782931481321 1.258663296699524 3115
1782931481324 0.47619831562042236 3116
1782931481327 0.2489469051361084 3117
1782931481331 0.1942867487668991 3118
1782931481334 0.14568446576595306 3119
1782931481338 0.09474042803049088 3120
1782931481341 0.15656507015228271 3121
1782931481345 0.49335983395576477 3122
1782931481350 0.06865935027599335 3123
1782931481353 0.1724892407655716 3124
1782931481356 0.36530670523643494 3125
1782931481359 0.3006373941898346 3126
1782931481363 0.2068639099597931 3127
1782931481366 0.18290893733501434 3128
1782931481369 0.24654696881771088 3129
1782931481372 0.14222948253154755 3130
1782931481375 0.11293704807758331 3131
1782931481378 0.1782684177160263 3132
1782931481381 0.5206936001777649 3133
1782931481384 0.4493332505226135 3134
1782931481387 0.1854550540447235 3135
1782931481391 0.22719335556030273 3136
1782931481394 1.1759564876556396 3137
1782931481398 0.2885701656341553 3138
1782931481401 0.2802676558494568 3139
1782931481405 0.17230014503002167 3140
1782931481409 0.19221675395965576 3141
1782931481412 0.1250886619091034 3142
1782931481415 0.24094755947589874 3143
1782931481418 0.3230363428592682 3144
1782931481422 0.4552880823612213 3145
1782931481425 0.21446554362773895 3146
1782931481428 0.2802850902080536 3147
1782931481432 0.42684173583984375 3148
1782931481435 0.2616458237171173 3149
1782931481438 0.5255718231201172 3150
1782931481441 0.34298473596572876 3151
1782931481444 0.44995975494384766 3152
1782931481447 0.5732705593109131 3153
1782931481450 0.09911683201789856 3154
1782931481453 0.23282545804977417 3155
1782931481457 0.34930238127708435 3156
1782931481460 0.5873264670372009 3157
1782931481464 0.20232364535331726 3158
1782931481467 0.25115230679512024 3159
1782931481470 0.48447421193122864 3160
1782931481474 0.3883941173553467 3161
1782931481478 0.08578187972307205 3162
1782931481481 0.35990017652511597 3163
1782931481484 0.1388273686170578 3164
1782931481487 0.3347887694835663 3165
1782931481490 0.3781777322292328 3166
1782931481494 0.13717764616012573 3167
1782931481502 0.5611303448677063 3168
1782931481505 0.14698736369609833 3169
1782931481510 0.05749642103910446 3170
1782931481513 0.5352711081504822 3171
1782931481516 0.1667284220457077 3172
1782931481522 0.2075071483850479 3173
1782931481525 0.06770536303520203 3174
1782931481529 0.42176443338394165 3175
1782931481532 0.307638019323349 3176
1782931481535 0.18651238083839417 3177
1782931481539 0.1702856868505478 3178
1782931481543 0.23024718463420868 3179
1782931481546 0.08795979619026184 3180
1782931481549 0.25412517786026 3181
1782931481554 0.07433060556650162 3182
1782931481557 0.19105921685695648 3183
1782931481561 0.10106606036424637 3184
1782931481565 0.3059864640235901 3185
1782931481589 0.2595713138580322 3186
1782931481594 0.5609258413314819 3187
1782931481598 0.3676659166812897 3188
1782931481601 0.12170211225748062 3189
1782931481604 0.15300942957401276 3190
1782931481608 0.28128933906555176 3191
1782931481613 0.17430903017520905 3192
1782931481616 0.19196102023124695 3193
1782931481619 0.28800174593925476 3194
1782931481623 0.5740036964416504 3195
1782931481627 0.26667290925979614 3196
1782931481630 0.2005312144756317 3197
1782931481633 0.3010059893131256 3198
1782931481637 0.12383350729942322 3199
1782931481640 0.2158125340938568 3200
1782931481644 0.34941229224205017 3201
1782931481647 0.38627198338508606 3202
1782931481650 0.16004380583763123 3203
1782931481654 0.26572713255882263 3204
1782931481658 0.3446773588657379 3205
1782931481662 0.2347383052110672 3206
1782931481665 0.3284274637699127 3207
1782931481669 0.49176025390625 3208
1782931481672 0.12303843349218369 3209
1782931481675 0.5453879833221436 3210
1782931481678 0.2438230812549591 3211
1782931481682 0.1539197862148285 3212
1782931481685 0.15536901354789734 3213
1782931481698 0.3241579234600067 3214
1782931481702 0.34480780363082886 3215
1782931481705 0.334924578666687 3216
1782931481708 0.43498891592025757 3217
1782931481712 0.19561408460140228 3218
1782931481715 0.22709479928016663 3219
1782931481718 0.32616573572158813 3220
1782931481721 0.13473862409591675 3221
1782931481724 0.40534231066703796 3222
1782931481727 0.05026785656809807 3223
1782931481730 0.31357431411743164 3224
1782931481733 0.31067630648612976 3225
1782931481736 0.1540527641773224 3226
1782931481739 0.42595142126083374 3227
1782931481743 0.17442181706428528 3228
1782931481747 0.13126017153263092 3229
1782931481750 0.16236115992069244 3230
1782931481753 0.18332678079605103 3231
1782931481756 0.5108425617218018 3232
1782931481760 0.35703447461128235 3233
1782931481763 0.4778478443622589 3234
1782931481766 0.5640994906425476 3235
1782931481769 0.4174152612686157 3236
1782931481772 0.3657340705394745 3237
1782931481775 0.08710191398859024 3238
1782931481778 0.2929920554161072 3239
1782931481782 0.40226706862449646 3240
1782931481785 0.2741575837135315 3241
1782931481788 0.5091522932052612 3242
1782931481791 0.4105115532875061 3243
1782931481794 0.399891197681427 3244
1782931481797 0.12587466835975647 3245
1782931481800 0.2999779284000397 3246
1782931481804 0.2111179083585739 3247
1782931481807 0.18490464985370636 3248
1782931481810 0.3418539762496948 3249
1782931481814 0.6068733930587769 3250
1782931481819 0.1334632933139801 3251
1782931481822 0.5372079610824585 3252
1782931481826 0.2985933721065521 3253
1782931481830 0.346602201461792 3254
1782931481833 0.4339340329170227 3255
1782931481836 0.1966419219970703 3256
1782931481839 0.36075547337532043 3257
1782931481843 0.14294582605361938 3258
1782931481847 0.4414443373680115 3259
1782931481850 0.1762411743402481 3260
1782931481853 0.2939770221710205 3261
1782931481857 0.8817996978759766 3262
1782931481860 0.23582778871059418 3263
1782931481864 0.5718170404434204 3264
1782931481868 0.5548816323280334 3265
1782931481871 0.35349735617637634 3266
1782931481876 0.6018689274787903 3267
1782931481879 0.3473089933395386 3268
1782931481882 0.18846352398395538 3269
1782931481885 0.33553674817085266 3270
1782931481888 0.3222041726112366 3271
1782931481892 0.6168734431266785 3272
1782931481895 0.198409304022789 3273
1782931481898 0.28581786155700684 3274
1782931481901 0.5154494643211365 3275
1782931481904 0.2305838167667389 3276
1782931481908 0.2767169177532196 3277
1782931481911 0.5348479747772217 3278
1782931481914 0.21508656442165375 3279
1782931481917 0.15802304446697235 3280
1782931481920 0.2680935561656952 3281
1782931481923 0.07770150899887085 3282
1782931481932 0.15314926207065582 3283
1782931481935 0.22505219280719757 3284
1782931481939 0.3310594856739044 3285
1782931481944 0.46667686104774475 3286
1782931481947 0.2323675900697708 3287
1782931481950 0.2240002304315567 3288
1782931481953 0.28390491008758545 3289
1782931481956 0.6359033584594727 3290
1782931481960 0.4142920672893524 3291
1782931481963 0.3415878117084503 3292
1782931481966 0.34605294466018677 3293
1782931481969 0.49802321195602417 3294
1782931481973 0.32590043544769287 3295
1782931481977 0.13731499016284943 3296
1782931481980 0.24654459953308105 3297
1782931481983 0.18805409967899323 3298
1782931481986 0.47218605875968933 3299
1782931481990 0.1586727499961853 3300
1782931481996 0.30823495984077454 3301
1782931482000 0.3375896215438843 3302
1782931482002 0.3131254017353058 3303
1782931482005 0.25991255044937134 3304
1782931482009 0.4510221481323242 3305
1782931482012 0.6629955768585205 3306
1782931482015 0.24492193758487701 3307
1782931482019 0.5821887850761414 3308
1782931482022 0.18532273173332214 3309
1782931482027 0.3622875213623047 3310
1782931482030 0.15617769956588745 3311
1782931482034 0.42505979537963867 3312
1782931482037 0.6901660561561584 3313
1782931482041 0.15168236196041107 3314
1782931482046 0.19182468950748444 3315
1782931482058 0.1591760218143463 3316
1782931482063 0.7033610343933105 3317
1782931482067 0.24399079382419586 3318
1782931482070 0.1312994360923767 3319
1782931482073 0.31047311425209045 3320
1782931482076 0.832379937171936 3321
1782931482081 0.2851274609565735 3322
1782931482084 0.7529323101043701 3323
1782931482087 0.5205382108688354 3324
1782931482090 0.48694244027137756 3325
1782931482095 0.22714775800704956 3326
1782931482098 0.13716420531272888 3327
1782931482102 0.18556736409664154 3328
1782931482105 0.19316615164279938 3329
1782931482108 0.13066188991069794 3330
1782931482111 0.15986935794353485 3331
1782931482115 0.3779929280281067 3332
1782931482118 0.3163505792617798 3333
1782931482121 0.33651432394981384 3334
1782931482124 0.33094796538352966 3335
1782931482128 0.8304761648178101 3336
1782931482131 0.34676289558410645 3337
1782931482134 0.3554685115814209 3338
1782931482137 0.16741661727428436 3339
1782931482140 1.0387728214263916 3340
1782931482143 0.1359744817018509 3341
1782931482147 0.3603033423423767 3342
1782931482149 0.39821404218673706 3343
1782931482153 0.5636362433433533 3344
1782931482156 0.6645194292068481 3345
1782931482159 0.3090096116065979 3346
1782931482162 0.2657948136329651 3347
1782931482165 0.32322683930397034 3348
1782931482168 0.4241468906402588 3349
1782931482171 0.15593233704566956 3350
1782931482175 0.33226990699768066 3351
1782931482178 0.2525688409805298 3352
1782931482181 0.32653847336769104 3353
1782931482184 0.3693341314792633 3354
1782931482188 0.5552364587783813 3355
1782931482191 0.30865904688835144 3356
1782931482194 0.30394673347473145 3357
1782931482197 0.2812212407588959 3358
1782931482200 0.44999441504478455 3359
1782931482204 0.2877620458602905 3360
1782931482207 0.47489532828330994 3361
1782931482211 0.36460447311401367 3362
1782931482214 0.345795601606369 3363
1782931482217 0.1806630939245224 3364
1782931482221 0.47522619366645813 3365
1782931482230 0.4295620322227478 3366
1782931482233 0.16878168284893036 3367
1782931482238 0.46965762972831726 3368
1782931482241 0.4938753843307495 3369
1782931482245 0.5268470644950867 3370
1782931482248 0.4374930262565613 3371
1782931482251 0.24054837226867676 3372
1782931482267 0.14108316600322723 3373
1782931482271 0.1230127215385437 3374
1782931482274 0.33863934874534607 3375
1782931482281 0.3290174603462219 3376
1782931482285 0.2635975182056427 3377
1782931482288 0.3706461489200592 3378
1782931482291 0.13803280889987946 3379
1782931482295 0.35091572999954224 3380
1782931482298 0.3784279525279999 3381
1782931482301 0.2333279252052307 3382
1782931482304 0.2120085060596466 3383
1782931482309 0.29211294651031494 3384
1782931482313 0.2385987490415573 3385
1782931482316 0.2557234764099121 3386
1782931482320 0.1619269996881485 3387
1782931482324 0.07320113480091095 3388
1782931482328 0.45223888754844666 3389
1782931482331 0.4834424555301666 3390
1782931482335 0.25921905040740967 3391
1782931482339 0.3390129804611206 3392
1782931482342 0.24171891808509827 3393
1782931482346 0.09484454989433289 3394
1782931482349 0.6522956490516663 3395
1782931482352 0.11702324450016022 3396
1782931482355 0.21286532282829285 3397
1782931482358 0.28598347306251526 3398
1782931482362 0.318282812833786 3399
1782931482365 0.33125755190849304 3400
1782931482367 0.2998282313346863 3401
1782931482371 0.42751994729042053 3402
1782931482374 0.1941085159778595 3403
1782931482378 0.2560141384601593 3404
1782931482381 0.15301333367824554 3405
1782931482384 0.35262414813041687 3406
1782931482387 0.30365365743637085 3407
1782931482390 0.25038808584213257 3408
1782931482394 0.5094896554946899 3409
1782931482397 0.46665477752685547 3410
1782931482400 0.07410307973623276 3411
1782931482403 0.40613311529159546 3412
1782931482406 0.5324419736862183 3413
1782931482410 0.22368240356445312 3414
1782931482414 0.38083702325820923 3415
1782931482417 0.2525515556335449 3416
1782931482420 0.18811161816120148 3417
1782931482424 0.10694243758916855 3418
1782931482428 0.2466738522052765 3419
1782931482431 0.3521200120449066 3420
1782931482434 0.24529172480106354 3421
1782931482443 0.45207270979881287 3422
1782931482447 0.4306066930294037 3423
1782931482450 0.13293258845806122 3424
1782931482453 0.26053673028945923 3425
1782931482456 0.968826174736023 3426
1782931482489 0.16208721697330475 3427
1782931482492 0.16952581703662872 3428
1782931482496 0.1930587738752365 3429
1782931482499 0.17508924007415771 3430
1782931482502 0.5060715675354004 3431
1782931482508 0.4541871249675751 3432
1782931482513 0.5685268640518188 3433
1782931482519 0.2404697984457016 3434
1782931482522 0.3708072006702423 3435
1782931482525 0.18936505913734436 3436
1782931482528 0.32022401690483093 3437
1782931482531 0.8975203633308411 3438
1782931482536 0.5038548111915588 3439
1782931482539 0.31212127208709717 3440
1782931482542 0.30649036169052124 3441
1782931482546 0.32377496361732483 3442
1782931482549 0.28184443712234497 3443
1782931482552 0.2401537001132965 3444
1782931482555 0.176848903298378 3445
1782931482560 0.45999035239219666 3446
1782931482563 0.4432665705680847 3447
1782931482566 0.18366363644599915 3448
1782931482569 0.3233932554721832 3449
1782931482572 0.15241789817810059 3450
1782931482577 0.40478482842445374 3451
1782931482581 0.210601344704628 3452
1782931482584 0.40632492303848267 3453
1782931482587 0.47047731280326843 3454
1782931482591 0.4201921820640564 3455
1782931482595 0.34264764189720154 3456
1782931482598 0.11090119928121567 3457
1782931482600 0.4540414810180664 3458
1782931482604 0.3779749274253845 3459
1782931482607 0.07242558151483536 3460
1782931482610 0.32633358240127563 3461
1782931482613 0.430269718170166 3462
1782931482616 0.2037605345249176 3463
1782931482619 0.685610830783844 3464
1782931482623 0.296328604221344 3465
1782931482626 0.36993956565856934 3466
1782931482630 0.11280320584774017 3467
1782931482633 0.26055699586868286 3468
1782931482636 0.17707914113998413 3469
1782931482639 0.4151388704776764 3470
1782931482643 0.2930200695991516 3471
1782931482646 0.31749701499938965 3472
1782931482649 0.4800291955471039 3473
1782931482652 0.3744046092033386 3474
1782931482655 0.32115277647972107 3475
1782931482659 0.2405034750699997 3476
1782931482662 0.6250035166740417 3477
1782931482666 0.14313951134681702 3478
1782931482669 0.15894843637943268 3479
1782931482672 0.10352959483861923 3480
1782931482675 0.29834216833114624 3481
1782931482678 0.6538181900978088 3482
1782931482681 0.6167908310890198 3483
1782931482684 0.3091980516910553 3484
1782931482687 0.5254836082458496 3485
1782931482690 0.13348659873008728 3486
1782931482694 0.3136969208717346 3487
1782931482697 0.34598714113235474 3488
1782931482700 0.12582354247570038 3489
1782931482703 0.1240348368883133 3490
1782931482706 0.38694867491722107 3491
1782931482709 0.19457098841667175 3492
1782931482712 0.12547624111175537 3493
1782931482715 0.3699575960636139 3494
1782931482718 0.2957940101623535 3495
1782931482721 0.16589364409446716 3496
1782931482724 0.17850451171398163 3497
1782931482727 0.5066835284233093 3498
1782931482731 0.4085994362831116 3499
1782931482734 0.379317969083786 3500
1782931482737 0.35571765899658203 3501
1782931482740 0.4013691842556 3502
1782931482743 0.27798038721084595 3503
1782931482747 0.2967730164527893 3504
1782931482750 0.28107139468193054 3505
1782931482753 0.37433943152427673 3506
1782931482756 0.6183987855911255 3507
1782931482759 0.5456110239028931 3508
1782931482762 0.2741783857345581 3509
1782931482765 0.2880844175815582 3510
1782931482768 0.2488807737827301 3511
1782931482771 0.3056803047657013 3512
1782931482774 0.4534693956375122 3513
1782931482777 0.29337650537490845 3514
1782931482781 0.17631667852401733 3515
1782931482784 0.2484463006258011 3516
1782931482787 0.28491300344467163 3517
1782931482790 0.1340944468975067 3518
1782931482793 0.3542480766773224 3519
1782931482796 0.3807166516780853 3520
1782931482799 0.20826373994350433 3521
1782931482802 0.4943629801273346 3522
1782931482806 0.46823862195014954 3523
1782931482809 0.39241865277290344 3524
1782931482812 0.5087383389472961 3525
1782931482815 0.39617955684661865 3526
1782931482818 0.20627683401107788 3527
1782931482821 0.4604940712451935 3528
1782931482824 0.22857429087162018 3529
1782931482828 0.16665196418762207 3530
1782931482831 0.33287161588668823 3531
1782931482834 0.32575538754463196 3532
1782931482837 0.19604238867759705 3533
1782931482840 0.24921560287475586 3534
1782931482843 0.5079615116119385 3535
1782931482847 0.42313632369041443 3536
1782931482850 0.23715734481811523 3537
1782931482853 0.08519116789102554 3538
1782931482856 0.06378026306629181 3539
1782931482860 0.21681323647499084 3540
1782931482863 0.18821997940540314 3541
1782931482866 0.432925820350647 3542
1782931482869 0.2482551783323288 3543
1782931482872 0.3260376453399658 3544
1782931482876 0.13738122582435608 3545
1782931482879 0.29625505208969116 3546
1782931482882 0.32195207476615906 3547
1782931482885 0.6513959169387817 3548
1782931482888 0.5540480613708496 3549
1782931482891 0.32950618863105774 3550
1782931482895 0.18164359033107758 3551
1782931482898 0.2619490921497345 3552
1782931482902 0.21985766291618347 3553
1782931482905 0.4973549246788025 3554
1782931482908 0.21198436617851257 3555
1782931482911 0.3745652437210083 3556
1782931482915 0.11429448425769806 3557
1782931482917 0.18830551207065582 3558
1782931482921 0.4119679033756256 3559
1782931482924 0.2853660583496094 3560
1782931482927 0.4737408757209778 3561
1782931482930 0.04631736874580383 3562
1782931482933 0.1714746654033661 3563
1782931482936 0.2998099625110626 3564
1782931482939 0.22096723318099976 3565
1782931482942 0.2859673500061035 3566
1782931482945 0.2928391098976135 3567
1782931482948 0.078875832259655 3568
1782931482951 0.3357231616973877 3569
1782931482954 0.4804145097732544 3570
1782931482958 0.41350388526916504 3571
1782931482961 0.4939192235469818 3572
1782931482964 0.13420972228050232 3573
1782931482968 0.21337924897670746 3574
1782931482971 0.18711072206497192 3575
1782931482974 0.4157092869281769 3576
1782931482978 0.2531101703643799 3577
1782931482982 0.21214431524276733 3578
1782931482986 0.1999952346086502 3579
1782931482989 0.3007407784461975 3580
1782931482993 0.1789385974407196 3581
1782931482996 0.5576517581939697 3582
1782931482999 0.42620792984962463 3583
1782931483002 0.41492488980293274 3584
1782931483006 0.37954291701316833 3585
1782931483009 0.21902091801166534 3586
1782931483012 0.17879267036914825 3587
1782931483015 0.30901098251342773 3588
1782931483018 0.22265329957008362 3589
1782931483022 0.2575277090072632 3590
1782931483025 0.5005380511283875 3591
1782931483029 0.2594723105430603 3592
1782931483032 0.512435257434845 3593
1782931483035 0.43877843022346497 3594
1782931483038 0.25254496932029724 3595
1782931483041 0.034848567098379135 3596
1782931483044 0.08214598894119263 3597
1782931483047 0.48850253224372864 3598
1782931483050 0.3206592798233032 3599
1782931483053 0.2752840220928192 3600
1782931483056 0.594084620475769 3601
1782931483059 0.5600064396858215 3602
1782931483062 0.35597261786460876 3603
1782931483065 0.19998931884765625 3604
1782931483068 0.40306752920150757 3605
1782931483071 0.15749062597751617 3606
1782931483074 0.34815895557403564 3607
1782931483078 0.32165172696113586 3608
1782931483082 0.3894919753074646 3609
1782931483085 0.5037246346473694 3610
1782931483088 0.3106911778450012 3611
1782931483091 0.22152531147003174 3612
1782931483095 0.407662034034729 3613
1782931483098 0.28521785140037537 3614
1782931483101 0.15532194077968597 3615
1782931483104 0.11800216883420944 3616
1782931483110 0.4181672930717468 3617
1782931483114 0.11223740875720978 3618
1782931483117 0.41062256693840027 3619
1782931483122 0.2033570259809494 3620
1782931483126 0.13017509877681732 3621
1782931483130 0.6886610388755798 3622
1782931483133 0.08830109238624573 3623
1782931483136 0.2839921712875366 3624
1782931483139 0.27762696146965027 3625
1782931483143 0.2962386906147003 3626
1782931483150 0.11632067710161209 3627
1782931483154 0.4661504328250885 3628
1782931483157 0.8072699904441833 3629
1782931483160 0.08099357038736343 3630
1782931483163 0.3101237118244171 3631
1782931483166 0.13593479990959167 3632
1782931483169 0.269396036863327 3633
1782931483172 0.28929704427719116 3634
1782931483176 0.27139806747436523 3635
1782931483179 0.6721163392066956 3636
1782931483182 0.46712929010391235 3637
1782931483185 0.24118942022323608 3638
1782931483188 0.26354557275772095 3639
1782931483191 0.24117660522460938 3640
1782931483194 0.3030245900154114 3641
1782931483197 0.1580977737903595 3642
1782931483200 0.18774059414863586 3643
1782931483203 0.5381056070327759 3644
1782931483206 0.2447083741426468 3645
1782931483209 0.42299166321754456 3646
1782931483212 0.25769972801208496 3647
1782931483216 0.49325963854789734 3648
1782931483219 0.2884620428085327 3649
1782931483222 0.17576570808887482 3650
1782931483225 0.07149190455675125 3651
1782931483228 0.1194339245557785 3652
1782931483231 0.11673308163881302 3653
1782931483234 0.31342726945877075 3654
1782931483237 0.3791429400444031 3655
1782931483240 0.5208562612533569 3656
1782931483243 0.5908542275428772 3657
1782931483246 0.34741154313087463 3658
1782931483249 0.2228274643421173 3659
1782931483252 0.3046025037765503 3660
1782931483255 0.2614683210849762 3661
1782931483259 0.3320297598838806 3662
1782931483262 0.14610902965068817 3663
1782931483265 0.3856445848941803 3664
1782931483270 0.37218111753463745 3665
1782931483274 0.2691522240638733 3666
1782931483278 0.32010623812675476 3667
1782931483281 0.13077229261398315 3668
1782931483284 0.468036949634552 3669
1782931483287 0.24770861864089966 3670
1782931483290 0.5191445350646973 3671
1782931483293 0.4227584898471832 3672
1782931483296 0.31189972162246704 3673
1782931483299 0.06515560299158096 3674
1782931483302 0.39110320806503296 3675
1782931483305 0.55646151304245 3676
1782931483309 0.4455280005931854 3677
1782931483312 0.19411061704158783 3678
1782931483315 0.47043734788894653 3679
1782931483318 0.1418379545211792 3680
1782931483321 0.2836374044418335 3681
1782931483325 0.35301920771598816 3682
1782931483328 0.09442790597677231 3683
1782931483332 0.17648956179618835 3684
1782931483335 0.11186090111732483 3685
1782931483337 0.22356942296028137 3686
1782931483339 0.36854246258735657 3687
1782931483342 0.37244299054145813 3688
1782931483344 0.2682400941848755 3689
1782931483346 0.6814636588096619 3690
1782931483348 0.47274908423423767 3691
1782931483350 1.0646864175796509 3692
1782931483352 0.2601240873336792 3693
1782931483354 0.6214622855186462 3694
1782931483357 0.3596017360687256 3695
1782931483359 0.8477457165718079 3696
1782931483361 0.14814013242721558 3697
1782931483363 0.08818256109952927 3698
1782931483365 0.3456413149833679 3699
1782931483367 0.23207829892635345 3700
1782931483369 0.26519516110420227 3701
1782931483371 0.21443523466587067 3702
1782931483374 0.9333300590515137 3703
1782931483376 0.3401317298412323 3704
1782931483379 0.23739352822303772 3705
1782931483381 0.28586599230766296 3706
1782931483383 0.1512261927127838 3707
1782931483385 0.6098597645759583 3708
1782931483387 0.15330743789672852 3709
1782931483389 0.21558699011802673 3710
1782931483391 0.834861159324646 3711
1782931483394 0.4066360890865326 3712
1782931483396 0.46556320786476135 3713
1782931483398 0.618374764919281 3714
1782931483400 0.4307839870452881 3715
1782931483402 0.2910206913948059 3716
1782931483404 0.3064906895160675 3717
1782931483406 0.3767663538455963 3718
1782931483409 0.24606089293956757 3719
1782931483411 0.18433746695518494 3720
1782931483413 0.2544245719909668 3721
1782931483415 0.155983567237854 3722
1782931483417 0.2797664701938629 3723
1782931483419 0.27703166007995605 3724
1782931483421 0.39234453439712524 3725
1782931483424 0.3456953763961792 3726
1782931483426 0.3221774995326996 3727
1782931483428 0.22971242666244507 3728
1782931483451 0.1862107366323471 3729
1782931483454 0.2972801923751831 3730
1782931483456 0.09695093333721161 3731
1782931483459 0.41279152035713196 3732
1782931483462 0.5736923217773438 3733
1782931483464 0.19948382675647736 3734
1782931483466 0.15396209061145782 3735
1782931483468 0.4342937469482422 3736
1782931483470 0.07995827496051788 3737
1782931483472 0.4952751398086548 3738
1782931483477 0.3269427716732025 3739
1782931483481 0.6210458278656006 3740
1782931483483 0.21608054637908936 3741
1782931483485 0.6587766408920288 3742
1782931483487 0.4572042226791382 3743
1782931483489 0.2370445877313614 3744
1782931483492 0.1437562108039856 3745
1782931483494 0.5677710175514221 3746
1782931483496 0.2929859161376953 3747
1782931483498 0.20591364800930023 3748
1782931483500 0.533729076385498 3749
1782931483788 0.2908247411251068 3750
1782931483790 0.1167498305439949 3751
1782931483792 0.5007035732269287 3752
1782931483795 0.35375258326530457 3753
1782931483797 0.37556222081184387 3754
1782931483799 0.1024840772151947 3755
1782931483802 0.37968260049819946 3756
1782931483804 0.3302508592605591 3757
1782931483806 0.17156904935836792 3758
1782931483808 0.5912505388259888 3759
1782931483811 0.19206427037715912 3760
1782931483813 0.14949370920658112 3761
1782931483815 0.49535199999809265 3762
1782931483817 0.21938884258270264 3763
1782931483820 0.6195768117904663 3764
1782931483822 0.3227705955505371 3765
1782931483824 0.33830466866493225 3766
1782931483826 0.3528478443622589 3767
1782931483828 0.25520798563957214 3768
1782931483830 0.26005589962005615 3769
1782931483832 0.2461053729057312 3770
1782931483835 0.25707370042800903 3771
1782931483837 0.4073714315891266 3772
1782931483839 0.17858898639678955 3773
1782931483841 0.18677470088005066 3774
1782931483843 0.19530220329761505 3775
1782931483846 0.09157924354076385 3776
1782931483848 0.13444437086582184 3777
1782931483850 0.18456026911735535 3778
1782931483852 0.31524530053138733 3779
1782931483855 0.1046215295791626 3780
1782931483859 0.08599618822336197 3781
1782931483862 0.5502662658691406 3782
1782931483864 0.36358150839805603 3783
1782931483866 0.10834649205207825 3784
1782931483868 0.3118768334388733 3785
1782931483870 0.42168042063713074 3786
1782931483873 0.307123064994812 3787
1782931483875 0.1387309581041336 3788
1782931483878 0.1635437160730362 3789
1782931483880 0.38800907135009766 3790
1782931483882 0.2784557342529297 3791
1782931483884 0.2620181143283844 3792
1782931483886 0.4921890199184418 3793
1782931483888 0.21640793979167938 3794
1782931483891 0.2897758185863495 3795
1782931483893 0.40341129899024963 3796
1782931483895 0.37347012758255005 3797
1782931483897 0.47488933801651 3798
1782931483899 0.34560903906822205 3799
1782931483902 0.3117072284221649 3800
1782931483904 0.24847686290740967 3801
1782931483906 0.3934321403503418 3802
1782931483909 0.3263826370239258 3803
1782931483911 0.2707403898239136 3804
1782931483913 0.23390623927116394 3805
1782931483915 0.22237801551818848 3806
1782931483917 0.2061762511730194 3807
1782931483920 0.25067657232284546 3808
1782931483922 0.7038050293922424 3809
1782931483925 0.5518537759780884 3810
1782931483927 0.1503385454416275 3811
1782931483929 0.16087058186531067 3812
1782931483932 0.3066301643848419 3813
1782931483934 0.19693884253501892 3814
1782931483936 0.32316622138023376 3815
1782931483938 0.11442779749631882 3816
1782931483941 0.22523915767669678 3817
1782931483945 0.3731685280799866 3818
1782931483947 0.1152743473649025 3819
1782931483949 0.4455436170101166 3820
1782931483951 0.14205893874168396 3821
1782931483953 0.22824303805828094 3822
1782931483955 0.19601482152938843 3823
1782931483960 0.0936206802725792 3824
1782931483963 0.17268434166908264 3825
1782931483965 0.13431032001972198 3826
1782931483967 0.1219041496515274 3827
1782931483969 0.18120743334293365 3828
1782931483971 0.060110222548246384 3829
1782931483973 0.18556566536426544 3830
1782931483976 0.33228757977485657 3831
1782931483978 0.49428436160087585 3832
1782931483980 0.1616976410150528 3833
1782931483982 0.13359197974205017 3834
1782931483984 0.3542596101760864 3835
1782931483986 0.47382456064224243 3836
1782931483988 0.31041833758354187 3837
1782931483991 0.19109314680099487 3838
1782931483993 0.16785286366939545 3839
1782931483995 0.24145428836345673 3840
1782931483997 0.0600091777741909 3841
1782931483999 0.17001096904277802 3842
1782931484002 0.3468422591686249 3843
1782931484004 0.16404905915260315 3844
1782931484006 0.21230454742908478 3845
1782931484008 0.3240400552749634 3846
1782931484011 0.7321902513504028 3847
1782931484013 0.14402395486831665 3848
1782931484015 0.727592408657074 3849
1782931484017 0.506543755531311 3850
1782931484019 0.373730331659317 3851
1782931484021 0.6075232028961182 3852
1782931484023 0.31873857975006104 3853
1782931484026 0.578963577747345 3854
1782931484028 0.09056004881858826 3855
1782931484030 0.5075349807739258 3856
1782931484032 0.45964792370796204 3857
1782931484034 0.078040711581707 3858
1782931484036 0.26911836862564087 3859
1782931484038 0.22919894754886627 3860
1782931484041 0.16556695103645325 3861
1782931484043 0.4156043529510498 3862
1782931484045 0.18922404944896698 3863
1782931484047 0.18436264991760254 3864
1782931484049 0.06226280704140663 3865
1782931484051 0.2807305157184601 3866
1782931484053 0.5146165490150452 3867
1782931484056 0.4907991290092468 3868
1782931484058 0.2993380129337311 3869
1782931484060 0.401611328125 3870
1782931484063 0.5965484976768494 3871
1782931484065 0.5477922558784485 3872
1782931484067 0.22145874798297882 3873
1782931484069 0.6572241187095642 3874
1782931484071 0.2705807089805603 3875
1782931484074 0.429565966129303 3876
1782931484076 0.29406148195266724 3877
1782931484078 0.21544627845287323 3878
1782931484080 0.30311015248298645 3879
1782931484082 0.21095460653305054 3880
1782931484085 0.4019981324672699 3881
1782931484087 0.39001545310020447 3882
1782931484090 0.7089937329292297 3883
1782931484093 0.2832586169242859 3884
1782931484095 0.2959130108356476 3885
1782931484097 0.257316529750824 3886
1782931484099 0.20191532373428345 3887
1782931484103 0.42677003145217896 3888
1782931484105 0.22481946647167206 3889
1782931484109 0.36640048027038574 3890
1782931484111 0.6235677003860474 3891
1782931484113 0.4840187728404999 3892
1782931484115 0.3485633432865143 3893
1782931484117 0.3665403723716736 3894
1782931484120 0.032662734389305115 3895
1782931484122 0.15649141371250153 3896
1782931484124 0.2423146814107895 3897
1782931484126 0.33490079641342163 3898
1782931484128 0.1425636261701584 3899
1782931484130 0.24792249500751495 3900
1782931484132 0.5157395601272583 3901
1782931484135 0.2341328263282776 3902
1782931484137 0.2570691406726837 3903
1782931484139 0.5691858530044556 3904
1782931484141 0.3619164228439331 3905
1782931484143 0.1718687266111374 3906
1782931484146 0.47183793783187866 3907
1782931484148 0.22416186332702637 3908
1782931484150 0.402811735868454 3909
1782931484152 0.7920253872871399 3910
1782931484154 0.18805226683616638 3911
1782931484156 0.1700216382741928 3912
1782931484158 0.26119643449783325 3913
1782931484161 0.2141604870557785 3914
1782931484163 0.4039295017719269 3915
1782931484165 0.5687231421470642 3916
1782931484167 0.34524011611938477 3917
1782931484169 0.47303617000579834 3918
1782931484171 0.45290595293045044 3919
1782931484173 0.22893671691417694 3920
1782931484176 0.32245928049087524 3921
1782931484178 0.27739959955215454 3922
1782931484180 0.23963674902915955 3923
1782931484182 0.30349791049957275 3924
1782931484184 0.13304366171360016 3925
1782931484186 0.3098497986793518 3926
1782931484188 0.17376777529716492 3927
1782931484191 0.2816486358642578 3928
1782931484193 0.3119118809700012 3929
1782931484195 0.5048589110374451 3930
1782931484197 0.3425756096839905 3931
1782931484199 0.20632638037204742 3932
1782931484201 0.10331829637289047 3933
1782931484204 0.2094254344701767 3934
1782931484206 0.3594580590724945 3935
1782931484208 0.09224390983581543 3936
1782931484210 0.19652754068374634 3937
1782931484212 0.5196303129196167 3938
1782931484215 0.19260510802268982 3939
1782931484217 0.5789070725440979 3940
1782931484219 0.13204096257686615 3941
1782931484221 0.12542259693145752 3942
1782931484224 0.28459250926971436 3943
1782931484226 0.10997023433446884 3944
1782931484229 0.2898559868335724 3945
1782931484231 0.20179808139801025 3946
1782931484233 0.047587767243385315 3947
1782931484235 0.587361752986908 3948
1782931484237 0.20409440994262695 3949
1782931484241 0.25186750292778015 3950
1782931484243 0.3796481788158417 3951
1782931484245 0.25937485694885254 3952
1782931484247 0.564632773399353 3953
1782931484249 0.39783719182014465 3954
1782931484252 0.11688697338104248 3955
1782931484254 0.5306806564331055 3956
1782931484256 0.3899286091327667 3957
1782931484258 0.10795553773641586 3958
1782931484260 0.27246159315109253 3959
1782931484262 0.22866009175777435 3960
1782931484264 0.28640568256378174 3961
1782931484267 0.34964466094970703 3962
1782931484269 0.5969371795654297 3963
1782931484271 0.05295338109135628 3964
1782931484273 0.5906201601028442 3965
1782931484275 0.2577211260795593 3966
1782931484277 0.23547248542308807 3967
1782931484280 0.5257574319839478 3968
1782931484282 0.509630024433136 3969
1782931484284 0.22687961161136627 3970
1782931484286 0.3659420609474182 3971
1782931484288 0.491624653339386 3972
1782931484290 0.3080027401447296 3973
1782931484294 0.09197748452425003 3974
1782931484297 0.0772508829832077 3975
1782931484302 0.33044272661209106 3976
1782931484304 0.24897804856300354 3977
1782931484310 0.374196857213974 3978
1782931484313 0.23044490814208984 3979
1782931484315 0.1940428614616394 3980
1782931484317 0.39838314056396484 3981
1782931484319 0.4223400354385376 3982
1782931484321 0.3207361102104187 3983
1782931484324 0.2446582317352295 3984
1782931484326 0.23638296127319336 3985
1782931484352 0.3869551718235016 3986
1782931484356 0.48425495624542236 3987
1782931484360 0.18708133697509766 3988
1782931484362 0.3660912811756134 3989
1782931484364 0.18499213457107544 3990
1782931484387 0.39266371726989746 3991
1782931484393 0.14976030588150024 3992
1782931484397 0.31199267506599426 3993
1782931484401 0.31585052609443665 3994
1782931484405 0.3909319043159485 3995
1782931484454 0.4920670986175537 3996
1782931484458 0.23322264850139618 3997
1782931484461 0.42783689498901367 3998
1782931484464 0.35319286584854126 3999
1782931484468 0.2770107686519623 4000
1782931484471 0.1749660223722458 4001
1782931484475 0.1855974793434143 4002
1782931484479 0.12435168772935867 4003
1782931484482 0.37823987007141113 4004
1782931484485 0.1583869606256485 4005
1782931484489 0.34643876552581787 4006
1782931484493 0.19771964848041534 4007
1782931484497 0.33022603392601013 4008
1782931484500 0.5388219952583313 4009
1782931484503 0.6029105186462402 4010
1782931484506 0.449256956577301 4011
1782931484510 0.20528070628643036 4012
1782931484513 0.48304083943367004 4013
1782931484516 0.3385523557662964 4014
1782931484519 0.23698581755161285 4015
1782931484522 0.6312617659568787 4016
1782931484527 0.16899093985557556 4017
1782931484531 0.37861910462379456 4018
1782931484535 0.33609893918037415 4019
1782931484544 0.23900601267814636 4020
1782931484548 0.13941709697246552 4021
1782931484551 0.22492380440235138 4022
1782931484554 0.19239698350429535 4023
1782931484557 0.2402174323797226 4024
1782931484563 0.21608230471611023 4025
1782931484572 0.2513788044452667 4026
1782931484575 0.3131641149520874 4027
1782931484583 0.5135838985443115 4028
1782931484587 0.4558996260166168 4029
1782931484591 0.8004297018051147 4030
1782931484594 0.14480896294116974 4031
1782931484597 0.7936806678771973 4032
1782931484600 0.2690545618534088 4033
1782931484604 0.14700715243816376 4034
1782931484607 0.3812505304813385 4035
1782931484610 0.1363581269979477 4036
1782931484618 0.4367091655731201 4037
1782931484621 0.5053671002388 4038
1782931484625 0.2694769501686096 4039
1782931484628 0.7604785561561584 4040
1782931484631 0.22907209396362305 4041
1782931484635 0.20444126427173615 4042
1782931484638 0.27636128664016724 4043
1782931484643 0.09955407679080963 4044
1782931484646 0.5247597694396973 4045
1782931484649 0.29667994379997253 4046
1782931484652 0.4451443552970886 4047
1782931484655 0.13632172346115112 4048
1782931484660 0.40275809168815613 4049
1782931484663 0.12977777421474457 4050
1782931484667 0.1199209913611412 4051
1782931484670 0.6115233302116394 4052
1782931484673 0.3076938986778259 4053
1782931484677 0.2160688191652298 4054
1782931484680 0.09225437045097351 4055
1782931484683 0.3654974102973938 4056
1782931484686 0.36388254165649414 4057
1782931484689 0.1315407007932663 4058
1782931484693 0.5875115394592285 4059
1782931484696 0.1793714016675949 4060
1782931484700 0.4095142185688019 4061
1782931484706 0.4514108896255493 4062
1782931484709 0.2547920346260071 4063
1782931484713 0.18237002193927765 4064
1782931484716 0.2989966571331024 4065
1782931484719 0.19333390891551971 4066
1782931484722 0.4650272727012634 4067
1782931484725 0.4283243417739868 4068
1782931484729 0.20072656869888306 4069
1782931484732 0.3160332441329956 4070
1782931484735 0.19033055007457733 4071
1782931484738 0.20514646172523499 4072
1782931484741 0.19966210424900055 4073
1782931484744 0.20621314644813538 4074
1782931484747 0.23232655227184296 4075
1782931484750 0.3332899808883667 4076
1782931484753 0.19057044386863708 4077
1782931484757 0.38232848048210144 4078
1782931484760 0.24458666145801544 4079
1782931484763 0.8466680645942688 4080
1782931484766 0.11259009689092636 4081
1782931484769 0.17131407558918 4082
1782931484772 0.326068252325058 4083
1782931484775 0.08846137672662735 4084
1782931484779 0.21468651294708252 4085
1782931484782 0.20668645203113556 4086
1782931484785 0.3522387444972992 4087
1782931484788 0.6104419231414795 4088
1782931484791 0.32971933484077454 4089
1782931484794 0.0725480392575264 4090
1782931484797 0.7799240946769714 4091
1782931484800 0.11858182400465012 4092
1782931484803 0.31543922424316406 4093
1782931484806 0.31065091490745544 4094
1782931484810 0.23807157576084137 4095
1782931484813 0.23796728253364563 4096
1782931484816 0.3444715440273285 4097
1782931484819 0.16808466613292694 4098
1782931484822 0.11791133135557175 4099
1782931484825 0.3679349720478058 4100
1782931484829 0.24097168445587158 4101
1782931484832 0.2519618570804596 4102
1782931484835 0.17534148693084717 4103
1782931484838 0.900624692440033 4104
1782931484841 0.1675661951303482 4105
1782931484845 0.39421209692955017 4106
1782931484848 0.591109573841095 4107
1782931484851 0.16410306096076965 4108
1782931484855 0.5697571039199829 4109
1782931484860 0.4182209074497223 4110
1782931484864 0.139083594083786 4111
1782931484867 0.20241375267505646 4112
1782931484870 0.29396337270736694 4113
1782931484873 0.519862711429596 4114
1782931484877 0.7377040982246399 4115
1782931484880 0.20116664469242096 4116
1782931484883 0.45989611744880676 4117
1782931484886 0.6042245030403137 4118
1782931484889 0.19539009034633636 4119
1782931484892 0.43059590458869934 4120
1782931484895 0.3376871943473816 4121
1782931484898 0.07931958138942719 4122
1782931484901 0.2735471725463867 4123
1782931484904 0.21936461329460144 4124
1782931484907 0.5851038098335266 4125
1782931484911 0.6071241497993469 4126
1782931484914 0.6339132785797119 4127
1782931484918 0.7814950942993164 4128
1782931484921 0.19888930022716522 4129
1782931484924 0.5297196507453918 4130
1782931484927 0.2868430018424988 4131
1782931484930 0.4268346130847931 4132
1782931484933 0.30431488156318665 4133
1782931484937 0.29036062955856323 4134
1782931484940 0.11303137242794037 4135
1782931484943 0.14847679436206818 4136
1782931484946 0.4659636914730072 4137
1782931484950 0.4187992811203003 4138
1782931484953 0.28698235750198364 4139
1782931484956 0.35399720072746277 4140
1782931484960 0.21796254813671112 4141
1782931484964 0.1719083935022354 4142
1782931484969 0.14381267130374908 4143
1782931484975 0.11369676887989044 4144
1782931484978 0.4783419668674469 4145
1782931484981 0.3835298418998718 4146
1782931484984 0.13941344618797302 4147
1782931484987 0.48483791947364807 4148
1782931484992 0.22574301064014435 4149
1782931484996 0.23512816429138184 4150
1782931484999 0.7320150136947632 4151
1782931485002 0.20170480012893677 4152
1782931485005 0.2914063632488251 4153
1782931485009 0.2760423719882965 4154
1782931485012 0.24114671349525452 4155
1782931485015 0.4098954498767853 4156
1782931485018 0.3655998110771179 4157
1782931485022 0.45456093549728394 4158
1782931485026 0.5961076021194458 4159
1782931485029 0.40882521867752075 4160
1782931485032 0.1840457022190094 4161
1782931485035 0.2831314504146576 4162
1782931485038 0.3281649649143219 4163
1782931485042 0.5610854029655457 4164
1782931485045 0.20574842393398285 4165
1782931485048 0.0727347880601883 4166
1782931485051 0.23672747611999512 4167
1782931485054 0.11252842098474503 4168
1782931485057 0.20545394718647003 4169
1782931485061 0.47059568762779236 4170
1782931485064 0.21174703538417816 4171
1782931485067 0.30605974793434143 4172
1782931485071 0.23795591294765472 4173
1782931485074 0.24667146801948547 4174
1782931485077 0.14808426797389984 4175
1782931485080 0.31118831038475037 4176
1782931485083 0.3203176259994507 4177
1782931485086 0.35885897278785706 4178
1782931485090 0.6540799736976624 4179
1782931485094 0.17426376044750214 4180
1782931485097 0.5711257457733154 4181
1782931485101 0.10760737210512161 4182
1782931485104 0.5613231062889099 4183
1782931485107 0.644714891910553 4184
1782931485111 0.7900915741920471 4185
1782931485114 0.40441030263900757 4186
1782931485117 0.39551103115081787 4187
1782931485121 0.3650335669517517 4188
1782931485125 0.4278135895729065 4189
1782931485128 0.7638882994651794 4190
1782931485132 0.38391944766044617 4191
1782931485135 0.2357756793498993 4192
1782931485138 0.17795102298259735 4193
1782931485141 0.2665601670742035 4194
1782931485145 0.2473907172679901 4195
1782931485148 0.6317083835601807 4196
1782931485151 0.3295803368091583 4197
1782931485154 0.09765283018350601 4198
1782931485159 0.4404062330722809 4199
1782931485162 0.12558940052986145 4200
1782931485165 0.7016895413398743 4201
1782931485168 0.5519819855690002 4202
1782931485172 0.17772707343101501 4203
1782931485175 0.35037752985954285 4204
1782931485179 0.302008718252182 4205
1782931485181 0.15857498347759247 4206
1782931485184 0.5642867684364319 4207
1782931485190 0.20943062007427216 4208
1782931485194 0.1339358240365982 4209
1782931485199 0.14850038290023804 4210
1782931485202 0.3836652934551239 4211
1782931485205 0.6779837608337402 4212
1782931485208 0.287222683429718 4213
1782931485211 0.45759475231170654 4214
1782931485215 0.16667914390563965 4215
1782931485218 0.36526885628700256 4216
1782931485220 0.38233470916748047 4217
1782931485223 0.28707683086395264 4218
1782931485227 0.2878496050834656 4219
1782931485230 0.9528567790985107 4220
1782931485233 0.3109704256057739 4221
1782931485235 0.16917212307453156 4222
1782931485238 0.07629866153001785 4223
1782931485242 0.4854696989059448 4224
1782931485245 0.21814057230949402 4225
1782931485248 0.4329575300216675 4226
1782931485251 0.1473129391670227 4227
1782931485254 0.5789138078689575 4228
1782931485257 0.4799688160419464 4229
1782931485263 0.3281027674674988 4230
1782931485266 0.34776902198791504 4231
1782931485269 0.49069714546203613 4232
1782931485272 0.07605695724487305 4233
1782931485276 0.22018498182296753 4234
1782931485279 0.5174534320831299 4235
1782931485282 0.0847008004784584 4236
1782931485285 0.3279719352722168 4237
1782931485287 0.42464572191238403 4238
1782931485290 0.27840885519981384 4239
1782931485294 0.7763447761535645 4240
1782931485297 0.21799784898757935 4241
1782931485300 0.5724005103111267 4242
1782931485303 0.18369342386722565 4243
1782931485305 0.341352641582489 4244
1782931485309 0.10885303467512131 4245
1782931485312 0.5208460092544556 4246
1782931485315 0.48056939244270325 4247
1782931485318 0.31128159165382385 4248
1782931485321 0.5698522329330444 4249
1782931485325 0.41658005118370056 4250
1782931485328 0.21178802847862244 4251
1782931485331 0.27614691853523254 4252
1782931485333 0.21022115647792816 4253
1782931485336 0.39431342482566833 4254
1782931485339 0.08909144997596741 4255
1782931485343 0.22056740522384644 4256
1782931485346 0.2529287040233612 4257
1782931485349 0.13285869359970093 4258
1782931485351 0.13052968680858612 4259
1782931485354 0.27706608176231384 4260
1782931485358 0.30908846855163574 4261
1782931485361 0.46873995661735535 4262
1782931485364 0.06224264204502106 4263
1782931485367 0.33171525597572327 4264
1782931485372 0.18964679539203644 4265
1782931485375 0.33180680871009827 4266
1782931485378 0.11582117527723312 4267
1782931485381 0.46006134152412415 4268
1782931485384 0.495819628238678 4269
1782931485388 0.33849191665649414 4270
1782931485391 0.24807319045066833 4271
1782931485394 0.3003648817539215 4272
1782931485397 0.16455383598804474 4273
1782931485401 0.2958187460899353 4274
1782931485404 0.24970902502536774 4275
1782931485407 0.4472494125366211 4276
1782931485410 0.5292417407035828 4277
1782931485413 0.1814228594303131 4278
1782931485416 0.6580474376678467 4279
1782931485419 0.19752325117588043 4280
1782931485423 0.09929865598678589 4281
1782931485426 0.3048490583896637 4282
1782931485429 0.45826005935668945 4283
1782931485432 0.20794561505317688 4284
1782931485435 0.2760159373283386 4285
1782931485438 0.26766279339790344 4286
1782931485442 0.20842964947223663 4287
1782931485445 0.09259342402219772 4288
1782931485448 0.8470028638839722 4289
1782931485451 0.28342682123184204 4290
1782931485454 0.265351802110672 4291
1782931485457 0.5399448871612549 4292
1782931485461 0.13789618015289307 4293
1782931485466 0.4011533260345459 4294
1782931485470 0.45420652627944946 4295
1782931485473 0.2649609446525574 4296
1782931485477 0.6593611836433411 4297
1782931485480 0.33911746740341187 4298
1782931485483 0.18581700325012207 4299
1782931485486 0.33811748027801514 4300
1782931485490 0.3251561224460602 4301
1782931485493 0.5116450190544128 4302
1782931485497 0.09095794707536697 4303
1782931485500 0.1999768614768982 4304
1782931485503 0.3731246590614319 4305
1782931485506 0.2812102138996124 4306
1782931485510 0.4600581228733063 4307
1782931485513 0.2549894154071808 4308
1782931485516 0.10411899536848068 4309
1782931485519 0.32696956396102905 4310
1782931485522 0.3438253104686737 4311
1782931485526 0.10200975835323334 4312
1782931485529 0.44683247804641724 4313
1782931485532 0.47294890880584717 4314
1782931485535 0.07014469057321548 4315
1782931485538 0.20335136353969574 4316
1782931485541 0.23716355860233307 4317
1782931485545 0.35611408948898315 4318
1782931485548 0.15635597705841064 4319
1782931485551 0.4465659558773041 4320
1782931485554 0.27535516023635864 4321
1782931485558 0.45231276750564575 4322
1782931485562 0.22411057353019714 4323
1782931485565 0.45915350317955017 4324
1782931485569 0.43095046281814575 4325
1782931485573 0.4989596903324127 4326
1782931485577 0.15408127009868622 4327
1782931485581 0.5722120404243469 4328
1782931485584 0.1980665624141693 4329
1782931485586 0.38973695039749146 4330
1782931485589 0.42996537685394287 4331
1782931485594 0.5254465937614441 4332
1782931485597 0.25177404284477234 4333
1782931485600 0.1365938037633896 4334
1782931485603 0.40026524662971497 4335
1782931485607 0.5784361958503723 4336
1782931485610 0.22931288182735443 4337
1782931485614 0.20502310991287231 4338
1782931485622 0.3127630949020386 4339
1782931485627 0.3821256458759308 4340
1782931485632 0.24209275841712952 4341
1782931485636 0.37103933095932007 4342
1782931485639 0.40093332529067993 4343
1782931485643 0.3494533598423004 4344
1782931485646 0.1784638613462448 4345
1782931485649 0.21615946292877197 4346
1782931485652 0.4697442352771759 4347
1782931485656 0.28757911920547485 4348
1782931485659 0.3064182996749878 4349
1782931485662 0.6046193838119507 4350
1782931485666 0.3012257218360901 4351
1782931485668 0.5573118329048157 4352
1782931485671 0.24387775361537933 4353
1782931485675 0.3442542850971222 4354
1782931485678 0.38936561346054077 4355
1782931485681 0.32860252261161804 4356
1782931485684 0.409965455532074 4357
1782931485687 0.14423172175884247 4358
1782931485691 0.5127986073493958 4359
1782931485694 0.31203731894493103 4360
1782931485698 0.5648971796035767 4361
1782931485701 0.1659637838602066 4362
1782931485704 0.3398904502391815 4363
1782931485707 0.4992738962173462 4364
1782931485710 0.1931820809841156 4365
1782931485714 0.3483143746852875 4366
1782931485717 0.4200674593448639 4367
1782931485720 0.43539825081825256 4368
1782931485723 0.6866880059242249 4369
1782931485726 0.45488372445106506 4370
1782931485729 0.2783966362476349 4371
1782931485733 0.14109662175178528 4372
1782931485736 0.15890906751155853 4373
1782931485739 0.47085025906562805 4374
1782931485742 0.613548994064331 4375
1782931485746 0.13859352469444275 4376
1782931485749 0.10367026180028915 4377
1782931485752 0.3088971972465515 4378
1782931485756 0.14490631222724915 4379
1782931485759 0.37874922156333923 4380
1782931485762 0.2841196060180664 4381
1782931485765 0.3737848699092865 4382
1782931485768 0.1549922525882721 4383
1782931485771 0.1724720448255539 4384
1782931485774 0.19665080308914185 4385
1782931485778 0.19887426495552063 4386
1782931485781 0.09507092833518982 4387
1782931485784 0.2045014351606369 4388
1782931485787 0.1593049168586731 4389
1782931485791 0.23779810965061188 4390
1782931485796 0.21203015744686127 4391
1782931485799 0.22338716685771942 4392
1782931485802 0.46450725197792053 4393
1782931485805 0.23798957467079163 4394
1782931485808 0.4448580741882324 4395
1782931485812 0.35079774260520935 4396
1782931485815 0.26330649852752686 4397
1782931485818 0.5126754641532898 4398
1782931485821 0.27599576115608215 4399
1782931485825 0.218500018119812 4400
1782931485828 0.13669054210186005 4401
1782931485832 0.4388311505317688 4402
1782931485835 0.4273372292518616 4403
1782931485838 0.38789090514183044 4404
1782931485841 0.49983298778533936 4405
1782931485845 0.0862969383597374 4406
1782931485848 0.3685302436351776 4407
1782931485852 0.33817800879478455 4408
1782931485855 0.2587403953075409 4409
1782931485860 0.2570778727531433 4410
1782931485864 0.24167588353157043 4411
1782931485867 0.1960921436548233 4412
1782931485870 0.11208441108465195 4413
1782931485873 0.40259119868278503 4414
1782931485877 0.2385420948266983 4415
1782931485880 0.05961517617106438 4416
1782931485883 0.2601430416107178 4417
1782931485886 0.23281581699848175 4418
1782931485889 0.5957546234130859 4419
1782931485893 0.1299111247062683 4420
1782931485896 0.245991513133049 4421
1782931485899 0.27705132961273193 4422
1782931485902 0.29736804962158203 4423
1782931485906 0.29026204347610474 4424
1782931485909 0.2755889594554901 4425
1782931485912 0.4305659234523773 4426
1782931485916 0.38383376598358154 4427
1782931485919 0.10036512464284897 4428
1782931485922 0.3294552266597748 4429
1782931485925 0.13806825876235962 4430
1782931485929 0.13950391113758087 4431
1782931485932 0.2614630460739136 4432
1782931485935 0.16923972964286804 4433
1782931485939 0.15899072587490082 4434
1782931485942 0.09050676971673965 4435
1782931485946 0.12473807483911514 4436
1782931485949 0.21271899342536926 4437
1782931485952 0.2555631697177887 4438
1782931485955 0.4627264738082886 4439
1782931485958 0.22093233466148376 4440
1782931485962 0.7775558829307556 4441
1782931485965 0.06322409957647324 4442
1782931485968 0.35867321491241455 4443
1782931485971 0.11496008187532425 4444
1782931485974 0.23303376138210297 4445
1782931485977 0.6994900107383728 4446
1782931485980 0.27645742893218994 4447
1782931485983 0.1011386513710022 4448
1782931485986 0.2514825165271759 4449
1782931485989 0.32094287872314453 4450
1782931485993 0.2212563306093216 4451
1782931485996 0.39240649342536926 4452
1782931486000 0.2850508391857147 4453
1782931486003 0.4461178183555603 4454
1782931486006 0.1552029401063919 4455
1782931486010 0.15672463178634644 4456
1782931486013 0.38515380024909973 4457
1782931486016 0.15175923705101013 4458
1782931486019 0.19205504655838013 4459
1782931486022 0.2525922954082489 4460
1782931486026 0.19649247825145721 4461
1782931486029 0.2786591947078705 4462
1782931486032 0.22347679734230042 4463
1782931486035 0.7009939551353455 4464
1782931486044 0.4812168776988983 4465
1782931486048 0.5169991254806519 4466
1782931486051 0.30911701917648315 4467
1782931486054 0.4255902171134949 4468
1782931486057 0.4533602297306061 4469
1782931486060 0.27552056312561035 4470
1782931486064 0.15581795573234558 4471
1782931486067 0.17741811275482178 4472
1782931486071 0.34909024834632874 4473
1782931486074 0.21786153316497803 4474
1782931486097 0.10469141602516174 4475
1782931486101 0.12729229032993317 4476
1782931486105 0.27089422941207886 4477
1782931486108 0.35326847434043884 4478
1782931486111 0.18109209835529327 4479
1782931486113 0.23591309785842896 4480
1782931486115 0.36655211448669434 4481
1782931486117 0.25456124544143677 4482
1782931486119 0.30285876989364624 4483
1782931486121 0.1676427125930786 4484
1782931486130 0.3189816176891327 4485
1782931486137 0.25590237975120544 4486
1782931486139 0.21036523580551147 4487
1782931486141 0.292367160320282 4488
1782931486144 0.2514815628528595 4489
1782931486146 0.09603037685155869 4490
1782931486148 0.13367503881454468 4491
1782931486151 0.13200722634792328 4492
1782931486153 0.29444748163223267 4493
1782931486155 0.12227214872837067 4494
1782931486157 0.28173407912254333 4495
1782931486160 0.2923746705055237 4496
1782931486162 0.28106802701950073 4497
1782931486164 0.11972381919622421 4498
1782931486166 0.5960450172424316 4499
1782931486169 0.47206538915634155 4500
1782931486171 0.24703578650951385 4501
1782931486173 0.6319074034690857 4502
1782931486175 0.4468599855899811 4503
1782931486178 0.2836124300956726 4504
1782931486180 0.3443286418914795 4505
1782931486182 0.3792426586151123 4506
1782931486184 0.4267967641353607 4507
1782931486186 0.21060995757579803 4508
1782931486189 0.11083750426769257 4509
1782931486191 0.23538550734519958 4510
1782931486193 0.2408662587404251 4511
1782931486196 0.21262702345848083 4512
1782931486198 0.4956318736076355 4513
1782931486200 0.2867473363876343 4514
1782931486202 0.2949545681476593 4515
1782931486205 0.25866004824638367 4516
1782931486208 0.11869940161705017 4517
1782931486211 0.42510712146759033 4518
1782931486213 0.06081319972872734 4519
1782931486216 0.20184020698070526 4520
1782931486218 0.09402716904878616 4521
1782931486220 0.37934255599975586 4522
1782931486222 0.5617265701293945 4523
1782931486225 0.24826596677303314 4524
1782931486227 0.23707258701324463 4525
1782931486229 0.13408425450325012 4526
1782931486231 0.291063129901886 4527
1782931486234 0.12561988830566406 4528
1782931486236 0.3835947513580322 4529
1782931486238 0.33470332622528076 4530
1782931486241 0.17096298933029175 4531
1782931486243 0.07966870814561844 4532
1782931486246 0.2339620143175125 4533
1782931486248 0.34668591618537903 4534
1782931486250 0.21551446616649628 4535
1782931486252 0.35065919160842896 4536
1782931486254 0.14562338590621948 4537
1782931486257 0.39020100235939026 4538
1782931486259 0.4958208501338959 4539
1782931486262 0.16086481511592865 4540
1782931486264 0.3446747660636902 4541
1782931486266 0.3359265625476837 4542
1782931486268 0.14506126940250397 4543
1782931486270 0.26165318489074707 4544
1782931486273 0.7241325378417969 4545
1782931486275 0.3142978847026825 4546
1782931486277 0.5908793807029724 4547
1782931486280 0.28412094712257385 4548
1782931486282 0.593885064125061 4549
1782931486284 0.20038841664791107 4550
1782931486286 0.47357863187789917 4551
1782931486288 0.28521332144737244 4552
1782931486291 0.24415169656276703 4553
1782931486293 0.15616273880004883 4554
1782931486296 0.15780335664749146 4555
1782931486298 0.2582780718803406 4556
1782931486300 0.08238375931978226 4557
1782931486302 0.24718913435935974 4558
1782931486304 0.21551883220672607 4559
1782931486306 0.196928933262825 4560
1782931486309 0.3357536792755127 4561
1782931486311 0.42367038130760193 4562
1782931486313 0.089877188205719 4563
1782931486316 0.5193643569946289 4564
1782931486318 0.30085569620132446 4565
1782931486320 0.38593360781669617 4566
1782931486322 0.20309829711914062 4567
1782931486325 0.33409544825553894 4568
1782931486327 0.5468833446502686 4569
1782931486329 0.1913774013519287 4570
1782931486332 0.7281312346458435 4571
1782931486334 0.2613254189491272 4572
1782931486336 0.1758704036474228 4573
1782931486339 0.5989251136779785 4574
1782931486342 0.15580956637859344 4575
1782931486344 0.1183406412601471 4576
1782931486347 0.3120458722114563 4577
1782931486349 0.13128206133842468 4578
1782931486351 0.3243803381919861 4579
1782931486353 0.6095370650291443 4580
1782931486356 0.5275382399559021 4581
1782931486359 0.2189783900976181 4582
1782931486362 0.2294408529996872 4583
1782931486364 0.13816282153129578 4584
1782931486366 0.4143409729003906 4585
1782931486368 0.1017330065369606 4586
1782931486371 0.10574616491794586 4587
1782931486374 0.36931112408638 4588
1782931486380 0.2584291100502014 4589
1782931486383 0.3996993899345398 4590
1782931486385 0.19576814770698547 4591
1782931486387 0.26102322340011597 4592
1782931486389 0.2915498614311218 4593
1782931486392 0.18317432701587677 4594
1782931486402 0.3510344922542572 4595
1782931486404 0.17022961378097534 4596
1782931486406 0.21726173162460327 4597
1782931486409 0.6165153384208679 4598
1782931486411 0.3201613426208496 4599
1782931486413 0.11413169652223587 4600
1782931486416 0.11257288604974747 4601
1782931486418 0.3600862920284271 4602
1782931486420 0.2570885121822357 4603
1782931486422 0.32481634616851807 4604
1782931486426 0.286901593208313 4605
1782931486430 0.044461026787757874 4606
1782931486433 0.17880494892597198 4607
1782931486436 0.19631321728229523 4608
1782931486439 0.3782167434692383 4609
1782931486443 0.5258355736732483 4610
1782931486446 0.31456825137138367 4611
1782931486449 0.26582542061805725 4612
1782931486452 0.40158647298812866 4613
1782931486455 0.2991314232349396 4614
1782931486458 0.21551162004470825 4615
1782931486461 0.30248773097991943 4616
1782931486464 0.22364257276058197 4617
1782931486467 0.47900766134262085 4618
1782931486470 0.2872371971607208 4619
1782931486473 0.3941074013710022 4620
1782931486477 0.3160194158554077 4621
1782931486480 0.1223655492067337 4622
1782931486483 0.1883920282125473 4623
1782931486486 0.34852370619773865 4624
1782931486489 1.026686191558838 4625
1782931486492 0.15169735252857208 4626
1782931486496 0.07865080237388611 4627
1782931486499 0.6719003915786743 4628
1782931486501 0.4412601590156555 4629
1782931486504 0.8225491046905518 4630
1782931486508 0.1067759245634079 4631
1782931486512 0.2818785011768341 4632
1782931486515 0.5176956057548523 4633
1782931486518 0.21279273927211761 4634
1782931486520 0.34294790029525757 4635
1782931486523 0.7992427349090576 4636
1782931486527 0.47445178031921387 4637
1782931486530 0.9841387271881104 4638
1782931486533 0.3154029846191406 4639
1782931486536 0.09477545320987701 4640
1782931486539 0.6149594783782959 4641
1782931486543 0.7905890941619873 4642
1782931486546 0.42339497804641724 4643
1782931486549 0.20458345115184784 4644
1782931486552 0.4109177887439728 4645
1782931486555 0.3610893785953522 4646
1782931486559 0.46283671259880066 4647
1782931486562 0.2119656801223755 4648
1782931486565 0.2528055012226105 4649
1782931486568 0.48688676953315735 4650
1782931486571 0.2618674039840698 4651
1782931486575 0.2988162040710449 4652
1782931486578 0.17831701040267944 4653
1782931486581 0.43311411142349243 4654
1782931486584 0.4210980534553528 4655
1782931486587 0.27367931604385376 4656
1782931486591 0.20785850286483765 4657
1782931486595 0.5308886766433716 4658
1782931486598 0.1558862328529358 4659
1782931486601 0.13542507588863373 4660
1782931486604 0.40246057510375977 4661
1782931486612 0.6879115104675293 4662
1782931486616 0.17200982570648193 4663
1782931486637 0.6808887720108032 4664
1782931486641 0.4091121554374695 4665
1782931486644 0.32941579818725586 4666
1782931486647 0.14485318958759308 4667
1782931486652 0.1774882972240448 4668
1782931486654 0.2407522350549698 4669
1782931486658 0.17734366655349731 4670
1782931486662 0.5160608291625977 4671
1782931486666 0.1747952401638031 4672
1782931486677 0.1485201120376587 4673
1782931486681 0.1104363203048706 4674
1782931486684 0.13144978880882263 4675
1782931486687 0.4959747791290283 4676
1782931486690 0.3036428689956665 4677
1782931486693 0.09751101583242416 4678
1782931486696 0.61620032787323 4679
1782931486699 0.042755287140607834 4680
1782931486702 0.31493160128593445 4681
1782931486705 0.20517860352993011 4682
1782931486709 0.13295353949069977 4683
1782931486712 0.14551392197608948 4684
1782931486715 0.23107218742370605 4685
1782931486718 0.5758443474769592 4686
1782931486721 0.19695572555065155 4687
1782931486724 0.36609283089637756 4688
1782931486727 0.24229294061660767 4689
1782931486731 0.32959792017936707 4690
1782931486734 0.29209110140800476 4691
1782931486736 0.15646755695343018 4692
1782931486739 0.16681097447872162 4693
1782931486743 0.22305531799793243 4694
1782931486746 0.5392484068870544 4695
1782931486749 0.38787269592285156 4696
1782931486752 0.20277631282806396 4697
1782931486755 0.36126333475112915 4698
1782931486759 0.2046499252319336 4699
1782931486762 0.22663897275924683 4700
1782931486765 0.13568474352359772 4701
1782931486768 0.3990086615085602 4702
1782931486771 0.26148998737335205 4703
1782931486775 0.2343812733888626 4704
1782931486778 0.32710543274879456 4705
1782931486781 0.30869191884994507 4706
1782931486784 0.5463443398475647 4707
1782931486787 0.18816900253295898 4708
1782931486790 0.11910424381494522 4709
1782931486793 0.18158301711082458 4710
1782931486796 0.10517576336860657 4711
1782931486799 0.24938279390335083 4712
1782931486802 0.20262736082077026 4713
1782931486806 0.21982386708259583 4714
1782931486809 0.2693205773830414 4715
1782931486812 0.12124232202768326 4716
1782931486815 0.28025972843170166 4717
1782931486818 0.10774510353803635 4718
1782931486821 0.23965738713741302 4719
1782931486825 0.3299658000469208 4720
1782931486828 0.45107749104499817 4721
1782931486831 0.16245678067207336 4722
1782931486834 0.04293166846036911 4723
1782931486837 0.22513389587402344 4724
1782931486841 0.3209426999092102 4725
1782931486845 1.5118017196655273 4726
1782931486848 0.4556698799133301 4727
1782931486851 0.15181246399879456 4728
1782931486854 0.11787516623735428 4729
1782931486857 0.3119772672653198 4730
1782931486861 0.2449624240398407 4731
1782931486864 0.36610516905784607 4732
1782931486867 0.3992738127708435 4733
1782931486870 0.24373294413089752 4734
1782931486873 0.1299516260623932 4735
1782931486877 0.1453169733285904 4736
1782931486880 0.7007865905761719 4737
1782931486883 0.06193975731730461 4738
1782931486886 0.2739979028701782 4739
1782931486890 0.27657580375671387 4740
1782931486893 0.052767202258110046 4741
1782931486897 0.27222752571105957 4742
1782931486900 0.20662903785705566 4743
1782931486903 0.568104088306427 4744
1782931486907 0.3034380078315735 4745
1782931486910 0.3941120505332947 4746
1782931486914 0.1423414647579193 4747
1782931486917 0.4704754948616028 4748
1782931486920 0.3601316511631012 4749
1782931486923 0.1724238246679306 4750
1782931486926 0.24081720411777496 4751
1782931486929 0.46791282296180725 4752
1782931486933 0.4792213439941406 4753
1782931486936 0.1532813012599945 4754
1782931486939 0.6931868195533752 4755
1782931486942 0.19058269262313843 4756
1782931486945 0.21573838591575623 4757
1782931486948 0.27839168906211853 4758
1782931486951 0.23391050100326538 4759
1782931486954 0.4418133795261383 4760
1782931486957 0.2596956193447113 4761
1782931486961 0.3178462088108063 4762
1782931486964 0.3187843859195709 4763
1782931486967 0.30153897404670715 4764
1782931486970 0.18895769119262695 4765
1782931486973 0.24926625192165375 4766
1782931486977 0.5385565757751465 4767
1782931486980 0.41798752546310425 4768
1782931486983 0.1994207352399826 4769
1782931486986 0.23724514245986938 4770
1782931486989 0.2578525245189667 4771
1782931486994 0.4400569498538971 4772
1782931486997 0.36774468421936035 4773
1782931487000 0.05204495042562485 4774
1782931487003 0.35650748014450073 4775
1782931487006 0.48240727186203003 4776
1782931487011 0.1772950291633606 4777
1782931487014 0.3145672678947449 4778
1782931487017 0.2665592133998871 4779
1782931487020 0.17767608165740967 4780
1782931487024 0.2970055937767029 4781
1782931487030 0.26192381978034973 4782
1782931487033 0.4393366277217865 4783
1782931487036 0.2407064437866211 4784
1782931487039 0.17759965360164642 4785
1782931487042 0.6720316410064697 4786
1782931487045 0.25679486989974976 4787
1782931487048 0.199953094124794 4788
1782931487051 0.5053778886795044 4789
1782931487055 0.8803603053092957 4790
1782931487058 0.09180014580488205 4791
1782931487061 0.5656325221061707 4792
1782931487064 0.36415624618530273 4793
1782931487067 0.3202897906303406 4794
1782931487069 0.1052803322672844 4795
1782931487073 0.24687960743904114 4796
1782931487077 0.15829353034496307 4797
1782931487080 0.4116556644439697 4798
1782931487083 0.30767491459846497 4799
1782931487086 0.27273139357566833 4800
1782931487089 0.13910776376724243 4801
1782931487093 0.5656863451004028 4802
1782931487096 0.41059747338294983 4803
1782931487099 0.24619868397712708 4804
1782931487102 0.15317270159721375 4805
1782931487105 0.42915987968444824 4806
1782931487108 0.10865603387355804 4807
1782931487111 0.36458492279052734 4808
1782931487114 0.19803638756275177 4809
1782931487117 0.6690527200698853 4810
1782931487120 0.38305261731147766 4811
1782931487123 0.37824344635009766 4812
1782931487127 0.13529592752456665 4813
1782931487130 0.1118340864777565 4814
1782931487133 0.12717364728450775 4815
1782931487136 0.3058558404445648 4816
1782931487139 0.2083706557750702 4817
1782931487142 0.21159954369068146 4818
1782931487145 0.10280071943998337 4819
1782931487149 0.49333688616752625 4820
1782931487152 0.16348977386951447 4821
1782931487155 0.04489370435476303 4822
1782931487158 0.4074321389198303 4823
1782931487161 0.361467570066452 4824
1782931487164 0.40928617119789124 4825
1782931487167 0.09699710458517075 4826
1782931487170 0.13550664484500885 4827
1782931487174 0.24085915088653564 4828
1782931487177 0.17043352127075195 4829
1782931487180 0.271042138338089 4830
1782931487183 0.23867695033550262 4831
1782931487186 0.06846855580806732 4832
1782931487189 0.11047753691673279 4833
1782931487193 0.20830628275871277 4834
1782931487196 0.5428853631019592 4835
1782931487199 0.49661946296691895 4836
1782931487202 0.3880786597728729 4837
1782931487205 0.228351429104805 4838
1782931487209 0.4861031770706177 4839
1782931487213 0.22185727953910828 4840
1782931487216 0.5530927777290344 4841
1782931487219 0.2684592604637146 4842
1782931487222 0.3156587779521942 4843
1782931487225 0.34360888600349426 4844
1782931487229 0.3878479301929474 4845
1782931487232 0.20743116736412048 4846
1782931487235 0.5205985307693481 4847
1782931487238 0.30393561720848083 4848
1782931487242 0.3731106221675873 4849
1782931487246 0.29345402121543884 4850
1782931487249 0.26674124598503113 4851
1782931487252 0.2065376192331314 4852
1782931487255 0.4871114194393158 4853
1782931487259 0.2140502780675888 4854
1782931487264 0.3350113034248352 4855
1782931487267 0.25775638222694397 4856
1782931487270 0.12496493756771088 4857
1782931487273 0.47934508323669434 4858
1782931487277 0.36419677734375 4859
1782931487280 0.14999118447303772 4860
1782931487283 0.11049287766218185 4861
1782931487286 0.15121017396450043 4862
1782931487289 0.7116570472717285 4863
1782931487292 0.2829269766807556 4864
1782931487296 0.05286480858922005 4865
1782931487299 0.21063311398029327 4866
1782931487302 0.08870994299650192 4867
1782931487305 0.24526554346084595 4868
1782931487308 0.38385385274887085 4869
1782931487312 0.7277489900588989 4870
1782931487315 0.23911313712596893 4871
1782931487318 0.6080617308616638 4872
1782931487321 0.1701534241437912 4873
1782931487324 0.5691812038421631 4874
1782931487328 0.13779877126216888 4875
1782931487331 0.4299945831298828 4876
1782931487334 0.2100934535264969 4877
1782931487337 0.1872384250164032 4878
1782931487342 0.21669788658618927 4879
1782931487345 0.26893991231918335 4880
1782931487348 0.08254344761371613 4881
1782931487351 0.5730679631233215 4882
1782931487354 0.11896874010562897 4883
1782931487358 0.3917856216430664 4884
1782931487361 0.19411328434944153 4885
1782931487364 0.22239309549331665 4886
1782931487367 0.16675423085689545 4887
1782931487370 0.24252955615520477 4888
1782931487373 0.19183114171028137 4889
1782931487376 0.16816897690296173 4890
1782931487379 0.7172741889953613 4891
1782931487382 0.44336748123168945 4892
1782931487385 0.35867181420326233 4893
1782931487388 0.13607458770275116 4894
1782931487392 0.7970793843269348 4895
1782931487395 0.27896785736083984 4896
1782931487398 0.20964811742305756 4897
1782931487401 0.2354225367307663 4898
1782931487404 0.043549440801143646 4899
1782931487407 0.10804437845945358 4900
1782931487411 0.5658631324768066 4901
1782931487414 0.5126940011978149 4902
1782931487417 0.21365785598754883 4903
1782931487420 0.25047922134399414 4904
1782931487423 0.11510410904884338 4905
1782931487427 0.3405623435974121 4906
1782931487430 0.20256026089191437 4907
1782931487433 0.7067701816558838 4908
1782931487436 0.2316897213459015 4909
1782931487439 0.17171527445316315 4910
1782931487442 0.10532820224761963 4911
1782931487445 0.3591724634170532 4912
1782931487448 0.14339756965637207 4913
1782931487451 0.18843603134155273 4914
1782931487454 0.24772365391254425 4915
1782931487457 0.19573520123958588 4916
1782931487461 0.04455024003982544 4917
1782931487464 0.41889920830726624 4918
1782931487467 0.35660555958747864 4919
1782931487470 0.3047230541706085 4920
1782931487474 0.3092683255672455 4921
1782931487478 0.11145249009132385 4922
1782931487481 0.21589893102645874 4923
1782931487484 0.2752561569213867 4924
1782931487487 0.12135070562362671 4925
1782931487490 0.34185150265693665 4926
1782931487493 0.4266732931137085 4927
1782931487496 0.5161913633346558 4928
1782931487499 0.15871424973011017 4929
1782931487502 0.1366259604692459 4930
1782931487505 0.6313151717185974 4931
1782931487508 0.16667164862155914 4932
1782931487512 0.20679526031017303 4933
1782931487515 0.20177002251148224 4934
1782931487518 0.16035695374011993 4935
1782931487521 0.20165342092514038 4936
1782931487524 0.45795953273773193 4937
1782931487527 0.123989537358284 4938
1782931487530 0.23933164775371552 4939
1782931487534 0.3353235423564911 4940
1782931487537 0.252680242061615 4941
1782931487540 0.16247180104255676 4942
1782931487543 0.24507522583007812 4943
1782931487546 0.4406166076660156 4944
1782931487549 0.2729191780090332 4945
1782931487552 0.7932979464530945 4946
1782931487555 0.4321287274360657 4947
1782931487559 0.4727897346019745 4948
1782931487562 0.4732356369495392 4949
1782931487565 0.20913702249526978 4950
1782931487568 0.18136799335479736 4951
1782931487571 0.18039096891880035 4952
1782931487574 0.1896066665649414 4953
1782931487578 0.24556949734687805 4954
1782931487581 0.28093937039375305 4955
1782931487584 0.5092949867248535 4956
1782931487587 0.37061500549316406 4957
1782931487590 0.389904648065567 4958
1782931487594 0.558998167514801 4959
1782931487597 0.2299320548772812 4960
1782931487600 0.37020421028137207 4961
1782931487603 0.331748366355896 4962
1782931487606 0.2613085210323334 4963
1782931487609 0.22636811435222626 4964
1782931487612 0.3278399109840393 4965
1782931487615 0.42525941133499146 4966
1782931487618 0.11700218170881271 4967
1782931487621 0.137120321393013 4968
1782931487625 0.18931087851524353 4969
1782931487628 0.24210232496261597 4970
1782931487631 0.27319657802581787 4971
1782931487634 0.44208258390426636 4972
1782931487644 0.09860202670097351 4973
1782931487647 0.08889888972043991 4974
1782931487650 0.5535341501235962 4975
1782931487657 0.42924976348876953 4976
1782931487660 0.34447598457336426 4977
1782931487666 0.22541704773902893 4978
1782931487671 0.10153426229953766 4979
1782931487676 0.3833828866481781 4980
1782931487680 0.13671556115150452 4981
1782931487683 0.3371216058731079 4982
1782931487686 0.14232873916625977 4983
1782931487690 0.6007866263389587 4984
1782931487693 0.16702492535114288 4985
1782931487697 0.5586650371551514 4986
1782931487699 0.7615488767623901 4987
1782931487702 0.3748878240585327 4988
1782931487705 0.27002617716789246 4989
1782931487709 0.27101489901542664 4990
1782931487712 0.21359533071517944 4991
1782931487717 0.25215548276901245 4992
1782931487720 0.2783445417881012 4993
1782931487723 0.34150323271751404 4994
1782931487727 0.28094083070755005 4995
1782931487730 0.2057463526725769 4996
1782931487733 0.24101364612579346 4997
1782931487736 0.2735745310783386 4998
1782931487739 0.22715026140213013 4999
1782931487743 0.43059754371643066 5000
1782931487746 0.3181794583797455 5001
1782931487749 0.18934103846549988 5002
1782931487752 0.25174427032470703 5003
1782931487755 0.10407184064388275 5004
1782931487758 0.23920176923274994 5005
1782931487762 0.41864290833473206 5006
1782931487765 0.3235066533088684 5007
1782931487768 0.5045372843742371 5008
1782931487771 0.367195725440979 5009
1782931487774 0.37605518102645874 5010
1782931487777 0.19064700603485107 5011
1782931487780 0.2266823649406433 5012
1782931487783 0.18425941467285156 5013
1782931487787 0.4610085189342499 5014
1782931487791 0.39121559262275696 5015
1782931487794 0.44744157791137695 5016
1782931487797 0.3435817360877991 5017
1782931487800 0.05561152845621109 5018
1782931487803 0.36803174018859863 5019
1782931487806 0.16744865477085114 5020
1782931487810 0.13680653274059296 5021
1782931487813 0.23527592420578003 5022
1782931487816 0.22803322970867157 5023
1782931487819 0.17781153321266174 5024
1782931487822 0.6134418845176697 5025
1782931487826 0.2829729914665222 5026
1782931487829 0.2570919990539551 5027
1782931487832 0.7459735870361328 5028
1782931487835 0.1739317923784256 5029
1782931487838 0.14519117772579193 5030
1782931487841 0.1263212114572525 5031
1782931487844 0.9454656839370728 5032
1782931487848 0.31326261162757874 5033
1782931487851 0.7240110635757446 5034
1782931487854 0.1960773915052414 5035
1782931487859 0.5851837396621704 5036
1782931487862 0.43243613839149475 5037
1782931487865 0.4382275640964508 5038
1782931487868 0.5311475992202759 5039
1782931487871 0.22137005627155304 5040
1782931487875 0.32517221570014954 5041
1782931487878 0.39196738600730896 5042
1782931487881 0.6360851526260376 5043
1782931487884 0.22060827910900116 5044
1782931487887 0.27090325951576233 5045
1782931487891 0.1987718641757965 5046
1782931487894 0.41665443778038025 5047
1782931487898 0.04885612428188324 5048
1782931487901 0.17989583313465118 5049
1782931487906 0.22058694064617157 5050
1782931487910 0.2983636260032654 5051
1782931487913 0.25140076875686646 5052
1782931487916 0.14645671844482422 5053
1782931487919 0.22885185480117798 5054
1782931487922 0.12634873390197754 5055
1782931487925 0.3781283497810364 5056
1782931487928 0.16186077892780304 5057
1782931487931 0.6258716583251953 5058
1782931487934 0.06847011297941208 5059
1782931487938 0.6158571839332581 5060
1782931487941 0.24012044072151184 5061
1782931487944 0.3981766700744629 5062
1782931487947 0.2050057351589203 5063
1782931487951 0.6122531294822693 5064
1782931487954 0.18812353909015656 5065
1782931487957 0.4954420328140259 5066
1782931487961 0.11818961054086685 5067
1782931487964 0.06261620670557022 5068
1782931487967 0.1765587329864502 5069
1782931487970 0.47248315811157227 5070
1782931487973 0.21359769999980927 5071
1782931487977 0.7215091586112976 5072
1782931487980 0.08654607832431793 5073
1782931487983 0.3552483022212982 5074
1782931487986 0.7148271203041077 5075
1782931487989 0.1209346130490303 5076
1782931487992 0.27121976017951965 5077
1782931487995 0.31851324439048767 5078
1782931487999 0.053213708102703094 5079
1782931488001 0.32715094089508057 5080
1782931488004 0.31279274821281433 5081
1782931488008 0.437089204788208 5082
1782931488011 0.36863115429878235 5083
1782931488014 0.32866865396499634 5084
1782931488017 0.3774856925010681 5085
1782931488020 0.41627076268196106 5086
1782931488023 0.4158009886741638 5087
1782931488027 0.21696200966835022 5088
1782931488030 0.149530827999115 5089
1782931488033 0.322024405002594 5090
1782931488036 0.3694121539592743 5091
1782931488039 0.536800742149353 5092
1782931488043 0.14312529563903809 5093
1782931488046 0.19844798743724823 5094
1782931488049 0.19875551760196686 5095
1782931488052 0.15160620212554932 5096
1782931488055 0.10602381080389023 5097
1782931488058 0.31055840849876404 5098
1782931488061 0.43083640933036804 5099
1782931488064 0.19289027154445648 5100
1782931488067 0.22898748517036438 5101
1782931488070 0.23113305866718292 5102
1782931488073 0.46661221981048584 5103
1782931488077 0.12204699218273163 5104
1782931488080 0.11568020284175873 5105
1782931488083 0.20681554079055786 5106
1782931488089 0.3262975513935089 5107
1782931488122 0.8039374351501465 5108
1782931488129 0.2524034082889557 5109
1782931488132 0.16819801926612854 5110
1782931488134 0.09290231764316559 5111
1782931488136 0.25471124053001404 5112
1782931488138 0.4786267876625061 5113
1782931488140 0.2360067516565323 5114
1782931488143 0.29674842953681946 5115
1782931488145 0.050542596727609634 5116
1782931488147 0.08952184021472931 5117
1782931488149 0.31785187125205994 5118
1782931488151 0.27299362421035767 5119
1782931488153 0.47470712661743164 5120
1782931488157 0.2650412619113922 5121
1782931488161 0.30781859159469604 5122
1782931488163 0.45796433091163635 5123
1782931488165 0.17163056135177612 5124
1782931488167 0.0770082026720047 5125
1782931488169 0.133385568857193 5126
1782931488171 0.39308884739875793 5127
1782931488173 0.3920351266860962 5128
1782931488176 0.10373352468013763 5129
1782931488178 0.6725598573684692 5130
1782931488180 0.13688836991786957 5131
1782931488183 0.13312163949012756 5132
1782931488185 0.03180503100156784 5133
1782931488187 0.33444392681121826 5134
1782931488189 0.41119614243507385 5135
1782931488192 0.5741665959358215 5136
1782931488194 0.2606906294822693 5137
1782931488196 0.08952546864748001 5138
1782931488198 0.24510884284973145 5139
1782931488200 0.08540401607751846 5140
1782931488203 0.10846072435379028 5141
1782931488205 0.058428846299648285 5142
1782931488207 0.2444985806941986 5143
1782931488210 0.23388710618019104 5144
1782931488212 0.403560996055603 5145
1782931488214 0.5834859609603882 5146
1782931488216 0.6163508892059326 5147
1782931488219 0.5868450403213501 5148
1782931488221 0.3543628752231598 5149
1782931488223 0.3566882312297821 5150
1782931488225 0.2263576090335846 5151
1782931488228 0.14684809744358063 5152
1782931488230 0.5342559218406677 5153
1782931488232 0.45592352747917175 5154
1782931488234 0.5252836346626282 5155
1782931488236 0.32840850949287415 5156
1782931488238 0.43090638518333435 5157
1782931488240 0.08460935950279236 5158
1782931488243 0.1128389984369278 5159
1782931488245 0.5496165752410889 5160
1782931488247 0.4606304168701172 5161
1782931488249 0.6692938208580017 5162
1782931488251 0.37879425287246704 5163
1782931488253 0.37295767664909363 5164
1782931488256 0.27348029613494873 5165
1782931488258 0.25353363156318665 5166
1782931488261 0.572846531867981 5167
1782931488264 0.2964889109134674 5168
1782931488266 0.5476516485214233 5169
1782931488268 0.4274147152900696 5170
1782931488270 0.19946956634521484 5171
1782931488272 0.2717926800251007 5172
1782931488274 0.5037714838981628 5173
1782931488277 0.5072466135025024 5174
1782931488279 0.391387403011322 5175
1782931488281 0.2972510755062103 5176
1782931488283 0.3956316113471985 5177
1782931488286 0.2358303964138031 5178
1782931488288 0.7463127374649048 5179
1782931488290 0.13239896297454834 5180
1782931488293 0.20041443407535553 5181
1782931488295 0.7214552760124207 5182
1782931488297 0.25711020827293396 5183
1782931488300 0.23847517371177673 5184
1782931488302 0.18500107526779175 5185
1782931488304 0.44549232721328735 5186
1782931488308 0.33624744415283203 5187
1782931488310 0.25608527660369873 5188
1782931488312 0.2920512855052948 5189
1782931488315 0.1634061336517334 5190
1782931488317 0.17852865159511566 5191
1782931488319 0.2482534945011139 5192
1782931488321 0.27159711718559265 5193
1782931488324 0.30379149317741394 5194
1782931488327 0.1841527372598648 5195
1782931488329 0.42559000849723816 5196
1782931488332 0.08014081418514252 5197
1782931488334 0.5248488783836365 5198
1782931488336 0.1546911746263504 5199
1782931488338 0.0872209444642067 5200
1782931488340 0.37287867069244385 5201
1782931488343 0.3582150340080261 5202
1782931488345 0.29035598039627075 5203
1782931488347 0.17287132143974304 5204
1782931488350 0.4598241448402405 5205
1782931488352 0.07579075545072556 5206
1782931488354 0.2519764006137848 5207
1782931488357 0.631210207939148 5208
1782931488359 0.18687811493873596 5209
1782931488361 0.40149033069610596 5210
1782931488364 0.4722920060157776 5211
1782931488366 0.31615689396858215 5212
1782931488368 0.33625560998916626 5213
1782931488370 0.40783292055130005 5214
1782931488372 0.3320137560367584 5215
1782931488375 0.2664843201637268 5216
1782931488377 0.3694460690021515 5217
1782931488379 0.135390043258667 5218
1782931488382 0.039709046483039856 5219
1782931488384 0.5282931923866272 5220
1782931488386 0.3547572195529938 5221
1782931488388 0.2544395923614502 5222
1782931488391 0.4855768084526062 5223
1782931488393 0.1257772296667099 5224
1782931488396 0.08101426064968109 5225
1782931488398 0.14669585227966309 5226
1782931488400 0.2917151153087616 5227
1782931488402 0.647656261920929 5228
1782931488404 0.3293135464191437 5229
1782931488407 0.12926460802555084 5230
1782931488409 0.511732280254364 5231
1782931488411 0.07745158672332764 5232
1782931488413 0.12685780227184296 5233
1782931488416 0.09887022525072098 5234
1782931488418 0.2429252415895462 5235
1782931488420 0.4632595181465149 5236
1782931488422 0.4910823702812195 5237
1782931488424 0.3061322271823883 5238
1782931488427 0.24472860991954803 5239
1782931488446 0.28221622109413147 5240
1782931488448 0.4945237636566162 5241
1782931488451 0.6915401220321655 5242
1782931488453 0.385457307100296 5243
1782931488455 0.26051634550094604 5244
1782931488457 0.27110737562179565 5245
1782931488460 0.6452932953834534 5246
1782931488462 0.1463075578212738 5247
1782931488464 0.31774911284446716 5248
1782931488466 0.16901379823684692 5249
1782931488469 0.45328307151794434 5250
1782931488471 0.25755804777145386 5251
1782931488474 0.22409451007843018 5252
1782931488481 0.2582007944583893 5253
1782931488484 0.33924099802970886 5254
1782931488486 0.6878029108047485 5255
1782931488488 0.16048868000507355 5256
1782931488490 0.021832175552845 5257
1782931488493 0.3813759386539459 5258
1782931488495 0.5683779120445251 5259
1782931488497 0.4555911421775818 5260
1782931488499 0.07846509665250778 5261
1782931488501 0.7976254224777222 5262
1782931488504 0.17928868532180786 5263
1782931488506 0.231902614235878 5264
1782931488508 0.13279375433921814 5265
1782931488511 0.4848668873310089 5266
1782931488513 0.398697167634964 5267
1782931488515 0.277450293302536 5268
1782931488517 0.551641047000885 5269
1782931488519 0.16692650318145752 5270
1782931488521 0.15627554059028625 5271
1782931488524 0.2016575038433075 5272
1782931488526 0.2052484154701233 5273
1782931488528 0.3290327787399292 5274
1782931488530 0.24075616896152496 5275
1782931488533 0.3861147165298462 5276
1782931488535 0.5107287764549255 5277
1782931488537 0.30149441957473755 5278
1782931488539 0.4029342830181122 5279
1782931488542 0.126712828874588 5280
1782931488544 0.3608332872390747 5281
1782931488546 0.39283451437950134 5282
1782931488549 0.4004068672657013 5283
1782931488552 0.4832606315612793 5284
1782931488554 0.06037641689181328 5285
1782931488556 0.36701327562332153 5286
1782931488559 0.2773630917072296 5287
1782931488561 0.4750719964504242 5288
1782931488563 0.4466915428638458 5289
1782931488567 0.4093869924545288 5290
1782931488569 0.2104637771844864 5291
1782931488571 0.39849308133125305 5292
1782931488574 0.19618450105190277 5293
1782931488576 0.3409676253795624 5294
1782931488578 0.2710379362106323 5295
1782931488581 0.3252300024032593 5296
1782931488583 0.2982470989227295 5297
1782931488585 0.28438371419906616 5298
1782931488587 0.07404940575361252 5299
1782931488589 0.23655825853347778 5300
1782931488592 0.4081926643848419 5301
1782931488594 0.07548188418149948 5302
1782931488597 0.3551700711250305 5303
1782931488599 0.2511618137359619 5304
1782931488601 0.2104104906320572 5305
1782931488603 0.3849506378173828 5306
1782931488605 0.6514333486557007 5307
1782931488608 0.31055957078933716 5308
1782931488610 0.4967906177043915 5309
1782931488612 0.1971607208251953 5310
1782931488614 0.2721704840660095 5311
1782931488617 0.2431703358888626 5312
1782931488619 0.34976717829704285 5313
1782931488621 0.27896344661712646 5314
1782931488623 0.2224615514278412 5315
1782931488626 0.42185157537460327 5316
1782931488628 0.43278762698173523 5317
1782931488630 0.22828388214111328 5318
1782931488632 0.2559599280357361 5319
1782931488635 0.2846096158027649 5320
1782931488637 0.07848946750164032 5321
1782931488639 0.10598910599946976 5322
1782931488641 0.3721248209476471 5323
1782931488644 0.3686794638633728 5324
1782931488646 0.6992272138595581 5325
1782931488648 0.12866555154323578 5326
1782931488650 0.5400528907775879 5327
1782931488654 0.0901276245713234 5328
1782931488657 0.291307657957077 5329
1782931488659 0.10488961637020111 5330
1782931488662 0.22399857640266418 5331
1782931488666 0.15892942249774933 5332
1782931488669 0.1259090006351471 5333
1782931488671 0.4608766436576843 5334
1782931488674 0.14519627392292023 5335
1782931488687 0.1287335455417633 5336
1782931488690 0.47298431396484375 5337
1782931488693 0.21761800348758698 5338
1782931488695 0.09346531331539154 5339
1782931488697 0.20557266473770142 5340
1782931488700 0.21450279653072357 5341
1782931488702 0.2795727849006653 5342
1782931488704 0.28199273347854614 5343
1782931488755 0.27970826625823975 5344
1782931488796 0.2404167354106903 5345
1782931488814 0.35939934849739075 5346
1782931488819 0.358843594789505 5347
1782931488833 0.38303327560424805 5348
1782931488836 0.48648977279663086 5349
1782931488839 0.3142360746860504 5350
1782931488843 0.4663127362728119 5351
1782931488846 0.9440498948097229 5352
1782931488849 0.7144994139671326 5353
1782931488852 0.4883245825767517 5354
1782931488855 0.27118608355522156 5355
1782931488859 0.3411780893802643 5356
1782931488862 0.38321590423583984 5357
1782931488865 0.30268770456314087 5358
1782931488868 0.5151945352554321 5359
1782931488871 0.2758845090866089 5360
1782931488874 0.3181217908859253 5361
1782931488877 0.26092252135276794 5362
1782931488881 0.3815344572067261 5363
1782931488884 0.15909156203269958 5364
1782931488886 0.46596184372901917 5365
1782931488889 0.2939707338809967 5366
1782931488893 0.3575085997581482 5367
1782931488896 0.2224859893321991 5368
1782931488899 0.39367222785949707 5369
1782931488902 0.04138360545039177 5370
1782931488906 0.5888639092445374 5371
1782931488910 0.5506976246833801 5372
1782931488913 0.4224318861961365 5373
1782931488916 0.46756887435913086 5374
1782931488919 0.48850464820861816 5375
1782931488922 0.1785118281841278 5376
1782931488926 0.536130428314209 5377
1782931488929 0.39732083678245544 5378
1782931488932 0.2063601166009903 5379
1782931488935 0.3010638654232025 5380
1782931488938 0.13952121138572693 5381
1782931488941 0.500447690486908 5382
1782931488944 0.3405979871749878 5383
1782931488947 0.38111087679862976 5384
1782931488950 0.1858978271484375 5385
1782931488953 0.1927654892206192 5386
1782931488957 0.08318253606557846 5387
1782931488961 0.5136789679527283 5388
1782931488964 0.14868789911270142 5389
1782931488967 0.31268277764320374 5390
1782931488970 0.4750182628631592 5391
1782931488973 0.23150958120822906 5392
1782931488977 0.1882435530424118 5393
1782931488980 0.18526588380336761 5394
1782931488983 0.26445457339286804 5395
1782931488986 0.23726968467235565 5396
1782931488989 0.42942702770233154 5397
1782931488992 0.10047018527984619 5398
1782931488995 0.18885798752307892 5399
1782931488998 0.4828343093395233 5400
1782931489001 0.18518389761447906 5401
1782931489004 0.2831929922103882 5402
1782931489008 0.13446380198001862 5403
1782931489011 0.31134510040283203 5404
1782931489014 0.16451512277126312 5405
1782931489017 0.3538140058517456 5406
1782931489020 0.2897319495677948 5407
1782931489023 0.39665687084198 5408
1782931489027 0.2869643568992615 5409
1782931489030 0.25474095344543457 5410
1782931489033 0.32111987471580505 5411
1782931489036 0.42573118209838867 5412
1782931489039 0.1955036222934723 5413
1782931489042 0.480012446641922 5414
1782931489045 0.4518857002258301 5415
1782931489048 0.16850611567497253 5416
1782931489051 0.47538208961486816 5417
1782931489056 0.18843436241149902 5418
1782931489060 0.04257454350590706 5419
1782931489063 0.17239199578762054 5420
1782931489065 0.41011950373649597 5421
1782931489069 0.05776543170213699 5422
1782931489072 0.13768301904201508 5423
1782931489076 0.08191323280334473 5424
1782931489079 0.26845404505729675 5425
1782931489082 0.07386092096567154 5426
1782931489085 0.47084441781044006 5427
1782931489088 0.19866883754730225 5428
1782931489092 0.7660036683082581 5429
1782931489096 0.2549988627433777 5430
1782931489099 0.17759734392166138 5431
1782931489102 0.3130190670490265 5432
1782931489105 0.25602391362190247 5433
1782931489108 0.18622536957263947 5434
1782931489112 0.11761388927698135 5435
1782931489115 0.274236261844635 5436
1782931489118 0.6217868328094482 5437
1782931489121 0.21136513352394104 5438
1782931489124 0.5016302466392517 5439
1782931489128 0.42836666107177734 5440
1782931489132 0.5061479806900024 5441
1782931489135 0.23570115864276886 5442
1782931489138 0.18770632147789001 5443
1782931489141 0.5284113883972168 5444
1782931489144 0.09559187293052673 5445
1782931489148 0.1713491529226303 5446
1782931489151 0.2632751762866974 5447
1782931489154 0.4193417429924011 5448
1782931489157 0.15270982682704926 5449
1782931489160 0.3760439157485962 5450
1782931489163 0.07400624454021454 5451
1782931489166 0.37607741355895996 5452
1782931489169 0.07696735858917236 5453
1782931489172 0.662389874458313 5454
1782931489175 0.1573227047920227 5455
1782931489178 0.10375649482011795 5456
1782931489181 0.7458047270774841 5457
1782931489184 0.6394315958023071 5458
1782931489187 0.33351799845695496 5459
1782931489190 0.35514575242996216 5460
1782931489194 0.2448624074459076 5461
1782931489197 0.32602450251579285 5462
1782931489200 0.6762366890907288 5463
1782931489203 0.46395665407180786 5464
1782931489208 0.3209628760814667 5465
1782931489212 0.8120118379592896 5466
1782931489215 0.21407189965248108 5467
1782931489218 0.2014717161655426 5468
1782931489221 0.21696870028972626 5469
1782931489225 0.2215271294116974 5470
1782931489228 0.24440404772758484 5471
1782931489231 0.41147762537002563 5472
1782931489234 0.5272877812385559 5473
1782931489237 0.37011152505874634 5474
1782931489241 0.20445488393306732 5475
1782931489244 0.11990872025489807 5476
1782931489250 0.22054840624332428 5477
1782931489253 0.14429301023483276 5478
1782931489258 0.29416245222091675 5479
1782931489262 0.22521764039993286 5480
1782931489266 0.2965352237224579 5481
1782931489269 0.21906885504722595 5482
1782931489272 0.5023338794708252 5483
1782931489275 0.20408399403095245 5484
1782931489279 0.631758451461792 5485
1782931489282 0.6981849074363708 5486
1782931489285 0.45687803626060486 5487
1782931489288 0.6387984156608582 5488
1782931489291 0.16855211555957794 5489
1782931489295 0.0710609033703804 5490
1782931489298 0.37450385093688965 5491
1782931489301 0.32168522477149963 5492
1782931489304 0.28102484345436096 5493
1782931489307 0.37058767676353455 5494
1782931489310 0.3855455219745636 5495
1782931489313 0.3375900387763977 5496
1782931489316 0.8024848699569702 5497
1782931489319 0.3483836054801941 5498
1782931489322 0.4088599383831024 5499
1782931489325 0.19235289096832275 5500
1782931489328 0.12940450012683868 5501
1782931489331 0.27932778000831604 5502
1782931489334 0.10439755767583847 5503
1782931489337 0.17837563157081604 5504
1782931489340 0.2630952298641205 5505
1782931489344 0.17581544816493988 5506
1782931489347 0.13964051008224487 5507
1782931489350 0.3475036025047302 5508
1782931489353 0.20416435599327087 5509
1782931489356 0.41216588020324707 5510
1782931489359 0.2990090250968933 5511
1782931489362 0.458143025636673 5512
1782931489365 0.13620387017726898 5513
1782931489368 0.38154837489128113 5514
1782931489371 0.41706976294517517 5515
1782931489374 0.2184637188911438 5516
1782931489378 0.3379986584186554 5517
1782931489381 0.4198494553565979 5518
1782931489384 0.45072102546691895 5519
1782931489387 0.2702394723892212 5520
1782931489390 0.24935944378376007 5521
1782931489394 0.2687658965587616 5522
1782931489397 0.37349891662597656 5523
1782931489400 0.26414310932159424 5524
1782931489403 0.20359168946743011 5525
1782931489408 0.3585207760334015 5526
1782931489412 0.1430729627609253 5527
1782931489415 0.19023171067237854 5528
1782931489418 0.23617005348205566 5529
1782931489421 0.3429487347602844 5530
1782931489425 0.41972774267196655 5531
1782931489428 0.2720686197280884 5532
1782931489431 0.31574252247810364 5533
1782931489434 0.48035717010498047 5534
1782931489437 0.6285565495491028 5535
1782931489440 0.3101329803466797 5536
1782931489443 0.29264360666275024 5537
1782931489447 0.2170872688293457 5538
1782931489450 0.5604936480522156 5539
1782931489453 0.16960160434246063 5540
1782931489456 0.18395200371742249 5541
1782931489460 0.21429462730884552 5542
1782931489463 0.5531492233276367 5543
1782931489466 0.16959789395332336 5544
1782931489469 0.13939830660820007 5545
1782931489472 0.3710649311542511 5546
1782931489476 0.6592146158218384 5547
1782931489479 0.4633167088031769 5548
1782931489482 0.19151712954044342 5549
1782931489485 0.3517872095108032 5550
1782931489488 0.5705034732818604 5551
1782931489492 0.5128910541534424 5552
1782931489496 0.4266802668571472 5553
1782931489499 0.4248059093952179 5554
1782931489502 0.2564471364021301 5555
1782931489505 0.21817368268966675 5556
1782931489508 0.2596032917499542 5557
1782931489511 0.1844748854637146 5558
1782931489515 0.22588783502578735 5559
1782931489518 0.37726375460624695 5560
1782931489521 0.10504400730133057 5561
1782931489525 0.1848912388086319 5562
1782931489528 0.5279155373573303 5563
1782931489531 0.2890121042728424 5564
1782931489534 0.27398523688316345 5565
1782931489537 0.17046938836574554 5566
1782931489540 0.32726147770881653 5567
1782931489544 0.3690016269683838 5568
1782931489547 0.4754122197628021 5569
1782931489550 0.155681774020195 5570
1782931489553 0.1569296270608902 5571
1782931489556 0.3373236656188965 5572
1782931489560 0.29274818301200867 5573
1782931489563 0.37815436720848083 5574
1782931489566 0.1404024362564087 5575
1782931489569 0.12964873015880585 5576
1782931489572 0.19254490733146667 5577
1782931489575 0.11156384646892548 5578
1782931489578 0.6059135794639587 5579
1782931489582 0.23324328660964966 5580
1782931489589 0.15335437655448914 5581
1782931489595 0.1678650677204132 5582
1782931489598 0.10082324594259262 5583
1782931489600 0.39562880992889404 5584
1782931489602 0.06696513295173645 5585
1782931489605 0.7715418338775635 5586
1782931489607 0.37076157331466675 5587
1782931489610 0.22158846259117126 5588
1782931489613 0.3802197575569153 5589
1782931489615 0.22683151066303253 5590
1782931489617 0.14983206987380981 5591
1782931489619 0.3251243233680725 5592
1782931489621 0.1643523871898651 5593
1782931489624 0.2236783504486084 5594
1782931489626 0.228917196393013 5595
1782931489628 0.11491693556308746 5596
1782931489630 0.5760387778282166 5597
1782931489633 0.3188256323337555 5598
1782931489635 0.20301803946495056 5599
1782931489637 0.32225072383880615 5600
1782931489639 0.44460806250572205 5601
1782931489641 0.47464844584465027 5602
1782931489644 0.3709258735179901 5603
1782931489646 0.2504766583442688 5604
1782931489648 0.40366148948669434 5605
1782931489650 0.15757142007350922 5606
1782931489652 0.3795772194862366 5607
1782931489655 0.7801815867424011 5608
1782931489658 0.2927808463573456 5609
1782931489660 0.7463781833648682 5610
1782931489662 0.05055331811308861 5611
1782931489664 0.19658218324184418 5612
1782931489667 0.28100574016571045 5613
1782931489669 0.14431314170360565 5614
1782931489674 0.44802573323249817 5615
1782931489677 0.4377540051937103 5616
1782931489684 0.4664468765258789 5617
1782931489687 0.27292096614837646 5618
1782931489693 0.3768868148326874 5619
1782931489697 0.26251131296157837 5620
1782931489700 0.46058109402656555 5621
1782931489707 0.2887476682662964 5622
1782931489711 0.17118921875953674 5623
1782931489714 0.594414234161377 5624
1782931489962 0.4437599182128906 5625
1782931489965 0.8750095367431641 5626
1782931489968 0.315236896276474 5627
1782931489972 0.2427314668893814 5628
1782931489976 0.0866607204079628 5629
1782931489979 0.16802071034908295 5630
1782931489982 0.1130225658416748 5631
1782931489985 0.17579858005046844 5632
1782931489988 0.4778405427932739 5633
1782931489992 0.34883883595466614 5634
1782931489995 0.38628217577934265 5635
1782931489998 0.21678459644317627 5636
1782931490001 0.2267138510942459 5637
1782931490004 0.24596308171749115 5638
1782931490007 0.08452145755290985 5639
1782931490011 0.20866329967975616 5640
1782931490014 0.27164527773857117 5641
1782931490017 0.31508326530456543 5642
1782931490020 0.1642346829175949 5643
1782931490023 0.7141497135162354 5644
1782931490026 0.36398524045944214 5645
1782931490029 0.255413293838501 5646
1782931490032 0.4763028621673584 5647
1782931490035 0.1948450803756714 5648
1782931490038 0.261513352394104 5649
1782931490042 0.4877236783504486 5650
1782931490045 0.29532957077026367 5651
1782931490048 0.358031690120697 5652
1782931490051 0.45245763659477234 5653
1782931490054 0.1286579817533493 5654
1782931490057 0.20732998847961426 5655
1782931490060 0.36734825372695923 5656
1782931490064 0.10565691441297531 5657
1782931490067 0.31151965260505676 5658
1782931490070 0.4079135060310364 5659
1782931490073 0.28403985500335693 5660
1782931490076 0.36191901564598083 5661
1782931490079 0.4929852783679962 5662
1782931490082 0.658157467842102 5663
1782931490085 0.0806003138422966 5664
1782931490089 0.09382947534322739 5665
1782931490092 0.46299564838409424 5666
1782931490096 0.27154818177223206 5667
1782931490099 0.25094878673553467 5668
1782931490102 0.5552447438240051 5669
1782931490105 0.5723315477371216 5670
1782931490108 0.29209741950035095 5671
1782931490112 0.20386722683906555 5672
1782931490115 0.1023489460349083 5673
1782931490118 0.16817523539066315 5674
1782931490120 0.24054893851280212 5675
1782931490124 0.19445370137691498 5676
1782931490127 0.1970619410276413 5677
1782931490134 0.3310363292694092 5678
1782931490139 0.18165552616119385 5679
1782931490142 0.22465068101882935 5680
1782931490145 0.3487405776977539 5681
1782931490170 0.3602868914604187 5682
1782931490173 0.6451389789581299 5683
1782931490176 0.23615562915802002 5684
1782931490180 0.41811877489089966 5685
1782931490183 0.14886459708213806 5686
1782931490187 0.1707312911748886 5687
1782931490191 0.4598020911216736 5688
1782931490194 0.26237010955810547 5689
1782931490203 0.15970750153064728 5690
1782931490206 0.30044227838516235 5691
1782931490209 0.41306084394454956 5692
1782931490212 0.368078351020813 5693
1782931490216 0.15756522119045258 5694
1782931490220 0.38936370611190796 5695
1782931490224 0.2378407120704651 5696
1782931490227 0.20632265508174896 5697
1782931490230 0.3828650116920471 5698
1782931490233 0.3476215600967407 5699
1782931490236 0.1824680119752884 5700
1782931490239 0.17106705904006958 5701
1782931490243 0.07621627300977707 5702
1782931490246 0.15709103643894196 5703
1782931490249 0.2938786745071411 5704
1782931490252 0.17868131399154663 5705
1782931490255 0.29402124881744385 5706
1782931490258 0.32059288024902344 5707
1782931490261 0.37182265520095825 5708
1782931490265 0.27066996693611145 5709
1782931490267 0.47413158416748047 5710
1782931490270 0.13382256031036377 5711
1782931490274 0.2092447429895401 5712
1782931490277 0.24814584851264954 5713
1782931490280 0.3864196538925171 5714
1782931490283 0.3522367477416992 5715
1782931490286 0.40386053919792175 5716
1782931490290 0.14200769364833832 5717
1782931490293 0.3343059718608856 5718
1782931490296 0.31451401114463806 5719
1782931490299 0.46883878111839294 5720
1782931490302 0.2723531424999237 5721
1782931490305 0.21595710515975952 5722
1782931490309 0.22506500780582428 5723
1782931490312 0.30271393060684204 5724
1782931490315 0.4179003834724426 5725
1782931490318 0.3356695771217346 5726
1782931490321 0.5015791058540344 5727
1782931490325 0.1331656128168106 5728
1782931490328 0.3839007318019867 5729
1782931490331 0.22285887598991394 5730
1782931490334 0.23628616333007812 5731
1782931490337 0.24968264997005463 5732
1782931490340 0.3710600733757019 5733
1782931490343 0.40960821509361267 5734
1782931490346 0.14508172869682312 5735
1782931490349 0.45550337433815 5736
1782931490352 0.27690064907073975 5737
1782931490356 0.1311635822057724 5738
1782931490359 0.4916198253631592 5739
1782931490362 0.07767476886510849 5740
1782931490365 0.22524668276309967 5741
1782931490368 0.2790154218673706 5742
1782931490372 0.24386706948280334 5743
1782931490375 0.3364708125591278 5744
1782931490378 0.2687477767467499 5745
1782931490382 0.2918134927749634 5746
1782931490385 0.18089933693408966 5747
1782931490388 0.41480177640914917 5748
1782931490391 0.17675158381462097 5749
1782931490394 0.5564060807228088 5750
1782931490398 0.40899521112442017 5751
1782931490401 0.570774257183075 5752
1782931490404 0.45154064893722534 5753
1782931490407 0.4550485610961914 5754
1782931490411 0.43126988410949707 5755
1782931490414 0.46331289410591125 5756
1782931490417 0.41470131278038025 5757
1782931490420 0.07302221655845642 5758
1782931490423 0.16359427571296692 5759
1782931490427 0.09975384920835495 5760
1782931490430 0.3069581091403961 5761
1782931490433 0.16479754447937012 5762
1782931490436 0.2893398404121399 5763
1782931490439 0.3971090614795685 5764
1782931490442 0.2006555050611496 5765
1782931490446 0.07371535897254944 5766
1782931490449 0.052448950707912445 5767
1782931490452 0.18006686866283417 5768
1782931490455 0.44638708233833313 5769
1782931490458 0.06291517615318298 5770
1782931490461 0.3252856135368347 5771
1782931490464 0.12941406667232513 5772
1782931490467 0.28810915350914 5773
1782931490470 0.18621236085891724 5774
1782931490473 0.18645405769348145 5775
1782931490477 0.2589530348777771 5776
1782931490481 0.24573460221290588 5777
1782931490488 0.18087536096572876 5778
1782931490492 0.40975287556648254 5779
1782931490495 0.5079668760299683 5780
1782931490499 0.20574387907981873 5781
1782931490502 0.20607343316078186 5782
1782931490505 0.039259422570466995 5783
1782931490508 0.21965330839157104 5784
1782931490512 0.22506646811962128 5785
1782931490537 0.376491904258728 5786
1782931490540 0.449013888835907 5787
1782931490544 0.4421210289001465 5788
1782931490547 0.573715090751648 5789
1782931490550 0.22830082476139069 5790
1782931490553 0.5201572179794312 5791
1782931490557 0.19358855485916138 5792
1782931490561 0.29177582263946533 5793
1782931490564 0.5085448622703552 5794
1782931490567 0.7916038036346436 5795
1782931490570 0.11129795759916306 5796
1782931490572 0.41481104493141174 5797
1782931490576 0.37334656715393066 5798
1782931490579 0.20914384722709656 5799
1782931490582 0.7593508958816528 5800
1782931490585 0.1352623999118805 5801
1782931490588 0.6067596077919006 5802
1782931490592 0.10247235745191574 5803
1782931490595 0.6007192134857178 5804
1782931490598 0.24650073051452637 5805
1782931490601 0.08929774910211563 5806
1782931490604 0.28395235538482666 5807
1782931490607 0.496734619140625 5808
1782931490610 0.2573173940181732 5809
1782931490613 0.33325454592704773 5810
1782931490616 0.5271305441856384 5811
1782931490619 0.33252638578414917 5812
1782931490623 0.49724653363227844 5813
1782931490627 0.3351690471172333 5814
1782931490630 0.18307772278785706 5815
1782931490633 0.5841904878616333 5816
1782931490636 0.17969198524951935 5817
1782931490639 0.4520163834095001 5818
1782931490642 0.7099285125732422 5819
1782931490645 0.10472266376018524 5820
1782931490649 0.3249834477901459 5821
1782931490652 0.20842859148979187 5822
1782931490655 0.2606995403766632 5823
1782931490658 0.12126846611499786 5824
1782931490661 0.1869051605463028 5825
1782931490664 0.10497546195983887 5826
1782931490667 0.20704123377799988 5827
1782931490670 0.48238298296928406 5828
1782931490673 0.5840868949890137 5829
1782931490676 0.17610055208206177 5830
1782931490680 0.26899611949920654 5831
1782931490683 0.3178713917732239 5832
1782931490686 0.24182681739330292 5833
1782931490689 0.26942873001098633 5834
1782931490695 0.3798339366912842 5835
1782931490698 0.3904678225517273 5836
1782931490701 0.1312040537595749 5837
1782931490704 0.25182878971099854 5838
1782931490709 0.16746196150779724 5839
1782931490712 0.30812495946884155 5840
1782931490715 0.24198447167873383 5841
1782931490718 0.3989149034023285 5842
1782931490721 0.4695192277431488 5843
1782931490725 0.33892908692359924 5844
1782931490728 0.23550483584403992 5845
1782931490731 0.3275804817676544 5846
1782931490734 0.6739129424095154 5847
1782931490737 0.6123098134994507 5848
1782931490740 0.3037649393081665 5849
1782931490743 0.33425262570381165 5850
1782931490746 0.14219635725021362 5851
1782931490749 0.5325228571891785 5852
1782931490752 0.4189213812351227 5853
1782931490755 0.10573500394821167 5854
1782931490758 0.14402718842029572 5855
1782931490762 0.22022244334220886 5856
1782931490765 0.12009306252002716 5857
1782931490767 0.13183677196502686 5858
1782931490771 0.22071929275989532 5859
1782931490774 0.24683094024658203 5860
1782931490777 0.46597370505332947 5861
1782931490780 0.2453533560037613 5862
1782931490783 0.2433597296476364 5863
1782931490787 0.21861417591571808 5864
1782931490790 0.3439837098121643 5865
1782931490794 0.09643270820379257 5866
1782931490797 0.14874255657196045 5867
1782931490800 0.44751548767089844 5868
1782931490803 0.24269668757915497 5869
1782931490806 0.37717777490615845 5870
1782931490809 0.7419548034667969 5871
1782931490812 0.2528325617313385 5872
1782931490815 0.7230508923530579 5873
1782931490818 0.2999436557292938 5874
1782931490821 0.22387570142745972 5875
1782931490830 0.23100188374519348 5876
1782931490837 0.5801988244056702 5877
1782931490840 0.7375093698501587 5878
1782931490844 0.22756148874759674 5879
1782931490847 0.3145993649959564 5880
1782931490850 0.13316231966018677 5881
1782931490853 0.40586474537849426 5882
1782931490856 0.19976316392421722 5883
1782931490859 0.27069994807243347 5884
1782931490862 0.6036624908447266 5885
1782931490865 0.16022542119026184 5886
1782931490868 0.5443167686462402 5887
1782931490891 0.07710187137126923 5888
1782931490894 0.33321452140808105 5889
1782931490897 0.19833150506019592 5890
1782931490900 0.14374059438705444 5891
1782931490903 0.4038526713848114 5892
1782931490907 0.14611408114433289 5893
1782931490910 0.1977348029613495 5894
1782931490913 0.21663405001163483 5895
1782931490917 0.11835897713899612 5896
1782931490920 0.5925206542015076 5897
1782931490923 0.32017993927001953 5898
1782931490926 0.3924522399902344 5899
1782931490929 0.3971578776836395 5900
1782931490932 0.14356271922588348 5901
1782931490935 0.24179375171661377 5902
1782931490938 0.20079489052295685 5903
1782931490941 0.1349399983882904 5904
1782931490944 0.1673070788383484 5905
1782931490947 0.41898658871650696 5906
1782931490950 0.3303970992565155 5907
1782931490953 0.1793258935213089 5908
1782931490956 0.09088157117366791 5909
1782931490960 0.11174260079860687 5910
1782931490963 0.4018729329109192 5911
1782931490966 0.404058575630188 5912
1782931490969 0.19982001185417175 5913
1782931490972 0.3278544247150421 5914
1782931490976 0.3771926760673523 5915
1782931490979 0.18662425875663757 5916
1782931490982 0.16687731444835663 5917
1782931490985 0.37611624598503113 5918
1782931490988 0.36449819803237915 5919
1782931490991 0.172196626663208 5920
1782931490995 0.47999101877212524 5921
1782931490998 0.24579022824764252 5922
1782931491001 0.3141348958015442 5923
1782931491004 0.1696041375398636 5924
1782931491008 0.20721518993377686 5925
1782931491011 0.8077371716499329 5926
1782931491014 0.3275798261165619 5927
1782931491017 0.11043895781040192 5928
1782931491020 0.2491346001625061 5929
1782931491023 0.26179301738739014 5930
1782931491027 0.19154269993305206 5931
1782931491030 0.09058382362127304 5932
1782931491033 0.2770772874355316 5933
1782931491036 0.48955845832824707 5934
1782931491039 0.7993658781051636 5935
1782931491042 0.12258052825927734 5936
1782931491046 0.41072097420692444 5937
1782931491049 0.42768532037734985 5938
1782931491052 0.18784622848033905 5939
1782931491055 0.3087673783302307 5940
1782931491058 0.1535097062587738 5941
1782931491061 0.34971973299980164 5942
1782931491064 0.2725295424461365 5943
1782931491067 0.37720271944999695 5944
1782931491070 0.23718932271003723 5945
1782931491073 0.5664027333259583 5946
1782931491076 0.4689564108848572 5947
1782931491079 0.1426440179347992 5948
1782931491082 0.4381750226020813 5949
1782931491085 0.32792073488235474 5950
1782931491088 0.16010066866874695 5951
1782931491092 0.5103257298469543 5952
1782931491095 0.2946482300758362 5953
1782931491098 0.37240874767303467 5954
1782931491101 0.20001168549060822 5955
1782931491104 0.04895194619894028 5956
1782931491108 0.1948200762271881 5957
1782931491111 0.6266801357269287 5958
1782931491114 0.49620068073272705 5959
1782931491117 0.23721395432949066 5960
1782931491120 0.2829551100730896 5961
1782931491123 0.23433265089988708 5962
1782931491126 0.20923425257205963 5963
1782931491130 0.12016727775335312 5964
1782931491133 0.18600112199783325 5965
1782931491136 0.40968385338783264 5966
1782931491139 0.6614824533462524 5967
1782931491142 0.09603297710418701 5968
1782931491145 0.18658682703971863 5969
1782931491148 0.2865579128265381 5970
1782931491152 0.15675494074821472 5971
1782931491155 0.23930136859416962 5972
1782931491158 0.35874587297439575 5973
1782931491161 0.12365291267633438 5974
1782931491165 0.13158708810806274 5975
1782931491167 0.693796694278717 5976
1782931491170 0.2811718285083771 5977
1782931491174 0.19333811104297638 5978
1782931491177 0.4055079221725464 5979
1782931491180 0.48289716243743896 5980
1782931491182 0.18357284367084503 5981
1782931491184 0.3722113370895386 5982
1782931491187 0.20901499688625336 5983
1782931491189 0.2336847484111786 5984
1782931491191 0.3262641727924347 5985
1782931491194 0.6847150325775146 5986
1782931491196 0.35078078508377075 5987
1782931491198 0.07132796198129654 5988
1782931491200 0.2598470449447632 5989
1782931491203 0.37155094742774963 5990
1782931491205 0.14423389732837677 5991
1782931491207 0.12786206603050232 5992
1782931491212 0.6990204453468323 5993
1782931491215 0.13495244085788727 5994
1782931491217 0.29264289140701294 5995
1782931491219 0.3193220794200897 5996
1782931491227 0.2298615723848343 5997
1782931491229 0.13283145427703857 5998
1782931491232 0.3183404803276062 5999
1782931491236 0.12778884172439575 6000
1782931491238 0.2660265564918518 6001
1782931491241 0.25883185863494873 6002
1782931491243 0.17293325066566467 6003
1782931491246 0.44041144847869873 6004
1782931491248 0.32352620363235474 6005
1782931491250 0.03504195064306259 6006
1782931491252 0.17409470677375793 6007
1782931491254 0.3014460504055023 6008
1782931491257 0.220878466963768 6009
1782931491259 0.3265470564365387 6010
1782931491261 0.4891587197780609 6011
1782931491264 0.19911184906959534 6012
1782931491266 0.4110262393951416 6013
1782931491268 0.3164830803871155 6014
1782931491270 0.23326200246810913 6015
1782931491272 0.5717648863792419 6016
1782931491275 0.28910571336746216 6017
1782931491277 0.4766320586204529 6018
1782931491279 0.2478375881910324 6019
1782931491282 0.5220266580581665 6020
1782931491284 0.6240704655647278 6021
1782931491289 0.08232883363962173 6022
1782931491291 0.3618578612804413 6023
1782931491294 0.07787352055311203 6024
1782931491299 0.5954771041870117 6025
1782931491301 0.13866151869297028 6026
1782931491304 0.4344977140426636 6027
1782931491306 0.5051819086074829 6028
1782931491309 0.4850434362888336 6029
1782931491313 0.37301573157310486 6030
1782931491317 0.4409271478652954 6031
1782931491319 0.4570772051811218 6032
1782931491321 0.2778497636318207 6033
1782931491324 0.26489272713661194 6034
1782931491327 0.14806130528450012 6035
1782931491329 0.3183070719242096 6036
1782931491331 0.12904691696166992 6037
1782931491333 0.4667116701602936 6038
1782931491373 0.2712825834751129 6039
1782931491376 0.09197921305894852 6040
1782931491378 0.2584018409252167 6041
1782931491380 0.33231425285339355 6042
1782931491382 0.24085092544555664 6043
1782931491385 0.2610843777656555 6044
1782931491387 0.44862493872642517 6045
1782931491389 0.3579781949520111 6046
1782931491392 0.25948408246040344 6047
1782931491394 0.41618219017982483 6048
1782931491396 0.5219900012016296 6049
1782931491398 0.1066146194934845 6050
1782931491400 0.32852330803871155 6051
1782931491402 0.15766707062721252 6052
1782931491405 0.4152371883392334 6053
1782931491407 0.7559702396392822 6054
1782931491409 0.19287697970867157 6055
1782931491411 0.3478574752807617 6056
1782931491414 0.08807993680238724 6057
1782931491416 0.1344418227672577 6058
1782931491418 0.39291810989379883 6059
1782931491420 0.21631009876728058 6060
1782931491423 0.11284908652305603 6061
1782931491425 0.550239086151123 6062
1782931491428 0.2507598400115967 6063
1782931491430 0.33770278096199036 6064
1782931491432 0.24374230206012726 6065
1782931491435 0.048849884420633316 6066
1782931491437 0.05355650559067726 6067
1782931491439 0.1316867470741272 6068
1782931491442 0.12957237660884857 6069
1782931491444 0.14072461426258087 6070
1782931491448 0.24697118997573853 6071
1782931491450 0.2637954652309418 6072
1782931491452 0.039765361696481705 6073
1782931491454 0.23877790570259094 6074
1782931491456 0.6973353624343872 6075
1782931491459 0.25097036361694336 6076
1782931491461 0.22472022473812103 6077
1782931491463 0.26659250259399414 6078
1782931491465 0.19189846515655518 6079
1782931491468 0.19484950602054596 6080
1782931491470 0.8747883439064026 6081
1782931491472 0.4570346474647522 6082
1782931491475 0.2627660036087036 6083
1782931491477 0.31617072224617004 6084
1782931491479 0.35669243335723877 6085
1782931491481 0.16972467303276062 6086
1782931491484 0.1953209638595581 6087
1782931491486 0.2705090641975403 6088
1782931491488 0.18339882791042328 6089
1782931491491 0.1577191799879074 6090
1782931491493 0.8699622750282288 6091
1782931491495 0.4555821418762207 6092
1782931491498 0.4382231533527374 6093
1782931491500 0.05702390521764755 6094
1782931491502 0.20201756060123444 6095
1782931491505 0.05114976316690445 6096
1782931491508 0.48903000354766846 6097
1782931491510 0.28574037551879883 6098
1782931491512 0.3359745144844055 6099
1782931491515 0.2683718800544739 6100
1782931491517 0.5571633577346802 6101
1782931491519 0.2574729919433594 6102
1782931491522 0.3739520311355591 6103
1782931491524 0.38012978434562683 6104
1782931491527 0.2611663341522217 6105
1782931491529 0.2613185942173004 6106
1782931491531 0.28427350521087646 6107
1782931491533 0.06297960132360458 6108
1782931491535 0.21641428768634796 6109
1782931491537 0.1680816113948822 6110
1782931491540 0.31099796295166016 6111
1782931491542 0.18893419206142426 6112
1782931491544 0.10891987383365631 6113
1782931491547 0.5265554189682007 6114
1782931491549 0.3579089343547821 6115
1782931491551 0.11715671420097351 6116
1782931491553 0.30174753069877625 6117
1782931491555 0.36848077178001404 6118
1782931491557 0.32287028431892395 6119
1782931491560 0.48830747604370117 6120
1782931491562 0.7134438157081604 6121
1782931491564 0.30386295914649963 6122
1782931491566 0.07132159918546677 6123
1782931491568 0.1556844264268875 6124
1782931491570 0.06158210337162018 6125
1782931491572 0.1543084681034088 6126
1782931491575 0.23904217779636383 6127
1782931491577 0.25929388403892517 6128
1782931491579 0.18297971785068512 6129
1782931491581 0.18032453954219818 6130
1782931491583 0.22808873653411865 6131
1782931491585 0.12004895508289337 6132
1782931491587 0.3156937062740326 6133
1782931491590 0.33254334330558777 6134
1782931491592 0.0887153223156929 6135
1782931491594 0.25097760558128357 6136
1782931491596 0.039407845586538315 6137
1782931491598 0.3611542284488678 6138
1782931491600 0.08710692822933197 6139
1782931491603 0.11020185053348541 6140
1782931491605 0.4144207835197449 6141
1782931491607 0.09894970804452896 6142
1782931491609 0.2754264771938324 6143
1782931491611 0.1851866990327835 6144
1782931491614 0.5473880171775818 6145
1782931491616 0.7306808829307556 6146
1782931491618 0.2750597894191742 6147
1782931491620 0.3990841805934906 6148
1782931491623 0.26349133253097534 6149
1782931491626 0.13288526237010956 6150
1782931491628 0.15369708836078644 6151
1782931491630 0.4657265543937683 6152
1782931491632 0.13491612672805786 6153
1782931491634 0.41588371992111206 6154
1782931491636 0.3058672845363617 6155
1782931491639 0.5826476812362671 6156
1782931491641 0.18147769570350647 6157
1782931491643 0.18948395550251007 6158
1782931491645 0.4439074397087097 6159
1782931491648 0.13964110612869263 6160
1782931491650 0.15517579019069672 6161
1782931491652 0.2600289583206177 6162
1782931491654 0.4085490107536316 6163
1782931491657 0.3213871419429779 6164
1782931491660 0.2564404308795929 6165
1782931491662 0.49706175923347473 6166
1782931491664 0.43008214235305786 6167
1782931491666 0.44286975264549255 6168
1782931491668 0.6731762886047363 6169
1782931491670 0.06389451026916504 6170
1782931491673 0.4547085762023926 6171
1782931491675 0.2596580386161804 6172
1782931491677 0.4156694710254669 6173
1782931491679 0.36956527829170227 6174
1782931491682 0.2541657090187073 6175
1782931491684 0.27056121826171875 6176
1782931491686 0.27413108944892883 6177
1782931491689 0.5941359400749207 6178
1782931491692 0.24799488484859467 6179
1782931491694 0.1986047476530075 6180
1782931491696 0.20455016195774078 6181
1782931491698 0.18995748460292816 6182
1782931491700 0.36338844895362854 6183
1782931491702 0.19405943155288696 6184
1782931491704 0.18513424694538116 6185
1782931491708 0.247233048081398 6186
1782931491710 0.5386371612548828 6187
1782931491712 0.32390496134757996 6188
1782931491716 0.13116340339183807 6189
1782931491718 0.5912731289863586 6190
1782931491720 0.3454005718231201 6191
1782931491722 0.23178015649318695 6192
1782931491724 0.11606194823980331 6193
1782931491731 0.41172951459884644 6194
1782931491733 0.36513301730155945 6195
1782931491735 0.39287328720092773 6196
1782931491737 0.30223241448402405 6197
1782931491745 0.1445288062095642 6198
1782931491747 0.13171571493148804 6199
1782931491750 0.2541949450969696 6200
1782931491755 0.13910113275051117 6201
1782931491757 0.14879001677036285 6202
1782931491760 0.27308231592178345 6203
1782931491763 0.16055557131767273 6204
1782931491770 0.42391258478164673 6205
1782931491772 0.23538562655448914 6206
1782931491775 0.5468844175338745 6207
1782931491777 0.22871242463588715 6208
1782931491779 0.13034647703170776 6209
1782931491782 0.3836156725883484 6210
1782931491784 0.1628713756799698 6211
1782931491786 0.30011776089668274 6212
1782931491789 0.43406257033348083 6213
1782931491791 0.16423900425434113 6214
1782931491794 0.1668534129858017 6215
1782931491796 0.23305851221084595 6216
1782931491798 0.606916606426239 6217
1782931491800 0.3611234128475189 6218
1782931491802 0.32057487964630127 6219
1782931491805 0.6887814998626709 6220
1782931491809 0.44748714566230774 6221
1782931491812 0.13872762024402618 6222
1782931491814 0.32938048243522644 6223
1782931491816 0.17490170896053314 6224
1782931491818 0.36963436007499695 6225
1782931491820 0.2543969750404358 6226
1782931491823 0.6377193927764893 6227
1782931491825 0.5318331718444824 6228
1782931491827 0.23385822772979736 6229
1782931491829 0.44193539023399353 6230
1782931491832 0.1352766752243042 6231
1782931491834 0.28061652183532715 6232
1782931491836 0.165762260556221 6233
1782931491838 0.2019921839237213 6234
1782931491841 0.3663371801376343 6235
1782931491843 0.40047723054885864 6236
1782931491846 0.1510956585407257 6237
1782931491848 0.3006068468093872 6238
1782931491850 0.550496518611908 6239
1782931491852 0.32390105724334717 6240
1782931491854 0.22272144258022308 6241
1782931491857 0.33030152320861816 6242
1782931491859 0.18581168353557587 6243
1782931491861 0.4369502365589142 6244
1782931491863 0.20663250982761383 6245
1782931491866 0.16218245029449463 6246
1782931491868 0.3985671103000641 6247
1782931491870 0.46216586232185364 6248
1782931491873 0.32517457008361816 6249
1782931491877 0.29747268557548523 6250
1782931491882 0.7029000520706177 6251
1782931491884 0.35067084431648254 6252
1782931491886 0.4023694097995758 6253
1782931491888 0.5527493953704834 6254
1782931491890 0.3666420876979828 6255
1782931491893 0.4543758034706116 6256
1782931491895 0.5955602526664734 6257
1782931491897 0.12682470679283142 6258
1782931491899 0.09451490640640259 6259
1782931491902 0.11954490840435028 6260
1782931491908 0.5220221281051636 6261
1782931491912 0.4214758276939392 6262
1782931491914 0.7114903330802917 6263
1782931491917 0.1569637507200241 6264
1782931491919 0.1658252477645874 6265
1782931491921 0.22481535375118256 6266
1782931491923 0.11749463528394699 6267
1782931491925 0.06944955885410309 6268
1782931491927 0.41585150361061096 6269
1782931491930 0.10660335421562195 6270
1782931491932 0.17544442415237427 6271
1782931491934 0.17213177680969238 6272
1782931491936 0.10069207847118378 6273
1782931491938 0.2691732347011566 6274
1782931491940 0.41018012166023254 6275
1782931491943 0.07280237227678299 6276
1782931491945 0.3183239996433258 6277
1782931491947 0.31056714057922363 6278
1782931491949 0.41702190041542053 6279
1782931491951 0.48345765471458435 6280
1782931491954 0.191237211227417 6281
1782931491956 0.1546151041984558 6282
1782931491958 0.2876347601413727 6283
1782931491961 0.507659375667572 6284
1782931491963 0.37178361415863037 6285
1782931491965 0.17334307730197906 6286
1782931491967 0.4093852937221527 6287
1782931491969 0.6129997968673706 6288
1782931491972 0.36780330538749695 6289
1782931491975 0.13919441401958466 6290
1782931491977 0.24664856493473053 6291
1782931491979 0.3268362581729889 6292
1782931491981 0.04244931787252426 6293
1782931491983 0.44102534651756287 6294
1782931491986 0.16725638508796692 6295
1782931491988 0.39060601592063904 6296
1782931491990 0.49211937189102173 6297
1782931491993 0.18401460349559784 6298
1782931491995 0.3847743272781372 6299
1782931491997 0.3065863251686096 6300
1782931491999 0.15654654800891876 6301
1782931492002 0.46249744296073914 6302
1782931492004 0.3924787640571594 6303
1782931492006 0.22994045913219452 6304
1782931492008 0.3327869176864624 6305
1782931492011 0.23019762337207794 6306
1782931492013 0.3402114510536194 6307
1782931492015 0.13151705265045166 6308
1782931492017 0.7526995539665222 6309
1782931492020 0.2612901031970978 6310
1782931492022 0.32957229018211365 6311
1782931492024 0.4816766679286957 6312
1782931492033 0.2980864346027374 6313
1782931492035 0.36672359704971313 6314
1782931492037 0.4315866231918335 6315
1782931492039 0.796724259853363 6316
1782931492042 0.406291663646698 6317
1782931492044 0.5090841054916382 6318
1782931492046 0.6472963094711304 6319
1782931492048 0.2791544198989868 6320
1782931492050 0.6462612748146057 6321
1782931492052 0.5010969638824463 6322
1782931492054 0.45582276582717896 6323
1782931492056 0.349581241607666 6324
1782931492059 0.20608198642730713 6325
1782931492061 0.3983064889907837 6326
1782931492063 0.29564493894577026 6327
1782931492065 0.14593490958213806 6328
1782931492067 0.21532456576824188 6329
1782931492069 0.4393082857131958 6330
1782931492071 0.35844123363494873 6331
1782931492074 0.09792536497116089 6332
1782931492076 0.6448540687561035 6333
1782931492078 0.20885001122951508 6334
1782931492080 0.5371888875961304 6335
1782931492082 0.2687509059906006 6336
1782931492084 0.463400661945343 6337
1782931492086 0.32302236557006836 6338
1782931492088 0.15200328826904297 6339
1782931492091 0.12563098967075348 6340
1782931492093 0.6118426322937012 6341
1782931492095 0.4164818525314331 6342
1782931492097 0.28320804238319397 6343
1782931492099 0.4107048809528351 6344
1782931492102 0.2403135597705841 6345
1782931492104 0.5742778182029724 6346
1782931492106 0.37927618622779846 6347
1782931492108 0.2726253569126129 6348
1782931492110 0.22941656410694122 6349
1782931492112 0.12657299637794495 6350
1782931492115 0.31221702694892883 6351
1782931492117 0.3320181965827942 6352
1782931492119 0.5978803038597107 6353
1782931492121 0.20413751900196075 6354
1782931492124 0.08477196097373962 6355
1782931492127 0.43154820799827576 6356
1782931492129 0.10984586179256439 6357
1782931492131 0.41984593868255615 6358
1782931492133 0.19891713559627533 6359
1782931492135 0.34418943524360657 6360
1782931492137 0.11779768019914627 6361
1782931492141 0.1511511355638504 6362
1782931492143 0.13176843523979187 6363
1782931492145 0.4081989526748657 6364
1782931492148 0.11629542708396912 6365
1782931492150 0.10819071531295776 6366
1782931492152 0.28573036193847656 6367
1782931492154 0.33957749605178833 6368
1782931492156 0.07046566903591156 6369
1782931492159 0.19240045547485352 6370
1782931492161 0.16851960122585297 6371
1782931492163 0.37352585792541504 6372
1782931492165 0.27357569336891174 6373
1782931492167 0.5963994264602661 6374
1782931492169 0.18358170986175537 6375
1782931492172 0.2626418471336365 6376
1782931492174 0.47694769501686096 6377
1782931492176 0.2911503314971924 6378
1782931492178 0.5826553702354431 6379
1782931492181 0.2360914647579193 6380
1782931492183 0.6861503720283508 6381
1782931492185 0.16262038052082062 6382
1782931492187 0.46894600987434387 6383
1782931492191 0.2015998810529709 6384
1782931492193 0.2627969980239868 6385
1782931492196 0.13375353813171387 6386
1782931492198 0.22981327772140503 6387
1782931492200 0.13621366024017334 6388
1782931492205 0.15534429252147675 6389
1782931492208 0.4209192991256714 6390
1782931492210 0.19722455739974976 6391
1782931492213 0.1485663801431656 6392
1782931492215 0.11181391030550003 6393
1782931492217 0.232243612408638 6394
1782931492220 0.1646471470594406 6395
1782931492223 0.2615624666213989 6396
1782931492227 0.16028180718421936 6397
1782931492232 0.13200131058692932 6398
1782931492235 0.378848135471344 6399
1782931492237 0.12724226713180542 6400
1782931492252 0.36798685789108276 6401
1782931492255 0.18737849593162537 6402
1782931492258 0.1423032432794571 6403
1782931492260 0.28272536396980286 6404
1782931492262 0.11004245281219482 6405
1782931492264 0.7804230451583862 6406
1782931492272 0.14615127444267273 6407
1782931492274 0.08462104201316833 6408
1782931492276 0.3727710247039795 6409
1782931492279 0.156413733959198 6410
1782931492281 0.33065265417099 6411
1782931492283 0.6685382127761841 6412
1782931492285 0.5455514192581177 6413
1782931492287 0.7070749402046204 6414
1782931492290 0.5400885939598083 6415
1782931492292 0.082682304084301 6416
1782931492295 0.1885775327682495 6417
1782931492297 0.2863473892211914 6418
1782931492299 0.21140308678150177 6419
1782931492301 0.24645540118217468 6420
1782931492304 0.21568666398525238 6421
1782931492307 0.16783560812473297 6422
1782931492311 0.24803993105888367 6423
1782931492314 0.15270188450813293 6424
1782931492316 0.23965062201023102 6425
1782931492318 0.08376991003751755 6426
1782931492321 0.3098236918449402 6427
1782931492323 0.6629071831703186 6428
1782931492326 0.3317264914512634 6429
1782931492328 0.27762022614479065 6430
1782931492330 0.41621866822242737 6431
1782931492332 0.6188017725944519 6432
1782931492335 0.26103508472442627 6433
1782931492337 0.3853829503059387 6434
1782931492339 0.7070934176445007 6435
1782931492342 0.1877819150686264 6436
1782931492345 0.495178759098053 6437
1782931492347 0.5341635942459106 6438
1782931492350 0.1843162477016449 6439
1782931492352 0.5052512288093567 6440
1782931492354 0.10759501904249191 6441
1782931492356 0.4772174060344696 6442
1782931492359 0.42852139472961426 6443
1782931492361 0.4189516305923462 6444
1782931492363 0.15529441833496094 6445
1782931492366 0.24123354256153107 6446
1782931492368 0.5426152348518372 6447
1782931492370 0.28985410928726196 6448
1782931492372 0.48300111293792725 6449
1782931492375 0.37032100558280945 6450
1782931492377 0.37852612137794495 6451
1782931492379 0.33666524291038513 6452
1782931492382 0.4550544321537018 6453
1782931492384 0.6715912222862244 6454
1782931492386 0.4967633783817291 6455
1782931492388 0.14988553524017334 6456
1782931492390 0.47170889377593994 6457
1782931492393 0.24280011653900146 6458
1782931492396 0.11040542274713516 6459
1782931492399 0.14630600810050964 6460
1782931492401 0.2044115662574768 6461
1782931492403 0.17238749563694 6462
1782931492405 0.1937708705663681 6463
1782931492408 0.22047029435634613 6464
1782931492410 0.1956285834312439 6465
1782931492412 0.2604736387729645 6466
1782931492415 0.18599896132946014 6467
1782931492417 0.25885292887687683 6468
1782931492419 0.4060579836368561 6469
1782931492421 0.2860381305217743 6470
1782931492424 0.4875015914440155 6471
1782931492426 0.40813079476356506 6472
1782931492428 0.16536986827850342 6473
1782931492430 0.4136837422847748 6474
1782931492433 0.4268801808357239 6475
1782931492435 0.4206738770008087 6476
1782931492437 0.3608850836753845 6477
1782931492439 0.6492335796356201 6478
1782931492442 0.6079510450363159 6479
1782931492444 0.5755417943000793 6480
1782931492446 0.3262496292591095 6481
1782931492448 0.12495173513889313 6482
1782931492450 0.424914687871933 6483
1782931492452 0.23256860673427582 6484
1782931492455 0.3923856019973755 6485
1782931492457 0.09247477352619171 6486
1782931492460 0.47356608510017395 6487
1782931492462 0.25886616110801697 6488
1782931492464 0.25289058685302734 6489
1782931492466 0.3415457308292389 6490
1782931492469 0.2419368028640747 6491
1782931492471 0.2672662138938904 6492
1782931492473 0.40717706084251404 6493
1782931492477 0.11954877525568008 6494
1782931492479 0.3159117102622986 6495
1782931492481 0.2790222465991974 6496
1782931492483 0.15341687202453613 6497
1782931492486 0.5503934621810913 6498
1782931492488 0.19092488288879395 6499
1782931492490 0.2797848582267761 6500
1782931492493 0.34338507056236267 6501
1782931492495 0.41455569863319397 6502
1782931492497 0.12720707058906555 6503
1782931492499 0.3917234241962433 6504
1782931492501 0.17970994114875793 6505
1782931492503 0.26399555802345276 6506
1782931492506 0.2950243353843689 6507
1782931492508 0.6107346415519714 6508
1782931492512 0.6056647896766663 6509
1782931492514 0.30476972460746765 6510
1782931492516 0.02688397467136383 6511
1782931492518 0.2795657217502594 6512
1782931492520 0.07879936695098877 6513
1782931492525 0.41965195536613464 6514
1782931492529 0.1907578855752945 6515
1782931492531 0.15643148124217987 6516
1782931492534 0.24002207815647125 6517
1782931492541 0.12331800162792206 6518
1782931492543 0.5398836135864258 6519
1782931492549 0.322575181722641 6520
1782931492551 0.21161969006061554 6521
1782931492554 0.18788638710975647 6522
1782931492559 0.12616907060146332 6523
1782931492563 0.311381071805954 6524
1782931492580 0.10185839235782623 6525
1782931492584 0.21512232720851898 6526
1782931492588 0.7151134610176086 6527
1782931492593 0.16879606246948242 6528
1782931492602 0.4772726893424988 6529
1782931492606 0.12447823584079742 6530
1782931492609 0.21008534729480743 6531
1782931492611 0.6055241823196411 6532
1782931492613 0.09089168906211853 6533
1782931492615 0.25473105907440186 6534
1782931492618 0.2431735396385193 6535
1782931492620 0.5160486698150635 6536
1782931492623 0.11718861013650894 6537
1782931492625 0.09044327586889267 6538
1782931492628 0.3050673305988312 6539
1782931492630 0.45282286405563354 6540
1782931492632 0.5206081867218018 6541
1782931492634 0.2466694712638855 6542
1782931492636 0.4118767976760864 6543
1782931492639 0.1740238517522812 6544
1782931492641 1.225893259048462 6545
1782931492643 0.22435198724269867 6546
1782931492645 0.5426933169364929 6547
1782931492648 0.16280579566955566 6548
1782931492650 0.22719378769397736 6549
1782931492652 0.12180682271718979 6550
1782931492654 0.2743130028247833 6551
1782931492657 0.1348942071199417 6552
1782931492659 0.3948889970779419 6553
1782931492661 0.19371028244495392 6554
1782931492664 0.3319298028945923 6555
1782931492666 0.0976836234331131 6556
1782931492668 0.25591951608657837 6557
1782931492670 0.1603802740573883 6558
1782931492673 0.18867745995521545 6559
1782931492675 0.10312239825725555 6560
1782931492677 0.7998018860816956 6561
1782931492680 0.1293603777885437 6562
1782931492682 0.08670499920845032 6563
1782931492684 0.14803658425807953 6564
1782931492686 0.1712770015001297 6565
1782931492688 0.2036229521036148 6566
1782931492691 0.16614986956119537 6567
1782931492693 0.4347907602787018 6568
1782931492696 0.11353696137666702 6569
1782931492698 0.07648225128650665 6570
1782931492700 0.29880890250205994 6571
1782931492702 0.04876435548067093 6572
1782931492705 0.2976754307746887 6573
1782931492707 0.5064099431037903 6574
1782931492709 0.23148591816425323 6575
1782931492712 0.5172513723373413 6576
1782931492714 0.19575254619121552 6577
1782931492716 0.3939041495323181 6578
1782931492718 0.13460715115070343 6579
1782931492720 0.17964376509189606 6580
1782931492723 0.25134024024009705 6581
1782931492725 0.14729037880897522 6582
1782931492728 0.13341401517391205 6583
1782931492730 0.3334856927394867 6584
1782931492732 0.34013861417770386 6585
1782931492734 0.34454742074012756 6586
1782931492736 0.21689054369926453 6587
1782931492739 0.3829690217971802 6588
1782931492741 0.18204836547374725 6589
1782931492743 0.6107403635978699 6590
1782931492746 0.17194625735282898 6591
1782931492748 0.33851009607315063 6592
1782931492750 0.6792461276054382 6593
1782931492752 0.23142829537391663 6594
1782931492754 0.17260180413722992 6595
1782931492757 0.37258797883987427 6596
1782931492759 0.33839187026023865 6597
1782931492762 0.4337945878505707 6598
1782931492764 0.09297354519367218 6599
1782931492772 0.30574479699134827 6600
1782931492778 0.25309616327285767 6601
1782931492781 0.48510992527008057 6602
1782931492784 0.4712490141391754 6603
1782931492786 0.16631977260112762 6604
1782931492789 0.4942196011543274 6605
1782931492792 0.2600717842578888 6606
1782931492794 0.22397957742214203 6607
1782931492796 0.09685269743204117 6608
1782931492799 0.16640660166740417 6609
1782931492801 0.023475680500268936 6610
1782931492803 0.7452423572540283 6611
1782931492806 0.10655096918344498 6612
1782931492808 0.2137005478143692 6613
1782931492810 0.17143552005290985 6614
1782931492813 0.25480177998542786 6615
1782931492815 0.35286039113998413 6616
1782931492817 0.24492473900318146 6617
1782931492819 0.14392858743667603 6618
1782931492822 0.2922450304031372 6619
1782931492824 0.09592349827289581 6620
1782931492827 0.13150514662265778 6621
1782931492829 0.455503910779953 6622
1782931492831 0.555989146232605 6623
1782931492833 0.453054815530777 6624
1782931492835 0.32181867957115173 6625
1782931492838 0.047336261719465256 6626
1782931492840 0.2067379504442215 6627
1782931492843 0.24722503125667572 6628
1782931492845 0.2824493944644928 6629
1782931492847 0.19558942317962646 6630
1782931492850 0.12725751101970673 6631
1782931492852 0.3028740882873535 6632
1782931492854 0.20482075214385986 6633
1782931492856 0.13961482048034668 6634
1782931492859 0.15985435247421265 6635
1782931492861 0.3309178352355957 6636
1782931492864 0.27680081129074097 6637
1782931492866 0.5568647384643555 6638
1782931492868 0.1693311184644699 6639
1782931492871 0.26753950119018555 6640
1782931492873 0.6742485761642456 6641
1782931492876 0.7275534272193909 6642
1782931492878 1.1461946964263916 6643
1782931492880 0.2795296013355255 6644
1782931492882 0.47245439887046814 6645
1782931492885 0.2693173885345459 6646
1782931492887 0.16302146017551422 6647
1782931492889 0.17152628302574158 6648
1782931492892 0.4292861819267273 6649
1782931492894 0.4200594127178192 6650
1782931492896 0.16893181204795837 6651
1782931492898 0.34343820810317993 6652
1782931492900 0.16639837622642517 6653
1782931492903 0.23175956308841705 6654
1782931492905 0.42357945442199707 6655
1782931492907 0.2746891975402832 6656
1782931492910 0.37534183263778687 6657
1782931492917 0.10467121750116348 6658
1782931492951 0.3317128121852875 6659
1782931492956 0.33437830209732056 6660
1782931492965 0.33107659220695496 6661
1782931492967 0.180794358253479 6662
1782931492970 0.2525724768638611 6663
1782931492972 0.35247594118118286 6664
1782931492975 0.3425135910511017 6665
1782931492977 0.37455785274505615 6666
1782931492980 0.42750394344329834 6667
1782931492982 0.24295225739479065 6668
1782931492984 0.10637788474559784 6669
1782931492986 0.1389000564813614 6670
1782931492989 0.3119150996208191 6671
1782931492994 0.12492499500513077 6672
1782931492997 0.17936484515666962 6673
1782931492999 0.5296404957771301 6674
1782931493002 0.25176358222961426 6675
1782931493004 0.42021438479423523 6676
1782931493007 0.2111748903989792 6677
1782931493009 0.11235173791646957 6678
1782931493012 0.6005464792251587 6679
1782931493014 0.13615353405475616 6680
1782931493016 0.4956856667995453 6681
1782931493018 0.7906584739685059 6682
1782931493020 0.16144242882728577 6683
1782931493024 0.3014509975910187 6684
1782931493027 0.4621759057044983 6685
1782931493029 0.2963772118091583 6686
1782931493031 0.12577560544013977 6687
1782931493033 0.5049471259117126 6688
1782931493036 0.20423434674739838 6689
1782931493038 0.14608323574066162 6690
1782931493040 0.43971747159957886 6691
1782931493042 0.7128475904464722 6692
1782931493045 0.21301999688148499 6693
1782931493047 0.23120002448558807 6694
1782931493049 0.1437544822692871 6695
1782931493051 0.2767876982688904 6696
1782931493053 0.30733203887939453 6697
1782931493056 0.7045925855636597 6698
1782931493058 0.20521795749664307 6699
1782931493060 0.7107439041137695 6700
1782931493063 0.24397766590118408 6701
1782931493065 0.37030988931655884 6702
1782931493067 0.27867963910102844 6703
1782931493069 0.25946271419525146 6704
1782931493072 0.2054511457681656 6705
1782931493074 0.3114696443080902 6706
1782931493076 0.3931182622909546 6707
1782931493079 0.3443030118942261 6708
1782931493081 0.431630402803421 6709
1782931493083 0.1518801748752594 6710
1782931493086 0.178849995136261 6711
1782931493089 0.09694302082061768 6712
1782931493091 0.21719932556152344 6713
1782931493094 0.40998396277427673 6714
1782931493096 0.20833593606948853 6715
1782931493098 0.6517574191093445 6716
1782931493100 0.35538947582244873 6717
1782931493103 0.40029454231262207 6718
1782931493105 0.3921666443347931 6719
1782931493107 0.44078701734542847 6720
1782931493110 0.29357582330703735 6721
1782931493112 0.18798519670963287 6722
1782931493114 0.20807136595249176 6723
1782931493116 0.21142864227294922 6724
1782931493118 0.08485615998506546 6725
1782931493121 0.27142781019210815 6726
1782931493123 0.14062100648880005 6727
1782931493125 0.4396301805973053 6728
1782931493128 0.21306480467319489 6729
1782931493130 0.3134656250476837 6730
1782931493133 0.1874949187040329 6731
1782931493136 0.20986181497573853 6732
1782931493138 0.36148181557655334 6733
1782931493142 0.28024518489837646 6734
1782931493144 0.06307365745306015 6735
1782931493146 0.46799197793006897 6736
1782931493149 0.09795856475830078 6737
1782931493151 0.535865068435669 6738
1782931493153 0.056707922369241714 6739
1782931493156 0.045630551874637604 6740
1782931493159 0.49367183446884155 6741
1782931493161 0.20479315519332886 6742
1782931493164 0.4250853955745697 6743
1782931493167 0.2884412109851837 6744
1782931493169 0.24969038367271423 6745
1782931493172 0.2651088833808899 6746
1782931493174 0.08814671635627747 6747
1782931493177 0.21387991309165955 6748
1782931493179 0.4533846378326416 6749
1782931493181 0.20372934639453888 6750
1782931493184 0.4179244339466095 6751
1782931493186 0.1569128930568695 6752
1782931493189 0.2575399577617645 6753
1782931493192 0.11488442122936249 6754
1782931493194 0.09908384084701538 6755
1782931493196 0.10753782838582993 6756
1782931493198 0.06449258327484131 6757
1782931493201 0.41699373722076416 6758
1782931493203 0.10278075933456421 6759
1782931493205 0.3790573477745056 6760
1782931493208 0.6401880979537964 6761
1782931493210 0.1244003102183342 6762
1782931493213 0.18522727489471436 6763
1782931493216 0.2367277890443802 6764
1782931493219 0.3205743134021759 6765
1782931493222 0.43985769152641296 6766
1782931493225 0.48603135347366333 6767
1782931493228 0.247599259018898 6768
1782931493230 0.3527444899082184 6769
1782931493232 0.7130334377288818 6770
1782931493234 0.09638817608356476 6771
1782931493236 0.32737451791763306 6772
1782931493240 0.05645380914211273 6773
1782931493243 0.12286017090082169 6774
1782931493246 0.11173893511295319 6775
1782931493248 0.6298806667327881 6776
1782931493250 0.23037271201610565 6777
1782931493252 0.07394038140773773 6778
1782931493254 0.23252950608730316 6779
1782931493256 0.4337574243545532 6780
1782931493259 0.34618186950683594 6781
1782931493261 0.31091076135635376 6782
1782931493263 0.5893601179122925 6783
1782931493265 0.7862498760223389 6784
1782931493267 0.3030022978782654 6785
1782931493270 0.1700490266084671 6786
1782931493272 0.07762644439935684 6787
1782931493274 0.5623419880867004 6788
1782931493277 0.09663493186235428 6789
1782931493279 0.19722424447536469 6790
1782931493281 0.6520608067512512 6791
1782931493283 0.12983065843582153 6792
1782931493285 0.3517184257507324 6793
1782931493288 0.5932835936546326 6794
1782931493290 0.15075665712356567 6795
1782931493292 0.06454508751630783 6796
1782931493295 0.2473461925983429 6797
1782931493298 0.49986112117767334 6798
1782931493301 0.19313044846057892 6799
1782931493304 0.18120965361595154 6800
1782931493306 0.4972676634788513 6801
1782931493309 0.6969867944717407 6802
1782931493311 0.17797768115997314 6803
1782931493313 0.5917677879333496 6804
1782931493315 0.38019952178001404 6805
1782931493318 0.28260862827301025 6806
1782931493320 0.5065144896507263 6807
1782931493322 0.2576372027397156 6808
1782931493324 0.27161356806755066 6809
1782931493327 0.7561191320419312 6810
1782931493329 0.23561641573905945 6811
1782931493332 0.6153832077980042 6812
1782931493335 0.22157542407512665 6813
1782931493337 0.19480037689208984 6814
1782931493340 0.220755934715271 6815
1782931493343 0.15505263209342957 6816
1782931493346 0.0949656143784523 6817
1782931493348 0.31086456775665283 6818
1782931493350 0.3092866837978363 6819
1782931493352 0.11223660409450531 6820
1782931493355 0.5817855596542358 6821
1782931493357 0.6190586686134338 6822
1782931493360 0.2450735718011856 6823
1782931493362 0.18985900282859802 6824
1782931493365 0.24613508582115173 6825
1782931493370 0.28168952465057373 6826
1782931493373 0.4869907796382904 6827
1782931493375 0.1992870271205902 6828
1782931493377 0.22316913306713104 6829
1782931493380 0.13330569863319397 6830
1782931493385 0.09678053110837936 6831
1782931493389 0.4336448609828949 6832
1782931493391 0.05510708689689636 6833
1782931493394 0.7446436285972595 6834
1782931493396 0.1288420855998993 6835
1782931493398 0.28192055225372314 6836
1782931493401 0.6228331327438354 6837
1782931493403 0.6684361696243286 6838
1782931493405 0.09258969873189926 6839
1782931493408 0.24043908715248108 6840
1782931493411 0.40737155079841614 6841
1782931493414 0.35540467500686646 6842
1782931493416 0.7736474275588989 6843
1782931493419 0.15094637870788574 6844
1782931493422 0.3309418857097626 6845
1782931493425 0.2776638865470886 6846
1782931493449 0.2938064634799957 6847
1782931493451 0.31005001068115234 6848
1782931493453 0.31874826550483704 6849
1782931493455 0.3269776701927185 6850
1782931493458 0.06896285712718964 6851
1782931493460 0.15502165257930756 6852
1782931493462 0.18280726671218872 6853
1782931493464 0.30677101016044617 6854
1782931493466 0.37217745184898376 6855
1782931493469 0.06338862329721451 6856
1782931493471 0.12362538278102875 6857
1782931493476 0.6140692234039307 6858
1782931493478 0.2323840856552124 6859
1782931493480 0.18771345913410187 6860
1782931493482 0.2259291559457779 6861
1782931493484 0.27407440543174744 6862
1782931493487 0.4628670811653137 6863
1782931493489 0.3835679590702057 6864
1782931493491 0.29149746894836426 6865
1782931493493 0.22064141929149628 6866
1782931493495 0.4631573557853699 6867
1782931493498 0.19489505887031555 6868
1782931493500 0.1538935899734497 6869
1782931493502 0.6151036024093628 6870
1782931493504 0.08774688094854355 6871
1782931493506 0.32571426033973694 6872
1782931493509 0.0809008926153183 6873
1782931493511 0.5907344818115234 6874
1782931493513 0.2172992080450058 6875
1782931493515 0.22094354033470154 6876
1782931493517 0.2215636670589447 6877
1782931493519 0.36290571093559265 6878
1782931493522 0.05507794767618179 6879
1782931493524 0.06174936518073082 6880
1782931493526 0.29556795954704285 6881
1782931493529 0.2314055860042572 6882
1782931493531 0.15221844613552094 6883
1782931493533 0.1171557679772377 6884
1782931493535 0.10705962777137756 6885
1782931493538 0.2174052596092224 6886
1782931493540 0.27335259318351746 6887
1782931493542 0.21813784539699554 6888
1782931493545 0.26249590516090393 6889
1782931493547 0.24401120841503143 6890
1782931493549 0.16623122990131378 6891
1782931493551 0.04819793999195099 6892
1782931493553 0.2461829036474228 6893
1782931493556 0.3768678307533264 6894
1782931493558 0.23187248408794403 6895
1782931493560 0.29414892196655273 6896
1782931493562 0.3231506645679474 6897
1782931493565 0.5757500529289246 6898
1782931493567 0.32375237345695496 6899
1782931493569 0.4022483229637146 6900
1782931493572 0.46725600957870483 6901
1782931493575 0.1577405035495758 6902
1782931493578 0.3465302288532257 6903
1782931493580 0.33307206630706787 6904
1782931493583 0.09527073800563812 6905
1782931493585 0.21998237073421478 6906
1782931493587 0.31692492961883545 6907
1782931493589 0.12513509392738342 6908
1782931493592 0.12591084837913513 6909
1782931493594 0.14249145984649658 6910
1782931493596 0.23170456290245056 6911
1782931493598 0.34246060252189636 6912
1782931493600 0.32569965720176697 6913
1782931493602 0.15174612402915955 6914
1782931493604 0.3809024393558502 6915
1782931493607 0.5073272585868835 6916
1782931493609 0.4153442084789276 6917
1782931493611 0.185638889670372 6918
1782931493613 0.2185380756855011 6919
1782931493615 0.12564072012901306 6920
1782931493618 0.5226077437400818 6921
1782931493620 0.45333248376846313 6922
1782931493623 0.07491646707057953 6923
1782931493626 0.3965862989425659 6924
1782931493629 0.15599898993968964 6925
1782931493631 0.4679223895072937 6926
1782931493634 0.43130189180374146 6927
1782931493636 0.4638376533985138 6928
1782931493639 0.4124765396118164 6929
1782931493641 0.1711568385362625 6930
1782931493644 0.48830941319465637 6931
1782931493646 0.14678515493869781 6932
1782931493649 0.14750637114048004 6933
1782931493651 0.10952714085578918 6934
1782931493654 0.3418210446834564 6935
1782931493657 0.18065957725048065 6936
1782931493660 0.31556499004364014 6937
1782931493662 0.41169118881225586 6938
1782931493665 0.2861957848072052 6939
1782931493667 0.32450157403945923 6940
1782931493670 0.17530453205108643 6941
1782931493672 0.3914778530597687 6942
1782931493675 0.4379057288169861 6943
1782931493677 0.2724381387233734 6944
1782931493679 0.15304742753505707 6945
1782931493681 0.4852806627750397 6946
1782931493683 0.16072522103786469 6947
1782931493685 0.13198259472846985 6948
1782931493687 0.39087948203086853 6949
1782931493690 0.3236386179924011 6950
1782931493692 0.3873731791973114 6951
1782931493694 0.21745367348194122 6952
1782931493696 0.3480228781700134 6953
1782931493698 0.43490663170814514 6954
1782931493700 0.47981202602386475 6955
1782931493703 0.2930065095424652 6956
1782931493705 0.3364628851413727 6957
1782931493707 0.27862757444381714 6958
1782931493709 0.29164376854896545 6959
1782931493711 0.1951027363538742 6960
1782931493713 0.3248929977416992 6961
1782931493716 0.2927428185939789 6962
1782931493718 0.6280554533004761 6963
1782931493720 0.08619798719882965 6964
1782931493724 0.2789640426635742 6965
1782931493727 0.1597457379102707 6966
1782931493730 0.13720473647117615 6967
1782931493732 0.28688618540763855 6968
1782931493735 0.45513662695884705 6969
1782931493738 0.3212336301803589 6970
1782931493740 0.14025069773197174 6971
1782931493743 0.24530647695064545 6972
1782931493745 0.42572298645973206 6973
1782931493747 0.23053854703903198 6974
1782931493750 0.27516302466392517 6975
1782931493752 0.06310874968767166 6976
1782931493755 0.5959106683731079 6977
1782931493758 0.24480631947517395 6978
1782931493761 0.191836416721344 6979
1782931493763 0.15223947167396545 6980
1782931493766 0.2714318037033081 6981
1782931493769 0.23391856253147125 6982
1782931493772 0.1973925679922104 6983
1782931493774 0.44016772508621216 6984
1782931493777 0.16173186898231506 6985
1782931493779 0.8628504276275635 6986
1782931493781 0.23681634664535522 6987
1782931493784 0.3295063078403473 6988
1782931493790 0.38198843598365784 6989
1782931493793 0.13693591952323914 6990
1782931493795 0.4126887321472168 6991
1782931493797 0.13409239053726196 6992
1782931493800 0.5846018195152283 6993
1782931493804 0.1993304044008255 6994
1782931493808 0.2638923227787018 6995
1782931493810 0.7714880108833313 6996
1782931493813 0.1358470618724823 6997
1782931493815 0.2889414131641388 6998
1782931493817 0.20155780017375946 6999
1782931493819 0.12290094047784805 7000
1782931493822 0.2242107093334198 7001
1782931493824 0.485373854637146 7002
1782931493827 0.18844819068908691 7003
1782931493829 0.5227314233779907 7004
1782931493831 0.6027369499206543 7005
1782931493834 0.3951558470726013 7006
1782931493836 0.1152387484908104 7007
1782931493839 0.181587353348732 7008
1782931493842 0.14213784039020538 7009
1782931493844 0.21501852571964264 7010
1782931493846 0.2621195912361145 7011
1782931493848 0.3963329493999481 7012
1782931493851 0.16881224513053894 7013
1782931493853 0.374338299036026 7014
1782931493855 0.14030924439430237 7015
1782931493858 0.21280309557914734 7016
1782931493860 0.20702485740184784 7017
1782931493862 0.1860111802816391 7018
1782931493864 0.3644880950450897 7019
1782931493866 0.8034214973449707 7020
1782931493869 0.4752911627292633 7021
1782931493871 0.4285210072994232 7022
1782931493874 0.6321328282356262 7023
1782931493877 0.6981477737426758 7024
1782931493879 0.6804735660552979 7025
1782931493882 0.3238666355609894 7026
1782931493884 0.13331666588783264 7027
1782931493886 0.4834612309932709 7028
1782931493888 0.5132659077644348 7029
1782931493891 0.3633824288845062 7030
1782931493893 0.6162756681442261 7031
1782931493895 0.3350003957748413 7032
1782931493898 0.14235246181488037 7033
1782931493900 0.5145466923713684 7034
1782931493902 0.3973041772842407 7035
1782931493904 0.5661084651947021 7036
1782931493907 0.21180906891822815 7037
1782931493910 0.16584834456443787 7038
1782931493914 0.12824927270412445 7039
1782931493916 0.6611928939819336 7040
1782931493919 0.28252798318862915 7041
1782931493921 0.3130565881729126 7042
1782931493923 0.49589163064956665 7043
1782931493926 0.15943500399589539 7044
1782931493928 0.1913679987192154 7045
1782931493930 0.18632028996944427 7046
1782931493932 0.3135731816291809 7047
1782931493935 0.6460912823677063 7048
1782931493937 0.23988103866577148 7049
1782931493939 0.2560732960700989 7050
1782931493942 0.3364827036857605 7051
1782931493944 0.27788245677948 7052
1782931493946 0.2171015590429306 7053
1782931493949 0.2427751123905182 7054
1782931493951 0.14543014764785767 7055
1782931493953 0.3514542579650879 7056
1782931493955 0.08218438923358917 7057
1782931493958 0.16548794507980347 7058
1782931493960 0.09738481789827347 7059
1782931493962 0.37449291348457336 7060
1782931493964 0.23068822920322418 7061
1782931493967 0.20098595321178436 7062
1782931493969 0.1849982738494873 7063
1782931493971 0.6402720212936401 7064
1782931493973 0.1605684757232666 7065
1782931493976 0.18599368631839752 7066
1782931493978 0.1196245402097702 7067
1782931493980 0.33134469389915466 7068
1782931493982 0.24314647912979126 7069
1782931493984 0.2244899719953537 7070
1782931493987 0.11145739257335663 7071
1782931493989 0.6047201156616211 7072
1782931493992 0.13110201060771942 7073
1782931493995 0.0826520249247551 7074
1782931493997 0.24452871084213257 7075
1782931493999 0.23679615557193756 7076
1782931494001 0.5043163895606995 7077
1782931494004 0.2385665774345398 7078
1782931494007 0.26440945267677307 7079
1782931494010 0.19174565374851227 7080
1782931494012 0.4864891767501831 7081
1782931494014 0.3047207295894623 7082
1782931494016 0.24773447215557098 7083
1782931494018 0.06675848364830017 7084
1782931494021 0.43901342153549194 7085
1782931494023 0.5234720706939697 7086
1782931494025 0.2073715180158615 7087
1782931494028 0.30076348781585693 7088
1782931494030 0.28078892827033997 7089
1782931494033 0.3497873544692993 7090
1782931494035 0.7951128482818604 7091
1782931494037 0.4702213704586029 7092
1782931494040 0.33296236395835876 7093
1782931494043 0.4063975214958191 7094
1782931494045 0.08781677484512329 7095
1782931494047 0.12804792821407318 7096
1782931494050 0.4481183588504791 7097
1782931494053 0.11357354372739792 7098
1782931494055 0.49237897992134094 7099
1782931494057 0.3695543110370636 7100
1782931494060 0.3109781742095947 7101
1782931494062 0.2138494849205017 7102
1782931494064 0.7226219177246094 7103
1782931494067 0.5241611003875732 7104
1782931494069 0.4540303945541382 7105
1782931494071 0.2924387454986572 7106
1782931494076 0.4756269156932831 7107
1782931494079 0.3787854313850403 7108
1782931494088 0.3402368426322937 7109
1782931494091 0.2345866560935974 7110
1782931494094 0.1137322187423706 7111
1782931494096 0.30336320400238037 7112
1782931494099 0.2894531190395355 7113
1782931494101 0.13383865356445312 7114
1782931494104 0.1375250220298767 7115
1782931494107 0.4391213655471802 7116
1782931494110 0.39220526814460754 7117
1782931494118 0.24040988087654114 7118
1782931494133 0.14499011635780334 7119
1782931494164 0.5238621234893799 7120
1782931494168 0.1219860091805458 7121
1782931494171 0.6666274666786194 7122
1782931494174 0.08354582637548447 7123
1782931494177 0.5266246795654297 7124
1782931494181 0.21150746941566467 7125
1782931494184 0.6454870104789734 7126
1782931494187 0.2304721474647522 7127
1782931494190 0.48705992102622986 7128
1782931494193 0.27200695872306824 7129
1782931494196 0.13104838132858276 7130
1782931494199 0.3997851014137268 7131
1782931494202 0.3349728584289551 7132
1782931494206 0.18946091830730438 7133
1782931494209 0.11111272126436234 7134
1782931494213 0.21040630340576172 7135
1782931494216 0.444909006357193 7136
1782931494219 0.5090280771255493 7137
1782931494223 0.44401898980140686 7138
1782931494226 0.27937746047973633 7139
1782931494229 0.6679609417915344 7140
1782931494232 0.49276334047317505 7141
1782931494235 0.15469415485858917 7142
1782931494239 0.12517955899238586 7143
1782931494242 0.09702564030885696 7144
1782931494246 0.4868331253528595 7145
1782931494248 0.6792252659797668 7146
1782931494251 0.8543455004692078 7147
1782931494255 0.3790522813796997 7148
1782931494259 0.15744902193546295 7149
1782931494262 0.3117711842060089 7150
1782931494265 0.46945080161094666 7151
1782931494269 0.48285549879074097 7152
1782931494272 0.1627510040998459 7153
1782931494277 0.4905129373073578 7154
1782931494280 0.12597668170928955 7155
1782931494283 0.9240061640739441 7156
1782931494289 0.5336954593658447 7157
1782931494293 0.30697566270828247 7158
1782931494296 0.2507758140563965 7159
1782931494299 0.15110765397548676 7160
1782931494302 0.37416356801986694 7161
1782931494307 0.2769046127796173 7162
1782931494333 0.5824435353279114 7163
1782931494338 0.647277295589447 7164
1782931494341 0.32549697160720825 7165
1782931494344 0.16668307781219482 7166
1782931494352 0.3126971423625946 7167
1782931494356 0.2782476544380188 7168
1782931494360 0.4877605736255646 7169
1782931494363 0.17971499264240265 7170
1782931494367 0.5115122199058533 7171
1782931494370 0.5391901731491089 7172
1782931494373 0.673035204410553 7173
1782931494376 0.20406021177768707 7174
1782931494379 0.5055199265480042 7175
1782931494382 0.33896273374557495 7176
1782931494385 0.2553083896636963 7177
1782931494388 0.16355106234550476 7178
1782931494391 0.3910711705684662 7179
1782931494394 0.5004885792732239 7180
1782931494397 0.5367804169654846 7181
1782931494400 0.10972463339567184 7182
1782931494403 0.5243918299674988 7183
1782931494406 0.2381945550441742 7184
1782931494409 0.04068313539028168 7185
1782931494412 0.07983187586069107 7186
1782931494415 0.20699560642242432 7187
1782931494418 0.4344433546066284 7188
1782931494421 0.40974679589271545 7189
1782931494425 0.2515844404697418 7190
1782931494428 0.4135577082633972 7191
1782931494431 0.21847859025001526 7192
1782931494434 0.16009144484996796 7193
1782931494437 0.20804840326309204 7194
1782931494440 0.29228076338768005 7195
1782931494444 0.31810760498046875 7196
1782931494447 0.20073434710502625 7197
1782931494450 0.08466815948486328 7198
1782931494452 0.23722223937511444 7199
1782931494455 0.6075601577758789 7200
1782931494459 0.41841036081314087 7201
1782931494462 0.33721286058425903 7202
1782931494465 0.23689432442188263 7203
1782931494468 0.07899563759565353 7204
1782931494471 0.23768560588359833 7205
1782931494476 0.15293437242507935 7206
1782931494479 0.45383355021476746 7207
1782931494482 0.1391776204109192 7208
1782931494485 0.17777107656002045 7209
1782931494488 0.5201905369758606 7210
1782931494492 0.46930351853370667 7211
1782931494495 0.3110823631286621 7212
1782931494498 0.21563464403152466 7213
1782931494501 0.1747002750635147 7214
1782931494504 0.153061181306839 7215
1782931494509 0.44806551933288574 7216
1782931494512 0.21398106217384338 7217
1782931494514 0.3793642520904541 7218
1782931494518 0.3940593898296356 7219
1782931494520 0.326436847448349 7220
1782931494523 0.4122783839702606 7221
1782931494526 0.3853318393230438 7222
1782931494529 0.3176666796207428 7223
1782931494532 0.21797272562980652 7224
1782931494535 0.5519254803657532 7225
1782931494538 0.411226749420166 7226
1782931494541 0.09186210483312607 7227
1782931494544 0.07339470833539963 7228
1782931494547 0.13314686715602875 7229
1782931494550 0.7090887427330017 7230
1782931494554 0.401486337184906 7231
1782931494557 0.17425383627414703 7232
1782931494560 0.42448684573173523 7233
1782931494563 0.4140520691871643 7234
1782931494566 0.15362051129341125 7235
1782931494569 0.28256309032440186 7236
1782931494573 0.23465460538864136 7237
1782931494576 0.2817060351371765 7238
1782931494579 0.22399365901947021 7239
1782931494582 0.14877426624298096 7240
1782931494585 0.221965029835701 7241
1782931494588 0.1813296377658844 7242
1782931494592 0.7377512454986572 7243
1782931494595 0.16788798570632935 7244
1782931494601 0.18733258545398712 7245
1782931494611 0.1856255680322647 7246
1782931494613 0.28202584385871887 7247
1782931494616 0.16264279186725616 7248
1782931494618 0.3581830859184265 7249
1782931494620 0.35043421387672424 7250
1782931494625 0.20490868389606476 7251
1782931494627 0.23035427927970886 7252
1782931494630 0.43537667393684387 7253
1782931494633 0.18799637258052826 7254
1782931494649 0.09671942889690399 7255
1782931494651 0.11580449342727661 7256
1782931494654 0.62786465883255 7257
1782931494656 0.3919604420661926 7258
1782931494659 0.5389900207519531 7259
1782931494661 0.23173747956752777 7260
1782931494663 0.6190366148948669 7261
1782931494666 0.2900649309158325 7262
1782931494668 0.4095194637775421 7263
1782931494670 0.40550681948661804 7264
1782931494673 0.5709753632545471 7265
1782931494675 0.3934096097946167 7266
1782931494678 0.17353135347366333 7267
1782931494680 0.2505297362804413 7268
1782931494682 0.6306731104850769 7269
1782931494684 0.20979022979736328 7270
1782931494687 0.18206612765789032 7271
1782931494689 0.11766248941421509 7272
1782931494692 0.32787761092185974 7273
1782931494694 0.6571825742721558 7274
1782931494697 0.10222537815570831 7275
1782931494700 0.0680227130651474 7276
1782931494702 0.43254637718200684 7277
1782931494704 0.15913234651088715 7278
1782931494706 0.3005780279636383 7279
1782931494709 0.26085129380226135 7280
1782931494712 0.26541420817375183 7281
1782931494714 0.45215949416160583 7282
1782931494717 0.15255293250083923 7283
1782931494719 0.1674637794494629 7284
1782931494721 0.1811514049768448 7285
1782931494725 0.4818683862686157 7286
1782931494728 0.5061330795288086 7287
1782931494730 0.3473741114139557 7288
1782931494732 0.3773006796836853 7289
1782931494735 0.35367056727409363 7290
1782931494737 0.1638636440038681 7291
1782931494739 0.3694012761116028 7292
1782931494742 0.5756321549415588 7293
1782931494744 0.5457543730735779 7294
1782931494747 0.16611284017562866 7295
1782931494749 0.45102548599243164 7296
1782931494751 0.44622722268104553 7297
1782931494753 0.2458648681640625 7298
1782931494756 0.22644127905368805 7299
1782931494758 0.27054470777511597 7300
1782931494761 0.12129539251327515 7301
1782931494763 0.26847025752067566 7302
1782931494765 0.17637062072753906 7303
1782931494768 0.3893672823905945 7304
1782931494770 0.288578063249588 7305
1782931494772 0.478613942861557 7306
1782931494775 0.4140594005584717 7307
1782931494777 0.11292148381471634 7308
1782931494779 0.2807791531085968 7309
1782931494781 0.2544144093990326 7310
1782931494784 0.4464227855205536 7311
1782931494786 0.1873857080936432 7312
1782931494788 0.10955538600683212 7313
1782931494790 0.25228407979011536 7314
1782931494793 0.2822994291782379 7315
1782931494795 0.2684060335159302 7316
1782931494797 0.2837696373462677 7317
1782931494799 0.19620347023010254 7318
1782931494801 0.318882018327713 7319
1782931494804 0.2358635663986206 7320
1782931494806 0.17785272002220154 7321
1782931494809 0.2778693735599518 7322
1782931494811 0.2642858922481537 7323
1782931494813 0.24062547087669373 7324
1782931494817 0.12366200238466263 7325
1782931494819 0.12422747164964676 7326
1782931494822 0.2140248566865921 7327
1782931494825 0.12310465425252914 7328
1782931494827 0.49399468302726746 7329
1782931494830 0.24471457302570343 7330
1782931494832 0.24759922921657562 7331
1782931494834 0.28055539727211 7332
1782931494837 0.12456180155277252 7333
1782931494840 0.4884816110134125 7334
1782931494842 0.17560723423957825 7335
1782931494844 0.36932697892189026 7336
1782931494846 0.1220458373427391 7337
1782931494848 0.14476028084754944 7338
1782931494851 0.41686099767684937 7339
1782931494853 0.06244741007685661 7340
1782931494855 0.1994810402393341 7341
1782931494858 0.2948954701423645 7342
1782931494860 0.1491173505783081 7343
1782931494863 0.24538350105285645 7344
1782931494865 0.23528607189655304 7345
1782931494867 0.1278565675020218 7346
1782931494869 0.4763936698436737 7347
1782931494871 0.29227548837661743 7348
1782931494874 0.19974865019321442 7349
1782931494876 0.3514798581600189 7350
1782931494879 0.31343287229537964 7351
1782931494881 0.34090715646743774 7352
1782931494883 0.14378970861434937 7353
1782931494885 0.35609254240989685 7354
1782931494887 0.36393481492996216 7355
1782931494890 0.18331168591976166 7356
1782931494892 0.3734128773212433 7357
1782931494894 0.13325858116149902 7358
1782931494897 0.09018684923648834 7359
1782931494899 0.8224638104438782 7360
1782931494901 0.17001952230930328 7361
1782931494903 0.1286594420671463 7362
1782931494905 0.2485327124595642 7363
1782931494908 0.09217323362827301 7364
1782931494910 0.5606591105461121 7365
1782931494912 0.23297613859176636 7366
1782931494915 0.5741792917251587 7367
1782931494917 0.31517231464385986 7368
1782931494919 0.25121191143989563 7369
1782931494921 0.21961341798305511 7370
1782931494924 0.23399639129638672 7371
1782931494926 0.25987380743026733 7372
1782931494928 0.4356999695301056 7373
1782931494931 0.16101965308189392 7374
1782931494933 0.19679835438728333 7375
1782931494935 0.4882446825504303 7376
1782931494937 0.040655020624399185 7377
1782931494940 0.3241479694843292 7378
1782931494942 0.33489614725112915 7379
1782931494944 0.26577863097190857 7380
1782931494946 0.7162643671035767 7381
1782931494948 0.9597373008728027 7382
1782931494951 0.07552795857191086 7383
1782931494953 0.3559449017047882 7384
1782931494955 0.15020136535167694 7385
1782931494958 0.16851738095283508 7386
1782931494960 0.5407626628875732 7387
1782931494962 0.561833918094635 7388
1782931494965 0.34144338965415955 7389
1782931494967 0.7643333077430725 7390
1782931494969 0.15295656025409698 7391
1782931494971 0.40227293968200684 7392
1782931494974 0.15163300931453705 7393
1782931494976 0.25124073028564453 7394
1782931494978 0.4132080376148224 7395
1782931494980 0.24889640510082245 7396
1782931494983 0.19623306393623352 7397
1782931494985 0.22151529788970947 7398
1782931494987 0.0976470559835434 7399
1782931494990 0.2283819317817688 7400
1782931494992 0.13435009121894836 7401
1782931494994 0.10023900866508484 7402
1782931494997 0.20661504566669464 7403
1782931494999 0.5750959515571594 7404
1782931495001 0.23950226604938507 7405
1782931495003 0.2446303367614746 7406
1782931495006 0.3243062496185303 7407
1782931495008 0.10263065993785858 7408
1782931495010 0.12394062429666519 7409
1782931495013 0.19921840727329254 7410
1782931495015 0.7042531967163086 7411
1782931495017 0.5162010192871094 7412
1782931495019 0.08961765468120575 7413
1782931495021 0.38783180713653564 7414
1782931495024 0.21372482180595398 7415
1782931495026 0.17045465111732483 7416
1782931495029 0.22466252744197845 7417
1782931495031 0.2601458728313446 7418
1782931495033 0.3933955430984497 7419
1782931495035 0.29120194911956787 7420
1782931495037 0.13687998056411743 7421
1782931495040 0.21812793612480164 7422
1782931495042 0.1005997359752655 7423
1782931495044 0.3042680323123932 7424
1782931495055 0.12419131398200989 7425
1782931495058 0.3592505156993866 7426
1782931495060 0.12586118280887604 7427
1782931495062 0.3026663064956665 7428
1782931495064 0.24758756160736084 7429
1782931495066 0.1567724347114563 7430
1782931495069 0.47884899377822876 7431
1782931495071 0.369626522064209 7432
1782931495074 0.5818718075752258 7433
1782931495077 0.1254984587430954 7434
1782931495079 0.21577051281929016 7435
1782931495081 0.23362281918525696 7436
1782931495083 0.21834880113601685 7437
1782931495086 0.31388694047927856 7438
1782931495088 0.2888457477092743 7439
1782931495091 0.35519132018089294 7440
1782931495093 0.3231101930141449 7441
1782931495095 0.4090627431869507 7442
1782931495097 0.19090938568115234 7443
1782931495100 0.2636205852031708 7444
1782931495102 0.18255990743637085 7445
1782931495104 0.6445971727371216 7446
1782931495107 0.25273582339286804 7447
1782931495109 0.353840172290802 7448
1782931495112 0.3030391037464142 7449
1782931495114 0.2815760672092438 7450
1782931495116 0.14239932596683502 7451
1782931495118 0.21705345809459686 7452
1782931495121 0.4276008605957031 7453
1782931495123 0.30608364939689636 7454
1782931495125 0.4591386616230011 7455
1782931495128 0.23203040659427643 7456
1782931495130 0.22732503712177277 7457
1782931495132 0.11989778280258179 7458
1782931495134 0.14918749034404755 7459
1782931495136 0.5146897435188293 7460
1782931495139 0.3305826783180237 7461
1782931495141 0.29436779022216797 7462
1782931495143 0.5043686628341675 7463
1782931495146 0.2574476897716522 7464
1782931495148 0.17089593410491943 7465
1782931495150 0.2940395176410675 7466
1782931495152 0.33651867508888245 7467
1782931495155 0.214691624045372 7468
1782931495157 0.13987816870212555 7469
1782931495160 0.36694756150245667 7470
1782931495162 0.29891979694366455 7471
1782931495164 0.2836048901081085 7472
1782931495166 0.18295717239379883 7473
1782931495169 0.1324935257434845 7474
1782931495171 0.46861860156059265 7475
1782931495173 0.12050334364175797 7476
1782931495176 1.0676416158676147 7477
1782931495178 0.12287327647209167 7478
1782931495180 0.18880827724933624 7479
1782931495182 0.02584109641611576 7480
1782931495185 0.44294705986976624 7481
1782931495187 0.4914552569389343 7482
1782931495191 0.14278380572795868 7483
1782931495193 0.48993590474128723 7484
1782931495196 0.7260735630989075 7485
1782931495198 0.05419227480888367 7486
1782931495200 0.3010290563106537 7487
1782931495202 0.23583601415157318 7488
1782931495205 0.17833304405212402 7489
1782931495208 0.15827025473117828 7490
1782931495210 0.1425243467092514 7491
1782931495212 0.3009946942329407 7492
1782931495215 0.2672575116157532 7493
1782931495217 0.19383294880390167 7494
1782931495219 0.4406369626522064 7495
1782931495222 0.6302393078804016 7496
1782931495224 0.08477272093296051 7497
1782931495226 0.5055791139602661 7498
1782931495229 0.18145212531089783 7499
1782931495470 0.1675565391778946 7500
1782931495472 0.16656982898712158 7501
1782931495474 0.18036720156669617 7502
1782931495476 0.2813708484172821 7503
1782931495479 0.30161258578300476 7504
1782931495481 0.40261852741241455 7505
1782931495483 0.302861750125885 7506
1782931495485 0.3513626754283905 7507
1782931495489 0.1297415792942047 7508
1782931495491 0.218401700258255 7509
1782931495493 0.5393137335777283 7510
1782931495495 0.6086057424545288 7511
1782931495498 0.5563940405845642 7512
1782931495500 0.33112573623657227 7513
1782931495502 0.4006061255931854 7514
1782931495504 0.07291907072067261 7515
1782931495506 0.10432101041078568 7516
1782931495509 0.2783203125 7517
1782931495511 0.24932070076465607 7518
1782931495513 0.28162524104118347 7519
1782931495515 0.45512211322784424 7520
1782931495517 0.31759241223335266 7521
1782931495520 0.1874583214521408 7522
1782931495523 0.36944451928138733 7523
1782931495525 0.31058019399642944 7524
1782931495527 0.278187096118927 7525
1782931495530 0.057062678039073944 7526
1782931495532 0.13874928653240204 7527
1782931495534 0.2527473568916321 7528
1782931495536 0.10616539418697357 7529
1782931495538 0.14668099582195282 7530
1782931495540 0.6632777452468872 7531
1782931495543 0.23705771565437317 7532
1782931495545 0.19062867760658264 7533
1782931495547 0.27964162826538086 7534
1782931495549 0.2299485206604004 7535
1782931495551 1.152286171913147 7536
1782931495553 0.28241726756095886 7537
1782931495555 0.22495342791080475 7538
1782931495558 0.2862046957015991 7539
1782931495560 0.18246512115001678 7540
1782931495562 0.2634143531322479 7541
1782931495564 0.30609431862831116 7542
1782931495566 0.32096749544143677 7543
1782931495568 0.16378238797187805 7544
1782931495570 0.22751246392726898 7545
1782931495573 0.38701826333999634 7546
1782931495575 0.5104610323905945 7547
1782931495577 0.2474527657032013 7548
1782931495579 0.1777869313955307 7549
1782931495582 0.10941827297210693 7550
1782931495584 0.35837799310684204 7551
1782931495586 0.5791026949882507 7552
1782931495588 0.15636783838272095 7553
1782931495592 0.1284669190645218 7554
1782931495594 0.627641499042511 7555
1782931495596 0.2643089294433594 7556
1782931495598 0.9607559442520142 7557
1782931495601 0.23769451677799225 7558
1782931495603 0.14012134075164795 7559
1782931495605 0.43860772252082825 7560
1782931495608 0.2556988298892975 7561
1782931495610 0.30060863494873047 7562
1782931495612 0.162150576710701 7563
1782931495614 0.21365229785442352 7564
1782931495617 0.3643913269042969 7565
1782931495619 0.10983980447053909 7566
1782931495621 0.33536460995674133 7567
1782931495625 0.40714555978775024 7568
1782931495627 0.24598954617977142 7569
1782931495629 0.8491339087486267 7570
1782931495631 0.3346494138240814 7571
1782931495633 0.08269837498664856 7572
1782931495636 0.1492988020181656 7573
1782931495638 0.1882248818874359 7574
1782931495640 0.5162165760993958 7575
1782931495643 0.08865489810705185 7576
1782931495645 0.4003312289714813 7577
1782931495647 0.10123930871486664 7578
1782931495649 0.16595622897148132 7579
1782931495651 0.5868874192237854 7580
1782931495654 0.7285248637199402 7581
1782931495656 0.1918962150812149 7582
1782931495658 0.2821803390979767 7583
1782931495661 0.12993395328521729 7584
1782931495663 0.35348188877105713 7585
1782931495665 0.12285492569208145 7586
1782931495667 0.22353941202163696 7587
1782931495669 0.5430867671966553 7588
1782931495672 0.416210800409317 7589
1782931495674 0.26630696654319763 7590
1782931495676 0.3388810157775879 7591
1782931495679 0.12843166291713715 7592
1782931495681 0.17926619946956635 7593
1782931495683 0.2892471253871918 7594
1782931495685 0.2354423850774765 7595
1782931495687 0.5145836472511292 7596
1782931495690 0.12010819464921951 7597
1782931495692 0.1734551191329956 7598
1782931495694 0.25788113474845886 7599
1782931495696 0.12496734410524368 7600
1782931495699 0.29615524411201477 7601
1782931495701 0.18842072784900665 7602
1782931495703 0.06303317844867706 7603
1782931495708 0.23368003964424133 7604
1782931495710 0.09716229885816574 7605
1782931495712 0.06295757740736008 7606
1782931495715 0.1464822143316269 7607
1782931495717 0.4244616627693176 7608
1782931495719 0.3478584587574005 7609
1782931495721 0.5465127229690552 7610
1782931495724 0.3399893641471863 7611
1782931495726 0.24236564338207245 7612
1782931495728 0.5385741591453552 7613
1782931495731 0.09658809751272202 7614
1782931495733 0.345217227935791 7615
1782931495735 0.16448943316936493 7616
1782931495737 0.32372206449508667 7617
1782931495740 0.3321046829223633 7618
1782931495742 0.06969664245843887 7619
1782931495744 0.23909620940685272 7620
1782931495747 0.31287896633148193 7621
1782931495749 0.14408034086227417 7622
1782931495751 0.27048200368881226 7623
1782931495753 0.30549660325050354 7624
1782931495755 0.17436060309410095 7625
1782931495758 0.5189053416252136 7626
1782931495760 0.1960509866476059 7627
1782931495762 0.19945016503334045 7628
1782931495765 0.4195725917816162 7629
1782931495767 0.45684656500816345 7630
1782931495769 0.08517768234014511 7631
1782931495772 0.08702819049358368 7632
1782931495775 0.2358621060848236 7633
1782931495777 0.2968996465206146 7634
1782931495779 0.48665651679039 7635
1782931495782 0.21311181783676147 7636
1782931495784 0.21208257973194122 7637
1782931495786 0.17467665672302246 7638
1782931495788 0.22508221864700317 7639
1782931495791 0.23777735233306885 7640
1782931495793 0.4858608841896057 7641
1782931495795 0.061232686042785645 7642
1782931495797 0.11647942662239075 7643
1782931495800 0.14986757934093475 7644
1782931495802 0.22877685725688934 7645
1782931495804 0.120656818151474 7646
1782931495808 0.15906374156475067 7647
1782931495811 0.29636573791503906 7648
1782931495813 0.15611231327056885 7649
1782931495815 0.23536305129528046 7650
1782931495817 0.1447276473045349 7651
1782931495820 0.429444283246994 7652
1782931495822 0.1786162257194519 7653
1782931495824 0.40936827659606934 7654
1782931495827 0.37660202383995056 7655
1782931495830 0.32587870955467224 7656
1782931495833 0.6841450929641724 7657
1782931495836 0.2048019915819168 7658
1782931495838 0.17929597198963165 7659
1782931495841 0.25667816400527954 7660
1782931495843 0.32870978116989136 7661
1782931495845 0.30170968174934387 7662
1782931495848 0.22170805931091309 7663
1782931495850 0.1025451123714447 7664
1782931495852 0.17865236103534698 7665
1782931495854 0.16084590554237366 7666
1782931495857 0.2591637074947357 7667
1782931495859 0.2796992063522339 7668
1782931495862 0.38507652282714844 7669
1782931495864 0.5295630097389221 7670
1782931495866 0.12127099186182022 7671
1782931495868 0.2911115288734436 7672
1782931495871 0.3742752969264984 7673
1782931495873 0.27820855379104614 7674
1782931495876 0.6407138109207153 7675
1782931495878 0.2898035943508148 7676
1782931495880 0.5436592698097229 7677
1782931495883 0.16539119184017181 7678
1782931495885 0.31063103675842285 7679
1782931495887 0.17532001435756683 7680
1782931495890 0.03387698531150818 7681
1782931495892 0.4010690748691559 7682
1782931495895 0.18127897381782532 7683
1782931495897 0.32837891578674316 7684
1782931495899 0.27367937564849854 7685
1782931495901 0.11031138151884079 7686
1782931495903 0.40154215693473816 7687
1782931495906 0.17700469493865967 7688
1782931495908 0.25008106231689453 7689
1782931495911 0.6541061997413635 7690
1782931495913 0.16956348717212677 7691
1782931495915 0.3431641459465027 7692
1782931495917 0.2994522452354431 7693
1782931495919 0.5281347036361694 7694
1782931495922 1.103021502494812 7695
1782931495924 0.22569337487220764 7696
1782931495927 1.0437241792678833 7697
1782931495929 0.32060346007347107 7698
1782931495931 0.16676050424575806 7699
1782931495933 0.15504691004753113 7700
1782931495935 0.3518202602863312 7701
1782931495938 0.21787405014038086 7702
1782931495940 0.19058306515216827 7703
1782931495943 0.28140589594841003 7704
1782931495945 0.23356367647647858 7705
1782931495947 0.20736657083034515 7706
1782931495949 0.2124432474374771 7707
1782931495951 0.3382793068885803 7708
1782931495954 0.2505091428756714 7709
1782931495956 0.10664882510900497 7710
1782931495958 0.4540608823299408 7711
1782931495961 0.23316338658332825 7712
1782931495963 0.19342052936553955 7713
1782931495965 0.4259275197982788 7714
1782931495967 0.383914589881897 7715
1782931495969 0.2795228064060211 7716
1782931495972 0.14044976234436035 7717
1782931495974 0.23918698728084564 7718
1782931495976 0.153580904006958 7719
1782931495979 0.1575847864151001 7720
1782931495981 0.3663456439971924 7721
1782931495983 0.20697326958179474 7722
1782931495985 0.25211092829704285 7723
1782931495987 0.16879597306251526 7724
1782931495990 0.20289047062397003 7725
1782931495992 0.2564390003681183 7726
1782931495996 0.2411363124847412 7727
1782931495998 0.256879597902298 7728
1782931496000 0.4621577560901642 7729
1782931496002 0.3556152582168579 7730
1782931496005 0.3959392011165619 7731
1782931496007 0.2073485255241394 7732
1782931496011 0.33397847414016724 7733
1782931496013 0.1830555945634842 7734
1782931496015 0.495932012796402 7735
1782931496017 0.3841721713542938 7736
1782931496020 0.2951350510120392 7737
1782931496022 0.42911267280578613 7738
1782931496024 0.6727962493896484 7739
1782931496027 0.20465491712093353 7740
1782931496029 0.23958179354667664 7741
1782931496031 0.1946161389350891 7742
1782931496033 0.07161706686019897 7743
1782931496035 0.9411638975143433 7744
1782931496038 0.2286369949579239 7745
1782931496040 0.1499633491039276 7746
1782931496042 0.18662263453006744 7747
1782931496044 0.2940603494644165 7748
1782931496047 0.20788975059986115 7749
1782931496049 0.6758744120597839 7750
1782931496051 0.19319327175617218 7751
1782931496053 0.16571678221225739 7752
1782931496057 0.11542584002017975 7753
1782931496059 0.48062458634376526 7754
1782931496061 0.5814493298530579 7755
1782931496064 0.45921632647514343 7756
1782931496066 0.4513806700706482 7757
1782931496068 0.6380837559700012 7758
1782931496070 0.140595942735672 7759
1782931496075 0.10903245210647583 7760
1782931496078 0.5574639439582825 7761
1782931496080 0.19741560518741608 7762
1782931496082 0.19713647663593292 7763
1782931496084 0.18022127449512482 7764
1782931496087 0.24634209275245667 7765
1782931496089 0.2887222468852997 7766
1782931496092 0.5868812799453735 7767
1782931496094 0.3143293857574463 7768
1782931496096 0.44486498832702637 7769
1782931496099 0.2749112546443939 7770
1782931496101 0.19959209859371185 7771
1782931496103 0.21472100913524628 7772
1782931496105 0.14419615268707275 7773
1782931496108 0.16483241319656372 7774
1782931496110 0.5833660960197449 7775
1782931496112 0.20771409571170807 7776
1782931496114 0.2545274496078491 7777
1782931496117 0.25208181142807007 7778
1782931496119 0.25172483921051025 7779
1782931496121 0.17818428575992584 7780
1782931496124 0.36327168345451355 7781
1782931496126 0.11132146418094635 7782
1782931496128 0.1681300699710846 7783
1782931496130 0.4794195294380188 7784
1782931496133 0.21712079644203186 7785
1782931496135 0.4186517000198364 7786
1782931496137 0.13786771893501282 7787
1782931496139 0.2628336548805237 7788
1782931496141 0.23114576935768127 7789
1782931496144 0.12239652872085571 7790
1782931496146 0.2732132077217102 7791
1782931496148 0.3242965638637543 7792
1782931496150 0.38194888830184937 7793
1782931496153 0.3429776132106781 7794
1782931496155 0.7605962753295898 7795
1782931496157 0.045109979808330536 7796
1782931496160 0.4806516170501709 7797
1782931496162 0.27206939458847046 7798
1782931496167 0.1217895895242691 7799
1782931496169 0.22963078320026398 7800
1782931496171 0.32507872581481934 7801
1782931496173 0.173621267080307 7802
1782931496177 0.2258155643939972 7803
1782931496179 0.19826927781105042 7804
1782931496182 0.12143593281507492 7805
1782931496184 0.17973878979682922 7806
1782931496186 0.37125134468078613 7807
1782931496188 0.08795461058616638 7808
1782931496191 0.23774154484272003 7809
1782931496193 0.10397576540708542 7810
1782931496197 0.276589959859848 7811
1782931496199 0.3222178816795349 7812
1782931496201 0.39830833673477173 7813
1782931496204 0.061209630221128464 7814
1782931496206 0.5898319482803345 7815
1782931496208 0.14033597707748413 7816
1782931496211 0.5158513188362122 7817
1782931496217 0.21699608862400055 7818
1782931496219 0.2464423030614853 7819
1782931496221 0.1829770803451538 7820
1782931496224 0.16266535222530365 7821
1782931496226 0.3044833838939667 7822
1782931496228 0.18408463895320892 7823
1782931496231 0.10059525817632675 7824
1782931496233 0.32394254207611084 7825
1782931496235 0.1395646631717682 7826
1782931496237 0.24500565230846405 7827
1782931496240 0.3946444094181061 7828
1782931496243 0.36275431513786316 7829
1782931496245 0.42357689142227173 7830
1782931496247 0.061439450830221176 7831
1782931496250 0.3422991931438446 7832
1782931496252 0.2923744320869446 7833
1782931496254 0.222209632396698 7834
1782931496256 0.11807089298963547 7835
1782931496259 0.671981692314148 7836
1782931496261 0.4055086672306061 7837
1782931496263 0.2447727471590042 7838
1782931496266 0.3214823305606842 7839
1782931496268 0.36407148838043213 7840
1782931496270 0.21921396255493164 7841
1782931496274 0.47034525871276855 7842
1782931496276 0.16218316555023193 7843
1782931496278 0.40110188722610474 7844
1782931496281 0.20969605445861816 7845
1782931496283 0.30411574244499207 7846
1782931496285 0.2777956426143646 7847
1782931496287 0.3513208031654358 7848
1782931496290 0.18687039613723755 7849
1782931496292 0.6460230350494385 7850
1782931496295 0.3190542757511139 7851
1782931496297 0.5939401984214783 7852
1782931496299 0.4850892722606659 7853
1782931496301 0.2372613102197647 7854
1782931496303 0.11019514501094818 7855
1782931496307 0.12836921215057373 7856
1782931496309 0.2331986129283905 7857
1782931496312 0.27373188734054565 7858
1782931496314 0.1161171942949295 7859
1782931496316 0.11840075999498367 7860
1782931496318 0.10742297768592834 7861
1782931496320 0.10544390231370926 7862
1782931496323 0.29806724190711975 7863
1782931496325 0.18416813015937805 7864
1782931496327 0.19867128133773804 7865
1782931496330 0.47983163595199585 7866
1782931496332 0.18851467967033386 7867
1782931496334 0.2790727913379669 7868
1782931496336 0.9491015076637268 7869
1782931496338 0.20470912754535675 7870
1782931496341 0.23846496641635895 7871
1782931496343 0.5383101105690002 7872
1782931496345 0.35155370831489563 7873
1782931496348 0.31234991550445557 7874
1782931496350 0.42029649019241333 7875
1782931496355 0.2687750458717346 7876
1782931496357 0.27534201741218567 7877
1782931496360 0.39949312806129456 7878
1782931496362 0.804805338382721 7879
1782931496364 0.21165749430656433 7880
1782931496368 0.23788993060588837 7881
1782931496370 0.4605497717857361 7882
1782931496373 0.4162052869796753 7883
1782931496375 0.23801356554031372 7884
1782931496378 0.14541567862033844 7885
1782931496380 0.2675168514251709 7886
1782931496382 0.3348291218280792 7887
1782931496397 0.3186880350112915 7888
1782931496402 0.18829210102558136 7889
1782931496407 0.5053513646125793 7890
1782931496413 0.4979618489742279 7891
1782931496418 0.514660656452179 7892
1782931496424 0.5652068853378296 7893
1782931496429 0.12344168871641159 7894
1782931496432 0.21857081353664398 7895
1782931496435 0.36794885993003845 7896
1782931496438 0.2044326812028885 7897
1782931496442 0.17754483222961426 7898
1782931496445 0.3697865307331085 7899
1782931496448 0.26426970958709717 7900
1782931496451 0.2209055870771408 7901
1782931496454 0.34562838077545166 7902
1782931496458 0.4749091565608978 7903
1782931496461 0.26524606347084045 7904
1782931496464 0.23084008693695068 7905
1782931496467 0.12983374297618866 7906
1782931496470 0.26749709248542786 7907
1782931496473 0.24882939457893372 7908
1782931496477 0.46291035413742065 7909
1782931496480 0.649040162563324 7910
1782931496483 0.7218436598777771 7911
1782931496486 0.1668775975704193 7912
1782931496490 0.285098135471344 7913
1782931496493 0.07718325406312943 7914
1782931496496 0.2160845696926117 7915
1782931496499 0.3063676953315735 7916
1782931496502 0.11356551945209503 7917
1782931496505 0.381114661693573 7918
1782931496509 0.2057557851076126 7919
1782931496512 0.2669174075126648 7920
1782931496515 0.4297972023487091 7921
1782931496518 0.13127122819423676 7922
1782931496521 0.2972271144390106 7923
1782931496524 0.284011572599411 7924
1782931496527 0.5587524771690369 7925
1782931496530 0.3485642373561859 7926
1782931496533 0.3093380033969879 7927
1782931496536 0.4106840193271637 7928
1782931496540 0.26022011041641235 7929
1782931496543 0.6474974155426025 7930
1782931496546 0.10202353447675705 7931
1782931496549 0.0981709212064743 7932
1782931496552 0.20322465896606445 7933
1782931496555 1.1117876768112183 7934
1782931496558 0.24292859435081482 7935
1782931496561 0.18999987840652466 7936
1782931496564 0.2513139545917511 7937
1782931496567 0.5394733548164368 7938
1782931496570 0.38412830233573914 7939
1782931496574 0.6108191609382629 7940
1782931496577 0.7320075631141663 7941
1782931496580 0.27480271458625793 7942
1782931496583 0.18185700476169586 7943
1782931496588 0.38619014620780945 7944
1782931496592 0.39468157291412354 7945
1782931496595 0.7626358270645142 7946
1782931496599 0.33852753043174744 7947
1782931496603 0.26336899399757385 7948
1782931496606 0.22333793342113495 7949
1782931496610 0.09535297006368637 7950
1782931496613 0.16596785187721252 7951
1782931496616 0.10041338205337524 7952
1782931496619 0.521992027759552 7953
1782931496623 0.15885372459888458 7954
1782931496627 0.2900618314743042 7955
1782931496630 0.2682596743106842 7956
1782931496634 0.3442099392414093 7957
1782931496637 0.3540097773075104 7958
1782931496640 0.31945115327835083 7959
1782931496643 0.15213830769062042 7960
1782931496647 0.19227227568626404 7961
1782931496650 0.2821580171585083 7962
1782931496653 0.05173520743846893 7963
1782931496656 0.11802735179662704 7964
1782931496659 0.30361172556877136 7965
1782931496662 0.07740478962659836 7966
1782931496665 0.14515212178230286 7967
1782931496668 0.29751506447792053 7968
1782931496671 0.20906127989292145 7969
1782931496677 0.33897414803504944 7970
1782931496680 0.411630243062973 7971
1782931496683 0.09418410807847977 7972
1782931496691 0.240711972117424 7973
1782931496694 0.47305184602737427 7974
1782931496697 0.05852421373128891 7975
1782931496700 0.08904142677783966 7976
1782931496703 0.1419113129377365 7977
1782931496706 0.24930234253406525 7978
1782931496723 0.342056542634964 7979
1782931496727 0.16257935762405396 7980
1782931496730 0.4881722629070282 7981
1782931496733 0.38647955656051636 7982
1782931496736 0.25433775782585144 7983
1782931496740 0.12726983428001404 7984
1782931496743 0.43523624539375305 7985
1782931496747 0.11407148838043213 7986
1782931496750 0.25452250242233276 7987
1782931496753 0.13288277387619019 7988
1782931496756 0.23541416227817535 7989
1782931496759 0.46753907203674316 7990
1782931496763 0.10708633065223694 7991
1782931496765 0.25426262617111206 7992
1782931496768 0.46074149012565613 7993
1782931496771 0.1768990159034729 7994
1782931496775 0.19211840629577637 7995
1782931496779 0.1632465124130249 7996
1782931496782 0.28740546107292175 7997
1782931496785 0.05029598996043205 7998
1782931496788 0.3788159489631653 7999
1782931496791 0.4358394742012024 8000
1782931496794 0.40790215134620667 8001
1782931496797 0.3263852596282959 8002
1782931496800 0.30234211683273315 8003
1782931496803 0.44628381729125977 8004
1782931496806 0.1344122439622879 8005
1782931496810 0.38743048906326294 8006
1782931496813 0.14298170804977417 8007
1782931496816 0.34273672103881836 8008
1782931496819 0.1910436749458313 8009
1782931496822 0.29576247930526733 8010
1782931496825 0.24076177179813385 8011
1782931496828 0.6328682899475098 8012
1782931496832 0.11635620892047882 8013
1782931496835 0.059856340289115906 8014
1782931496838 0.2656732499599457 8015
1782931496841 0.1638973206281662 8016
1782931496844 0.3437712788581848 8017
1782931496847 0.2382485270500183 8018
1782931496850 0.24668291211128235 8019
1782931496853 0.3386748433113098 8020
1782931496856 0.20712313055992126 8021
1782931496860 0.26927411556243896 8022
1782931496863 0.27485087513923645 8023
1782931496866 0.27053046226501465 8024
1782931496869 0.14364556968212128 8025
1782931496872 0.5092674493789673 8026
1782931496875 0.193301722407341 8027
1782931496878 0.5011780261993408 8028
1782931496881 0.27003225684165955 8029
1782931496884 0.07348553836345673 8030
1782931496887 0.23365628719329834 8031
1782931496890 0.41374272108078003 8032
1782931496893 0.08837395161390305 8033
1782931496897 0.34079620242118835 8034
1782931496900 0.3325110673904419 8035
1782931496903 0.2623477876186371 8036
1782931496906 0.31561601161956787 8037
1782931496909 0.3023450970649719 8038
1782931496912 0.2847050428390503 8039
1782931496916 0.5520037412643433 8040
1782931496919 0.3988620936870575 8041
1782931496922 0.17062124609947205 8042
1782931496925 0.349561870098114 8043
1782931496928 0.1537715196609497 8044
1782931496931 0.2393815964460373 8045
1782931496934 0.41572824120521545 8046
1782931496937 0.586489200592041 8047
1782931496941 0.20302143692970276 8048
1782931496944 0.29965436458587646 8049
1782931496947 0.4879111349582672 8050
1782931496950 0.4565507471561432 8051
1782931496953 0.45204341411590576 8052
1782931496957 0.29477986693382263 8053
1782931496961 0.18841099739074707 8054
1782931496964 0.3575666844844818 8055
1782931496967 0.18907366693019867 8056
1782931496969 0.34955084323883057 8057
1782931496973 0.2296162098646164 8058
1782931496976 0.13415582478046417 8059
1782931496979 0.24900420010089874 8060
1782931496982 0.4986845552921295 8061
1782931496985 0.17904402315616608 8062
1782931496988 0.4143456518650055 8063
1782931496991 0.38048285245895386 8064
1782931496994 0.2455550730228424 8065
1782931496997 0.4232049286365509 8066
1782931497000 0.44218674302101135 8067
1782931497003 0.07094472646713257 8068
1782931497006 0.1336688995361328 8069
1782931497009 0.30476686358451843 8070
1782931497013 0.30784767866134644 8071
1782931497016 0.2223542481660843 8072
1782931497019 0.3055236041545868 8073
1782931497022 0.1724315881729126 8074
1782931497026 0.4660435616970062 8075
1782931497029 0.4456617832183838 8076
1782931497032 0.09615300595760345 8077
1782931497035 0.15256591141223907 8078
1782931497037 0.11717044562101364 8079
1782931497041 0.1301947683095932 8080
1782931497044 0.1928499937057495 8081
1782931497047 0.3552700877189636 8082
1782931497049 0.3468008041381836 8083
1782931497052 0.21159368753433228 8084
1782931497055 0.13766217231750488 8085
1782931497063 0.37906429171562195 8086
1782931497072 0.1693359613418579 8087
1782931497082 0.6518362164497375 8088
1782931497105 0.313470721244812 8089
1782931497109 0.4914233088493347 8090
1782931497112 0.6204141974449158 8091
1782931497115 0.1525062769651413 8092
1782931497118 0.5766544938087463 8093
1782931497121 0.1745220422744751 8094
1782931497124 0.2936875820159912 8095
1782931497128 0.10402007400989532 8096
1782931497133 0.09175165742635727 8097
1782931497138 0.4968663156032562 8098
1782931497141 0.13902054727077484 8099
1782931497145 0.31203800439834595 8100
1782931497148 0.11094269156455994 8101
1782931497151 0.2262836992740631 8102
1782931497154 0.1451902836561203 8103
1782931497157 0.2418510764837265 8104
1782931497160 0.5128432512283325 8105
1782931497163 0.1143607646226883 8106
1782931497167 0.2316121608018875 8107
1782931497169 0.07513349503278732 8108
1782931497173 0.1693483591079712 8109
1782931497176 0.15250149369239807 8110
1782931497179 0.5255025029182434 8111
1782931497182 0.45873144268989563 8112
1782931497185 0.2900819778442383 8113
1782931497188 0.21652516722679138 8114
1782931497191 0.7739062905311584 8115
1782931497194 0.9196779727935791 8116
1782931497197 0.27563461661338806 8117
1782931497200 0.29326391220092773 8118
1782931497203 0.20995230972766876 8119
1782931497206 0.15504010021686554 8120
1782931497210 0.2299414873123169 8121
1782931497214 0.38567835092544556 8122
1782931497217 0.5637000799179077 8123
1782931497220 0.4262568950653076 8124
1782931497223 0.27964991331100464 8125
1782931497226 0.5932331085205078 8126
1782931497229 0.5106651186943054 8127
1782931497233 0.15610578656196594 8128
1782931497236 0.772021472454071 8129
1782931497239 0.12494021654129028 8130
1782931497242 0.14186373353004456 8131
1782931497245 0.4323559105396271 8132
1782931497248 0.2007707953453064 8133
1782931497251 0.28269457817077637 8134
1782931497255 0.3609863221645355 8135
1782931497258 0.08731275051832199 8136
1782931497261 0.44731074571609497 8137
1782931497264 0.40085241198539734 8138
1782931497267 0.2520540654659271 8139
1782931497270 0.3107912838459015 8140
1782931497273 0.052874889224767685 8141
1782931497277 0.05757850781083107 8142
1782931497280 0.19369623064994812 8143
1782931497283 0.40889009833335876 8144
1782931497286 0.2677971124649048 8145
1782931497289 0.3363569974899292 8146
1782931497293 0.32922637462615967 8147
1782931497296 0.6816461682319641 8148
1782931497299 0.5934922099113464 8149
1782931497302 0.09927790611982346 8150
1782931497305 0.23421341180801392 8151
1782931497308 0.13446511328220367 8152
1782931497311 0.2837894558906555 8153
1782931497314 0.09978361427783966 8154
1782931497317 0.2983071804046631 8155
1782931497320 0.4102347493171692 8156
1782931497325 0.37251606583595276 8157
1782931497328 0.42911067605018616 8158
1782931497331 0.23702296614646912 8159
1782931497334 0.05974254384636879 8160
1782931497337 0.15190565586090088 8161
1782931497340 0.4492564797401428 8162
1782931497343 0.9524097442626953 8163
1782931497346 0.31479310989379883 8164
1782931497349 0.25673261284828186 8165
1782931497352 0.24671131372451782 8166
1782931497355 0.265247106552124 8167
1782931497359 0.3079039752483368 8168
1782931497362 0.20992305874824524 8169
1782931497365 0.22747403383255005 8170
1782931497368 0.2722908854484558 8171
1782931497371 0.7147465348243713 8172
1782931497374 0.417366623878479 8173
1782931497377 0.20622865855693817 8174
1782931497380 0.22178199887275696 8175
1782931497383 0.26304906606674194 8176
1782931497386 0.1723126471042633 8177
1782931497392 0.10016379505395889 8178
1782931497396 0.2694188952445984 8179
1782931497398 0.6441022753715515 8180
1782931497401 0.1981951892375946 8181
1782931497404 0.7069352865219116 8182
1782931497409 0.42689332365989685 8183
1782931497413 0.15148936212062836 8184
1782931497416 0.5455495119094849 8185
1782931497419 0.4498612582683563 8186
1782931497423 0.32422304153442383 8187
1782931497484 0.14682476222515106 8188
1782931497507 0.37287333607673645 8189
1782931497510 0.18382006883621216 8190
1782931497513 0.19789262115955353 8191
1782931497555 0.11041583120822906 8192
1782931497559 0.18484288454055786 8193
1782931497563 0.23772497475147247 8194
1782931497567 0.059808243066072464 8195
1782931497569 0.4639972746372223 8196
1782931497571 0.06834463775157928 8197
1782931497574 0.15220549702644348 8198
1782931497577 0.2650587260723114 8199
1782931497579 0.2765549123287201 8200
1782931497581 0.09806093573570251 8201
1782931497584 0.2522296607494354 8202
1782931497586 0.1317334920167923 8203
1782931497590 0.11455681174993515 8204
1782931497592 0.3310624659061432 8205
1782931497594 0.16002117097377777 8206
1782931497597 0.25009703636169434 8207
1782931497600 0.4896091818809509 8208
1782931497602 0.38251835107803345 8209
1782931497604 0.6779381632804871 8210
1782931497607 0.2771452069282532 8211
1782931497610 0.06659261882305145 8212
1782931497612 0.17922154068946838 8213
1782931497615 0.1978842318058014 8214
1782931497618 0.6181596517562866 8215
1782931497621 0.29985642433166504 8216
1782931497623 0.18868562579154968 8217
1782931497626 0.07006914168596268 8218
1782931497629 0.5554608702659607 8219
1782931497631 0.25202104449272156 8220
1782931497633 0.2509559690952301 8221
1782931497636 0.07243525236845016 8222
1782931497640 0.2690562903881073 8223
1782931497643 0.5493180155754089 8224
1782931497645 0.14885741472244263 8225
1782931497648 0.5107352137565613 8226
1782931497650 0.5208693146705627 8227
1782931497652 0.12858669459819794 8228
1782931497655 0.3963366746902466 8229
1782931497658 0.5574917197227478 8230
1782931497660 0.22928105294704437 8231
1782931497662 0.20397400856018066 8232
1782931497664 0.23948980867862701 8233
1782931497667 0.4338625967502594 8234
1782931497669 0.17051029205322266 8235
1782931497671 0.3637031614780426 8236
1782931497674 0.21449506282806396 8237
1782931497678 0.27436238527297974 8238
1782931497681 0.32538098096847534 8239
1782931497684 0.34055447578430176 8240
1782931497686 0.1433286964893341 8241
1782931497688 0.12148979306221008 8242
1782931497691 0.18656662106513977 8243
1782931497693 0.2609593868255615 8244
1782931497695 0.19970382750034332 8245
1782931497697 0.38464730978012085 8246
1782931497699 0.20227979123592377 8247
1782931497701 0.5014027953147888 8248
1782931497703 0.05908418074250221 8249
1782931497705 0.1931847184896469 8250
1782931497708 0.5717002153396606 8251
1782931497710 0.16569185256958008 8252
1782931497712 0.25727730989456177 8253
1782931497714 0.4324081540107727 8254
1782931497716 0.26607829332351685 8255
1782931497718 0.6550015211105347 8256
1782931497720 0.4628620147705078 8257
1782931497722 0.2079155594110489 8258
1782931497725 0.42268726229667664 8259
1782931497727 0.045638006180524826 8260
1782931497729 0.6903741359710693 8261
1782931497731 0.26768144965171814 8262
1782931497733 0.482695996761322 8263
1782931497735 0.5159376859664917 8264
1782931497737 0.4458634555339813 8265
1782931497740 0.18840862810611725 8266
1782931497742 1.0812103748321533 8267
1782931497744 0.12211693823337555 8268
1782931497746 0.26007479429244995 8269
1782931497748 0.15216539800167084 8270
1782931497750 0.1837310940027237 8271
1782931497753 0.5214934349060059 8272
1782931497757 0.2115323543548584 8273
1782931497759 0.3406063914299011 8274
1782931497761 0.1934983879327774 8275
1782931497763 0.4273301959037781 8276
1782931497765 0.41620001196861267 8277
1782931497768 0.10487860441207886 8278
1782931497770 0.18379509449005127 8279
1782931497772 0.15986408293247223 8280
1782931497774 0.228541299700737 8281
1782931497777 0.10156188905239105 8282
1782931497779 0.4664110541343689 8283
1782931497781 0.18405911326408386 8284
1782931497783 0.10728459805250168 8285
1782931497785 0.06350217014551163 8286
1782931497787 0.26219165325164795 8287
1782931497789 0.34371429681777954 8288
1782931497792 0.33878079056739807 8289
1782931497794 0.26357579231262207 8290
1782931497796 0.10549987107515335 8291
1782931497798 0.34587162733078003 8292
1782931497800 0.3646223247051239 8293
1782931497802 0.07907339185476303 8294
1782931497805 0.4063064754009247 8295
1782931497808 0.5935006737709045 8296
1782931497810 0.41401124000549316 8297
1782931497812 0.2908807694911957 8298
1782931497815 0.07453881949186325 8299
1782931497817 0.3430956304073334 8300
1782931497819 0.15935727953910828 8301
1782931497822 0.23563678562641144 8302
1782931497825 0.5883367657661438 8303
1782931497827 0.3583722412586212 8304
1782931497829 0.22297798097133636 8305
1782931497834 0.34841421246528625 8306
1782931497836 0.14643420279026031 8307
1782931497838 0.4827869236469269 8308
1782931497840 0.17771339416503906 8309
1782931497843 0.3152722418308258 8310
1782931497845 0.6442692279815674 8311
1782931497847 0.16786710917949677 8312
1782931497849 0.17054961621761322 8313
1782931497851 0.3204662501811981 8314
1782931497853 0.2569020092487335 8315
1782931497856 0.2828112542629242 8316
1782931497859 0.13958144187927246 8317
1782931497861 0.19012026488780975 8318
1782931497863 0.7937014698982239 8319
1782931497865 0.27837318181991577 8320
1782931497869 0.4398155212402344 8321
1782931497871 0.31736379861831665 8322
1782931497873 0.5114482641220093 8323
1782931497876 0.5501428246498108 8324
1782931497878 0.2714686989784241 8325
1782931497880 0.14951422810554504 8326
1782931497882 0.6040034294128418 8327
1782931497885 0.2502994239330292 8328
1782931497891 0.1033451184630394 8329
1782931497894 0.22898264229297638 8330
1782931497905 0.13456551730632782 8331
1782931497908 0.10621433705091476 8332
1782931497911 0.1083640307188034 8333
1782931497913 0.3771228492259979 8334
1782931497915 0.14904840290546417 8335
1782931497920 0.1284077763557434 8336
1782931497922 0.33182036876678467 8337
1782931497925 0.144307479262352 8338
1782931497927 0.4428303837776184 8339
1782931497929 0.3031812310218811 8340
1782931497931 0.22172273695468903 8341
1782931497934 0.17739850282669067 8342
1782931497936 0.10826046019792557 8343
1782931497938 0.24564003944396973 8344
1782931497941 0.14540396630764008 8345
1782931497944 0.4674544930458069 8346
1782931497947 0.06769175082445145 8347
1782931497949 0.22820214927196503 8348
1782931497951 0.3983207643032074 8349
1782931497953 0.3481501340866089 8350
1782931497956 0.3161981403827667 8351
1782931497958 0.4647923409938812 8352
1782931497961 0.3864726722240448 8353
1782931497963 0.1059231236577034 8354
1782931497965 0.4013804793357849 8355
1782931497968 0.3218609690666199 8356
1782931497970 0.439866304397583 8357
1782931497972 0.989955484867096 8358
1782931497974 0.42372962832450867 8359
1782931497977 0.16603820025920868 8360
1782931497979 0.23969297111034393 8361
1782931497981 0.21300551295280457 8362
1782931497983 0.25471001863479614 8363
1782931497985 0.42256903648376465 8364
1782931497988 0.5027104020118713 8365
1782931497991 0.05846996605396271 8366
1782931497993 0.2560696005821228 8367
1782931497995 0.6734959483146667 8368
1782931497998 0.4707150161266327 8369
1782931498000 0.27544987201690674 8370
1782931498002 0.34467384219169617 8371
1782931498006 0.5643030405044556 8372
1782931498008 0.2789376378059387 8373
1782931498010 0.16379360854625702 8374
1782931498012 0.2785075306892395 8375
1782931498015 0.5380454063415527 8376
1782931498017 0.33909133076667786 8377
1782931498019 0.5362542867660522 8378
1782931498022 0.22824037075042725 8379
1782931498024 0.10679654031991959 8380
1782931498027 0.4004999101161957 8381
1782931498029 0.3516932427883148 8382
1782931498031 0.18140600621700287 8383
1782931498033 0.39108994603157043 8384
1782931498035 0.2473989725112915 8385
1782931498038 0.12786243855953217 8386
1782931498040 0.2441832274198532 8387
1782931498042 0.13834570348262787 8388
1782931498044 0.8019630312919617 8389
1782931498047 0.16351506114006042 8390
1782931498049 0.17413809895515442 8391
1782931498051 0.1513095647096634 8392
1782931498053 0.12736596167087555 8393
1782931498055 0.11873091012239456 8394
1782931498058 0.21895882487297058 8395
1782931498060 0.28388896584510803 8396
1782931498062 0.16053473949432373 8397
1782931498065 0.6021037697792053 8398
1782931498067 0.7688418626785278 8399
1782931498069 0.4648994505405426 8400
1782931498072 0.21592168509960175 8401
1782931498075 0.23835617303848267 8402
1782931498077 0.5668884515762329 8403
1782931498079 0.33004873991012573 8404
1782931498081 0.4022756516933441 8405
1782931498083 0.05134743079543114 8406
1782931498086 0.2619606554508209 8407
1782931498088 0.2791372835636139 8408
1782931498091 0.22572112083435059 8409
1782931498093 0.47378262877464294 8410
1782931498096 0.263802170753479 8411
1782931498098 0.6122612953186035 8412
1782931498100 0.21107235550880432 8413
1782931498102 0.5232030153274536 8414
1782931498105 0.19193235039710999 8415
1782931498107 0.6178866624832153 8416
1782931498109 0.32009443640708923 8417
1782931498112 0.362239271402359 8418
1782931498114 0.10890400409698486 8419
1782931498116 0.4953557550907135 8420
1782931498119 0.2572258412837982 8421
1782931498122 0.03882158547639847 8422
1782931498125 0.09745608270168304 8423
1782931498127 0.3916490972042084 8424
1782931498129 0.1972685605287552 8425
1782931498131 0.2081960141658783 8426
1782931498134 0.256467342376709 8427
1782931498136 0.18976257741451263 8428
1782931498140 0.2980775237083435 8429
1782931498142 0.24986585974693298 8430
1782931498144 0.28640398383140564 8431
1782931498147 0.26746219396591187 8432
1782931498149 0.16556324064731598 8433
1782931498151 0.1679009348154068 8434
1782931498153 0.48563849925994873 8435
1782931498156 0.22726330161094666 8436
1782931498158 0.10805538296699524 8437
1782931498160 0.1288754642009735 8438
1782931498163 0.4018566608428955 8439
1782931498165 0.5367788672447205 8440
1782931498167 0.2608080506324768 8441
1782931498169 0.10394095629453659 8442
1782931498171 0.126913383603096 8443
1782931498175 0.3021552562713623 8444
1782931498179 0.206473708152771 8445
1782931498182 0.3477848470211029 8446
1782931498185 0.34158462285995483 8447
1782931498187 0.09802380204200745 8448
1782931498189 0.2244976907968521 8449
1782931498191 0.13211631774902344 8450
1782931498194 0.37154170870780945 8451
1782931498196 0.4240468740463257 8452
1782931498198 0.3693428933620453 8453
1782931498200 0.34787845611572266 8454
1782931498202 0.22871047258377075 8455
1782931498205 0.4066106975078583 8456
1782931498207 0.6854763627052307 8457
1782931498209 0.3981305658817291 8458
1782931498212 0.30240392684936523 8459
1782931498214 0.47198525071144104 8460
1782931498216 0.21378356218338013 8461
1782931498221 0.40384456515312195 8462
1782931498224 0.5713102221488953 8463
1782931498226 0.33877697587013245 8464
1782931498228 0.2666116952896118 8465
1782931498230 0.37780699133872986 8466
1782931498232 0.34315750002861023 8467
1782931498235 0.13574540615081787 8468
1782931498238 0.23398961126804352 8469
1782931498240 0.26250720024108887 8470
1782931498242 0.10842964798212051 8471
1782931498244 0.12555308640003204 8472
1782931498247 0.13792476058006287 8473
1782931498249 0.12738172709941864 8474
1782931498251 0.3449093997478485 8475
1782931498253 0.3836960196495056 8476
1782931498257 0.18084628880023956 8477
1782931498259 0.14906345307826996 8478
1782931498262 0.15924932062625885 8479
1782931498264 0.6729969382286072 8480
1782931498266 0.274240106344223 8481
1782931498268 0.2724974751472473 8482
1782931498270 0.06067977845668793 8483
1782931498273 0.4561256766319275 8484
1782931498275 0.08235538750886917 8485
1782931498278 0.078755684196949 8486
1782931498291 0.21480542421340942 8487
1782931498293 0.1758597046136856 8488
1782931498296 0.3814873993396759 8489
1782931498298 0.2400038093328476 8490
1782931498300 0.2259809821844101 8491
1782931498302 0.07430113106966019 8492
1782931498305 0.47889989614486694 8493
1782931498307 0.16028013825416565 8494
1782931498309 0.12899388372898102 8495
1782931498312 0.2542540431022644 8496
1782931498314 0.10015743225812912 8497
1782931498316 0.21755295991897583 8498
1782931498318 0.061168551445007324 8499
1782931498321 0.2712734341621399 8500
1782931498323 0.2688339352607727 8501
1782931498325 0.24753619730472565 8502
1782931498328 0.20022514462471008 8503
1782931498330 0.03822162747383118 8504
1782931498332 0.059358615428209305 8505
1782931498334 0.17310334742069244 8506
1782931498337 0.5698040127754211 8507
1782931498340 0.3479616343975067 8508
1782931498343 0.4556206166744232 8509
1782931498345 0.2555205523967743 8510
1782931498347 0.1999659538269043 8511
1782931498349 0.15415769815444946 8512
1782931498351 0.3570089340209961 8513
1782931498354 0.40235236287117004 8514
1782931498359 0.12125196307897568 8515
1782931498361 0.7609306573867798 8516
1782931498363 0.14818023145198822 8517
1782931498365 0.44472256302833557 8518
1782931498368 0.1367228627204895 8519
1782931498370 0.5181752443313599 8520
1782931498374 0.23207464814186096 8521
1782931498378 0.1952006220817566 8522
1782931498381 0.10914813727140427 8523
1782931498384 0.1978583186864853 8524
1782931498386 0.7227018475532532 8525
1782931498388 0.6089075207710266 8526
1782931498390 0.5439483523368835 8527
1782931498393 0.20705774426460266 8528
1782931498395 0.3027336895465851 8529
1782931498397 0.30678436160087585 8530
1782931498400 0.6107226610183716 8531
1782931498402 0.29093003273010254 8532
1782931498404 0.3216666877269745 8533
1782931498406 0.21431900560855865 8534
1782931498409 0.2525729238986969 8535
1782931498411 0.4676385521888733 8536
1782931498413 0.11382634937763214 8537
1782931498416 0.11396773904561996 8538
1782931498418 0.23187613487243652 8539
1782931498420 0.46525996923446655 8540
1782931498423 0.12208274006843567 8541
1782931498426 0.8921147584915161 8542
1782931498428 0.35855022072792053 8543
1782931498480 0.1597561538219452 8544
1782931498496 0.5664864182472229 8545
1782931498506 0.2553485333919525 8546
1782931498510 0.11514578759670258 8547
1782931498513 0.10008426010608673 8548
1782931498517 0.48214906454086304 8549
1782931498520 0.09323480725288391 8550
1782931498530 0.34929385781288147 8551
1782931498536 0.46393051743507385 8552
1782931498540 0.2197016328573227 8553
1782931498544 0.3474278450012207 8554
1782931498547 0.1632755994796753 8555
1782931498550 0.16966649889945984 8556
1782931498553 0.257267564535141 8557
1782931498556 0.5916686058044434 8558
1782931498560 0.38567814230918884 8559
1782931498563 0.14796088635921478 8560
1782931498566 0.5694280862808228 8561
1782931498569 0.3427467346191406 8562
1782931498572 0.23155350983142853 8563
1782931498575 0.13388779759407043 8564
1782931498578 0.3124437928199768 8565
1782931498581 0.23887939751148224 8566
1782931498584 0.30559542775154114 8567
1782931498588 0.14541858434677124 8568
1782931498591 0.4873782694339752 8569
1782931498594 0.31071919202804565 8570
1782931498597 0.11638835072517395 8571
1782931498600 0.12393175810575485 8572
1782931498603 0.15335048735141754 8573
1782931498606 0.3533233106136322 8574
1782931498610 0.36547064781188965 8575
1782931498613 0.17464768886566162 8576
1782931498616 1.1189601421356201 8577
1782931498620 0.3099832534790039 8578
1782931498625 0.2929145097732544 8579
1782931498628 0.3410225510597229 8580
1782931498632 0.10917060077190399 8581
1782931498634 0.17614378035068512 8582
1782931498638 0.11952280253171921 8583
1782931498642 0.5042851567268372 8584
1782931498645 0.47333914041519165 8585
1782931498648 0.16192220151424408 8586
1782931498652 0.5564744472503662 8587
1782931498656 0.12804201245307922 8588
1782931498659 0.3714386224746704 8589
1782931498663 0.18644417822360992 8590
1782931498666 0.1926000863313675 8591
1782931498669 0.5996770858764648 8592
1782931498672 0.33910471200942993 8593
1782931498676 0.9026871919631958 8594
1782931498679 0.3243774175643921 8595
1782931498683 0.11357604712247849 8596
1782931498686 0.22405630350112915 8597
1782931498689 0.4345364570617676 8598
1782931498692 0.3967842161655426 8599
1782931498696 0.2394813746213913 8600
1782931498699 0.18894217908382416 8601
1782931498702 0.2742810547351837 8602
1782931498705 0.23130664229393005 8603
1782931498709 0.7345283031463623 8604
1782931498712 0.30317115783691406 8605
1782931498715 0.15663552284240723 8606
1782931498719 0.24889300763607025 8607
1782931498722 0.3819659352302551 8608
1782931498725 0.08770367503166199 8609
1782931498729 0.34686192870140076 8610
1782931498732 0.2513915002346039 8611
1782931498735 0.16975484788417816 8612
1782931498738 0.24430814385414124 8613
1782931498741 0.30984383821487427 8614
1782931498745 0.2597966194152832 8615
1782931498748 0.29440876841545105 8616
1782931498751 0.27210113406181335 8617
1782931498760 0.4073092043399811 8618
1782931498764 0.5519421696662903 8619
1782931498771 0.3154999911785126 8620
1782931498775 0.2223663032054901 8621
1782931498778 0.2088668942451477 8622
1782931498781 0.09668142348527908 8623
1782931498784 0.3281894624233246 8624
1782931498803 0.19028398394584656 8625
1782931498807 0.25980162620544434 8626
1782931498810 0.25807076692581177 8627
1782931498814 0.23183797299861908 8628
1782931498818 0.2720423638820648 8629
1782931498822 0.09336226433515549 8630
1782931498825 0.10728660225868225 8631
1782931498828 0.21807369589805603 8632
1782931498831 0.1586352437734604 8633
1782931498835 0.21385598182678223 8634
1782931498839 0.31208735704421997 8635
1782931498842 0.16020895540714264 8636
1782931498845 0.3648972511291504 8637
1782931498848 0.5506808757781982 8638
1782931498851 0.09514815360307693 8639
1782931498855 0.3783668875694275 8640
1782931498860 0.31613579392433167 8641
1782931498863 0.9024964570999146 8642
1782931498866 0.32264235615730286 8643
1782931498869 0.42473095655441284 8644
1782931498872 0.3595694303512573 8645
1782931498876 0.3475191593170166 8646
1782931498880 0.3729555010795593 8647
1782931498883 0.33634352684020996 8648
1782931498886 0.3226706087589264 8649
1782931498890 0.29958274960517883 8650
1782931498893 0.12050974369049072 8651
1782931498896 0.35675761103630066 8652
1782931498899 0.2551814913749695 8653
1782931498902 0.2866593897342682 8654
1782931498905 0.7882311344146729 8655
1782931498909 0.05688290670514107 8656
1782931498912 0.42783549427986145 8657
1782931498915 0.10157923400402069 8658
1782931498918 0.4185127019882202 8659
1782931498921 0.06934060156345367 8660
1782931498924 0.20028764009475708 8661
1782931498927 0.38408517837524414 8662
1782931498930 0.3555988669395447 8663
1782931498933 0.4431767463684082 8664
1782931498936 0.566278874874115 8665
1782931498939 0.08420202881097794 8666
1782931498943 0.5246297717094421 8667
1782931498946 0.46462854743003845 8668
1782931498949 0.15882311761379242 8669
1782931498952 0.4151584208011627 8670
1782931498955 0.6401346325874329 8671
1782931498959 0.5181465148925781 8672
1782931498962 0.07750082015991211 8673
1782931498965 0.2962508797645569 8674
1782931498968 0.3675226867198944 8675
1782931498971 0.18501706421375275 8676
1782931498974 0.41321516036987305 8677
1782931498977 0.10826410353183746 8678
1782931498980 0.17356358468532562 8679
1782931498983 0.21927139163017273 8680
1782931498986 0.17902825772762299 8681
1782931498989 0.549574613571167 8682
1782931498993 0.42614978551864624 8683
1782931498996 0.3162221610546112 8684
1782931498999 0.26718392968177795 8685
1782931499002 0.21975013613700867 8686
1782931499005 0.04984674230217934 8687
1782931499009 0.26859140396118164 8688
1782931499012 0.304753839969635 8689
1782931499015 0.41280099749565125 8690
1782931499018 0.3157077729701996 8691
1782931499021 0.1909581422805786 8692
1782931499024 0.09396388381719589 8693
1782931499027 0.14443255960941315 8694
1782931499030 0.34997299313545227 8695
1782931499033 0.27915018796920776 8696
1782931499036 0.1834230124950409 8697
1782931499040 0.2100330889225006 8698
1782931499043 0.1902550905942917 8699
1782931499046 0.2521154582500458 8700
1782931499049 0.28622546792030334 8701
1782931499052 0.24681101739406586 8702
1782931499055 0.17155782878398895 8703
1782931499058 0.6083171963691711 8704
1782931499061 0.4356148838996887 8705
1782931499064 0.3022797405719757 8706
1782931499067 0.16295760869979858 8707
1782931499070 0.35680505633354187 8708
1782931499074 0.5493742227554321 8709
1782931499077 0.2878772020339966 8710
1782931499080 0.34000542759895325 8711
1782931499083 0.19085104763507843 8712
1782931499086 0.13998515903949738 8713
1782931499089 0.2221030741930008 8714
1782931499092 0.21482716500759125 8715
1782931499096 0.15546877682209015 8716
1782931499099 0.1966119259595871 8717
1782931499102 0.4959820508956909 8718
1782931499105 0.11902999877929688 8719
1782931499109 0.1316451132297516 8720
1782931499112 0.3778560757637024 8721
1782931499116 0.5775317549705505 8722
1782931499119 0.26687881350517273 8723
1782931499122 0.08832242339849472 8724
1782931499125 0.11946587264537811 8725
1782931499128 0.2638019323348999 8726
1782931499131 0.8620262742042542 8727
1782931499138 0.10729922354221344 8728
1782931499142 0.11470927298069 8729
1782931499145 0.26147493720054626 8730
1782931499148 0.4657878577709198 8731
1782931499151 0.359293133020401 8732
1782931499154 0.5272071957588196 8733
1782931499167 0.28549426794052124 8734
1782931499170 0.22447755932807922 8735
1782931499174 0.31338223814964294 8736
1782931499180 0.3225181996822357 8737
1782931499184 0.30404403805732727 8738
1782931499191 0.3881518840789795 8739
1782931499194 0.16690987348556519 8740
1782931499207 0.10711142420768738 8741
1782931499210 0.19371147453784943 8742
1782931499213 0.10292337089776993 8743
1782931499216 0.22538337111473083 8744
1782931499219 0.11455991119146347 8745
1782931499223 0.4010765552520752 8746
1782931499227 0.287528932094574 8747
1782931499230 0.6138145923614502 8748
1782931499233 0.07900415360927582 8749
1782931499236 0.3166300654411316 8750
1782931499239 0.19686275720596313 8751
1782931499243 0.4514167904853821 8752
1782931499246 0.23755203187465668 8753
1782931499249 0.5115303993225098 8754
1782931499252 0.1385546773672104 8755
1782931499255 0.34772616624832153 8756
1782931499258 0.36752307415008545 8757
1782931499261 0.3022836148738861 8758
1782931499264 0.18907581269741058 8759
1782931499267 0.487635999917984 8760
1782931499270 0.574375331401825 8761
1782931499273 0.30465370416641235 8762
1782931499276 0.34008029103279114 8763
1782931499280 0.6387240290641785 8764
1782931499283 0.18763680756092072 8765
1782931499287 0.22034473717212677 8766
1782931499291 0.1571555733680725 8767
1782931499294 0.20520702004432678 8768
1782931499297 0.1288837492465973 8769
1782931499300 0.3374195098876953 8770
1782931499303 0.28405576944351196 8771
1782931499307 0.41569408774375916 8772
1782931499310 0.28970110416412354 8773
1782931499313 0.36636868119239807 8774
1782931499316 0.101167693734169 8775
1782931499319 0.5182458162307739 8776
1782931499321 0.5609852075576782 8777
1782931499325 0.10862758010625839 8778
1782931499328 0.36094456911087036 8779
1782931499331 0.153117373585701 8780
1782931499334 0.2503191828727722 8781
1782931499337 0.7952147722244263 8782
1782931499340 0.3853016197681427 8783
1782931499343 0.39882925152778625 8784
1782931499346 0.17164069414138794 8785
1782931499349 0.271345317363739 8786
1782931499352 0.15614104270935059 8787
1782931499355 0.13586871325969696 8788
1782931499358 0.4665294587612152 8789
1782931499361 0.22390130162239075 8790
1782931499364 0.14857414364814758 8791
1782931499367 0.24467703700065613 8792
1782931499370 0.29329416155815125 8793
1782931499373 0.23513856530189514 8794
1782931499376 0.3266156315803528 8795
1782931499379 0.33154383301734924 8796
1782931499382 0.2783690392971039 8797
1782931499385 0.12817741930484772 8798
1782931499388 0.15246334671974182 8799
1782931499391 0.13057346642017365 8800
1782931499394 0.3932703733444214 8801
1782931499398 0.4317644238471985 8802
1782931499401 0.4264758229255676 8803
1782931499404 0.1751203089952469 8804
1782931499407 0.8267816305160522 8805
1782931499410 0.16253279149532318 8806
1782931499413 0.18039512634277344 8807
1782931499416 0.3193383812904358 8808
1782931499419 0.36764395236968994 8809
1782931499422 0.2770759165287018 8810
1782931499426 0.5794774293899536 8811
1782931499429 0.22415892779827118 8812
1782931499432 0.2790200710296631 8813
1782931499435 0.3279542922973633 8814
1782931499438 0.23933608829975128 8815
1782931499442 0.29838651418685913 8816
1782931499445 0.39867788553237915 8817
1782931499448 0.3529440462589264 8818
1782931499451 0.6328949928283691 8819
1782931499455 0.5128688812255859 8820
1782931499459 0.4999322295188904 8821
1782931499462 0.3949684798717499 8822
1782931499465 0.18651147186756134 8823
1782931499468 0.43292081356048584 8824
1782931499471 0.17597807943820953 8825
1782931499475 0.10387028008699417 8826
1782931499484 0.30223900079727173 8827
1782931499490 0.5254236459732056 8828
1782931499496 0.08235324174165726 8829
1782931499503 0.06386490911245346 8830
1782931499507 0.16022054851055145 8831
1782931499510 0.46263325214385986 8832
1782931499513 0.24253582954406738 8833
1782931499516 0.6563677787780762 8834
1782931499519 0.2028728574514389 8835
1782931499522 0.5340344905853271 8836
1782931499543 0.26433902978897095 8837
1782931499554 0.21119004487991333 8838
1782931499557 0.18722465634346008 8839
1782931499562 0.5982359647750854 8840
1782931499565 0.09434229135513306 8841
1782931499568 0.3958005905151367 8842
1782931499571 0.08179691433906555 8843
1782931499574 0.11764892190694809 8844
1782931499577 0.2253168374300003 8845
1782931499580 0.07626267522573471 8846
1782931499583 0.6720647215843201 8847
1782931499586 0.32506704330444336 8848
1782931499589 0.03567228093743324 8849
1782931499593 0.2790144681930542 8850
1782931499596 0.052834462374448776 8851
1782931499599 0.3075906038284302 8852
1782931499602 0.3932656943798065 8853
1782931499605 0.3423253297805786 8854
1782931499608 0.07927122712135315 8855
1782931499612 0.14597532153129578 8856
1782931499614 0.5284317135810852 8857
1782931499617 0.43124037981033325 8858
1782931499621 0.31534892320632935 8859
1782931499626 0.09960301220417023 8860
1782931499630 0.10491059720516205 8861
1782931499633 0.18032723665237427 8862
1782931499636 0.30097833275794983 8863
1782931499639 0.44076552987098694 8864
1782931499643 0.25794267654418945 8865
1782931499646 0.35248324275016785 8866
1782931499649 0.16433848440647125 8867
1782931499652 0.7344248294830322 8868
1782931499655 0.2791966497898102 8869
1782931499658 0.2740687429904938 8870
1782931499663 0.24540424346923828 8871
1782931499667 0.7182199358940125 8872
1782931499670 0.24424415826797485 8873
1782931499673 0.512986958026886 8874
1782931499677 0.3018815219402313 8875
1782931499680 0.029787365347146988 8876
1782931499683 0.413611501455307 8877
1782931499686 0.18695510923862457 8878
1782931499690 0.7624836564064026 8879
1782931499693 0.6579268574714661 8880
1782931499696 0.3086246848106384 8881
1782931499699 0.3066174387931824 8882
1782931499702 0.15063849091529846 8883
1782931499705 0.43988466262817383 8884
1782931499708 0.08739393949508667 8885
1782931499712 0.1745811402797699 8886
1782931499715 0.3029893636703491 8887
1782931499717 0.4801703095436096 8888
1782931499720 0.181453675031662 8889
1782931499724 0.5474182963371277 8890
1782931499727 0.5769994258880615 8891
1782931499730 0.284840852022171 8892
1782931499733 0.15830932557582855 8893
1782931499736 0.3421063721179962 8894
1782931499739 0.28090786933898926 8895
1782931499743 0.3764743506908417 8896
1782931499746 0.33688297867774963 8897
1782931499749 0.2098250538110733 8898
1782931499752 0.22773168981075287 8899
1782931499755 0.7749918699264526 8900
1782931499758 0.2131388932466507 8901
1782931499762 0.39453795552253723 8902
1782931499765 0.490719199180603 8903
1782931499768 0.29472723603248596 8904
1782931499771 0.08537553250789642 8905
1782931499776 0.23131586611270905 8906
1782931499779 0.5256914496421814 8907
1782931499783 0.06256333738565445 8908
1782931499785 0.32763972878456116 8909
1782931499790 0.06528893113136292 8910
1782931499793 0.16378283500671387 8911
1782931499796 0.2484329640865326 8912
1782931499799 0.10334978997707367 8913
1782931499802 0.7886341214179993 8914
1782931499806 0.6713612079620361 8915
1782931499809 0.7738503217697144 8916
1782931499813 0.13225752115249634 8917
1782931499816 0.12601308524608612 8918
1782931499819 0.3629744052886963 8919
1782931499822 0.6592938899993896 8920
1782931499826 0.29839375615119934 8921
1782931499829 0.2212541550397873 8922
1782931499832 0.573834240436554 8923
1782931499835 0.07414746284484863 8924
1782931499840 0.32419291138648987 8925
1782931499843 0.25993210077285767 8926
1782931499846 0.26773592829704285 8927
1782931499849 0.1877797245979309 8928
1782931499852 0.3991624116897583 8929
1782931499855 0.13676954805850983 8930
1782931499859 0.17300750315189362 8931
1782931499862 0.14756998419761658 8932
1782931499865 0.221220925450325 8933
1782931499868 0.09890290349721909 8934
1782931499871 0.413064181804657 8935
1782931499875 0.13182342052459717 8936
1782931499878 0.35765159130096436 8937
1782931499881 0.2940773069858551 8938
1782931499884 0.1300593763589859 8939
1782931499887 0.34229061007499695 8940
1782931499890 0.11225328594446182 8941
1782931499893 0.5580824613571167 8942
1782931499897 0.18735000491142273 8943
1782931499899 0.3019900321960449 8944
1782931499903 0.10521045327186584 8945
1782931499906 0.2208179533481598 8946
1782931499909 0.6038350462913513 8947
1782931499912 0.433299720287323 8948
1782931499915 0.12089143693447113 8949
1782931499918 0.2471616268157959 8950
1782931499921 0.1419912576675415 8951
1782931499925 0.126873180270195 8952
1782931499929 0.20956730842590332 8953
1782931499932 0.12966550886631012 8954
1782931499935 0.20904061198234558 8955
1782931499943 0.20465925335884094 8956
1782931499946 0.28714337944984436 8957
1782931499949 0.04743441194295883 8958
1782931499954 0.22646744549274445 8959
1782931499958 0.19927340745925903 8960
1782931499962 0.6222495436668396 8961
1782931499965 0.3375469148159027 8962
1782931499968 0.11490540951490402 8963
1782931499971 0.26606738567352295 8964
1782931499975 0.7777159810066223 8965
1782931499981 0.3014979958534241 8966
1782931499984 0.11179952323436737 8967
1782931499987 0.3845287561416626 8968
1782931499991 0.49082526564598083 8969
1782931499995 0.2193778157234192 8970
1782931499998 0.5051289796829224 8971
1782931500001 0.4429316222667694 8972
1782931500004 0.11319027841091156 8973
1782931500009 0.2540418803691864 8974
1782931500013 0.18911314010620117 8975
1782931500017 0.1931145191192627 8976
1782931500021 0.30170702934265137 8977
1782931500026 0.4375672936439514 8978
1782931500030 0.1643826961517334 8979
1782931500033 0.17106124758720398 8980
1782931500037 0.07878980785608292 8981
1782931500041 0.14790163934230804 8982
1782931500045 0.11657017469406128 8983
1782931500048 0.42557579278945923 8984
1782931500052 0.08119619637727737 8985
1782931500056 0.4903663694858551 8986
1782931500061 0.11900196969509125 8987
1782931500065 0.13169290125370026 8988
1782931500068 0.2638792395591736 8989
1782931500072 0.4519846439361572 8990
1782931500075 0.2823539078235626 8991
1782931500079 0.14090876281261444 8992
1782931500082 0.2123633325099945 8993
1782931500085 0.17784832417964935 8994
1782931500090 0.3253152668476105 8995
1782931500094 0.22230955958366394 8996
1782931500097 0.17959213256835938 8997
1782931500100 0.41113221645355225 8998
1782931500103 0.3734692633152008 8999
1782931500106 0.451526015996933 9000
1782931500109 0.3636408746242523 9001
1782931500112 0.3060170114040375 9002
1782931500115 0.26236918568611145 9003
1782931500118 0.35495299100875854 9004
1782931500121 0.09140555560588837 9005
1782931500124 0.3437404930591583 9006
1782931500128 0.5793870687484741 9007
1782931500131 0.1795882284641266 9008
1782931500135 0.22598712146282196 9009
1782931500138 0.26138266921043396 9010
1782931500141 0.12736476957798004 9011
1782931500145 0.26374882459640503 9012
1782931500149 0.2997109591960907 9013
1782931500152 0.5460655093193054 9014
1782931500154 0.6234779953956604 9015
1782931500158 0.39658766984939575 9016
1782931500161 0.30835190415382385 9017
1782931500164 0.4568963348865509 9018
1782931500167 0.12576624751091003 9019
1782931500170 0.3909732699394226 9020
1782931500173 0.19190619885921478 9021
1782931500176 0.10465961694717407 9022
1782931500180 0.19136717915534973 9023
1782931500183 0.7156492471694946 9024
1782931500186 0.1341453343629837 9025
1782931500189 0.37232932448387146 9026
1782931500192 0.2369411736726761 9027
1782931500196 0.33470314741134644 9028
1782931500199 0.09278189390897751 9029
1782931500202 0.03663736581802368 9030
1782931500205 0.31530702114105225 9031
1782931500208 0.31861305236816406 9032
1782931500211 0.28898605704307556 9033
1782931500214 0.16943973302841187 9034
1782931500217 0.5019352436065674 9035
1782931500221 0.1406901329755783 9036
1782931500226 0.3662104606628418 9037
1782931500229 0.24199369549751282 9038
1782931500232 0.3911670744419098 9039
1782931500242 0.2970498502254486 9040
1782931500246 0.29252490401268005 9041
1782931500249 0.3803826570510864 9042
1782931500252 0.33286401629447937 9043
1782931500255 0.30599212646484375 9044
1782931500258 0.0810466855764389 9045
1782931500262 0.1630869358778 9046
1782931500265 0.7254379391670227 9047
1782931500268 0.49534448981285095 9048
1782931500271 0.1963224709033966 9049
1782931500275 0.4738684296607971 9050
1782931500278 0.07103154063224792 9051
1782931500281 0.20567373931407928 9052
1782931500284 0.2765280306339264 9053
1782931500288 0.1236705631017685 9054
1782931500292 0.5747100114822388 9055
1782931500295 0.7497327923774719 9056
1782931500298 0.22695104777812958 9057
1782931500301 0.24179880321025848 9058
1782931500304 0.27562186121940613 9059
1782931500309 0.17571023106575012 9060
1782931500312 0.2453453540802002 9061
1782931500315 0.4712207019329071 9062
1782931500318 0.3320218622684479 9063
1782931500321 0.1025828868150711 9064
1782931500325 0.2518558204174042 9065
1782931500337 1.1615554094314575 9066
1782931500341 0.3033381402492523 9067
1782931500344 0.14791004359722137 9068
1782931500347 0.2726323902606964 9069
1782931500350 0.2042226493358612 9070
1782931500353 0.31414270401000977 9071
1782931500356 0.2346581220626831 9072
1782931500360 0.24446378648281097 9073
1782931500363 0.09011483937501907 9074
1782931500366 0.11131404340267181 9075
1782931500369 0.19688040018081665 9076
1782931500372 0.060249924659729004 9077
1782931500375 0.19405308365821838 9078
1782931500378 0.07566078007221222 9079
1782931500381 0.29032787680625916 9080
1782931500384 0.4016876518726349 9081
1782931500388 0.1534346640110016 9082
1782931500391 0.6642475128173828 9083
1782931500395 0.33999717235565186 9084
1782931500398 0.1571197509765625 9085
1782931500400 0.3803195357322693 9086
1782931500404 0.3944684863090515 9087
1782931500408 0.2905692458152771 9088
1782931500411 0.21086467802524567 9089
1782931500414 0.2723005414009094 9090
1782931500417 0.19643068313598633 9091
1782931500420 0.22596177458763123 9092
1782931500423 0.498261034488678 9093
1782931500427 0.19100019335746765 9094
1782931500430 0.16918349266052246 9095
1782931500433 0.3983229994773865 9096
1782931500435 0.33288100361824036 9097
1782931500440 0.41516613960266113 9098
1782931500444 0.6123936176300049 9099
1782931500447 0.2720794677734375 9100
1782931500450 0.08184630423784256 9101
1782931500453 0.3474963903427124 9102
1782931500458 0.3223303556442261 9103
1782931500461 0.1995081901550293 9104
1782931500464 0.137409970164299 9105
1782931500467 0.4049701690673828 9106
1782931500470 0.13094709813594818 9107
1782931500475 0.24676792323589325 9108
1782931500478 0.14206750690937042 9109
1782931500481 0.31663092970848083 9110
1782931500484 0.1099780797958374 9111
1782931500487 0.5399437546730042 9112
1782931500491 0.1130518689751625 9113
1782931500494 0.20678293704986572 9114
1782931500497 0.1962565928697586 9115
1782931500500 0.4049150347709656 9116
1782931500503 0.5393131375312805 9117
1782931500506 0.4197942018508911 9118
1782931500510 0.4205591082572937 9119
1782931500514 0.33986207842826843 9120
1782931500517 0.4281288981437683 9121
1782931500521 0.3252614438533783 9122
1782931500524 0.3184261918067932 9123
1782931500532 0.27099719643592834 9124
1782931500535 0.1987704336643219 9125
1782931500539 0.4552627503871918 9126
1782931500542 0.3502774238586426 9127
1782931500545 0.3550504148006439 9128
1782931500550 0.2788220942020416 9129
1782931500553 0.23265483975410461 9130
1782931500556 0.21482577919960022 9131
1782931500560 0.29667070508003235 9132
1782931500563 0.469120055437088 9133
1782931500579 0.23676049709320068 9134
1782931500583 0.477512389421463 9135
1782931500586 0.4102708697319031 9136
1782931500589 0.3224998116493225 9137
1782931500593 0.04375435411930084 9138
1782931500596 0.4198216199874878 9139
1782931500600 0.5880370140075684 9140
1782931500603 0.5074562430381775 9141
1782931500606 0.03848894685506821 9142
1782931500610 0.28365033864974976 9143
1782931500613 0.15393254160881042 9144
1782931500616 0.5336759090423584 9145
1782931500619 0.09444304555654526 9146
1782931500623 0.033566638827323914 9147
1782931500626 0.3323807716369629 9148
1782931500629 0.40827712416648865 9149
1782931500632 0.16824954748153687 9150
1782931500635 0.2337294965982437 9151
1782931500638 0.10400070250034332 9152
1782931500641 0.6459890007972717 9153
1782931500645 0.20671121776103973 9154
1782931500648 0.12427860498428345 9155
1782931500651 0.5274226069450378 9156
1782931500654 0.17978468537330627 9157
1782931500658 0.10805799812078476 9158
1782931500661 0.2577464282512665 9159
1782931500664 0.26960012316703796 9160
1782931500667 0.395708292722702 9161
1782931500671 0.5254517793655396 9162
1782931500674 0.10306655615568161 9163
1782931500677 0.3462810218334198 9164
1782931500680 0.25503459572792053 9165
1782931500684 0.17852230370044708 9166
1782931500687 0.3542584776878357 9167
1782931500690 0.2058403044939041 9168
1782931500693 0.2464194893836975 9169
1782931500696 0.2240355908870697 9170
1782931500699 0.3391217589378357 9171
1782931500702 0.14516285061836243 9172
1782931500706 0.42990559339523315 9173
1782931500709 0.03842243552207947 9174
1782931500712 0.3056347370147705 9175
1782931500715 0.22567684948444366 9176
1782931500718 0.25334495306015015 9177
1782931500721 0.16646769642829895 9178
1782931500726 0.27394238114356995 9179
1782931500729 0.44156044721603394 9180
1782931500732 0.12221969664096832 9181
1782931500735 0.25400012731552124 9182
1782931500738 0.14948111772537231 9183
1782931500741 0.32330870628356934 9184
1782931500745 0.40033188462257385 9185
1782931500748 0.3242689073085785 9186
1782931500751 0.18366530537605286 9187
1782931500754 0.127895787358284 9188
1782931500757 0.05209650844335556 9189
1782931500760 0.23089753091335297 9190
1782931500763 0.07971914857625961 9191
1782931500767 0.5887758731842041 9192
1782931500770 0.3069448471069336 9193
1782931500774 0.11382751911878586 9194
1782931500777 0.12351617217063904 9195
1782931500781 0.1583915799856186 9196
1782931500784 0.3003673553466797 9197
1782931500787 0.268692284822464 9198
1782931500790 0.153570294380188 9199
1782931500793 0.33172935247421265 9200
1782931500796 0.24577711522579193 9201
1782931500799 0.28480425477027893 9202
1782931500802 0.3292257785797119 9203
1782931500806 0.3048335611820221 9204
1782931500809 0.2028530091047287 9205
1782931500812 0.07705464959144592 9206
1782931500815 0.21047067642211914 9207
1782931500825 0.2278897613286972 9208
1782931500831 0.06698103994131088 9209
1782931500836 0.06618177145719528 9210
1782931500840 0.48012012243270874 9211
1782931500844 0.35419490933418274 9212
1782931500864 0.1194334477186203 9213
1782931500868 0.1160602793097496 9214
1782931500871 0.5194326043128967 9215
1782931500874 0.22621755301952362 9216
1782931500877 0.2776590585708618 9217
1782931500880 0.2289198487997055 9218
1782931500883 0.4845125079154968 9219
1782931500898 0.18072910606861115 9220
1782931500901 0.35550910234451294 9221
1782931500905 0.5924971699714661 9222
1782931500908 0.3415429890155792 9223
1782931500911 0.22764277458190918 9224
1782931500915 0.27829501032829285 9225
1782931500918 0.463096559047699 9226
1782931500921 0.25843724608421326 9227
1782931500924 0.13064201176166534 9228
1782931500927 0.09071872383356094 9229
1782931500931 0.1802407205104828 9230
1782931500934 0.9105095267295837 9231
1782931500937 0.1629527062177658 9232
1782931500941 0.31340309977531433 9233
1782931500945 0.6891471147537231 9234
1782931500948 0.1977895051240921 9235
1782931500951 0.307231068611145 9236
1782931500954 0.2830553948879242 9237
1782931500958 0.25858864188194275 9238
1782931500961 0.19804713129997253 9239
1782931500964 0.21101465821266174 9240
1782931500968 0.26119691133499146 9241
1782931500971 0.3647775948047638 9242
1782931500974 0.27401041984558105 9243
1782931500977 0.2779451310634613 9244
1782931500980 0.5190227031707764 9245
1782931500984 0.3390626609325409 9246
1782931500987 0.23879428207874298 9247
1782931500990 0.2458840310573578 9248
1782931500993 0.37069281935691833 9249
1782931500996 0.10529451817274094 9250
1782931500999 0.6198053956031799 9251
1782931501002 0.04246368631720543 9252
1782931501006 0.2486969381570816 9253
1782931501009 0.30628833174705505 9254
1782931501012 0.43929967284202576 9255
1782931501015 0.42977505922317505 9256
1782931501018 0.20455493032932281 9257
1782931501021 0.38066497445106506 9258
1782931501025 0.2855730950832367 9259
1782931501028 0.45214661955833435 9260
1782931501031 0.4216688275337219 9261
1782931501034 0.3362475633621216 9262
1782931501037 0.5321305990219116 9263
1782931501040 0.11028916388750076 9264
1782931501044 0.2582313120365143 9265
1782931501047 0.46154528856277466 9266
1782931501050 0.614118754863739 9267
1782931501053 0.10090867429971695 9268
1782931501056 0.11426503211259842 9269
1782931501059 0.6604567766189575 9270
1782931501063 0.13321508467197418 9271
1782931501067 0.4607987403869629 9272
1782931501070 0.3486744165420532 9273
1782931501073 0.14256766438484192 9274
1782931501077 0.3477019667625427 9275
1782931501080 0.20677107572555542 9276
1782931501083 0.2865324914455414 9277
1782931501087 0.21026234328746796 9278
1782931501090 0.5240321159362793 9279
1782931501093 0.5659149885177612 9280
1782931501096 0.3498970866203308 9281
1782931501100 0.38639938831329346 9282
1782931501103 0.22628149390220642 9283
1782931501107 0.1871485412120819 9284
1782931501110 0.25880861282348633 9285
1782931501113 0.21377083659172058 9286
1782931501116 0.3903067111968994 9287
1782931501119 0.3568319082260132 9288
1782931501122 0.32705119252204895 9289
1782931501126 0.23647752404212952 9290
1782931501129 0.08836334198713303 9291
1782931501132 0.3724426329135895 9292
1782931501135 0.0720021203160286 9293
1782931501138 0.263175904750824 9294
1782931501141 0.643139123916626 9295
1782931501144 0.15706907212734222 9296
1782931501147 0.2649163007736206 9297
1782931501150 0.07887442409992218 9298
1782931501153 0.31303972005844116 9299
1782931501157 0.1586654633283615 9300
1782931501160 0.39257967472076416 9301
1782931501163 0.5924594402313232 9302
1782931501166 0.6234403848648071 9303
1782931501169 0.23224245011806488 9304
1782931501172 0.32606080174446106 9305
1782931501176 0.15284714102745056 9306
1782931501179 0.45542675256729126 9307
1782931501185 0.06213047727942467 9308
1782931501188 0.2642192542552948 9309
1782931501191 0.24396651983261108 9310
1782931501195 0.21814094483852386 9311
1782931501198 0.6942301988601685 9312
1782931501201 0.4380985200405121 9313
1782931501204 0.4029146134853363 9314
1782931501207 0.34068426489830017 9315
1782931501213 0.7404322028160095 9316
1782931501217 0.32111093401908875 9317
1782931501220 0.2512369751930237 9318
1782931501223 0.4738253951072693 9319
1782931501226 0.1520347148180008 9320
1782931501230 0.1539001613855362 9321
1782931501232 0.5823078751564026 9322
1782931501237 0.12271259725093842 9323
1782931501258 0.31579703092575073 9324
1782931501261 0.08805371075868607 9325
1782931501264 0.2271692156791687 9326
1782931501267 0.25203466415405273 9327
1782931501271 0.11790291219949722 9328
1782931501274 0.12747660279273987 9329
1782931501278 0.10748428106307983 9330
1782931501281 0.3069014549255371 9331
1782931501284 0.06364405155181885 9332
1782931501287 0.20067308843135834 9333
1782931501290 0.2838805615901947 9334
1782931501293 0.07132483273744583 9335
1782931501296 0.4942975640296936 9336
1782931501299 0.318998783826828 9337
1782931501302 0.6902103424072266 9338
1782931501305 0.38462427258491516 9339
1782931501308 0.20336517691612244 9340
1782931501312 0.42606016993522644 9341
1782931501315 0.08906381577253342 9342
1782931501319 0.4850102961063385 9343
1782931501325 0.16059798002243042 9344
1782931501328 0.26737165451049805 9345
1782931501332 0.3055407702922821 9346
1782931501335 0.2723832130432129 9347
1782931501338 0.17869848012924194 9348
1782931501341 0.42070597410202026 9349
1782931501344 0.23051798343658447 9350
1782931501347 0.29389962553977966 9351
1782931501350 0.2772603929042816 9352
1782931501354 0.31770050525665283 9353
1782931501357 0.27039745450019836 9354
1782931501360 0.11900638043880463 9355
1782931501363 0.2669439911842346 9356
1782931501366 0.22725453972816467 9357
1782931501369 0.14342768490314484 9358
1782931501372 0.38077735900878906 9359
1782931501376 0.13408757746219635 9360
1782931501379 0.407208114862442 9361
1782931501382 0.27726805210113525 9362
1782931501385 0.3263307809829712 9363
1782931501389 0.3329150080680847 9364
1782931501392 0.49201133847236633 9365
1782931501396 0.2504216432571411 9366
1782931501398 0.0703161209821701 9367
1782931501401 0.26193076372146606 9368
1782931501405 0.4391411244869232 9369
1782931501408 0.11925386637449265 9370
1782931501411 0.4860704243183136 9371
1782931501414 0.31398147344589233 9372
1782931501417 0.5083962082862854 9373
1782931501420 0.09063177555799484 9374
