1782931382141 0.1902858018875122 0
1782931382145 0.31086254119873047 1
1782931382151 0.32408908009529114 2
1782931382156 0.26916244626045227 3
1782931382160 0.9030521512031555 4
1782931382163 0.37580206990242004 5
1782931382168 0.23825813829898834 6
1782931382171 0.46304526925086975 7
1782931382174 0.21504637598991394 8
1782931382177 0.2408589869737625 9
1782931382181 0.43927353620529175 10
1782931382187 0.5922279357910156 11
1782931382192 0.12033966928720474 12
1782931382196 0.21100428700447083 13
1782931382198 0.30813491344451904 14
1782931382202 0.6227084398269653 15
1782931382206 0.4381566643714905 16
1782931382209 0.4677671492099762 17
1782931382213 0.09981288760900497 18
1782931382217 0.6326035261154175 19
1782931382219 0.237722247838974 20
1782931382224 0.595686137676239 21
1782931382227 0.24237580597400665 22
1782931382232 0.2983638346195221 23
1782931382236 0.5751163363456726 24
1782931382241 0.2556113004684448 25
1782931382244 0.25282737612724304 26
1782931382248 0.09947303682565689 27
1782931382253 0.2061387151479721 28
1782931382257 0.4915444850921631 29
1782931382260 0.14827291667461395 30
1782931382263 0.16194090247154236 31
1782931382267 0.5525290966033936 32
1782931382270 0.31030043959617615 33
1782931382273 0.09403125196695328 34
1782931382276 0.5563256740570068 35
1782931382280 0.32223665714263916 36
1782931382283 0.16850513219833374 37
1782931382286 0.32489487528800964 38
1782931382289 0.21374070644378662 39
1782931382291 0.2149067521095276 40
1782931382294 0.31636789441108704 41
1782931382296 0.2957956790924072 42
1782931382298 0.21508528292179108 43
1782931382299 0.4088066518306732 44
1782931382301 0.3473040759563446 45
1782931382305 0.3538372814655304 46
1782931382310 0.4044874906539917 47
1782931382312 0.2677321434020996 48
1782931382315 0.24399904906749725 49
1782931382317 0.6468359231948853 50
1782931382321 0.2976183593273163 51
1782931382324 0.8918004631996155 52
1782931382326 0.27677685022354126 53
1782931382330 0.33154749870300293 54
1782931382333 0.2642535865306854 55
1782931382337 0.15065434575080872 56
1782931382341 0.7154028415679932 57
1782931382345 0.5176343321800232 58
1782931382349 0.24939227104187012 59
1782931382352 0.5023862719535828 60
1782931382355 0.23287472128868103 61
1782931382359 0.4513307809829712 62
1782931382362 0.4269469380378723 63
1782931382367 0.10616346448659897 64
1782931382369 0.3289979100227356 65
1782931382373 0.5160159468650818 66
1782931382376 0.4819382429122925 67
1782931382379 0.2170940637588501 68
1782931382381 0.3316378891468048 69
1782931382385 0.6419863700866699 70
1782931382389 0.13384956121444702 71
1782931382392 0.15903273224830627 72
1782931382395 0.2288549691438675 73
1782931382397 0.4384055733680725 74
1782931382400 0.2838071286678314 75
1782931382403 0.3496651351451874 76
1782931382405 1.0395833253860474 77
1782931382408 0.16855192184448242 78
1782931382410 0.33276307582855225 79
1782931382413 0.5658428072929382 80
1782931382416 0.27447909116744995 81
1782931382419 0.1468309760093689 82
1782931382422 0.09816863387823105 83
1782931382425 0.27484095096588135 84
1782931382430 0.26734694838523865 85
1782931382433 0.5063679218292236 86
1782931382438 0.18490980565547943 87
1782931382443 0.268858402967453 88
1782931382447 0.12371610105037689 89
1782931382450 0.17460374534130096 90
1782931382455 0.2721894681453705 91
1782931382459 0.3963419198989868 92
1782931382462 0.3265821635723114 93
1782931382466 0.14522112905979156 94
1782931382470 0.255244642496109 95
1782931382474 0.25448915362358093 96
1782931382477 0.6019986867904663 97
1782931382481 0.17708706855773926 98
1782931382485 0.2808598279953003 99
1782931382488 0.18253812193870544 100
1782931382491 0.19265785813331604 101
1782931382494 0.3830656409263611 102
1782931382497 0.20075632631778717 103
1782931382501 0.3058360815048218 104
1782931382506 0.48160025477409363 105
1782931382509 0.08721307665109634 106
1782931382513 0.6365848183631897 107
1782931382516 0.21648387610912323 108
1782931382519 0.21541166305541992 109
1782931382522 0.057826779782772064 110
1782931382527 0.08924223482608795 111
1782931382531 0.6932392716407776 112
1782931382534 0.536148190498352 113
1782931382537 0.22540947794914246 114
1782931382539 0.23459185659885406 115
1782931382543 0.47536394000053406 116
1782931382547 0.42808470129966736 117
1782931382550 0.08930770307779312 118
1782931382555 0.28860676288604736 119
1782931382558 0.08948518335819244 120
1782931382561 0.28872838616371155 121
1782931382565 0.19868242740631104 122
1782931382568 0.8750537633895874 123
1782931382572 0.25578758120536804 124
1782931382576 0.2690703570842743 125
1782931382579 0.6860731840133667 126
1782931382582 0.2482842057943344 127
1782931382585 0.279374361038208 128
1782931382590 0.20317934453487396 129
1782931382594 0.24202272295951843 130
1782931382598 0.12341924011707306 131
1782931382602 0.5497671961784363 132
1782931382608 0.3700437843799591 133
1782931382613 0.5443316698074341 134
1782931382617 0.17779794335365295 135
1782931382622 0.12653343379497528 136
1782931382627 0.29703488945961 137
1782931382631 0.336549311876297 138
1782931382638 0.31807735562324524 139
1782931382642 0.3931751847267151 140
1782931382648 0.5485827326774597 141
1782931382655 0.34429261088371277 142
1782931382658 0.8984633684158325 143
1782931382662 0.14661413431167603 144
1782931382665 0.17027217149734497 145
1782931382669 0.30729690194129944 146
1782931382672 0.3533463478088379 147
1782931382675 0.36018607020378113 148
1782931382678 0.2529897093772888 149
1782931382682 0.21712152659893036 150
1782931382685 0.3404233157634735 151
1782931382691 0.40098485350608826 152
1782931382694 0.4725154936313629 153
1782931382698 0.12383212894201279 154
1782931382701 0.38141578435897827 155
1782931382704 0.34259894490242004 156
1782931382707 0.7459645867347717 157
1782931382712 0.3626415729522705 158
1782931382716 0.20525681972503662 159
1782931382720 0.4979795217514038 160
1782931382725 0.36931586265563965 161
1782931382730 0.3672367334365845 162
1782931382735 0.16426816582679749 163
1782931382739 0.3656080663204193 164
1782931382744 0.6104388236999512 165
1782931382748 0.554945707321167 166
1782931382751 0.1378989964723587 167
1782931382755 0.4963085651397705 168
1782931382758 0.046997711062431335 169
1782931382763 0.10067068785429001 170
1782931382767 1.0221704244613647 171
1782931382770 0.2793596386909485 172
1782931382774 0.09880458563566208 173
1782931382780 0.1689985692501068 174
1782931382783 0.21117043495178223 175
1782931382787 0.4398300051689148 176
1782931382791 0.428133487701416 177
1782931382794 0.4343162477016449 178
1782931382798 0.32900288701057434 179
1782931382804 0.19489966332912445 180
1782931382808 0.310590922832489 181
1782931382810 0.4647212624549866 182
1782931382812 0.25816571712493896 183
1782931382814 0.44857922196388245 184
1782931382816 0.3359600305557251 185
1782931382819 0.23968127369880676 186
1782931382822 0.133371964097023 187
1782931382824 0.35829153656959534 188
1782931382829 0.49894994497299194 189
1782931382833 0.49627020955085754 190
1782931382839 0.24011650681495667 191
1782931382842 0.1413619965314865 192
1782931382846 0.2370232492685318 193
1782931382850 0.4042529761791229 194
1782931382853 0.28256916999816895 195
1782931382858 0.42265933752059937 196
1782931382861 0.3787060081958771 197
1782931382864 0.29484784603118896 198
1782931382867 0.20417314767837524 199
1782931382872 0.31459200382232666 200
1782931382875 0.16882003843784332 201
1782931382879 0.2554096579551697 202
1782931382884 0.2284878045320511 203
1782931382889 0.11692257970571518 204
1782931382894 0.4815562069416046 205
1782931382896 0.3772501051425934 206
1782931382899 0.3617868423461914 207
1782931382902 0.4464760720729828 208
1782931382905 0.38138049840927124 209
1782931382910 0.30941495299339294 210
1782931382914 0.047318097203969955 211
1782931382918 0.5678807497024536 212
1782931382922 0.1489979326725006 213
1782931382927 0.23272117972373962 214
1782931382930 0.46305567026138306 215
1782931382936 0.2692100703716278 216
1782931382938 0.1341395378112793 217
1782931382942 0.38856279850006104 218
1782931382947 0.2800253927707672 219
1782931382950 0.8646982312202454 220
1782931382955 0.23423254489898682 221
1782931382960 0.2855886220932007 222
1782931382963 0.15661388635635376 223
1782931382967 0.27960503101348877 224
1782931382970 0.15928050875663757 225
1782931382974 0.5684924125671387 226
1782931382976 0.4416550099849701 227
1782931382980 0.32196542620658875 228
1782931382984 0.39068734645843506 229
1782931382988 0.0716618150472641 230
1782931382991 0.22525930404663086 231
1782931382993 0.38261115550994873 232
1782931382996 0.1463448405265808 233
1782931383002 0.28345781564712524 234
1782931383005 0.6706961989402771 235
1782931383009 0.5107636451721191 236
1782931383012 0.2783082127571106 237
1782931383015 0.19566771388053894 238
1782931383018 0.26134929060935974 239
1782931383023 0.5890103578567505 240
1782931383027 0.21882706880569458 241
1782931383030 0.23272238671779633 242
1782931383034 0.2826519310474396 243
1782931383038 0.2491360902786255 244
1782931383043 0.2837921977043152 245
1782931383047 0.39494818449020386 246
1782931383052 0.5687074661254883 247
1782931383056 0.2570384740829468 248
1782931383060 0.2445596158504486 249
1782931383065 0.28088510036468506 250
1782931383070 0.3173366189002991 251
1782931383074 0.1665855497121811 252
1782931383078 0.231924369931221 253
1782931383084 0.2631094455718994 254
1782931383090 0.2496975064277649 255
1782931383093 0.39549535512924194 256
1782931383097 0.22178450226783752 257
1782931383101 0.24390442669391632 258
1782931383106 0.36564773321151733 259
1782931383109 0.16127993166446686 260
1782931383113 0.32215607166290283 261
1782931383117 0.25851842761039734 262
1782931383122 0.21324796974658966 263
1782931383127 0.16105231642723083 264
1782931383130 0.4318067729473114 265
1782931383134 0.29824820160865784 266
1782931383141 0.2956622540950775 267
1782931383144 0.3028859496116638 268
1782931383148 0.16481171548366547 269
1782931383153 0.44762030243873596 270
1782931383157 0.5989923477172852 271
1782931383162 0.4627710282802582 272
1782931383165 0.297993928194046 273
1782931383169 0.36494237184524536 274
1782931383172 1.3059754371643066 275
1782931383177 0.28045105934143066 276
1782931383180 0.5297266840934753 277
1782931383184 0.2999563217163086 278
1782931383186 0.2571808099746704 279
1782931383189 0.31735995411872864 280
1782931383194 0.12745743989944458 281
1782931383196 0.73914635181427 282
1782931383198 0.13514070212841034 283
1782931383201 0.5536922216415405 284
1782931383204 0.2089497148990631 285
1782931383208 0.15727438032627106 286
1782931383210 0.5012819766998291 287
1782931383214 0.3180607259273529 288
1782931383218 0.4192245602607727 289
1782931383221 0.47462785243988037 290
1782931383225 0.32893723249435425 291
1782931383227 0.2991299033164978 292
1782931383230 0.5248950719833374 293
1782931383232 0.18905605375766754 294
1782931383236 0.2564040720462799 295
1782931383238 0.5221272110939026 296
1782931383241 0.4498404562473297 297
1782931383244 0.5022904872894287 298
1782931383246 0.46350255608558655 299
1782931383249 0.3104057312011719 300
1782931383252 0.37467026710510254 301
1782931383255 0.38273441791534424 302
1782931383259 0.21677911281585693 303
1782931383261 0.2889336347579956 304
1782931383264 0.09864616394042969 305
1782931383266 0.5347622036933899 306
1782931383270 0.19743601977825165 307
1782931383274 0.13585209846496582 308
1782931383279 0.16690194606781006 309
1782931383282 0.4780045747756958 310
1782931383284 0.09460301697254181 311
1782931383289 0.5086029171943665 312
1782931383292 0.5259848237037659 313
1782931383294 0.38034170866012573 314
1782931383296 0.5266176462173462 315
1782931383299 0.513318657875061 316
1782931383301 0.3978034555912018 317
1782931383304 0.17261213064193726 318
1782931383306 0.366430401802063 319
1782931383308 0.37286439538002014 320
1782931383311 0.12391740083694458 321
1782931383314 0.26577121019363403 322
1782931383317 0.3223685622215271 323
1782931383321 0.24728722870349884 324
1782931383324 0.45378023386001587 325
1782931383327 0.5240128636360168 326
1782931383329 0.17765426635742188 327
1782931383332 0.38561421632766724 328
1782931383335 0.5229895114898682 329
1782931383339 0.35853198170661926 330
1782931383342 0.36965322494506836 331
1782931383344 0.2509092390537262 332
1782931383346 0.407121866941452 333
1782931383349 0.6110973358154297 334
1782931383352 0.11451860517263412 335
1782931383355 0.23805645108222961 336
1782931383358 0.5119295120239258 337
1782931383360 0.1820053905248642 338
1782931383364 0.4864867031574249 339
1782931383367 0.09142081439495087 340
1782931383371 0.5955886244773865 341
1782931383374 0.39552897214889526 342
1782931383377 0.3890892565250397 343
1782931383381 0.23402029275894165 344
1782931383383 0.33743682503700256 345
1782931383387 0.3498672544956207 346
1782931383390 0.15825295448303223 347
1782931383393 0.29185834527015686 348
1782931383396 0.23348043859004974 349
1782931383398 0.15716032683849335 350
1782931383400 0.2832043170928955 351
1782931383404 0.2002117931842804 352
1782931383407 0.31106823682785034 353
1782931383409 0.3270684778690338 354
1782931383413 0.2619333565235138 355
1782931383416 0.1958850473165512 356
1782931383419 0.2270231544971466 357
1782931383422 0.19784533977508545 358
1782931383425 0.2047673761844635 359
1782931383428 0.13272754848003387 360
1782931383431 0.4416694641113281 361
1782931383434 0.34070494771003723 362
1782931383436 0.6536363363265991 363
1782931383440 0.5841761827468872 364
1782931383442 0.5282936096191406 365
1782931383445 0.47225049138069153 366
1782931383448 0.16351985931396484 367
1782931383450 0.4220505952835083 368
1782931383455 0.10441752523183823 369
1782931383457 0.20442894101142883 370
1782931383460 0.3969177305698395 371
1782931383464 0.3137049973011017 372
1782931383466 0.347701758146286 373
1782931383470 0.11053288727998734 374
1782931383474 0.37688663601875305 375
1782931383478 0.22077691555023193 376
1782931383481 0.3938154876232147 377
1782931383485 0.5302724242210388 378
1782931383488 0.19674785435199738 379
1782931383491 0.1291528344154358 380
1782931383494 0.16544528305530548 381
1782931383497 0.25365686416625977 382
1782931383499 0.5307621359825134 383
1782931383502 0.16033156216144562 384
1782931383506 0.2829453647136688 385
1782931383508 0.30674973130226135 386
1782931383511 0.41247501969337463 387
1782931383514 0.18594789505004883 388
1782931383517 0.22787240147590637 389
1782931383520 0.18498216569423676 390
1782931383524 0.532111406326294 391
1782931383526 0.43059834837913513 392
1782931383529 0.3821060359477997 393
1782931383532 0.5008620619773865 394
1782931383534 0.16346769034862518 395
1782931383539 0.42923304438591003 396
1782931383543 0.2241595834493637 397
1782931383546 0.1678008884191513 398
1782931383549 0.32026708126068115 399
1782931383552 0.0850476324558258 400
1782931383557 0.8138958215713501 401
1782931383561 0.9512047171592712 402
1782931383563 0.2730681896209717 403
1782931383566 0.21718810498714447 404
1782931383569 0.6421875357627869 405
1782931383572 0.2621980905532837 406
1782931383576 0.2678985595703125 407
1782931383579 0.47350868582725525 408
1782931383581 0.3039623200893402 409
1782931383584 0.5584027171134949 410
1782931383588 0.16668406128883362 411
1782931383592 0.39946675300598145 412
1782931383595 0.1061621755361557 413
1782931383598 0.39596235752105713 414
1782931383602 0.34635019302368164 415
1782931383605 0.3328951597213745 416
1782931383608 0.42200708389282227 417
1782931383611 0.24913403391838074 418
1782931383614 0.13150793313980103 419
1782931383617 0.3333902657032013 420
1782931383621 0.371882826089859 421
1782931383624 0.4471578598022461 422
1782931383627 0.31815746426582336 423
1782931383630 0.13751830160617828 424
1782931383634 0.15731720626354218 425
1782931383639 0.37923672795295715 426
1782931383641 0.1392698884010315 427
1782931383644 0.05659354850649834 428
1782931383647 0.21261119842529297 429
1782931383649 0.06332286447286606 430
1782931383651 0.555472731590271 431
1782931383655 0.2871248722076416 432
1782931383658 0.5419816970825195 433
1782931383661 0.19289465248584747 434
1782931383664 0.11456263810396194 435
1782931383666 0.32155779004096985 436
1782931383669 0.28765907883644104 437
1782931383672 0.5595071911811829 438
1782931383675 0.060744330286979675 439
1782931383678 0.18842531740665436 440
1782931383681 0.2561762034893036 441
1782931383683 0.24676324427127838 442
1782931383687 0.24867044389247894 443
1782931383692 0.4051683843135834 444
1782931383695 0.07271246612071991 445
1782931383697 0.12163352966308594 446
1782931383700 0.2897721529006958 447
1782931383703 0.7328010201454163 448
1782931383706 0.39157870411872864 449
1782931383709 0.4646933078765869 450
1782931383712 0.37741997838020325 451
1782931383715 0.1559048295021057 452
1782931383718 0.603913426399231 453
1782931383721 0.3074081242084503 454
1782931383724 0.21963973343372345 455
1782931383727 0.3909507691860199 456
1782931383730 0.33082032203674316 457
1782931383733 0.11153563112020493 458
1782931383736 0.11535285413265228 459
1782931383741 0.2901821732521057 460
1782931383744 0.23901882767677307 461
1782931383746 0.21307486295700073 462
1782931383748 0.18977461755275726 463
1782931383751 0.4586445391178131 464
1782931383753 0.1670396775007248 465
1782931383757 0.2274971902370453 466
1782931383761 0.15548549592494965 467
1782931383764 0.4975559115409851 468
1782931383769 0.6094985604286194 469
1782931383772 0.24424830079078674 470
1782931383774 0.2866714596748352 471
1782931383777 0.2532835006713867 472
1782931383779 0.27265167236328125 473
1782931383783 0.5075104236602783 474
1782931383787 0.31141987442970276 475
1782931383790 0.2535925805568695 476
1782931383793 0.7947397232055664 477
1782931383796 0.27289101481437683 478
1782931383800 0.26515862345695496 479
1782931383803 0.24800051748752594 480
1782931383806 0.24267226457595825 481
1782931383811 0.5547389388084412 482
1782931383824 0.5089700222015381 483
1782931383827 0.48569202423095703 484
1782931383831 0.11562829464673996 485
1782931383835 0.2009756863117218 486
1782931383837 0.1741935908794403 487
1782931383840 0.18514730036258698 488
1782931383843 0.2810254991054535 489
1782931383846 0.47589048743247986 490
1782931383849 0.16899476945400238 491
1782931383851 0.14384552836418152 492
1782931383855 0.4205038547515869 493
1782931383859 0.33150339126586914 494
1782931383862 0.3601262867450714 495
1782931383864 0.2865816056728363 496
1782931383867 0.27569344639778137 497
1782931383872 0.6406918168067932 498
1782931383875 0.20714163780212402 499
1782931383878 0.09859353303909302 500
1782931383881 0.16348578035831451 501
1782931383885 0.37696412205696106 502
1782931383889 0.07793808728456497 503
1782931383892 0.5495902299880981 504
1782931383895 0.15250277519226074 505
1782931383898 0.11345860362052917 506
1782931383900 0.03813336044549942 507
1782931383905 0.13979117572307587 508
1782931383908 0.49273160099983215 509
1782931383911 0.3988924026489258 510
1782931383914 0.20472174882888794 511
1782931383916 0.5983915328979492 512
1782931383919 0.5162119269371033 513
1782931383923 0.08681686967611313 514
1782931383927 0.32479196786880493 515
1782931383930 0.30246981978416443 516
1782931383933 0.17831909656524658 517
1782931383937 0.24306151270866394 518
1782931383940 0.833078145980835 519
1782931383943 0.5133944153785706 520
1782931383945 0.6791951656341553 521
1782931383949 0.26787132024765015 522
1782931383952 0.22639335691928864 523
1782931383954 0.1108335629105568 524
1782931383957 0.23729218542575836 525
1782931383959 0.11576297134160995 526
1782931383964 0.28871750831604004 527
1782931383966 0.40999528765678406 528
1782931383969 0.3326256275177002 529
1782931383973 0.2644270956516266 530
1782931383978 0.37229228019714355 531
1782931383980 0.33719101548194885 532
1782931383983 0.14306437969207764 533
1782931383986 0.5493098497390747 534
1782931383989 0.3308843672275543 535
1782931383992 0.22157467901706696 536
1782931383994 0.4074230492115021 537
1782931383997 0.2809401750564575 538
1782931384000 0.2516091465950012 539
1782931384003 0.11925948411226273 540
1782931384007 0.169511616230011 541
1782931384011 0.11783585697412491 542
1782931384013 0.17821764945983887 543
1782931384016 0.4082200825214386 544
1782931384018 0.38290056586265564 545
1782931384023 0.31823107600212097 546
1782931384026 0.11797679960727692 547
1782931384030 0.28331708908081055 548
1782931384032 0.47259068489074707 549
1782931384038 0.15091560781002045 550
1782931384040 0.36513379216194153 551
1782931384042 0.42728254199028015 552
1782931384046 0.6273781657218933 553
1782931384049 0.2917567491531372 554
1782931384052 0.13821522891521454 555
1782931384055 0.36657965183258057 556
1782931384058 0.3566519021987915 557
1782931384061 0.4487789571285248 558
1782931384064 0.11482361704111099 559
1782931384066 0.27174440026283264 560
1782931384069 0.34122613072395325 561
1782931384072 0.06386388838291168 562
1782931384076 0.41159525513648987 563
1782931384078 0.38525426387786865 564
1782931384081 0.27592313289642334 565
1782931384083 0.15177886188030243 566
1782931384086 0.4328467547893524 567
1782931384088 0.2678786516189575 568
1782931384091 0.05729430913925171 569
1782931384093 0.30418580770492554 570
1782931384096 0.3745875060558319 571
1782931384098 0.3940581679344177 572
1782931384103 0.5160216689109802 573
1782931384106 0.12121070176362991 574
1782931384109 0.12096578627824783 575
1782931384113 0.4320175349712372 576
1782931384116 0.2617889940738678 577
1782931384119 0.2244841307401657 578
1782931384122 0.37021639943122864 579
1782931384125 0.24321278929710388 580
1782931384128 0.1969505101442337 581
1782931384132 0.28750208020210266 582
1782931384136 0.21863868832588196 583
1782931384140 0.42687398195266724 584
1782931384142 0.12917247414588928 585
1782931384145 0.16390405595302582 586
1782931384148 0.19899247586727142 587
1782931384153 0.28409793972969055 588
1782931384157 0.31265729665756226 589
1782931384159 0.2556554079055786 590
1782931384162 0.173692524433136 591
1782931384164 0.4974170923233032 592
1782931384167 0.2551552951335907 593
1782931384169 0.1922173798084259 594
1782931384172 0.47011032700538635 595
1782931384177 0.23913779854774475 596
1782931384180 0.41318511962890625 597
1782931384182 0.36111974716186523 598
1782931384185 0.392612099647522 599
1782931384188 0.2463846057653427 600
1782931384192 0.41193246841430664 601
1782931384196 0.14767569303512573 602
1782931384198 1.105262279510498 603
1782931384201 0.36936792731285095 604
1782931384204 0.14603477716445923 605
1782931384209 0.11739493906497955 606
1782931384211 0.1896352469921112 607
1782931384215 0.12018584460020065 608
1782931384221 0.3428497016429901 609
1782931384224 0.45813193917274475 610
1782931384227 0.23540572822093964 611
1782931384230 0.2638843059539795 612
1782931384233 0.20084574818611145 613
1782931384236 0.2656429708003998 614
1782931384240 0.18110448122024536 615
1782931384242 0.16769681870937347 616
1782931384245 0.3501344323158264 617
1782931384248 0.0823230966925621 618
1782931384251 0.10107462108135223 619
1782931384255 0.29511842131614685 620
1782931384259 0.3761174976825714 621
1782931384263 0.29682019352912903 622
1782931384268 0.21052369475364685 623
1782931384273 0.15127773582935333 624
1782931384277 0.32175493240356445 625
1782931384280 0.42535874247550964 626
1782931384286 0.1598050445318222 627
1782931384290 0.6217483878135681 628
1782931384293 0.06988970190286636 629
1782931384296 0.6658723950386047 630
1782931384298 0.3698059320449829 631
1782931384302 0.16793237626552582 632
1782931384305 0.47982779145240784 633
1782931384308 0.1460995078086853 634
1782931384310 0.11169660836458206 635
1782931384313 0.5421661138534546 636
1782931384315 0.43583056330680847 637
1782931384318 0.3111666142940521 638
1782931384322 0.5762433409690857 639
1782931384325 0.38589221239089966 640
1782931384327 0.5259194374084473 641
1782931384329 0.22840887308120728 642
1782931384332 0.6164132356643677 643
1782931384335 0.06980598717927933 644
1782931384340 0.5233103632926941 645
1782931384343 0.9836779236793518 646
1782931384346 0.31036272644996643 647
1782931384350 0.2134702205657959 648
1782931384354 0.20454268157482147 649
1782931384358 0.544651448726654 650
1782931384361 0.3599989712238312 651
1782931384363 0.40265002846717834 652
1782931384366 0.09009115397930145 653
1782931384368 0.17971213161945343 654
1782931384372 0.025190291926264763 655
1782931384376 0.4920831322669983 656
1782931384379 0.26487159729003906 657
1782931384382 0.11219020932912827 658
1782931384385 0.4461174011230469 659
1782931384389 0.11922260373830795 660
1782931384393 0.1435282826423645 661
1782931384396 0.21279533207416534 662
1782931384399 0.36140522360801697 663
1782931384404 0.22652818262577057 664
1782931384408 0.2291526198387146 665
1782931384412 0.6878577470779419 666
1782931384417 0.17970030009746552 667
1782931384421 0.5685556530952454 668
1782931384424 0.24250438809394836 669
1782931384427 0.11364812403917313 670
1782931384429 0.2111542522907257 671
1782931384432 0.20502124726772308 672
1782931384435 0.5656553506851196 673
1782931384438 0.2689628005027771 674
1782931384441 0.1451365053653717 675
1782931384444 0.3051086962223053 676
1782931384447 0.19454914331436157 677
1782931384450 0.4171135127544403 678
1782931384453 0.14387117326259613 679
1782931384458 0.323329359292984 680
1782931384460 0.8880109786987305 681
1782931384462 0.27964428067207336 682
1782931384465 0.132322758436203 683
1782931384468 0.28285568952560425 684
1782931384470 0.1683550775051117 685
1782931384471 0.6509087085723877 686
1782931384473 0.18495675921440125 687
1782931384477 0.15038378536701202 688
1782931384481 0.15451453626155853 689
1782931384484 0.6005388498306274 690
1782931384486 0.17962852120399475 691
1782931384489 0.42987000942230225 692
1782931384492 0.41157039999961853 693
1782931384495 0.46942442655563354 694
1782931384497 0.3573894798755646 695
1782931384499 0.2099204808473587 696
1782931384502 0.39185041189193726 697
1782931384505 0.6718734502792358 698
1782931384508 0.27613022923469543 699
1782931384511 0.13906578719615936 700
1782931384513 0.6516280174255371 701
1782931384516 0.14872588217258453 702
1782931384518 0.258027046918869 703
1782931384522 0.4009041488170624 704
1782931384525 0.5690098404884338 705
1782931384528 0.31062957644462585 706
1782931384530 0.17547154426574707 707
1782931384533 0.3433815538883209 708
1782931384535 0.35816654562950134 709
1782931384539 0.8204264044761658 710
1782931384541 0.298126757144928 711
1782931384544 0.5237043499946594 712
1782931384546 0.23605896532535553 713
1782931384549 0.12002734839916229 714
1782931384552 0.50984126329422 715
1782931384556 0.5135701894760132 716
1782931384559 0.2118190973997116 717
1782931384562 0.3832494616508484 718
1782931384564 0.48582369089126587 719
1782931384567 0.17567728459835052 720
1782931384571 0.19252721965312958 721
1782931384573 0.3516030013561249 722
1782931384577 0.25104761123657227 723
1782931384581 0.33240896463394165 724
1782931384583 0.6850265860557556 725
1782931384586 0.5384923219680786 726
1782931384589 0.3721977770328522 727
1782931384592 0.5291717648506165 728
1782931384596 0.5194510221481323 729
1782931384598 0.2194777876138687 730
1782931384601 0.3442135155200958 731
1782931384603 0.308231920003891 732
1782931384606 0.13462099432945251 733
1782931384610 0.14810886979103088 734
1782931384613 0.18823091685771942 735
1782931384615 0.310552716255188 736
1782931384618 0.21190260350704193 737
1782931384622 0.4835785925388336 738
1782931384625 0.5882192850112915 739
1782931384629 0.2772432267665863 740
1782931384634 0.21512944996356964 741
1782931384637 0.211031973361969 742
1782931384640 0.552736222743988 743
1782931384642 0.13468320667743683 744
1782931384647 0.2742329239845276 745
1782931384649 0.47413673996925354 746
1782931384653 0.3619860112667084 747
1782931384656 0.6182336211204529 748
1782931384660 0.33118295669555664 749
1782931384662 0.3622419834136963 750
1782931384664 0.5678972005844116 751
1782931384666 0.3042398691177368 752
1782931384669 0.18993571400642395 753
1782931384672 0.3172430992126465 754
1782931384675 0.3059125244617462 755
1782931384679 0.23711293935775757 756
1782931384681 0.1519860029220581 757
1782931384684 0.3391145169734955 758
1782931384687 0.4635140001773834 759
1782931384691 0.3853948414325714 760
1782931384693 0.32211121916770935 761
1782931384696 0.2680151164531708 762
1782931384698 0.11892635375261307 763
1782931384703 0.31651055812835693 764
1782931384706 0.06431066244840622 765
1782931384709 0.5575905442237854 766
1782931384712 0.17167210578918457 767
1782931384715 0.32150450348854065 768
1782931384718 0.04785992205142975 769
1782931384722 0.13195280730724335 770
1782931384726 0.5212162733078003 771
1782931384729 0.19695675373077393 772
1782931384734 0.11716192960739136 773
1782931384737 0.12659500539302826 774
1782931384740 0.3583483099937439 775
1782931384743 0.16006982326507568 776
1782931384746 0.556405782699585 777
1782931384748 0.7047463655471802 778
1782931384751 0.43048539757728577 779
1782931384753 0.16636613011360168 780
1782931384756 0.10613110661506653 781
1782931384759 0.17399479448795319 782
1782931384762 0.14164121448993683 783
1782931384766 0.2604064345359802 784
1782931384768 0.5569248199462891 785
1782931384772 0.3732468783855438 786
1782931384774 0.24884618818759918 787
1782931384776 0.21286675333976746 788
1782931384781 0.16937120258808136 789
1782931384784 0.29667940735816956 790
1782931384786 0.2335820198059082 791
1782931384790 0.26779529452323914 792
1782931384792 0.27267855405807495 793
1782931384794 0.2012096494436264 794
1782931384796 0.6577876210212708 795
1782931384800 0.3187447786331177 796
1782931384806 0.32169321179389954 797
1782931384809 0.18263210356235504 798
1782931384811 0.5474716424942017 799
1782931384815 0.33748555183410645 800
1782931384817 0.3678053915500641 801
1782931384820 0.2404455989599228 802
1782931384823 0.7333493828773499 803
1782931384825 0.25552132725715637 804
1782931384828 0.5281845331192017 805
1782931384831 0.12528903782367706 806
1782931384833 0.05232886224985123 807
1782931384836 0.36084437370300293 808
1782931384841 0.14139091968536377 809
1782931384843 0.0783524215221405 810
1782931384845 0.2465893030166626 811
1782931384848 0.12184575200080872 812
1782931384850 0.3114733099937439 813
1782931384853 0.5381300449371338 814
1782931384856 0.4827278256416321 815
1782931384859 0.19461876153945923 816
1782931384861 0.26487693190574646 817
1782931384863 0.2611153721809387 818
1782931384865 0.27530601620674133 819
1782931384868 0.36495840549468994 820
1782931384871 0.5411434769630432 821
1782931384874 0.12764137983322144 822
1782931384876 0.445099413394928 823
1782931384879 0.3217213451862335 824
1782931384881 0.15807406604290009 825
1782931384884 0.41584235429763794 826
1782931384892 0.15393425524234772 827
1782931384896 0.21778665482997894 828
1782931384899 0.29423031210899353 829
1782931384901 0.21927419304847717 830
1782931384903 0.11811336129903793 831
1782931384905 0.35050857067108154 832
1782931384909 0.3668995201587677 833
1782931384911 0.13836435973644257 834
1782931384914 0.143789604306221 835
1782931384916 0.06746027618646622 836
1782931384929 0.20456402003765106 837
1782931384935 0.3891725540161133 838
1782931384940 0.21274204552173615 839
1782931384947 0.3959217667579651 840
1782931384950 0.10786743462085724 841
1782931384953 0.2749401330947876 842
1782931384956 0.4369718134403229 843
1782931384961 0.4419306516647339 844
1782931384966 0.12855876982212067 845
1782931384969 0.579258918762207 846
1782931384975 0.24764007329940796 847
1782931384978 0.10342084616422653 848
1782931384983 0.138679638504982 849
1782931384986 0.34142065048217773 850
1782931384989 0.2939883768558502 851
1782931384992 1.0812323093414307 852
1782931384995 0.11198385804891586 853
1782931385000 0.08962879329919815 854
1782931385004 0.7149315476417542 855
1782931385007 0.36795127391815186 856
1782931385009 0.1334201544523239 857
1782931385012 0.38165366649627686 858
1782931385014 0.33563610911369324 859
1782931385017 0.6497264504432678 860
1782931385021 0.08339973539113998 861
1782931385026 0.38803449273109436 862
1782931385029 0.2124767005443573 863
1782931385031 0.6929312348365784 864
1782931385033 0.33949247002601624 865
1782931385037 0.6283047795295715 866
1782931385040 0.25104066729545593 867
1782931385044 0.34264248609542847 868
1782931385047 0.5279615521430969 869
1782931385051 0.2048790007829666 870
1782931385056 0.24746520817279816 871
1782931385060 0.5940171480178833 872
1782931385063 0.29010406136512756 873
1782931385066 0.6037861704826355 874
1782931385070 0.24433737993240356 875
1782931385075 0.39210107922554016 876
1782931385078 0.13579614460468292 877
1782931385081 0.726527214050293 878
1782931385083 0.2480602264404297 879
1782931385085 0.5283550024032593 880
1782931385089 0.2017061859369278 881
1782931385092 0.5914121866226196 882
1782931385094 0.44098249077796936 883
1782931385097 0.10771515220403671 884
1782931385099 0.1870850771665573 885
1782931385101 0.5163365602493286 886
1782931385104 0.7499847412109375 887
1782931385108 0.15214931964874268 888
1782931385110 0.17281171679496765 889
1782931385113 0.07644854485988617 890
1782931385118 0.19354982674121857 891
1782931385121 0.2653703987598419 892
1782931385125 0.39505380392074585 893
1782931385132 0.42836934328079224 894
1782931385135 0.2030860185623169 895
1782931385139 0.11002226173877716 896
1782931385142 0.09547559916973114 897
1782931385148 0.17872290313243866 898
1782931385150 0.29653945565223694 899
1782931385155 0.16624853014945984 900
1782931385159 0.43103256821632385 901
1782931385161 0.26956552267074585 902
1782931385164 0.3996158540248871 903
1782931385166 0.4247327446937561 904
1782931385168 0.1715545803308487 905
1782931385170 0.32754582166671753 906
1782931385176 0.6559997797012329 907
1782931385178 0.21941688656806946 908
1782931385180 0.3587678074836731 909
1782931385182 0.3565744161605835 910
1782931385188 0.09914790838956833 911
1782931385192 0.15949277579784393 912
1782931385194 0.27272137999534607 913
1782931385196 0.386505126953125 914
1782931385201 0.42924100160598755 915
1782931385205 0.18522702157497406 916
1782931385208 0.4963614046573639 917
1782931385212 0.5034972429275513 918
1782931385215 0.18164785206317902 919
1782931385219 0.3890036344528198 920
1782931385222 0.2674505412578583 921
1782931385226 0.18434558808803558 922
1782931385229 0.46521949768066406 923
1782931385232 0.5236425399780273 924
1782931385235 0.44768914580345154 925
1782931385238 0.3036161959171295 926
1782931385241 0.7089425325393677 927
1782931385244 0.13636337220668793 928
1782931385247 0.14700856804847717 929
1782931385249 0.18224449455738068 930
1782931385251 0.13734468817710876 931
1782931385256 0.368035227060318 932
1782931385259 0.7055610418319702 933
1782931385262 0.23071637749671936 934
1782931385266 0.4635005593299866 935
1782931385269 0.2336212545633316 936
1782931385272 0.26955127716064453 937
1782931385276 0.1732041835784912 938
1782931385279 0.3626982867717743 939
1782931385281 0.27870994806289673 940
1782931385285 0.20837703347206116 941
1782931385288 0.31658226251602173 942
1782931385292 0.30706357955932617 943
1782931385294 0.2427143156528473 944
1782931385297 0.7495967149734497 945
1782931385299 0.35793831944465637 946
1782931385301 0.19415846467018127 947
1782931385303 0.068163201212883 948
1782931385307 0.399538516998291 949
1782931385312 0.5462430119514465 950
1782931385315 0.20609170198440552 951
1782931385318 0.24591749906539917 952
1782931385320 0.5953633785247803 953
1782931385322 0.22748728096485138 954
1782931385324 0.27291083335876465 955
1782931385330 0.15865075588226318 956
1782931385334 0.085039421916008 957
1782931385337 0.34393852949142456 958
1782931385340 0.3395859897136688 959
1782931385342 0.25532421469688416 960
1782931385346 0.35033026337623596 961
1782931385349 0.112053282558918 962
1782931385353 0.3123640716075897 963
1782931385357 0.09253919869661331 964
1782931385359 0.33770596981048584 965
1782931385361 0.2476062923669815 966
1782931385363 0.18945704400539398 967
1782931385364 0.10906416922807693 968
1782931385366 0.30078622698783875 969
1782931385368 0.16111314296722412 970
1782931385369 0.2220459282398224 971
1782931385372 0.17478229105472565 972
1782931385376 0.36192381381988525 973
1782931385378 0.4346717298030853 974
1782931385380 0.32025718688964844 975
1782931385382 0.35478073358535767 976
1782931385383 0.22919882833957672 977
1782931385385 0.5722028017044067 978
1782931385393 0.105801522731781 979
1782931385396 0.21898195147514343 980
1782931385399 0.3126812279224396 981
1782931385405 0.23918846249580383 982
1782931385409 0.3525375723838806 983
1782931385413 0.1783597469329834 984
1782931385417 0.19305618107318878 985
1782931385421 0.2940409779548645 986
1782931385424 0.26651060581207275 987
1782931385427 0.3662010729312897 988
1782931385430 0.10059096664190292 989
1782931385433 0.4463582932949066 990
1782931385436 0.1734687238931656 991
1782931385441 0.4708690643310547 992
1782931385444 0.28325915336608887 993
1782931385446 0.3614659309387207 994
1782931385448 0.3231055438518524 995
1782931385449 0.23438526690006256 996
1782931385451 0.22716805338859558 997
1782931385453 0.15055635571479797 998
1782931385460 0.6297823786735535 999
1782931385463 0.14679375290870667 1000
1782931385468 0.3483926057815552 1001
1782931385474 0.5721579790115356 1002
1782931385477 0.6595207452774048 1003
1782931385480 0.33466511964797974 1004
1782931385484 0.2573200464248657 1005
1782931385489 0.41400793194770813 1006
1782931385492 0.31579476594924927 1007
1782931385496 0.2694516181945801 1008
1782931385499 0.1042647510766983 1009
1782931385503 0.29097965359687805 1010
1782931385508 0.19893628358840942 1011
1782931385511 0.38437557220458984 1012
1782931385513 0.11501570791006088 1013
1782931385517 0.23331592977046967 1014
1782931385521 0.23012331128120422 1015
1782931385524 0.33236947655677795 1016
1782931385526 0.3323364555835724 1017
1782931385528 0.5051172375679016 1018
1782931385530 0.2996041774749756 1019
1782931385531 0.2868610620498657 1020
1782931385540 0.25197070837020874 1021
1782931385544 0.17197048664093018 1022
1782931385546 0.15210416913032532 1023
1782931385549 0.46039026975631714 1024
1782931385551 0.18906524777412415 1025
1782931385555 0.4936676323413849 1026
1782931385559 0.46755391359329224 1027
1782931385564 0.1774638146162033 1028
1782931385565 0.6839542388916016 1029
1782931385567 0.28792986273765564 1030
1782931385569 0.5099950432777405 1031
1782931385571 0.2839328348636627 1032
1782931385573 0.43752774596214294 1033
1782931385579 0.23104466497898102 1034
1782931385583 0.18534713983535767 1035
1782931385587 0.48124808073043823 1036
1782931385590 0.35442495346069336 1037
1782931385593 0.3836859464645386 1038
1782931385597 0.20574477314949036 1039
1782931385599 0.4743603765964508 1040
1782931385604 0.1640446037054062 1041
1782931385608 0.23141805827617645 1042
1782931385610 0.2627720832824707 1043
1782931385613 0.27018797397613525 1044
1782931385617 0.46329396963119507 1045
1782931385620 0.15764665603637695 1046
1782931385623 0.33927780389785767 1047
1782931385626 0.9181600213050842 1048
1782931385629 0.15815968811511993 1049
1782931385631 0.4602765440940857 1050
1782931385636 0.32438814640045166 1051
1782931385640 0.12842006981372833 1052
1782931385643 0.556472897529602 1053
1782931385646 0.5550407767295837 1054
1782931385649 0.10706894099712372 1055
1782931385652 0.35640865564346313 1056
1782931385655 0.2559258043766022 1057
1782931385658 0.5957297086715698 1058
1782931385661 0.24639391899108887 1059
1782931385665 0.24538567662239075 1060
1782931385669 0.30506888031959534 1061
1782931385672 0.5866727828979492 1062
1782931385675 0.2877103090286255 1063
1782931385678 0.24864964187145233 1064
1782931385681 0.35626834630966187 1065
1782931385684 0.17944051325321198 1066
1782931385687 0.2511897087097168 1067
1782931385690 0.19384446740150452 1068
1782931385692 0.3678828775882721 1069
1782931385698 0.21191884577274323 1070
1782931385701 0.35787251591682434 1071
1782931385703 0.4059031009674072 1072
1782931385707 0.3589349687099457 1073
1782931385711 0.40460214018821716 1074
1782931385715 0.3657466471195221 1075
1782931385718 0.2811599373817444 1076
1782931385722 0.12412732094526291 1077
1782931385725 0.5397862792015076 1078
1782931385730 0.5787110328674316 1079
1782931385732 0.08155282586812973 1080
1782931385737 0.5645540356636047 1081
1782931385740 0.10981396585702896 1082
1782931385742 0.4894634187221527 1083
1782931385744 0.24919377267360687 1084
1782931385747 0.8755658864974976 1085
1782931385749 0.4704637825489044 1086
1782931385754 0.14831015467643738 1087
1782931385757 0.5130950212478638 1088
1782931385760 0.1367129385471344 1089
1782931385763 0.22662030160427094 1090
1782931385766 0.21953067183494568 1091
1782931385770 0.14511188864707947 1092
1782931385773 0.19319979846477509 1093
1782931385776 0.2892448306083679 1094
1782931385779 0.43245235085487366 1095
1782931385782 0.18145914375782013 1096
1782931385789 0.1412830352783203 1097
1782931385792 0.22978737950325012 1098
1782931385796 0.15792234241962433 1099
1782931385799 0.48581504821777344 1100
1782931385802 0.3847835659980774 1101
1782931385807 0.37033700942993164 1102
1782931385812 0.5079476237297058 1103
1782931385817 0.34555521607398987 1104
1782931385820 0.40747013688087463 1105
1782931385823 0.13883601129055023 1106
1782931385825 0.21978330612182617 1107
1782931385828 0.08631478995084763 1108
1782931385831 0.5807960033416748 1109
1782931385833 0.1161494106054306 1110
1782931385837 0.09040161222219467 1111
1782931385840 0.302288293838501 1112
1782931385842 0.17706680297851562 1113
1782931385844 0.29759082198143005 1114
1782931385846 0.1583172231912613 1115
1782931385848 0.33069372177124023 1116
1782931385851 0.11186588555574417 1117
1782931385855 0.46973615884780884 1118
1782931385858 0.19976229965686798 1119
1782931385861 0.49788591265678406 1120
1782931385864 0.09757135063409805 1121
1782931385867 0.3249102830886841 1122
1782931385873 0.6187960505485535 1123
1782931385876 0.2538958191871643 1124
1782931385879 0.23349879682064056 1125
1782931385883 0.42313352227211 1126
1782931385887 0.3802702724933624 1127
1782931385889 0.07619434595108032 1128
1782931385893 0.46391385793685913 1129
1782931385896 0.29500260949134827 1130
1782931385901 0.29040318727493286 1131
1782931385904 0.3834340572357178 1132
1782931385909 0.23177982866764069 1133
1782931385911 0.25000330805778503 1134
1782931385913 0.4110187292098999 1135
1782931385915 0.37110868096351624 1136
1782931385916 0.47747042775154114 1137
1782931385921 0.15952518582344055 1138
1782931385926 0.1065315529704094 1139
1782931385929 0.1435684859752655 1140
1782931385932 0.35239526629447937 1141
1782931385936 0.346573144197464 1142
1782931385939 0.25077012181282043 1143
1782931385943 0.35344573855400085 1144
1782931385947 0.4692733585834503 1145
1782931385951 0.40081986784935 1146
1782931385954 0.5506991147994995 1147
1782931385957 0.4028501808643341 1148
1782931385960 0.09653406590223312 1149
1782931385963 0.4844069480895996 1150
1782931385968 0.3098195195198059 1151
1782931385971 0.2809068262577057 1152
1782931385975 0.2671926021575928 1153
1782931385978 0.5270403623580933 1154
1782931385980 0.31094029545783997 1155
1782931385983 0.31417152285575867 1156
1782931385988 0.15929825603961945 1157
1782931385991 0.21063034236431122 1158
1782931385994 0.3987072706222534 1159
1782931385996 0.25809624791145325 1160
1782931385998 0.3347059190273285 1161
1782931386000 0.3708838224411011 1162
1782931386007 0.5003267526626587 1163
1782931386010 0.23476745188236237 1164
1782931386014 0.15508988499641418 1165
1782931386018 0.2173597365617752 1166
1782931386021 0.24509571492671967 1167
1782931386023 0.15875881910324097 1168
1782931386027 0.17035013437271118 1169
1782931386030 0.5937497019767761 1170
1782931386034 0.09683395177125931 1171
1782931386037 0.29405999183654785 1172
1782931386040 0.19169437885284424 1173
1782931386044 0.315784215927124 1174
1782931386048 0.3213750422000885 1175
1782931386050 0.2740594744682312 1176
1782931386054 0.17155683040618896 1177
1782931386060 0.2870100736618042 1178
1782931386063 0.3753093481063843 1179
1782931386066 0.34392890334129333 1180
1782931386068 0.09679018706083298 1181
1782931386070 0.23628944158554077 1182
1782931386073 0.3407198190689087 1183
1782931386078 0.17844489216804504 1184
1782931386081 0.3380588889122009 1185
1782931386083 0.13269515335559845 1186
1782931386085 0.526086688041687 1187
1782931386088 0.20092983543872833 1188
1782931386090 0.5258972644805908 1189
1782931386093 0.21149101853370667 1190
1782931386095 0.10698015987873077 1191
1782931386100 0.3314720392227173 1192
1782931386103 0.18075832724571228 1193
1782931386106 0.6293439269065857 1194
1782931386109 0.18118369579315186 1195
1782931386112 0.24959015846252441 1196
1782931386115 0.3843372166156769 1197
1782931386120 0.3963748812675476 1198
1782931386122 0.45460188388824463 1199
1782931386125 0.4024421274662018 1200
1782931386127 0.49758780002593994 1201
1782931386128 0.32574617862701416 1202
1782931386131 0.13834618031978607 1203
1782931386134 0.1187492311000824 1204
1782931386138 0.21653303503990173 1205
1782931386142 0.3464808464050293 1206
1782931386145 0.45826858282089233 1207
1782931386147 0.7188476324081421 1208
1782931386150 0.6959303021430969 1209
1782931386153 0.1424991339445114 1210
1782931386157 0.8841152191162109 1211
1782931386160 0.4678881764411926 1212
1782931386163 0.3005054295063019 1213
1782931386166 0.2184624820947647 1214
1782931386168 0.1453743875026703 1215
1782931386170 0.333781898021698 1216
1782931386174 0.44857993721961975 1217
1782931386177 0.261050820350647 1218
1782931386180 0.31975501775741577 1219
1782931386183 0.32570916414260864 1220
1782931386185 0.135414719581604 1221
1782931386188 0.3326570987701416 1222
1782931386191 0.2660723030567169 1223
1782931386193 0.3587109446525574 1224
1782931386196 0.24289990961551666 1225
1782931386201 0.5512111783027649 1226
1782931386204 0.39853060245513916 1227
1782931386207 0.2104368805885315 1228
1782931386211 0.11525790393352509 1229
1782931386213 0.3345540463924408 1230
1782931386216 0.474640816450119 1231
1782931386222 0.4381903409957886 1232
1782931386226 0.5241266489028931 1233
1782931386228 0.1815119981765747 1234
1782931386232 0.21574009954929352 1235
1782931386237 0.5006206631660461 1236
1782931386240 0.10747195035219193 1237
1782931386244 0.15527105331420898 1238
1782931386246 0.21309244632720947 1239
1782931386250 0.334200918674469 1240
1782931386254 0.6881398558616638 1241
1782931386258 0.23346731066703796 1242
1782931386261 0.394940584897995 1243
1782931386264 0.18475012481212616 1244
1782931386267 0.6384360194206238 1245
1782931386271 0.7904499769210815 1246
1782931386275 0.30494365096092224 1247
1782931386277 0.4487723708152771 1248
1782931386280 0.2494109869003296 1249
1782931386286 0.1556527316570282 1250
1782931386290 0.18121542036533356 1251
1782931386294 0.11516246199607849 1252
1782931386299 0.08473476767539978 1253
1782931386301 0.176218181848526 1254
1782931386303 0.17571790516376495 1255
1782931386307 0.4978070855140686 1256
1782931386310 0.2243949919939041 1257
1782931386314 0.3116800785064697 1258
1782931386317 0.5007988810539246 1259
1782931386320 0.2024199217557907 1260
1782931386324 0.15511389076709747 1261
1782931386326 0.43199634552001953 1262
1782931386330 0.5819093585014343 1263
1782931386333 0.3518314063549042 1264
1782931386336 0.13763327896595 1265
1782931386340 0.06996740400791168 1266
1782931386345 0.41206058859825134 1267
1782931386348 0.2012912631034851 1268
1782931386351 0.7541544437408447 1269
1782931386354 0.10877034813165665 1270
1782931386357 0.1205146536231041 1271
1782931386360 0.3006175756454468 1272
1782931386364 0.06189772114157677 1273
1782931386367 0.5980616211891174 1274
1782931386369 0.16309195756912231 1275
1782931386373 0.1926409751176834 1276
1782931386376 0.16523902118206024 1277
1782931386380 0.38357430696487427 1278
1782931386382 0.07575765997171402 1279
1782931386385 0.28747451305389404 1280
1782931386389 0.28648391366004944 1281
1782931386391 0.21323834359645844 1282
1782931386394 0.26146578788757324 1283
1782931386399 0.43108025193214417 1284
1782931386401 0.261948823928833 1285
1782931386406 0.316072940826416 1286
1782931386409 0.3384378254413605 1287
1782931386414 0.23044602572917938 1288
1782931386417 0.4679071009159088 1289
1782931386421 0.17252667248249054 1290
1782931386424 0.16566486656665802 1291
1782931386428 0.24325904250144958 1292
1782931386430 0.1454177051782608 1293
1782931386433 0.14997133612632751 1294
1782931386435 0.39076560735702515 1295
1782931386438 0.4375287890434265 1296
1782931386441 0.40482351183891296 1297
1782931386444 0.39343875646591187 1298
1782931386447 0.08440735936164856 1299
1782931386449 0.3001039922237396 1300
1782931386453 0.3747910261154175 1301
1782931386456 0.5624930262565613 1302
1782931386461 0.3700360059738159 1303
1782931386464 0.30684027075767517 1304
1782931386467 0.17974920570850372 1305
1782931386471 0.1730978637933731 1306
1782931386474 0.3066609501838684 1307
1782931386477 0.15300749242305756 1308
1782931386480 0.591250479221344 1309
1782931386483 0.10627805441617966 1310
1782931386485 0.37486177682876587 1311
1782931386489 0.38406774401664734 1312
1782931386492 0.09131690859794617 1313
1782931386497 0.2702963650226593 1314
1782931386500 0.08756067603826523 1315
1782931386502 0.16830630600452423 1316
1782931386506 0.7363849878311157 1317
1782931386508 0.12957938015460968 1318
1782931386511 0.6860068440437317 1319
1782931386513 0.2134740650653839 1320
1782931386514 0.5964253544807434 1321
1782931386518 0.5552826523780823 1322
1782931386521 0.2678532302379608 1323
1782931386524 0.367539644241333 1324
1782931386527 0.12559092044830322 1325
1782931386530 0.56208735704422 1326
1782931386533 0.24190746247768402 1327
1782931386537 0.34067195653915405 1328
1782931386541 0.3755393922328949 1329
1782931386543 0.6157221794128418 1330
1782931386544 0.3713439404964447 1331
1782931386548 0.31554457545280457 1332
1782931386550 0.4213409423828125 1333
1782931386553 0.2688438594341278 1334
1782931386556 0.2959006726741791 1335
1782931386560 0.21833449602127075 1336
1782931386562 0.4227044880390167 1337
1782931386565 0.1560826599597931 1338
1782931386567 0.2645663321018219 1339
1782931386569 0.5811682343482971 1340
1782931386572 0.18342074751853943 1341
1782931386577 0.41556307673454285 1342
1782931386581 0.06596186012029648 1343
1782931386584 0.22443042695522308 1344
1782931386589 0.37837037444114685 1345
1782931386593 0.4955832362174988 1346
1782931386596 0.40157070755958557 1347
1782931386599 0.2750214636325836 1348
1782931386601 1.2486289739608765 1349
1782931386605 0.2689770460128784 1350
1782931386609 0.1056029200553894 1351
1782931386611 0.5443127155303955 1352
1782931386614 0.3609902858734131 1353
1782931386617 0.2559967041015625 1354
1782931386620 0.19635780155658722 1355
1782931386625 0.736571192741394 1356
1782931386628 0.10712834447622299 1357
1782931386631 0.34968510270118713 1358
1782931386635 0.5571100115776062 1359
1782931386639 0.5684904456138611 1360
1782931386642 0.11105571687221527 1361
1782931386645 0.4196534752845764 1362
1782931386648 0.4735429584980011 1363
1782931386651 0.1459265947341919 1364
1782931386654 0.2277509868144989 1365
1782931386659 0.1107938289642334 1366
1782931386663 0.2930141091346741 1367
1782931386665 0.2538452446460724 1368
1782931386668 0.46746137738227844 1369
1782931386673 0.24413342773914337 1370
1782931386676 0.5005031824111938 1371
1782931386680 0.2545112669467926 1372
1782931386683 0.43506717681884766 1373
1782931386688 0.38722851872444153 1374
1782931386692 0.08973949402570724 1375
1782931386695 0.747929036617279 1376
1782931386698 0.35107293725013733 1377
1782931386701 0.2833300828933716 1378
1782931386706 0.25862929224967957 1379
1782931386708 0.22356820106506348 1380
1782931386712 0.4853265881538391 1381
1782931386716 0.2415543496608734 1382
1782931386718 0.21790051460266113 1383
1782931386722 0.15760071575641632 1384
1782931386725 0.31253325939178467 1385
1782931386727 0.3491224944591522 1386
1782931386730 0.4948030412197113 1387
1782931386733 0.2847750186920166 1388
1782931386736 0.3396662771701813 1389
1782931386740 0.16276846826076508 1390
1782931386743 0.2037077695131302 1391
1782931386745 0.18529121577739716 1392
1782931386747 0.1869744062423706 1393
1782931386748 0.3994466960430145 1394
1782931386751 0.180986687541008 1395
1782931386756 0.19195684790611267 1396
1782931386761 0.3380303978919983 1397
1782931386765 0.19066667556762695 1398
1782931386767 0.14832545816898346 1399
1782931386770 0.15434180200099945 1400
1782931386773 0.35199475288391113 1401
1782931386775 0.3273269534111023 1402
1782931386779 0.3785752058029175 1403
1782931386784 0.216227188706398 1404
1782931386788 0.2026374489068985 1405
1782931386790 0.17980676889419556 1406
1782931386795 0.22914156317710876 1407
1782931386799 0.07594743371009827 1408
1782931386803 0.477114737033844 1409
1782931386811 0.4915977418422699 1410
1782931386813 0.36691147089004517 1411
1782931386819 0.6200587749481201 1412
1782931386822 0.29465869069099426 1413
1782931386824 0.13667960464954376 1414
1782931386864 0.12645114958286285 1415
1782931386868 0.2620999217033386 1416
1782931386871 0.5254570245742798 1417
1782931386874 0.4969175159931183 1418
1782931386879 0.21424221992492676 1419
1782931386882 0.29661819338798523 1420
1782931386886 0.4278891384601593 1421
1782931386888 0.17689618468284607 1422
1782931386892 0.0699540227651596 1423
1782931386895 0.5473429560661316 1424
1782931386898 0.16175293922424316 1425
1782931386900 0.14391733705997467 1426
1782931386903 0.05453500151634216 1427
1782931386907 0.4149594008922577 1428
1782931386910 0.22604550421237946 1429
1782931386913 0.2073199450969696 1430
1782931386916 0.30085501074790955 1431
1782931386920 0.5778489708900452 1432
1782931386923 0.17563942074775696 1433
1782931386925 0.44330164790153503 1434
1782931386928 0.23184548318386078 1435
1782931386932 0.2875243127346039 1436
1782931386935 0.3816215991973877 1437
1782931386938 0.432485967874527 1438
1782931386941 0.3031845986843109 1439
1782931386945 0.23752917349338531 1440
1782931386948 0.25347286462783813 1441
1782931386953 0.32754841446876526 1442
1782931386956 0.30773836374282837 1443
1782931386958 0.6890348792076111 1444
1782931386960 0.09507156163454056 1445
1782931386963 0.43131789565086365 1446
1782931386965 0.44759222865104675 1447
1782931386967 0.3315531313419342 1448
1782931386969 0.19920247793197632 1449
1782931386972 0.35655224323272705 1450
1782931386974 0.22007520496845245 1451
1782931386977 0.17814409732818604 1452
1782931386979 0.7004871368408203 1453
1782931386981 0.2388608306646347 1454
1782931386983 0.3890993595123291 1455
1782931386986 0.36233851313591003 1456
1782931386990 0.2380465865135193 1457
1782931386994 0.28763723373413086 1458
1782931386998 0.15847232937812805 1459
1782931387000 0.23533932864665985 1460
1782931387003 0.21030285954475403 1461
1782931387007 0.42445021867752075 1462
1782931387011 0.3351966142654419 1463
1782931387016 0.23075243830680847 1464
1782931387019 0.1696878969669342 1465
1782931387022 0.13876862823963165 1466
1782931387025 0.3897305130958557 1467
1782931387028 0.335701584815979 1468
1782931387034 0.38855019211769104 1469
1782931387038 0.13985715806484222 1470
1782931387041 0.3724946677684784 1471
1782931387044 0.556702733039856 1472
1782931387049 0.3762969374656677 1473
1782931387052 0.387905478477478 1474
1782931387054 0.06768334656953812 1475
1782931387057 0.0811675637960434 1476
1782931387060 0.4905288815498352 1477
1782931387062 0.13098862767219543 1478
1782931387065 0.108757384121418 1479
1782931387069 0.4621067941188812 1480
1782931387072 0.36744147539138794 1481
1782931387076 0.18061348795890808 1482
1782931387079 0.19655127823352814 1483
1782931387082 0.2368386685848236 1484
1782931387085 0.14969274401664734 1485
1782931387089 0.2576550245285034 1486
1782931387091 0.24391385912895203 1487
1782931387094 0.2706446051597595 1488
1782931387098 0.28700295090675354 1489
1782931387103 0.20165812969207764 1490
1782931387106 0.3370981514453888 1491
1782931387110 0.2101208120584488 1492
1782931387112 0.4118114113807678 1493
1782931387116 0.38632732629776 1494
1782931387122 0.28063642978668213 1495
1782931387127 0.35753801465034485 1496
1782931387129 0.1909063458442688 1497
1782931387132 0.9464755058288574 1498
1782931387136 0.2102871686220169 1499
1782931387141 0.3538092076778412 1500
1782931387145 0.5962075591087341 1501
1782931387147 0.19269786775112152 1502
1782931387150 0.39153701066970825 1503
1782931387152 0.5604122281074524 1504
1782931387155 0.15672095119953156 1505
1782931387159 1.0492606163024902 1506
1782931387163 0.3819972276687622 1507
1782931387165 0.21515002846717834 1508
1782931387170 0.3166545033454895 1509
1782931387174 0.07976461201906204 1510
1782931387179 0.39874178171157837 1511
1782931387182 0.696207582950592 1512
1782931387186 0.20602509379386902 1513
1782931387190 0.310356080532074 1514
1782931387193 0.1541118025779724 1515
1782931387283 0.5027278065681458 1516
1782931387311 0.5660821795463562 1517
1782931387313 0.2598167955875397 1518
1782931387316 0.15933266282081604 1519
1782931387318 0.48478713631629944 1520
1782931387323 0.4294186234474182 1521
1782931387325 0.2679014205932617 1522
1782931387328 0.3467371165752411 1523
1782931387331 0.140409916639328 1524
1782931387333 0.41690754890441895 1525
1782931387336 0.16798517107963562 1526
1782931387339 0.10684370994567871 1527
1782931387342 0.21317020058631897 1528
1782931387344 0.19397076964378357 1529
1782931387348 0.3414413630962372 1530
1782931387350 0.400602251291275 1531
1782931387354 0.4129599630832672 1532
1782931387358 0.4042007625102997 1533
1782931387360 0.42458799481391907 1534
1782931387363 0.10682430118322372 1535
1782931387367 0.3729250133037567 1536
1782931387370 0.14682652056217194 1537
1782931387374 0.9895562529563904 1538
1782931387378 0.1465298980474472 1539
1782931387381 0.38489556312561035 1540
1782931387383 0.2222048044204712 1541
1782931387389 0.5395147800445557 1542
1782931387393 0.5164021253585815 1543
1782931387395 0.4407060742378235 1544
1782931387399 0.1596798300743103 1545
1782931387401 0.7718122005462646 1546
1782931387405 0.33625197410583496 1547
1782931387408 0.20818042755126953 1548
1782931387411 0.4229951798915863 1549
1782931387414 0.1318378895521164 1550
1782931387418 0.23163452744483948 1551
1782931387421 0.24012835323810577 1552
1782931387424 0.21340437233448029 1553
1782931387427 0.2936291992664337 1554
1782931387431 0.5872845649719238 1555
1782931387435 0.566325843334198 1556
1782931387440 0.3524682819843292 1557
1782931387443 0.3494584560394287 1558
1782931387446 0.039600178599357605 1559
1782931387450 0.27896371483802795 1560
1782931387452 0.24844934046268463 1561
1782931387456 0.5436506271362305 1562
1782931387461 0.25363340973854065 1563
1782931387463 0.4045594334602356 1564
1782931387464 0.4067733883857727 1565
1782931387466 0.1492697149515152 1566
1782931387472 0.15245872735977173 1567
1782931387476 0.19834589958190918 1568
1782931387479 0.3231140971183777 1569
1782931387482 0.11352620273828506 1570
1782931387485 0.19340798258781433 1571
1782931387488 0.22631990909576416 1572
1782931387491 0.2147071361541748 1573
1782931387494 0.7344863414764404 1574
1782931387497 0.2387414425611496 1575
1782931387501 0.36875033378601074 1576
1782931387505 0.16775619983673096 1577
1782931387507 0.2901886999607086 1578
1782931387510 0.21170789003372192 1579
1782931387512 0.1831730455160141 1580
1782931387514 0.19762088358402252 1581
1782931387517 0.49341467022895813 1582
1782931387522 0.2615957260131836 1583
1782931387527 0.0723632276058197 1584
1782931387530 0.5426067113876343 1585
1782931387534 0.23677250742912292 1586
1782931387538 0.1938295066356659 1587
1782931387542 0.3125203549861908 1588
1782931387547 0.4551202654838562 1589
1782931387552 0.3496365547180176 1590
1782931387554 0.1259944885969162 1591
1782931387559 0.14117857813835144 1592
1782931387563 0.07832935452461243 1593
1782931387565 0.4055025577545166 1594
1782931387571 0.3829761743545532 1595
1782931387574 0.12270065397024155 1596
1782931387576 0.10199852287769318 1597
1782931387578 0.3710602819919586 1598
1782931387580 0.18473748862743378 1599
1782931387582 0.257168173789978 1600
1782931387584 0.20571330189704895 1601
1782931387590 0.2571713626384735 1602
1782931387593 0.29615241289138794 1603
1782931387596 0.2710312306880951 1604
1782931387599 0.3936745524406433 1605
1782931387603 0.3624650537967682 1606
1782931387606 0.2730897068977356 1607
1782931387609 0.08947230875492096 1608
1782931387612 0.20114527642726898 1609
1782931387614 0.30267244577407837 1610
1782931387616 0.18285922706127167 1611
1782931387619 0.04747769981622696 1612
1782931387623 0.44795215129852295 1613
1782931387627 0.4091610312461853 1614
1782931387630 0.14998750388622284 1615
1782931387633 0.4174474775791168 1616
1782931387636 0.37667158246040344 1617
1782931387641 0.4279707968235016 1618
1782931387644 0.4736306071281433 1619
1782931387648 0.6678378582000732 1620
1782931387651 0.3018130362033844 1621
1782931387654 0.364667683839798 1622
1782931387659 0.5931543111801147 1623
1782931387662 0.40937504172325134 1624
1782931387666 0.4035645127296448 1625
1782931387668 0.2430538684129715 1626
1782931387672 0.48468202352523804 1627
1782931387676 0.364507257938385 1628
1782931387679 0.4163551926612854 1629
1782931387682 0.32584765553474426 1630
1782931387686 0.264011949300766 1631
1782931387690 0.3391541540622711 1632
1782931387694 0.35975736379623413 1633
1782931387697 0.47263771295547485 1634
1782931387700 0.14075712859630585 1635
1782931387703 0.2841484248638153 1636
1782931387708 0.10177839547395706 1637
1782931387712 0.1548202484846115 1638
1782931387715 0.32028934359550476 1639
1782931387719 0.16135187447071075 1640
1782931387723 0.1300126165151596 1641
1782931387726 0.2104945331811905 1642
1782931387730 0.07610982656478882 1643
1782931387733 0.2936251163482666 1644
1782931387737 0.258888840675354 1645
1782931387739 0.20666347444057465 1646
1782931387741 0.24849922955036163 1647
1782931387743 0.19227415323257446 1648
1782931387747 0.1627531349658966 1649
1782931387750 0.30359840393066406 1650
1782931387755 0.16808803379535675 1651
1782931387758 0.24167704582214355 1652
1782931387761 0.0919104665517807 1653
1782931387764 0.38831233978271484 1654
1782931387767 0.44695231318473816 1655
1782931387771 0.8062078952789307 1656
1782931387774 0.1465452015399933 1657
1782931387776 0.36723238229751587 1658
1782931387780 0.6126541495323181 1659
1782931387785 0.14680597186088562 1660
1782931387788 0.24102181196212769 1661
1782931387792 0.476878821849823 1662
1782931387795 0.22705921530723572 1663
1782931387798 0.21180672943592072 1664
1782931387804 0.31110531091690063 1665
1782931387808 0.23018993437290192 1666
1782931387812 0.25697317719459534 1667
1782931387816 0.5159562230110168 1668
1782931387820 0.2767868936061859 1669
1782931387823 0.29501691460609436 1670
1782931387826 0.24633489549160004 1671
1782931387829 0.3249857425689697 1672
1782931387833 0.1523682177066803 1673
1782931387838 0.49533554911613464 1674
1782931387843 0.24548061192035675 1675
1782931387847 0.13846345245838165 1676
1782931387850 0.37175554037094116 1677
1782931387855 0.2517228126525879 1678
1782931387858 0.11636890470981598 1679
1782931387861 0.29136982560157776 1680
1782931387864 0.6877847909927368 1681
1782931387867 0.17819392681121826 1682
1782931387870 0.2271384447813034 1683
1782931387873 0.2925947904586792 1684
1782931387878 0.2165665179491043 1685
1782931387880 0.4659747779369354 1686
1782931387884 0.3011665940284729 1687
1782931387887 0.33468183875083923 1688
1782931387890 0.1580810248851776 1689
1782931387894 0.48539015650749207 1690
1782931387898 0.281419575214386 1691
1782931387901 0.26203903555870056 1692
1782931387905 0.23264311254024506 1693
1782931387909 0.20255252718925476 1694
1782931387913 0.4666057229042053 1695
1782931387915 0.12631550431251526 1696
1782931387919 0.6702954173088074 1697
1782931387923 0.20091906189918518 1698
1782931387926 0.2134658396244049 1699
1782931387928 0.8588605523109436 1700
1782931387931 0.2144508808851242 1701
1782931387937 0.21590656042099 1702
1782931387940 0.4368289113044739 1703
1782931387944 0.3707082271575928 1704
1782931387947 0.08037207275629044 1705
1782931387950 0.3983868658542633 1706
1782931387952 0.34407180547714233 1707
1782931387954 0.39052820205688477 1708
1782931387959 0.2474650740623474 1709
1782931387961 0.21030476689338684 1710
1782931387962 0.4384208917617798 1711
1782931387966 0.08503623306751251 1712
1782931387969 0.23446792364120483 1713
1782931387973 0.15954382717609406 1714
1782931387977 0.16500504314899445 1715
1782931387980 0.10651382803916931 1716
1782931387983 0.2436380535364151 1717
1782931387986 0.4367647171020508 1718
1782931387988 0.47992488741874695 1719
1782931387990 0.24811185896396637 1720
1782931387992 0.25703421235084534 1721
1782931387996 0.2162282019853592 1722
1782931388001 0.3364662826061249 1723
1782931388005 0.38520127534866333 1724
1782931388008 0.4858006238937378 1725
1782931388010 0.4118640422821045 1726
1782931388014 0.14813227951526642 1727
1782931388016 0.5398793816566467 1728
1782931388020 0.6398466229438782 1729
1782931388023 0.15407228469848633 1730
1782931388025 0.26388388872146606 1731
1782931388027 0.2862931191921234 1732
1782931388029 0.6180559396743774 1733
1782931388036 0.1987231969833374 1734
1782931388038 0.24086453020572662 1735
1782931388043 0.39218834042549133 1736
1782931388046 0.31768473982810974 1737
1782931388049 0.3205462694168091 1738
1782931388053 0.2982504963874817 1739
1782931388056 0.09820766001939774 1740
1782931388060 0.3067721724510193 1741
1782931388063 0.6212007999420166 1742
1782931388067 0.686013400554657 1743
1782931388071 0.3440820574760437 1744
1782931388074 0.36220255494117737 1745
1782931388079 0.12180614471435547 1746
1782931388081 0.20030441880226135 1747
1782931388085 0.27365124225616455 1748
1782931388088 0.4246005713939667 1749
1782931388093 0.5380456447601318 1750
1782931388096 0.27414771914482117 1751
1782931388098 0.21609516441822052 1752
1782931388100 0.27262744307518005 1753
1782931388101 0.3319348096847534 1754
1782931388103 0.04765068739652634 1755
1782931388109 0.35368216037750244 1756
1782931388113 0.23203742504119873 1757
1782931388115 0.29051047563552856 1758
1782931388118 0.31805017590522766 1759
1782931388122 0.31885504722595215 1760
1782931388125 0.356512188911438 1761
1782931388128 0.35110408067703247 1762
1782931388131 0.06766712665557861 1763
1782931388135 0.303560733795166 1764
1782931388141 0.39755380153656006 1765
1782931388146 0.1292746663093567 1766
1782931388151 0.49313414096832275 1767
1782931388155 0.3368943929672241 1768
1782931388159 0.4429919719696045 1769
1782931388162 0.1911153942346573 1770
1782931388165 0.2658776044845581 1771
1782931388168 0.08738167583942413 1772
1782931388172 0.5744089484214783 1773
1782931388176 0.3221144378185272 1774
1782931388178 0.3465925455093384 1775
1782931388181 0.20397153496742249 1776
1782931388184 0.4043534994125366 1777
1782931388186 0.3298979103565216 1778
1782931388189 0.37624552845954895 1779
1782931388192 0.19766898453235626 1780
1782931388198 0.316333532333374 1781
1782931388202 0.5089119076728821 1782
1782931388206 0.5128248333930969 1783
1782931388208 0.19109752774238586 1784
1782931388213 0.3260108530521393 1785
1782931388217 0.3050662577152252 1786
1782931388222 0.2530301511287689 1787
1782931388225 0.24655985832214355 1788
1782931388227 0.46218112111091614 1789
1782931388231 0.35537490248680115 1790
1782931388237 0.7183456420898438 1791
1782931388240 0.3479408621788025 1792
1782931388243 0.2644704580307007 1793
1782931388247 0.4083053171634674 1794
1782931388251 0.42933782935142517 1795
1782931388254 0.426052063703537 1796
1782931388258 0.35453638434410095 1797
1782931388260 0.12554436922073364 1798
1782931388265 0.08532392978668213 1799
1782931388267 0.10587859898805618 1800
1782931388271 0.35212019085884094 1801
1782931388277 0.1307143121957779 1802
1782931388279 0.46105945110321045 1803
1782931388282 0.7094762325286865 1804
1782931388286 0.41191157698631287 1805
1782931388290 0.23160140216350555 1806
1782931388294 0.07266819477081299 1807
1782931388297 0.24764978885650635 1808
1782931388300 0.3230254352092743 1809
1782931388303 0.10896246880292892 1810
1782931388307 0.18651440739631653 1811
1782931388311 0.41562727093696594 1812
1782931388314 0.5631963610649109 1813
1782931388317 0.21591509878635406 1814
1782931388320 0.22384418547153473 1815
1782931388323 0.2771552503108978 1816
1782931388325 0.3812931180000305 1817
1782931388329 0.1518019139766693 1818
1782931388332 0.2891954183578491 1819
1782931388336 0.4001977741718292 1820
1782931388340 0.20171470940113068 1821
1782931388343 0.1735830307006836 1822
1782931388348 0.2701829671859741 1823
1782931388351 0.2855217754840851 1824
1782931388355 0.5856267809867859 1825
1782931388360 0.843208372592926 1826
1782931388365 0.1113157793879509 1827
1782931388367 0.46641793847084045 1828
1782931388371 0.6142102479934692 1829
1782931388374 0.39330819249153137 1830
1782931388378 0.32106125354766846 1831
1782931388381 0.3633241355419159 1832
1782931388385 0.2768639624118805 1833
1782931388388 0.403455913066864 1834
1782931388392 0.22278128564357758 1835
1782931388394 0.3482038676738739 1836
1782931388398 0.6250661015510559 1837
1782931388401 0.1766921877861023 1838
1782931388405 0.31230267882347107 1839
1782931388408 0.2690257132053375 1840
1782931388413 0.5712611675262451 1841
1782931388416 0.24741323292255402 1842
1782931388421 0.30409666895866394 1843
1782931388425 0.21538598835468292 1844
1782931388428 0.40041252970695496 1845
1782931388433 0.0955263078212738 1846
1782931388439 0.1404462605714798 1847
1782931388442 0.07930018752813339 1848
1782931388445 0.2932906150817871 1849
1782931388447 0.27590399980545044 1850
1782931388450 0.3020263612270355 1851
1782931388454 0.3859243094921112 1852
1782931388457 0.2741374671459198 1853
1782931388460 0.09707845747470856 1854
1782931388463 0.2841421663761139 1855
1782931388467 0.4938843250274658 1856
1782931388472 0.5167399048805237 1857
1782931388477 0.4644894599914551 1858
1782931388480 0.32652541995048523 1859
1782931388483 1.0646536350250244 1860
1782931388486 0.3057238757610321 1861
1782931388489 0.31991875171661377 1862
1782931388492 0.24446436762809753 1863
1782931388495 0.3622351884841919 1864
1782931388498 0.20094358921051025 1865
1782931388501 0.5519775152206421 1866
1782931388506 0.3230098485946655 1867
1782931388508 0.2683032751083374 1868
1782931388510 0.3109301030635834 1869
1782931388513 0.07267041504383087 1870
1782931388515 0.2421368956565857 1871
1782931388517 0.16322249174118042 1872
1782931388521 0.20987547934055328 1873
1782931388524 0.45199957489967346 1874
1782931388821 0.46517059206962585 1875
1782931388827 0.3751251697540283 1876
1782931388830 0.5803499221801758 1877
1782931388832 0.10003108531236649 1878
1782931388836 0.15694832801818848 1879
1782931388840 0.15845385193824768 1880
1782931388845 0.05530962720513344 1881
1782931388847 0.200365349650383 1882
1782931388850 0.257928729057312 1883
1782931388855 0.13470600545406342 1884
1782931388859 0.17033594846725464 1885
1782931388862 0.20329031348228455 1886
1782931388865 0.30389413237571716 1887
1782931388868 0.3222583830356598 1888
1782931388871 0.3353020250797272 1889
1782931388874 0.1644173264503479 1890
1782931388876 0.21553589403629303 1891
1782931388879 0.4891662299633026 1892
1782931388881 0.5331516265869141 1893
1782931388885 0.737676203250885 1894
1782931388888 0.45200955867767334 1895
1782931388891 0.2030652016401291 1896
1782931388893 0.7605006694793701 1897
1782931388896 0.4299250841140747 1898
1782931388898 0.3407202661037445 1899
1782931388902 0.2810025215148926 1900
1782931388907 0.20320704579353333 1901
1782931388911 0.09923651069402695 1902
1782931388913 0.35965728759765625 1903
1782931388917 0.22153759002685547 1904
1782931388922 0.3696364462375641 1905
1782931388928 0.5470569729804993 1906
1782931388931 0.4995519816875458 1907
1782931388935 0.18536433577537537 1908
1782931389054 0.17437753081321716 1909
1782931389060 0.5092300772666931 1910
1782931389068 0.26717883348464966 1911
1782931389072 0.1530817747116089 1912
1782931389078 0.3122907876968384 1913
1782931389081 0.4262140095233917 1914
1782931389085 0.23286974430084229 1915
1782931389090 0.5914363265037537 1916
1782931389093 0.2379172146320343 1917
1782931389095 0.11320973932743073 1918
1782931389100 0.41404345631599426 1919
1782931389102 0.5143780708312988 1920
1782931389105 0.35953372716903687 1921
1782931389109 0.24237403273582458 1922
1782931389112 0.11741921305656433 1923
1782931389114 0.21583452820777893 1924
1782931389118 0.3607047200202942 1925
1782931389123 0.2259485125541687 1926
1782931389126 0.3280159533023834 1927
1782931389128 0.09692826122045517 1928
1782931389132 0.12506532669067383 1929
1782931389134 0.24747878313064575 1930
1782931389139 0.5361431837081909 1931
1782931389142 0.18272733688354492 1932
1782931389144 0.3261626064777374 1933
1782931389146 0.5641884803771973 1934
1782931389149 0.19789966940879822 1935
1782931389152 0.5455215573310852 1936
1782931389157 0.19696561992168427 1937
1782931389159 0.26464948058128357 1938
1782931389162 0.3536778390407562 1939
1782931389164 0.5128031969070435 1940
1782931389167 0.33583199977874756 1941
1782931389171 0.5056491494178772 1942
1782931389175 0.08667074888944626 1943
1782931389177 0.32675492763519287 1944
1782931389180 0.29449355602264404 1945
1782931389183 0.5955361723899841 1946
1782931389187 0.14436739683151245 1947
1782931389190 0.36560943722724915 1948
1782931389193 0.35696032643318176 1949
1782931389198 0.19427180290222168 1950
1782931389200 0.23050318658351898 1951
1782931389204 0.26509323716163635 1952
1782931389207 0.27382171154022217 1953
1782931389210 0.3374183475971222 1954
1782931389219 0.23721762001514435 1955
1782931389222 0.5440608263015747 1956
1782931389224 0.15612605214118958 1957
1782931389229 0.2163119912147522 1958
1782931389233 0.30363699793815613 1959
1782931389237 0.37197086215019226 1960
1782931389240 0.3824566900730133 1961
1782931389242 0.3147687613964081 1962
1782931389245 0.7594615817070007 1963
1782931389248 0.6319887638092041 1964
1782931389252 0.26655346155166626 1965
1782931389255 0.6680049896240234 1966
1782931389259 0.6255577802658081 1967
1782931389264 0.12108137458562851 1968
1782931389268 0.14285331964492798 1969
1782931389272 0.21098151803016663 1970
1782931389275 0.26966071128845215 1971
1782931389278 0.1484018713235855 1972
1782931389283 0.40741249918937683 1973
1782931389287 0.27943140268325806 1974
1782931389290 0.41004472970962524 1975
1782931389294 0.11566118150949478 1976
1782931389297 0.49848511815071106 1977
1782931389300 0.2502962052822113 1978
1782931389304 0.19895893335342407 1979
1782931389309 0.31836333870887756 1980
1782931389312 0.4172406792640686 1981
1782931389315 0.33485519886016846 1982
1782931389318 0.19863584637641907 1983
1782931389321 0.5301349759101868 1984
1782931389324 0.339564710855484 1985
1782931389330 0.7598272562026978 1986
1782931389332 0.15099385380744934 1987
1782931389334 0.21829666197299957 1988
1782931389338 0.11251293122768402 1989
1782931389343 0.30506059527397156 1990
1782931389346 0.18195296823978424 1991
1782931389349 0.7422510981559753 1992
1782931389354 0.23081070184707642 1993
1782931389357 0.47960296273231506 1994
1782931389361 0.11140858381986618 1995
1782931389364 0.6196389198303223 1996
1782931389367 0.24279317259788513 1997
1782931389370 0.2540069818496704 1998
1782931389374 0.5897058844566345 1999
1782931389376 0.17205365002155304 2000
1782931389379 0.3707653284072876 2001
1782931389382 0.3857017755508423 2002
1782931389384 0.22645631432533264 2003
1782931389387 0.2562326490879059 2004
1782931389391 0.11469531804323196 2005
1782931389396 0.5420128107070923 2006
1782931389400 0.3383280336856842 2007
1782931389405 0.23783479630947113 2008
1782931389407 0.9178178906440735 2009
1782931389408 0.30656206607818604 2010
1782931389415 0.4125538170337677 2011
1782931389419 0.2533853352069855 2012
1782931389422 0.27991023659706116 2013
1782931389424 0.1411115676164627 2014
1782931389428 0.2971384823322296 2015
1782931389430 0.24833551049232483 2016
1782931389433 0.45607101917266846 2017
1782931389436 0.41572311520576477 2018
1782931389439 0.08815070986747742 2019
1782931389441 0.14652378857135773 2020
1782931389443 0.40346091985702515 2021
1782931389445 0.1927531659603119 2022
1782931389448 0.8192911744117737 2023
1782931389453 0.18703675270080566 2024
1782931389459 0.33095723390579224 2025
1782931389462 0.20484770834445953 2026
1782931389466 0.7176938056945801 2027
1782931389468 0.14441761374473572 2028
1782931389473 0.13517771661281586 2029
1782931389475 0.5716678500175476 2030
1782931389479 0.14660468697547913 2031
1782931389482 0.24562814831733704 2032
1782931389484 0.27988478541374207 2033
1782931389486 0.16056837141513824 2034
1782931389491 0.07263164967298508 2035
1782931389495 0.3254949152469635 2036
1782931389497 0.2310948669910431 2037
1782931389500 0.28938570618629456 2038
1782931389504 0.4091089963912964 2039
1782931389508 0.6433611512184143 2040
1782931389511 0.24841254949569702 2041
1782931389513 0.49004751443862915 2042
1782931389517 0.3450140058994293 2043
1782931389520 0.32120808959007263 2044
1782931389522 0.21125800907611847 2045
1782931389524 0.1504819095134735 2046
1782931389526 0.4841022491455078 2047
1782931389531 0.1413331925868988 2048
1782931389535 0.5494585037231445 2049
1782931389538 0.2283567637205124 2050
1782931389541 0.3379175364971161 2051
1782931389544 0.4467252790927887 2052
1782931389549 0.1933031678199768 2053
1782931389553 0.2473473846912384 2054
1782931389556 0.21953259408473969 2055
1782931389560 0.5849218368530273 2056
1782931389563 0.34897279739379883 2057
1782931389566 0.8415148258209229 2058
1782931389571 0.7342202067375183 2059
1782931389575 0.11935332417488098 2060
1782931389578 0.607119083404541 2061
1782931389581 0.15287263691425323 2062
1782931389585 0.13241514563560486 2063
1782931389587 0.3111813962459564 2064
1782931389590 0.45028603076934814 2065
1782931389592 0.2390827089548111 2066
1782931389595 0.13407334685325623 2067
1782931389598 0.12474879622459412 2068
1782931389600 0.21802398562431335 2069
1782931389603 0.15560653805732727 2070
1782931389609 0.3021916449069977 2071
1782931389612 0.439165860414505 2072
1782931389615 0.1317029595375061 2073
1782931389623 0.17931371927261353 2074
1782931389628 0.18695515394210815 2075
1782931389632 0.37256649136543274 2076
1782931389636 0.26849544048309326 2077
1782931389639 0.39017924666404724 2078
1782931389642 0.13690529763698578 2079
1782931389647 0.2873956859111786 2080
1782931389650 0.2968069911003113 2081
1782931389654 0.5791129469871521 2082
1782931389658 0.19606372714042664 2083
1782931389661 0.1421147733926773 2084
1782931389664 0.08463961631059647 2085
1782931389668 0.3725767433643341 2086
1782931389673 0.20969142019748688 2087
1782931389676 0.1819976270198822 2088
1782931389679 0.31266623735427856 2089
1782931389681 0.44185614585876465 2090
1782931389683 0.12986603379249573 2091
1782931389687 0.3313228487968445 2092
1782931389691 0.45706355571746826 2093
1782931389694 0.21173833310604095 2094
1782931389698 0.21590420603752136 2095
1782931389701 0.6163878440856934 2096
1782931389703 0.34608596563339233 2097
1782931389706 0.16063475608825684 2098
1782931389709 0.33030980825424194 2099
1782931389712 0.20958267152309418 2100
1782931389715 0.258445680141449 2101
1782931389717 0.4339728355407715 2102
1782931389721 0.2480495274066925 2103
1782931389724 0.2681013345718384 2104
1782931389728 0.48169055581092834 2105
1782931389731 0.3782971501350403 2106
1782931389734 0.2552402913570404 2107
1782931389738 0.22800536453723907 2108
1782931389742 0.49564307928085327 2109
1782931389745 0.22890956699848175 2110
1782931389747 0.26005908846855164 2111
1782931389751 0.39029067754745483 2112
1782931389753 0.3506397306919098 2113
1782931389756 0.09812169522047043 2114
1782931389759 0.26854172348976135 2115
1782931389764 0.061111610382795334 2116
1782931389766 0.27395129203796387 2117
1782931389770 0.4483354985713959 2118
1782931389773 0.6093683242797852 2119
1782931389777 0.5059688091278076 2120
1782931389781 0.18730631470680237 2121
1782931389787 0.29846295714378357 2122
1782931389791 0.2617146372795105 2123
1782931389793 0.3929866552352905 2124
1782931389798 0.38274580240249634 2125
1782931389801 0.528018057346344 2126
1782931389805 0.11528342962265015 2127
1782931389811 0.17528985440731049 2128
1782931389813 0.337140828371048 2129
1782931389817 0.4325005114078522 2130
1782931389823 0.3820207118988037 2131
1782931389826 0.21797440946102142 2132
1782931389829 0.544817328453064 2133
1782931389834 1.017917275428772 2134
1782931389838 0.2601170539855957 2135
1782931389841 0.16294412314891815 2136
1782931389843 0.14271847903728485 2137
1782931389847 0.13507665693759918 2138
1782931389850 0.22291898727416992 2139
1782931389856 0.2645118236541748 2140
1782931389860 0.25844907760620117 2141
1782931389864 0.5520800948143005 2142
1782931389867 0.25894588232040405 2143
1782931389870 0.1846482753753662 2144
1782931389873 0.36724820733070374 2145
1782931389877 0.38010871410369873 2146
1782931389881 0.5624284148216248 2147
1782931389884 0.16126209497451782 2148
1782931389888 0.29610928893089294 2149
1782931389890 0.47830870747566223 2150
1782931389892 0.45889419317245483 2151
1782931389897 0.3179194927215576 2152
1782931389900 0.20213060081005096 2153
1782931389903 0.12503187358379364 2154
1782931389908 0.19195091724395752 2155
1782931389912 0.1864226758480072 2156
1782931389916 0.1308116763830185 2157
1782931389920 0.22447805106639862 2158
1782931389923 0.5718822479248047 2159
1782931389926 0.08200906217098236 2160
1782931389929 0.2796092927455902 2161
1782931389933 0.5765607357025146 2162
1782931389936 0.2312261462211609 2163
1782931389942 0.45993572473526 2164
1782931389945 0.17589779198169708 2165
1782931389947 0.5460833311080933 2166
1782931389950 0.4908411502838135 2167
1782931389955 0.20895183086395264 2168
1782931389958 0.40113428235054016 2169
1782931389962 0.3985910713672638 2170
1782931389965 0.09854692220687866 2171
1782931389968 0.4787755310535431 2172
1782931389971 0.41343602538108826 2173
1782931389976 0.35253843665122986 2174
1782931389979 0.08633621037006378 2175
1782931389983 0.2262313961982727 2176
1782931389986 0.5270909070968628 2177
1782931389990 0.3054811954498291 2178
1782931389994 0.10770608484745026 2179
1782931389998 0.4737756550312042 2180
1782931390003 0.1294771283864975 2181
1782931390008 0.1325579285621643 2182
1782931390010 0.20188996195793152 2183
1782931390012 0.34438756108283997 2184
1782931390014 0.10793817043304443 2185
1782931390017 0.17187899351119995 2186
1782931390020 0.5254373550415039 2187
1782931390023 0.5108272433280945 2188
1782931390025 0.4189572036266327 2189
1782931390027 0.08216363191604614 2190
1782931390030 0.2625735104084015 2191
1782931390033 0.2375892549753189 2192
1782931390035 0.17552240192890167 2193
1782931390038 0.3162993788719177 2194
1782931390042 0.4009871780872345 2195
1782931390044 0.5612860918045044 2196
1782931390047 0.4740579426288605 2197
1782931390049 0.03959876671433449 2198
1782931390052 0.29225248098373413 2199
1782931390057 0.2933136522769928 2200
1782931390059 0.2906462550163269 2201
1782931390062 0.2273976355791092 2202
1782931390066 0.19921576976776123 2203
1782931390070 0.2989949584007263 2204
1782931390075 0.15405896306037903 2205
1782931390077 0.40338996052742004 2206
1782931390082 0.17670780420303345 2207
1782931390085 0.2200862169265747 2208
1782931390089 0.46095892786979675 2209
1782931390093 0.22684785723686218 2210
1782931390096 0.07973925769329071 2211
1782931390099 0.17068266868591309 2212
1782931390102 0.22616906464099884 2213
1782931390106 0.16066867113113403 2214
1782931390111 0.5409784317016602 2215
1782931390113 0.25887900590896606 2216
1782931390116 0.6170306205749512 2217
1782931390120 0.3407946228981018 2218
1782931390122 0.20935386419296265 2219
1782931390124 0.10006221383810043 2220
1782931390128 0.28744521737098694 2221
1782931390131 0.30149537324905396 2222
1782931390133 0.30678224563598633 2223
1782931390135 0.35384654998779297 2224
1782931390137 0.5967556238174438 2225
1782931390139 0.25286445021629333 2226
1782931390141 0.4353195130825043 2227
1782931390143 0.6255071759223938 2228
1782931390146 0.4320671558380127 2229
1782931390148 0.38253551721572876 2230
1782931390150 1.3120908737182617 2231
1782931390153 0.3064750134944916 2232
1782931390155 0.6832154393196106 2233
1782931390158 0.18047760426998138 2234
1782931390160 0.21052400767803192 2235
1782931390163 0.3088068962097168 2236
1782931390166 0.16884709894657135 2237
1782931390169 0.5180727243423462 2238
1782931390172 0.4142046272754669 2239
1782931390175 0.2370556890964508 2240
1782931390180 0.4032604694366455 2241
1782931390183 0.20652064681053162 2242
1782931390188 0.520595908164978 2243
1782931390193 0.2729341387748718 2244
1782931390195 0.3747667372226715 2245
1782931390197 0.37050461769104004 2246
1782931390201 0.1634848415851593 2247
1782931390205 0.6770070791244507 2248
1782931390207 0.22439107298851013 2249
1782931390210 0.10655776411294937 2250
1782931390214 0.22484582662582397 2251
1782931390218 0.31445643305778503 2252
1782931390222 0.6057387590408325 2253
1782931390224 0.194258913397789 2254
1782931390227 0.37543484568595886 2255
1782931390230 0.11860324442386627 2256
1782931390235 0.24398458003997803 2257
1782931390238 0.45042991638183594 2258
1782931390241 0.5153093934059143 2259
1782931390243 0.17787574231624603 2260
1782931390246 0.22629565000534058 2261
1782931390248 0.23866184055805206 2262
1782931390251 0.7254526615142822 2263
1782931390256 0.18120266497135162 2264
1782931390260 0.1576300859451294 2265
1782931390264 0.2678053081035614 2266
1782931390268 0.16918519139289856 2267
1782931390273 0.3415968120098114 2268
1782931390276 0.4376224875450134 2269
1782931390281 0.3032011091709137 2270
1782931390287 0.1966162621974945 2271
1782931390290 0.3206758499145508 2272
1782931390296 0.2095058560371399 2273
1782931390299 0.3036268651485443 2274
1782931390303 0.29040220379829407 2275
1782931390306 1.0398430824279785 2276
1782931390308 0.18889378011226654 2277
1782931390310 0.2994098961353302 2278
1782931390313 0.10440143197774887 2279
1782931390316 0.5216607451438904 2280
1782931390321 0.24516326189041138 2281
1782931390323 0.10671225935220718 2282
1782931390326 0.6276136040687561 2283
1782931390328 0.22163048386573792 2284
1782931390331 0.5561522245407104 2285
1782931390335 0.3842664957046509 2286
1782931390338 0.1445307731628418 2287
1782931390340 0.3691834509372711 2288
1782931390342 0.4767693281173706 2289
1782931390345 0.16954730451107025 2290
1782931390347 0.32952386140823364 2291
1782931390349 0.36424359679222107 2292
1782931390351 0.3793027400970459 2293
1782931390354 0.2521412968635559 2294
1782931390356 0.1527789682149887 2295
1782931390359 0.15149648487567902 2296
1782931390361 0.23434142768383026 2297
1782931390363 0.258076548576355 2298
1782931390366 0.2124791443347931 2299
1782931390370 0.1010126918554306 2300
1782931390374 0.41887935996055603 2301
1782931390376 0.23032395541667938 2302
1782931390378 0.2724311947822571 2303
1782931390381 0.33376774191856384 2304
1782931390386 0.0432901605963707 2305
1782931390389 0.38101357221603394 2306
1782931390393 0.3100202977657318 2307
1782931390395 0.15134970843791962 2308
1782931390399 0.17743095755577087 2309
1782931390403 0.30371907353401184 2310
1782931390407 0.1823672503232956 2311
1782931390409 0.3453892171382904 2312
1782931390413 0.3053148686885834 2313
1782931390419 0.13788248598575592 2314
1782931390422 0.03037324920296669 2315
1782931390425 0.3449689745903015 2316
1782931390429 0.3065263330936432 2317
1782931390431 0.49567171931266785 2318
1782931390433 0.34787365794181824 2319
1782931390437 0.42007797956466675 2320
1782931390441 0.20806121826171875 2321
1782931390445 0.36755165457725525 2322
1782931390449 0.20167136192321777 2323
1782931390452 0.24730902910232544 2324
1782931390454 0.24298420548439026 2325
1782931390459 0.2839076817035675 2326
1782931390464 0.18775898218154907 2327
1782931390466 0.5303265452384949 2328
1782931390467 0.23504303395748138 2329
1782931390469 0.26583728194236755 2330
1782931390471 0.6564744710922241 2331
1782931390473 0.11325402557849884 2332
1782931390476 0.6029840111732483 2333
1782931390480 0.5118616819381714 2334
1782931390483 0.38585972785949707 2335
1782931390487 0.24863781034946442 2336
1782931390490 0.1864587366580963 2337
1782931390496 0.3192708492279053 2338
1782931390499 0.08409830927848816 2339
1782931390502 0.06743372231721878 2340
1782931390507 0.3881685733795166 2341
1782931390511 0.2200353443622589 2342
1782931390514 0.35641178488731384 2343
1782931390517 0.22891928255558014 2344
1782931390521 0.13669054210186005 2345
1782931390524 0.1664372980594635 2346
1782931390527 0.05430207774043083 2347
1782931390529 0.1053522452712059 2348
1782931390535 0.2501988708972931 2349
1782931390538 0.11520055681467056 2350
1782931390541 0.4188883304595947 2351
1782931390543 0.5766836404800415 2352
1782931390546 0.0624525211751461 2353
1782931390549 0.26684287190437317 2354
1782931390555 0.13217349350452423 2355
1782931390559 0.13014976680278778 2356
1782931390562 0.468265563249588 2357
1782931390566 0.2855863571166992 2358
1782931390570 0.20304463803768158 2359
1782931390574 0.17400947213172913 2360
1782931390577 0.5933529138565063 2361
1782931390582 0.414593368768692 2362
1782931390588 0.3621448576450348 2363
1782931390591 0.13700950145721436 2364
1782931390595 0.2003394365310669 2365
1782931390598 0.13127028942108154 2366
1782931390601 0.3967862129211426 2367
1782931390604 0.3043534457683563 2368
1782931390609 0.3377419710159302 2369
1782931390612 0.48893821239471436 2370
1782931390615 0.36532318592071533 2371
1782931390617 0.20589347183704376 2372
1782931390621 0.2607384920120239 2373
1782931390623 0.5753302574157715 2374
1782931390625 0.2580263912677765 2375
1782931390627 0.47223663330078125 2376
1782931390629 0.23350889980793 2377
1782931390631 0.22088472545146942 2378
1782931390633 0.14459244906902313 2379
1782931390635 0.7538203597068787 2380
1782931390644 0.4888041913509369 2381
1782931390648 0.29687437415122986 2382
1782931390652 0.2838049530982971 2383
1782931390657 0.31915122270584106 2384
1782931390660 0.06293883919715881 2385
1782931390663 0.33426496386528015 2386
1782931390667 0.23170898854732513 2387
1782931390673 0.24081796407699585 2388
1782931390692 0.324542760848999 2389
1782931390697 0.10659819841384888 2390
1782931390701 0.5337885618209839 2391
1782931390707 0.3583611845970154 2392
1782931390709 0.23375394940376282 2393
1782931390715 0.3943418562412262 2394
1782931390719 0.2743694484233856 2395
1782931390724 0.3711889982223511 2396
1782931390728 0.12339330464601517 2397
1782931390731 0.2774740159511566 2398
1782931390735 0.24228821694850922 2399
1782931390740 0.543846845626831 2400
1782931390743 0.11633524298667908 2401
1782931390747 0.2816908061504364 2402
1782931390753 0.5267755389213562 2403
1782931390757 0.2094491571187973 2404
1782931390760 0.2829747498035431 2405
1782931390763 0.18453320860862732 2406
1782931390766 0.10368786752223969 2407
1782931390769 0.25112345814704895 2408
1782931390773 0.31037798523902893 2409
1782931390776 0.6408445835113525 2410
1782931390780 0.49921542406082153 2411
1782931390783 0.08913350850343704 2412
1782931390785 0.4082598388195038 2413
1782931390789 0.2612789571285248 2414
1782931390794 0.1250430792570114 2415
1782931390797 0.35878801345825195 2416
1782931390799 0.14358626306056976 2417
1782931390801 0.5270577073097229 2418
1782931390803 0.14796414971351624 2419
1782931390808 0.44561487436294556 2420
1782931390812 0.4572306275367737 2421
1782931390815 0.30088743567466736 2422
1782931390817 0.4659194052219391 2423
1782931390821 0.39442262053489685 2424
1782931390823 0.10068716108798981 2425
1782931390826 0.18051007390022278 2426
1782931390829 0.3768098056316376 2427
1782931390832 0.2718796730041504 2428
1782931390834 0.6770851016044617 2429
1782931390837 0.9435916543006897 2430
1782931390843 0.41084548830986023 2431
1782931390849 0.22948984801769257 2432
1782931390852 0.37908363342285156 2433
1782931390855 0.41164425015449524 2434
1782931390859 0.14602994918823242 2435
1782931390862 0.3077334761619568 2436
1782931390864 0.12790337204933167 2437
1782931390868 0.47347521781921387 2438
1782931390871 1.0752034187316895 2439
1782931390876 0.40091875195503235 2440
1782931390879 0.16196298599243164 2441
1782931390882 0.5096449255943298 2442
1782931390886 0.1859799474477768 2443
1782931390889 0.22579748928546906 2444
1782931390893 0.313460111618042 2445
1782931390896 0.38544994592666626 2446
1782931390899 0.15515126287937164 2447
1782931390902 0.18667694926261902 2448
1782931390905 0.19037459790706635 2449
1782931390908 0.14282888174057007 2450
1782931390911 0.2616206407546997 2451
1782931390916 0.1872440129518509 2452
1782931390919 0.15451453626155853 2453
1782931390923 0.2783580422401428 2454
1782931390926 0.35558781027793884 2455
1782931390929 0.5607521533966064 2456
1782931390932 0.2273281067609787 2457
1782931390934 0.4684586226940155 2458
1782931390937 0.2888384163379669 2459
1782931390940 0.4523513913154602 2460
1782931390945 0.25397658348083496 2461
1782931390948 0.21060828864574432 2462
1782931390951 0.34818321466445923 2463
1782931390954 0.31054824590682983 2464
1782931390957 0.08734840154647827 2465
1782931390959 0.1786339432001114 2466
1782931390962 0.19590924680233002 2467
1782931390963 0.4198727309703827 2468
1782931390965 0.3261558413505554 2469
1782931390985 0.30400973558425903 2470
1782931390991 0.1483650952577591 2471
1782931391007 0.6312832832336426 2472
1782931391010 0.19721662998199463 2473
1782931391014 0.44028499722480774 2474
1782931391015 0.18473680317401886 2475
1782931391017 0.09208237379789352 2476
1782931391019 0.22304262220859528 2477
1782931391021 0.23492981493473053 2478
1782931391022 0.4156385660171509 2479
1782931391024 0.36100414395332336 2480
1782931391030 0.36277440190315247 2481
1782931391034 0.2761159837245941 2482
1782931391038 0.1937771886587143 2483
1782931391042 0.1585288643836975 2484
1782931391047 0.27227410674095154 2485
1782931391050 0.44855833053588867 2486
1782931391054 0.3508796691894531 2487
1782931391060 0.21234329044818878 2488
1782931391065 0.3089481294155121 2489
1782931391070 0.14964988827705383 2490
1782931391075 0.389080286026001 2491
1782931391078 0.26497572660446167 2492
1782931391081 0.06046950817108154 2493
1782931391083 0.2873246669769287 2494
1782931391090 0.18307438492774963 2495
1782931391094 0.046122945845127106 2496
1782931391097 0.2593827545642853 2497
1782931391103 0.2060287892818451 2498
1782931391106 0.4495023488998413 2499
1782931391110 0.17066659033298492 2500
1782931391113 0.20241840183734894 2501
1782931391116 0.1367834210395813 2502
1782931391118 0.2999110817909241 2503
1782931391120 0.24521960318088531 2504
1782931391123 0.3072027266025543 2505
1782931391125 0.10284949839115143 2506
1782931391130 0.3217611312866211 2507
1782931391146 0.8008370995521545 2508
1782931391177 0.21108150482177734 2509
1782931391185 0.30428171157836914 2510
1782931391193 0.1830846518278122 2511
1782931391213 0.1720365583896637 2512
1782931391216 0.24175897240638733 2513
1782931391224 0.07486256211996078 2514
1782931391234 0.09696554392576218 2515
1782931391246 0.6937020421028137 2516
1782931391257 0.07736333459615707 2517
1782931391260 0.2653803527355194 2518
1782931391263 0.08796071261167526 2519
1782931391265 0.48234355449676514 2520
1782931391327 1.1371046304702759 2521
1782931391333 0.34136906266212463 2522
1782931391338 0.23690813779830933 2523
1782931391342 0.1761358231306076 2524
1782931391346 0.16924457252025604 2525
1782931391349 0.36285892128944397 2526
1782931391354 0.08546406775712967 2527
1782931391359 0.495939165353775 2528
1782931391364 0.4255620539188385 2529
1782931391367 0.253656804561615 2530
1782931391379 0.4276775121688843 2531
1782931391383 0.5202784538269043 2532
1782931391420 0.12591978907585144 2533
1782931391522 0.36889442801475525 2534
1782931391582 0.42982110381126404 2535
1782931391695 0.3169701397418976 2536
1782931391800 0.3278869390487671 2537
1782931391808 0.3901653289794922 2538
1782931391811 0.2812802195549011 2539
1782931391857 0.16481749713420868 2540
1782931391952 0.671480655670166 2541
1782931392076 0.18111222982406616 2542
1782931392089 0.26386088132858276 2543
1782931392091 0.2186950147151947 2544
1782931392115 0.20383740961551666 2545
1782931392184 0.3147706389427185 2546
1782931392272 0.15727056562900543 2547
1782931392371 0.31401073932647705 2548
1782931392399 0.23348788917064667 2549
1782931392411 0.2544393241405487 2550
1782931392414 0.23072847723960876 2551
1782931392440 0.3683946132659912 2552
1782931392448 0.21449686586856842 2553
1782931392451 0.19591759145259857 2554
1782931392455 0.46014276146888733 2555
1782931392521 0.15623705089092255 2556
1782931392565 0.06664058566093445 2557
1782931392575 0.08327995985746384 2558
1782931392600 0.7858803868293762 2559
1782931392617 0.4631768465042114 2560
1782931392666 0.3331797420978546 2561
1782931392669 0.16277620196342468 2562
1782931392673 0.47233447432518005 2563
1782931392675 0.5682915449142456 2564
1782931392682 0.19253408908843994 2565
1782931392684 0.7735348343849182 2566
1782931392692 0.8477178812026978 2567
1782931392774 0.1918465942144394 2568
1782931392856 0.49509698152542114 2569
1782931392931 0.09909336268901825 2570
1782931392966 0.30715039372444153 2571
1782931392972 0.18451686203479767 2572
1782931392977 0.2096451222896576 2573
1782931392979 0.2676345109939575 2574
1782931392994 0.24792614579200745 2575
1782931393030 0.17466899752616882 2576
1782931393095 0.18297186493873596 2577
1782931393100 0.5514561533927917 2578
1782931393145 0.8513584733009338 2579
1782931393170 0.24543042480945587 2580
1782931393176 0.25006529688835144 2581
1782931393209 0.05521957576274872 2582
1782931393216 0.13626772165298462 2583
1782931393220 0.29873126745224 2584
1782931393310 0.2679344117641449 2585
1782931393423 0.4063417613506317 2586
1782931393472 0.2870555520057678 2587
1782931393483 0.08239620923995972 2588
1782931393509 0.3080596327781677 2589
1782931393519 0.4986637532711029 2590
1782931393558 0.27725258469581604 2591
1782931393576 0.1771363466978073 2592
1782931393579 0.13110432028770447 2593
1782931393610 0.46664950251579285 2594
1782931393630 0.38730889558792114 2595
1782931393643 0.6085271239280701 2596
1782931393650 0.42722073197364807 2597
1782931393670 0.19998790323734283 2598
1782931393677 0.2151932567358017 2599
1782931393708 0.5503149032592773 2600
1782931393713 0.45829787850379944 2601
1782931393717 0.055615946650505066 2602
1782931393733 0.11008910089731216 2603
1782931393738 0.3168734014034271 2604
1782931393746 0.648017168045044 2605
1782931393752 0.10612829029560089 2606
1782931393755 0.6038472056388855 2607
1782931393757 0.635837197303772 2608
1782931393759 0.29472407698631287 2609
1782931393761 0.41693314909935 2610
1782931393763 0.3793943226337433 2611
1782931393773 0.17037028074264526 2612
1782931393875 0.40114375948905945 2613
1782931393877 0.7433927655220032 2614
1782931393879 0.303585022687912 2615
1782931393899 0.20961570739746094 2616
1782931393901 0.254411518573761 2617
1782931393904 0.2795042097568512 2618
1782931393911 0.1330699622631073 2619
1782931393914 0.5580379366874695 2620
1782931393921 0.3842501640319824 2621
1782931393943 0.44220322370529175 2622
1782931393945 0.2691395878791809 2623
1782931393948 0.6595293283462524 2624
1782931393954 0.2660430669784546 2625
1782931393966 0.44137856364250183 2626
1782931393992 0.10169371962547302 2627
1782931393994 0.3923405110836029 2628
1782931393996 0.33815693855285645 2629
1782931393999 0.06107793748378754 2630
1782931394004 0.6292109489440918 2631
1782931394007 0.47835373878479004 2632
1782931394009 0.1337081342935562 2633
1782931394012 0.2583574056625366 2634
1782931394014 0.6249366998672485 2635
1782931394017 0.5571713447570801 2636
1782931394021 0.1336456686258316 2637
1782931394023 0.28856948018074036 2638
1782931394025 0.4999094307422638 2639
1782931394027 0.3705419600009918 2640
1782931394029 0.12843242287635803 2641
1782931394031 0.3286556601524353 2642
1782931394033 0.09543818235397339 2643
1782931394035 0.5423112511634827 2644
1782931394043 0.6430803537368774 2645
1782931394046 0.3549771308898926 2646
1782931394048 0.29873791337013245 2647
1782931394051 0.28892531991004944 2648
1782931394054 0.35920950770378113 2649
1782931394056 0.22781184315681458 2650
1782931394058 0.3393592834472656 2651
1782931394060 0.3596181273460388 2652
1782931394063 0.3698956370353699 2653
1782931394065 0.33396825194358826 2654
1782931394069 0.7529357075691223 2655
1782931394072 0.30720528960227966 2656
1782931394075 0.41720500588417053 2657
1782931394078 0.12376220524311066 2658
1782931394080 0.17674772441387177 2659
1782931394082 0.16683194041252136 2660
1782931394084 0.357655793428421 2661
1782931394087 0.15337426960468292 2662
1782931394092 0.06880469620227814 2663
1782931394094 0.22906559705734253 2664
1782931394097 0.5756666660308838 2665
1782931394099 0.13749785721302032 2666
1782931394102 0.14825546741485596 2667
1782931394105 0.11804277449846268 2668
1782931394107 0.23211030662059784 2669
1782931394109 0.13593165576457977 2670
1782931394112 0.4431772530078888 2671
1782931394114 0.2722519040107727 2672
1782931394116 0.2864305377006531 2673
1782931394118 0.2946651875972748 2674
1782931394121 0.3676625192165375 2675
1782931394124 0.7200092673301697 2676
1782931394126 0.06722120195627213 2677
1782931394128 0.14494000375270844 2678
1782931394131 0.3238195776939392 2679
1782931394133 0.1510692536830902 2680
1782931394135 0.25375112891197205 2681
1782931394138 0.2779226005077362 2682
1782931394141 0.4251500368118286 2683
1782931394144 0.5282854437828064 2684
1782931394146 0.24462422728538513 2685
1782931394148 0.17871390283107758 2686
1782931394152 0.14628103375434875 2687
1782931394171 0.350075900554657 2688
1782931394178 0.2516007125377655 2689
1782931394180 0.48544687032699585 2690
1782931394205 0.19734543561935425 2691
1782931394253 0.21965675055980682 2692
1782931394255 0.09383979439735413 2693
1782931394295 0.5317252278327942 2694
1782931394298 0.07889498770236969 2695
1782931394299 0.23190559446811676 2696
1782931394302 0.558849036693573 2697
1782931394304 0.3305843770503998 2698
1782931394306 0.4480392336845398 2699
1782931394310 0.17419564723968506 2700
1782931394315 0.19667425751686096 2701
1782931394320 0.4309861958026886 2702
1782931394324 0.32476571202278137 2703
1782931394329 0.1529109627008438 2704
1782931394333 0.8428138494491577 2705
1782931394338 0.5019711852073669 2706
1782931394342 0.4347939193248749 2707
1782931394348 0.49822014570236206 2708
1782931394374 0.5470609664916992 2709
1782931394377 0.1278384029865265 2710
1782931394382 0.5356407165527344 2711
1782931394387 0.3688676953315735 2712
1782931394393 0.1624820977449417 2713
1782931394423 0.27155306935310364 2714
1782931394432 0.5406363606452942 2715
1782931394467 0.3805650770664215 2716
1782931394478 0.4077358543872833 2717
1782931394482 0.2762181758880615 2718
1782931394485 0.1109037697315216 2719
1782931394568 0.12294592708349228 2720
1782931394579 0.24887211620807648 2721
1782931394583 0.5861089825630188 2722
1782931394610 0.34351375699043274 2723
1782931394619 0.1712925285100937 2724
1782931394623 0.3916330635547638 2725
1782931394635 0.14782744646072388 2726
1782931394642 0.3950549364089966 2727
1782931394646 0.17019648849964142 2728
1782931394648 0.540428876876831 2729
1782931394652 0.2179531753063202 2730
1782931394672 0.48238903284072876 2731
1782931394676 0.0783504918217659 2732
1782931394693 0.1251033991575241 2733
1782931394695 0.2597229778766632 2734
1782931394703 0.36023375391960144 2735
1782931394708 0.4940892457962036 2736
1782931394711 0.2913305163383484 2737
1782931394715 0.5973402261734009 2738
1782931394718 0.5368988513946533 2739
1782931394721 0.08095983415842056 2740
1782931394726 0.7953546047210693 2741
1782931394728 0.5285787582397461 2742
1782931394732 0.26457488536834717 2743
1782931394734 0.6873601078987122 2744
1782931394737 0.17049701511859894 2745
1782931394746 0.28144651651382446 2746
1782931394750 0.288047730922699 2747
1782931394754 0.2472652792930603 2748
1782931394757 0.10196519643068314 2749
1782931394760 0.13236719369888306 2750
1782931394765 0.19553908705711365 2751
1782931394768 0.2966097295284271 2752
1782931394772 0.27307838201522827 2753
1782931394775 0.596233606338501 2754
1782931394778 0.18483814597129822 2755
1782931394781 0.4264162480831146 2756
1782931394783 0.2949039340019226 2757
1782931394790 0.8277648687362671 2758
1782931394793 0.16691048443317413 2759
1782931394795 0.47132134437561035 2760
1782931394798 0.13781656324863434 2761
1782931394801 0.7171545028686523 2762
1782931394805 0.13291923701763153 2763
1782931394809 0.5289211869239807 2764
1782931394812 0.20501486957073212 2765
1782931394815 0.2712134122848511 2766
1782931394819 0.10075575113296509 2767
1782931394822 0.24666979908943176 2768
1782931394825 0.18658789992332458 2769
1782931394828 0.22936546802520752 2770
1782931394830 0.10280004143714905 2771
1782931394832 0.1855047196149826 2772
1782931394835 0.14190338551998138 2773
1782931394842 0.37775135040283203 2774
1782931394845 0.4983377754688263 2775
1782931394853 0.43239811062812805 2776
1782931394867 0.1719241887331009 2777
1782931394879 0.12631849944591522 2778
1782931394881 0.2770739793777466 2779
1782931394890 0.28801608085632324 2780
1782931394976 0.2703810930252075 2781
1782931394978 0.3223510682582855 2782
1782931394983 0.24462632834911346 2783
1782931395049 0.13689272105693817 2784
1782931395181 0.32502102851867676 2785
1782931395193 0.27944624423980713 2786
1782931395295 0.6518670916557312 2787
1782931395310 0.276703804731369 2788
1782931395313 0.5181712508201599 2789
1782931395353 0.2764705717563629 2790
1782931395355 0.24809587001800537 2791
1782931395372 0.3901372253894806 2792
1782931395381 0.3115038573741913 2793
1782931395433 0.23220062255859375 2794
1782931395582 0.06051728501915932 2795
1782931395610 0.32819053530693054 2796
1782931395643 0.24999620020389557 2797
1782931395775 0.3445274233818054 2798
1782931395812 0.29833799600601196 2799
1782931395885 0.15801642835140228 2800
1782931395923 0.13529805839061737 2801
1782931395958 0.16910962760448456 2802
1782931395962 0.5063956379890442 2803
1782931395988 0.11883174628019333 2804
1782931396002 0.3155105412006378 2805
1782931396022 0.26577192544937134 2806
1782931396026 0.25161173939704895 2807
1782931396060 0.1521555334329605 2808
1782931396064 0.51626056432724 2809
1782931396159 0.22112785279750824 2810
1782931396236 0.813449501991272 2811
1782931396238 0.22799603641033173 2812
1782931396242 0.1935126632452011 2813
1782931396266 0.26181045174598694 2814
1782931396268 0.12848041951656342 2815
1782931396273 0.3670462667942047 2816
1782931396285 0.12176970392465591 2817
1782931396315 0.10329769551753998 2818
1782931396326 0.15522117912769318 2819
1782931396328 0.3171141445636749 2820
1782931396332 0.2839930057525635 2821
1782931396354 0.5855030417442322 2822
1782931396366 0.35577020049095154 2823
1782931396410 0.622283935546875 2824
1782931396450 0.1973932534456253 2825
1782931396455 0.33643338084220886 2826
1782931396515 0.47561115026474 2827
1782931396518 0.2589954137802124 2828
1782931396520 0.1410055309534073 2829
1782931396531 0.252489298582077 2830
1782931396565 0.2844799757003784 2831
1782931396619 0.1472683697938919 2832
1782931396626 0.13051177561283112 2833
1782931396658 0.34321144223213196 2834
1782931396661 0.18251685798168182 2835
1782931396681 0.31697386503219604 2836
1782931396739 0.1644737869501114 2837
1782931396747 0.27211013436317444 2838
1782931396754 0.37326186895370483 2839
1782931396765 0.263643741607666 2840
1782931396770 0.20618033409118652 2841
1782931396775 0.7907295227050781 2842
1782931396780 0.19782601296901703 2843
1782931396783 0.2941317856311798 2844
1782931396788 0.3171485960483551 2845
1782931396793 0.11028525233268738 2846
1782931396798 0.20128220319747925 2847
1782931396801 0.37759143114089966 2848
1782931396805 0.31842246651649475 2849
1782931396812 0.0290574561804533 2850
1782931396816 0.04384016990661621 2851
1782931396821 0.11847617477178574 2852
1782931396825 0.19075694680213928 2853
1782931396829 0.15756633877754211 2854
1782931396832 0.38313525915145874 2855
1782931396837 0.13042399287223816 2856
1782931396841 0.45217055082321167 2857
1782931396845 0.5354574918746948 2858
1782931396849 0.39191934466362 2859
1782931396853 0.35792601108551025 2860
1782931396857 0.07090464234352112 2861
1782931396860 0.20678073167800903 2862
1782931396863 0.26652535796165466 2863
1782931396866 0.13809901475906372 2864
1782931396873 0.17787358164787292 2865
1782931396886 0.48945939540863037 2866
1782931396894 0.28023016452789307 2867
1782931396914 0.2091030478477478 2868
1782931396919 0.3090505599975586 2869
1782931396924 0.12255966663360596 2870
1782931396928 0.28049805760383606 2871
1782931396932 0.6962890028953552 2872
1782931396936 0.19585298001766205 2873
1782931396941 0.3467676639556885 2874
1782931396946 0.22215543687343597 2875
1782931396949 0.09654650092124939 2876
1782931396954 0.3877662122249603 2877
1782931396961 0.1418691724538803 2878
1782931396971 0.43472611904144287 2879
1782931396975 0.32280319929122925 2880
1782931396983 0.18249155580997467 2881
1782931397002 0.2911435067653656 2882
1782931397029 0.46038225293159485 2883
1782931397085 0.09339069575071335 2884
1782931397090 0.15413524210453033 2885
1782931397093 0.44952428340911865 2886
1782931397095 0.2986915707588196 2887
1782931397129 0.1981104016304016 2888
1782931397131 0.384232759475708 2889
1782931397134 0.3886038064956665 2890
1782931397137 0.7773450613021851 2891
1782931397140 0.29381459951400757 2892
1782931397146 0.26935502886772156 2893
1782931397153 0.2634928226470947 2894
1782931397231 0.34865501523017883 2895
1782931397276 0.23686259984970093 2896
1782931397278 0.09394297003746033 2897
1782931397283 0.3463112711906433 2898
1782931397297 0.4332261085510254 2899
1782931397312 0.08156701922416687 2900
1782931397389 0.14256705343723297 2901
1782931397447 0.08973529189825058 2902
1782931397524 0.1803639531135559 2903
1782931397542 0.2475244700908661 2904
1782931397546 0.25712642073631287 2905
1782931397549 0.18825377523899078 2906
1782931397551 0.5689805150032043 2907
1782931397555 0.45556968450546265 2908
1782931397559 0.3138616681098938 2909
1782931397563 0.09815621376037598 2910
1782931397567 0.39619770646095276 2911
1782931397571 0.17071311175823212 2912
1782931397575 0.1912507563829422 2913
1782931397581 0.4402506351470947 2914
1782931397604 0.3443559408187866 2915
1782931397607 0.4278075397014618 2916
1782931397610 0.18783912062644958 2917
1782931397614 0.13319946825504303 2918
1782931397634 0.5611457228660583 2919
1782931397645 0.1413438469171524 2920
1782931397654 0.30802950263023376 2921
1782931397660 0.2401437759399414 2922
1782931397664 0.30495816469192505 2923
1782931397788 0.4758327305316925 2924
1782931397829 0.3560212254524231 2925
1782931397833 0.3807806074619293 2926
1782931397837 0.638331413269043 2927
1782931397839 0.4819001853466034 2928
1782931397841 0.33269765973091125 2929
1782931397843 0.31512266397476196 2930
1782931397858 0.4287574887275696 2931
1782931397861 0.3907386362552643 2932
1782931397899 0.22060227394104004 2933
1782931397905 0.4123474061489105 2934
1782931397932 0.617251992225647 2935
1782931397939 0.264660120010376 2936
1782931397962 0.27345791459083557 2937
1782931397966 0.28836944699287415 2938
1782931397970 0.23544159531593323 2939
1782931397975 0.4291357100009918 2940
1782931397989 0.2480914294719696 2941
1782931397992 0.44437581300735474 2942
1782931398006 0.2535329759120941 2943
1782931398009 0.3391515612602234 2944
1782931398012 0.4620182514190674 2945
1782931398015 0.28071507811546326 2946
1782931398019 0.20708879828453064 2947
1782931398021 0.34610578417778015 2948
1782931398023 0.3467103838920593 2949
1782931398025 0.15055866539478302 2950
1782931398026 0.10760464519262314 2951
1782931398028 0.372466117143631 2952
1782931398030 0.15586252510547638 2953
1782931398032 0.2778469920158386 2954
1782931398034 0.1967683881521225 2955
1782931398037 0.7568988800048828 2956
1782931398040 0.47999417781829834 2957
1782931398042 0.2863021790981293 2958
1782931398044 0.04400181397795677 2959
1782931398046 0.4229879081249237 2960
1782931398048 0.35773590207099915 2961
1782931398053 0.1367119699716568 2962
1782931398078 0.20549623668193817 2963
1782931398083 0.4214007556438446 2964
1782931398090 0.35308223962783813 2965
1782931398094 0.3460996150970459 2966
1782931398098 0.21814677119255066 2967
1782931398101 0.4176366627216339 2968
1782931398107 0.189348042011261 2969
1782931398110 0.5303415656089783 2970
1782931398113 0.32085490226745605 2971
1782931398115 0.18824519217014313 2972
1782931398117 0.1634950041770935 2973
1782931398122 0.09315340220928192 2974
1782931398125 0.5048220753669739 2975
1782931398129 0.5624595880508423 2976
1782931398134 0.05694989860057831 2977
1782931398138 0.1974240392446518 2978
1782931398142 0.2254050374031067 2979
1782931398145 0.14521820843219757 2980
1782931398152 0.6396965384483337 2981
1782931398155 0.3154236078262329 2982
1782931398161 0.10185848921537399 2983
1782931398163 0.06682408601045609 2984
1782931398165 0.27309972047805786 2985
1782931398167 0.194822758436203 2986
1782931398169 0.09105557203292847 2987
1782931398171 0.1607540249824524 2988
1782931398173 0.3148437440395355 2989
1782931398195 0.10391885042190552 2990
1782931398197 0.15947511792182922 2991
1782931398200 0.24599987268447876 2992
1782931398208 0.07805680483579636 2993
1782931398210 0.24218763411045074 2994
1782931398212 0.20458683371543884 2995
1782931398216 0.49200189113616943 2996
1782931398219 0.1512928307056427 2997
1782931398225 0.36754289269447327 2998
1782931398232 0.4176108241081238 2999
1782931398243 0.22149088978767395 3000
1782931398248 0.3974938988685608 3001
1782931398254 0.07374277710914612 3002
1782931398262 0.06584855914115906 3003
1782931398265 0.18998785316944122 3004
1782931398267 0.10732816159725189 3005
1782931398270 0.45635390281677246 3006
1782931398276 0.2994671165943146 3007
1782931398281 0.27506110072135925 3008
1782931398290 0.14018107950687408 3009
1782931398309 0.3050311803817749 3010
1782931398324 0.15334434807300568 3011
1782931398334 0.5911243557929993 3012
1782931398350 0.168221578001976 3013
1782931398353 0.48462948203086853 3014
1782931398357 0.5205671787261963 3015
1782931398361 0.5019009113311768 3016
1782931398363 0.10671588778495789 3017
1782931398365 0.500154435634613 3018
1782931398372 0.7372491359710693 3019
1782931398378 0.20403850078582764 3020
1782931398381 0.1312328428030014 3021
1782931398383 0.4275563657283783 3022
1782931398385 0.26392844319343567 3023
1782931398413 0.4598311185836792 3024
1782931398486 0.23557282984256744 3025
1782931398492 0.11144591122865677 3026
1782931398497 0.3402167558670044 3027
1782931398502 0.20400217175483704 3028
1782931398508 0.18143345415592194 3029
1782931398521 0.5154129862785339 3030
1782931398526 0.3084982633590698 3031
1782931398530 0.24085372686386108 3032
1782931398536 0.2660728394985199 3033
1782931398557 0.48944374918937683 3034
1782931398575 0.3707534372806549 3035
1782931398581 0.4371011257171631 3036
1782931398585 0.20005056262016296 3037
1782931398591 0.35427939891815186 3038
1782931398595 0.10910505056381226 3039
1782931398602 0.3014821410179138 3040
1782931398615 0.2232557088136673 3041
1782931398627 0.23717689514160156 3042
1782931398630 0.38951486349105835 3043
1782931398634 0.32866185903549194 3044
1782931398639 0.29079732298851013 3045
1782931398642 0.4894234240055084 3046
1782931398648 0.061408866196870804 3047
1782931398654 0.19412775337696075 3048
1782931398658 0.36665916442871094 3049
1782931398660 0.23289839923381805 3050
1782931398664 0.3368924558162689 3051
1782931398668 0.2080283761024475 3052
1782931398671 0.267209529876709 3053
1782931398673 0.27899596095085144 3054
1782931398676 0.4298769235610962 3055
1782931398678 0.08577167242765427 3056
1782931398682 0.15391801297664642 3057
1782931398688 0.16406852006912231 3058
1782931398691 0.19048546254634857 3059
1782931398693 0.1674322783946991 3060
1782931398696 0.18900489807128906 3061
1782931398699 0.1397465467453003 3062
1782931398704 0.49690327048301697 3063
1782931398708 0.3067259192466736 3064
1782931398712 0.2887277603149414 3065
1782931398714 0.05992524325847626 3066
1782931398716 0.3136344254016876 3067
1782931398719 0.4182470142841339 3068
1782931398721 0.3039757311344147 3069
1782931398723 0.09741081297397614 3070
1782931398725 0.2649846374988556 3071
1782931398727 0.35428857803344727 3072
1782931398730 0.3047712445259094 3073
1782931398732 0.31588342785835266 3074
1782931398735 0.23936253786087036 3075
1782931398738 0.15174485743045807 3076
1782931398741 0.32478320598602295 3077
1782931398746 0.22002142667770386 3078
1782931398749 0.3063678741455078 3079
1782931398752 0.19727563858032227 3080
1782931398757 0.4519742727279663 3081
1782931398775 0.2577982544898987 3082
1782931398777 0.06171735003590584 3083
1782931398780 0.25117331743240356 3084
1782931398782 0.3183997571468353 3085
1782931398784 0.10178938508033752 3086
1782931398825 0.43349605798721313 3087
1782931398828 0.2287595570087433 3088
1782931398832 0.17552080750465393 3089
1782931398837 0.05737874284386635 3090
1782931398841 0.168855220079422 3091
1782931398845 0.36133071780204773 3092
1782931398856 0.1779450923204422 3093
1782931398870 0.1912088692188263 3094
1782931398874 0.09177041798830032 3095
1782931398879 0.2988123595714569 3096
1782931398884 0.10833611339330673 3097
1782931398889 0.1686033308506012 3098
1782931398893 0.2545476257801056 3099
1782931398896 0.35379937291145325 3100
1782931398900 0.20080901682376862 3101
1782931398903 0.24065695703029633 3102
1782931398911 0.2171705961227417 3103
1782931398914 0.24007780849933624 3104
1782931398919 0.11994115263223648 3105
1782931398924 0.4238072335720062 3106
1782931398928 0.383741170167923 3107
1782931398931 0.35244640707969666 3108
1782931398951 0.4453314244747162 3109
1782931399065 0.34266847372055054 3110
1782931399089 0.24682378768920898 3111
1782931399092 0.18552376329898834 3112
1782931399115 0.3028167486190796 3113
1782931399235 0.5673381686210632 3114
1782931399265 0.28852927684783936 3115
1782931399274 0.4344593286514282 3116
1782931399278 0.20287032425403595 3117
1782931399284 0.17866864800453186 3118
1782931399319 0.2351771593093872 3119
1782931399372 0.29154324531555176 3120
1782931399410 0.27975934743881226 3121
1782931399463 0.24718952178955078 3122
1782931399487 1.3019639253616333 3123
1782931399496 0.24671882390975952 3124
1782931399503 0.21480190753936768 3125
1782931399623 0.6835314035415649 3126
1782931399647 0.359834223985672 3127
1782931399716 0.4522095024585724 3128
1782931399826 0.428609699010849 3129
1782931399866 0.08222866803407669 3130
1782931399947 0.029672594740986824 3131
1782931399975 0.23200911283493042 3132
1782931399992 0.3628360331058502 3133
1782931400023 0.09043523669242859 3134
1782931400039 0.22645172476768494 3135
1782931400042 0.12405285239219666 3136
1782931400083 0.1505328267812729 3137
1782931400097 0.3420180380344391 3138
1782931400103 0.16965804994106293 3139
1782931400139 0.09124857932329178 3140
1782931400149 0.35309070348739624 3141
1782931400182 0.6237558126449585 3142
1782931400195 0.1837749481201172 3143
1782931400198 0.5730147957801819 3144
1782931400204 0.4126361906528473 3145
1782931400262 0.48390692472457886 3146
1782931400396 0.1113266572356224 3147
1782931400408 0.13461853563785553 3148
1782931400416 0.3388294279575348 3149
1782931400443 0.5447850227355957 3150
1782931400446 0.5662540793418884 3151
1782931400449 0.2274133563041687 3152
1782931400482 0.3911976218223572 3153
1782931400500 0.339475154876709 3154
1782931400513 0.0859779417514801 3155
1782931400525 0.3017786741256714 3156
1782931400530 0.26213517785072327 3157
1782931400534 0.2272500991821289 3158
1782931400539 0.2902121841907501 3159
1782931400545 0.2465718537569046 3160
1782931400548 0.6213690638542175 3161
1782931400553 0.289211243391037 3162
1782931400559 0.5209352374076843 3163
1782931400565 0.32945311069488525 3164
1782931400568 0.5121877789497375 3165
1782931400575 0.47718238830566406 3166
1782931400584 0.43253400921821594 3167
1782931400591 0.25687775015830994 3168
1782931400597 0.46894681453704834 3169
1782931400604 0.10851684212684631 3170
1782931400609 0.21141120791435242 3171
1782931400614 0.23361553251743317 3172
1782931400616 0.16930517554283142 3173
1782931400630 0.1539909839630127 3174
1782931400640 0.13530582189559937 3175
1782931400642 0.11993928253650665 3176
1782931400659 0.7786279320716858 3177
1782931400662 0.2982175350189209 3178
1782931400666 0.6213057637214661 3179
1782931400671 0.13753265142440796 3180
1782931400679 0.4172302484512329 3181
1782931400683 0.36494627594947815 3182
1782931400694 0.6825637221336365 3183
1782931400699 0.39800354838371277 3184
1782931400704 0.17845098674297333 3185
1782931400712 0.2731626331806183 3186
1782931400717 0.06565442681312561 3187
1782931400721 0.32613405585289 3188
1782931400726 0.32904356718063354 3189
1782931400733 0.22784408926963806 3190
1782931400736 0.5033016800880432 3191
1782931400739 0.6317843198776245 3192
1782931400741 0.2760196328163147 3193
1782931400744 0.4275895357131958 3194
1782931400750 0.25636568665504456 3195
1782931400762 0.1044318899512291 3196
1782931400793 0.16065505146980286 3197
1782931400804 0.2589295506477356 3198
1782931400926 0.5629948973655701 3199
1782931401050 0.0918164923787117 3200
1782931401101 0.2423696219921112 3201
1782931401149 0.3167698085308075 3202
1782931401155 0.5605437159538269 3203
1782931401166 0.5086708068847656 3204
1782931401173 0.19570358097553253 3205
1782931401176 0.1820371150970459 3206
1782931401179 0.16595694422721863 3207
1782931401181 0.25585293769836426 3208
1782931401183 0.39575517177581787 3209
1782931401190 0.1464485377073288 3210
1782931401192 0.21907471120357513 3211
1782931401195 0.3086393475532532 3212
1782931401201 0.25681209564208984 3213
1782931401208 0.41192901134490967 3214
1782931401211 0.13654716312885284 3215
1782931401216 0.2806956171989441 3216
1782931401221 0.2315818965435028 3217
1782931401223 0.27413833141326904 3218
1782931401225 0.3565451502799988 3219
1782931401227 0.30638620257377625 3220
1782931401229 0.30226945877075195 3221
1782931401233 0.14990222454071045 3222
1782931401236 0.38152015209198 3223
1782931401238 0.08340340852737427 3224
1782931401242 0.3835321366786957 3225
1782931401244 0.1691782921552658 3226
1782931401246 0.5753452777862549 3227
1782931401248 0.2124021351337433 3228
1782931401252 0.30603304505348206 3229
1782931401254 0.40668782591819763 3230
1782931401283 0.2720153331756592 3231
1782931401316 0.21104547381401062 3232
1782931401358 0.7969838380813599 3233
1782931401400 0.3884509205818176 3234
1782931401414 0.2579095661640167 3235
1782931401416 0.15221984684467316 3236
1782931401420 0.4806719422340393 3237
1782931401422 0.3363427519798279 3238
1782931401426 0.5707525014877319 3239
1782931401428 0.22964774072170258 3240
1782931401434 0.07563528418540955 3241
1782931401438 0.18607400357723236 3242
1782931401441 0.47129783034324646 3243
1782931401443 0.09782151877880096 3244
1782931401452 0.28898105025291443 3245
1782931401455 0.7386444211006165 3246
1782931401457 0.08662138134241104 3247
1782931401459 0.11360307037830353 3248
1782931401466 0.27479252219200134 3249
1782931401471 0.22012048959732056 3250
1782931401474 0.18620841205120087 3251
1782931401476 0.5608747601509094 3252
1782931401480 0.2063768357038498 3253
1782931401482 0.34983786940574646 3254
1782931401486 0.3075195550918579 3255
1782931401490 0.3780764639377594 3256
1782931401492 0.3049808740615845 3257
1782931401495 0.19329047203063965 3258
1782931401557 0.34729427099227905 3259
1782931401586 0.2612486779689789 3260
1782931401593 0.6180355548858643 3261
1782931401597 0.44609156250953674 3262
1782931401601 0.07092121243476868 3263
1782931401623 0.16250216960906982 3264
1782931401657 0.269234836101532 3265
1782931401687 0.2554769814014435 3266
1782931401769 0.14140532910823822 3267
1782931401772 0.3848777413368225 3268
1782931401795 0.1681230217218399 3269
1782931401808 0.600963294506073 3270
1782931401834 0.3192310333251953 3271
1782931401895 0.29749831557273865 3272
1782931401902 0.21127596497535706 3273
1782931401921 0.2828497290611267 3274
1782931401930 0.21837495267391205 3275
1782931401932 0.22336071729660034 3276
1782931401943 0.24916820228099823 3277
1782931401966 0.4455605447292328 3278
1782931401970 0.13834893703460693 3279
1782931401971 0.6322510838508606 3280
1782931401973 0.3166845440864563 3281
1782931401975 0.3734673261642456 3282
1782931401977 0.46375730633735657 3283
1782931401978 0.32430577278137207 3284
1782931401980 0.1668081283569336 3285
1782931401981 0.3745407164096832 3286
1782931401984 0.17979496717453003 3287
1782931401997 0.29575294256210327 3288
1782931402007 0.08709403872489929 3289
1782931402030 0.3634835481643677 3290
1782931402070 0.7521612048149109 3291
1782931402081 0.46752604842185974 3292
1782931402118 0.10735566914081573 3293
1782931402124 0.4340178072452545 3294
1782931402128 0.27420735359191895 3295
1782931402132 0.3007567822933197 3296
1782931402138 0.05110342800617218 3297
1782931402154 0.33971020579338074 3298
1782931402159 0.20399680733680725 3299
1782931402164 0.12620793282985687 3300
1782931402186 0.2092611938714981 3301
1782931402257 0.3980991244316101 3302
1782931402364 0.22942203283309937 3303
1782931402417 0.14871230721473694 3304
1782931402420 0.28013959527015686 3305
1782931402427 0.28760501742362976 3306
1782931402436 0.17651662230491638 3307
1782931402443 0.5886314511299133 3308
1782931402466 0.39395225048065186 3309
1782931402505 0.2127731293439865 3310
1782931402512 0.24051561951637268 3311
1782931402522 0.4988188147544861 3312
1782931402583 0.4003182053565979 3313
1782931402627 0.4066614806652069 3314
1782931402746 0.5531147718429565 3315
1782931402779 0.17465637624263763 3316
1782931402883 0.45148810744285583 3317
1782931402902 0.16640818119049072 3318
1782931402909 0.15935903787612915 3319
1782931402949 0.22504854202270508 3320
1782931402956 0.4394886791706085 3321
1782931402961 0.27303600311279297 3322
1782931402963 0.2521602511405945 3323
1782931402967 0.21062229573726654 3324
1782931402978 0.06824921071529388 3325
1782931402982 0.3962799906730652 3326
1782931402986 0.26516616344451904 3327
1782931402989 0.14062008261680603 3328
1782931402994 0.33445677161216736 3329
1782931403054 0.05987780541181564 3330
1782931403068 0.6767829060554504 3331
1782931403072 0.3342968225479126 3332
1782931403087 0.25093722343444824 3333
1782931403131 0.5337785482406616 3334
1782931403236 0.1602906435728073 3335
1782931403370 0.3262147307395935 3336
1782931403428 0.09979604184627533 3337
1782931403438 0.2658976912498474 3338
1782931403478 0.4590839743614197 3339
1782931403623 0.33321285247802734 3340
1782931403740 0.37553226947784424 3341
1782931403783 0.2572123110294342 3342
1782931403796 0.151556596159935 3343
1782931403824 0.3168129622936249 3344
1782931403865 0.44931840896606445 3345
1782931403895 0.4434184730052948 3346
1782931403902 0.2994457185268402 3347
1782931403922 0.08204516023397446 3348
1782931403929 0.17507284879684448 3349
1782931403932 0.34310832619667053 3350
1782931403946 0.2159624993801117 3351
1782931403948 0.24220825731754303 3352
1782931403996 0.17332389950752258 3353
1782931404083 0.21069246530532837 3354
1782931404095 0.2522476613521576 3355
1782931404104 0.37866851687431335 3356
1782931404119 0.11297992616891861 3357
1782931404127 0.15698781609535217 3358
1782931404135 0.3691759705543518 3359
1782931404146 0.11201228201389313 3360
1782931404148 0.3685479760169983 3361
1782931404151 0.2955171465873718 3362
1782931404155 0.27648064494132996 3363
1782931404240 0.17348052561283112 3364
1782931404242 0.3808152377605438 3365
1782931404245 0.2131393998861313 3366
1782931404264 0.2955995798110962 3367
1782931404369 0.3227352201938629 3368
1782931404404 0.45373520255088806 3369
1782931404544 0.18873009085655212 3370
1782931404574 0.39576002955436707 3371
1782931404627 0.15020093321800232 3372
1782931404675 0.15638893842697144 3373
1782931404685 0.30099865794181824 3374
1782931404690 0.14216141402721405 3375
1782931404692 0.3139934241771698 3376
1782931404696 0.3437279462814331 3377
1782931404772 0.325835645198822 3378
1782931404781 0.21173007786273956 3379
1782931404786 0.15983574092388153 3380
1782931404788 0.08937229216098785 3381
1782931404792 0.08763375878334045 3382
1782931404796 0.2282242476940155 3383
1782931404800 0.19684386253356934 3384
1782931404804 0.26469647884368896 3385
1782931404806 0.22620941698551178 3386
1782931404810 0.27524909377098083 3387
1782931404814 0.07385559380054474 3388
1782931404816 0.09903095662593842 3389
1782931404819 0.2157430350780487 3390
1782931404822 0.6015307903289795 3391
1782931404824 0.4452306926250458 3392
1782931404828 0.35822734236717224 3393
1782931404832 0.4467543065547943 3394
1782931404835 0.40897056460380554 3395
1782931404837 0.1758142113685608 3396
1782931404840 0.3479398190975189 3397
1782931404842 0.2107328325510025 3398
1782931404845 0.2409181147813797 3399
1782931404849 0.2148447036743164 3400
1782931404855 0.2394733726978302 3401
1782931404858 0.35442760586738586 3402
1782931404862 0.0979880541563034 3403
1782931404869 0.21170161664485931 3404
1782931404875 0.20305611193180084 3405
1782931404878 0.2677927315235138 3406
1782931404881 0.21840858459472656 3407
1782931404884 0.3669481873512268 3408
1782931404892 0.19290205836296082 3409
1782931404929 0.1683577448129654 3410
1782931404973 0.30966225266456604 3411
1782931404995 0.07346362620592117 3412
1782931405055 0.11439815163612366 3413
1782931405125 0.30904489755630493 3414
1782931405127 0.38971447944641113 3415
1782931405226 0.3775472342967987 3416
1782931405296 0.39703434705734253 3417
1782931405324 0.17732922732830048 3418
1782931405342 0.18335983157157898 3419
1782931405422 0.2052806168794632 3420
1782931405424 0.4308430254459381 3421
1782931405430 0.3618505597114563 3422
1782931405544 0.08401677012443542 3423
1782931405565 0.48251113295555115 3424
1782931405694 0.28490445017814636 3425
1782931405806 0.36471402645111084 3426
1782931405845 0.1742246150970459 3427
1782931405847 0.3883228003978729 3428
1782931405873 0.34084177017211914 3429
1782931405904 0.18926845490932465 3430
1782931406018 0.27592119574546814 3431
1782931406026 0.4843754172325134 3432
1782931406047 0.19788770377635956 3433
1782931406049 0.4918859302997589 3434
1782931406057 0.4097251296043396 3435
1782931406060 0.46613526344299316 3436
1782931406062 0.1494932919740677 3437
1782931406064 0.12021830677986145 3438
1782931406119 0.20316341519355774 3439
1782931406160 0.14250308275222778 3440
1782931406181 0.26950371265411377 3441
1782931406186 0.29679885506629944 3442
1782931406217 0.23364347219467163 3443
1782931406221 0.36992380023002625 3444
1782931406230 0.45485228300094604 3445
1782931406234 0.30000683665275574 3446
1782931406238 0.23066338896751404 3447
1782931406242 0.29759925603866577 3448
1782931406245 0.4683462083339691 3449
1782931406316 0.8630586862564087 3450
1782931406322 0.275587797164917 3451
1782931406380 0.36414676904678345 3452
1782931406479 1.4898138046264648 3453
1782931406582 0.5508882999420166 3454
1782931406605 0.4731239378452301 3455
1782931406617 0.24665337800979614 3456
1782931406668 0.49731361865997314 3457
1782931406733 0.5233330726623535 3458
1782931406754 0.19542494416236877 3459
1782931406855 0.4672350287437439 3460
1782931406864 0.6021885275840759 3461
1782931406868 0.37438449263572693 3462
1782931406873 0.2922714948654175 3463
1782931406878 0.5812833905220032 3464
1782931406883 0.2990376949310303 3465
1782931406938 0.3692074120044708 3466
1782931406942 0.6371954679489136 3467
1782931406945 0.18865491449832916 3468
1782931406994 0.11812539398670197 3469
1782931407017 0.5912440419197083 3470
1782931407027 0.44731417298316956 3471
1782931407036 0.3303854763507843 3472
1782931407041 0.14835061132907867 3473
1782931407050 0.16081863641738892 3474
1782931407069 0.4516783058643341 3475
1782931407076 0.10835491120815277 3476
1782931407083 0.42260754108428955 3477
1782931407092 0.2056276500225067 3478
1782931407129 0.6663837432861328 3479
1782931407178 0.17967061698436737 3480
1782931407180 0.15543629229068756 3481
1782931407182 0.14772315323352814 3482
1782931407185 0.160031259059906 3483
1782931407187 0.10715825855731964 3484
1782931407190 0.2167523354291916 3485
1782931407194 0.3790965974330902 3486
1782931407222 0.29189786314964294 3487
1782931407316 0.8632634878158569 3488
1782931407394 0.20162628591060638 3489
1782931407398 0.3086216449737549 3490
1782931407402 0.2944117784500122 3491
1782931407409 0.6076937913894653 3492
1782931407412 0.18949751555919647 3493
1782931407414 0.2201731950044632 3494
1782931407418 0.06808263063430786 3495
1782931407423 0.32184043526649475 3496
1782931407426 0.13424405455589294 3497
1782931407434 0.31628280878067017 3498
1782931407437 0.1972304731607437 3499
1782931407447 0.3855605125427246 3500
1782931407450 0.3510656952857971 3501
1782931407455 0.2670525312423706 3502
1782931407458 0.15210337936878204 3503
1782931407462 0.3201180100440979 3504
1782931407467 0.74754798412323 3505
1782931407472 0.1733265221118927 3506
1782931407531 0.18216833472251892 3507
1782931407554 0.2133035957813263 3508
1782931407560 0.17712250351905823 3509
1782931407574 0.4607503414154053 3510
1782931407583 0.2600332498550415 3511
1782931407603 0.7036160826683044 3512
1782931407629 0.2403358370065689 3513
1782931407631 0.5773951411247253 3514
1782931407677 0.11648450791835785 3515
1782931407758 0.41521012783050537 3516
1782931407778 0.18958784639835358 3517
1782931407879 0.33375051617622375 3518
1782931407885 0.2990206182003021 3519
1782931407904 0.19159924983978271 3520
1782931407988 0.1678415983915329 3521
1782931408008 0.17401021718978882 3522
1782931408040 0.1430550217628479 3523
1782931408044 0.5597676038742065 3524
1782931408052 0.1574670672416687 3525
1782931408079 0.2940254211425781 3526
1782931408082 0.21456389129161835 3527
1782931408091 0.15316426753997803 3528
1782931408189 0.23886796832084656 3529
1782931408202 0.10644932836294174 3530
1782931408216 0.43362122774124146 3531
1782931408233 0.24044647812843323 3532
1782931408253 0.2809697389602661 3533
1782931408268 0.6741939783096313 3534
1782931408272 0.24991486966609955 3535
1782931408276 0.13555669784545898 3536
1782931408279 0.2587687075138092 3537
1782931408282 0.3450705409049988 3538
1782931408291 0.20153377950191498 3539
1782931408293 0.27554917335510254 3540
1782931408296 0.46652382612228394 3541
1782931408299 0.45443645119667053 3542
1782931408303 0.3183216154575348 3543
1782931408306 0.2025248259305954 3544
1782931408313 0.34409207105636597 3545
1782931408317 0.29441556334495544 3546
1782931408320 0.24907776713371277 3547
1782931408325 0.10058427602052689 3548
1782931408332 0.6933956742286682 3549
1782931408337 0.18199162185192108 3550
1782931408340 0.10863783955574036 3551
1782931408345 0.07234212011098862 3552
1782931408349 0.34017908573150635 3553
1782931408352 0.2489846795797348 3554
1782931408355 0.2128208875656128 3555
1782931408361 0.20161713659763336 3556
1782931408367 0.5388686060905457 3557
1782931408385 0.2195909470319748 3558
1782931408438 0.1955152451992035 3559
1782931408442 0.1461990624666214 3560
1782931408458 0.6551880836486816 3561
1782931408473 0.5134142637252808 3562
1782931408476 0.34264662861824036 3563
1782931408478 0.3194728195667267 3564
1782931408481 0.4501200318336487 3565
1782931408599 0.028176017105579376 3566
1782931408740 0.4298827648162842 3567
1782931408885 0.17472900450229645 3568
1782931408990 0.10152361541986465 3569
1782931409106 0.20796726644039154 3570
1782931409158 0.058724720031023026 3571
1782931409168 0.160514235496521 3572
1782931409174 0.803891658782959 3573
1782931409270 0.44146594405174255 3574
1782931409365 0.08453372865915298 3575
1782931409368 0.5070908069610596 3576
1782931409371 0.43873411417007446 3577
1782931409373 0.25177001953125 3578
1782931409375 0.24700284004211426 3579
1782931409396 0.27068161964416504 3580
1782931409405 0.5354974269866943 3581
1782931409409 0.3939702808856964 3582
1782931409423 0.20059260725975037 3583
1782931409441 0.3434632420539856 3584
1782931409445 0.14076484739780426 3585
1782931409456 0.3253800570964813 3586
1782931409461 0.34139788150787354 3587
1782931409468 0.2896968424320221 3588
1782931409477 0.1267612725496292 3589
1782931409481 0.46981048583984375 3590
1782931409535 0.4364544749259949 3591
1782931409690 0.16457012295722961 3592
1782931409728 0.2960817515850067 3593
1782931409814 0.26203086972236633 3594
1782931409873 0.4650750458240509 3595
1782931409878 0.1764630377292633 3596
1782931409894 0.08704797178506851 3597
1782931409898 0.6434394121170044 3598
1782931409902 0.09934870153665543 3599
1782931409931 0.15411262214183807 3600
1782931410071 0.2299656867980957 3601
1782931410182 0.24479342997074127 3602
1782931410278 0.23955410718917847 3603
1782931410364 0.35833439230918884 3604
1782931410412 0.26295536756515503 3605
1782931410439 0.3093334436416626 3606
1782931410451 0.1816401183605194 3607
1782931410457 0.09543321281671524 3608
1782931410478 0.1778280884027481 3609
1782931410483 0.8493717908859253 3610
1782931410490 0.31074580550193787 3611
1782931410496 0.2806098461151123 3612
1782931410502 0.20276044309139252 3613
1782931410519 0.2716146409511566 3614
1782931410525 0.3389882743358612 3615
1782931410530 0.3154337406158447 3616
1782931410535 0.39673763513565063 3617
1782931410540 0.16323457658290863 3618
1782931410545 0.3909721374511719 3619
1782931410550 0.7832830548286438 3620
1782931410556 0.5672074556350708 3621
1782931410561 0.3509081304073334 3622
1782931410566 0.17246632277965546 3623
1782931410578 0.09084031730890274 3624
1782931410584 0.3668540418148041 3625
1782931410590 0.13746604323387146 3626
1782931410594 0.41699591279029846 3627
1782931410602 0.2900712192058563 3628
1782931410613 0.1555345356464386 3629
1782931410617 0.3945308029651642 3630
1782931410633 0.13348719477653503 3631
1782931410654 0.35192808508872986 3632
1782931410753 0.11397972702980042 3633
1782931410764 0.6337294578552246 3634
1782931410770 0.48916733264923096 3635
1782931410784 0.2246340662240982 3636
1782931410852 0.5262362360954285 3637
1782931410870 0.16813787817955017 3638
1782931410888 0.38885581493377686 3639
1782931410897 0.11714626103639603 3640
1782931410924 0.3992488384246826 3641
1782931410937 0.19106143712997437 3642
1782931411052 0.4247229993343353 3643
1782931411144 0.3271408677101135 3644
1782931411170 0.23352865874767303 3645
1782931411256 0.3365435302257538 3646
1782931411287 0.40893593430519104 3647
1782931411347 0.11407580971717834 3648
1782931411354 0.3463502824306488 3649
1782931411447 0.6178508400917053 3650
1782931411484 0.11556469649076462 3651
1782931411525 0.4612533152103424 3652
1782931411530 0.17416927218437195 3653
1782931411571 0.23637060821056366 3654
1782931411579 0.2916394770145416 3655
1782931411594 0.17283153533935547 3656
1782931411599 0.5719156861305237 3657
1782931411601 0.26407113671302795 3658
1782931411627 0.23290950059890747 3659
1782931411629 0.3261686861515045 3660
1782931411631 0.12227620929479599 3661
1782931411633 0.2563159763813019 3662
1782931411686 0.22983171045780182 3663
1782931411766 0.1573931872844696 3664
1782931411890 0.2129422128200531 3665
1782931411985 0.07445881515741348 3666
1782931412135 0.22578458487987518 3667
1782931412258 0.21929048001766205 3668
1782931412264 0.27697834372520447 3669
1782931412294 0.3816589117050171 3670
1782931412322 0.512165367603302 3671
1782931412347 0.49084246158599854 3672
1782931412358 0.07751835137605667 3673
1782931412377 0.2778466045856476 3674
1782931412388 0.3514414429664612 3675
1782931412400 0.3495100736618042 3676
1782931412405 0.4472495913505554 3677
1782931412441 0.24846239387989044 3678
1782931412445 0.11159785836935043 3679
1782931412453 0.26762062311172485 3680
1782931412472 0.24022139608860016 3681
1782931412493 0.18016532063484192 3682
1782931412566 0.1505727618932724 3683
1782931412571 0.267137348651886 3684
1782931412586 0.10644880682229996 3685
1782931412684 0.1908867061138153 3686
1782931412704 0.0995897576212883 3687
1782931412739 0.3412776291370392 3688
1782931412775 0.2978992760181427 3689
1782931412809 0.16010154783725739 3690
1782931412813 0.7644520401954651 3691
1782931412832 0.25322768092155457 3692
1782931412867 0.621053159236908 3693
1782931412875 0.35989394783973694 3694
1782931412901 0.1963433027267456 3695
1782931412909 0.4974285364151001 3696
1782931412914 0.2971256375312805 3697
1782931412920 0.748649001121521 3698
1782931412938 0.16732920706272125 3699
1782931412946 0.2523250877857208 3700
1782931412953 0.15359778702259064 3701
1782931412964 0.3714735209941864 3702
1782931412968 0.10520874708890915 3703
1782931412972 0.31711626052856445 3704
1782931412986 0.12604904174804688 3705
1782931412990 0.29182347655296326 3706
1782931412996 0.7132903337478638 3707
1782931413012 0.1899530291557312 3708
1782931413048 0.30073416233062744 3709
1782931413064 0.20442472398281097 3710
1782931413068 0.7273904085159302 3711
1782931413095 0.19735684990882874 3712
1782931413128 0.3289642333984375 3713
1782931413197 0.199104905128479 3714
1782931413232 0.6233092546463013 3715
1782931413292 0.28712812066078186 3716
1782931413346 0.3953281044960022 3717
1782931413355 0.6471741199493408 3718
1782931413460 0.22853782773017883 3719
1782931413470 0.26106637716293335 3720
1782931413474 0.3169200122356415 3721
1782931413499 0.22260817885398865 3722
1782931413514 0.31005623936653137 3723
1782931413614 0.2519618570804596 3724
1782931413704 0.5187842845916748 3725
1782931413775 0.32897382974624634 3726
1782931413855 0.37987828254699707 3727
1782931413872 0.06876274943351746 3728
1782931413885 0.23064666986465454 3729
1782931413897 0.31218427419662476 3730
1782931413967 0.2214212715625763 3731
1782931413981 0.2193436324596405 3732
1782931413986 0.04917773976922035 3733
1782931413995 0.25272175669670105 3734
1782931414124 0.11229787021875381 3735
1782931414147 0.533961832523346 3736
1782931414168 0.32558584213256836 3737
1782931414211 0.022047193720936775 3738
1782931414215 0.08807849884033203 3739
1782931414268 0.22134187817573547 3740
1782931414277 0.21917513012886047 3741
1782931414286 0.27367058396339417 3742
1782931414300 0.20124728977680206 3743
1782931414304 0.4409254193305969 3744
1782931414338 0.30495983362197876 3745
1782931414384 0.32763949036598206 3746
1782931414418 0.2715327739715576 3747
1782931414475 0.43591466546058655 3748
1782931414489 0.10821391642093658 3749
1782931415474 0.2956596612930298 3750
1782931415497 0.4875490367412567 3751
1782931415502 0.3292188346385956 3752
1782931415589 0.2321949154138565 3753
1782931415642 0.18501940369606018 3754
1782931415784 0.39027878642082214 3755
1782931415833 0.1501394659280777 3756
1782931415916 0.1068418100476265 3757
1782931415923 0.4235708713531494 3758
1782931415933 0.46036458015441895 3759
1782931415962 0.24120071530342102 3760
1782931416000 0.16334937512874603 3761
1782931416011 0.09526364505290985 3762
1782931416016 0.19928787648677826 3763
1782931416030 0.2115476280450821 3764
1782931416036 0.17700114846229553 3765
1782931416042 0.2526664435863495 3766
1782931416070 0.3594232499599457 3767
1782931416098 0.25136643648147583 3768
1782931416104 0.13524501025676727 3769
1782931416108 0.2923565208911896 3770
1782931416112 0.43698498606681824 3771
1782931416117 0.41232430934906006 3772
1782931416121 0.39882418513298035 3773
1782931416128 0.24688513576984406 3774
1782931416132 0.4338735044002533 3775
1782931416135 0.5426457524299622 3776
1782931416141 0.5000166296958923 3777
1782931416145 0.07325589656829834 3778
1782931416149 0.42980051040649414 3779
1782931416153 0.7561113238334656 3780
1782931416158 0.17783929407596588 3781
1782931416169 0.23818045854568481 3782
1782931416186 0.4022067189216614 3783
1782931416201 0.45157498121261597 3784
1782931416229 0.15713205933570862 3785
1782931416249 0.2532276511192322 3786
1782931416299 0.12222158163785934 3787
1782931416316 0.1346835047006607 3788
1782931416330 0.25704529881477356 3789
1782931416336 0.36166489124298096 3790
1782931416445 0.1232772171497345 3791
1782931416597 0.11973743885755539 3792
1782931416639 0.42837491631507874 3793
1782931416652 0.06681922823190689 3794
1782931416695 0.2612582743167877 3795
1782931416713 0.5093467831611633 3796
1782931416755 0.2563555836677551 3797
1782931416868 0.2696172893047333 3798
1782931416873 0.5194283127784729 3799
1782931416939 0.20251214504241943 3800
1782931416957 0.17292925715446472 3801
1782931416962 0.19529497623443604 3802
1782931416969 0.0740278884768486 3803
1782931417058 0.3279464840888977 3804
1782931417062 0.9394604563713074 3805
1782931417067 0.10054412484169006 3806
1782931417072 0.15019965171813965 3807
1782931417094 0.1576494574546814 3808
1782931417218 0.5072211623191833 3809
1782931417345 0.12798179686069489 3810
1782931417395 0.4635618329048157 3811
1782931417430 0.3896012306213379 3812
1782931417444 0.4351097345352173 3813
1782931417501 0.2853794991970062 3814
1782931417561 0.47228220105171204 3815
1782931417564 0.08813180774450302 3816
1782931417597 0.5809244513511658 3817
1782931417601 0.2188223898410797 3818
1782931417660 0.35027700662612915 3819
1782931417669 0.22470694780349731 3820
1782931417672 0.4206659495830536 3821
1782931417683 0.24578315019607544 3822
1782931417696 0.38327285647392273 3823
1782931417763 0.20795360207557678 3824
1782931417781 0.21725603938102722 3825
1782931417785 0.13171018660068512 3826
1782931417797 0.28598353266716003 3827
1782931417802 0.3604346811771393 3828
1782931417809 0.3150619566440582 3829
1782931417877 0.17468290030956268 3830
1782931417884 0.685962975025177 3831
1782931417892 0.341835618019104 3832
1782931417900 0.36466875672340393 3833
1782931417903 0.1115853562951088 3834
1782931417907 0.3450464904308319 3835
1782931417911 0.3072180449962616 3836
1782931417917 0.2106780707836151 3837
1782931417928 0.418037474155426 3838
1782931417932 0.1446572244167328 3839
1782931417936 0.15891416370868683 3840
1782931417941 0.39023998379707336 3841
1782931417960 0.4989863932132721 3842
1782931417980 0.29147079586982727 3843
1782931418001 0.3171665668487549 3844
1782931418007 0.23884166777133942 3845
1782931418013 0.24288487434387207 3846
1782931418024 0.46470099687576294 3847
1782931418028 0.4147751033306122 3848
1782931418034 0.4047946631908417 3849
1782931418136 0.2111237496137619 3850
1782931418215 0.3617666959762573 3851
1782931418222 0.5753622651100159 3852
1782931418229 0.16426458954811096 3853
1782931418361 0.10571640729904175 3854
1782931418472 0.324123740196228 3855
1782931418575 0.22621417045593262 3856
1782931418624 0.554250180721283 3857
1782931418648 0.4120205342769623 3858
1782931418687 0.4427933990955353 3859
1782931418691 0.225055530667305 3860
1782931418694 0.1448768824338913 3861
1782931418697 0.3101600408554077 3862
1782931418701 0.4090243875980377 3863
1782931418704 0.34401264786720276 3864
1782931418734 0.21538083255290985 3865
1782931418752 0.17510411143302917 3866
1782931418761 0.23770256340503693 3867
1782931418774 0.19049367308616638 3868
1782931418780 0.3225407898426056 3869
1782931418784 0.14693482220172882 3870
1782931418789 0.15888842940330505 3871
1782931418794 0.1812601089477539 3872
1782931418805 0.6814998984336853 3873
1782931418877 0.6023295521736145 3874
1782931418910 0.10993558168411255 3875
1782931418916 0.18322905898094177 3876
1782931418919 0.30109912157058716 3877
1782931418927 0.6376844644546509 3878
1782931418944 0.32617005705833435 3879
1782931418950 0.5952693819999695 3880
1782931418968 0.15124955773353577 3881
1782931418995 0.34221547842025757 3882
1782931419002 0.11547452211380005 3883
1782931419008 0.5130875706672668 3884
1782931419013 0.7276062369346619 3885
1782931419018 0.09829308092594147 3886
1782931419022 0.23203429579734802 3887
1782931419029 0.8152468800544739 3888
1782931419034 0.21913273632526398 3889
1782931419040 0.4254416823387146 3890
1782931419046 0.8847918510437012 3891
1782931419051 0.07773353904485703 3892
1782931419057 0.4724120795726776 3893
1782931419146 0.25910648703575134 3894
1782931419186 0.08450952172279358 3895
1782931419225 0.13862836360931396 3896
1782931419230 0.5623002648353577 3897
1782931419235 0.32870084047317505 3898
1782931419238 0.5090382099151611 3899
1782931419240 0.4209079146385193 3900
1782931419279 0.22292736172676086 3901
1782931419362 0.5575915575027466 3902
1782931419364 0.48111826181411743 3903
1782931419374 0.12496969848871231 3904
1782931419420 0.11158494651317596 3905
1782931419428 0.08738146722316742 3906
1782931419433 0.2324327826499939 3907
1782931419444 0.27189552783966064 3908
1782931419458 0.23632772266864777 3909
1782931419463 0.11432944983243942 3910
1782931419478 0.4484234154224396 3911
1782931419572 0.15560993552207947 3912
1782931419636 0.3164040148258209 3913
1782931419671 0.4939189553260803 3914
1782931419678 0.20233620703220367 3915
1782931419766 0.5420899987220764 3916
1782931419770 0.27824634313583374 3917
1782931419781 0.28320223093032837 3918
1782931419828 0.16201680898666382 3919
1782931419833 0.3605521023273468 3920
1782931419846 0.5473142862319946 3921
1782931419853 0.14838911592960358 3922
1782931419859 0.19734980165958405 3923
1782931419861 0.7151647210121155 3924
1782931419864 0.23707440495491028 3925
1782931419997 0.43100738525390625 3926
1782931420071 0.3909436762332916 3927
1782931420073 0.09685520082712173 3928
1782931420191 0.20074462890625 3929
1782931420227 0.12127494066953659 3930
1782931420241 0.37338367104530334 3931
1782931420312 0.4169214367866516 3932
1782931420314 0.3610170781612396 3933
1782931420337 0.22454047203063965 3934
1782931420344 0.2122337818145752 3935
1782931420365 0.793013334274292 3936
1782931420384 0.7241625189781189 3937
1782931420394 0.07074270397424698 3938
1782931420398 0.1880020946264267 3939
1782931420419 0.12614434957504272 3940
1782931420445 0.22334347665309906 3941
1782931420447 0.38786205649375916 3942
1782931420451 0.18407659232616425 3943
1782931420469 0.18890230357646942 3944
1782931420578 0.2718793451786041 3945
1782931420688 0.15022942423820496 3946
1782931420817 0.31013914942741394 3947
1782931420833 0.34235554933547974 3948
1782931420846 0.3018743097782135 3949
1782931420889 0.3932192325592041 3950
1782931420923 0.2058119922876358 3951
1782931421036 0.09402120113372803 3952
1782931421051 0.29589784145355225 3953
1782931421096 0.08159111440181732 3954
1782931421186 0.10967324674129486 3955
1782931421190 0.1369205266237259 3956
1782931421194 0.2731528580188751 3957
1782931421197 0.10628597438335419 3958
1782931421199 0.15220098197460175 3959
1782931421202 0.12426350265741348 3960
1782931421210 0.35879024863243103 3961
1782931421212 0.3177536427974701 3962
1782931421233 0.10461872071027756 3963
1782931421236 0.8020119667053223 3964
1782931421255 0.6385601758956909 3965
1782931421259 0.09903808683156967 3966
1782931421262 0.06969308853149414 3967
1782931421264 0.08690612018108368 3968
1782931421266 0.09957049787044525 3969
1782931421312 0.45194172859191895 3970
1782931421316 0.657637894153595 3971
1782931421320 0.11600053310394287 3972
1782931421322 0.3345019221305847 3973
1782931421324 0.4203987419605255 3974
1782931421391 0.3534573018550873 3975
1782931421512 0.2603549361228943 3976
1782931421541 0.09294164180755615 3977
1782931421624 0.14879055321216583 3978
1782931421638 0.15017655491828918 3979
1782931421668 0.4754718840122223 3980
1782931421673 0.13707518577575684 3981
1782931421684 0.29149922728538513 3982
1782931421689 0.1599142849445343 3983
1782931421805 0.2497655153274536 3984
1782931421935 0.09646917879581451 3985
1782931421939 0.17993983626365662 3986
1782931421941 0.2302657961845398 3987
1782931421943 0.11066702753305435 3988
1782931421998 0.18490035831928253 3989
1782931422007 0.19162167608737946 3990
1782931422011 0.21744292974472046 3991
1782931422060 0.11199837177991867 3992
1782931422073 0.25674983859062195 3993
1782931422079 0.2655772864818573 3994
1782931422082 0.30773282051086426 3995
1782931422086 0.06441101431846619 3996
1782931422155 0.09122336655855179 3997
1782931422292 0.06675630062818527 3998
1782931422313 0.18700756132602692 3999
1782931422370 0.13329170644283295 4000
1782931422483 0.380354106426239 4001
1782931422596 0.06221536174416542 4002
1782931422741 0.2085409015417099 4003
1782931422786 0.32123130559921265 4004
1782931422828 0.33416086435317993 4005
1782931422833 0.33661720156669617 4006
1782931422866 0.12730318307876587 4007
1782931422889 0.3346792161464691 4008
1782931422918 0.5515175461769104 4009
1782931422939 0.18188424408435822 4010
1782931422944 0.14669182896614075 4011
1782931422953 0.5104436278343201 4012
1782931423084 0.4280303418636322 4013
1782931423122 0.484388530254364 4014
1782931423126 0.6941484212875366 4015
1782931423130 0.45656874775886536 4016
1782931423161 0.5054009556770325 4017
1782931423212 0.7138941287994385 4018
1782931423228 0.5633412003517151 4019
1782931423242 0.33155757188796997 4020
1782931423298 0.6289021372795105 4021
1782931423306 0.08845986425876617 4022
1782931423386 0.39303889870643616 4023
1782931423439 0.23123647272586823 4024
1782931423445 0.4560924172401428 4025
1782931423489 0.14184387028217316 4026
1782931423585 0.15626926720142365 4027
1782931423651 0.24551016092300415 4028
1782931423799 0.269593745470047 4029
1782931423915 0.16773024201393127 4030
1782931423936 0.519737184047699 4031
1782931423942 0.16960085928440094 4032
1782931423960 0.16294777393341064 4033
1782931424066 0.2788327634334564 4034
1782931424080 0.4415227174758911 4035
1782931424123 0.16154825687408447 4036
1782931424174 0.42241865396499634 4037
1782931424298 0.34096506237983704 4038
1782931424363 0.10698219388723373 4039
1782931424371 0.14978113770484924 4040
1782931424392 0.4492985010147095 4041
1782931424409 0.17021897435188293 4042
1782931424451 0.31162571907043457 4043
1782931424463 0.5715766549110413 4044
1782931424466 0.3403615355491638 4045
1782931424483 0.3916461169719696 4046
1782931424494 0.32635822892189026 4047
1782931424500 0.3272944390773773 4048
1782931424504 0.09753052145242691 4049
1782931424508 0.4095616340637207 4050
1782931424512 0.396528959274292 4051
1782931424517 0.6156007051467896 4052
1782931424520 0.1727912575006485 4053
1782931424527 0.23872114717960358 4054
1782931424531 0.2796631455421448 4055
1782931424535 0.1555091142654419 4056
1782931424541 0.20616109669208527 4057
1782931424547 0.12125596404075623 4058
1782931424551 0.21030332148075104 4059
1782931424554 0.4939200282096863 4060
1782931424590 0.2287127524614334 4061
1782931424594 0.25739729404449463 4062
1782931424604 0.3169367015361786 4063
1782931424706 0.23688484728336334 4064
1782931424763 0.2480992078781128 4065
1782931424802 0.22042278945446014 4066
1782931424918 0.33471766114234924 4067
1782931424981 0.23336102068424225 4068
1782931424983 0.07673245668411255 4069
1782931424990 0.22970332205295563 4070
1782931425006 0.13337059319019318 4071
1782931425021 0.2471787929534912 4072
1782931425155 0.172104611992836 4073
1782931425230 0.4126494228839874 4074
1782931425355 0.1811683475971222 4075
1782931425397 0.0962236300110817 4076
1782931425426 0.1622549444437027 4077
1782931425444 0.45284631848335266 4078
1782931425592 0.213298499584198 4079
1782931425611 0.4753742814064026 4080
1782931425617 0.40870901942253113 4081
1782931425641 0.17685967683792114 4082
1782931425644 0.6239500641822815 4083
1782931425662 0.14726021885871887 4084
1782931425672 0.16720585525035858 4085
1782931425684 0.23535145819187164 4086
1782931425691 0.2814093828201294 4087
1782931425699 0.12372582405805588 4088
1782931425702 0.3057827055454254 4089
1782931425720 0.06149386614561081 4090
1782931425722 0.11301996558904648 4091
1782931425725 0.1592065989971161 4092
1782931425734 0.28972089290618896 4093
1782931425783 0.42699524760246277 4094
1782931425786 0.09346452355384827 4095
1782931425794 0.28664156794548035 4096
1782931425814 0.1124977245926857 4097
1782931425833 0.10329121351242065 4098
1782931425861 0.11503644287586212 4099
1782931425902 0.4532673954963684 4100
1782931425988 0.3493586778640747 4101
1782931425992 0.20777076482772827 4102
1782931425995 0.10074849426746368 4103
1782931425999 0.27397820353507996 4104
1782931426103 0.15896445512771606 4105
1782931426115 0.22062164545059204 4106
1782931426186 0.3220473825931549 4107
1782931426205 0.27862221002578735 4108
1782931426234 0.263725221157074 4109
1782931426287 0.37826666235923767 4110
1782931426363 0.09090657532215118 4111
1782931426395 0.4603937268257141 4112
1782931426447 0.5332209467887878 4113
1782931426454 0.18317939341068268 4114
1782931426460 0.47998955845832825 4115
1782931426466 0.34108099341392517 4116
1782931426468 0.420375794172287 4117
1782931426470 0.1938956081867218 4118
1782931426476 0.1903723180294037 4119
1782931426483 0.1337113082408905 4120
1782931426488 0.10914690047502518 4121
1782931426494 0.25621500611305237 4122
1782931426499 0.2264813631772995 4123
1782931426505 0.15518419444561005 4124
1782931426509 0.5395448803901672 4125
1782931426537 0.19652903079986572 4126
1782931426542 0.29461562633514404 4127
1782931426549 0.4281919598579407 4128
1782931426552 0.574255108833313 4129
1782931426555 0.3147849142551422 4130
1782931426558 0.41607019305229187 4131
1782931426561 0.19180698692798615 4132
1782931426566 0.15415632724761963 4133
1782931426571 0.20439988374710083 4134
1782931426574 0.4906342625617981 4135
1782931426578 0.3039771318435669 4136
1782931426583 0.11436126381158829 4137
1782931426586 0.22078731656074524 4138
1782931426594 0.41182011365890503 4139
1782931426597 0.26082906126976013 4140
1782931426601 0.07641622424125671 4141
1782931426607 0.07303068041801453 4142
1782931426612 0.12384670972824097 4143
1782931426616 0.23414652049541473 4144
1782931426619 0.14372266829013824 4145
1782931426621 0.46383702754974365 4146
1782931426624 0.09669739007949829 4147
1782931426629 0.0713927149772644 4148
1782931426634 0.10054151713848114 4149
1782931426638 0.32735252380371094 4150
1782931426643 0.08523660153150558 4151
1782931426649 0.23671172559261322 4152
1782931426653 0.2662544846534729 4153
1782931426657 0.791275143623352 4154
1782931426664 0.281472772359848 4155
1782931426668 0.23784150183200836 4156
1782931426672 0.09478477388620377 4157
1782931426675 0.433032363653183 4158
1782931426678 0.26745009422302246 4159
1782931426680 0.2310035675764084 4160
1782931426685 0.16937394440174103 4161
1782931426689 0.23412004113197327 4162
1782931426693 0.40279388427734375 4163
1782931426696 0.14172938466072083 4164
1782931426698 0.9580317735671997 4165
1782931426701 0.17723295092582703 4166
1782931426703 0.2830110788345337 4167
1782931426708 0.36118587851524353 4168
1782931426712 0.17679619789123535 4169
1782931426716 0.3513481616973877 4170
1782931426718 0.7961769700050354 4171
1782931426723 0.3935079276561737 4172
1782931426728 0.2029585987329483 4173
1782931426733 0.2553902268409729 4174
1782931426738 0.7897922396659851 4175
1782931426744 0.6128939390182495 4176
1782931426748 0.054182447493076324 4177
1782931426751 0.10479064285755157 4178
1782931426756 0.56728595495224 4179
1782931426760 0.4615739583969116 4180
1782931426763 0.5069151520729065 4181
1782931426767 0.5158244371414185 4182
1782931426773 0.6846250295639038 4183
1782931426776 0.2518213093280792 4184
1782931426778 0.2512505054473877 4185
1782931426781 0.19990311563014984 4186
1782931426783 0.04803047701716423 4187
1782931426786 0.4493868947029114 4188
1782931426789 0.3730234205722809 4189
1782931426791 0.42376405000686646 4190
1782931426794 0.21586012840270996 4191
1782931426797 0.17667798697948456 4192
1782931426799 0.3788078725337982 4193
1782931426801 0.1356719434261322 4194
1782931426803 0.18356120586395264 4195
1782931426807 0.5166534185409546 4196
1782931426810 0.2679312229156494 4197
1782931426820 0.10629118978977203 4198
1782931426851 0.4083154797554016 4199
1782931426857 0.2238214761018753 4200
1782931426860 0.3789616525173187 4201
1782931426878 0.27207067608833313 4202
1782931426884 0.48219364881515503 4203
1782931426914 0.1346452832221985 4204
1782931426976 0.14031009376049042 4205
1782931426981 0.8609461188316345 4206
1782931426984 0.09341470152139664 4207
1782931426987 0.1836698353290558 4208
1782931427002 0.3990628123283386 4209
1782931427005 0.26113763451576233 4210
1782931427030 0.06026403233408928 4211
1782931427152 0.4279634952545166 4212
1782931427292 0.2566378712654114 4213
1782931427395 0.15645766258239746 4214
1782931427496 0.3279339671134949 4215
1782931427517 0.28549453616142273 4216
1782931427522 0.09849841892719269 4217
1782931427537 0.28243720531463623 4218
1782931427581 0.45487603545188904 4219
1782931427584 0.18410584330558777 4220
1782931427735 0.16527880728244781 4221
1782931427750 0.19034633040428162 4222
1782931427798 0.07013965398073196 4223
1782931427803 0.19766035676002502 4224
1782931427807 0.581828773021698 4225
1782931427829 0.4227744936943054 4226
1782931427941 0.3507966697216034 4227
1782931427959 0.2544335424900055 4228
1782931427969 0.25244471430778503 4229
1782931428106 0.22612261772155762 4230
1782931428210 0.20593588054180145 4231
1782931428283 0.15576940774917603 4232
1782931428445 0.19733481109142303 4233
1782931428458 0.42230939865112305 4234
1782931428561 0.21343781054019928 4235
1782931428645 0.5090847611427307 4236
1782931428790 0.34599781036376953 4237
1782931428906 0.2332381010055542 4238
1782931428914 0.2588941752910614 4239
1782931428942 0.1631869226694107 4240
1782931428984 0.24579842388629913 4241
1782931429037 0.07162733376026154 4242
1782931429101 0.2762044668197632 4243
1782931429127 0.2284185290336609 4244
1782931429133 0.10721083730459213 4245
1782931429136 0.23800785839557648 4246
1782931429143 0.38662686944007874 4247
1782931429160 0.274447500705719 4248
1782931429166 0.357033371925354 4249
1782931429170 0.35378891229629517 4250
1782931429190 0.3504779636859894 4251
1782931429202 0.32365211844444275 4252
1782931429210 0.46647608280181885 4253
1782931429230 0.285499632358551 4254
1782931429233 0.5148806571960449 4255
1782931429273 0.16258254647254944 4256
1782931429281 0.20214636623859406 4257
1782931429321 0.22757954895496368 4258
1782931429324 0.5103586912155151 4259
1782931429459 0.42325863242149353 4260
1782931429477 0.12788064777851105 4261
1782931429525 0.31418102979660034 4262
1782931429544 0.49353495240211487 4263
1782931429576 0.0710444375872612 4264
1782931429590 0.15294228494167328 4265
1782931429632 0.3905891180038452 4266
1782931429639 0.18203872442245483 4267
1782931429645 0.2171640247106552 4268
1782931429648 0.6091233491897583 4269
1782931429652 0.5544969439506531 4270
1782931429683 0.26553693413734436 4271
1782931429701 0.2262663096189499 4272
1782931429714 0.14665022492408752 4273
1782931429734 0.048474524170160294 4274
1782931429825 0.3044840693473816 4275
1782931429834 0.4264233410358429 4276
1782931429917 0.15043999254703522 4277
1782931429922 0.4492497444152832 4278
1782931429924 0.19358228147029877 4279
1782931429951 0.18150010704994202 4280
1782931429965 0.3205280005931854 4281
1782931430042 0.5088009238243103 4282
1782931430089 0.767034649848938 4283
1782931430110 0.2752548158168793 4284
1782931430137 0.3289881646633148 4285
1782931430145 0.32123538851737976 4286
1782931430157 0.21507327258586884 4287
1782931430162 0.11825497448444366 4288
1782931430167 0.4126448929309845 4289
1782931430186 0.05674606189131737 4290
1782931430199 0.3471154272556305 4291
1782931430205 0.5060995221138 4292
1782931430209 0.4637296199798584 4293
1782931430307 0.35306650400161743 4294
1782931430311 0.10721088200807571 4295
1782931430314 0.13234296441078186 4296
1782931430334 0.4521835744380951 4297
1782931430483 0.3650139272212982 4298
1782931430581 0.17326103150844574 4299
1782931430608 0.3720252811908722 4300
1782931430723 0.36446884274482727 4301
1782931430897 0.44149714708328247 4302
1782931430911 0.12728352844715118 4303
1782931430951 0.2434540092945099 4304
1782931430959 0.2256099283695221 4305
1782931430994 0.2592902183532715 4306
1782931431086 0.37974098324775696 4307
1782931431104 0.13314804434776306 4308
1782931431108 0.16897684335708618 4309
1782931431110 0.35373276472091675 4310
1782931431117 0.2305263876914978 4311
1782931431133 0.11661548167467117 4312
1782931431137 0.2811656594276428 4313
1782931431141 0.24522370100021362 4314
1782931431147 0.36058977246284485 4315
1782931431160 0.7350400686264038 4316
1782931431165 0.12375848740339279 4317
1782931431168 0.13864582777023315 4318
1782931431173 0.15021248161792755 4319
1782931431204 0.2311917245388031 4320
1782931431222 0.5408912897109985 4321
1782931431267 0.34950393438339233 4322
1782931431271 0.3046075105667114 4323
1782931431274 0.36733824014663696 4324
1782931431277 0.4434318542480469 4325
1782931431282 0.28568562865257263 4326
1782931431286 0.28111761808395386 4327
1782931431302 0.3936743140220642 4328
1782931431308 0.2154586762189865 4329
1782931431314 0.22421802580356598 4330
1782931431335 0.33132272958755493 4331
1782931431360 0.09408894926309586 4332
1782931431376 0.2986895442008972 4333
1782931431386 0.43041694164276123 4334
1782931431393 0.10046973824501038 4335
1782931431397 0.3044438064098358 4336
1782931431401 0.20968179404735565 4337
1782931431406 0.35096219182014465 4338
1782931431412 0.03504529222846031 4339
1782931431417 0.44298574328422546 4340
1782931431422 0.403756707906723 4341
1782931431427 0.19590385258197784 4342
1782931431431 0.3773329257965088 4343
1782931431435 0.05738029256463051 4344
1782931431441 0.24585218727588654 4345
1782931431446 0.05328752472996712 4346
1782931431451 0.6498997211456299 4347
1782931431455 0.39124998450279236 4348
1782931431460 0.2577739357948303 4349
1782931431465 0.33486905694007874 4350
1782931431469 0.1793116331100464 4351
1782931431486 0.5202566385269165 4352
1782931431509 0.30341336131095886 4353
1782931431528 0.4136688709259033 4354
1782931431535 0.45087066292762756 4355
1782931431538 0.18267026543617249 4356
1782931431562 0.1376873403787613 4357
1782931431567 0.41003695130348206 4358
1782931431572 0.37992048263549805 4359
1782931431583 0.3881758153438568 4360
1782931431586 0.4110313951969147 4361
1782931431598 0.19838693737983704 4362
1782931431602 0.14010637998580933 4363
1782931431610 0.12424071133136749 4364
1782931431622 0.1739913523197174 4365
1782931431627 0.1893591582775116 4366
1782931431634 0.1259911060333252 4367
1782931431658 0.4313378930091858 4368
1782931431674 0.3531579375267029 4369
1782931431738 0.19922871887683868 4370
1782931431748 0.36199426651000977 4371
1782931431817 0.09342920035123825 4372
1782931431867 0.5372547507286072 4373
1782931431890 0.10265334695577621 4374
1782931431896 0.5201916098594666 4375
1782931431915 0.34915676712989807 4376
1782931431919 0.21711775660514832 4377
1782931431926 0.40425634384155273 4378
1782931431950 0.3611850142478943 4379
1782931431955 0.5452749133110046 4380
1782931431975 0.28939560055732727 4381
1782931431993 0.5178012847900391 4382
1782931432002 0.2997032403945923 4383
1782931432005 0.5403822064399719 4384
1782931432018 0.6222936511039734 4385
1782931432022 0.1891786903142929 4386
1782931432025 0.2770821452140808 4387
1782931432030 0.24181286990642548 4388
1782931432034 0.12449228018522263 4389
1782931432036 0.30705928802490234 4390
1782931432040 0.33185192942619324 4391
1782931432061 0.22365733981132507 4392
1782931432082 0.47544920444488525 4393
1782931432100 0.11108089238405228 4394
1782931432231 0.17484427988529205 4395
1782931432324 0.3612203598022461 4396
1782931432330 0.3643318712711334 4397
1782931432340 0.3714095652103424 4398
1782931432343 0.4510419964790344 4399
1782931432346 0.23735478520393372 4400
1782931432349 0.38159120082855225 4401
1782931432352 0.10814890265464783 4402
1782931432355 0.4511503577232361 4403
1782931432357 0.44724947214126587 4404
1782931432360 0.2618434727191925 4405
1782931432363 0.365450918674469 4406
1782931432367 0.33882051706314087 4407
1782931432370 0.3407842218875885 4408
1782931432398 0.43217551708221436 4409
1782931432404 0.37066230177879333 4410
1782931432408 0.14737802743911743 4411
1782931432412 0.2652060091495514 4412
1782931432416 0.26902058720588684 4413
1782931432422 0.32576000690460205 4414
1782931432428 0.11366323381662369 4415
1782931432440 0.43059241771698 4416
1782931432446 0.3336566686630249 4417
1782931432452 0.2759038209915161 4418
1782931432460 0.11695614457130432 4419
1782931432523 0.22150558233261108 4420
1782931432556 0.31403571367263794 4421
1782931432564 0.5599967241287231 4422
1782931432573 0.2312014102935791 4423
1782931432602 0.2059345245361328 4424
1782931432612 0.1894526183605194 4425
1782931432624 0.38431063294410706 4426
1782931432687 0.11243213713169098 4427
1782931432723 0.6121466159820557 4428
1782931432727 0.41365379095077515 4429
1782931432785 0.08748772740364075 4430
1782931432790 0.10717863589525223 4431
1782931432793 0.26219284534454346 4432
1782931432795 0.5008552670478821 4433
1782931432799 0.4676583707332611 4434
1782931432801 0.32302355766296387 4435
1782931432805 0.15639328956604004 4436
1782931432830 0.12404985725879669 4437
1782931432866 0.33236584067344666 4438
1782931432868 0.36883869767189026 4439
1782931432872 0.18678808212280273 4440
1782931432984 0.5099054574966431 4441
1782931432991 0.17028072476387024 4442
1782931433007 0.12136980146169662 4443
1782931433022 0.22467142343521118 4444
1782931433116 0.18272694945335388 4445
1782931433122 0.2751701772212982 4446
1782931433144 0.5295298099517822 4447
1782931433153 0.3448919653892517 4448
1782931433179 0.3663997948169708 4449
1782931433185 0.18696793913841248 4450
1782931433206 0.4502148926258087 4451
1782931433213 0.30421045422554016 4452
1782931433257 0.22722311317920685 4453
1782931433261 0.35870280861854553 4454
1782931433269 0.09771651029586792 4455
1782931433284 0.19631873071193695 4456
1782931433296 0.3213549852371216 4457
1782931433300 0.4858969449996948 4458
1782931433309 0.34844979643821716 4459
1782931433313 0.5456603169441223 4460
1782931433318 0.3503216505050659 4461
1782931433323 0.6997778415679932 4462
1782931433328 0.2655232548713684 4463
1782931433331 0.22982539236545563 4464
1782931433339 0.11472875624895096 4465
1782931433344 0.0888746976852417 4466
1782931433352 0.4061315953731537 4467
1782931433364 0.2702530324459076 4468
1782931433382 0.3776940703392029 4469
1782931433421 0.20241355895996094 4470
1782931433434 0.09393710643053055 4471
1782931433445 0.17656804621219635 4472
1782931433450 0.27159470319747925 4473
1782931433456 0.35442566871643066 4474
1782931433463 0.5668057799339294 4475
1782931433474 0.1241181343793869 4476
1782931433479 0.1989843249320984 4477
1782931433485 0.3917832374572754 4478
1782931433569 0.5877944231033325 4479
1782931433690 0.21591350436210632 4480
1782931433732 0.12509785592556 4481
1782931433827 0.4349685609340668 4482
1782931433838 0.21718540787696838 4483
1782931433878 0.2660026252269745 4484
1782931433884 0.12399427592754364 4485
1782931433889 0.08396178483963013 4486
1782931434021 0.26821449398994446 4487
1782931434044 0.04420812427997589 4488
1782931434100 0.42417097091674805 4489
1782931434204 0.16708797216415405 4490
1782931434210 0.2958155572414398 4491
1782931434233 0.10815643519163132 4492
1782931434240 0.17902497947216034 4493
1782931434307 0.18860864639282227 4494
1782931434322 0.18608666956424713 4495
1782931434334 0.381272554397583 4496
1782931434352 0.2227737009525299 4497
1782931434378 0.1551692634820938 4498
1782931434438 0.3534543812274933 4499
1782931434458 0.5543507933616638 4500
1782931434616 0.4938260316848755 4501
1782931434621 0.20888689160346985 4502
1782931434671 0.358652263879776 4503
1782931434791 0.35863450169563293 4504
1782931434808 0.2902694046497345 4505
1782931434882 0.4876280128955841 4506
1782931434890 0.5152480006217957 4507
1782931434894 0.24294689297676086 4508
1782931434934 0.20238551497459412 4509
1782931434969 0.6929826736450195 4510
1782931435064 0.24942989647388458 4511
1782931435096 0.41158270835876465 4512
1782931435103 0.14099512994289398 4513
1782931435125 0.14513151347637177 4514
1782931435129 0.20342816412448883 4515
1782931435132 0.37084469199180603 4516
1782931435135 0.6324759125709534 4517
1782931435182 0.320648193359375 4518
1782931435186 0.7050491571426392 4519
1782931435221 0.280681848526001 4520
1782931435248 0.41429510712623596 4521
1782931435251 0.9800158143043518 4522
1782931435316 0.6276046633720398 4523
1782931435334 0.21922144293785095 4524
1782931435445 0.05599097162485123 4525
1782931435487 0.47449415922164917 4526
1782931435501 0.15435966849327087 4527
1782931435601 0.11900234967470169 4528
1782931435639 0.22437167167663574 4529
1782931435655 0.5354880094528198 4530
1782931435665 0.15461315214633942 4531
1782931435684 0.3625147044658661 4532
1782931435704 0.22752924263477325 4533
1782931435712 0.44961294531822205 4534
1782931435738 0.20800118148326874 4535
1782931435836 0.13028085231781006 4536
1782931435839 0.14342018961906433 4537
1782931435844 0.5339027643203735 4538
1782931435852 0.2941468358039856 4539
1782931435912 0.346464604139328 4540
1782931436077 0.15646183490753174 4541
1782931436177 0.5933268666267395 4542
1782931436203 0.13316857814788818 4543
1782931436221 0.15184444189071655 4544
1782931436360 0.513465940952301 4545
1782931436414 0.18997876346111298 4546
1782931436421 0.18576094508171082 4547
1782931436428 0.16694867610931396 4548
1782931436435 0.9823526740074158 4549
1782931436470 0.2738558351993561 4550
1782931436475 0.17219050228595734 4551
1782931436568 0.303719162940979 4552
1782931436589 0.19135682284832 4553
1782931436646 0.1817203313112259 4554
1782931436650 0.2610686123371124 4555
1782931436653 0.30634772777557373 4556
1782931436655 0.13313576579093933 4557
1782931436667 0.22722923755645752 4558
1782931436686 0.250705748796463 4559
1782931436690 0.24091094732284546 4560
1782931436695 0.2119939774274826 4561
1782931436701 0.4177030324935913 4562
1782931436818 0.2009463906288147 4563
1782931436945 0.16551470756530762 4564
1782931436963 0.2977822721004486 4565
1782931436965 0.19155901670455933 4566
1782931436968 0.11565598845481873 4567
1782931436970 0.10376781970262527 4568
1782931437043 0.30235958099365234 4569
1782931437048 0.268500417470932 4570
1782931437052 0.2235778123140335 4571
1782931437082 0.40494146943092346 4572
1782931437116 0.20749062299728394 4573
1782931437143 0.49686241149902344 4574
1782931437166 0.4487813115119934 4575
1782931437168 0.18677274882793427 4576
1782931437170 0.4514043629169464 4577
1782931437172 0.1693907529115677 4578
1782931437174 0.21254396438598633 4579
1782931437178 0.1573130041360855 4580
1782931437180 0.3146425485610962 4581
1782931437182 0.12563791871070862 4582
1782931437184 0.19983351230621338 4583
1782931437214 0.07995836436748505 4584
1782931437217 0.49363237619400024 4585
1782931437219 0.14602655172348022 4586
1782931437221 0.09861905127763748 4587
1782931437223 0.6269845962524414 4588
1782931437256 0.3572564125061035 4589
1782931437263 0.4661639332771301 4590
1782931437273 0.18644633889198303 4591
1782931437277 0.26458775997161865 4592
1782931437281 0.29864025115966797 4593
1782931437286 0.09990424662828445 4594
1782931437290 1.1146284341812134 4595
1782931437294 0.17444002628326416 4596
1782931437298 0.29290077090263367 4597
1782931437304 0.24926163256168365 4598
1782931437311 0.3372584283351898 4599
1782931437313 0.35767459869384766 4600
1782931437317 0.251437246799469 4601
1782931437322 0.5842885375022888 4602
1782931437329 0.17837977409362793 4603
1782931437333 0.3915468752384186 4604
1782931437338 0.32138070464134216 4605
1782931437341 0.15435445308685303 4606
1782931437344 0.45430922508239746 4607
1782931437348 0.091725192964077 4608
1782931437350 0.6447588205337524 4609
1782931437353 0.4039463698863983 4610
1782931437357 0.32153186202049255 4611
1782931437360 0.2997729480266571 4612
1782931437363 0.3317127227783203 4613
1782931437366 0.2139151394367218 4614
1782931437370 0.553821325302124 4615
1782931437373 0.06439673900604248 4616
1782931437375 0.20939438045024872 4617
1782931437383 0.3309718668460846 4618
1782931437386 0.281027227640152 4619
1782931437444 0.13362404704093933 4620
1782931437471 0.4404584765434265 4621
1782931437499 0.320769727230072 4622
1782931437503 0.21582603454589844 4623
1782931437540 0.528141975402832 4624
1782931437544 0.5300233960151672 4625
1782931437556 0.5298229455947876 4626
1782931437692 0.5474952459335327 4627
1782931437697 0.1320410519838333 4628
1782931437700 0.6515744924545288 4629
1782931437705 0.23437660932540894 4630
1782931437829 0.6009677052497864 4631
1782931437843 0.23059412837028503 4632
1782931437940 0.2524789273738861 4633
1782931438030 0.12826065719127655 4634
1782931438054 0.1667088121175766 4635
1782931438121 0.413222998380661 4636
1782931438124 0.702795147895813 4637
1782931438127 0.5516567826271057 4638
1782931438134 0.2500406801700592 4639
1782931438173 0.7199198603630066 4640
1782931438206 0.30994004011154175 4641
1782931438213 0.3043706715106964 4642
1782931438222 0.3254176676273346 4643
1782931438258 0.21510976552963257 4644
1782931438262 0.12893684208393097 4645
1782931438268 0.17656591534614563 4646
1782931438277 0.07436537742614746 4647
1782931438290 0.20664232969284058 4648
1782931438295 0.14523378014564514 4649
1782931438314 0.3746447265148163 4650
1782931438318 0.09447977691888809 4651
1782931438322 0.6501579880714417 4652
1782931438325 0.7883213758468628 4653
1782931438353 0.09512017667293549 4654
1782931438356 0.15344369411468506 4655
1782931438366 0.2551480531692505 4656
1782931438446 0.44060418009757996 4657
1782931438581 0.5801186561584473 4658
1782931438594 0.18853171169757843 4659
1782931438610 0.18793687224388123 4660
1782931438616 0.3058505058288574 4661
1782931438622 0.29784247279167175 4662
1782931438645 0.5456808805465698 4663
1782931438749 0.2865075170993805 4664
1782931438873 0.4156379699707031 4665
1782931438901 0.38630419969558716 4666
1782931438910 0.15602681040763855 4667
1782931438912 0.21003730595111847 4668
1782931438985 0.23542292416095734 4669
1782931438988 0.1689169853925705 4670
1782931438990 0.3707120418548584 4671
1782931438992 0.31092292070388794 4672
1782931438995 0.06635056436061859 4673
1782931438998 0.2864167392253876 4674
1782931439000 0.05746432766318321 4675
1782931439005 1.2407417297363281 4676
1782931439008 0.06888779997825623 4677
1782931439014 0.4601627588272095 4678
1782931439017 0.32609283924102783 4679
1782931439021 0.4506591260433197 4680
1782931439025 0.24127593636512756 4681
1782931439029 0.07218781858682632 4682
1782931439032 0.11042779684066772 4683
1782931439037 0.21887224912643433 4684
1782931439041 0.7710923552513123 4685
1782931439045 0.22600379586219788 4686
1782931439048 0.17840716242790222 4687
1782931439053 0.32594698667526245 4688
1782931439064 0.07850265502929688 4689
1782931439072 0.2287309169769287 4690
1782931439078 0.48696428537368774 4691
1782931439090 0.07160670310258865 4692
1782931439124 0.3306865394115448 4693
1782931439140 0.2900782823562622 4694
1782931439143 0.29584598541259766 4695
1782931439164 0.31730008125305176 4696
1782931439168 0.4089392423629761 4697
1782931439174 0.4591086506843567 4698
1782931439183 0.13133487105369568 4699
1782931439187 0.38688769936561584 4700
1782931439197 0.2940630614757538 4701
1782931439203 0.15347369015216827 4702
1782931439219 0.4646297097206116 4703
1782931439233 0.550332248210907 4704
1782931439237 0.14679904282093048 4705
1782931439347 0.2153974026441574 4706
1782931439386 0.09620554000139236 4707
1782931439389 0.22789447009563446 4708
1782931439392 0.21925821900367737 4709
1782931439394 0.2191496342420578 4710
1782931439421 0.6923277974128723 4711
1782931439426 0.08917851001024246 4712
1782931439483 0.1309494972229004 4713
1782931439488 0.23328837752342224 4714
1782931439503 0.07309556007385254 4715
1782931439509 0.21474069356918335 4716
1782931439514 0.33269187808036804 4717
1782931439522 0.28902944922447205 4718
1782931439545 0.6573676466941833 4719
1782931439684 0.4248921275138855 4720
1782931439737 0.4690861105918884 4721
1782931439748 0.16069218516349792 4722
1782931439759 0.35984325408935547 4723
1782931439774 0.28480905294418335 4724
1782931439905 0.39788416028022766 4725
1782931440003 0.16463233530521393 4726
1782931440063 0.08743120729923248 4727
1782931440116 0.3667632043361664 4728
1782931440126 0.15626022219657898 4729
1782931440165 0.4400847554206848 4730
1782931440169 0.5727704167366028 4731
1782931440204 0.41723397374153137 4732
1782931440263 0.4148724377155304 4733
1782931440273 0.11599599570035934 4734
1782931440286 0.2996702194213867 4735
1782931440379 0.386856347322464 4736
1782931440426 0.3127214014530182 4737
1782931440433 0.25307750701904297 4738
1782931440442 0.26549509167671204 4739
1782931440463 0.28726890683174133 4740
1782931440585 0.23876628279685974 4741
1782931440594 0.1628653109073639 4742
1782931440612 0.26671701669692993 4743
1782931440770 0.5394245386123657 4744
1782931440863 0.6824761629104614 4745
1782931440913 0.31615713238716125 4746
1782931440919 0.5499066710472107 4747
1782931440923 0.14341896772384644 4748
1782931440927 0.16662651300430298 4749
1782931440930 0.10805892944335938 4750
1782931440934 0.2897060811519623 4751
1782931440939 0.11509883403778076 4752
1782931440946 0.26875340938568115 4753
1782931440950 0.2735321521759033 4754
1782931440965 0.41851451992988586 4755
1782931441033 0.29245224595069885 4756
1782931441126 0.18021731078624725 4757
1782931441129 0.08017443120479584 4758
1782931441131 0.3528982996940613 4759
1782931441140 0.3577560782432556 4760
1782931441143 0.4558570086956024 4761
1782931441147 0.2650684714317322 4762
1782931441154 0.6344926357269287 4763
1782931441160 0.20274654030799866 4764
1782931441166 0.4102584719657898 4765
1782931441195 0.480567067861557 4766
1782931441204 0.2609916627407074 4767
1782931441217 0.8179017305374146 4768
1782931441222 0.33340689539909363 4769
1782931441249 0.5015888214111328 4770
1782931441254 0.30878791213035583 4771
1782931441259 0.5806223750114441 4772
1782931441262 0.12082520127296448 4773
1782931441265 0.5843398571014404 4774
1782931441271 0.48025208711624146 4775
1782931441310 0.27521514892578125 4776
1782931441315 0.2562996745109558 4777
1782931441319 0.2966492772102356 4778
1782931441323 0.1261284053325653 4779
1782931441338 0.18508338928222656 4780
1782931441342 0.6571402549743652 4781
1782931441345 0.31161612272262573 4782
1782931441357 0.28147459030151367 4783
1782931441360 0.6115132570266724 4784
1782931441364 0.1436374932527542 4785
1782931441387 0.27117618918418884 4786
1782931441424 0.16245071589946747 4787
1782931441513 0.29917803406715393 4788
1782931441617 0.23847763240337372 4789
1782931441692 0.3657259941101074 4790
1782931441804 0.6287853121757507 4791
1782931441808 0.2545086443424225 4792
1782931441812 0.05199796333909035 4793
1782931441817 0.25912728905677795 4794
1782931441879 0.3084288239479065 4795
1782931441939 0.1511881947517395 4796
1782931441944 0.1883498728275299 4797
1782931441947 0.3845303952693939 4798
1782931441952 0.580254077911377 4799
1782931441962 0.4542289972305298 4800
1782931441964 0.24336358904838562 4801
1782931441967 0.4076896607875824 4802
1782931441974 0.12193305045366287 4803
1782931441999 0.3123282194137573 4804
1782931442003 0.16989374160766602 4805
1782931442009 0.20629951357841492 4806
1782931442036 0.3197818696498871 4807
1782931442043 0.26123619079589844 4808
1782931442049 0.9312120079994202 4809
1782931442054 0.40722692012786865 4810
1782931442059 0.4335794746875763 4811
1782931442063 0.11079294234514236 4812
1782931442102 0.14025652408599854 4813
1782931442188 0.08647194504737854 4814
1782931442251 0.17234522104263306 4815
1782931442256 0.26772934198379517 4816
1782931442261 0.17717260122299194 4817
1782931442265 0.4418727159500122 4818
1782931442312 0.13335883617401123 4819
1782931442407 0.19982388615608215 4820
1782931442417 0.42221394181251526 4821
1782931442530 0.21862781047821045 4822
1782931442567 0.19811323285102844 4823
1782931442588 0.22134681046009064 4824
1782931442593 0.22492845356464386 4825
1782931442701 0.22715029120445251 4826
1782931442822 0.4932982325553894 4827
1782931442983 0.13203035295009613 4828
1782931443143 0.08823330700397491 4829
1782931443204 0.20052915811538696 4830
1782931443323 0.3275471329689026 4831
1782931443331 0.19735801219940186 4832
1782931443383 0.4262893795967102 4833
1782931443389 0.42942070960998535 4834
1782931443392 0.33078938722610474 4835
1782931443395 0.5023438334465027 4836
1782931443406 0.20759660005569458 4837
1782931443410 0.2916359007358551 4838
1782931443475 0.5432260632514954 4839
1782931443478 0.42969629168510437 4840
1782931443488 0.19931118190288544 4841
1782931443516 0.32759761810302734 4842
1782931443644 0.17164023220539093 4843
1782931443726 0.24517463147640228 4844
1782931443768 0.4432913064956665 4845
1782931443773 0.020167406648397446 4846
1782931443780 0.22464804351329803 4847
1782931443784 0.5287901759147644 4848
1782931443789 0.1163003146648407 4849
1782931443829 0.3041994869709015 4850
1782931443951 0.4230043888092041 4851
1782931444034 0.6332170963287354 4852
1782931444039 0.4439653754234314 4853
1782931444045 0.5621505379676819 4854
1782931444051 0.12312188744544983 4855
1782931444058 0.05721915140748024 4856
1782931444063 0.7413662075996399 4857
1782931444071 0.30209100246429443 4858
1782931444085 0.42866480350494385 4859
1782931444107 0.40686705708503723 4860
1782931444150 0.22113581001758575 4861
1782931444156 0.23240000009536743 4862
1782931444204 0.1885715126991272 4863
1782931444209 0.10225269198417664 4864
1782931444214 0.27587080001831055 4865
1782931444219 0.23631128668785095 4866
1782931444224 0.10589766502380371 4867
1782931444229 0.3165210485458374 4868
1782931444233 0.10804260522127151 4869
1782931444241 0.11274832487106323 4870
1782931444252 0.17602194845676422 4871
1782931444330 0.09231734275817871 4872
1782931444344 0.1298699676990509 4873
1782931444395 0.1256447285413742 4874
1782931444401 0.11748331785202026 4875
1782931444406 0.5517200827598572 4876
1782931444412 0.5211163759231567 4877
1782931444417 0.07288262248039246 4878
1782931444424 0.28503140807151794 4879
1782931444427 0.10581964254379272 4880
1782931444432 0.24192412197589874 4881
1782931444439 0.16244429349899292 4882
1782931444443 0.24667342007160187 4883
1782931444461 0.3595159351825714 4884
1782931444472 0.26123151183128357 4885
1782931444486 0.054382871836423874 4886
1782931444503 0.20712076127529144 4887
1782931444509 0.35379236936569214 4888
1782931444521 0.24984368681907654 4889
1782931444526 0.04506776109337807 4890
1782931444535 0.18165437877178192 4891
1782931444541 0.2566744089126587 4892
1782931444546 0.45083901286125183 4893
1782931444549 0.1521100550889969 4894
1782931444553 0.20007522404193878 4895
1782931444559 0.26683035492897034 4896
1782931444563 0.29161491990089417 4897
1782931444576 0.23685398697853088 4898
1782931444581 0.08776330947875977 4899
1782931444585 0.330304890871048 4900
1782931444591 0.3327726125717163 4901
1782931444595 0.11940271407365799 4902
1782931444600 0.0986337885260582 4903
1782931444606 0.08838953822851181 4904
1782931444610 0.38844987750053406 4905
1782931444614 0.26841607689857483 4906
1782931444618 0.5759111642837524 4907
1782931444624 0.6262446045875549 4908
1782931444629 0.31590452790260315 4909
1782931444632 0.18108037114143372 4910
1782931444638 0.43066322803497314 4911
1782931444642 0.3612114489078522 4912
1782931444654 0.26926493644714355 4913
1782931444659 0.35108792781829834 4914
1782931444674 0.10272836685180664 4915
1782931444680 0.47935375571250916 4916
1782931444684 0.2749738395214081 4917
1782931444697 0.24452131986618042 4918
1782931444713 0.33655741810798645 4919
1782931444717 0.4636479616165161 4920
1782931444723 0.12136751413345337 4921
1782931444728 0.49881038069725037 4922
1782931444732 0.15958182513713837 4923
1782931444736 0.15005594491958618 4924
1782931444760 0.15026892721652985 4925
1782931444769 0.45728808641433716 4926
1782931444824 0.38684970140457153 4927
1782931444832 0.16497330367565155 4928
1782931444941 0.4900994300842285 4929
1782931445019 0.5486288070678711 4930
1782931445023 0.2481517642736435 4931
1782931445031 0.7311813831329346 4932
1782931445093 0.20751065015792847 4933
1782931445125 0.12202560901641846 4934
1782931445140 0.43857070803642273 4935
1782931445198 0.1803562343120575 4936
1782931445267 0.5846793055534363 4937
1782931445384 0.6779534816741943 4938
1782931445397 0.1283830851316452 4939
1782931445406 0.11530501395463943 4940
1782931445430 0.45460590720176697 4941
1782931445447 0.3315250873565674 4942
1782931445457 0.10454843938350677 4943
1782931445460 0.6020886898040771 4944
1782931445463 0.5685580372810364 4945
1782931445473 0.27299386262893677 4946
1782931445536 0.2532919645309448 4947
1782931445543 0.3509911000728607 4948
1782931445545 0.44824084639549255 4949
1782931445548 0.11070044338703156 4950
1782931445551 0.27233588695526123 4951
1782931445555 0.2506660223007202 4952
1782931445561 0.2511082887649536 4953
1782931445564 0.3582620620727539 4954
1782931445567 0.131834015250206 4955
1782931445578 0.49157068133354187 4956
1782931445580 0.3108692765235901 4957
1782931445633 0.8732353448867798 4958
1782931445712 0.19940322637557983 4959
1782931445774 0.1977405846118927 4960
1782931445797 0.4722224771976471 4961
1782931445860 0.44266048073768616 4962
1782931445901 0.47518986463546753 4963
1782931445947 0.17754212021827698 4964
1782931446040 0.8636371493339539 4965
1782931446044 0.7185815572738647 4966
1782931446092 0.1816711127758026 4967
1782931446185 0.5494252443313599 4968
1782931446232 0.21897856891155243 4969
1782931446263 0.272189199924469 4970
1782931446276 0.44334152340888977 4971
1782931446307 0.38538265228271484 4972
1782931446312 0.36958691477775574 4973
1782931446315 0.2635883390903473 4974
1782931446323 0.05815042182803154 4975
1782931446328 0.2477322518825531 4976
1782931446362 0.12804538011550903 4977
1782931446377 0.2033359259366989 4978
1782931446387 0.3387768864631653 4979
1782931446413 0.201166033744812 4980
1782931446425 0.19094832241535187 4981
1782931446436 0.24429801106452942 4982
1782931446441 0.27718493342399597 4983
1782931446447 0.2088332325220108 4984
1782931446451 0.38540586829185486 4985
1782931446485 0.06823324412107468 4986
1782931446532 0.27069875597953796 4987
1782931446552 0.23547686636447906 4988
1782931446563 0.2255406528711319 4989
1782931446592 0.1843360960483551 4990
1782931446611 0.3569572865962982 4991
1782931446628 0.17031104862689972 4992
1782931446683 0.5416688323020935 4993
1782931446710 0.6819342970848083 4994
1782931446728 0.3955553472042084 4995
1782931446738 0.17229756712913513 4996
1782931446745 0.27543312311172485 4997
1782931446748 0.25428056716918945 4998
1782931446751 0.07775380462408066 4999
1782931446819 0.0966123566031456 5000
1782931446823 0.27058854699134827 5001
1782931446827 0.16883961856365204 5002
1782931446830 0.516379177570343 5003
1782931446837 0.31118905544281006 5004
1782931446839 0.3761764168739319 5005
1782931446844 0.25968673825263977 5006
1782931446849 0.4443511664867401 5007
1782931446853 0.40263333916664124 5008
1782931446944 0.34064731001853943 5009
1782931447004 0.26034003496170044 5010
1782931447009 0.3269859850406647 5011
1782931447014 0.19596002995967865 5012
1782931447022 0.3090706765651703 5013
1782931447063 0.4714527428150177 5014
1782931447205 0.46391940116882324 5015
1782931447321 0.05417277663946152 5016
1782931447442 0.34423282742500305 5017
1782931447453 0.23783400654792786 5018
1782931447583 0.3146725594997406 5019
1782931447615 0.2182057797908783 5020
1782931447619 0.17759348452091217 5021
1782931447622 0.4718465805053711 5022
1782931447625 0.08034926652908325 5023
1782931447627 0.3604010045528412 5024
1782931447630 0.11990536749362946 5025
1782931447633 0.4564042091369629 5026
1782931447674 0.3930415213108063 5027
1782931447767 0.4368011951446533 5028
1782931447778 0.21698781847953796 5029
1782931447901 0.48541688919067383 5030
1782931447907 0.5321617126464844 5031
1782931447983 0.2532418370246887 5032
1782931448009 0.27810657024383545 5033
1782931448015 0.27194270491600037 5034
1782931448022 0.4933219254016876 5035
1782931448030 0.09842107445001602 5036
1782931448042 0.3646196722984314 5037
1782931448047 0.30047711730003357 5038
1782931448050 0.3444223403930664 5039
1782931448055 0.09379132837057114 5040
1782931448069 0.47306445240974426 5041
1782931448074 0.3966808617115021 5042
1782931448119 0.25104615092277527 5043
1782931448168 0.2549215257167816 5044
1782931448181 0.10978610813617706 5045
1782931448271 0.20375289022922516 5046
1782931448318 0.26105445623397827 5047
1782931448321 0.17538216710090637 5048
1782931448325 0.6717470288276672 5049
1782931448453 0.13021087646484375 5050
1782931448541 0.2937973439693451 5051
1782931448543 0.3845449984073639 5052
1782931448662 0.439563125371933 5053
1782931448787 0.6046693921089172 5054
1782931448907 0.306905597448349 5055
1782931448979 0.05883857607841492 5056
1782931448981 0.5036554336547852 5057
1782931448984 0.4247187674045563 5058
1782931449082 0.4354598820209503 5059
1782931449127 0.16582593321800232 5060
1782931449218 0.1490909904241562 5061
1782931449261 0.5941342711448669 5062
1782931449281 0.3499264717102051 5063
1782931449314 0.0865214541554451 5064
1782931449427 0.42740505933761597 5065
1782931449543 0.4138276278972626 5066
1782931449552 0.15589244663715363 5067
1782931449557 0.2257234901189804 5068
1782931449566 0.2365351766347885 5069
1782931449578 0.6863842606544495 5070
1782931449717 0.22553656995296478 5071
1782931449768 0.6716656684875488 5072
1782931449772 0.2489648163318634 5073
1782931449823 0.5072716474533081 5074
1782931449942 0.3522401750087738 5075
1782931450046 0.3037573993206024 5076
1782931450091 0.5801554322242737 5077
1782931450141 0.24607042968273163 5078
1782931450149 0.1696983426809311 5079
1782931450158 0.13151586055755615 5080
1782931450202 0.11445797979831696 5081
1782931450276 0.6861196160316467 5082
1782931450333 0.08433367311954498 5083
1782931450348 0.5081254839897156 5084
1782931450371 0.32334160804748535 5085
1782931450479 0.49365922808647156 5086
1782931450506 0.5128846168518066 5087
1782931450518 0.25779151916503906 5088
1782931450602 0.6010856032371521 5089
1782931450757 0.2924520969390869 5090
1782931450825 0.2389625757932663 5091
1782931450946 0.3118627965450287 5092
1782931450961 0.15527872741222382 5093
1782931451074 0.13285836577415466 5094
1782931451259 0.039945632219314575 5095
1782931451294 0.06378544121980667 5096
1782931451299 0.27075478434562683 5097
1782931451303 0.4285525977611542 5098
1782931451333 0.25448545813560486 5099
1782931451337 0.05227113515138626 5100
1782931451340 0.6279420852661133 5101
1782931451345 0.27748310565948486 5102
1782931451390 0.29339393973350525 5103
1782931451506 0.6327135562896729 5104
1782931451518 0.35416021943092346 5105
1782931451521 0.2697812616825104 5106
1782931451524 0.30217379331588745 5107
1782931451602 0.42654162645339966 5108
1782931451644 0.516518235206604 5109
1782931451685 0.219200000166893 5110
1782931451768 0.3144358992576599 5111
1782931451779 0.4808445870876312 5112
1782931451783 0.4688686430454254 5113
1782931451786 0.15351656079292297 5114
1782931451789 0.6281739473342896 5115
1782931451792 0.23088182508945465 5116
1782931451796 0.15729065239429474 5117
1782931451805 0.8011314868927002 5118
1782931451816 0.09634707868099213 5119
1782931451827 0.47366151213645935 5120
1782931451833 0.5656985640525818 5121
1782931451840 0.24646814167499542 5122
1782931451845 0.41393062472343445 5123
1782931451849 0.2795866131782532 5124
1782931451855 0.15488608181476593 5125
1782931451859 0.47863030433654785 5126
1782931451862 0.21393242478370667 5127
1782931451867 0.5580266714096069 5128
1782931451873 0.093996562063694 5129
1782931451877 0.5659594535827637 5130
1782931451881 0.177527517080307 5131
1782931451885 0.18039794266223907 5132
1782931451915 0.386838436126709 5133
1782931451920 0.16864407062530518 5134
1782931451924 0.2841237485408783 5135
1782931451940 0.42252200841903687 5136
1782931451945 0.7954219579696655 5137
1782931451949 0.24816137552261353 5138
1782931451952 0.21948681771755219 5139
1782931451954 0.14885053038597107 5140
1782931451975 0.04539648815989494 5141
1782931451978 0.253604918718338 5142
1782931451982 0.1235884353518486 5143
1782931452014 0.31528452038764954 5144
1782931452026 0.19430220127105713 5145
1782931452039 0.10437066853046417 5146
1782931452069 0.3083135485649109 5147
1782931452073 0.0711478739976883 5148
1782931452079 0.2581655979156494 5149
1782931452151 0.37437745928764343 5150
1782931452222 0.326552152633667 5151
1782931452245 0.3351103365421295 5152
1782931452273 0.181439608335495 5153
1782931452277 0.2178298532962799 5154
1782931452281 0.11349904537200928 5155
1782931452286 0.2255910485982895 5156
1782931452291 0.29800140857696533 5157
1782931452295 0.33467796444892883 5158
1782931452299 0.46213284134864807 5159
1782931452306 0.33826643228530884 5160
1782931452310 0.3953215479850769 5161
1782931452313 0.30955713987350464 5162
1782931452316 0.3511538505554199 5163
1782931452320 0.5559977293014526 5164
1782931452324 0.3181510269641876 5165
1782931452327 0.7625822424888611 5166
1782931452331 0.1289292871952057 5167
1782931452334 0.510628879070282 5168
1782931452337 0.19501712918281555 5169
1782931452340 0.13962924480438232 5170
1782931452345 0.12105846405029297 5171
1782931452349 0.3306480050086975 5172
1782931452356 0.3662472665309906 5173
1782931452361 0.34259936213493347 5174
1782931452365 0.26945948600769043 5175
1782931452374 0.19781315326690674 5176
1782931452381 0.22301141917705536 5177
1782931452386 0.37715834379196167 5178
1782931452395 0.27063217759132385 5179
1782931452407 0.1354212760925293 5180
1782931452417 0.23150800168514252 5181
1782931452423 0.3021206557750702 5182
1782931452450 0.140726700425148 5183
1782931452470 0.07189107686281204 5184
1782931452570 0.3019312024116516 5185
1782931452576 0.12633740901947021 5186
1782931452598 0.09807918220758438 5187
1782931452721 0.5099706649780273 5188
1782931452773 0.06203305348753929 5189
1782931452798 0.3314605951309204 5190
1782931452805 0.5667365193367004 5191
1782931452809 0.2422289252281189 5192
1782931452831 0.4269866347312927 5193
1782931452845 0.20131805539131165 5194
1782931452856 0.3827657699584961 5195
1782931452860 0.2252664715051651 5196
1782931452870 0.296923965215683 5197
1782931452873 0.23471808433532715 5198
1782931452881 0.22437360882759094 5199
1782931452886 0.22149451076984406 5200
1782931452890 0.38030317425727844 5201
1782931452894 0.4897155165672302 5202
1782931452905 0.3825913667678833 5203
1782931452928 0.2195279449224472 5204
1782931452946 0.2413657158613205 5205
1782931453103 0.16150954365730286 5206
1782931453115 0.062243856489658356 5207
1782931453118 0.4787343144416809 5208
1782931453121 0.2242913693189621 5209
1782931453124 0.20720022916793823 5210
1782931453150 0.2736107409000397 5211
1782931453171 0.13168789446353912 5212
1782931453178 0.24610117077827454 5213
1782931453191 0.3914670944213867 5214
1782931453197 0.36875051259994507 5215
1782931453203 0.34418338537216187 5216
1782931453212 0.3791874945163727 5217
1782931453224 0.3715757429599762 5218
1782931453372 0.3155253827571869 5219
1782931453383 0.22021569311618805 5220
1782931453395 0.22645790874958038 5221
1782931453405 0.4318774938583374 5222
1782931453417 0.09902394562959671 5223
1782931453441 0.23884335160255432 5224
1782931453458 0.35339170694351196 5225
1782931453463 0.2150244265794754 5226
1782931453578 0.12265395373106003 5227
1782931453668 0.14211226999759674 5228
1782931453706 0.30467334389686584 5229
1782931453836 0.25225353240966797 5230
1782931453862 0.3029734492301941 5231
1782931453995 0.096044160425663 5232
1782931454010 0.4339747130870819 5233
1782931454017 0.20012396574020386 5234
1782931454021 0.11909762024879456 5235
1782931454026 0.32035312056541443 5236
1782931454035 0.2270032912492752 5237
1782931454044 0.22561869025230408 5238
1782931454056 0.3705293536186218 5239
1782931454082 0.12489388883113861 5240
1782931454113 0.6236402988433838 5241
1782931454242 0.17601366341114044 5242
1782931454363 0.34074580669403076 5243
1782931454374 0.24230408668518066 5244
1782931454380 0.27560725808143616 5245
1782931454384 0.18493318557739258 5246
1782931454455 0.09982498735189438 5247
1782931454571 0.5617856383323669 5248
1782931454574 0.507409393787384 5249
1782931454637 0.16210180521011353 5250
1782931454641 0.6689453721046448 5251
1782931454669 0.14253957569599152 5252
1782931454695 0.19089393317699432 5253
1782931454833 0.17402411997318268 5254
1782931454882 0.8042307496070862 5255
1782931454887 0.5336374640464783 5256
1782931454889 0.4965715706348419 5257
1782931454895 0.11063341051340103 5258
1782931455008 0.1268543303012848 5259
1782931455131 0.05690498650074005 5260
1782931455247 0.12303611636161804 5261
1782931455413 0.5610305070877075 5262
1782931455512 0.4334743618965149 5263
1782931455569 0.5391799807548523 5264
1782931455575 0.4794820547103882 5265
1782931455578 0.45123645663261414 5266
1782931455609 0.23993128538131714 5267
1782931455613 0.46158459782600403 5268
1782931455636 0.09805629402399063 5269
1782931455661 0.419071763753891 5270
1782931455679 0.2881201207637787 5271
1782931455695 0.11238934099674225 5272
1782931455713 0.37877750396728516 5273
1782931455766 0.11431398242712021 5274
1782931455804 0.31529515981674194 5275
1782931455836 0.2827514410018921 5276
1782931455866 0.5150513052940369 5277
1782931455868 0.11735990643501282 5278
1782931455871 0.9931734204292297 5279
1782931455873 0.2903688848018646 5280
1782931455882 0.12647183239459991 5281
1782931455932 0.15008226037025452 5282
1782931455943 0.4334016740322113 5283
1782931456126 0.4798816442489624 5284
1782931456152 0.20046788454055786 5285
1782931456156 0.2784266173839569 5286
1782931456163 0.28981703519821167 5287
1782931456173 0.2714409828186035 5288
1782931456191 0.2234312742948532 5289
1782931456196 0.21674847602844238 5290
1782931456200 0.37168747186660767 5291
1782931456206 0.1169915497303009 5292
1782931456215 0.590272068977356 5293
1782931456220 0.30195754766464233 5294
1782931456226 0.3231188952922821 5295
1782931456250 0.23091991245746613 5296
1782931456301 0.3098030388355255 5297
1782931456330 0.14610916376113892 5298
1782931456350 0.12803581357002258 5299
1782931456377 0.4327410161495209 5300
1782931456389 0.4204117953777313 5301
1782931456405 0.34135541319847107 5302
1782931456448 0.2847018539905548 5303
1782931456452 0.4514027535915375 5304
1782931456457 0.10028980672359467 5305
1782931456461 0.43899112939834595 5306
1782931456465 0.5532728433609009 5307
1782931456474 0.4972366690635681 5308
1782931456483 0.343822717666626 5309
1782931456497 0.19208665192127228 5310
1782931456502 0.16692301630973816 5311
1782931456564 0.25762438774108887 5312
1782931456614 0.6592608690261841 5313
1782931456638 0.2534434199333191 5314
1782931456641 0.32673409581184387 5315
1782931456645 0.1548808366060257 5316
1782931456672 0.12635891139507294 5317
1782931456701 0.3663075566291809 5318
1782931456707 0.22188790142536163 5319
1782931456711 0.20177559554576874 5320
1782931456716 0.6774252653121948 5321
1782931456727 0.24017174541950226 5322
1782931456739 0.054590772837400436 5323
1782931456764 0.5503645539283752 5324
1782931456767 0.27370476722717285 5325
1782931456770 0.20910364389419556 5326
1782931456784 0.17059698700904846 5327
1782931456826 0.2215360850095749 5328
1782931456833 0.26119622588157654 5329
1782931456851 0.38907140493392944 5330
1782931456872 0.30627378821372986 5331
1782931456891 0.25937619805336 5332
1782931457028 0.3956359028816223 5333
1782931457167 0.3695332705974579 5334
1782931457276 0.12915173172950745 5335
1782931457282 0.5474902987480164 5336
1782931457440 0.5589510202407837 5337
1782931457567 0.2776232361793518 5338
1782931457670 0.21704840660095215 5339
1782931457720 0.2295834720134735 5340
1782931457737 0.3423770070075989 5341
1782931457740 0.35771533846855164 5342
1782931457751 0.09927625209093094 5343
1782931457757 0.26022887229919434 5344
1782931457775 0.26854845881462097 5345
1782931457818 0.08984296023845673 5346
1782931457822 0.2178538292646408 5347
1782931457827 0.48137930035591125 5348
1782931457830 0.42256683111190796 5349
1782931457835 0.09655193239450455 5350
1782931457840 0.4809816777706146 5351
1782931457844 0.2721713185310364 5352
1782931457848 0.49978744983673096 5353
1782931457859 0.45773380994796753 5354
1782931457864 0.44929400086402893 5355
1782931457871 0.5073813199996948 5356
1782931457907 0.42248252034187317 5357
1782931457913 0.32077401876449585 5358
1782931457953 0.47442713379859924 5359
1782931457959 0.4521903991699219 5360
1782931457964 0.16270636022090912 5361
1782931457972 0.4571337103843689 5362
1782931457976 0.37426072359085083 5363
1782931457983 0.10311608016490936 5364
1782931458117 0.11854521930217743 5365
1782931458160 0.15519779920578003 5366
1782931458267 0.10761761665344238 5367
1782931458418 0.13605737686157227 5368
1782931458521 0.18145613372325897 5369
1782931458666 0.16940607130527496 5370
1782931458714 0.47504547238349915 5371
1782931458744 0.05526367947459221 5372
1782931458748 0.5269321203231812 5373
1782931458767 0.19623273611068726 5374
1782931458899 0.4093486964702606 5375
1782931458934 0.2749534249305725 5376
1782931458985 0.22701036930084229 5377
1782931459102 0.4338812530040741 5378
1782931459115 0.332833468914032 5379
1782931459140 0.23887820541858673 5380
1782931459143 0.4742439389228821 5381
1782931459149 0.238657608628273 5382
1782931459155 0.16318467259407043 5383
1782931459237 0.15791799128055573 5384
1782931459242 0.22801460325717926 5385
1782931459314 0.27577802538871765 5386
1782931459385 0.3129062056541443 5387
1782931459478 0.16714343428611755 5388
1782931459494 0.35397326946258545 5389
1782931459500 0.3380086421966553 5390
1782931459506 0.47764965891838074 5391
1782931459562 0.22337114810943604 5392
1782931459581 0.1774432510137558 5393
1782931459683 0.2262074202299118 5394
1782931459703 0.29663118720054626 5395
1782931459715 0.4499489963054657 5396
1782931459734 0.3124087452888489 5397
1782931459741 0.2859536111354828 5398
1782931459746 0.34128960967063904 5399
1782931459751 0.448243111371994 5400
1782931459756 0.19077515602111816 5401
1782931459762 0.23966379463672638 5402
1782931459766 0.1420649290084839 5403
1782931459800 0.22612425684928894 5404
1782931459807 0.30527788400650024 5405
1782931459903 0.3387586176395416 5406
1782931459927 0.7935826778411865 5407
1782931459960 0.18565277755260468 5408
1782931459989 0.1135387197136879 5409
1782931460042 0.8769546151161194 5410
1782931460052 0.16400277614593506 5411
1782931460067 0.3070818781852722 5412
1782931460072 0.38481396436691284 5413
1782931460077 0.1277635544538498 5414
1782931460081 0.24231725931167603 5415
1782931460087 0.1284494251012802 5416
1782931460093 0.2838883399963379 5417
1782931460097 0.2842298746109009 5418
1782931460105 0.11979884654283524 5419
1782931460111 0.4360653758049011 5420
1782931460115 0.11205865442752838 5421
1782931460123 0.17753730714321136 5422
1782931460131 0.11866708099842072 5423
1782931460136 0.6316014528274536 5424
1782931460144 0.38147810101509094 5425
1782931460149 0.38639283180236816 5426
1782931460154 0.3149096965789795 5427
1782931460159 0.3696950078010559 5428
1782931460164 0.20073193311691284 5429
1782931460170 0.23163436353206635 5430
1782931460173 0.15581859648227692 5431
1782931460176 0.7775416970252991 5432
1782931460179 0.22912724316120148 5433
1782931460183 0.1941472738981247 5434
1782931460189 0.18877601623535156 5435
1782931460193 0.2694733440876007 5436
1782931460196 0.28221842646598816 5437
1782931460198 0.19409655034542084 5438
1782931460203 0.6611723303794861 5439
1782931460207 0.14454086124897003 5440
1782931460210 0.13698628544807434 5441
1782931460213 0.20194479823112488 5442
1782931460216 0.46144068241119385 5443
1782931460221 0.10647905617952347 5444
1782931460226 0.1662554144859314 5445
1782931460229 0.11075747013092041 5446
1782931460232 0.28078436851501465 5447
1782931460236 0.08640225231647491 5448
1782931460239 0.22215257585048676 5449
1782931460242 0.15457791090011597 5450
1782931460245 0.1899595409631729 5451
1782931460251 0.2639812231063843 5452
1782931460261 0.1359775811433792 5453
1782931460266 0.3888714611530304 5454
1782931460270 0.307900995016098 5455
1782931460276 0.744642972946167 5456
1782931460280 0.17311903834342957 5457
1782931460283 0.1282542645931244 5458
1782931460288 0.14281907677650452 5459
1782931460291 0.10142200440168381 5460
1782931460294 0.9156329035758972 5461
1782931460297 0.430981308221817 5462
1782931460300 0.20010267198085785 5463
1782931460304 0.13971976935863495 5464
1782931460307 0.05787567049264908 5465
1782931460310 0.3904038667678833 5466
1782931460313 0.3776800334453583 5467
1782931460316 0.31903842091560364 5468
1782931460320 0.19651491940021515 5469
1782931460323 0.12782886624336243 5470
1782931460327 0.3408396244049072 5471
1782931460330 0.24417594075202942 5472
1782931460335 0.07383657991886139 5473
1782931460338 0.11016861349344254 5474
1782931460343 0.445266455411911 5475
1782931460347 0.5375411510467529 5476
1782931460351 0.08272624760866165 5477
1782931460357 0.3665538728237152 5478
1782931460363 0.4304085075855255 5479
1782931460366 0.3892391324043274 5480
1782931460374 0.2237132489681244 5481
1782931460397 0.12216583639383316 5482
1782931460402 0.10215494781732559 5483
1782931460438 0.2373702973127365 5484
1782931460442 0.20903705060482025 5485
1782931460446 0.262724369764328 5486
1782931460455 0.11132580786943436 5487
1782931460458 0.5574707984924316 5488
1782931460556 0.18141788244247437 5489
1782931460569 0.24291466176509857 5490
1782931460584 0.24795721471309662 5491
1782931460620 0.1607857346534729 5492
1782931460626 0.26234811544418335 5493
1782931460630 0.3314579427242279 5494
1782931460636 0.09106232225894928 5495
1782931460813 0.18410710990428925 5496
1782931460865 0.1803247183561325 5497
1782931460888 0.1841358244419098 5498
1782931460900 0.24806345999240875 5499
1782931460933 0.6600330471992493 5500
1782931460940 0.23747554421424866 5501
1782931460978 0.3440912067890167 5502
1782931460983 0.5664768815040588 5503
1782931461009 0.4096411168575287 5504
1782931461011 0.37611502408981323 5505
1782931461016 0.13037773966789246 5506
1782931461025 0.23447439074516296 5507
1782931461059 0.2801001965999603 5508
1782931461068 0.19985158741474152 5509
1782931461107 0.5278366208076477 5510
1782931461113 0.3930445909500122 5511
1782931461246 0.5287491083145142 5512
1782931461331 0.4243766665458679 5513
1782931461344 0.6527204513549805 5514
1782931461351 0.2669498324394226 5515
1782931461356 0.4887106120586395 5516
1782931461370 0.5727994441986084 5517
1782931461381 0.2715686559677124 5518
1782931461385 0.29786840081214905 5519
1782931461390 0.1305719017982483 5520
1782931461393 0.4439322054386139 5521
1782931461438 0.1625146120786667 5522
1782931461441 0.34246665239334106 5523
1782931461443 0.3306373953819275 5524
1782931461538 0.26786065101623535 5525
1782931461552 0.4281458854675293 5526
1782931461558 0.4505586624145508 5527
1782931461593 0.13012157380580902 5528
1782931461624 0.70472252368927 5529
1782931461629 0.41265082359313965 5530
1782931461659 0.09871218353509903 5531
1782931461779 0.48278212547302246 5532
1782931461875 0.1389169692993164 5533
1782931461887 0.3365989923477173 5534
1782931461892 0.08707419037818909 5535
1782931461938 0.2710931599140167 5536
1782931462092 0.10483916848897934 5537
1782931462213 0.07220638543367386 5538
1782931462253 0.09425178170204163 5539
1782931462261 0.3315621018409729 5540
1782931462347 0.5256234407424927 5541
1782931462350 0.908906877040863 5542
1782931462365 0.17609380185604095 5543
1782931462482 0.082224540412426 5544
1782931462505 0.20792093873023987 5545
1782931462508 0.3545199930667877 5546
1782931462511 0.21069101989269257 5547
1782931462585 0.27625852823257446 5548
1782931462714 0.3318467438220978 5549
1782931462866 0.292827308177948 5550
1782931462985 0.184178426861763 5551
1782931463075 0.7339159846305847 5552
1782931463216 0.3947870135307312 5553
1782931463265 0.24796786904335022 5554
1782931463364 0.10958040505647659 5555
1782931463384 0.18266211450099945 5556
1782931463397 0.3980076014995575 5557
1782931463403 0.1310390830039978 5558
1782931463408 0.2737927734851837 5559
1782931463411 0.2170727699995041 5560
1782931463429 0.2463654726743698 5561
1782931463432 0.17731887102127075 5562
1782931463449 0.16342148184776306 5563
1782931463453 0.4775897264480591 5564
1782931463467 0.5426375269889832 5565
1782931463473 0.3406100571155548 5566
1782931463479 0.108317069709301 5567
1782931463483 0.1734534502029419 5568
1782931463501 0.6723830699920654 5569
1782931463507 0.13666945695877075 5570
1782931463510 0.18952304124832153 5571
1782931463512 0.29133930802345276 5572
1782931463515 0.10589215159416199 5573
1782931463518 0.07071074843406677 5574
1782931463576 0.16033008694648743 5575
1782931463584 0.17384496331214905 5576
1782931463586 0.2461346983909607 5577
1782931463589 0.14662490785121918 5578
1782931463592 0.277789443731308 5579
1782931463599 0.38935795426368713 5580
1782931463603 0.2588856816291809 5581
1782931463616 0.492514044046402 5582
1782931463629 0.3314303755760193 5583
1782931463633 0.23693248629570007 5584
1782931463642 0.05227414518594742 5585
1782931463646 0.5573727488517761 5586
1782931463675 0.1719573438167572 5587
1782931463680 0.1536991000175476 5588
1782931463692 0.36130523681640625 5589
1782931463694 0.10383725166320801 5590
1782931463759 0.1509692370891571 5591
1782931463777 0.4292900264263153 5592
1782931463797 0.17976436018943787 5593
1782931463802 0.35969191789627075 5594
1782931463806 0.1096276193857193 5595
1782931463811 0.0937502309679985 5596
1782931463814 0.2683335542678833 5597
1782931463834 0.2382444143295288 5598
1782931463859 0.2792513370513916 5599
1782931463863 0.3402843475341797 5600
1782931463901 0.05769392475485802 5601
1782931463937 0.4214538037776947 5602
1782931463953 0.26212459802627563 5603
1782931463959 0.5753267407417297 5604
1782931463964 0.1721058338880539 5605
1782931463985 0.3383159935474396 5606
1782931463989 0.14527873694896698 5607
1782931463997 0.44623446464538574 5608
1782931464005 0.05417357385158539 5609
1782931464026 0.27972668409347534 5610
1782931464037 0.19052255153656006 5611
1782931464061 0.6507440209388733 5612
1782931464081 0.39611122012138367 5613
1782931464097 0.14994345605373383 5614
1782931464101 0.26041096448898315 5615
1782931464104 0.10163901746273041 5616
1782931464205 0.43702825903892517 5617
1782931464223 0.22608159482479095 5618
1782931464394 0.18910828232765198 5619
1782931464469 0.2035433053970337 5620
1782931464505 0.22926069796085358 5621
1782931464508 0.29036828875541687 5622
1782931464538 0.35213375091552734 5623
1782931464565 0.39420562982559204 5624
