1781296704147 2.381948471069336 0
1781296704150 2.209193229675293 1
1781296704153 2.2004683017730713 2
1781296704155 2.058384418487549 3
1781296704158 1.965320110321045 4
1781296704161 2.0315651893615723 5
1781296704164 1.893625020980835 6
1781296704167 1.8689560890197754 7
1781296704170 1.8650771379470825 8
1781296704172 1.7546634674072266 9
1781296704175 1.7793035507202148 10
1781296704178 1.5955312252044678 11
1781296704180 1.535851001739502 12
1781296704183 1.3683823347091675 13
1781296704185 1.4106438159942627 14
1781296704188 1.2688617706298828 15
1781296704190 1.3463003635406494 16
1781296704193 1.281119465827942 17
1781296704196 1.1606580018997192 18
1781296704198 1.172874093055725 19
1781296704201 1.116675853729248 20
1781296704203 1.0087292194366455 21
1781296704205 1.0010123252868652 22
1781296704208 1.166935920715332 23
1781296704212 0.948466420173645 24
1781296704215 1.1511777639389038 25
1781296704217 0.96404629945755 26
1781296704219 0.8083152770996094 27
1781296704222 0.850348174571991 28
1781296704224 0.8215731978416443 29
1781296704227 0.8981820344924927 30
1781296704230 0.6611452102661133 31
1781296704233 0.8603740930557251 32
1781296704235 0.7733913064002991 33
1781296704238 0.7485813498497009 34
1781296704240 0.8230127096176147 35
1781296704243 0.8876262903213501 36
1781296704246 0.7627690434455872 37
1781296704248 0.7395193576812744 38
1781296704251 0.6895376443862915 39
1781296704253 0.8246738910675049 40
1781296704256 0.6255266666412354 41
1781296704260 0.7628700137138367 42
1781296704263 0.8004769682884216 43
1781296704266 0.6150160431861877 44
1781296704269 0.641752302646637 45
1781296704274 0.6259785294532776 46
1781296704280 0.672429621219635 47
1781296704283 0.782246470451355 48
1781296704287 0.5348000526428223 49
1781296704290 0.6998679637908936 50
1781296704298 0.47725364565849304 51
1781296704301 0.6263940930366516 52
1781296704304 0.9352107048034668 53
1781296704307 0.5073519349098206 54
1781296704310 0.558635950088501 55
1781296704313 0.5647541284561157 56
1781296704320 0.5355717539787292 57
1781296704323 0.5686203837394714 58
1781296704325 0.6075854301452637 59
1781296704329 0.5393024682998657 60
1781296704331 0.47219303250312805 61
1781296704334 0.7256064414978027 62
1781296704337 0.544376790523529 63
1781296704339 0.6815809607505798 64
1781296704342 0.6119851469993591 65
1781296704345 0.5078949332237244 66
1781296704347 0.548747718334198 67
1781296704350 0.8002521991729736 68
1781296704353 0.3585728704929352 69
1781296704355 0.4506448209285736 70
1781296704358 0.6320133209228516 71
1781296704361 0.5028983354568481 72
1781296704363 0.5612701773643494 73
1781296704366 0.612481951713562 74
1781296704369 0.4266524910926819 75
1781296704371 0.49388548731803894 76
1781296704374 0.5969150066375732 77
1781296704377 0.5256031155586243 78
1781296704379 0.49991005659103394 79
1781296704382 0.4511512815952301 80
1781296704384 0.6531854271888733 81
1781296704386 0.7255979776382446 82
1781296704389 0.44334688782691956 83
1781296704393 0.6240994334220886 84
1781296704398 0.3666888177394867 85
1781296704401 0.5555923581123352 86
1781296704403 0.4400525987148285 87
1781296704406 0.5876193642616272 88
1781296704408 0.48923081159591675 89
1781296704411 0.7529786825180054 90
1781296704414 0.5968831181526184 91
1781296704417 0.41106268763542175 92
1781296704419 0.38417455554008484 93
1781296704421 0.46984899044036865 94
1781296704424 0.3435231149196625 95
1781296704427 0.467426598072052 96
1781296704430 0.4645865261554718 97
1781296704433 0.5843803286552429 98
1781296704435 0.46780630946159363 99
1781296704437 0.44067633152008057 100
1781296704440 0.5737361907958984 101
1781296704443 0.3749222457408905 102
1781296704446 0.649518609046936 103
1781296704448 0.42354992032051086 104
1781296704451 0.5834250450134277 105
1781296704453 0.6020917892456055 106
1781296704456 0.7192249298095703 107
1781296704458 0.421084463596344 108
1781296704461 0.5583724975585938 109
1781296704463 0.4442203640937805 110
1781296704466 0.4952380061149597 111
1781296704468 0.3579420745372772 112
1781296704471 0.47011813521385193 113
1781296704473 0.5225154757499695 114
1781296704476 0.6248214840888977 115
1781296704478 0.6226447820663452 116
1781296704481 0.5746482610702515 117
1781296704484 0.3396604359149933 118
1781296704486 0.3643931448459625 119
1781296704489 0.38600441813468933 120
1781296704492 0.5534534454345703 121
1781296704494 0.6493925452232361 122
1781296704497 0.5071561932563782 123
1781296704499 0.4280792474746704 124
1781296704502 0.3666466176509857 125
1781296704505 0.3388805389404297 126
1781296704507 0.5107641816139221 127
1781296704510 0.3812101185321808 128
1781296704512 0.43237099051475525 129
1781296704515 0.47480836510658264 130
1781296704530 0.5142549276351929 131
1781296704533 0.6649285554885864 132
1781296704535 0.6183996200561523 133
1781296704538 0.5464914441108704 134
1781296704540 0.2851198613643646 135
1781296704543 0.3248463273048401 136
1781296704546 0.6251416206359863 137
1781296704549 0.5030847787857056 138
1781296704551 0.5446244478225708 139
1781296704554 0.3462030291557312 140
1781296704556 0.611687421798706 141
1781296704559 0.30059054493904114 142
1781296704561 0.47021278738975525 143
1781296704564 0.4311440885066986 144
1781296704567 0.557857871055603 145
1781296704569 0.32985782623291016 146
1781296704572 0.45872917771339417 147
1781296704575 0.36541813611984253 148
1781296704578 0.4090813398361206 149
1781296704580 0.3253004550933838 150
1781296704582 0.6111547946929932 151
1781296704585 0.47284573316574097 152
1781296704587 0.29397886991500854 153
1781296704590 0.2878943681716919 154
1781296704593 0.42924025654792786 155
1781296704596 0.5680728554725647 156
1781296704598 0.5316608548164368 157
1781296704601 0.3055970072746277 158
1781296704603 0.34578725695610046 159
1781296704606 0.36774128675460815 160
1781296704609 0.542170524597168 161
1781296704612 0.33187416195869446 162
1781296704614 0.4386335015296936 163
1781296704617 0.3702240586280823 164
1781296704619 0.3806827962398529 165
1781296704621 0.3187563419342041 166
1781296704624 0.3938068449497223 167
1781296704628 0.4810423254966736 168
1781296704631 0.4810584485530853 169
1781296704633 0.3632955551147461 170
1781296704636 0.3689787685871124 171
1781296704638 0.3987017273902893 172
1781296704642 0.5399347543716431 173
1781296704645 0.3119773864746094 174
1781296704647 0.3404378890991211 175
1781296704650 0.43847742676734924 176
1781296704652 0.4769223630428314 177
1781296704655 0.3216872215270996 178
1781296704658 0.6189314723014832 179
1781296704660 0.36770087480545044 180
1781296704663 0.5155377984046936 181
1781296704665 0.45043516159057617 182
1781296704668 0.3684053122997284 183
1781296704670 0.45858830213546753 184
1781296704673 0.23057396709918976 185
1781296704676 0.3485659956932068 186
1781296704678 0.3296377658843994 187
1781296704681 0.4630233943462372 188
1781296704684 0.3481752574443817 189
1781296704686 0.47263556718826294 190
1781296704689 0.5091421604156494 191
1781296704691 0.29912111163139343 192
1781296704694 0.34456774592399597 193
1781296704697 0.43126317858695984 194
1781296704701 0.4632014334201813 195
1781296704704 0.23558562994003296 196
1781296704707 0.3273051381111145 197
1781296704710 0.2343551516532898 198
1781296704714 0.3359706401824951 199
1781296704717 0.22592505812644958 200
1781296704721 0.2479781210422516 201
1781296704723 0.25557011365890503 202
1781296704726 0.39473479986190796 203
1781296704729 0.38081759214401245 204
1781296704733 0.30609530210494995 205
1781296704735 0.5977866053581238 206
1781296704738 0.317474901676178 207
1781296704742 0.2985232472419739 208
1781296704745 0.39095115661621094 209
1781296704748 0.45368117094039917 210
1781296704751 0.2876516580581665 211
1781296704753 0.24446015059947968 212
1781296704755 0.25570595264434814 213
1781296704758 0.44503897428512573 214
1781296704761 0.5683765411376953 215
1781296704764 0.399788498878479 216
1781296704766 0.6045429110527039 217
1781296704770 0.17951196432113647 218
1781296704773 0.6597191691398621 219
1781296704777 0.3947298526763916 220
1781296704780 0.2878500819206238 221
1781296704782 0.4923323094844818 222
1781296704785 0.6660537123680115 223
1781296704787 0.3746812343597412 224
1781296704790 0.37570053339004517 225
1781296704793 0.507500171661377 226
1781296704796 0.42077699303627014 227
1781296704798 0.4178917109966278 228
1781296704801 0.5189990997314453 229
1781296704803 0.457250714302063 230
1781296704806 0.2737587094306946 231
1781296704809 0.24295102059841156 232
1781296704811 0.220115527510643 233
1781296704814 0.4682275056838989 234
1781296704816 0.41221362352371216 235
1781296704819 0.19985781610012054 236
1781296704822 0.39571699500083923 237
1781296704825 0.5335540771484375 238
1781296704829 0.5487990975379944 239
1781296704832 0.5666366815567017 240
1781296704834 0.3190617859363556 241
1781296704837 0.29383569955825806 242
1781296704839 0.34707900881767273 243
1781296704843 0.6393126845359802 244
1781296704846 0.392088919878006 245
1781296704848 0.23350518941879272 246
1781296704851 0.34326696395874023 247
1781296704854 0.3121970593929291 248
1781296704857 0.3483717739582062 249
1781296704860 0.273629754781723 250
1781296704863 0.29426977038383484 251
1781296704866 0.28159788250923157 252
1781296704869 0.33567288517951965 253
1781296704871 0.19195987284183502 254
1781296704874 0.35954129695892334 255
1781296704876 0.2736096978187561 256
1781296704879 0.3612009882926941 257
1781296704882 0.4633117616176605 258
1781296704884 0.3908395767211914 259
1781296704887 0.3828474283218384 260
1781296704889 0.14600127935409546 261
1781296704892 0.3073548376560211 262
1781296704895 0.3660523593425751 263
1781296704898 0.39580148458480835 264
1781296704900 0.4589206278324127 265
1781296704903 0.45749109983444214 266
1781296704906 0.4575801491737366 267
1781296704908 0.18474185466766357 268
1781296704911 0.4792526662349701 269
1781296704914 0.34918835759162903 270
1781296704917 0.490367591381073 271
1781296704919 0.26282018423080444 272
1781296704922 0.1516960710287094 273
1781296704924 0.3518257439136505 274
1781296704927 0.3524834215641022 275
1781296704930 0.35170406103134155 276
1781296704932 0.4039861857891083 277
1781296704935 0.26089927554130554 278
1781296704937 0.5074446201324463 279
1781296704940 0.14192484319210052 280
1781296704942 0.39217424392700195 281
1781296704945 0.2469903975725174 282
1781296704948 0.33639878034591675 283
1781296704950 0.4160267412662506 284
1781296704953 0.3475210964679718 285
1781296704955 0.4605580270290375 286
1781296704958 0.42015352845191956 287
1781296704962 0.4551824629306793 288
1781296704965 0.5672327280044556 289
1781296704967 0.5136426687240601 290
1781296704970 0.4385237395763397 291
1781296704972 0.2748335599899292 292
1781296704975 0.3601442575454712 293
1781296704977 0.4141673743724823 294
1781296704980 0.29152143001556396 295
1781296704982 0.20398063957691193 296
1781296704985 0.4314548075199127 297
1781296704987 0.1846981942653656 298
1781296704990 0.7269692420959473 299
1781296704992 0.26288968324661255 300
1781296704995 0.39484813809394836 301
1781296704998 0.4169001877307892 302
1781296705000 0.4464515745639801 303
1781296705002 0.19986066222190857 304
1781296705005 0.5762308239936829 305
1781296705008 0.3308003842830658 306
1781296705011 0.2676598131656647 307
1781296705013 0.5375419855117798 308
1781296705016 0.33612021803855896 309
1781296705019 0.26700523495674133 310
1781296705021 0.23806053400039673 311
1781296705023 0.30337685346603394 312
1781296705026 0.2990524470806122 313
1781296705029 0.2593461275100708 314
1781296705032 0.2860185205936432 315
1781296705034 0.22286316752433777 316
1781296705037 0.3325352668762207 317
1781296705039 0.40574607253074646 318
1781296705042 0.3817783296108246 319
1781296705044 0.22410713136196136 320
1781296705047 0.4075726866722107 321
1781296705050 0.3999182879924774 322
1781296705052 0.5225309133529663 323
1781296705055 0.22609859704971313 324
1781296705057 0.2954457402229309 325
1781296705060 0.23676954209804535 326
1781296705063 0.3283286988735199 327
1781296705065 0.5024728775024414 328
1781296705068 0.2232859879732132 329
1781296705070 0.3848077058792114 330
1781296705072 0.2772376835346222 331
1781296705075 0.2960599958896637 332
1781296705078 0.20521646738052368 333
1781296705080 0.25155484676361084 334
1781296705083 0.3054739534854889 335
1781296705085 0.2817241847515106 336
1781296705088 0.22738200426101685 337
1781296705090 0.5030527114868164 338
1781296705093 0.41156941652297974 339
1781296705096 0.32297050952911377 340
1781296705098 0.37956851720809937 341
1781296705101 0.1245691329240799 342
1781296705103 0.3455950617790222 343
1781296705106 0.3354811370372772 344
1781296705108 0.33002397418022156 345
1781296705111 0.22198863327503204 346
1781296705114 0.5228765606880188 347
1781296705116 0.283866822719574 348
1781296705119 0.17920225858688354 349
1781296705121 0.23954325914382935 350
1781296705123 0.5317227840423584 351
1781296705126 0.5490816235542297 352
1781296705129 0.23730453848838806 353
1781296705132 0.25978580117225647 354
1781296705134 0.37559622526168823 355
1781296705136 0.3046983480453491 356
1781296705139 0.3909807503223419 357
1781296705142 0.1957598626613617 358
1781296705146 0.6473274827003479 359
1781296705148 0.32462817430496216 360
1781296705151 0.2862738072872162 361
1781296705153 0.46155303716659546 362
1781296705155 0.29526716470718384 363
1781296705158 0.44886553287506104 364
1781296705161 0.25823619961738586 365
1781296705163 0.29138168692588806 366
1781296705166 0.4144749641418457 367
1781296705168 0.20174215734004974 368
1781296705171 0.35330119729042053 369
1781296705173 0.4765303432941437 370
1781296705176 0.3146456778049469 371
1781296705179 0.2613987624645233 372
1781296705181 0.3504963219165802 373
1781296705183 0.292141318321228 374
1781296705186 0.32238879799842834 375
1781296705188 0.2790704071521759 376
1781296705191 0.6676328182220459 377
1781296705194 0.20363573729991913 378
1781296705197 0.3368925154209137 379
1781296705199 0.2866142988204956 380
1781296705202 0.374722421169281 381
1781296705207 0.2436668574810028 382
1781296705211 0.193596750497818 383
1781296705214 0.24169225990772247 384
1781296705216 0.24238631129264832 385
1781296705218 0.326714426279068 386
1781296705221 0.3785613775253296 387
1781296705224 0.33102932572364807 388
1781296705230 0.5375564098358154 389
1781296705235 0.4790756106376648 390
1781296705238 0.2687629163265228 391
1781296705241 0.4977446496486664 392
1781296705244 0.34315550327301025 393
1781296705246 0.35775497555732727 394
1781296705249 0.46591436862945557 395
1781296705252 0.31864699721336365 396
1781296705254 0.6135624051094055 397
1781296705257 0.3229217231273651 398
1781296705260 0.2556678056716919 399
1781296705262 0.37230709195137024 400
1781296705265 0.21747753024101257 401
1781296705268 0.27284306287765503 402
1781296705270 0.3114863634109497 403
1781296705273 0.3188723623752594 404
1781296705276 0.22890858352184296 405
1781296705279 0.49014249444007874 406
1781296705281 0.38325467705726624 407
1781296705284 0.39824235439300537 408
1781296705286 0.3728508949279785 409
1781296705289 0.3398626446723938 410
1781296705291 0.261978417634964 411
1781296705294 0.6198259592056274 412
1781296705297 0.326353520154953 413
1781296705300 0.19687265157699585 414
1781296705302 0.2954872250556946 415
1781296705305 0.3849416971206665 416
1781296705308 0.34532833099365234 417
1781296705310 0.5145816206932068 418
1781296705313 0.4670148491859436 419
1781296705316 0.24915988743305206 420
1781296705318 0.2777943015098572 421
1781296705321 0.25588858127593994 422
1781296705323 0.218793585896492 423
1781296705326 0.3644722104072571 424
1781296705329 0.22010266780853271 425
1781296705332 0.1883402019739151 426
1781296705334 0.2796332836151123 427
1781296705337 0.513468325138092 428
1781296705339 0.39016246795654297 429
1781296705343 0.5557572245597839 430
1781296705346 0.4431282877922058 431
1781296705349 0.48129308223724365 432
1781296705354 0.4584936797618866 433
1781296705358 0.518394410610199 434
1781296705361 0.3892758786678314 435
1781296705364 0.16019929945468903 436
1781296705367 0.41413649916648865 437
1781296705369 0.32844677567481995 438
1781296705371 0.4456467032432556 439
1781296705375 0.4443475306034088 440
1781296705378 0.35479971766471863 441
1781296705380 0.43652647733688354 442
1781296705383 0.3372876048088074 443
1781296705385 0.2594773769378662 444
1781296705388 0.5403133034706116 445
1781296705391 0.5018556714057922 446
1781296705394 0.25094708800315857 447
1781296705397 0.38101744651794434 448
1781296705399 0.3297777473926544 449
1781296705402 0.311951607465744 450
1781296705404 0.3558315336704254 451
1781296705406 0.39732223749160767 452
1781296705409 0.23487071692943573 453
1781296705412 0.35819733142852783 454
1781296705415 0.39921122789382935 455
1781296705417 0.2097085416316986 456
1781296705419 0.12962092459201813 457
1781296705422 0.33982259035110474 458
1781296705424 0.2064559906721115 459
1781296705427 0.3145676851272583 460
1781296705430 0.4968448281288147 461
1781296705433 0.46744590997695923 462
1781296705435 0.14675496518611908 463
1781296705438 0.36145076155662537 464
1781296705440 0.3583974242210388 465
1781296705443 0.2542407512664795 466
1781296705446 0.3611157238483429 467
1781296705449 0.24029837548732758 468
1781296705451 0.31636476516723633 469
1781296705454 0.27329081296920776 470
1781296705456 0.2525002658367157 471
1781296705459 0.30189159512519836 472
1781296705461 0.2560316324234009 473
1781296705464 0.20973925292491913 474
1781296705467 0.33228930830955505 475
1781296705469 0.3667675256729126 476
1781296705472 0.18704096972942352 477
1781296705475 0.17193059623241425 478
1781296705478 0.2912634313106537 479
1781296705481 0.11601551622152328 480
1781296705483 0.3116209805011749 481
1781296705486 0.32106834650039673 482
1781296705488 0.44480064511299133 483
1781296705491 0.37153002619743347 484
1781296705494 0.21870937943458557 485
1781296705497 0.2887398600578308 486
1781296705499 0.329143762588501 487
1781296705501 0.2780131995677948 488
1781296705504 0.2755093574523926 489
1781296705506 0.4072367250919342 490
1781296705509 0.38056787848472595 491
1781296705512 0.11129447817802429 492
1781296705515 0.4627707302570343 493
1781296705517 0.36832961440086365 494
1781296705520 0.2301473468542099 495
1781296705522 0.19022202491760254 496
1781296705525 0.20855046808719635 497
1781296705538 0.20025770366191864 498
1781296705542 0.18125365674495697 499
1781296705545 0.17500494420528412 500
1781296705548 0.24804037809371948 501
1781296705551 0.16755971312522888 502
1781296705553 0.1955513209104538 503
1781296705556 0.18705375492572784 504
1781296705559 0.23590318858623505 505
1781296705562 0.25798553228378296 506
1781296705564 0.30732446908950806 507
1781296705567 0.5085467100143433 508
1781296705569 0.3201093077659607 509
1781296705572 0.2647447884082794 510
1781296705575 0.29522019624710083 511
1781296705578 0.46999648213386536 512
1781296705580 0.21976879239082336 513
1781296705583 0.13349826633930206 514
1781296705585 0.23392556607723236 515
1781296705588 0.4527828097343445 516
1781296705591 0.27267351746559143 517
1781296705597 0.22303719818592072 518
1781296705600 0.23530012369155884 519
1781296705602 0.3633231520652771 520
1781296705605 0.31170526146888733 521
1781296705607 0.5222880840301514 522
1781296705610 0.2645566165447235 523
1781296705613 0.38959577679634094 524
1781296705616 0.32732638716697693 525
1781296705618 0.2521733343601227 526
1781296705621 0.1400204598903656 527
1781296705623 0.5082921385765076 528
1781296705627 0.338853120803833 529
1781296705631 0.20106257498264313 530
1781296705636 0.3138958811759949 531
1781296705638 0.2050466239452362 532
1781296705641 0.2796485722064972 533
1781296705644 0.2676680088043213 534
1781296705647 0.384838730096817 535
1781296705649 0.2731366753578186 536
1781296705652 0.15161755681037903 537
1781296705655 0.41106534004211426 538
1781296705658 0.2764470875263214 539
1781296705663 0.3133905231952667 540
1781296705666 0.2157943844795227 541
1781296705668 0.32669153809547424 542
1781296705671 0.30035319924354553 543
1781296705673 0.3253248631954193 544
1781296705676 0.49664902687072754 545
1781296705679 0.3055045008659363 546
1781296705681 0.23109084367752075 547
1781296705684 0.2151312530040741 548
1781296705687 0.22713007032871246 549
1781296705689 0.3112161457538605 550
1781296705692 0.21324555575847626 551
1781296705698 0.21520604193210602 552
1781296705702 0.3108747899532318 553
1781296705704 0.3601154386997223 554
1781296705707 0.2725880742073059 555
1781296705710 0.21324791014194489 556
1781296705713 0.2797006666660309 557
1781296705715 0.27476266026496887 558
1781296705718 0.32364603877067566 559
1781296705720 0.548335611820221 560
1781296705723 0.3810262978076935 561
1781296705725 0.3464849293231964 562
1781296705728 0.29517871141433716 563
1781296705731 0.24568669497966766 564
1781296705733 0.1280849277973175 565
1781296705735 0.25371208786964417 566
1781296705738 0.07727308571338654 567
1781296705740 0.17015010118484497 568
1781296705743 0.07176432758569717 569
1781296705746 0.27136319875717163 570
1781296705748 0.31413182616233826 571
1781296705750 0.1718364953994751 572
1781296705753 0.2895123362541199 573
1781296705755 0.3560493588447571 574
1781296705759 0.3656555414199829 575
1781296705762 0.34622934460639954 576
1781296705765 0.24468928575515747 577
1781296705767 0.23054970800876617 578
1781296705772 0.311393678188324 579
1781296705775 0.21928530931472778 580
1781296705778 0.2073049694299698 581
1781296705781 0.20440657436847687 582
1781296705783 0.390395849943161 583
1781296705786 0.35063308477401733 584
1781296705788 0.19414840638637543 585
1781296705791 0.34999996423721313 586
1781296705794 0.17792601883411407 587
1781296705796 0.27612146735191345 588
1781296705799 0.5127384066581726 589
1781296705803 0.19312570989131927 590
1781296705807 0.43878865242004395 591
1781296705813 0.5576270818710327 592
1781296705817 0.16502468287944794 593
1781296705820 0.5226293802261353 594
1781296705822 0.46714746952056885 595
1781296705826 0.3769657611846924 596
1781296705829 0.3501107692718506 597
1781296705832 0.10152065753936768 598
1781296705834 0.32329535484313965 599
1781296705837 0.37252235412597656 600
1781296705839 0.2656182050704956 601
1781296705842 0.23640130460262299 602
1781296705845 0.39858704805374146 603
1781296705848 0.40981194376945496 604
1781296705851 0.5738548636436462 605
1781296705855 0.4192485213279724 606
1781296705858 0.6339288353919983 607
1781296705862 0.17817337810993195 608
1781296705865 0.21293233335018158 609
1781296705868 0.23898820579051971 610
1781296705871 0.3979831635951996 611
1781296705874 0.3199893534183502 612
1781296705877 0.3181789517402649 613
1781296705880 0.2380354106426239 614
1781296705882 0.2699606120586395 615
1781296705886 0.29412969946861267 616
1781296705888 0.33143138885498047 617
1781296705892 0.22798532247543335 618
1781296705895 0.38520559668540955 619
1781296705897 0.34212151169776917 620
1781296705903 0.34375905990600586 621
1781296705906 0.17736566066741943 622
1781296705909 0.46194759011268616 623
1781296705911 0.4089721143245697 624
1781296705915 0.18430040776729584 625
1781296705918 0.38007423281669617 626
1781296705920 0.2754712700843811 627
1781296705923 0.42065688967704773 628
1781296705925 0.34934088587760925 629
1781296705928 0.4305609464645386 630
1781296705931 0.39774560928344727 631
1781296705934 0.17316876351833344 632
1781296705937 0.5235300064086914 633
1781296705940 0.29317519068717957 634
1781296705943 0.2661419212818146 635
1781296705945 0.28745731711387634 636
1781296705948 0.4135468006134033 637
1781296705951 0.12514269351959229 638
1781296705953 0.2071099430322647 639
1781296705956 0.26383504271507263 640
1781296705959 0.33577799797058105 641
1781296705962 0.2698717415332794 642
1781296705964 0.1533679962158203 643
1781296705967 0.19044654071331024 644
1781296705969 0.3555540442466736 645
1781296705972 0.23908406496047974 646
1781296705974 0.20039460062980652 647
1781296705977 0.252237468957901 648
1781296705980 0.3392792344093323 649
1781296705982 0.3687703311443329 650
1781296705985 0.5110531449317932 651
1781296705987 0.2494601011276245 652
1781296705990 0.2169136106967926 653
1781296705993 0.33511582016944885 654
1781296705996 0.3527165949344635 655
1781296705998 0.35843425989151 656
1781296706001 0.18329636752605438 657
1781296706003 0.1612676978111267 658
1781296706006 0.34133628010749817 659
1781296706012 0.16078831255435944 660
1781296706017 0.11310355365276337 661
1781296706020 0.36106786131858826 662
1781296706022 0.29181867837905884 663
1781296706025 0.34185683727264404 664
1781296706028 0.19324463605880737 665
1781296706031 0.3092822730541229 666
1781296706034 0.39444851875305176 667
1781296706037 0.450661838054657 668
1781296706039 0.38535284996032715 669
1781296706042 0.1616903692483902 670
1781296706045 0.1413746327161789 671
1781296706048 0.2718757688999176 672
1781296706051 0.2181941419839859 673
1781296706053 0.3055049777030945 674
1781296706056 0.3620651364326477 675
1781296706059 0.2791028320789337 676
1781296706063 0.16737262904644012 677
1781296706066 0.38980352878570557 678
1781296706068 0.23151443898677826 679
1781296706071 0.1755165010690689 680
1781296706073 0.20942994952201843 681
1781296706076 0.2524929344654083 682
1781296706079 0.5268859267234802 683
1781296706081 0.2573629915714264 684
1781296706084 0.3372780680656433 685
1781296706086 0.5048648118972778 686
1781296706088 0.23878024518489838 687
1781296706091 0.28402072191238403 688
1781296706094 0.2184402197599411 689
1781296706097 0.1926702857017517 690
1781296706099 0.4115423262119293 691
1781296706102 0.15738998353481293 692
1781296706104 0.22094020247459412 693
1781296706107 0.46064651012420654 694
1781296706109 0.24964074790477753 695
1781296706112 0.16360993683338165 696
1781296706115 0.3920424282550812 697
1781296706118 0.24618259072303772 698
1781296706121 0.39914119243621826 699
1781296706123 0.21408939361572266 700
1781296706126 0.22118321061134338 701
1781296706129 0.21313129365444183 702
1781296706131 0.35710370540618896 703
1781296706133 0.2479463368654251 704
1781296706136 0.2947143316268921 705
1781296706138 0.43702027201652527 706
1781296706141 0.24114882946014404 707
1781296706144 0.5429087281227112 708
1781296706146 0.2571617066860199 709
1781296706149 0.32521679997444153 710
1781296706152 0.330730676651001 711
1781296706155 0.15883396565914154 712
1781296706158 0.2745889127254486 713
1781296706161 0.3384324908256531 714
1781296706163 0.3129941523075104 715
1781296706166 0.2229427844285965 716
1781296706168 0.3107469975948334 717
1781296706171 0.5693835616111755 718
1781296706173 0.21022401750087738 719
1781296706177 0.3003215789794922 720
1781296706179 0.31918075680732727 721
1781296706182 0.2431201934814453 722
1781296706184 0.1517736166715622 723
1781296706187 0.34468844532966614 724
1781296706193 0.26708701252937317 725
1781296706198 0.3209228813648224 726
1781296706201 0.15146087110042572 727
1781296706204 0.1944180727005005 728
1781296706206 0.1605626493692398 729
1781296706209 0.2678776681423187 730
1781296706212 0.3411824703216553 731
1781296706215 0.3322109580039978 732
1781296706217 0.26160117983818054 733
1781296706220 0.16889820992946625 734
1781296706222 0.41290873289108276 735
1781296706225 0.3401035666465759 736
1781296706228 0.20126473903656006 737
1781296706231 0.23484189808368683 738
1781296706234 0.26469966769218445 739
1781296706236 0.36092397570610046 740
1781296706239 0.2944025993347168 741
1781296706241 0.281335711479187 742
1781296706245 0.12790033221244812 743
1781296706247 0.2893601953983307 744
1781296706250 0.3863605260848999 745
1781296706252 0.19101913273334503 746
1781296706255 0.41180962324142456 747
1781296706257 0.1925312578678131 748
1781296706260 0.2518855929374695 749
1781296706263 0.31927064061164856 750
1781296706266 0.15766878426074982 751
1781296706268 0.17181481420993805 752
1781296706271 0.20928888022899628 753
1781296706273 0.22663918137550354 754
1781296706276 0.10876395553350449 755
1781296706279 0.2577195465564728 756
1781296706281 0.31050747632980347 757
1781296706284 0.2677014172077179 758
1781296706286 0.1969728022813797 759
1781296706289 0.6040523052215576 760
1781296706291 0.19346460700035095 761
1781296706294 0.2610018253326416 762
1781296706297 0.17583811283111572 763
1781296706299 0.4598611891269684 764
1781296706302 0.17406997084617615 765
1781296706304 0.324815571308136 766
1781296706309 0.14368551969528198 767
1781296706312 0.3222093880176544 768
1781296706314 0.3309263586997986 769
1781296706316 0.33888012170791626 770
1781296706319 0.49951666593551636 771
1781296706321 0.22346727550029755 772
1781296706324 0.13777288794517517 773
1781296706327 0.2329615205526352 774
1781296706330 0.27213090658187866 775
1781296706332 0.13308165967464447 776
1781296706335 0.20817705988883972 777
1781296706337 0.520725667476654 778
1781296706339 0.18784774839878082 779
1781296706343 0.49627459049224854 780
1781296706347 0.1649523377418518 781
1781296706350 0.2506060004234314 782
1781296706353 0.33786362409591675 783
1781296706356 0.19839200377464294 784
1781296706361 0.5296798348426819 785
1781296706365 0.16914893686771393 786
1781296706367 0.2417682260274887 787
1781296706370 0.25721415877342224 788
1781296706372 0.1612469106912613 789
1781296706376 0.19293512403964996 790
1781296706378 0.18408052623271942 791
1781296706381 0.42012497782707214 792
1781296706384 0.3757767081260681 793
1781296706386 0.21476855874061584 794
1781296706389 0.26112961769104004 795
1781296706391 0.15206068754196167 796
1781296706394 0.3035086989402771 797
1781296706398 0.17467179894447327 798
1781296706401 0.3707159161567688 799
1781296706404 0.29978057742118835 800
1781296706406 0.3017926514148712 801
1781296706409 0.1947382092475891 802
1781296706411 0.4777965545654297 803
1781296706414 0.09552954882383347 804
1781296706417 0.3376830220222473 805
1781296706419 0.1497267633676529 806
1781296706421 0.1676030457019806 807
1781296706424 0.2521989047527313 808
1781296706427 0.09155978262424469 809
1781296706430 0.5064735412597656 810
1781296706432 0.1304287165403366 811
1781296706435 0.376937597990036 812
1781296706437 0.19081281125545502 813
1781296706440 0.1869836002588272 814
1781296706442 0.26917198300361633 815
1781296706445 0.18075446784496307 816
1781296706448 0.3169024586677551 817
1781296706450 0.3260840177536011 818
1781296706453 0.32328423857688904 819
1781296706455 0.22817553579807281 820
1781296706458 0.2668741047382355 821
1781296706461 0.33918097615242004 822
1781296706464 0.22698357701301575 823
1781296706466 0.18816319108009338 824
1781296706469 0.18984365463256836 825
1781296706471 0.09262107312679291 826
1781296706474 0.08440049737691879 827
1781296706477 0.27473750710487366 828
1781296706480 0.13809573650360107 829
1781296706483 0.34260156750679016 830
1781296706485 0.21828484535217285 831
1781296706488 0.24929673969745636 832
1781296706490 0.20148314535617828 833
1781296706494 0.22979596257209778 834
1781296706497 0.11228710412979126 835
1781296706500 0.2725960910320282 836
1781296706502 0.17824611067771912 837
1781296706505 0.19000978767871857 838
1781296706507 0.2246427834033966 839
1781296706510 0.3971050977706909 840
1781296706515 0.35558682680130005 841
1781296706517 0.15007725358009338 842
1781296706520 0.3168681263923645 843
1781296706523 0.30454081296920776 844
1781296706525 0.28332245349884033 845
1781296706528 0.1920575052499771 846
1781296706531 0.2469833642244339 847
1781296706533 0.2614356577396393 848
1781296706536 0.3023746609687805 849
1781296706539 0.16625618934631348 850
1781296706541 0.32484734058380127 851
1781296706544 0.2323082983493805 852
1781296706547 0.4107724726200104 853
1781296706549 0.13318440318107605 854
1781296706552 0.23674744367599487 855
1781296706554 0.07254176586866379 856
1781296706558 0.2973027527332306 857
1781296706561 0.24296210706233978 858
1781296706563 0.15225398540496826 859
1781296706566 0.2819333076477051 860
1781296706568 0.23354384303092957 861
1781296706571 0.14215072989463806 862
1781296706573 0.1600753217935562 863
1781296706576 0.10699489712715149 864
1781296706579 0.46857938170433044 865
1781296706581 0.2222113013267517 866
1781296706584 0.28743577003479004 867
1781296706586 0.634655773639679 868
1781296706589 0.3219155967235565 869
1781296706591 0.14775590598583221 870
1781296706594 0.15202391147613525 871
1781296706596 0.20658348500728607 872
1781296706599 0.2506970167160034 873
1781296706601 0.3652200698852539 874
1781296706603 0.16564062237739563 875
1781296706606 0.08283574879169464 876
1781296706608 0.239126518368721 877
1781296706611 0.2772878408432007 878
1781296706614 0.40002769231796265 879
1781296706617 0.22668519616127014 880
1781296706619 0.27571478486061096 881
1781296706622 0.21033848822116852 882
1781296706624 0.195405974984169 883
1781296706627 0.1903391033411026 884
1781296706630 0.3916071653366089 885
1781296706633 0.2130528837442398 886
1781296706635 0.22827862203121185 887
1781296706637 0.22205254435539246 888
1781296706640 0.2542968988418579 889
1781296706643 0.20540130138397217 890
1781296706646 0.11557287722826004 891
1781296706649 0.1722085177898407 892
1781296706651 0.1214781254529953 893
1781296706654 0.43247148394584656 894
1781296706657 0.16882480680942535 895
1781296706660 0.16188134253025055 896
1781296706662 0.3452014923095703 897
1781296706665 0.31619447469711304 898
1781296706667 0.15165072679519653 899
1781296706670 0.2439773678779602 900
1781296706672 0.23147174715995789 901
1781296706675 0.2715144455432892 902
1781296706678 0.2924960255622864 903
1781296706680 0.18065233528614044 904
1781296706683 0.3189607262611389 905
1781296706685 0.23756515979766846 906
1781296706688 0.4003766179084778 907
1781296706690 0.30852439999580383 908
1781296706693 0.2503035068511963 909
1781296706695 0.27892106771469116 910
1781296706698 0.3144945204257965 911
1781296706700 0.14799965918064117 912
1781296706703 0.3838706314563751 913
1781296706706 0.13183318078517914 914
1781296706708 0.0854925662279129 915
1781296706711 0.19924506545066833 916
1781296706714 0.3068394958972931 917
1781296706716 0.21212759613990784 918
1781296706719 0.2202358990907669 919
1781296706721 0.3726300299167633 920
1781296706724 0.2987242341041565 921
1781296706727 0.32139062881469727 922
1781296706730 0.21252979338169098 923
1781296706732 0.24651718139648438 924
1781296706735 0.302433580160141 925
1781296706739 0.13732248544692993 926
1781296706741 0.1772911697626114 927
1781296706744 0.2000007927417755 928
1781296706750 0.25656378269195557 929
1781296706754 0.2122761607170105 930
1781296706757 0.20178861916065216 931
1781296706761 0.24444130063056946 932
1781296706764 0.34087616205215454 933
1781296706766 0.09652310609817505 934
1781296706769 0.16643869876861572 935
1781296706771 0.32140299677848816 936
1781296706958 0.48598864674568176 937
1781296706962 0.1494072824716568 938
1781296706964 0.12128767371177673 939
1781296706967 0.24108922481536865 940
1781296706969 0.2659547030925751 941
1781296706972 0.391844242811203 942
1781296706974 0.22064320743083954 943
1781296706977 0.16684329509735107 944
1781296706980 0.16112461686134338 945
1781296706982 0.20030160248279572 946
1781296706984 0.31969353556632996 947
1781296706987 0.3194131553173065 948
1781296706989 0.14053426682949066 949
1781296706992 0.16245877742767334 950
1781296706995 0.1588750034570694 951
1781296706997 0.2771393954753876 952
1781296707000 0.19975396990776062 953
1781296707002 0.3736550509929657 954
1781296707005 0.28591519594192505 955
1781296707007 0.11354798823595047 956
1781296707010 0.2010519653558731 957
1781296707013 0.34048131108283997 958
1781296707016 0.2530909478664398 959
1781296707018 0.20364826917648315 960
1781296707021 0.09239647537469864 961
1781296707024 0.16609710454940796 962
1781296707028 0.2674807608127594 963
1781296707030 0.3116164803504944 964
1781296707033 0.23279042541980743 965
1781296707035 0.205922931432724 966
1781296707038 0.17415909469127655 967
1781296707040 0.20786553621292114 968
1781296707043 0.3459087312221527 969
1781296707046 0.10464158654212952 970
1781296707048 0.17915651202201843 971
1781296707050 0.18240392208099365 972
1781296707053 0.16132798790931702 973
1781296707055 0.21923516690731049 974
1781296707059 0.36279115080833435 975
1781296707062 0.18790408968925476 976
1781296707065 0.1482904553413391 977
1781296707067 0.18548515439033508 978
1781296707070 0.17265605926513672 979
1781296707072 0.1911265105009079 980
1781296707075 0.4837179183959961 981
1781296707078 0.23154035210609436 982
1781296707080 0.20686165988445282 983
1781296707083 0.4678652584552765 984
1781296707085 0.26923713088035583 985
1781296707088 0.21436932682991028 986
1781296707090 0.22980116307735443 987
1781296707093 0.36601752042770386 988
1781296707096 0.21965105831623077 989
1781296707098 0.24303746223449707 990
1781296707101 0.2231815606355667 991
1781296707103 0.5186409950256348 992
1781296707105 0.1262279450893402 993
1781296707108 0.09785425662994385 994
1781296707111 0.15827064216136932 995
1781296707113 0.2396051585674286 996
1781296707117 0.2365970015525818 997
1781296707120 0.24003228545188904 998
1781296707123 0.27358853816986084 999
1781296707125 0.24773450195789337 1000
1781296707128 0.16236497461795807 1001
1781296707131 0.12127864360809326 1002
1781296707134 0.18667981028556824 1003
1781296707136 0.19740475714206696 1004
1781296707139 0.32409530878067017 1005
1781296707143 0.13931888341903687 1006
1781296707146 0.1641138643026352 1007
1781296707149 0.11386647075414658 1008
1781296707151 0.1334623247385025 1009
1781296707154 0.25569602847099304 1010
1781296707156 0.19355230033397675 1011
1781296707159 0.10407395660877228 1012
1781296707162 0.25809362530708313 1013
1781296707164 0.18145149946212769 1014
1781296707167 0.24528251588344574 1015
1781296707169 0.29058384895324707 1016
1781296707172 0.12027808278799057 1017
1781296707174 0.16532742977142334 1018
1781296707177 0.21073931455612183 1019
1781296707180 0.37573349475860596 1020
1781296707182 0.1489427536725998 1021
1781296707185 0.1825309544801712 1022
1781296707187 0.1749267280101776 1023
1781296707191 0.30789706110954285 1024
1781296707197 0.33302342891693115 1025
1781296707199 0.17175696790218353 1026
1781296707202 0.1996733546257019 1027
1781296707204 0.22555974125862122 1028
1781296707207 0.20524555444717407 1029
1781296707210 0.2933759093284607 1030
1781296707213 0.0770832970738411 1031
1781296707215 0.28140488266944885 1032
1781296707218 0.1271737962961197 1033
1781296707220 0.2054787427186966 1034
1781296707222 0.1342363953590393 1035
1781296707225 0.3518456220626831 1036
1781296707228 0.2187492549419403 1037
1781296707231 0.22768983244895935 1038
1781296707233 0.1628943532705307 1039
1781296707235 0.18701425194740295 1040
1781296707238 0.24487312138080597 1041
1781296707240 0.19882752001285553 1042
1781296707243 0.27207624912261963 1043
1781296707246 0.11236778646707535 1044
1781296707248 0.3247140645980835 1045
1781296707250 0.17361848056316376 1046
1781296707253 0.1719922423362732 1047
1781296707255 0.18710318207740784 1048
1781296707258 0.30806341767311096 1049
1781296707261 0.1927391141653061 1050
1781296707264 0.35850459337234497 1051
1781296707266 0.21083031594753265 1052
1781296707269 0.18315039575099945 1053
1781296707271 0.18160639703273773 1054
1781296707273 0.15621840953826904 1055
1781296707276 0.2540818750858307 1056
1781296707279 0.3836596608161926 1057
1781296707281 0.12730537354946136 1058
1781296707284 0.12572632730007172 1059
1781296707287 0.3231762647628784 1060
1781296707292 0.21265223622322083 1061
1781296707295 0.3382467031478882 1062
1781296707297 0.23607119917869568 1063
1781296707300 0.136037677526474 1064
1781296707302 0.1721750646829605 1065
1781296707305 0.2674153745174408 1066
1781296707308 0.12551255524158478 1067
1781296707310 0.05986229330301285 1068
1781296707313 0.09170643240213394 1069
1781296707315 0.24898414313793182 1070
1781296707318 0.15536867082118988 1071
1781296707320 0.2929273843765259 1072
1781296707323 0.09155234694480896 1073
1781296707325 0.22567136585712433 1074
1781296707328 0.15425434708595276 1075
1781296707330 0.19336092472076416 1076
1781296707333 0.2532269060611725 1077
1781296707335 0.2591311037540436 1078
1781296707338 0.18907104432582855 1079
1781296707340 0.2376718670129776 1080
1781296707343 0.2609909772872925 1081
1781296707346 0.15984120965003967 1082
1781296707348 0.12961256504058838 1083
1781296707351 0.15473826229572296 1084
1781296707353 0.13258953392505646 1085
1781296707355 0.14890499413013458 1086
1781296707358 0.09178681671619415 1087
1781296707361 0.2003784030675888 1088
1781296707364 0.3932172954082489 1089
1781296707366 0.2983202636241913 1090
1781296707369 0.21870076656341553 1091
1781296707371 0.31695955991744995 1092
1781296707374 0.15938423573970795 1093
1781296707376 0.20928195118904114 1094
1781296707379 0.1822347790002823 1095
1781296707382 0.1810118854045868 1096
1781296707384 0.197539284825325 1097
1781296707387 0.15817734599113464 1098
1781296707389 0.24158908426761627 1099
1781296707392 0.29663628339767456 1100
1781296707395 0.09804248064756393 1101
1781296707397 0.12207295745611191 1102
1781296707400 0.1343689113855362 1103
1781296707402 0.19237342476844788 1104
1781296707405 0.1958211362361908 1105
1781296707407 0.4622684121131897 1106
1781296707410 0.19348378479480743 1107
1781296707413 0.16168397665023804 1108
1781296707415 0.21305152773857117 1109
1781296707418 0.0870874673128128 1110
1781296707420 0.3751349151134491 1111
1781296707423 0.14829640090465546 1112
1781296707425 0.28738296031951904 1113
1781296707428 0.13276101648807526 1114
1781296707431 0.10788080841302872 1115
1781296707433 0.2431238889694214 1116
1781296707436 0.28414610028266907 1117
1781296707438 0.2931891083717346 1118
1781296707441 0.10974925011396408 1119
1781296707444 0.3610079884529114 1120
1781296707446 0.23774802684783936 1121
1781296707448 0.26063621044158936 1122
1781296707451 0.08921489119529724 1123
1781296707453 0.08676952123641968 1124
1781296707456 0.25989586114883423 1125
1781296707459 0.17122410237789154 1126
1781296707462 0.2460954636335373 1127
1781296707464 0.1765775829553604 1128
1781296707467 0.15549762547016144 1129
1781296707469 0.039801035076379776 1130
1781296707472 0.19077321887016296 1131
1781296707474 0.12702737748622894 1132
1781296707478 0.08655742555856705 1133
1781296707482 0.365127831697464 1134
1781296707484 0.15743547677993774 1135
1781296707487 0.1730491667985916 1136
1781296707489 0.14666041731834412 1137
1781296707492 0.09846919775009155 1138
1781296707495 0.21201206743717194 1139
1781296707497 0.15189228951931 1140
1781296707500 0.26588574051856995 1141
1781296707502 0.17961393296718597 1142
1781296707504 0.08247552812099457 1143
1781296707507 0.15269429981708527 1144
1781296707510 0.14172706007957458 1145
1781296707512 0.27823296189308167 1146
1781296707515 0.09479214251041412 1147
1781296707517 0.23518316447734833 1148
1781296707520 0.19736447930335999 1149
1781296707522 0.19767846167087555 1150
1781296707525 0.3412091135978699 1151
1781296707527 0.393867164850235 1152
1781296707530 0.10549990087747574 1153
1781296707532 0.3395901620388031 1154
1781296707535 0.15783394873142242 1155
1781296707537 0.13038156926631927 1156
1781296707540 0.17096556723117828 1157
1781296707544 0.3096151351928711 1158
1781296707547 0.30222874879837036 1159
1781296707549 0.07884121686220169 1160
1781296707552 0.22718212008476257 1161
1781296707554 0.2968292236328125 1162
1781296707557 0.11633496731519699 1163
1781296707560 0.3216862976551056 1164
1781296707563 0.22035187482833862 1165
1781296707565 0.1391531527042389 1166
1781296707568 0.11513031274080276 1167
1781296707570 0.3027522563934326 1168
1781296707573 0.07235176861286163 1169
1781296707576 0.3176008462905884 1170
1781296707579 0.22372089326381683 1171
1781296707581 0.16941164433956146 1172
1781296707584 0.11934272199869156 1173
1781296707587 0.12305678427219391 1174
1781296707589 0.34706929326057434 1175
1781296707592 0.2364240139722824 1176
1781296707595 0.22818030416965485 1177
1781296707598 0.15202254056930542 1178
1781296707600 0.24241086840629578 1179
1781296707602 0.12874765694141388 1180
1781296707605 0.11466938257217407 1181
1781296707608 0.5227656364440918 1182
1781296707611 0.24452699720859528 1183
1781296707613 0.29480111598968506 1184
1781296707617 0.07456972450017929 1185
1781296707619 0.2003455013036728 1186
1781296707622 0.26693224906921387 1187
1781296707624 0.1904381811618805 1188
1781296707627 0.23985590040683746 1189
1781296707630 0.10982153564691544 1190
1781296707632 0.17123647034168243 1191
1781296707635 0.126017764210701 1192
1781296707637 0.23020628094673157 1193
1781296707639 0.36484891176223755 1194
1781296707642 0.19162480533123016 1195
1781296707647 0.11163535714149475 1196
1781296707650 0.1535930037498474 1197
1781296707653 0.27148592472076416 1198
1781296707656 0.256808876991272 1199
1781296707660 0.21641850471496582 1200
1781296707663 0.26944518089294434 1201
1781296707666 0.30881214141845703 1202
1781296707668 0.1837030053138733 1203
1781296707671 0.14719471335411072 1204
1781296707673 0.23166696727275848 1205
1781296707676 0.44475892186164856 1206
1781296707679 0.23828846216201782 1207
1781296707681 0.13041913509368896 1208
1781296707684 0.17872066795825958 1209
1781296707686 0.2422000616788864 1210
1781296707689 0.42910557985305786 1211
1781296707692 0.15891918540000916 1212
1781296707695 0.13744144141674042 1213
1781296707698 0.2358262985944748 1214
1781296707701 0.30706480145454407 1215
1781296707703 0.19363151490688324 1216
1781296707706 0.0883258730173111 1217
1781296707708 0.27795180678367615 1218
1781296707711 0.339836448431015 1219
1781296707714 0.21970021724700928 1220
1781296707716 0.23306956887245178 1221
1781296707719 0.15305431187152863 1222
1781296707721 0.27446043491363525 1223
1781296707724 0.19816559553146362 1224
1781296707727 0.15653082728385925 1225
1781296707729 0.14021222293376923 1226
1781296707732 0.35218340158462524 1227
1781296707734 0.3171982169151306 1228
1781296707737 0.2409074455499649 1229
1781296707739 0.14785398542881012 1230
1781296707742 0.2935696840286255 1231
1781296707745 0.1362207680940628 1232
1781296707747 0.24087052047252655 1233
1781296707750 0.21245169639587402 1234
1781296707752 0.16057619452476501 1235
1781296707755 0.28782588243484497 1236
1781296707757 0.2778230309486389 1237
1781296707760 0.14902864396572113 1238
1781296707763 0.298829048871994 1239
1781296707765 0.18005971610546112 1240
1781296707768 0.28817135095596313 1241
1781296707771 0.17947804927825928 1242
1781296707773 0.1900033950805664 1243
1781296707776 0.06713879853487015 1244
1781296707779 0.13913723826408386 1245
1781296707782 0.16848145425319672 1246
1781296707785 0.12604941427707672 1247
1781296707787 0.2132491022348404 1248
1781296707790 0.18673932552337646 1249
1781296707792 0.2134542465209961 1250
1781296707795 0.2495633065700531 1251
1781296707798 0.11457956582307816 1252
1781296707800 0.16224980354309082 1253
1781296707802 0.07943486422300339 1254
1781296707805 0.1370420753955841 1255
1781296707808 0.15668536722660065 1256
1781296707811 0.12948015332221985 1257
1781296707814 0.10115128010511398 1258
1781296707816 0.123494952917099 1259
1781296707819 0.21032766997814178 1260
1781296707823 0.23513087630271912 1261
1781296707825 0.38451486825942993 1262
1781296707828 0.31637394428253174 1263
1781296707831 0.31927165389060974 1264
1781296707833 0.11472524702548981 1265
1781296707836 0.27453988790512085 1266
1781296707840 0.2754226326942444 1267
1781296707843 0.1984945684671402 1268
1781296707846 0.24967887997627258 1269
1781296707848 0.2017311453819275 1270
1781296707851 0.2459312230348587 1271
1781296707854 0.23444640636444092 1272
1781296707856 0.11942567676305771 1273
1781296707859 0.1807417869567871 1274
1781296707862 0.21806606650352478 1275
1781296707866 0.07951769977807999 1276
1781296707871 0.20737014710903168 1277
1781296707873 0.3250710368156433 1278
1781296707876 0.08954916149377823 1279
1781296707879 0.21440234780311584 1280
1781296707882 0.23919905722141266 1281
1781296707884 0.3204675316810608 1282
1781296707886 0.25099849700927734 1283
1781296707889 0.21689963340759277 1284
1781296707891 0.3276688754558563 1285
1781296707894 0.2499939203262329 1286
1781296707897 0.2669501304626465 1287
1781296707899 0.07518618553876877 1288
1781296707902 0.23610328137874603 1289
1781296707904 0.09558551758527756 1290
1781296707909 0.21207915246486664 1291
1781296707914 0.19055037200450897 1292
1781296707917 0.14586962759494781 1293
1781296707919 0.2113547921180725 1294
1781296707922 0.17985330522060394 1295
1781296707924 0.09290709346532822 1296
1781296707927 0.14634118974208832 1297
1781296707930 0.25883305072784424 1298
1781296707932 0.33499646186828613 1299
1781296707935 0.11219041049480438 1300
1781296707937 0.1771029680967331 1301
1781296707940 0.1494981050491333 1302
1781296707942 0.1048029437661171 1303
1781296707946 0.08118443936109543 1304
1781296707949 0.2836902141571045 1305
1781296707951 0.25281208753585815 1306
1781296707954 0.17562253773212433 1307
1781296707956 0.3429362177848816 1308
1781296707959 0.15611177682876587 1309
1781296707961 0.2316083163022995 1310
1781296707964 0.10138076543807983 1311
1781296707966 0.26122987270355225 1312
1781296707969 0.13007932901382446 1313
1781296707971 0.1570241004228592 1314
1781296707974 0.34334370493888855 1315
1781296707977 0.19306161999702454 1316
1781296707979 0.20265278220176697 1317
1781296707981 0.2722274661064148 1318
1781296707984 0.2365346997976303 1319
1781296707986 0.17923137545585632 1320
1781296707988 0.1625102162361145 1321
1781296707991 0.19036929309368134 1322
1781296707994 0.11231548339128494 1323
1781296708000 0.15297947824001312 1324
1781296708006 0.09919507056474686 1325
1781296708009 0.217593714594841 1326
1781296708012 0.1565232127904892 1327
1781296708014 0.2650056481361389 1328
1781296708017 0.22519826889038086 1329
1781296708019 0.2971043288707733 1330
1781296708021 0.17766280472278595 1331
1781296708025 0.39539510011672974 1332
1781296708028 0.14358387887477875 1333
1781296708031 0.171190544962883 1334
1781296708033 0.11769835650920868 1335
1781296708036 0.08133123070001602 1336
1781296708038 0.042938776314258575 1337
1781296708043 0.2439446896314621 1338
1781296708046 0.2493537962436676 1339
1781296708048 0.37615272402763367 1340
1781296708051 0.16318249702453613 1341
1781296708053 0.2136516124010086 1342
1781296708056 0.057007040828466415 1343
1781296708058 0.16558246314525604 1344
1781296708061 0.19673079252243042 1345
1781296708064 0.35280728340148926 1346
1781296708067 0.18042801320552826 1347
1781296708069 0.2144271731376648 1348
1781296708071 0.2683742344379425 1349
1781296708074 0.23721885681152344 1350
1781296708078 0.17481665313243866 1351
1781296708081 0.15348830819129944 1352
1781296708083 0.1704569309949875 1353
1781296708086 0.2040148675441742 1354
1781296708088 0.15305832028388977 1355
1781296708091 0.1677175909280777 1356
1781296708093 0.3446935713291168 1357
1781296708099 0.16991275548934937 1358
1781296708101 0.17202170193195343 1359
1781296708104 0.192848339676857 1360
1781296708106 0.24106520414352417 1361
1781296708109 0.3933180272579193 1362
1781296708112 0.4139573574066162 1363
1781296708115 0.08774922043085098 1364
1781296708117 0.21342334151268005 1365
1781296708120 0.07744891196489334 1366
1781296708122 0.15038220584392548 1367
1781296708125 0.25316187739372253 1368
1781296708128 0.1672079861164093 1369
1781296708130 0.13891392946243286 1370
1781296708133 0.09461003541946411 1371
1781296708135 0.20753417909145355 1372
1781296708138 0.14213623106479645 1373
1781296708140 0.23884238302707672 1374
1781296708145 0.15589211881160736 1375
1781296708148 0.18455302715301514 1376
1781296708150 0.06090168282389641 1377
1781296708153 0.09301432222127914 1378
1781296708155 0.20198950171470642 1379
1781296708158 0.10363064706325531 1380
1781296708161 0.2759213447570801 1381
1781296708163 0.14738036692142487 1382
1781296708166 0.17738036811351776 1383
1781296708168 0.13054117560386658 1384
1781296708171 0.11945020407438278 1385
1781296708173 0.05848056823015213 1386
1781296708176 0.211778923869133 1387
1781296708179 0.2479235827922821 1388
1781296708181 0.13363251090049744 1389
1781296708184 0.09485643357038498 1390
1781296708186 0.3170382082462311 1391
1781296708189 0.1821655035018921 1392
1781296708194 0.20681361854076385 1393
1781296708201 0.17329396307468414 1394
1781296708204 0.15148130059242249 1395
1781296708207 0.0592951774597168 1396
1781296708210 0.29834333062171936 1397
1781296708212 0.30765387415885925 1398
1781296708215 0.23467323184013367 1399
1781296708218 0.15402382612228394 1400
1781296708220 0.25833606719970703 1401
1781296708222 0.26828593015670776 1402
1781296708226 0.4545289874076843 1403
1781296708228 0.26456597447395325 1404
1781296708231 0.13110166788101196 1405
1781296708233 0.15780043601989746 1406
1781296708236 0.35613518953323364 1407
1781296708238 0.1459590196609497 1408
1781296708240 0.28405672311782837 1409
1781296708243 0.30231618881225586 1410
1781296708246 0.18066121637821198 1411
1781296708248 0.28061580657958984 1412
1781296708251 0.15932787954807281 1413
1781296708254 0.23927372694015503 1414
1781296708256 0.05715670809149742 1415
1781296708260 0.2661958634853363 1416
1781296708263 0.13173481822013855 1417
1781296708265 0.17368073761463165 1418
1781296708268 0.29138821363449097 1419
1781296708270 0.07984531670808792 1420
1781296708273 0.19595903158187866 1421
1781296708277 0.2224287986755371 1422
1781296708279 0.24975931644439697 1423
1781296708282 0.12425696849822998 1424
1781296708284 0.14092795550823212 1425
1781296708287 0.0659903734922409 1426
1781296708289 0.19858874380588531 1427
1781296708292 0.21172498166561127 1428
1781296708294 0.11963813006877899 1429
1781296708297 0.26703548431396484 1430
1781296708299 0.15472398698329926 1431
1781296708301 0.21546778082847595 1432
1781296708304 0.15505515038967133 1433
1781296708307 0.11823718994855881 1434
1781296708312 0.5037224888801575 1435
1781296708315 0.1479368954896927 1436
1781296708319 0.12299428135156631 1437
1781296708321 0.1460026204586029 1438
1781296708324 0.1174621656537056 1439
1781296708328 0.09441674500703812 1440
1781296708331 0.14135751128196716 1441
1781296708333 0.16140331327915192 1442
1781296708336 0.0716981291770935 1443
1781296708338 0.16563883423805237 1444
1781296708341 0.20038558542728424 1445
1781296708344 0.17750294506549835 1446
1781296708347 0.20885437726974487 1447
1781296708349 0.2768041789531708 1448
1781296708352 0.2662522494792938 1449
1781296708354 0.15230004489421844 1450
1781296708357 0.28646841645240784 1451
1781296708360 0.2337741106748581 1452
1781296708363 0.35899269580841064 1453
1781296708366 0.20392397046089172 1454
1781296708368 0.12501290440559387 1455
1781296708371 0.18138732016086578 1456
1781296708373 0.17867137491703033 1457
1781296708376 0.1513795107603073 1458
1781296708378 0.1505105048418045 1459
1781296708380 0.2906738817691803 1460
1781296708383 0.146099254488945 1461
1781296708385 0.061248328536748886 1462
1781296708387 0.0709952563047409 1463
1781296708390 0.07209192216396332 1464
1781296708393 0.30663400888442993 1465
1781296708398 0.09799130260944366 1466
1781296708400 0.15570013225078583 1467
1781296708403 0.16843806207180023 1468
1781296708405 0.2121758610010147 1469
1781296708407 0.2638803720474243 1470
1781296708410 0.1739596277475357 1471
1781296708413 0.125468447804451 1472
1781296708416 0.1992662400007248 1473
1781296708418 0.21575094759464264 1474
1781296708421 0.1687822937965393 1475
1781296708423 0.2576984465122223 1476
1781296708430 0.12271836400032043 1477
1781296708433 0.1750815063714981 1478
1781296708436 0.20173144340515137 1479
1781296708438 0.1693246066570282 1480
1781296708441 0.15723595023155212 1481
1781296708445 0.08324684202671051 1482
1781296708447 0.23306356370449066 1483
1781296708451 0.142955020070076 1484
1781296708457 0.09976784139871597 1485
1781296708462 0.28975909948349 1486
1781296708464 0.11713911592960358 1487
1781296708467 0.08203306794166565 1488
1781296708469 0.21462970972061157 1489
1781296708471 0.16442011296749115 1490
1781296708474 0.13532567024230957 1491
1781296708477 0.10193526744842529 1492
1781296708479 0.189102441072464 1493
1781296708482 0.13798417150974274 1494
1781296708484 0.26370587944984436 1495
1781296708487 0.18768291175365448 1496
1781296708489 0.0608200877904892 1497
1781296708492 0.05152234435081482 1498
1781296708495 0.24373503029346466 1499
1781296708497 0.12967954576015472 1500
1781296708500 0.24978624284267426 1501
1781296708502 0.21547479927539825 1502
1781296708505 0.2473180741071701 1503
1781296708508 0.2857126295566559 1504
1781296708511 0.1622086763381958 1505
1781296708513 0.19752980768680573 1506
1781296708516 0.222737655043602 1507
1781296708518 0.6303725838661194 1508
1781296708521 0.2048964947462082 1509
1781296708523 0.18073882162570953 1510
1781296708527 0.22060057520866394 1511
1781296708530 0.20267066359519958 1512
1781296708536 0.2594355046749115 1513
1781296708542 0.0556032769382 1514
1781296708548 0.11566291749477386 1515
1781296708550 0.20642730593681335 1516
1781296708553 0.23903760313987732 1517
1781296708556 0.10878333449363708 1518
1781296708559 0.48991990089416504 1519
1781296708562 0.24440908432006836 1520
1781296708565 0.0986735001206398 1521
1781296708567 0.22330893576145172 1522
1781296708570 0.22159452736377716 1523
1781296708572 0.14973831176757812 1524
1781296708577 0.17853891849517822 1525
1781296708579 0.13417918980121613 1526
1781296708582 0.0621035173535347 1527
1781296708584 0.08750371634960175 1528
1781296708586 0.19526325166225433 1529
1781296708589 0.16968359053134918 1530
1781296708592 0.20690713822841644 1531
1781296708598 0.2835402190685272 1532
1781296708602 0.15766622126102448 1533
1781296708605 0.173761785030365 1534
1781296708607 0.09035363048315048 1535
1781296708610 0.20100033283233643 1536
1781296708612 0.049458861351013184 1537
1781296708615 0.241162970662117 1538
1781296708618 0.17602548003196716 1539
1781296708620 0.1175975427031517 1540
1781296708623 0.2161581814289093 1541
1781296708625 0.174106165766716 1542
1781296708628 0.18259753286838531 1543
1781296708630 0.24707485735416412 1544
1781296708633 0.08913031220436096 1545
1781296708636 0.0472930483520031 1546
1781296708640 0.3109983503818512 1547
1781296708642 0.14310574531555176 1548
1781296708645 0.21980464458465576 1549
1781296708648 0.22079651057720184 1550
1781296708651 0.24998179078102112 1551
1781296708653 0.30296266078948975 1552
1781296708656 0.14814665913581848 1553
1781296708659 0.12948621809482574 1554
1781296708662 0.11842769384384155 1555
1781296708665 0.07958269864320755 1556
1781296708667 0.2053191363811493 1557
1781296708670 0.07592907547950745 1558
1781296708673 0.16926388442516327 1559
1781296708676 0.1557241976261139 1560
1781296708679 0.1808076649904251 1561
1781296708681 0.08176273852586746 1562
1781296708684 0.08583863079547882 1563
1781296708687 0.07802680134773254 1564
1781296708690 0.1896754950284958 1565
1781296708693 0.12241833657026291 1566
1781296708696 0.2246030569076538 1567
1781296708699 0.22914564609527588 1568
1781296708702 0.25295326113700867 1569
1781296708704 0.20027470588684082 1570
1781296708707 0.2756088078022003 1571
1781296708710 0.17684265971183777 1572
1781296708713 0.12255691736936569 1573
1781296708715 0.30531296133995056 1574
1781296708718 0.09853477030992508 1575
1781296708720 0.1760013997554779 1576
1781296708723 0.2833508849143982 1577
1781296708728 0.1621546745300293 1578
1781296708730 0.1765749603509903 1579
1781296708733 0.11958346515893936 1580
1781296708735 0.36326834559440613 1581
1781296708738 0.06533893942832947 1582
1781296708741 0.17335247993469238 1583
1781296708744 0.2154044806957245 1584
1781296708747 0.09466945379972458 1585
1781296708749 0.16770020127296448 1586
1781296708752 0.1913762092590332 1587
1781296708755 0.12413366883993149 1588
1781296708757 0.11034039407968521 1589
1781296708760 0.13596586883068085 1590
1781296708763 0.1387520730495453 1591
1781296708766 0.22077205777168274 1592
1781296708768 0.0670790821313858 1593
1781296708771 0.1385951191186905 1594
1781296708773 0.10630057007074356 1595
1781296708776 0.1500440239906311 1596
1781296708779 0.0931200310587883 1597
1781296708781 0.11112643778324127 1598
1781296708784 0.0983365923166275 1599
1781296708786 0.13551269471645355 1600
1781296708788 0.18867598474025726 1601
1781296708791 0.20460666716098785 1602
1781296708794 0.161931574344635 1603
1781296708796 0.17905789613723755 1604
1781296708799 0.13921679556369781 1605
1781296708801 0.29190805554389954 1606
1781296708804 0.2517068088054657 1607
1781296708806 0.05296311900019646 1608
1781296708809 0.1424299031496048 1609
1781296708812 0.07401139289140701 1610
1781296708815 0.17670004069805145 1611
1781296708817 0.1228911429643631 1612
1781296708820 0.16333363950252533 1613
1781296708822 0.23847366869449615 1614
1781296708825 0.3867206275463104 1615
1781296708828 0.1453259140253067 1616
1781296708831 0.1965743750333786 1617
1781296708834 0.2036982774734497 1618
1781296708837 0.23593424260616302 1619
1781296708839 0.30244681239128113 1620
1781296708843 0.10677851736545563 1621
1781296708846 0.2911553680896759 1622
1781296708849 0.17930826544761658 1623
1781296708851 0.3323705196380615 1624
1781296708854 0.14968864619731903 1625
1781296708857 0.13312996923923492 1626
1781296708860 0.2695675790309906 1627
1781296708862 0.06450174003839493 1628
1781296708865 0.16502486169338226 1629
1781296708867 0.1494104564189911 1630
1781296708870 0.0665893703699112 1631
1781296708872 0.22905820608139038 1632
1781296708876 0.11295650899410248 1633
1781296708879 0.12666651606559753 1634
1781296708881 0.21964146196842194 1635
1781296708884 0.12328993529081345 1636
1781296708886 0.1838654726743698 1637
1781296708888 0.1737142652273178 1638
1781296708891 0.058487534523010254 1639
1781296708895 0.1849752515554428 1640
1781296708897 0.16402649879455566 1641
1781296708900 0.1369381695985794 1642
1781296708903 0.20968252420425415 1643
1781296708906 0.10644543170928955 1644
1781296708909 0.21817971765995026 1645
1781296708911 0.34278562664985657 1646
1781296708914 0.10342895239591599 1647
1781296708917 0.08046698570251465 1648
1781296708920 0.2398146539926529 1649
1781296708922 0.05071823671460152 1650
1781296708925 0.1428092122077942 1651
1781296708927 0.062329091131687164 1652
1781296708930 0.1802356094121933 1653
1781296708933 0.1424400508403778 1654
1781296708936 0.24018000066280365 1655
1781296708938 0.13628047704696655 1656
1781296708941 0.13493742048740387 1657
1781296708944 0.14648494124412537 1658
1781296708947 0.07908350974321365 1659
1781296708949 0.26132336258888245 1660
1781296708952 0.08131249248981476 1661
1781296708954 0.1317145675420761 1662
1781296708958 0.3821521997451782 1663
1781296708964 0.5577725768089294 1664
1781296708967 0.10486815124750137 1665
1781296708969 0.13180889189243317 1666
1781296708972 0.16754700243473053 1667
1781296708978 0.159249946475029 1668
1781296708981 0.2551053762435913 1669
1781296708983 0.07595624774694443 1670
1781296708986 0.10193628817796707 1671
1781296708988 0.13593141734600067 1672
1781296708992 0.2739476263523102 1673
1781296708995 0.06973488628864288 1674
1781296708997 0.27239975333213806 1675
1781296709000 0.21053262054920197 1676
1781296709003 0.14458319544792175 1677
1781296709005 0.19615192711353302 1678
1781296709009 0.08251205086708069 1679
1781296709012 0.28492069244384766 1680
1781296709015 0.13155093789100647 1681
1781296709017 0.0885586366057396 1682
1781296709020 0.10567536950111389 1683
1781296709022 0.1318272054195404 1684
1781296709025 0.2005579024553299 1685
1781296709028 0.05210689827799797 1686
1781296709030 0.1938559114933014 1687
1781296709033 0.09476836770772934 1688
1781296709035 0.041450027376413345 1689
1781296709038 0.23925843834877014 1690
1781296709040 0.08543495088815689 1691
1781296709043 0.055467430502176285 1692
1781296709046 0.227131649851799 1693
1781296709049 0.07736658304929733 1694
1781296709051 0.23134876787662506 1695
1781296709054 0.2623326778411865 1696
1781296709057 0.09990531206130981 1697
1781296709060 0.2164515256881714 1698
1781296709063 0.08572908490896225 1699
1781296709065 0.10311812907457352 1700
1781296709068 0.11843880265951157 1701
1781296709071 0.1567540019750595 1702
1781296709074 0.09303523600101471 1703
1781296709077 0.1807018667459488 1704
1781296709080 0.10714030265808105 1705
1781296709083 0.11401252448558807 1706
1781296709085 0.3724242150783539 1707
1781296709088 0.2060856819152832 1708
1781296709090 0.13283762335777283 1709
1781296709094 0.09619852900505066 1710
1781296709101 0.09709249436855316 1711
1781296709106 0.05708364024758339 1712
1781296709109 0.13757216930389404 1713
1781296709113 0.19105663895606995 1714
1781296709115 0.104944609105587 1715
1781296709118 0.20727495849132538 1716
1781296709120 0.05852571874856949 1717
1781296709122 0.09685545414686203 1718
1781296709125 0.30295684933662415 1719
1781296709129 0.1734224110841751 1720
1781296709131 0.12142200022935867 1721
1781296709133 0.1380677968263626 1722
1781296709136 0.12174758315086365 1723
1781296709138 0.08327344805002213 1724
1781296709141 0.13435521721839905 1725
1781296709144 0.1443427950143814 1726
1781296709146 0.09960202127695084 1727
1781296709149 0.177750825881958 1728
1781296709151 0.18874137103557587 1729
1781296709154 0.2591967284679413 1730
1781296709158 0.2586999833583832 1731
1781296709161 0.2684270441532135 1732
1781296709164 0.19842100143432617 1733
1781296709166 0.22374571859836578 1734
1781296709169 0.24637465178966522 1735
1781296709171 0.23238591849803925 1736
1781296709175 0.07995884120464325 1737
1781296709179 0.11822610348463058 1738
1781296709182 0.0825478583574295 1739
1781296709184 0.05561226233839989 1740
1781296709187 0.15033170580863953 1741
1781296709189 0.18724733591079712 1742
1781296709193 0.11031780391931534 1743
1781296709195 0.17679810523986816 1744
1781296709198 0.08808009326457977 1745
1781296709200 0.07263696938753128 1746
1781296709203 0.16207928955554962 1747
1781296709206 0.23726487159729004 1748
1781296709208 0.32300102710723877 1749
1781296709211 0.20384283363819122 1750
1781296709214 0.08317837864160538 1751
1781296709217 0.13562528789043427 1752
1781296709220 0.10739711672067642 1753
1781296709223 0.21647535264492035 1754
1781296709226 0.208739772439003 1755
1781296709229 0.05938323587179184 1756
1781296709232 0.14729107916355133 1757
1781296709235 0.15750175714492798 1758
1781296709237 0.12843263149261475 1759
1781296709239 0.13276797533035278 1760
1781296709242 0.1712135523557663 1761
1781296709245 0.22646497189998627 1762
1781296709248 0.09801055490970612 1763
1781296709250 0.12405730038881302 1764
1781296709253 0.04793207719922066 1765
1781296709258 0.10127195715904236 1766
1781296709261 0.0969817265868187 1767
1781296709264 0.2577882409095764 1768
1781296709266 0.2015574723482132 1769
1781296709269 0.3231862485408783 1770
1781296709271 0.10921069234609604 1771
1781296709274 0.37728989124298096 1772
1781296709277 0.26130375266075134 1773
1781296709279 0.09517710655927658 1774
1781296709282 0.15568943321704865 1775
1781296709284 0.15118205547332764 1776
1781296709287 0.2068864405155182 1777
1781296709290 0.07288973778486252 1778
1781296709292 0.1761598289012909 1779
1781296709296 0.1964261829853058 1780
1781296709299 0.1840452253818512 1781
1781296709302 0.178569957613945 1782
1781296709305 0.11300019174814224 1783
1781296709309 0.18442925810813904 1784
1781296709311 0.23263110220432281 1785
1781296709314 0.2513542175292969 1786
1781296709316 0.2240217626094818 1787
1781296709319 0.21851715445518494 1788
1781296709321 0.0616617426276207 1789
1781296709325 0.11682648211717606 1790
1781296709328 0.15780998766422272 1791
1781296709330 0.11055677384138107 1792
1781296709333 0.09656765311956406 1793
1781296709336 0.09977250546216965 1794
1781296709338 0.1879911869764328 1795
1781296709341 0.07854752242565155 1796
1781296709345 0.10544374585151672 1797
1781296709348 0.3372470736503601 1798
1781296709350 0.19465447962284088 1799
1781296709353 0.07560276240110397 1800
1781296709356 0.166839137673378 1801
1781296709358 0.07476845383644104 1802
1781296709361 0.14811526238918304 1803
1781296709364 0.12293980270624161 1804
1781296709367 0.16182386875152588 1805
1781296709369 0.05469367653131485 1806
1781296709371 0.2971500754356384 1807
1781296709374 0.15194827318191528 1808
1781296709377 0.4807523787021637 1809
1781296709380 0.07575786858797073 1810
1781296709382 0.3091278374195099 1811
1781296709386 0.2171960473060608 1812
1781296709389 0.09073007851839066 1813
1781296709393 0.24835288524627686 1814
1781296709396 0.06661327928304672 1815
1781296709399 0.1558961123228073 1816
1781296709402 0.1343570500612259 1817
1781296709404 0.3004731833934784 1818
1781296709407 0.036559879779815674 1819
1781296709410 0.172948956489563 1820
1781296709413 0.2870328426361084 1821
1781296709416 0.14610353112220764 1822
1781296709419 0.16170667111873627 1823
1781296709421 0.1671283096075058 1824
1781296709424 0.22366759181022644 1825
1781296709427 0.18650634586811066 1826
1781296709430 0.2163415104150772 1827
1781296709433 0.07635597884654999 1828
1781296709435 0.2114417403936386 1829
1781296709438 0.1265750229358673 1830
1781296709441 0.15614594519138336 1831
1781296709445 0.03071635030210018 1832
1781296709448 0.5049912929534912 1833
1781296709450 0.09783949702978134 1834
1781296709454 0.13254423439502716 1835
1781296709456 0.15280376374721527 1836
1781296709459 0.13510963320732117 1837
1781296709462 0.11325060576200485 1838
1781296709464 0.10458424687385559 1839
1781296709466 0.46651703119277954 1840
1781296709469 0.15778295695781708 1841
1781296709471 0.2606380581855774 1842
1781296709474 0.19202376902103424 1843
1781296709477 0.09219509363174438 1844
1781296709480 0.22704659402370453 1845
1781296709482 0.2327067106962204 1846
1781296709485 0.26917901635169983 1847
1781296709488 0.04224337264895439 1848
1781296709491 0.15954385697841644 1849
1781296709494 0.17059844732284546 1850
1781296709497 0.1436428278684616 1851
1781296709500 0.14081715047359467 1852
1781296709503 0.1467660665512085 1853
1781296709505 0.17343740165233612 1854
1781296709508 0.29216986894607544 1855
1781296709511 0.0898272693157196 1856
1781296709514 0.2086675763130188 1857
1781296709517 0.22360444068908691 1858
1781296709520 0.08526983857154846 1859
1781296709523 0.16644641757011414 1860
1781296709527 0.08367756754159927 1861
1781296709530 0.06764262169599533 1862
1781296709533 0.2500278353691101 1863
1781296709536 0.2294321358203888 1864
1781296709538 0.0662478655576706 1865
1781296709541 0.17555654048919678 1866
1781296709543 0.13333970308303833 1867
1781296709546 0.23673716187477112 1868
1781296709549 0.15790744125843048 1869
1781296709551 0.18415473401546478 1870
1781296709555 0.30647310614585876 1871
1781296709559 0.22748957574367523 1872
1781296709562 0.16490592062473297 1873
1781296709752 0.09484921395778656 1874
1781296709755 0.10728727281093597 1875
1781296709757 0.12303254008293152 1876
1781296709760 0.1531265676021576 1877
1781296709763 0.2249259203672409 1878
1781296709765 0.09225714951753616 1879
1781296709768 0.21602363884449005 1880
1781296709770 0.1934681236743927 1881
1781296709773 0.25911712646484375 1882
1781296709775 0.129652738571167 1883
1781296709778 0.06775549054145813 1884
1781296709780 0.335177481174469 1885
1781296709783 0.14268754422664642 1886
1781296709786 0.20211727917194366 1887
1781296709789 0.1171811893582344 1888
1781296709793 0.24006782472133636 1889
1781296709796 0.10819486528635025 1890
1781296709798 0.3517959713935852 1891
1781296709800 0.08475538343191147 1892
1781296709803 0.2776804566383362 1893
1781296709805 0.24924682080745697 1894
1781296709809 0.1340821534395218 1895
1781296709812 0.0874861478805542 1896
1781296709814 0.0909123495221138 1897
1781296709817 0.1842033714056015 1898
1781296709819 0.13002458214759827 1899
1781296709821 0.10057777166366577 1900
1781296709824 0.16059386730194092 1901
1781296709827 0.1727140247821808 1902
1781296709829 0.177157923579216 1903
1781296709832 0.13670092821121216 1904
1781296709835 0.07685938477516174 1905
1781296709837 0.11919233947992325 1906
1781296709840 0.24725838005542755 1907
1781296709842 0.09961795061826706 1908
1781296709846 0.2549036145210266 1909
1781296709848 0.261394202709198 1910
1781296709851 0.21086783707141876 1911
1781296709853 0.14512500166893005 1912
1781296709855 0.1804271936416626 1913
1781296709858 0.06455174833536148 1914
1781296709861 0.32587510347366333 1915
1781296709864 0.2687346041202545 1916
1781296709866 0.162978395819664 1917
1781296709869 0.16307255625724792 1918
1781296709871 0.07689967751502991 1919
1781296709874 0.07321657985448837 1920
1781296709876 0.22682201862335205 1921
1781296709879 0.23295369744300842 1922
1781296709881 0.12394779920578003 1923
1781296709883 0.24432888627052307 1924
1781296709886 0.1142706573009491 1925
1781296709888 0.12873169779777527 1926
1781296709891 0.09407295286655426 1927
1781296709894 0.1063525378704071 1928
1781296709897 0.2634510397911072 1929
1781296709899 0.09587682038545609 1930
1781296709901 0.29381829500198364 1931
1781296709904 0.10863519459962845 1932
1781296709906 0.16997575759887695 1933
1781296709910 0.03666040301322937 1934
1781296709913 0.23091398179531097 1935
1781296709915 0.19080311059951782 1936
1781296709919 0.12551511824131012 1937
1781296709921 0.12341749668121338 1938
1781296709923 0.08113302290439606 1939
1781296709926 0.2596331238746643 1940
1781296709929 0.10594576597213745 1941
1781296709931 0.07185854017734528 1942
1781296709934 0.048651207238435745 1943
1781296709936 0.14273685216903687 1944
1781296709939 0.15690065920352936 1945
1781296709941 0.12906962633132935 1946
1781296709944 0.06186055764555931 1947
1781296709947 0.07037220895290375 1948
1781296709949 0.09279419481754303 1949
1781296709952 0.05862890183925629 1950
1781296709954 0.12768283486366272 1951
1781296709957 0.09327774494886398 1952
1781296709959 0.062094107270240784 1953
1781296709962 0.05331121385097504 1954
1781296709964 0.20306694507598877 1955
1781296709967 0.30017387866973877 1956
1781296709969 0.10807958990335464 1957
1781296709972 0.22078685462474823 1958
1781296709976 0.10209528356790543 1959
1781296709978 0.16275417804718018 1960
1781296709980 0.04222836717963219 1961
1781296709983 0.16772860288619995 1962
1781296709985 0.26594021916389465 1963
1781296709987 0.22568279504776 1964
1781296709990 0.08548887073993683 1965
1781296709993 0.14799711108207703 1966
1781296709996 0.14919553697109222 1967
1781296709998 0.15499721467494965 1968
1781296710000 0.06756103783845901 1969
1781296710002 0.15144458413124084 1970
1781296710005 0.3655603528022766 1971
1781296710007 0.04246958717703819 1972
1781296710010 0.20958161354064941 1973
1781296710013 0.14528146386146545 1974
1781296710015 0.10719308257102966 1975
1781296710017 0.08870125561952591 1976
1781296710020 0.17455726861953735 1977
1781296710022 0.10813058167695999 1978
1781296710025 0.22467230260372162 1979
1781296710028 0.10990773886442184 1980
1781296710031 0.11606152355670929 1981
1781296710033 0.24599069356918335 1982
1781296710036 0.17572656273841858 1983
1781296710038 0.11571058630943298 1984
1781296710040 0.05826900526881218 1985
1781296710043 0.13456103205680847 1986
1781296710046 0.16471850872039795 1987
1781296710048 0.23068150877952576 1988
1781296710050 0.1426110714673996 1989
1781296710053 0.08310063183307648 1990
1781296710055 0.2975417971611023 1991
1781296710058 0.06287845224142075 1992
1781296710060 0.06607047468423843 1993
1781296710063 0.04606141149997711 1994
1781296710066 0.27563348412513733 1995
1781296710068 0.3438001871109009 1996
1781296710071 0.1103605404496193 1997
1781296710073 0.1597193032503128 1998
1781296710075 0.11128903925418854 1999
1781296710078 0.10520274192094803 2000
1781296710080 0.11214812844991684 2001
1781296710083 0.14397375285625458 2002
1781296710085 0.07679817825555801 2003
1781296710088 0.1812036633491516 2004
1781296710091 0.12393052130937576 2005
1781296710094 0.23649434745311737 2006
1781296710097 0.07511109113693237 2007
1781296710103 0.14306651055812836 2008
1781296710106 0.0748131200671196 2009
1781296710109 0.15630750358104706 2010
1781296710112 0.10579580813646317 2011
1781296710114 0.13477367162704468 2012
1781296710117 0.054750896990299225 2013
1781296710120 0.10684474557638168 2014
1781296710122 0.1462591588497162 2015
1781296710125 0.07750906050205231 2016
1781296710127 0.1845780909061432 2017
1781296710130 0.1584804356098175 2018
1781296710132 0.06260816752910614 2019
1781296710135 0.09171958267688751 2020
1781296710138 0.11040914058685303 2021
1781296710141 0.06526932865381241 2022
1781296710143 0.2369442582130432 2023
1781296710146 0.03433947265148163 2024
1781296710148 0.36041852831840515 2025
1781296710151 0.12037134170532227 2026
1781296710153 0.11194130033254623 2027
1781296710156 0.05920468270778656 2028
1781296710159 0.12226931750774384 2029
1781296710161 0.07893388718366623 2030
1781296710164 0.23752303421497345 2031
1781296710166 0.10529214888811111 2032
1781296710169 0.08733013272285461 2033
1781296710171 0.10359000414609909 2034
1781296710174 0.14588798582553864 2035
1781296710176 0.0972999706864357 2036
1781296710179 0.18051758408546448 2037
1781296710181 0.17551732063293457 2038
1781296710184 0.15450364351272583 2039
1781296710186 0.1184583380818367 2040
1781296710189 0.03159458562731743 2041
1781296710192 0.05607273429632187 2042
1781296710195 0.2138076275587082 2043
1781296710197 0.10168613493442535 2044
1781296710200 0.08593659847974777 2045
1781296710202 0.12696734070777893 2046
1781296710204 0.20465411245822906 2047
1781296710207 0.15160228312015533 2048
1781296710210 0.11224847286939621 2049
1781296710213 0.13616986572742462 2050
1781296710215 0.03920368105173111 2051
1781296710218 0.13515295088291168 2052
1781296710221 0.07907288521528244 2053
1781296710223 0.246857687830925 2054
1781296710226 0.2301311045885086 2055
1781296710229 0.21875441074371338 2056
1781296710231 0.29457467794418335 2057
1781296710234 0.17281809449195862 2058
1781296710238 0.15943479537963867 2059
1781296710240 0.09972263872623444 2060
1781296710243 0.11609221249818802 2061
1781296710248 0.07393678277730942 2062
1781296710253 0.19923155009746552 2063
1781296710256 0.027224509045481682 2064
1781296710259 0.17548491060733795 2065
1781296710262 0.25525742769241333 2066
1781296710264 0.11485745012760162 2067
1781296710267 0.09454254806041718 2068
1781296710269 0.3796204626560211 2069
1781296710273 0.16997738182544708 2070
1781296710277 0.1353311687707901 2071
1781296710280 0.1019560694694519 2072
1781296710283 0.27592387795448303 2073
1781296710285 0.13236869871616364 2074
1781296710288 0.21465249359607697 2075
1781296710291 0.12653402984142303 2076
1781296710294 0.08611145615577698 2077
1781296710296 0.10039432346820831 2078
1781296710299 0.10462644696235657 2079
1781296710301 0.33185938000679016 2080
1781296710304 0.2615240216255188 2081
1781296710307 0.284286230802536 2082
1781296710310 0.14127323031425476 2083
1781296710312 0.2576085329055786 2084
1781296710315 0.09765984863042831 2085
1781296710318 0.11857660114765167 2086
1781296710320 0.0642305240035057 2087
1781296710323 0.11944368481636047 2088
1781296710325 0.18626166880130768 2089
1781296710328 0.3626210689544678 2090
1781296710331 0.12781479954719543 2091
1781296710333 0.18232320249080658 2092
1781296710336 0.23171207308769226 2093
1781296710338 0.14191554486751556 2094
1781296710342 0.07107126712799072 2095
1781296710345 0.15522369742393494 2096
1781296710347 0.12006722390651703 2097
1781296710350 0.2392200082540512 2098
1781296710352 0.0732402503490448 2099
1781296710355 0.08406611531972885 2100
1781296710359 0.04009323567152023 2101
1781296710362 0.12410794198513031 2102
1781296710365 0.28540343046188354 2103
1781296710367 0.11441565304994583 2104
1781296710370 0.09939121454954147 2105
1781296710372 0.03467264398932457 2106
1781296710375 0.07501449435949326 2107
1781296710377 0.08941330760717392 2108
1781296710380 0.0706830769777298 2109
1781296710382 0.09210565686225891 2110
1781296710385 0.15815579891204834 2111
1781296710387 0.05859944596886635 2112
1781296710390 0.22297385334968567 2113
1781296710393 0.10970698297023773 2114
1781296710396 0.20413199067115784 2115
1781296710398 0.46195748448371887 2116
1781296710400 0.09587669372558594 2117
1781296710403 0.11529099196195602 2118
1781296710405 0.1510026752948761 2119
1781296710408 0.04492928460240364 2120
1781296710411 0.13464713096618652 2121
1781296710414 0.18224571645259857 2122
1781296710416 0.2267356812953949 2123
1781296710419 0.05418180674314499 2124
1781296710421 0.09776385128498077 2125
1781296710424 0.11724410951137543 2126
1781296710427 0.11440098285675049 2127
1781296710430 0.1185072585940361 2128
1781296710433 0.11737515777349472 2129
1781296710435 0.24864746630191803 2130
1781296710438 0.13810645043849945 2131
1781296710441 0.1209402084350586 2132
1781296710444 0.15475869178771973 2133
1781296710446 0.1071498766541481 2134
1781296710449 0.08265724033117294 2135
1781296710452 0.18143734335899353 2136
1781296710454 0.2763747274875641 2137
1781296710457 0.14196550846099854 2138
1781296710459 0.11612343788146973 2139
1781296710462 0.20815014839172363 2140
1781296710465 0.10599009692668915 2141
1781296710468 0.15956512093544006 2142
1781296710471 0.32522380352020264 2143
1781296710473 0.3119337558746338 2144
1781296710476 0.09626676142215729 2145
1781296710479 0.15722090005874634 2146
1781296710482 0.3348548710346222 2147
1781296710484 0.13015371561050415 2148
1781296710487 0.080287866294384 2149
1781296710489 0.06312007457017899 2150
1781296710492 0.1606886088848114 2151
1781296710495 0.062256183475255966 2152
1781296710497 0.2428150773048401 2153
1781296710500 0.09174192696809769 2154
1781296710502 0.1593407690525055 2155
1781296710505 0.15199925005435944 2156
1781296710508 0.23555096983909607 2157
1781296710511 0.1186855286359787 2158
1781296710514 0.07911508530378342 2159
1781296710516 0.11370691657066345 2160
1781296710519 0.055881038308143616 2161
1781296710521 0.08297596126794815 2162
1781296710524 0.19795063138008118 2163
1781296710527 0.10150309652090073 2164
1781296710530 0.11324583739042282 2165
1781296710532 0.1285795420408249 2166
1781296710535 0.14377279579639435 2167
1781296710537 0.1533828228712082 2168
1781296710540 0.15998457372188568 2169
1781296710543 0.08357974141836166 2170
1781296710546 0.07776476442813873 2171
1781296710549 0.06510697305202484 2172
1781296710551 0.18261511623859406 2173
1781296710554 0.13589255511760712 2174
1781296710561 0.17137716710567474 2175
1781296710563 0.23538698256015778 2176
1781296710566 0.06831742078065872 2177
1781296710569 0.08158030360937119 2178
1781296710571 0.18818289041519165 2179
1781296710574 0.14185713231563568 2180
1781296710577 0.1586763560771942 2181
1781296710579 0.09844427555799484 2182
1781296710582 0.08133556693792343 2183
1781296710584 0.17101728916168213 2184
1781296710587 0.07017278671264648 2185
1781296710589 0.020019661635160446 2186
1781296710592 0.2493140548467636 2187
1781296710595 0.09162823855876923 2188
1781296710597 0.0799248144030571 2189
1781296710600 0.06480886042118073 2190
1781296710602 0.12896713614463806 2191
1781296710605 0.03921335190534592 2192
1781296710608 0.08588767796754837 2193
1781296710611 0.13723653554916382 2194
1781296710614 0.2685011029243469 2195
1781296710616 0.05855521932244301 2196
1781296710619 0.17142963409423828 2197
1781296710621 0.16172701120376587 2198
1781296710624 0.31599417328834534 2199
1781296710627 0.18419843912124634 2200
1781296710630 0.11915100365877151 2201
1781296710633 0.062053825706243515 2202
1781296710636 0.161967933177948 2203
1781296710638 0.1528601497411728 2204
1781296710641 0.13197290897369385 2205
1781296710644 0.10896047204732895 2206
1781296710646 0.07384603470563889 2207
1781296710649 0.12735779583454132 2208
1781296710651 0.03323778510093689 2209
1781296710654 0.09707200527191162 2210
1781296710656 0.16113977134227753 2211
1781296710659 0.27173101902008057 2212
1781296710662 0.16204501688480377 2213
1781296710665 0.09436990320682526 2214
1781296710667 0.1634831428527832 2215
1781296710671 0.10935133695602417 2216
1781296710673 0.1659143567085266 2217
1781296710676 0.17948397994041443 2218
1781296710678 0.13683560490608215 2219
1781296710681 0.1521044820547104 2220
1781296710683 0.1528075486421585 2221
1781296710686 0.06583593040704727 2222
1781296710689 0.1446520984172821 2223
1781296710692 0.1259223073720932 2224
1781296710695 0.13305369019508362 2225
1781296710698 0.05026373267173767 2226
1781296710700 0.2216949313879013 2227
1781296710703 0.06446792185306549 2228
1781296710705 0.03929527848958969 2229
1781296710708 0.05523846670985222 2230
1781296710711 0.1838536560535431 2231
1781296710714 0.27196359634399414 2232
1781296710716 0.06658244132995605 2233
1781296710719 0.1475691944360733 2234
1781296710721 0.08666344732046127 2235
1781296710725 0.30181920528411865 2236
1781296710728 0.11389081180095673 2237
1781296710730 0.11346700042486191 2238
1781296710733 0.15875056385993958 2239
1781296710735 0.12809830904006958 2240
1781296710738 0.08263636380434036 2241
1781296710740 0.17329032719135284 2242
1781296710744 0.13066065311431885 2243
1781296710747 0.07943300157785416 2244
1781296710749 0.223333939909935 2245
1781296710752 0.18053869903087616 2246
1781296710755 0.4019049108028412 2247
1781296710757 0.09614142775535583 2248
1781296710760 0.08419644087553024 2249
1781296710763 0.06732197105884552 2250
1781296710765 0.17904891073703766 2251
1781296710768 0.15715312957763672 2252
1781296710771 0.1848994344472885 2253
1781296710773 0.13912995159626007 2254
1781296710776 0.15712952613830566 2255
1781296710778 0.07846877723932266 2256
1781296710780 0.10885854810476303 2257
1781296710783 0.11451944708824158 2258
1781296710786 0.2038770616054535 2259
1781296710788 0.17852263152599335 2260
1781296710791 0.06016286090016365 2261
1781296710795 0.11059408634901047 2262
1781296710797 0.0885939747095108 2263
1781296710800 0.1215989738702774 2264
1781296710802 0.2371174842119217 2265
1781296710805 0.08202320337295532 2266
1781296710808 0.2086455076932907 2267
1781296710811 0.11258924007415771 2268
1781296710813 0.10579335689544678 2269
1781296710816 0.09684146195650101 2270
1781296710819 0.04739813879132271 2271
1781296710822 0.19994311034679413 2272
1781296710824 0.09924903512001038 2273
1781296710827 0.04188438877463341 2274
1781296710829 0.10882440954446793 2275
1781296710832 0.09860283881425858 2276
1781296710835 0.09450583904981613 2277
1781296710837 0.1562388688325882 2278
1781296710840 0.0556672066450119 2279
1781296710843 0.11530563235282898 2280
1781296710846 0.03378148749470711 2281
1781296710848 0.17069754004478455 2282
1781296710851 0.13164280354976654 2283
1781296710853 0.05596289411187172 2284
1781296710856 0.06326677650213242 2285
1781296710859 0.17093363404273987 2286
1781296710862 0.1913241744041443 2287
1781296710864 0.15342140197753906 2288
1781296710867 0.15856404602527618 2289
1781296710870 0.09970352053642273 2290
1781296710872 0.18595145642757416 2291
1781296710875 0.1456345021724701 2292
1781296710877 0.03181253746151924 2293
1781296710880 0.1021275669336319 2294
1781296710883 0.11972994357347488 2295
1781296710885 0.0416962094604969 2296
1781296710888 0.23240865767002106 2297
1781296710890 0.07411958277225494 2298
1781296710893 0.0994202122092247 2299
1781296710896 0.16000553965568542 2300
1781296710899 0.05721442401409149 2301
1781296710902 0.07585054636001587 2302
1781296710904 0.14043238759040833 2303
1781296710907 0.13837069272994995 2304
1781296710910 0.170528382062912 2305
1781296710912 0.10189803689718246 2306
1781296710915 0.0876956433057785 2307
1781296710917 0.1368267685174942 2308
1781296710920 0.12200170755386353 2309
1781296710923 0.1424218863248825 2310
1781296710927 0.09295758605003357 2311
1781296710930 0.19802173972129822 2312
1781296710932 0.17122675478458405 2313
1781296710935 0.19884298741817474 2314
1781296710938 0.027899814769625664 2315
1781296710941 0.09139453619718552 2316
1781296710944 0.17342650890350342 2317
1781296710946 0.0363413542509079 2318
1781296710949 0.05613360181450844 2319
1781296710951 0.07059115171432495 2320
1781296710954 0.030970053747296333 2321
1781296710957 0.12357303500175476 2322
1781296710960 0.0599660649895668 2323
1781296710962 0.08630935847759247 2324
1781296710965 0.16252654790878296 2325
1781296710967 0.13243252038955688 2326
1781296710970 0.11485067754983902 2327
1781296710972 0.10953692346811295 2328
1781296710975 0.1014261394739151 2329
1781296710977 0.20161263644695282 2330
1781296710980 0.1428762823343277 2331
1781296710983 0.2307235151529312 2332
1781296710985 0.07872385531663895 2333
1781296710988 0.11133600026369095 2334
1781296710990 0.11631803959608078 2335
1781296710993 0.23010827600955963 2336
1781296710996 0.16398464143276215 2337
1781296710998 0.047529708594083786 2338
1781296711001 0.0948081761598587 2339
1781296711003 0.10482726246118546 2340
1781296711006 0.11158807575702667 2341
1781296711009 0.04828265681862831 2342
1781296711011 0.07558024674654007 2343
1781296711014 0.06398769468069077 2344
1781296711017 0.06718219071626663 2345
1781296711019 0.09090037643909454 2346
1781296711022 0.052575867623090744 2347
1781296711024 0.06053929775953293 2348
1781296711027 0.07773085683584213 2349
1781296711029 0.24607639014720917 2350
1781296711032 0.13387636840343475 2351
1781296711034 0.1669514924287796 2352
1781296711037 0.13349924981594086 2353
1781296711039 0.285418838262558 2354
1781296711042 0.32153356075286865 2355
1781296711045 0.2184784710407257 2356
1781296711049 0.12499459087848663 2357
1781296711053 0.1469256728887558 2358
1781296711055 0.2224886119365692 2359
1781296711058 0.2844123840332031 2360
1781296711061 0.11962602287530899 2361
1781296711065 0.03465397655963898 2362
1781296711069 0.27241507172584534 2363
1781296711071 0.14921309053897858 2364
1781296711074 0.12253738194704056 2365
1781296711076 0.07545860856771469 2366
1781296711079 0.10656729340553284 2367
1781296711082 0.13787367939949036 2368
1781296711084 0.109473817050457 2369
1781296711086 0.14931505918502808 2370
1781296711089 0.1255224198102951 2371
1781296711091 0.19282299280166626 2372
1781296711094 0.03908059000968933 2373
1781296711097 0.060556888580322266 2374
1781296711102 0.08180170506238937 2375
1781296711105 0.12240065634250641 2376
1781296711108 0.1084430143237114 2377
1781296711111 0.09081964194774628 2378
1781296711114 0.04687570780515671 2379
1781296711116 0.17862768471240997 2380
1781296711119 0.1564788818359375 2381
1781296711121 0.16539038717746735 2382
1781296711124 0.18189604580402374 2383
1781296711127 0.10686931759119034 2384
1781296711129 0.208408921957016 2385
1781296711132 0.09747157990932465 2386
1781296711134 0.15592306852340698 2387
1781296711136 0.23334473371505737 2388
1781296711139 0.15422816574573517 2389
1781296711141 0.2691968083381653 2390
1781296711144 0.07554663717746735 2391
1781296711147 0.05659458041191101 2392
1781296711149 0.027321521192789078 2393
1781296711152 0.15223194658756256 2394
1781296711154 0.11869246512651443 2395
1781296711162 0.18593326210975647 2396
1781296711165 0.16051548719406128 2397
1781296711167 0.12240186333656311 2398
1781296711169 0.13370831310749054 2399
1781296711172 0.11060495674610138 2400
1781296711175 0.1488635540008545 2401
1781296711177 0.06992325931787491 2402
1781296711180 0.0856647714972496 2403
1781296711182 0.2820630967617035 2404
1781296711185 0.12954650819301605 2405
1781296711187 0.12425020337104797 2406
1781296711190 0.13792581856250763 2407
1781296711194 0.06232299283146858 2408
1781296711198 0.21370528638362885 2409
1781296711201 0.08899816125631332 2410
1781296711203 0.044573232531547546 2411
1781296711206 0.24283353984355927 2412
1781296711209 0.10001572221517563 2413
1781296711211 0.12036918103694916 2414
1781296711214 0.2540968954563141 2415
1781296711216 0.11174637079238892 2416
1781296711219 0.1444217562675476 2417
1781296711221 0.12073982506990433 2418
1781296711224 0.21955308318138123 2419
1781296711227 0.1049044132232666 2420
1781296711229 0.16652488708496094 2421
1781296711232 0.07650108635425568 2422
1781296711235 0.12935058772563934 2423
1781296711237 0.11486576497554779 2424
1781296711240 0.19744230806827545 2425
1781296711244 0.08249732106924057 2426
1781296711249 0.1730615794658661 2427
1781296711256 0.3165864050388336 2428
1781296711259 0.2569115161895752 2429
1781296711263 0.05731818452477455 2430
1781296711266 0.20846645534038544 2431
1781296711268 0.19419239461421967 2432
1781296711271 0.16029812395572662 2433
1781296711274 0.12227752059698105 2434
1781296711276 0.09321357309818268 2435
1781296711279 0.04765738546848297 2436
1781296711281 0.19149701297283173 2437
1781296711284 0.05136515945196152 2438
1781296711287 0.0514860600233078 2439
1781296711290 0.14406722784042358 2440
1781296711294 0.10403400659561157 2441
1781296711297 0.1347484439611435 2442
1781296711299 0.03470902889966965 2443
1781296711302 0.3482305705547333 2444
1781296711305 0.15394628047943115 2445
1781296711311 0.1174529567360878 2446
1781296711316 0.2114441841840744 2447
1781296711319 0.0660654827952385 2448
1781296711324 0.16720135509967804 2449
1781296711327 0.11292160302400589 2450
1781296711331 0.08878348022699356 2451
1781296711335 0.19796064496040344 2452
1781296711339 0.10239273309707642 2453
1781296711344 0.1303688883781433 2454
1781296711348 0.11111655831336975 2455
1781296711351 0.17466206848621368 2456
1781296711354 0.08144889771938324 2457
1781296711357 0.06845733523368835 2458
1781296711361 0.3141390085220337 2459
1781296711364 0.1095576137304306 2460
1781296711368 0.19525274634361267 2461
1781296711372 0.1829335242509842 2462
1781296711375 0.03628745675086975 2463
1781296711379 0.19310639798641205 2464
1781296711383 0.2010415941476822 2465
1781296711386 0.24079813063144684 2466
1781296711389 0.07540926337242126 2467
1781296711395 0.012342823669314384 2468
1781296711399 0.08157271146774292 2469
1781296711404 0.1233491599559784 2470
1781296711407 0.15214286744594574 2471
1781296711412 0.14743022620677948 2472
1781296711416 0.07414773851633072 2473
1781296711421 0.0954960361123085 2474
1781296711424 0.17586970329284668 2475
1781296711427 0.21688124537467957 2476
1781296711431 0.11808235943317413 2477
1781296711436 0.04651345685124397 2478
1781296711439 0.07504834979772568 2479
1781296711442 0.0820847600698471 2480
1781296711446 0.12119728326797485 2481
1781296711451 0.19565245509147644 2482
1781296711456 0.15660253167152405 2483
1781296711459 0.04149911180138588 2484
1781296711462 0.1633472591638565 2485
1781296711466 0.14917589724063873 2486
1781296711469 0.06976444274187088 2487
1781296711472 0.15229883790016174 2488
1781296711476 0.0469563789665699 2489
1781296711479 0.22374935448169708 2490
1781296711485 0.04610230773687363 2491
1781296711493 0.35471561551094055 2492
1781296711496 0.09313888102769852 2493
1781296711500 0.07695460319519043 2494
1781296711504 0.22021880745887756 2495
1781296711507 0.165354385972023 2496
1781296711510 0.03965218365192413 2497
1781296711514 0.046683114022016525 2498
1781296711519 0.08957415819168091 2499
1781296711522 0.15518467128276825 2500
1781296711526 0.13695064187049866 2501
1781296711529 0.09164315462112427 2502
1781296711532 0.2952049970626831 2503
1781296711536 0.07811624556779861 2504
1781296711540 0.09439811110496521 2505
1781296711544 0.2033362090587616 2506
1781296711548 0.11287199705839157 2507
1781296711551 0.22621935606002808 2508
1781296711555 0.17433366179466248 2509
1781296711559 0.07932539284229279 2510
1781296711563 0.2238931506872177 2511
1781296711575 0.15331237018108368 2512
1781296711577 0.27892816066741943 2513
1781296711579 0.42459407448768616 2514
1781296711582 0.09053128957748413 2515
1781296711585 0.036781612783670425 2516
1781296711589 0.1382637619972229 2517
1781296711591 0.05628635361790657 2518
1781296711593 0.08411069959402084 2519
1781296711597 0.03354445472359657 2520
1781296711599 0.09021733701229095 2521
1781296711602 0.07940416038036346 2522
1781296711604 0.19763308763504028 2523
1781296711609 0.296070396900177 2524
1781296711612 0.15783214569091797 2525
1781296711615 0.07311234623193741 2526
1781296711618 0.08691876381635666 2527
1781296711621 0.08641809970140457 2528
1781296711624 0.03931621089577675 2529
1781296711631 0.14350014925003052 2530
1781296711633 0.11830402165651321 2531
1781296711636 0.11148573458194733 2532
1781296711638 0.0733695700764656 2533
1781296711641 0.06632865965366364 2534
1781296711645 0.07412204146385193 2535
1781296711647 0.25235751271247864 2536
1781296711650 0.09148640930652618 2537
1781296711652 0.049877017736434937 2538
1781296711655 0.11748439818620682 2539
1781296711657 0.15010036528110504 2540
1781296711664 0.16303345561027527 2541
1781296711669 0.13137036561965942 2542
1781296711675 0.08827923983335495 2543
1781296711677 0.130479633808136 2544
1781296711680 0.09216703474521637 2545
1781296711683 0.1037718802690506 2546
1781296711686 0.2009047120809555 2547
1781296711689 0.11782893538475037 2548
1781296711692 0.09374696016311646 2549
1781296711696 0.13613282144069672 2550
1781296711702 0.14764998853206635 2551
1781296711707 0.12472890317440033 2552
1781296711711 0.02927379682660103 2553
1781296711715 0.09034700691699982 2554
1781296711720 0.11378733813762665 2555
1781296711723 0.12014785408973694 2556
1781296711726 0.02959432266652584 2557
1781296711730 0.17234483361244202 2558
1781296711734 0.1691572070121765 2559
1781296711740 0.1593216359615326 2560
1781296711746 0.24649178981781006 2561
1781296711749 0.1873532384634018 2562
1781296711753 0.029351454228162766 2563
1781296711757 0.11192375421524048 2564
1781296711760 0.2126692682504654 2565
1781296711763 0.19686362147331238 2566
1781296711766 0.06323400139808655 2567
1781296711769 0.1786019653081894 2568
1781296711772 0.18976004421710968 2569
1781296711779 0.14616242051124573 2570
1781296711785 0.12205012887716293 2571
1781296711788 0.07537514716386795 2572
1781296711793 0.06434755027294159 2573
1781296711799 0.16489164531230927 2574
1781296711802 0.08768252283334732 2575
1781296711805 0.25304126739501953 2576
1781296711808 0.049853455275297165 2577
1781296711812 0.10089420527219772 2578
1781296711818 0.054368775337934494 2579
1781296711822 0.13864010572433472 2580
1781296711827 0.11663465946912766 2581
1781296711830 0.13070566952228546 2582
1781296711833 0.1339433193206787 2583
1781296711836 0.05764888972043991 2584
1781296711840 0.09287086874246597 2585
1781296711844 0.1811322420835495 2586
1781296711849 0.11543448269367218 2587
1781296711851 0.1863284409046173 2588
1781296711856 0.18973152339458466 2589
1781296711861 0.13708916306495667 2590
1781296711867 0.13621725142002106 2591
1781296711871 0.07256828993558884 2592
1781296711875 0.24425628781318665 2593
1781296711881 0.07943099737167358 2594
1781296711885 0.17600172758102417 2595
1781296711889 0.09550458192825317 2596
1781296711895 0.10683094710111618 2597
1781296711900 0.128153458237648 2598
1781296711905 0.13298580050468445 2599
1781296711911 0.19596271216869354 2600
1781296711914 0.06154993176460266 2601
1781296711917 0.19386467337608337 2602
1781296711921 0.15703800320625305 2603
1781296711927 0.22058634459972382 2604
1781296711932 0.09767745435237885 2605
1781296711935 0.19185857474803925 2606
1781296711938 0.0965569019317627 2607
1781296711941 0.05341476947069168 2608
1781296711944 0.04594173654913902 2609
1781296711947 0.2515900433063507 2610
1781296711950 0.09564345329999924 2611
1781296711954 0.1615544706583023 2612
1781296711957 0.06844134628772736 2613
1781296711959 0.2569301426410675 2614
1781296711962 0.13169017434120178 2615
1781296711965 0.03174092620611191 2616
1781296711969 0.1730753779411316 2617
1781296711975 0.05863160640001297 2618
1781296711980 0.21134093403816223 2619
1781296711983 0.09860004484653473 2620
1781296711988 0.07535617053508759 2621
1781296711994 0.0856073647737503 2622
1781296711999 0.08650263398885727 2623
1781296712001 0.06168965995311737 2624
1781296712006 0.029600538313388824 2625
1781296712012 0.10478079319000244 2626
1781296712015 0.17936627566814423 2627
1781296712018 0.12807348370552063 2628
1781296712021 0.18323931097984314 2629
1781296712024 0.042468201369047165 2630
1781296712031 0.13615162670612335 2631
1781296712034 0.09676642715930939 2632
1781296712037 0.17298954725265503 2633
1781296712042 0.021729731932282448 2634
1781296712046 0.21747344732284546 2635
1781296712049 0.04781541973352432 2636
1781296712052 0.184259295463562 2637
1781296712056 0.1606050431728363 2638
1781296712060 0.15222355723381042 2639
1781296712063 0.14643137156963348 2640
1781296712066 0.12386959046125412 2641
1781296712068 0.11046639829874039 2642
1781296712071 0.10727960616350174 2643
1781296712075 0.10320553928613663 2644
1781296712078 0.12572599947452545 2645
1781296712080 0.056101128458976746 2646
1781296712083 0.0759526789188385 2647
1781296712086 0.1589117795228958 2648
1781296712088 0.13664458692073822 2649
1781296712093 0.10645758360624313 2650
1781296712096 0.15159006416797638 2651
1781296712100 0.09846904873847961 2652
1781296712105 0.030372004956007004 2653
1781296712109 0.05390981584787369 2654
1781296712113 0.07659699022769928 2655
1781296712117 0.07121473550796509 2656
1781296712121 0.11513351649045944 2657
1781296712124 0.033279839903116226 2658
1781296712129 0.09374558925628662 2659
1781296712132 0.1716686487197876 2660
1781296712136 0.07580588012933731 2661
1781296712138 0.04512490704655647 2662
1781296712143 0.06405395269393921 2663
1781296712147 0.05768321827054024 2664
1781296712150 0.06013825535774231 2665
1781296712154 0.11087299138307571 2666
1781296712157 0.06881485134363174 2667
1781296712160 0.11329536139965057 2668
1781296712163 0.13521476089954376 2669
1781296712166 0.23741447925567627 2670
1781296712169 0.24551606178283691 2671
1781296712171 0.11345259845256805 2672
1781296712174 0.1121525689959526 2673
1781296712177 0.10669869184494019 2674
1781296712179 0.0943061038851738 2675
1781296712183 0.15377657115459442 2676
1781296712185 0.0876837819814682 2677
1781296712188 0.11698145419359207 2678
1781296712191 0.04887515679001808 2679
1781296712194 0.03444927930831909 2680
1781296712197 0.1090831533074379 2681
1781296712200 0.08017116785049438 2682
1781296712203 0.06837049871683121 2683
1781296712206 0.13807713985443115 2684
1781296712213 0.2595476508140564 2685
1781296712216 0.1184774860739708 2686
1781296712219 0.03459961712360382 2687
1781296712222 0.039110518991947174 2688
1781296712228 0.0902400016784668 2689
1781296712234 0.09664633125066757 2690
1781296712240 0.21212683618068695 2691
1781296712245 0.1900395154953003 2692
1781296712249 0.10415316373109818 2693
1781296712252 0.10611920803785324 2694
1781296712255 0.19957199692726135 2695
1781296712259 0.06787936389446259 2696
1781296712264 0.09258996695280075 2697
1781296712267 0.17918580770492554 2698
1781296712270 0.03985512629151344 2699
1781296712273 0.07191261649131775 2700
1781296712278 0.09164523333311081 2701
1781296712281 0.05534938722848892 2702
1781296712284 0.22876130044460297 2703
1781296712288 0.11633583158254623 2704
1781296712292 0.08316515386104584 2705
1781296712296 0.061098773032426834 2706
1781296712301 0.03414881229400635 2707
1781296712306 0.15933716297149658 2708
1781296712310 0.09692201018333435 2709
1781296712315 0.0879252701997757 2710
1781296712319 0.12296516448259354 2711
1781296712322 0.05691476911306381 2712
1781296712326 0.13956515491008759 2713
1781296712330 0.1556040495634079 2714
1781296712336 0.07056944072246552 2715
1781296712338 0.049693670123815536 2716
1781296712342 0.060333218425512314 2717
1781296712347 0.10970765352249146 2718
1781296712351 0.0302936602383852 2719
1781296712353 0.06179594621062279 2720
1781296712356 0.03288954123854637 2721
1781296712361 0.09888792037963867 2722
1781296712365 0.11426545679569244 2723
1781296712370 0.04466957971453667 2724
1781296712373 0.2498631328344345 2725
1781296712376 0.06626571714878082 2726
1781296712379 0.05240087956190109 2727
1781296712384 0.1267414540052414 2728
1781296712387 0.15012910962104797 2729
1781296712390 0.04323781281709671 2730
1781296712393 0.0728684589266777 2731
1781296712396 0.2450542151927948 2732
1781296712399 0.2375071495771408 2733
1781296712405 0.24049299955368042 2734
1781296712409 0.2604252099990845 2735
1781296712413 0.09577174484729767 2736
1781296712415 0.06489154696464539 2737
1781296712418 0.22142329812049866 2738
1781296712421 0.07591739296913147 2739
1781296712427 0.15334966778755188 2740
1781296712431 0.14989091455936432 2741
1781296712434 0.16965757310390472 2742
1781296712438 0.09231395274400711 2743
1781296712442 0.0583830252289772 2744
1781296712446 0.05713174492120743 2745
1781296712449 0.07487396895885468 2746
1781296712451 0.09174492955207825 2747
1781296712457 0.15308831632137299 2748
1781296712463 0.1350637525320053 2749
1781296712468 0.08745436370372772 2750
1781296712471 0.33127719163894653 2751
1781296712474 0.08232556283473969 2752
1781296712477 0.12944342195987701 2753
1781296712482 0.09669846296310425 2754
1781296712485 0.07912629842758179 2755
1781296712487 0.17193247377872467 2756
1781296712491 0.07007710635662079 2757
1781296712494 0.03139232471585274 2758
1781296712498 0.07167761772871017 2759
1781296712501 0.09017936885356903 2760
1781296712503 0.09672640264034271 2761
1781296712508 0.14355093240737915 2762
1781296712511 0.1941368579864502 2763
1781296712514 0.03363857790827751 2764
1781296712516 0.05725554749369621 2765
1781296712519 0.13841021060943604 2766
1781296712524 0.19804762303829193 2767
1781296712527 0.1216323971748352 2768
1781296712531 0.25297048687934875 2769
1781296712535 0.14181962609291077 2770
1781296712538 0.07255714386701584 2771
1781296712541 0.14237825572490692 2772
1781296712552 0.13298353552818298 2773
1781296712556 0.15250445902347565 2774
1781296712560 0.10642808675765991 2775
1781296712563 0.040207501500844955 2776
1781296712568 0.1589241772890091 2777
1781296712572 0.1048244833946228 2778
1781296712576 0.025550734251737595 2779
1781296712579 0.1096232533454895 2780
1781296712582 0.2744201123714447 2781
1781296712584 0.13157030940055847 2782
1781296712588 0.08060002326965332 2783
1781296712591 0.14405176043510437 2784
1781296712595 0.051424477249383926 2785
1781296712598 0.19391140341758728 2786
1781296712600 0.11845236271619797 2787
1781296712605 0.10865738987922668 2788
1781296712611 0.060294684022665024 2789
1781296712614 0.10352165997028351 2790
1781296712617 0.1552083045244217 2791
1781296712620 0.03605956211686134 2792
1781296712622 0.11424487829208374 2793
1781296712626 0.251159131526947 2794
1781296712629 0.11626788228750229 2795
1781296712631 0.04931861162185669 2796
1781296712634 0.12410187721252441 2797
1781296712637 0.25542598962783813 2798
1781296712641 0.2054283320903778 2799
1781296712647 0.14113442599773407 2800
1781296712650 0.15933963656425476 2801
1781296712653 0.07711232453584671 2802
1781296712655 0.1364183872938156 2803
1781296712660 0.0812963917851448 2804
1781296712664 0.15628589689731598 2805
1781296712666 0.10699444264173508 2806
1781296712670 0.07479231804609299 2807
1781296712672 0.20214545726776123 2808
1781296712675 0.07205784320831299 2809
1781296712678 0.09331567585468292 2810
1781296712876 0.09682194143533707 2811
1781296712879 0.04091034084558487 2812
1781296712882 0.042178925126791 2813
1781296712885 0.15555225312709808 2814
1781296712887 0.1347423642873764 2815
1781296712893 0.12293735146522522 2816
1781296712896 0.04403093829751015 2817
1781296712900 0.12274307012557983 2818
1781296712905 0.1524868607521057 2819
1781296712909 0.10805007815361023 2820
1781296712912 0.10578803718090057 2821
1781296712915 0.11846410483121872 2822
1781296712918 0.04390070214867592 2823
1781296712921 0.041271042078733444 2824
1781296712923 0.1496371328830719 2825
1781296712927 0.09010406583547592 2826
1781296712931 0.14978131651878357 2827
1781296712933 0.13868817687034607 2828
1781296712936 0.23431110382080078 2829
1781296712939 0.018754569813609123 2830
1781296712943 0.1409657895565033 2831
1781296712946 0.0451858825981617 2832
1781296712949 0.08259411156177521 2833
1781296712952 0.13079456984996796 2834
1781296712955 0.1788562685251236 2835
1781296712961 0.16823866963386536 2836
1781296712963 0.19318075478076935 2837
1781296712967 0.08580128848552704 2838
1781296712970 0.1879667043685913 2839
1781296712973 0.03861868008971214 2840
1781296712976 0.1222413033246994 2841
1781296712978 0.09675123542547226 2842
1781296712983 0.10674892365932465 2843
1781296712986 0.29465189576148987 2844
1781296712988 0.17930711805820465 2845
1781296712993 0.09530684351921082 2846
1781296712995 0.044928178191185 2847
1781296712998 0.17466169595718384 2848
1781296713000 0.05018771067261696 2849
1781296713003 0.033696506172418594 2850
1781296713007 0.1026512011885643 2851
1781296713010 0.09171593189239502 2852
1781296713012 0.10040545463562012 2853
1781296713016 0.08451464772224426 2854
1781296713018 0.06974383443593979 2855
1781296713021 0.06403500586748123 2856
1781296713023 0.015027089044451714 2857
1781296713026 0.1027723178267479 2858
1781296713030 0.1691831797361374 2859
1781296713034 0.11445637047290802 2860
1781296713036 0.11711958795785904 2861
1781296713040 0.11959909647703171 2862
1781296713043 0.09179741144180298 2863
1781296713046 0.1914576292037964 2864
1781296713049 0.1397923231124878 2865
1781296713051 0.1481827050447464 2866
1781296713054 0.07099910825490952 2867
1781296713056 0.13311393558979034 2868
1781296713060 0.11513115465641022 2869
1781296713063 0.09152700006961823 2870
1781296713066 0.07089172303676605 2871
1781296713069 0.1171683669090271 2872
1781296713071 0.04616396501660347 2873
1781296713075 0.13191726803779602 2874
1781296713080 0.1796344518661499 2875
1781296713085 0.11954794824123383 2876
1781296713088 0.06253333389759064 2877
1781296713092 0.2727460265159607 2878
1781296713095 0.07897523045539856 2879
1781296713098 0.21113966405391693 2880
1781296713100 0.1179201528429985 2881
1781296713103 0.07736038416624069 2882
1781296713107 0.17887520790100098 2883
1781296713110 0.06194819509983063 2884
1781296713116 0.1277245432138443 2885
1781296713119 0.030378248542547226 2886
1781296713122 0.06255056709051132 2887
1781296713126 0.06477975845336914 2888
1781296713129 0.07648026943206787 2889
1781296713131 0.11277929693460464 2890
1781296713134 0.11407903581857681 2891
1781296713136 0.11683224141597748 2892
1781296713140 0.10410959273576736 2893
1781296713144 0.2796212434768677 2894
1781296713147 0.2703271508216858 2895
1781296713149 0.09769755601882935 2896
1781296713154 0.1481485664844513 2897
1781296713157 0.07918203622102737 2898
1781296713161 0.19075901806354523 2899
1781296713163 0.12254117429256439 2900
1781296713168 0.11610458791255951 2901
1781296713174 0.12950481474399567 2902
1781296713177 0.0506230965256691 2903
1781296713179 0.12939749658107758 2904
1781296713182 0.07759131491184235 2905
1781296713187 0.2886156737804413 2906
1781296713191 0.10775543749332428 2907
1781296713195 0.039055272936820984 2908
1781296713198 0.09085918962955475 2909
1781296713201 0.20243506133556366 2910
1781296713203 0.09833075851202011 2911
1781296713209 0.1393536776304245 2912
1781296713214 0.14071819186210632 2913
1781296713216 0.027933964505791664 2914
1781296713219 0.1038784384727478 2915
1781296713221 0.13637016713619232 2916
1781296713225 0.10908249020576477 2917
1781296713228 0.11150224506855011 2918
1781296713232 0.13599169254302979 2919
1781296713234 0.10903440415859222 2920
1781296713237 0.04706206172704697 2921
1781296713241 0.07248950749635696 2922
1781296713245 0.1792910397052765 2923
1781296713248 0.16251982748508453 2924
1781296713251 0.08369389176368713 2925
1781296713254 0.13100536167621613 2926
1781296713256 0.06196187064051628 2927
1781296713259 0.048423416912555695 2928
1781296713265 0.155600443482399 2929
1781296713269 0.028437959030270576 2930
1781296713272 0.06782016158103943 2931
1781296713274 0.14497099816799164 2932
1781296713277 0.09024235606193542 2933
1781296713279 0.11904026567935944 2934
1781296713282 0.19740523397922516 2935
1781296713287 0.09795784950256348 2936
1781296713290 0.09639980643987656 2937
1781296713293 0.1763184815645218 2938
1781296713298 0.15603695809841156 2939
1781296713301 0.09716521203517914 2940
1781296713304 0.11728768050670624 2941
1781296713307 0.09150797873735428 2942
1781296713310 0.11798515915870667 2943
1781296713312 0.1093621701002121 2944
1781296713315 0.060694463551044464 2945
1781296713318 0.07720090448856354 2946
1781296713321 0.14091889560222626 2947
1781296713324 0.048088155686855316 2948
1781296713327 0.24489760398864746 2949
1781296713330 0.08841222524642944 2950
1781296713332 0.16554056107997894 2951
1781296713336 0.13000144064426422 2952
1781296713338 0.06283213943243027 2953
1781296713343 0.025989338755607605 2954
1781296713346 0.06842441111803055 2955
1781296713349 0.09253724664449692 2956
1781296713354 0.07367704808712006 2957
1781296713360 0.08838514983654022 2958
1781296713363 0.19721773266792297 2959
1781296713366 0.04278232529759407 2960
1781296713371 0.08456997573375702 2961
1781296713374 0.047255922108888626 2962
1781296713377 0.11708267033100128 2963
1781296713382 0.045342739671468735 2964
1781296713385 0.18117491900920868 2965
1781296713389 0.09034597873687744 2966
1781296713392 0.10194402188062668 2967
1781296713395 0.10967808961868286 2968
1781296713397 0.07510101050138474 2969
1781296713400 0.0767204612493515 2970
1781296713403 0.046694066375494 2971
1781296713405 0.06806943565607071 2972
1781296713410 0.10865692049264908 2973
1781296713415 0.1000889390707016 2974
1781296713418 0.15563037991523743 2975
1781296713421 0.16829001903533936 2976
1781296713423 0.12321943044662476 2977
1781296713427 0.3070993721485138 2978
1781296713430 0.189284548163414 2979
1781296713433 0.11386033147573471 2980
1781296713435 0.04008643329143524 2981
1781296713438 0.14079171419143677 2982
1781296713442 0.041579876095056534 2983
1781296713448 0.23457415401935577 2984
1781296713451 0.03309335932135582 2985
1781296713453 0.0809512734413147 2986
1781296713456 0.08322926610708237 2987
1781296713459 0.06919548660516739 2988
1781296713462 0.1610795110464096 2989
1781296713465 0.21130138635635376 2990
1781296713467 0.058844562619924545 2991
1781296713469 0.06778676062822342 2992
1781296713474 0.32966136932373047 2993
1781296713476 0.07300024479627609 2994
1781296713479 0.09406709671020508 2995
1781296713482 0.16013455390930176 2996
1781296713488 0.16888655722141266 2997
1781296713491 0.11518171429634094 2998
1781296713494 0.22630903124809265 2999
1781296713496 0.06465648859739304 3000
1781296713499 0.1076795905828476 3001
1781296713502 0.034474991261959076 3002
1781296713505 0.09318993240594864 3003
1781296713507 0.04569942504167557 3004
1781296713511 0.11664712429046631 3005
1781296713513 0.09708598256111145 3006
1781296713517 0.1877451390028 3007
1781296713523 0.23223096132278442 3008
1781296713526 0.06761488318443298 3009
1781296713529 0.038619812577962875 3010
1781296713532 0.031963493674993515 3011
1781296713536 0.059543807059526443 3012
1781296713539 0.16318652033805847 3013
1781296713542 0.15962691605091095 3014
1781296713547 0.09630347043275833 3015
1781296713550 0.03387241065502167 3016
1781296713552 0.07944413274526596 3017
1781296713555 0.13396485149860382 3018
1781296713557 0.19129793345928192 3019
1781296713560 0.09782687574625015 3020
1781296713563 0.11480189114809036 3021
1781296713566 0.08108355104923248 3022
1781296713570 0.09608730673789978 3023
1781296713576 0.05558067560195923 3024
1781296713579 0.034350790083408356 3025
1781296713583 0.13987286388874054 3026
1781296713585 0.06220552325248718 3027
1781296713588 0.13969199359416962 3028
1781296713590 0.1226433739066124 3029
1781296713593 0.032369740307331085 3030
1781296713600 0.08663428574800491 3031
1781296713604 0.07690374553203583 3032
1781296713608 0.1064683049917221 3033
1781296713612 0.059226054698228836 3034
1781296713616 0.10610121488571167 3035
1781296713624 0.17939750850200653 3036
1781296713628 0.19133920967578888 3037
1781296713631 0.16787953674793243 3038
1781296713635 0.18769291043281555 3039
1781296713638 0.0321025587618351 3040
1781296713645 0.26253247261047363 3041
1781296713649 0.14448674023151398 3042
1781296713653 0.16154037415981293 3043
1781296713657 0.12283574789762497 3044
1781296713662 0.120264932513237 3045
1781296713665 0.20948095619678497 3046
1781296713668 0.14736807346343994 3047
1781296713671 0.10987759381532669 3048
1781296713675 0.07586999982595444 3049
1781296713679 0.10964584350585938 3050
1781296713682 0.15685413777828217 3051
1781296713685 0.07233218848705292 3052
1781296713688 0.21392467617988586 3053
1781296713691 0.15126846730709076 3054
1781296713695 0.21348005533218384 3055
1781296713699 0.03318215534090996 3056
1781296713702 0.19247879087924957 3057
1781296713705 0.16773410141468048 3058
1781296713710 0.033221062272787094 3059
1781296713714 0.13842637836933136 3060
1781296713717 0.10888799279928207 3061
1781296713721 0.043656084686517715 3062
1781296713729 0.016301065683364868 3063
1781296713733 0.05102831870317459 3064
1781296713737 0.04021744802594185 3065
1781296713741 0.14344078302383423 3066
1781296713744 0.03922755643725395 3067
1781296713748 0.15404348075389862 3068
1781296713751 0.0654524639248848 3069
1781296713755 0.15841570496559143 3070
1781296713759 0.02999000996351242 3071
1781296713762 0.06789343804121017 3072
1781296713765 0.056857019662857056 3073
1781296713787 0.11511792987585068 3074
1781296713789 0.04240020737051964 3075
1781296713796 0.087140753865242 3076
1781296713800 0.031474608927965164 3077
1781296713804 0.037067536264657974 3078
1781296713806 0.08756642788648605 3079
1781296713810 0.15614831447601318 3080
1781296713816 0.03951539844274521 3081
1781296713822 0.07934001833200455 3082
1781296713825 0.09179815649986267 3083
1781296713828 0.10535788536071777 3084
1781296713830 0.09633717685937881 3085
1781296713833 0.0404893159866333 3086
1781296713835 0.1638832688331604 3087
1781296713838 0.09739311039447784 3088
1781296713843 0.04557672142982483 3089
1781296713847 0.18942704796791077 3090
1781296713850 0.14560744166374207 3091
1781296713852 0.03811178356409073 3092
1781296713854 0.24594685435295105 3093
1781296713860 0.04544426128268242 3094
1781296713865 0.02117869257926941 3095
1781296713868 0.11978328973054886 3096
1781296713873 0.23424318432807922 3097
1781296713876 0.0654243528842926 3098
1781296713879 0.12659025192260742 3099
1781296713882 0.12286058068275452 3100
1781296713885 0.11284265667200089 3101
1781296713888 0.2893720865249634 3102
1781296713891 0.07390622049570084 3103
1781296713896 0.03278067708015442 3104
1781296713898 0.03547590970993042 3105
1781296713901 0.05632832273840904 3106
1781296713904 0.1705292910337448 3107
1781296713908 0.05587810277938843 3108
1781296713911 0.04168522357940674 3109
1781296713914 0.20621587336063385 3110
1781296713917 0.06791097670793533 3111
1781296713923 0.15516895055770874 3112
1781296713926 0.11559668183326721 3113
1781296713929 0.08249476552009583 3114
1781296713931 0.10205338895320892 3115
1781296713934 0.1025710329413414 3116
1781296713940 0.1614631861448288 3117
1781296713943 0.0821770429611206 3118
1781296713946 0.02523970790207386 3119
1781296713950 0.2536269724369049 3120
1781296713954 0.42944657802581787 3121
1781296713958 0.0387110635638237 3122
1781296713961 0.034873440861701965 3123
1781296713964 0.11898746341466904 3124
1781296713966 0.027211684733629227 3125
1781296713972 0.09307587146759033 3126
1781296713976 0.08434321731328964 3127
1781296713979 0.16779384016990662 3128
1781296713982 0.07598958909511566 3129
1781296713984 0.0786176323890686 3130
1781296713986 0.14549611508846283 3131
1781296713989 0.17139369249343872 3132
1781296713992 0.06139698997139931 3133
1781296713995 0.05046848952770233 3134
1781296713997 0.11355290561914444 3135
1781296714000 0.2236773520708084 3136
1781296714003 0.12148190289735794 3137
1781296714006 0.21502931416034698 3138
1781296714009 0.11905709654092789 3139
1781296714015 0.08116751164197922 3140
1781296714017 0.11367397755384445 3141
1781296714020 0.028025595471262932 3142
1781296714024 0.10302815586328506 3143
1781296714027 0.04920731484889984 3144
1781296714033 0.1116158589720726 3145
1781296714035 0.13992707431316376 3146
1781296714038 0.11591780930757523 3147
1781296714041 0.08120552450418472 3148
1781296714045 0.04250302165746689 3149
1781296714048 0.1035894900560379 3150
1781296714051 0.09120751917362213 3151
1781296714054 0.14793166518211365 3152
1781296714057 0.07039061188697815 3153
1781296714061 0.18400923907756805 3154
1781296714063 0.030614187940955162 3155
1781296714067 0.030786855146288872 3156
1781296714069 0.21568772196769714 3157
1781296714072 0.28160059452056885 3158
1781296714074 0.09446735680103302 3159
1781296714078 0.14143343269824982 3160
1781296714081 0.03965311497449875 3161
1781296714085 0.08634831756353378 3162
1781296714092 0.1371045708656311 3163
1781296714097 0.17597423493862152 3164
1781296714102 0.15535517036914825 3165
1781296714107 0.06344082206487656 3166
1781296714109 0.028000859543681145 3167
1781296714112 0.12721478939056396 3168
1781296714115 0.09871143102645874 3169
1781296714117 0.07739005982875824 3170
1781296714122 0.11157771944999695 3171
1781296714126 0.10592447221279144 3172
1781296714132 0.06441529095172882 3173
1781296714136 0.12890218198299408 3174
1781296714139 0.1601327359676361 3175
1781296714143 0.10773477703332901 3176
1781296714146 0.08080467581748962 3177
1781296714149 0.05147600173950195 3178
1781296714152 0.15936094522476196 3179
1781296714157 0.04354329779744148 3180
1781296714163 0.14888788759708405 3181
1781296714166 0.11181104928255081 3182
1781296714171 0.28774958848953247 3183
1781296714176 0.1683155745267868 3184
1781296714178 0.0726243257522583 3185
1781296714181 0.05446961149573326 3186
1781296714185 0.17603954672813416 3187
1781296714187 0.17736530303955078 3188
1781296714191 0.17147091031074524 3189
1781296714195 0.2332298457622528 3190
1781296714199 0.11212093383073807 3191
1781296714205 0.12313008308410645 3192
1781296714210 0.10670505464076996 3193
1781296714213 0.12246733903884888 3194
1781296714217 0.18365436792373657 3195
1781296714219 0.19125980138778687 3196
1781296714222 0.11833707243204117 3197
1781296714226 0.10165798664093018 3198
1781296714233 0.07223401963710785 3199
1781296714235 0.11560409516096115 3200
1781296714240 0.12854604423046112 3201
1781296714243 0.07101530581712723 3202
1781296714246 0.07955962419509888 3203
1781296714248 0.1255071610212326 3204
1781296714251 0.09299831092357635 3205
1781296714253 0.1289757788181305 3206
1781296714256 0.056228578090667725 3207
1781296714258 0.05331461504101753 3208
1781296714262 0.06731640547513962 3209
1781296714264 0.12193825095891953 3210
1781296714267 0.10321950167417526 3211
1781296714269 0.07408332079648972 3212
1781296714271 0.15727120637893677 3213
1781296714276 0.026647526770830154 3214
1781296714280 0.38080349564552307 3215
1781296714283 0.13395878672599792 3216
1781296714286 0.04089164733886719 3217
1781296714289 0.10909352451562881 3218
1781296714292 0.08673539757728577 3219
1781296714298 0.16146674752235413 3220
1781296714300 0.19767160713672638 3221
1781296714303 0.1419982612133026 3222
1781296714308 0.10371218621730804 3223
1781296714312 0.1367972046136856 3224
1781296714315 0.09026241302490234 3225
1781296714318 0.06359289586544037 3226
1781296714321 0.10127022862434387 3227
1781296714324 0.10122531652450562 3228
1781296714328 0.18315552175045013 3229
1781296714334 0.1320827752351761 3230
1781296714336 0.10134705901145935 3231
1781296714339 0.04475780948996544 3232
1781296714342 0.047221869230270386 3233
1781296714345 0.09764162451028824 3234
1781296714348 0.16503120958805084 3235
1781296714351 0.03740154951810837 3236
1781296714354 0.03584016114473343 3237
1781296714361 0.03619170933961868 3238
1781296714364 0.1355554312467575 3239
1781296714367 0.21124835312366486 3240
1781296714369 0.10649953782558441 3241
1781296714373 0.1153046190738678 3242
1781296714378 0.1433597207069397 3243
1781296714381 0.17203669250011444 3244
1781296714384 0.06577539443969727 3245
1781296714386 0.07473087310791016 3246
1781296714389 0.23109102249145508 3247
1781296714395 0.17486245930194855 3248
1781296714398 0.20031268894672394 3249
1781296714400 0.05434398353099823 3250
1781296714403 0.09336990118026733 3251
1781296714406 0.10655366629362106 3252
1781296714409 0.041188839823007584 3253
1781296714415 0.08076263964176178 3254
1781296714417 0.03214879706501961 3255
1781296714420 0.11067184805870056 3256
1781296714422 0.08874007314443588 3257
1781296714426 0.14462149143218994 3258
1781296714429 0.03125625476241112 3259
1781296714433 0.07959014177322388 3260
1781296714438 0.034172944724559784 3261
1781296714442 0.021737119182944298 3262
1781296714445 0.09844864904880524 3263
1781296714448 0.07278088480234146 3264
1781296714450 0.22188499569892883 3265
1781296714454 0.09728780388832092 3266
1781296714460 0.10395307838916779 3267
1781296714462 0.027264410629868507 3268
1781296714465 0.05667543038725853 3269
1781296714467 0.05594559386372566 3270
1781296714470 0.14522747695446014 3271
1781296714472 0.20613496005535126 3272
1781296714475 0.08582434803247452 3273
1781296714478 0.15591396391391754 3274
1781296714480 0.08090902864933014 3275
1781296714483 0.08607256412506104 3276
1781296714485 0.09396208077669144 3277
1781296714488 0.10784844309091568 3278
1781296714492 0.08290985226631165 3279
1781296714495 0.14798453450202942 3280
1781296714498 0.11695631593465805 3281
1781296714501 0.028251580893993378 3282
1781296714503 0.07439474016427994 3283
1781296714506 0.12090346962213516 3284
1781296714509 0.09368979185819626 3285
1781296714514 0.01645931974053383 3286
1781296714517 0.055970966815948486 3287
1781296714520 0.29229217767715454 3288
1781296714524 0.09480764716863632 3289
1781296714527 0.019102370366454124 3290
1781296714532 0.11307051032781601 3291
1781296714535 0.026921145617961884 3292
1781296714537 0.12796300649642944 3293
1781296714540 0.17970627546310425 3294
1781296714543 0.05998020991683006 3295
1781296714547 0.034994371235370636 3296
1781296714550 0.20410294830799103 3297
1781296714553 0.038691479712724686 3298
1781296714556 0.14047013223171234 3299
1781296714559 0.1637594997882843 3300
1781296714561 0.275920033454895 3301
1781296714565 0.04374205693602562 3302
1781296714568 0.09467604011297226 3303
1781296714573 0.06049620732665062 3304
1781296714578 0.10633297264575958 3305
1781296714583 0.18831861019134521 3306
1781296714585 0.13129647076129913 3307
1781296714588 0.06449595838785172 3308
1781296714594 0.04943758249282837 3309
1781296714599 0.20734381675720215 3310
1781296714602 0.05441084876656532 3311
1781296714605 0.06981564313173294 3312
1781296714611 0.05805356800556183 3313
1781296714614 0.11833727359771729 3314
1781296714616 0.09404261410236359 3315
1781296714620 0.07292113453149796 3316
1781296714628 0.10191959887742996 3317
1781296714639 0.0664023905992508 3318
1781296714643 0.056671544909477234 3319
1781296714646 0.18226566910743713 3320
1781296714649 0.08097004145383835 3321
1781296714651 0.03416570648550987 3322
1781296714654 0.09208264201879501 3323
1781296714656 0.19608351588249207 3324
1781296714660 0.10792090743780136 3325
1781296714665 0.041556864976882935 3326
1781296714670 0.10302670300006866 3327
1781296714676 0.07973992824554443 3328
1781296714681 0.2286262810230255 3329
1781296714685 0.1158752590417862 3330
1781296714688 0.16214437782764435 3331
1781296714691 0.10991284251213074 3332
1781296714694 0.10895267128944397 3333
1781296714697 0.11823613196611404 3334
1781296714700 0.07559782266616821 3335
1781296714703 0.04354093223810196 3336
1781296714707 0.15434779226779938 3337
1781296714712 0.1316620260477066 3338
1781296714715 0.053799595683813095 3339
1781296714717 0.17530807852745056 3340
1781296714720 0.053013578057289124 3341
1781296714723 0.13561618328094482 3342
1781296714729 0.02362215891480446 3343
1781296714737 0.11329890787601471 3344
1781296714740 0.09871667623519897 3345
1781296714749 0.0724886879324913 3346
1781296714753 0.11450060456991196 3347
1781296714757 0.040951237082481384 3348
1781296714760 0.07766667008399963 3349
1781296714763 0.034799300134181976 3350
1781296714768 0.1105690598487854 3351
1781296714773 0.22910581529140472 3352
1781296714776 0.03404853492975235 3353
1781296714779 0.11922310292720795 3354
1781296714782 0.04233284294605255 3355
1781296714785 0.11381876468658447 3356
1781296714788 0.06360278278589249 3357
1781296714791 0.2225065678358078 3358
1781296714794 0.1854928731918335 3359
1781296714800 0.07249610871076584 3360
1781296714805 0.05999162048101425 3361
1781296714809 0.06026645004749298 3362
1781296714813 0.03217415139079094 3363
1781296714816 0.2667200267314911 3364
1781296714819 0.05642597749829292 3365
1781296714822 0.11537820845842361 3366
1781296714828 0.09042428433895111 3367
1781296714832 0.04762544482946396 3368
1781296714835 0.05332847312092781 3369
1781296714838 0.14314310252666473 3370
1781296714842 0.05309870466589928 3371
1781296714845 0.09714038670063019 3372
1781296714848 0.18199434876441956 3373
1781296714850 0.1586611419916153 3374
1781296714853 0.08669032156467438 3375
1781296714857 0.05929511412978172 3376
1781296714860 0.07546825706958771 3377
1781296714863 0.11909577995538712 3378
1781296714866 0.1299578845500946 3379
1781296714870 0.1675383597612381 3380
1781296714875 0.06910599023103714 3381
1781296714878 0.18009357154369354 3382
1781296714881 0.08342062681913376 3383
1781296714884 0.18848150968551636 3384
1781296714886 0.2514093816280365 3385
1781296714889 0.25664544105529785 3386
1781296714893 0.05400620028376579 3387
1781296714896 0.09742866456508636 3388
1781296714900 0.17376431822776794 3389
1781296714904 0.1984967291355133 3390
1781296714907 0.1721402406692505 3391
1781296714912 0.10594772547483444 3392
1781296714915 0.08209177851676941 3393
1781296714918 0.06818527728319168 3394
1781296714923 0.10393619537353516 3395
1781296714927 0.34405967593193054 3396
1781296714931 0.2042362540960312 3397
1781296714933 0.06756605952978134 3398
1781296714936 0.05127410218119621 3399
1781296714939 0.232247456908226 3400
1781296714942 0.05641021206974983 3401
1781296714946 0.0985681489109993 3402
1781296714950 0.17580603063106537 3403
1781296714953 0.19278362393379211 3404
1781296714955 0.0943225622177124 3405
1781296714958 0.20583578944206238 3406
1781296714962 0.17759136855602264 3407
1781296714964 0.05041128769516945 3408
1781296714967 0.03463997691869736 3409
1781296714970 0.04769004136323929 3410
1781296714973 0.1235496923327446 3411
1781296714976 0.2019079476594925 3412
1781296714978 0.13888311386108398 3413
1781296714981 0.04280628263950348 3414
1781296714986 0.09518389403820038 3415
1781296714989 0.06713561713695526 3416
1781296714993 0.09771431982517242 3417
1781296714996 0.0879826545715332 3418
1781296715001 0.09247896820306778 3419
1781296715005 0.07044777274131775 3420
1781296715009 0.13908691704273224 3421
1781296715012 0.06558781862258911 3422
1781296715015 0.1020672544836998 3423
1781296715017 0.047722090035676956 3424
1781296715020 0.08287976682186127 3425
1781296715023 0.04979759082198143 3426
1781296715026 0.08888401091098785 3427
1781296715028 0.1416121870279312 3428
1781296715031 0.04293246194720268 3429
1781296715033 0.3081231117248535 3430
1781296715040 0.1538992077112198 3431
1781296715045 0.07856966555118561 3432
1781296715049 0.08679777383804321 3433
1781296715052 0.054383646696805954 3434
1781296715055 0.09066726267337799 3435
1781296715058 0.10937750339508057 3436
1781296715062 0.040497563779354095 3437
1781296715065 0.03712084889411926 3438
1781296715069 0.16631869971752167 3439
1781296715073 0.18194445967674255 3440
1781296715076 0.035562317818403244 3441
1781296715078 0.10579156130552292 3442
1781296715081 0.034103378653526306 3443
1781296715086 0.08277203887701035 3444
1781296715090 0.1677936315536499 3445
1781296715093 0.12985235452651978 3446
1781296715096 0.08991804718971252 3447
1781296715099 0.13905403017997742 3448
1781296715104 0.2693645656108856 3449
1781296715107 0.0947372242808342 3450
1781296715110 0.09653090685606003 3451
1781296715113 0.03817255422472954 3452
1781296715117 0.20653298497200012 3453
1781296715123 0.07447025924921036 3454
1781296715127 0.13257171213626862 3455
1781296715130 0.08995454758405685 3456
1781296715133 0.01189349964261055 3457
1781296715136 0.06083353981375694 3458
1781296715139 0.07190915197134018 3459
1781296715144 0.10524166375398636 3460
1781296715148 0.04617152363061905 3461
1781296715151 0.10843019932508469 3462
1781296715154 0.052351899445056915 3463
1781296715157 0.04851141199469566 3464
1781296715163 0.03678440675139427 3465
1781296715167 0.04086707532405853 3466
1781296715170 0.10146679729223251 3467
1781296715175 0.09683357924222946 3468
1781296715180 0.12354984134435654 3469
1781296715183 0.12280777841806412 3470
1781296715186 0.05473071709275246 3471
1781296715189 0.04179321601986885 3472
1781296715193 0.10024860501289368 3473
1781296715198 0.04591767117381096 3474
1781296715203 0.015876058489084244 3475
1781296715206 0.21186207234859467 3476
1781296715210 0.14450940489768982 3477
1781296715213 0.2702208161354065 3478
1781296715218 0.12893450260162354 3479
1781296715221 0.1057010218501091 3480
1781296715225 0.08122095465660095 3481
1781296715229 0.07093195617198944 3482
1781296715232 0.05564987659454346 3483
1781296715234 0.1597159206867218 3484
1781296715237 0.07998669892549515 3485
1781296715239 0.208845853805542 3486
1781296715244 0.05735379830002785 3487
1781296715248 0.04332615062594414 3488
1781296715250 0.05022171512246132 3489
1781296715253 0.04074542969465256 3490
1781296715256 0.1358758956193924 3491
1781296715259 0.16756904125213623 3492
1781296715262 0.02644980698823929 3493
1781296715266 0.24299868941307068 3494
1781296715270 0.06141781061887741 3495
1781296715273 0.12076181173324585 3496
1781296715278 0.14628355205059052 3497
1781296715282 0.026559891179203987 3498
1781296715284 0.08908092230558395 3499
1781296715287 0.05263158679008484 3500
1781296715292 0.03751537948846817 3501
1781296715297 0.12855561077594757 3502
1781296715300 0.33188870549201965 3503
1781296715303 0.08572249114513397 3504
1781296715307 0.22753219306468964 3505
1781296715310 0.2265848070383072 3506
1781296715312 0.20495115220546722 3507
1781296715315 0.12895821034908295 3508
1781296715318 0.23484347760677338 3509
1781296715320 0.02281801402568817 3510
1781296715325 0.08521487563848495 3511
1781296715330 0.08430826663970947 3512
1781296715333 0.06571763753890991 3513
1781296715335 0.07876114547252655 3514
1781296715338 0.1121981292963028 3515
1781296715343 0.08326580375432968 3516
1781296715346 0.08307498693466187 3517
1781296715350 0.0997830182313919 3518
1781296715354 0.3193700611591339 3519
1781296715357 0.05545588582754135 3520
1781296715363 0.23485825955867767 3521
1781296715369 0.06230299174785614 3522
1781296715372 0.06846192479133606 3523
1781296715376 0.10925912111997604 3524
1781296715379 0.1399502158164978 3525
1781296715382 0.13429206609725952 3526
1781296715384 0.07560309767723083 3527
1781296715387 0.057433657348155975 3528
1781296715391 0.08868679404258728 3529
1781296715395 0.28840065002441406 3530
1781296715400 0.1186290755867958 3531
1781296715403 0.06248442456126213 3532
1781296715406 0.20810142159461975 3533
1781296715409 0.0430619940161705 3534
1781296715414 0.15919090807437897 3535
1781296715417 0.18488158285617828 3536
1781296715420 0.07378654927015305 3537
1781296715423 0.37217071652412415 3538
1781296715430 0.14347678422927856 3539
1781296715433 0.07536094635725021 3540
1781296715436 0.03532982990145683 3541
1781296715440 0.02632370963692665 3542
1781296715443 0.10586924850940704 3543
1781296715446 0.07174211740493774 3544
1781296715450 0.05428687855601311 3545
1781296715453 0.03892972692847252 3546
1781296715457 0.14254885911941528 3547
1781296715460 0.05006184056401253 3548
1781296715463 0.06247880309820175 3549
1781296715467 0.013068266212940216 3550
1781296715470 0.04551733657717705 3551
1781296715473 0.11861217767000198 3552
1781296715477 0.15979984402656555 3553
1781296715481 0.18881967663764954 3554
1781296715487 0.11379344016313553 3555
1781296715491 0.046890560537576675 3556
1781296715494 0.07112954556941986 3557
1781296715497 0.0770740807056427 3558
1781296715500 0.027245061472058296 3559
1781296715502 0.04336140677332878 3560
1781296715505 0.02437339909374714 3561
1781296715508 0.029881305992603302 3562
1781296715511 0.18761642277240753 3563
1781296715514 0.08817579597234726 3564
1781296715516 0.08810359984636307 3565
1781296715519 0.02785082906484604 3566
1781296715523 0.12641851603984833 3567
1781296715527 0.12962211668491364 3568
1781296715530 0.13228647410869598 3569
1781296715533 0.04189961403608322 3570
1781296715537 0.19441145658493042 3571
1781296715540 0.11778055876493454 3572
1781296715543 0.12281843274831772 3573
1781296715548 0.08425283432006836 3574
1781296715551 0.07043026387691498 3575
1781296715554 0.239136204123497 3576
1781296715557 0.3872646987438202 3577
1781296715560 0.23848620057106018 3578
1781296715565 0.13635782897472382 3579
1781296715568 0.030309997498989105 3580
1781296715571 0.13315823674201965 3581
1781296715575 0.093095563352108 3582
1781296715581 0.058600328862667084 3583
1781296715584 0.1902891844511032 3584
1781296715587 0.1717563271522522 3585
1781296715590 0.06833997368812561 3586
1781296715594 0.09977801889181137 3587
1781296715599 0.1023024320602417 3588
1781296715604 0.14343370497226715 3589
1781296715607 0.10323990881443024 3590
1781296715611 0.21471787989139557 3591
1781296715615 0.34988072514533997 3592
1781296715617 0.05873853713274002 3593
1781296715620 0.05906016007065773 3594
1781296715626 0.20706935226917267 3595
1781296715629 0.22564762830734253 3596
1781296715633 0.3138487935066223 3597
1781296715639 0.09254518896341324 3598
1781296715643 0.0254385806620121 3599
1781296715646 0.17715252935886383 3600
1781296715648 0.04863901808857918 3601
1781296715651 0.07842382788658142 3602
1781296715654 0.03534533083438873 3603
1781296715658 0.14601683616638184 3604
1781296715661 0.2167663425207138 3605
1781296715665 0.04378170892596245 3606
1781296715668 0.12574559450149536 3607
1781296715671 0.08140885829925537 3608
1781296715676 0.07285013049840927 3609
1781296715682 0.04436291754245758 3610
1781296715686 0.11122578382492065 3611
1781296715689 0.0524427704513073 3612
1781296715692 0.07176773995161057 3613
1781296715696 0.10771408677101135 3614
1781296715700 0.0671008750796318 3615
1781296715703 0.0151418037712574 3616
1781296715706 0.17308372259140015 3617
1781296715709 0.25382718443870544 3618
1781296715712 0.06639929115772247 3619
1781296715716 0.08269345015287399 3620
1781296715719 0.11060753464698792 3621
1781296715722 0.12613677978515625 3622
1781296715725 0.06784875690937042 3623
1781296715729 0.12807288765907288 3624
1781296715731 0.08869937807321548 3625
1781296715734 0.12241661548614502 3626
1781296715737 0.07956518232822418 3627
1781296715739 0.028832165524363518 3628
1781296715745 0.034596897661685944 3629
1781296715748 0.0911303460597992 3630
1781296715752 0.09159451723098755 3631
1781296715755 0.0427660197019577 3632
1781296715762 0.04624645411968231 3633
1781296715765 0.16307517886161804 3634
1781296715768 0.034403689205646515 3635
1781296715771 0.23107078671455383 3636
1781296715774 0.15355107188224792 3637
1781296715777 0.22698348760604858 3638
1781296715780 0.05007203295826912 3639
1781296715783 0.08001304417848587 3640
1781296715786 0.16071441769599915 3641
1781296715789 0.20017890632152557 3642
1781296715794 0.05959852784872055 3643
1781296715796 0.05109916254878044 3644
1781296715799 0.10836876183748245 3645
1781296715805 0.1245797723531723 3646
1781296715810 0.10029485076665878 3647
1781296715813 0.0761994943022728 3648
1781296715816 0.11495447158813477 3649
1781296715819 0.15679824352264404 3650
1781296715822 0.19621899724006653 3651
1781296715827 0.17915847897529602 3652
1781296715830 0.038065191358327866 3653
1781296715833 0.1259671151638031 3654
1781296715836 0.09646566957235336 3655
1781296715839 0.028062298893928528 3656
1781296715843 0.2518622875213623 3657
1781296715847 0.10778636485338211 3658
1781296715851 0.07203863561153412 3659
1781296715854 0.031184835359454155 3660
1781296715856 0.1601698249578476 3661
1781296715862 0.05512598901987076 3662
1781296715867 0.08665140718221664 3663
1781296715870 0.09637629985809326 3664
1781296715873 0.09250452369451523 3665
1781296715876 0.10716214776039124 3666
1781296715879 0.09964797645807266 3667
1781296715883 0.0885104164481163 3668
1781296715886 0.11567941308021545 3669
1781296715889 0.17139889299869537 3670
1781296715892 0.325793594121933 3671
1781296715895 0.26171839237213135 3672
1781296715898 0.07892736792564392 3673
1781296715901 0.04745066165924072 3674
1781296715906 0.06524181365966797 3675
1781296715910 0.1196182444691658 3676
1781296715914 0.08511658012866974 3677
1781296715918 0.05990803986787796 3678
1781296715921 0.03212689608335495 3679
1781296715928 0.06280677020549774 3680
1781296715934 0.031755294650793076 3681
1781296715938 0.06862691044807434 3682
1781296715942 0.07361523807048798 3683
1781296715945 0.327859103679657 3684
1781296715948 0.06911077350378036 3685
1781296715952 0.30132341384887695 3686
1781296715956 0.03289732709527016 3687
1781296715960 0.04911698028445244 3688
1781296715962 0.07419989258050919 3689
1781296715968 0.09030787646770477 3690
1781296715971 0.17330946028232574 3691
1781296715976 0.046940844506025314 3692
1781296715981 0.05909494310617447 3693
1781296715984 0.15137195587158203 3694
1781296715986 0.07089095562696457 3695
1781296715991 0.06600899249315262 3696
1781296715994 0.10321812331676483 3697
1781296716000 0.12499192357063293 3698
1781296716002 0.3795493245124817 3699
1781296716005 0.04408169165253639 3700
1781296716010 0.06394471228122711 3701
1781296716012 0.17596553266048431 3702
1781296716016 0.04587208479642868 3703
1781296716019 0.1805955022573471 3704
1781296716021 0.13853873312473297 3705
1781296716026 0.16382353007793427 3706
1781296716032 0.03956142067909241 3707
1781296716038 0.06667095422744751 3708
1781296716042 0.14557024836540222 3709
1781296716045 0.0741000771522522 3710
1781296716048 0.024123985320329666 3711
1781296716052 0.21089261770248413 3712
1781296716054 0.10919316858053207 3713
1781296716057 0.09387687593698502 3714
1781296716060 0.08064014464616776 3715
1781296716063 0.12467320263385773 3716
1781296716065 0.16794827580451965 3717
1781296716068 0.0679050162434578 3718
1781296716071 0.11609361320734024 3719
1781296716073 0.04599964991211891 3720
1781296716076 0.16984401643276215 3721
1781296716079 0.13176585733890533 3722
1781296716084 0.1657457947731018 3723
1781296716089 0.09121175110340118 3724
1781296716092 0.03751383721828461 3725
1781296716095 0.11785673350095749 3726
1781296716097 0.04952893778681755 3727
1781296716100 0.05940137803554535 3728
1781296716103 0.10554555803537369 3729
1781296716106 0.13529562950134277 3730
1781296716109 0.14613614976406097 3731
1781296716112 0.05564571171998978 3732
1781296716115 0.13461588323116302 3733
1781296716118 0.06947316974401474 3734
1781296716120 0.1815381795167923 3735
1781296716123 0.04318729788064957 3736
1781296716127 0.1416509747505188 3737
1781296716130 0.13612376153469086 3738
1781296716132 0.15552093088626862 3739
1781296716135 0.15760783851146698 3740
1781296716137 0.014690064825117588 3741
1781296716140 0.078480564057827 3742
1781296716143 0.15361301600933075 3743
1781296716146 0.05503302812576294 3744
1781296716148 0.16388434171676636 3745
1781296716151 0.1368345022201538 3746
1781296716153 0.03472466021776199 3747
1781296716337 0.026565447449684143 3748
1781296716340 0.27824094891548157 3749
1781296716344 0.17972931265830994 3750
1781296716347 0.05216534063220024 3751
1781296716349 0.10987149178981781 3752
1781296716352 0.09398209303617477 3753
1781296716356 0.11270280182361603 3754
1781296716359 0.22001414000988007 3755
1781296716364 0.12066469341516495 3756
1781296716367 0.15970927476882935 3757
1781296716372 0.109856016933918 3758
1781296716375 0.14766718447208405 3759
1781296716377 0.05752992257475853 3760
1781296716380 0.14631439745426178 3761
1781296716383 0.05175112560391426 3762
1781296716388 0.18678437173366547 3763
1781296716393 0.03663415461778641 3764
1781296716396 0.03155948594212532 3765
1781296716399 0.09547995775938034 3766
1781296716402 0.07278920710086823 3767
1781296716404 0.05621227249503136 3768
1781296716407 0.11311280727386475 3769
1781296716413 0.10155919939279556 3770
1781296716415 0.06483400613069534 3771
1781296716421 0.07841619104146957 3772
1781296716423 0.07080663740634918 3773
1781296716427 0.09141092747449875 3774
1781296716429 0.0686347633600235 3775
1781296716435 0.08549196273088455 3776
1781296716437 0.0746983140707016 3777
1781296716440 0.09936322271823883 3778
1781296716443 0.057590778917074203 3779
1781296716446 0.02854781411588192 3780
1781296716449 0.058501146733760834 3781
1781296716452 0.12746071815490723 3782
1781296716455 0.1468101143836975 3783
1781296716459 0.02417786978185177 3784
1781296716462 0.08238997310400009 3785
1781296716464 0.14100448787212372 3786
1781296716467 0.11131182312965393 3787
1781296716470 0.1642606258392334 3788
1781296716472 0.09205923229455948 3789
1781296716475 0.15992367267608643 3790
1781296716479 0.0932924672961235 3791
1781296716488 0.07483307272195816 3792
1781296716490 0.08987867832183838 3793
1781296716494 0.06464726477861404 3794
1781296716497 0.4500431716442108 3795
1781296716500 0.07259071618318558 3796
1781296716503 0.033740025013685226 3797
1781296716505 0.016055218875408173 3798
1781296716508 0.13648147881031036 3799
1781296716511 0.19331935048103333 3800
1781296716514 0.06332339346408844 3801
1781296716519 0.10115284472703934 3802
1781296716522 0.03144719824194908 3803
1781296716527 0.06631927192211151 3804
1781296716530 0.14907397329807281 3805
1781296716532 0.21436041593551636 3806
1781296716535 0.18836553394794464 3807
1781296716537 0.11165504157543182 3808
1781296716540 0.19725064933300018 3809
1781296716543 0.039517566561698914 3810
1781296716546 0.03900900110602379 3811
1781296716549 0.1137266531586647 3812
1781296716551 0.19715110957622528 3813
1781296716557 0.14029259979724884 3814
1781296716561 0.1076248288154602 3815
1781296716564 0.1004687249660492 3816
1781296716567 0.15342707931995392 3817
1781296716569 0.10656773298978806 3818
1781296716572 0.08972883224487305 3819
1781296716576 0.047084420919418335 3820
1781296716578 0.04553786292672157 3821
1781296716583 0.058726485818624496 3822
1781296716585 0.09793117642402649 3823
1781296716588 0.06598705053329468 3824
1781296716592 0.05055942013859749 3825
1781296716596 0.07852493971586227 3826
1781296716599 0.08987914770841599 3827
1781296716602 0.09717237204313278 3828
1781296716604 0.034330494701862335 3829
1781296716607 0.023366037756204605 3830
1781296716611 0.022794269025325775 3831
1781296716618 0.10045889765024185 3832
1781296716622 0.19138632714748383 3833
1781296716626 0.12211240082979202 3834
1781296716630 0.13862177729606628 3835
1781296716636 0.03221268206834793 3836
1781296716639 0.15935488045215607 3837
1781296716644 0.027504336088895798 3838
1781296716646 0.062098968774080276 3839
1781296716649 0.07718227803707123 3840
1781296716653 0.02737938053905964 3841
1781296716659 0.2924470603466034 3842
1781296716662 0.06051623448729515 3843
1781296716665 0.06979459524154663 3844
1781296716668 0.03245174139738083 3845
1781296716674 0.04785758629441261 3846
1781296716678 0.05655761435627937 3847
1781296716680 0.20771823823451996 3848
1781296716683 0.13125883042812347 3849
1781296716686 0.06589069217443466 3850
1781296716690 0.0598156675696373 3851
1781296716694 0.022662222385406494 3852
1781296716698 0.17081628739833832 3853
1781296716701 0.05905856937170029 3854
1781296716706 0.0623670294880867 3855
1781296716711 0.20581859350204468 3856
1781296716715 0.09695124626159668 3857
1781296716718 0.08927007764577866 3858
1781296716722 0.12659001350402832 3859
1781296716726 0.16034428775310516 3860
1781296716729 0.11750564724206924 3861
1781296716732 0.04199206829071045 3862
1781296716735 0.14005059003829956 3863
1781296716737 0.18237029016017914 3864
1781296716740 0.10227779299020767 3865
1781296716743 0.06364458054304123 3866
1781296716750 0.14390608668327332 3867
1781296716757 0.16768741607666016 3868
1781296716761 0.07681762427091599 3869
1781296716767 0.20513996481895447 3870
1781296716772 0.07765695452690125 3871
1781296716776 0.0817018523812294 3872
1781296716779 0.2546233534812927 3873
1781296716781 0.038524553179740906 3874
1781296716787 0.022149676457047462 3875
1781296716790 0.2152031809091568 3876
1781296716793 0.10873588174581528 3877
1781296716797 0.041177935898303986 3878
1781296716800 0.04632918909192085 3879
1781296716803 0.23982608318328857 3880
1781296716806 0.023088686168193817 3881
1781296716810 0.08378374576568604 3882
1781296716814 0.06781097501516342 3883
1781296716817 0.06432145088911057 3884
1781296716820 0.02609381638467312 3885
1781296716823 0.03277965635061264 3886
1781296716827 0.07903499901294708 3887
1781296716830 0.14001135528087616 3888
1781296716833 0.017414381727576256 3889
1781296716836 0.12911592423915863 3890
1781296716839 0.06443650275468826 3891
1781296716842 0.16198664903640747 3892
1781296716846 0.05120973289012909 3893
1781296716850 0.03469661623239517 3894
1781296716856 0.14107002317905426 3895
1781296716860 0.11413447558879852 3896
1781296716863 0.19066856801509857 3897
1781296716866 0.10222810506820679 3898
1781296716869 0.04624878615140915 3899
1781296716873 0.08667037636041641 3900
1781296716877 0.25018054246902466 3901
1781296716880 0.06594748049974442 3902
1781296716884 0.05610857531428337 3903
1781296716886 0.05489323288202286 3904
1781296716889 0.10967778414487839 3905
1781296716894 0.10746066272258759 3906
1781296716897 0.0919385477900505 3907
1781296716900 0.04387623071670532 3908
1781296716903 0.16265548765659332 3909
1781296716908 0.057824235409498215 3910
1781296716913 0.04744477570056915 3911
1781296716916 0.03163113817572594 3912
1781296716918 0.04731682687997818 3913
1781296716921 0.1529638171195984 3914
1781296716925 0.12111809849739075 3915
1781296716930 0.10445297509431839 3916
1781296716932 0.17007391154766083 3917
1781296716935 0.11944101005792618 3918
1781296716938 0.04128192365169525 3919
1781296716943 0.12732408940792084 3920
1781296716946 0.108560711145401 3921
1781296716951 0.0314997136592865 3922
1781296716954 0.042844582349061966 3923
1781296716959 0.05295077711343765 3924
1781296716964 0.02580740861594677 3925
1781296716969 0.09777575731277466 3926
1781296716973 0.02964215911924839 3927
1781296716976 0.1192212849855423 3928
1781296716980 0.11993039399385452 3929
1781296716983 0.028193671256303787 3930
1781296717006 0.08659989386796951 3931
1781296717011 0.2701186537742615 3932
1781296717015 0.06819275766611099 3933
1781296717018 0.12514038383960724 3934
1781296717021 0.10653689503669739 3935
1781296717025 0.04002704471349716 3936
1781296717029 0.09516818821430206 3937
1781296717032 0.10654762387275696 3938
1781296717036 0.04150020331144333 3939
1781296717040 0.04699784144759178 3940
1781296717044 0.07302124053239822 3941
1781296717047 0.04938814043998718 3942
1781296717050 0.18356145918369293 3943
1781296717054 0.12840713560581207 3944
1781296717057 0.19323962926864624 3945
1781296717061 0.18550464510917664 3946
1781296717064 0.08849707245826721 3947
1781296717067 0.17236602306365967 3948
1781296717071 0.06560909003019333 3949
1781296717075 0.05259322002530098 3950
1781296717079 0.1060679629445076 3951
1781296717082 0.08785834908485413 3952
1781296717087 0.1204567402601242 3953
1781296717094 0.02967875264585018 3954
1781296717098 0.043044742196798325 3955
1781296717104 0.1326931118965149 3956
1781296717108 0.024053873494267464 3957
1781296717115 0.08775488287210464 3958
1781296717118 0.1749679148197174 3959
1781296717121 0.08330414444208145 3960
1781296717125 0.0603383406996727 3961
1781296717129 0.12036720663309097 3962
1781296717132 0.0940813198685646 3963
1781296717135 0.15344661474227905 3964
1781296717138 0.11492819339036942 3965
1781296717142 0.03419213369488716 3966
1781296717146 0.07254469394683838 3967
1781296717149 0.06059737130999565 3968
1781296717153 0.059511564671993256 3969
1781296717157 0.07852049171924591 3970
1781296717160 0.0936284139752388 3971
1781296717164 0.05019645392894745 3972
1781296717167 0.09855256974697113 3973
1781296717170 0.3394309878349304 3974
1781296717174 0.04290711134672165 3975
1781296717177 0.09028676897287369 3976
1781296717180 0.09043118357658386 3977
1781296717183 0.1033865287899971 3978
1781296717187 0.08383584022521973 3979
1781296717191 0.20314672589302063 3980
1781296717195 0.20764154195785522 3981
1781296717199 0.07363352179527283 3982
1781296717202 0.03981251269578934 3983
1781296717206 0.08617327362298965 3984
1781296717212 0.12578818202018738 3985
1781296717215 0.06528140604496002 3986
1781296717219 0.17041748762130737 3987
1781296717222 0.040270864963531494 3988
1781296717227 0.062215402722358704 3989
1781296717231 0.11392442882061005 3990
1781296717235 0.04566376283764839 3991
1781296717238 0.07791301608085632 3992
1781296717242 0.07600829005241394 3993
1781296717246 0.17515945434570312 3994
1781296717249 0.05054539442062378 3995
1781296717253 0.12361401319503784 3996
1781296717257 0.09964904189109802 3997
1781296717262 0.05364227294921875 3998
1781296717265 0.0728173702955246 3999
1781296717268 0.035267166793346405 4000
1781296717275 0.19196219742298126 4001
1781296717279 0.0743008628487587 4002
1781296717283 0.12687988579273224 4003
1781296717286 0.03708085045218468 4004
1781296717292 0.08244246989488602 4005
1781296717296 0.026412423700094223 4006
1781296717299 0.09019999951124191 4007
1781296717302 0.04059261083602905 4008
1781296717306 0.06823477894067764 4009
1781296717310 0.10272296518087387 4010
1781296717314 0.10605772584676743 4011
1781296717317 0.08843208849430084 4012
1781296717320 0.051501937210559845 4013
1781296717324 0.020335247740149498 4014
1781296717328 0.055083539336919785 4015
1781296717332 0.03198542445898056 4016
1781296717335 0.1313951462507248 4017
1781296717338 0.13819058239459991 4018
1781296717343 0.05895049124956131 4019
1781296717347 0.06304726004600525 4020
1781296717350 0.15936127305030823 4021
1781296717354 0.11839254200458527 4022
1781296717357 0.10345172137022018 4023
1781296717361 0.13260124623775482 4024
1781296717365 0.14832434058189392 4025
1781296717368 0.049311183393001556 4026
1781296717371 0.19312137365341187 4027
1781296717375 0.019674671813845634 4028
1781296717378 0.09470216184854507 4029
1781296717382 0.023207267746329308 4030
1781296717385 0.04509565234184265 4031
1781296717388 0.02671617828309536 4032
1781296717393 0.09791884571313858 4033
1781296717397 0.027553005144000053 4034
1781296717400 0.05049503594636917 4035
1781296717403 0.07634779810905457 4036
1781296717407 0.14769881963729858 4037
1781296717411 0.052231330424547195 4038
1781296717415 0.10715880244970322 4039
1781296717418 0.09034612029790878 4040
1781296717421 0.06974530220031738 4041
1781296717425 0.07442941516637802 4042
1781296717429 0.13308598101139069 4043
1781296717433 0.03219296783208847 4044
1781296717437 0.1727086752653122 4045
1781296717441 0.02914700284600258 4046
1781296717445 0.09163311123847961 4047
1781296717448 0.02400796487927437 4048
1781296717452 0.21073424816131592 4049
1781296717456 0.05820917710661888 4050
1781296717462 0.06294973939657211 4051
1781296717465 0.05883697420358658 4052
1781296717469 0.10167984664440155 4053
1781296717474 0.2422650158405304 4054
1781296717479 0.0978538990020752 4055
1781296717483 0.08719038218259811 4056
1781296717487 0.22790111601352692 4057
1781296717493 0.048566218465566635 4058
1781296717499 0.052821941673755646 4059
1781296717502 0.033454712480306625 4060
1781296717507 0.07117616385221481 4061
1781296717513 0.10923460870981216 4062
1781296717516 0.13029955327510834 4063
1781296717519 0.0764240175485611 4064
1781296717523 0.052145153284072876 4065
1781296717526 0.1414065957069397 4066
1781296717530 0.13264122605323792 4067
1781296717533 0.029832560569047928 4068
1781296717537 0.08803921192884445 4069
1781296717540 0.09160065650939941 4070
1781296717544 0.05692067742347717 4071
1781296717547 0.1476661115884781 4072
1781296717551 0.0689067542552948 4073
1781296717554 0.12217351794242859 4074
1781296717557 0.08246510475873947 4075
1781296717561 0.06581538915634155 4076
1781296717565 0.03618244826793671 4077
1781296717569 0.026397664099931717 4078
1781296717572 0.07496035099029541 4079
1781296717576 0.018492205068469048 4080
1781296717579 0.0361480675637722 4081
1781296717582 0.10718516260385513 4082
1781296717586 0.07779224216938019 4083
1781296717589 0.09252336621284485 4084
1781296717592 0.07206328958272934 4085
1781296717596 0.052912112325429916 4086
1781296717599 0.0572451576590538 4087
1781296717602 0.03119422122836113 4088
1781296717606 0.07085301727056503 4089
1781296717610 0.04926907643675804 4090
1781296717614 0.0688692256808281 4091
1781296717617 0.16091620922088623 4092
1781296717620 0.15592600405216217 4093
1781296717624 0.126577228307724 4094
1781296717628 0.07358124107122421 4095
1781296717631 0.04060154780745506 4096
1781296717634 0.17516787350177765 4097
1781296717637 0.08922695368528366 4098
1781296717643 0.18512269854545593 4099
1781296717646 0.046731799840927124 4100
1781296717650 0.03904375061392784 4101
1781296717653 0.14469210803508759 4102
1781296717656 0.1370692253112793 4103
1781296717661 0.10569577664136887 4104
1781296717664 0.1498805582523346 4105
1781296717668 0.05486350506544113 4106
1781296717674 0.2279026359319687 4107
1781296717678 0.08709608763456345 4108
1781296717681 0.12956176698207855 4109
1781296717685 0.13947823643684387 4110
1781296717690 0.012691332958638668 4111
1781296717694 0.05280805006623268 4112
1781296717697 0.05359504371881485 4113
1781296717700 0.11394108831882477 4114
1781296717703 0.05628553777933121 4115
1781296717709 0.050985515117645264 4116
1781296717713 0.05685917288064957 4117
1781296717716 0.02598903328180313 4118
1781296717720 0.11021651327610016 4119
1781296717723 0.013041364960372448 4120
1781296717727 0.025473203510046005 4121
1781296717731 0.08583693951368332 4122
1781296717734 0.1736268252134323 4123
1781296717737 0.17519719898700714 4124
1781296717741 0.03301025927066803 4125
1781296717744 0.058025117963552475 4126
1781296717748 0.1314491331577301 4127
1781296717752 0.01788175292313099 4128
1781296717755 0.04971509799361229 4129
1781296717765 0.21419435739517212 4130
1781296717777 0.0876302495598793 4131
1781296717786 0.09114907681941986 4132
1781296717790 0.12335113435983658 4133
1781296717795 0.03126594424247742 4134
1781296717801 0.14199936389923096 4135
1781296717805 0.09202758222818375 4136
1781296717809 0.04967312887310982 4137
1781296717817 0.0581238754093647 4138
1781296717823 0.06099553406238556 4139
1781296717828 0.2094070017337799 4140
1781296717831 0.10572582483291626 4141
1781296717835 0.1654936522245407 4142
1781296717838 0.14359888434410095 4143
1781296717844 0.14905546605587006 4144
1781296717847 0.10247164964675903 4145
1781296717852 0.03073335438966751 4146
1781296717855 0.11282366514205933 4147
1781296717860 0.1351688951253891 4148
1781296717863 0.155237078666687 4149
1781296717865 0.008293051272630692 4150
1781296717868 0.03819664567708969 4151
1781296717872 0.17343579232692719 4152
1781296717876 0.06316424906253815 4153
1781296717881 0.0387885645031929 4154
1781296717884 0.05623041093349457 4155
1781296717887 0.035081759095191956 4156
1781296717892 0.1344648003578186 4157
1781296717895 0.14740288257598877 4158
1781296717898 0.02412022463977337 4159
1781296717901 0.07378588616847992 4160
1781296717903 0.07344114035367966 4161
1781296717907 0.08512118458747864 4162
1781296717910 0.09036539494991302 4163
1781296717913 0.054133906960487366 4164
1781296717918 0.07050381600856781 4165
1781296717923 0.030453257262706757 4166
1781296717926 0.04174330458045006 4167
1781296717929 0.06578343361616135 4168
1781296717931 0.04922894388437271 4169
1781296717934 0.1076463907957077 4170
1781296717938 0.04829298332333565 4171
1781296717942 0.04256753623485565 4172
1781296717945 0.0648639053106308 4173
1781296717947 0.06514424085617065 4174
1781296717950 0.04889586940407753 4175
1781296717954 0.018413441255688667 4176
1781296717959 0.13822127878665924 4177
1781296717962 0.11579369008541107 4178
1781296717966 0.06570199877023697 4179
1781296717970 0.06937533617019653 4180
1781296717973 0.12028525769710541 4181
1781296717975 0.07290901243686676 4182
1781296717978 0.13284623622894287 4183
1781296717984 0.05795052647590637 4184
1781296717987 0.07051939517259598 4185
1781296717990 0.114278145134449 4186
1781296717993 0.11366135627031326 4187
1781296717996 0.10422174632549286 4188
1781296717998 0.07026795297861099 4189
1781296718001 0.06251584738492966 4190
1781296718006 0.06254756450653076 4191
1781296718011 0.0740775316953659 4192
1781296718014 0.0623001828789711 4193
1781296718019 0.12813247740268707 4194
1781296718023 0.046718526631593704 4195
1781296718027 0.05810556933283806 4196
1781296718029 0.166486918926239 4197
1781296718032 0.035084497183561325 4198
1781296718034 0.06651590019464493 4199
1781296718037 0.043316058814525604 4200
1781296718043 0.1978446990251541 4201
1781296718046 0.11424548178911209 4202
1781296718049 0.05949592590332031 4203
1781296718052 0.06565742939710617 4204
1781296718055 0.051052674651145935 4205
1781296718061 0.15096935629844666 4206
1781296718064 0.08295956999063492 4207
1781296718067 0.05321080982685089 4208
1781296718071 0.1320590227842331 4209
1781296718076 0.10532216727733612 4210
1781296718080 0.03449404612183571 4211
1781296718084 0.07151839882135391 4212
1781296718088 0.12277353554964066 4213
1781296718094 0.13926245272159576 4214
1781296718097 0.029510855674743652 4215
1781296718101 0.10342339426279068 4216
1781296718104 0.047390684485435486 4217
1781296718108 0.05163539573550224 4218
1781296718111 0.15787212550640106 4219
1781296718115 0.08269941061735153 4220
1781296718119 0.017900869250297546 4221
1781296718122 0.28396475315093994 4222
1781296718127 0.07369691878557205 4223
1781296718132 0.19490854442119598 4224
1781296718137 0.2112191617488861 4225
1781296718144 0.028858207166194916 4226
1781296718152 0.04301188141107559 4227
1781296718157 0.05656559765338898 4228
1781296718166 0.14990352094173431 4229
1781296718169 0.04205445200204849 4230
1781296718176 0.10609137266874313 4231
1781296718179 0.038757532835006714 4232
1781296718183 0.061100542545318604 4233
1781296718187 0.08280012756586075 4234
1781296718193 0.04367011785507202 4235
1781296718197 0.1127777174115181 4236
1781296718200 0.048583678901195526 4237
1781296718203 0.10735779255628586 4238
1781296718209 0.10306162387132645 4239
1781296718214 0.04964678734540939 4240
1781296718221 0.08251769095659256 4241
1781296718228 0.025716476142406464 4242
1781296718232 0.06751702725887299 4243
1781296718235 0.028731171041727066 4244
1781296718239 0.028732717037200928 4245
1781296718245 0.05726099759340286 4246
1781296718249 0.04949323832988739 4247
1781296718253 0.040170829743146896 4248
1781296718256 0.04382617399096489 4249
1781296718264 0.06645883619785309 4250
1781296718269 0.12150627374649048 4251
1781296718277 0.15100906789302826 4252
1781296718281 0.08368339389562607 4253
1781296718284 0.05921889841556549 4254
1781296718288 0.18144984543323517 4255
1781296718295 0.08979146182537079 4256
1781296718302 0.16962911188602448 4257
1781296718308 0.018260406330227852 4258
1781296718316 0.036598384380340576 4259
1781296718328 0.09381083399057388 4260
1781296718331 0.14323316514492035 4261
1781296718335 0.07246806472539902 4262
1781296718338 0.1342460811138153 4263
1781296718342 0.07330255210399628 4264
1781296718349 0.07315679639577866 4265
1781296718353 0.06849054992198944 4266
1781296718357 0.15246742963790894 4267
1781296718360 0.16140906512737274 4268
1781296718365 0.250271201133728 4269
1781296718372 0.1925935596227646 4270
1781296718376 0.0887276828289032 4271
1781296718382 0.023665696382522583 4272
1781296718388 0.07025878131389618 4273
1781296718395 0.13368560373783112 4274
1781296718400 0.288533478975296 4275
1781296718404 0.10932385176420212 4276
1781296718410 0.028895089402794838 4277
1781296718413 0.1284499615430832 4278
1781296718416 0.06879711151123047 4279
1781296718419 0.11084398627281189 4280
1781296718425 0.10184267163276672 4281
1781296718429 0.01730576902627945 4282
1781296718432 0.11269296705722809 4283
1781296718436 0.07796284556388855 4284
1781296718439 0.08680078387260437 4285
1781296718443 0.16322457790374756 4286
1781296718446 0.07904604077339172 4287
1781296718449 0.07408031076192856 4288
1781296718452 0.15360915660858154 4289
1781296718455 0.06521058827638626 4290
1781296718459 0.06813617050647736 4291
1781296718465 0.09491126239299774 4292
1781296718469 0.1818317472934723 4293
1781296718472 0.08799777179956436 4294
1781296718475 0.13045361638069153 4295
1781296718481 0.09393996000289917 4296
1781296718484 0.13267339766025543 4297
1781296718488 0.13496442139148712 4298
1781296718491 0.08589231222867966 4299
1781296718494 0.178294375538826 4300
1781296718497 0.048797622323036194 4301
1781296718500 0.04240749031305313 4302
1781296718505 0.059728365391492844 4303
1781296718508 0.12547306716442108 4304
1781296718512 0.0823841467499733 4305
1781296718516 0.029127052053809166 4306
1781296718519 0.12212136387825012 4307
1781296718526 0.17506694793701172 4308
1781296718529 0.06757543236017227 4309
1781296718534 0.09334297478199005 4310
1781296718537 0.026588791981339455 4311
1781296718542 0.05975007265806198 4312
1781296718545 0.1513650119304657 4313
1781296718548 0.10648944973945618 4314
1781296718553 0.083981454372406 4315
1781296718556 0.02808796428143978 4316
1781296718560 0.05140892416238785 4317
1781296718563 0.2641802132129669 4318
1781296718565 0.3234042823314667 4319
1781296718570 0.10270776599645615 4320
1781296718575 0.10727201402187347 4321
1781296718581 0.08203043043613434 4322
1781296718583 0.12257785350084305 4323
1781296718586 0.08641602098941803 4324
1781296718592 0.0832027718424797 4325
1781296718597 0.1348794847726822 4326
1781296718604 0.07876399159431458 4327
1781296718608 0.04661135748028755 4328
1781296718611 0.035896532237529755 4329
1781296718615 0.21780310571193695 4330
1781296718618 0.12467063963413239 4331
1781296718621 0.3801359236240387 4332
1781296718623 0.09810083359479904 4333
1781296718627 0.1304185837507248 4334
1781296718631 0.11541363596916199 4335
1781296718636 0.13021329045295715 4336
1781296718638 0.1849224865436554 4337
1781296718643 0.05563519150018692 4338
1781296718645 0.12196154147386551 4339
1781296718650 0.08599905669689178 4340
1781296718652 0.022483061999082565 4341
1781296718655 0.012601552531123161 4342
1781296718658 0.06441328674554825 4343
1781296718661 0.07053124904632568 4344
1781296718663 0.1330753117799759 4345
1781296718667 0.05046461150050163 4346
1781296718669 0.03873361647129059 4347
1781296718673 0.09082570672035217 4348
1781296718677 0.10750629007816315 4349
1781296718682 0.03560669720172882 4350
1781296718685 0.16290289163589478 4351
1781296718688 0.09024497121572495 4352
1781296718694 0.10619311779737473 4353
1781296718696 0.1324806660413742 4354
1781296718700 0.03973642736673355 4355
1781296718704 0.10022677481174469 4356
1781296718707 0.10445228219032288 4357
1781296718712 0.07612776756286621 4358
1781296718714 0.1363050639629364 4359
1781296718717 0.04604392498731613 4360
1781296718722 0.05039098858833313 4361
1781296718726 0.11876393854618073 4362
1781296718729 0.11169929057359695 4363
1781296718731 0.021892661228775978 4364
1781296718735 0.041119445115327835 4365
1781296718738 0.04169175773859024 4366
1781296718740 0.056666091084480286 4367
1781296718743 0.08035982400178909 4368
1781296718746 0.011182046495378017 4369
1781296718749 0.11212340742349625 4370
1781296718751 0.04580799490213394 4371
1781296718754 0.05869878828525543 4372
1781296718757 0.2790137827396393 4373
1781296718760 0.09117604047060013 4374
1781296718762 0.0623372420668602 4375
1781296718765 0.09954533725976944 4376
1781296718769 0.025486547499895096 4377
1781296718772 0.199827179312706 4378
1781296718776 0.0899399146437645 4379
1781296718782 0.1354271024465561 4380
1781296718785 0.0989556610584259 4381
1781296718787 0.15055546164512634 4382
1781296718792 0.10191641747951508 4383
1781296718795 0.08722833544015884 4384
1781296718798 0.07704447954893112 4385
1781296718801 0.12115447223186493 4386
1781296718804 0.04761987552046776 4387
1781296718806 0.052366092801094055 4388
1781296718812 0.17592616379261017 4389
1781296718817 0.09658447653055191 4390
1781296718821 0.018482226878404617 4391
1781296718825 0.10864537209272385 4392
1781296718828 0.059929341077804565 4393
1781296718831 0.04228813573718071 4394
1781296718834 0.09323211014270782 4395
1781296718836 0.2735983729362488 4396
1781296718839 0.040682755410671234 4397
1781296718843 0.028724759817123413 4398
1781296718846 0.09819893538951874 4399
1781296718849 0.09359150379896164 4400
1781296718852 0.0333857536315918 4401
1781296718857 0.0316765233874321 4402
1781296718863 0.09882127493619919 4403
1781296718868 0.043469853699207306 4404
1781296718872 0.04998060688376427 4405
1781296718876 0.15935790538787842 4406
1781296718882 0.054771509021520615 4407
1781296718886 0.02988060563802719 4408
1781296718890 0.17190803587436676 4409
1781296718896 0.0597677081823349 4410
1781296718902 0.05078354850411415 4411
1781296718906 0.03206887096166611 4412
1781296718913 0.08122079819440842 4413
1781296718918 0.08349189162254333 4414
1781296718921 0.047327689826488495 4415
1781296718925 0.02823777124285698 4416
1781296718930 0.027325337752699852 4417
1781296718936 0.0689883604645729 4418
1781296718939 0.04729826748371124 4419
1781296718944 0.05966445803642273 4420
1781296718947 0.2827460467815399 4421
1781296718951 0.029253367334604263 4422
1781296718956 0.04535911977291107 4423
1781296718960 0.18196389079093933 4424
1781296718963 0.12489622831344604 4425
1781296718966 0.0300615094602108 4426
1781296718971 0.09596692025661469 4427
1781296718974 0.03983413428068161 4428
1781296718977 0.08497165888547897 4429
1781296718980 0.24497674405574799 4430
1781296718983 0.2263917624950409 4431
1781296718986 0.13470371067523956 4432
1781296718991 0.08774961531162262 4433
1781296718994 0.12294662743806839 4434
1781296718997 0.04418749734759331 4435
1781296719000 0.11995337903499603 4436
1781296719003 0.17083536088466644 4437
1781296719005 0.06202720105648041 4438
1781296719009 0.07609036564826965 4439
1781296719013 0.0955265462398529 4440
1781296719016 0.046443626284599304 4441
1781296719019 0.06862161308526993 4442
1781296719021 0.05536563694477081 4443
1781296719024 0.08545393496751785 4444
1781296719028 0.09190700203180313 4445
1781296719031 0.09670889377593994 4446
1781296719033 0.08957299590110779 4447
1781296719036 0.03874236345291138 4448
1781296719041 0.1895822137594223 4449
1781296719044 0.0776377022266388 4450
1781296719050 0.18386222422122955 4451
1781296719055 0.12942785024642944 4452
1781296719058 0.05557531863451004 4453
1781296719062 0.14104215800762177 4454
1781296719067 0.2846807539463043 4455
1781296719072 0.053520843386650085 4456
1781296719075 0.16159090399742126 4457
1781296719077 0.04265163466334343 4458
1781296719080 0.07305193692445755 4459
1781296719085 0.06853722780942917 4460
1781296719088 0.05420317128300667 4461
1781296719095 0.06949181854724884 4462
1781296719098 0.10075103491544724 4463
1781296719101 0.08661417663097382 4464
1781296719104 0.025108512490987778 4465
1781296719109 0.06597603112459183 4466
1781296719112 0.09565950185060501 4467
1781296719115 0.07629954069852829 4468
1781296719118 0.08184988796710968 4469
1781296719122 0.16402369737625122 4470
1781296719126 0.05220288783311844 4471
1781296719129 0.08755147457122803 4472
1781296719132 0.04924626648426056 4473
1781296719134 0.06186573579907417 4474
1781296719137 0.036626189947128296 4475
1781296719143 0.12589716911315918 4476
1781296719147 0.014236828312277794 4477
1781296719150 0.1729697734117508 4478
1781296719154 0.1032075583934784 4479
1781296719158 0.039447490125894547 4480
1781296719161 0.02937152236700058 4481
1781296719165 0.046393897384405136 4482
1781296719169 0.08162298798561096 4483
1781296719171 0.09609046578407288 4484
1781296719174 0.05086484178900719 4485
1781296719176 0.1488761603832245 4486
1781296719179 0.01412547193467617 4487
1781296719182 0.0666419118642807 4488
1781296719185 0.04296395927667618 4489
1781296719191 0.010656979866325855 4490
1781296719194 0.08299591392278671 4491
1781296719197 0.2982330024242401 4492
1781296719200 0.09763441979885101 4493
1781296719202 0.08223367482423782 4494
1781296719206 0.02608603984117508 4495
1781296719209 0.06413652747869492 4496
1781296719212 0.10424129664897919 4497
1781296719214 0.1740727722644806 4498
1781296719217 0.0739484652876854 4499
1781296719219 0.07369513064622879 4500
1781296719225 0.11699909716844559 4501
1781296719230 0.1091683879494667 4502
1781296719233 0.08207567036151886 4503
1781296719235 0.048281311988830566 4504
1781296719238 0.06615842878818512 4505
1781296719243 0.034910283982753754 4506
1781296719246 0.12136169523000717 4507
1781296719249 0.08179449290037155 4508
1781296719252 0.01422731950879097 4509
1781296719258 0.07688551396131516 4510
1781296719262 0.01827431470155716 4511
1781296719265 0.08593836426734924 4512
1781296719267 0.03929765149950981 4513
1781296719270 0.09305650740861893 4514
1781296719273 0.17765706777572632 4515
1781296719275 0.013913829810917377 4516
1781296719277 0.06539370864629745 4517
1781296719281 0.03221500664949417 4518
1781296719285 0.05579112842679024 4519
1781296719287 0.08213832974433899 4520
1781296719292 0.11296259611845016 4521
1781296719296 0.04297735542058945 4522
1781296719301 0.014572440646588802 4523
1781296719307 0.024996846914291382 4524
1781296719310 0.07119537889957428 4525
1781296719313 0.03335767984390259 4526
1781296719316 0.086350217461586 4527
1781296719319 0.17299093306064606 4528
1781296719323 0.010587774217128754 4529
1781296719326 0.027857957407832146 4530
1781296719332 0.015167633071541786 4531
1781296719336 0.19680935144424438 4532
1781296719339 0.09079694002866745 4533
1781296719344 0.1059313416481018 4534
1781296719346 0.12052726745605469 4535
1781296719349 0.07028939574956894 4536
1781296719353 0.041566912084817886 4537
1781296719357 0.051167406141757965 4538
1781296719360 0.10818973928689957 4539
1781296719364 0.21886968612670898 4540
1781296719369 0.15236017107963562 4541
1781296719372 0.1093784049153328 4542
1781296719376 0.04279625788331032 4543
1781296719379 0.09259464591741562 4544
1781296719382 0.027510613203048706 4545
1781296719388 0.03805310279130936 4546
1781296719392 0.06507708877325058 4547
1781296719396 0.12569373846054077 4548
1781296719400 0.11870037764310837 4549
1781296719405 0.2653951346874237 4550
1781296719409 0.04955059662461281 4551
1781296719412 0.11162889748811722 4552
1781296719417 0.13748379051685333 4553
1781296719421 0.07291364669799805 4554
1781296719425 0.1873912364244461 4555
1781296719430 0.06578335165977478 4556
1781296719434 0.05203855410218239 4557
1781296719438 0.11967519670724869 4558
1781296719445 0.056699786335229874 4559
1781296719448 0.11843527853488922 4560
1781296719453 0.10341775417327881 4561
1781296719456 0.031670406460762024 4562
1781296719459 0.03419332951307297 4563
1781296719463 0.0657120868563652 4564
1781296719466 0.11046437174081802 4565
1781296719468 0.10981164872646332 4566
1781296719473 0.061643850058317184 4567
1781296719477 0.06938036531209946 4568
1781296719480 0.1605786234140396 4569
1781296719484 0.05283688008785248 4570
1781296719487 0.03172360733151436 4571
1781296719491 0.1435353010892868 4572
1781296719494 0.05358495935797691 4573
1781296719497 0.17624600231647491 4574
1781296719499 0.11277712881565094 4575
1781296719502 0.08033314347267151 4576
1781296719506 0.14229169487953186 4577
1781296719509 0.0559874027967453 4578
1781296719512 0.06358761340379715 4579
1781296719518 0.0652407556772232 4580
1781296719521 0.08357353508472443 4581
1781296719525 0.23910944163799286 4582
1781296719527 0.10267068445682526 4583
1781296719530 0.08178969472646713 4584
1781296719535 0.2545076012611389 4585
1781296719539 0.09489237517118454 4586
1781296719542 0.2310825139284134 4587
1781296719546 0.08711516112089157 4588
1781296719550 0.04777134582400322 4589
1781296719555 0.11113167554140091 4590
1781296719559 0.07255827635526657 4591
1781296719562 0.11034063249826431 4592
1781296719565 0.1423613727092743 4593
1781296719569 0.0766151025891304 4594
1781296719576 0.10346271842718124 4595
1781296719581 0.22459469735622406 4596
1781296719585 0.06887206435203552 4597
1781296719588 0.11104226857423782 4598
1781296719591 0.1967434138059616 4599
1781296719596 0.05580902099609375 4600
1781296719599 0.13868974149227142 4601
1781296719601 0.033079300075769424 4602
1781296719604 0.0811183899641037 4603
1781296719608 0.09677736461162567 4604
1781296719611 0.03344748914241791 4605
1781296719614 0.02197590470314026 4606
1781296719618 0.10471312701702118 4607
1781296719621 0.16968406736850739 4608
1781296719624 0.0774986669421196 4609
1781296719630 0.047948382794857025 4610
1781296719634 0.09354861825704575 4611
1781296719638 0.1796664148569107 4612
1781296719642 0.09457624703645706 4613
1781296719646 0.15674693882465363 4614
1781296719652 0.05619131028652191 4615
1781296719656 0.10583566129207611 4616
1781296719662 0.273632675409317 4617
1781296719667 0.061644766479730606 4618
1781296719670 0.4697261452674866 4619
1781296719674 0.12410604953765869 4620
1781296719677 0.0320807583630085 4621
1781296719682 0.16268204152584076 4622
1781296719687 0.08320727199316025 4623
1781296719693 0.13404838740825653 4624
1781296719696 0.09749244898557663 4625
1781296719698 0.05899461731314659 4626
1781296719701 0.172446146607399 4627
1781296719703 0.05748458579182625 4628
1781296719706 0.07064718008041382 4629
1781296719709 0.06387282907962799 4630
1781296719714 0.19644784927368164 4631
1781296719719 0.05888545513153076 4632
1781296719722 0.25691503286361694 4633
1781296719726 0.06682028621435165 4634
1781296719730 0.023634048178792 4635
1781296719732 0.09734316915273666 4636
1781296719735 0.127569317817688 4637
1781296719738 0.07503099739551544 4638
1781296719741 0.055835869163274765 4639
1781296719744 0.09206902235746384 4640
1781296719747 0.03216618299484253 4641
1781296719749 0.008945117704570293 4642
1781296719752 0.032712969928979874 4643
1781296719755 0.07383845746517181 4644
1781296719761 0.16532021760940552 4645
1781296719764 0.05043770372867584 4646
1781296719767 0.1258358657360077 4647
1781296719770 0.033404529094696045 4648
1781296719775 0.013212071731686592 4649
1781296719785 0.059215474873781204 4650
1781296719789 0.038519471883773804 4651
1781296719796 0.21071383357048035 4652
1781296719798 0.08415208011865616 4653
1781296719801 0.056977417320013046 4654
1781296719804 0.11824757605791092 4655
1781296719806 0.05525526776909828 4656
1781296719810 0.06562727689743042 4657
1781296719813 0.07508637756109238 4658
1781296719817 0.04107823222875595 4659
1781296719819 0.07057741284370422 4660
1781296719823 0.01905803568661213 4661
1781296719826 0.051948949694633484 4662
1781296719829 0.10201820731163025 4663
1781296719831 0.014380681328475475 4664
1781296719834 0.15549100935459137 4665
1781296719836 0.051722802221775055 4666
1781296719840 0.05002256855368614 4667
1781296719844 0.03986072167754173 4668
1781296719848 0.1662120670080185 4669
1781296719851 0.28900614380836487 4670
1781296719856 0.022906428202986717 4671
1781296719859 0.15011408925056458 4672
1781296719862 0.15736082196235657 4673
1781296719864 0.2487175315618515 4674
1781296719870 0.05559743568301201 4675
1781296719873 0.09128037095069885 4676
1781296719875 0.06283088773488998 4677
1781296719878 0.15715499222278595 4678
1781296719881 0.04688980430364609 4679
1781296719884 0.1229712963104248 4680
1781296719887 0.14139017462730408 4681
1781296719894 0.08333641290664673 4682
1781296719899 0.09570403397083282 4683
1781296719901 0.02958916686475277 4684
