1781296905726 16.401391983032227 0
1781296905729 18.6446590423584 1
1781296905733 12.750114440917969 2
1781296905735 18.479778289794922 3
1781296905738 14.326866149902344 4
1781296905740 12.21939468383789 5
1781296905743 11.539225578308105 6
1781296905745 14.220520973205566 7
1781296905748 14.920564651489258 8
1781296905750 9.93099594116211 9
1781296905752 11.453150749206543 10
1781296905754 8.523255348205566 11
1781296905756 9.833024024963379 12
1781296905758 10.123434066772461 13
1781296905761 8.757316589355469 14
1781296905764 8.257205963134766 15
1781296905766 7.194530963897705 16
1781296905769 8.734657287597656 17
1781296905770 7.880909442901611 18
1781296905773 6.768006801605225 19
1781296905775 6.802319049835205 20
1781296905777 5.118935585021973 21
1781296905779 4.673757076263428 22
1781296905782 4.66602087020874 23
1781296905784 5.5836896896362305 24
1781296905786 5.419891357421875 25
1781296905789 5.260622024536133 26
1781296905791 4.153281211853027 27
1781296905794 4.294076919555664 28
1781296905796 3.5743744373321533 29
1781296905799 2.7436695098876953 30
1781296905801 2.8180787563323975 31
1781296905803 2.9926869869232178 32
1781296905805 2.554809093475342 33
1781296905808 2.449007749557495 34
1781296905811 2.2643511295318604 35
1781296905813 1.7686686515808105 36
1781296905816 2.0058913230895996 37
1781296905818 2.6345064640045166 38
1781296905820 1.964770793914795 39
1781296905822 1.7698488235473633 40
1781296905824 1.985176682472229 41
1781296905827 1.4835102558135986 42
1781296905829 1.117726445198059 43
1781296905831 1.319742202758789 44
1781296905833 1.3523603677749634 45
1781296905836 1.2419846057891846 46
1781296905838 1.3383790254592896 47
1781296905840 1.2041187286376953 48
1781296905842 1.1618568897247314 49
1781296905844 1.2811334133148193 50
1781296905846 1.3225635290145874 51
1781296905849 1.0190860033035278 52
1781296905852 1.2454414367675781 53
1781296905854 1.0255892276763916 54
1781296905856 1.1553653478622437 55
1781296905858 1.1052260398864746 56
1781296905860 1.034354567527771 57
1781296905862 1.0117888450622559 58
1781296905865 0.8790466785430908 59
1781296905868 1.1382403373718262 60
1781296905871 1.032942771911621 61
1781296905873 1.0023037195205688 62
1781296905876 1.0900532007217407 63
1781296905878 0.7993381023406982 64
1781296905880 1.1341825723648071 65
1781296905883 0.8689418435096741 66
1781296905885 0.8905845880508423 67
1781296905887 0.9645748138427734 68
1781296905889 0.8488035202026367 69
1781296905891 0.8427355289459229 70
1781296905895 0.80064457654953 71
1781296905897 0.9362720251083374 72
1781296905900 0.9107050895690918 73
1781296905903 0.8150490522384644 74
1781296905905 0.9719680547714233 75
1781296905908 0.9047443866729736 76
1781296905910 0.8943387269973755 77
1781296905912 0.8343386650085449 78
1781296905914 0.7506628632545471 79
1781296905917 0.7955604195594788 80
1781296905919 0.7122272253036499 81
1781296905921 0.7395386099815369 82
1781296905923 0.840348482131958 83
1781296905926 0.6876488327980042 84
1781296905928 0.8774964213371277 85
1781296905930 0.8013261556625366 86
1781296905933 0.7292730808258057 87
1781296905935 0.8138991594314575 88
1781296905937 0.7211794853210449 89
1781296905940 0.8436548113822937 90
1781296905942 0.7187770009040833 91
1781296905944 0.6061261892318726 92
1781296905946 0.780184268951416 93
1781296905949 0.8693159222602844 94
1781296905951 0.709128201007843 95
1781296905953 0.6734730005264282 96
1781296905955 0.7179775238037109 97
1781296905957 0.6917028427124023 98
1781296905960 0.9227395057678223 99
1781296905962 0.5729588270187378 100
1781296905964 0.5516823530197144 101
1781296905967 0.41958802938461304 102
1781296905970 0.6397801041603088 103
1781296905972 0.5163176655769348 104
1781296905975 0.8971611261367798 105
1781296905977 0.5178101062774658 106
1781296905980 0.6868507862091064 107
1781296905982 0.7331539392471313 108
1781296905985 0.5832973122596741 109
1781296905987 0.576316237449646 110
1781296905989 0.6723992228507996 111
1781296905992 0.5658213496208191 112
1781296905994 0.5409425497055054 113
1781296905996 0.5832756757736206 114
1781296905999 0.565479040145874 115
1781296906001 0.7017847895622253 116
1781296906004 0.6461336612701416 117
1781296906006 0.6565490961074829 118
1781296906009 0.6559017896652222 119
1781296906011 0.5681582093238831 120
1781296906013 0.8846949338912964 121
1781296906016 0.6962689757347107 122
1781296906019 0.6890347003936768 123
1781296906021 0.584998369216919 124
1781296906023 0.5719044208526611 125
1781296906025 0.6460683345794678 126
1781296906027 0.5801841616630554 127
1781296906030 0.6657840013504028 128
1781296906032 0.6038997769355774 129
1781296906037 0.6847296357154846 130
1781296906039 0.6539517641067505 131
1781296906041 0.6064884066581726 132
1781296906044 0.6024670004844666 133
1781296906046 0.5299327969551086 134
1781296906049 0.4557572901248932 135
1781296906051 0.7178621888160706 136
1781296906053 0.6483299136161804 137
1781296906056 0.633590042591095 138
1781296906059 0.5624408721923828 139
1781296906061 0.55596923828125 140
1781296906063 0.554046094417572 141
1781296906065 0.49295565485954285 142
1781296906068 0.7068670988082886 143
1781296906070 0.4552876651287079 144
1781296906072 0.5587937831878662 145
1781296906074 0.567772626876831 146
1781296906077 0.5771461725234985 147
1781296906080 0.6741360425949097 148
1781296906082 0.5344234704971313 149
1781296906085 0.35286614298820496 150
1781296906087 0.33297932147979736 151
1781296906089 0.6379400491714478 152
1781296906091 0.49665695428848267 153
1781296906093 0.47240981459617615 154
1781296906096 0.6216884851455688 155
1781296906099 0.4863196909427643 156
1781296906101 0.6386628746986389 157
1781296906103 0.5451567769050598 158
1781296906106 0.5734274983406067 159
1781296906108 0.6416245698928833 160
1781296906110 0.5933842658996582 161
1781296906112 0.46815359592437744 162
1781296906115 0.6618086695671082 163
1781296906117 0.7238562703132629 164
1781296906119 0.5470756888389587 165
1781296906122 0.6109063029289246 166
1781296906124 0.5811570882797241 167
1781296906126 0.4164770841598511 168
1781296906129 0.6188561320304871 169
1781296906131 0.47893595695495605 170
1781296906133 0.6801201701164246 171
1781296906136 0.5296894311904907 172
1781296906138 0.4795982837677002 173
1781296906140 0.6208370327949524 174
1781296906142 0.6380055546760559 175
1781296906144 0.4745781421661377 176
1781296906147 0.7186263203620911 177
1781296906149 0.6099659204483032 178
1781296906152 0.5575624108314514 179
1781296906154 0.412242591381073 180
1781296906156 0.4636319577693939 181
1781296906158 0.49599793553352356 182
1781296906160 0.5416704416275024 183
1781296906163 0.4824267029762268 184
1781296906165 0.6157262921333313 185
1781296906168 0.5806632041931152 186
1781296906170 0.607595682144165 187
1781296906172 0.4714294373989105 188
1781296906174 0.3978526294231415 189
1781296906177 0.7014455199241638 190
1781296906179 0.6181759834289551 191
1781296906182 0.5127999186515808 192
1781296906184 0.6444042921066284 193
1781296906186 0.4794604480266571 194
1781296906189 0.5028045177459717 195
1781296906191 0.46724534034729004 196
1781296906193 0.6314708590507507 197
1781296906195 0.6470213532447815 198
1781296906198 0.4527297019958496 199
1781296906200 0.5468644499778748 200
1781296906202 0.5178055167198181 201
1781296906205 0.46736064553260803 202
1781296906207 0.729143500328064 203
1781296906209 0.5713744759559631 204
1781296906211 0.5183013081550598 205
1781296906214 0.5511139035224915 206
1781296906216 0.3979301452636719 207
1781296906219 0.49492841958999634 208
1781296906221 0.6367993354797363 209
1781296906224 0.578126072883606 210
1781296906226 0.6652199625968933 211
1781296906228 0.5500397086143494 212
1781296906230 0.5064478516578674 213
1781296906233 0.4477995038032532 214
1781296906235 0.4990134537220001 215
1781296906237 0.4977283477783203 216
1781296906239 0.563588559627533 217
1781296906242 0.5747928619384766 218
1781296906244 0.5083818435668945 219
1781296906247 0.49086055159568787 220
1781296906249 0.6010759472846985 221
1781296906252 0.33975446224212646 222
1781296906254 0.4935827851295471 223
1781296906256 0.5003693103790283 224
1781296906258 0.5600929856300354 225
1781296906261 0.4726077914237976 226
1781296906263 0.5330456495285034 227
1781296906266 0.4280773401260376 228
1781296906268 0.4232194125652313 229
1781296906270 0.482837438583374 230
1781296906272 0.4281710088253021 231
1781296906274 0.41652822494506836 232
1781296906277 0.5441598892211914 233
1781296906279 0.8234357833862305 234
1781296906282 0.48028790950775146 235
1781296906284 0.5945345759391785 236
1781296906286 0.32663828134536743 237
1781296906289 0.5628337860107422 238
1781296906292 0.49986717104911804 239
1781296906294 0.3689868152141571 240
1781296906297 0.5465446710586548 241
1781296906299 0.5287238359451294 242
1781296906302 0.5273453593254089 243
1781296906304 0.501152753829956 244
1781296906306 0.621959388256073 245
1781296906309 0.4384946823120117 246
1781296906312 0.46613386273384094 247
1781296906315 0.41102802753448486 248
1781296906318 0.4375780522823334 249
1781296906321 0.5180637836456299 250
1781296906323 0.45246779918670654 251
1781296906325 0.4683641195297241 252
1781296906327 0.4949730932712555 253
1781296906330 0.4570293128490448 254
1781296906333 0.42533960938453674 255
1781296906335 0.6515589952468872 256
1781296906337 0.4492935240268707 257
1781296906340 0.3980230987071991 258
1781296906342 0.52040696144104 259
1781296906344 0.5151901245117188 260
1781296906347 0.5041607022285461 261
1781296906350 0.5021174550056458 262
1781296906353 0.38715896010398865 263
1781296906355 0.6082945466041565 264
1781296906359 0.6177690029144287 265
1781296906361 0.5481996536254883 266
1781296906363 0.4403802454471588 267
1781296906366 0.4161064326763153 268
1781296906368 0.4340055584907532 269
1781296906370 0.7110759615898132 270
1781296906372 0.4454673230648041 271
1781296906374 0.4177868366241455 272
1781296906377 0.328933447599411 273
1781296906379 0.5926143527030945 274
1781296906382 0.5725684762001038 275
1781296906384 0.7282532453536987 276
1781296906387 0.4720226228237152 277
1781296906389 0.45879679918289185 278
1781296906391 0.8099622130393982 279
1781296906393 0.5500545501708984 280
1781296906395 0.6943438649177551 281
1781296906398 0.6058788895606995 282
1781296906401 0.4030667245388031 283
1781296906404 0.5574467778205872 284
1781296906406 0.536919355392456 285
1781296906408 0.5404293537139893 286
1781296906410 0.3977222144603729 287
1781296906413 0.3979596793651581 288
1781296906415 0.47226792573928833 289
1781296906418 0.583966076374054 290
1781296906420 0.6542282104492188 291
1781296906422 0.42379269003868103 292
1781296906424 0.6232110857963562 293
1781296906427 0.38523173332214355 294
1781296906429 0.415283203125 295
1781296906432 0.41905277967453003 296
1781296906434 0.4057149887084961 297
1781296906436 0.4374958276748657 298
1781296906439 0.6754053831100464 299
1781296906442 0.7377943992614746 300
1781296906444 0.39978161454200745 301
1781296906447 0.4833672344684601 302
1781296906449 0.39240604639053345 303
1781296906452 0.39069584012031555 304
1781296906454 0.448820561170578 305
1781296906456 0.48779210448265076 306
1781296906458 0.4672091007232666 307
1781296906460 0.38828182220458984 308
1781296906463 0.4889020025730133 309
1781296906466 0.4695681035518646 310
1781296906469 0.3544967770576477 311
1781296906471 0.372036874294281 312
1781296906473 0.42443564534187317 313
1781296906475 0.5015573501586914 314
1781296906478 0.4318293333053589 315
1781296906480 0.38601523637771606 316
1781296906483 0.39829251170158386 317
1781296906485 0.48776447772979736 318
1781296906488 0.4567030966281891 319
1781296906490 0.2705540359020233 320
1781296906492 0.435827374458313 321
1781296906494 0.30009889602661133 322
1781296906497 0.46244436502456665 323
1781296906500 0.4220471680164337 324
1781296906502 0.6594601273536682 325
1781296906505 0.4791345000267029 326
1781296906507 0.43283602595329285 327
1781296906509 0.7650206685066223 328
1781296906511 0.40153828263282776 329
1781296906514 0.39840641617774963 330
1781296906516 0.547002911567688 331
1781296906519 0.5283951163291931 332
1781296906521 0.4565531611442566 333
1781296906523 0.42771774530410767 334
1781296906525 0.4880266487598419 335
1781296906528 0.42614254355430603 336
1781296906531 0.46447595953941345 337
1781296906534 0.5680235624313354 338
1781296906536 0.5192304849624634 339
1781296906539 0.49211108684539795 340
1781296906541 0.46792513132095337 341
1781296906544 0.5546236038208008 342
1781296906547 0.43840858340263367 343
1781296906549 0.3698424994945526 344
1781296906552 0.5686304569244385 345
1781296906554 0.48593807220458984 346
1781296906556 0.40237921476364136 347
1781296906559 0.5255187749862671 348
1781296906561 0.3592655062675476 349
1781296906563 0.44059956073760986 350
1781296906566 0.5242151618003845 351
1781296906568 0.43166232109069824 352
1781296906570 0.40498635172843933 353
1781296906572 0.3284182846546173 354
1781296906574 0.4384121894836426 355
1781296906577 0.41393914818763733 356
1781296906579 0.4584820568561554 357
1781296906583 0.4614982306957245 358
1781296906585 0.5441327691078186 359
1781296906588 0.5800609588623047 360
1781296906590 0.3174694776535034 361
1781296906592 0.28739967942237854 362
1781296906594 0.5187568068504333 363
1781296906596 0.4899967312812805 364
1781296906599 0.32058537006378174 365
1781296906601 0.5660058259963989 366
1781296906604 0.5489059686660767 367
1781296906606 0.4615509510040283 368
1781296906608 0.32989153265953064 369
1781296906610 0.4296737611293793 370
1781296906613 0.5223584175109863 371
1781296906617 0.6203406453132629 372
1781296906619 0.27128127217292786 373
1781296906621 0.5784464478492737 374
1781296906623 0.28572097420692444 375
1781296906626 0.34987911581993103 376
1781296906628 0.5895306468009949 377
1781296906631 0.5389572978019714 378
1781296906633 0.43070024251937866 379
1781296906636 0.2630601227283478 380
1781296906638 0.5469512939453125 381
1781296906640 0.34908053278923035 382
1781296906642 0.30589789152145386 383
1781296906645 0.492020845413208 384
1781296906647 0.4411316514015198 385
1781296906650 0.5151870250701904 386
1781296906652 0.49748197197914124 387
1781296906654 0.4812023341655731 388
1781296906657 0.41818949580192566 389
1781296906659 0.48892953991889954 390
1781296906661 0.5997797250747681 391
1781296906664 0.36693263053894043 392
1781296906666 0.4094846844673157 393
1781296906669 0.5554085969924927 394
1781296906671 0.20935578644275665 395
1781296906673 0.6506868600845337 396
1781296906675 0.3970736563205719 397
1781296906678 0.32701539993286133 398
1781296906680 0.5519434809684753 399
1781296906683 0.35715794563293457 400
1781296906685 0.4318479001522064 401
1781296906687 0.4759199917316437 402
1781296906689 0.39145708084106445 403
1781296906692 0.3700465261936188 404
1781296906694 0.29954928159713745 405
1781296906697 0.3665858805179596 406
1781296906700 0.6378676295280457 407
1781296906702 0.2741752862930298 408
1781296906704 0.5796773433685303 409
1781296906707 0.380961537361145 410
1781296906709 0.6147060394287109 411
1781296906711 0.3870895802974701 412
1781296906713 0.31063389778137207 413
1781296906716 0.34728381037712097 414
1781296906718 0.37446489930152893 415
1781296906721 0.34080538153648376 416
1781296906723 0.4353026747703552 417
1781296906725 0.4570741355419159 418
1781296906728 0.4966520369052887 419
1781296906730 0.4242706298828125 420
1781296906732 0.4327790439128876 421
1781296906735 0.46568000316619873 422
1781296906737 0.3546130657196045 423
1781296906739 0.41333359479904175 424
1781296906742 0.357454389333725 425
1781296906745 0.4117449223995209 426
1781296906747 0.40763455629348755 427
1781296906749 0.40988218784332275 428
1781296906752 0.2648918032646179 429
1781296906754 0.36166343092918396 430
1781296906756 0.36096835136413574 431
1781296906758 0.43411514163017273 432
1781296906761 0.4363819360733032 433
1781296906763 0.5304368138313293 434
1781296906766 0.5589370131492615 435
1781296906768 0.4261409044265747 436
1781296906771 0.44822973012924194 437
1781296906773 0.4663526117801666 438
1781296906775 0.6380941271781921 439
1781296906777 0.4587216079235077 440
1781296906780 0.38256391882896423 441
1781296906782 0.3320290744304657 442
1781296906785 0.4061961770057678 443
1781296906787 0.3804141879081726 444
1781296906790 0.3818308413028717 445
1781296906792 0.46823015809059143 446
1781296906794 0.47670066356658936 447
1781296906797 0.4893573224544525 448
1781296906800 0.32744550704956055 449
1781296906802 0.37820059061050415 450
1781296906806 0.19722163677215576 451
1781296906808 0.3354049324989319 452
1781296906810 0.4555451273918152 453
1781296906812 0.2745411694049835 454
1781296906815 0.36223363876342773 455
1781296906818 0.4619402289390564 456
1781296906820 0.4938366115093231 457
1781296906822 0.235655277967453 458
1781296906825 0.5239261984825134 459
1781296906827 0.5145300030708313 460
1781296906829 0.2822525203227997 461
1781296906832 0.42077672481536865 462
1781296906835 0.28613096475601196 463
1781296906837 0.2544722855091095 464
1781296906839 0.5035392642021179 465
1781296906841 0.3986819386482239 466
1781296906844 0.34992069005966187 467
1781296906846 0.4230702519416809 468
1781296906849 0.409146785736084 469
1781296906852 0.4099567234516144 470
1781296906854 0.4391438364982605 471
1781296906856 0.27803048491477966 472
1781296906859 0.39379560947418213 473
1781296906861 0.43410757184028625 474
1781296906863 0.29685577750205994 475
1781296906866 0.5157521367073059 476
1781296906868 0.49191713333129883 477
1781296906870 0.3546578288078308 478
1781296906872 0.4073161482810974 479
1781296906874 0.4654984176158905 480
1781296906876 0.4115959107875824 481
1781296906879 0.3435375690460205 482
1781296906892 0.40842553973197937 483
1781296906895 0.613559901714325 484
1781296906897 0.33471158146858215 485
1781296906900 0.2520422041416168 486
1781296906902 0.43257638812065125 487
1781296906904 0.34168848395347595 488
1781296906907 0.3455238342285156 489
1781296906910 0.37268880009651184 490
1781296906912 0.3757524788379669 491
1781296906916 0.6045892238616943 492
1781296906918 0.40795111656188965 493
1781296906920 0.41827207803726196 494
1781296906922 0.28182274103164673 495
1781296906925 0.35677140951156616 496
1781296906927 0.4625815451145172 497
1781296906929 0.33430618047714233 498
1781296906932 0.4119969308376312 499
1781296906934 0.5133979916572571 500
1781296906936 0.49484023451805115 501
1781296906938 0.42654097080230713 502
1781296906941 0.2582974433898926 503
1781296906943 0.3003285825252533 504
1781296906946 0.41899561882019043 505
1781296906948 0.5436444282531738 506
1781296906951 0.4355892241001129 507
1781296906953 0.4437371790409088 508
1781296906955 0.31283536553382874 509
1781296906958 0.4569181501865387 510
1781296906960 0.36243870854377747 511
1781296906963 0.2923927307128906 512
1781296906966 0.2631930112838745 513
1781296906968 0.40668627619743347 514
1781296906970 0.37360095977783203 515
1781296906973 0.3449394106864929 516
1781296906975 0.505678653717041 517
1781296906977 0.4235425889492035 518
1781296906980 0.4264914393424988 519
1781296906983 0.31199324131011963 520
1781296906985 0.35997262597084045 521
1781296906987 0.296553373336792 522
1781296906989 0.49918532371520996 523
1781296906991 0.4597018361091614 524
1781296906994 0.23492172360420227 525
1781296906996 0.27280327677726746 526
1781296906999 0.32795336842536926 527
1781296907001 0.5271831750869751 528
1781296907004 0.2639683485031128 529
1781296907006 0.4276520311832428 530
1781296907008 0.5172679424285889 531
1781296907011 0.4830136001110077 532
1781296907013 0.5462545156478882 533
1781296907016 0.3715224266052246 534
1781296907018 0.6193941235542297 535
1781296907020 0.38837698101997375 536
1781296907022 0.3889114260673523 537
1781296907025 0.3421850800514221 538
1781296907027 0.3908146619796753 539
1781296907030 0.4245782196521759 540
1781296907033 0.25284868478775024 541
1781296907035 0.2749105989933014 542
1781296907037 0.47211912274360657 543
1781296907039 0.44463106989860535 544
1781296907042 0.39621493220329285 545
1781296907044 0.5013598799705505 546
1781296907047 0.31730809807777405 547
1781296907049 0.3053431808948517 548
1781296907052 0.37607717514038086 549
1781296907054 0.3755185604095459 550
1781296907056 0.5541539788246155 551
1781296907058 0.5299656391143799 552
1781296907061 0.41179782152175903 553
1781296907063 0.6156505346298218 554
1781296907067 0.18130181729793549 555
1781296907070 0.3266187310218811 556
1781296907072 0.2129807472229004 557
1781296907075 0.4080139696598053 558
1781296907077 0.5469822883605957 559
1781296907079 0.31841737031936646 560
1781296907083 0.2875455319881439 561
1781296907085 0.3529971241950989 562
1781296907087 0.2312922477722168 563
1781296907089 0.3266748785972595 564
1781296907092 0.49344581365585327 565
1781296907094 0.4021669924259186 566
1781296907096 0.25152263045310974 567
1781296907099 0.3020108640193939 568
1781296907101 0.6058118343353271 569
1781296907103 0.44708722829818726 570
1781296907106 0.42675095796585083 571
1781296907108 0.42950865626335144 572
1781296907110 0.34867221117019653 573
1781296907112 0.3546268045902252 574
1781296907115 0.36198848485946655 575
1781296907117 0.258830189704895 576
1781296907120 0.47202736139297485 577
1781296907122 0.2626526355743408 578
1781296907125 0.45241695642471313 579
1781296907128 0.3707222044467926 580
1781296907130 0.3322243094444275 581
1781296907133 0.22962558269500732 582
1781296907135 0.35024493932724 583
1781296907137 0.321122407913208 584
1781296907139 0.6593064665794373 585
1781296907141 0.4258407652378082 586
1781296907144 0.47370004653930664 587
1781296907146 0.46670281887054443 588
1781296907150 0.2982044816017151 589
1781296907152 0.46683329343795776 590
1781296907154 0.2365686595439911 591
1781296907157 0.2992545962333679 592
1781296907159 0.28531694412231445 593
1781296907162 0.472072958946228 594
1781296907166 0.40587568283081055 595
1781296907168 0.52232825756073 596
1781296907172 0.3720266819000244 597
1781296907174 0.2353893220424652 598
1781296907176 0.3655654489994049 599
1781296907179 0.36784374713897705 600
1781296907182 0.216165229678154 601
1781296907184 0.35046282410621643 602
1781296907186 0.46019747853279114 603
1781296907188 0.35892704129219055 604
1781296907191 0.2970845401287079 605
1781296907193 0.4335804581642151 606
1781296907196 0.23013336956501007 607
1781296907198 0.3486737310886383 608
1781296907201 0.3082227110862732 609
1781296907203 0.40868279337882996 610
1781296907205 0.36743804812431335 611
1781296907208 0.3548988997936249 612
1781296907210 0.2401130199432373 613
1781296907212 0.4937218129634857 614
1781296907215 0.3007195293903351 615
1781296907218 0.3634161949157715 616
1781296907220 0.43456071615219116 617
1781296907222 0.61439448595047 618
1781296907225 0.6165015697479248 619
1781296907227 0.3400615155696869 620
1781296907229 0.510750412940979 621
1781296907232 0.3148503303527832 622
1781296907234 0.26670193672180176 623
1781296907236 0.42111819982528687 624
1781296907239 0.3452189564704895 625
1781296907241 0.3413122594356537 626
1781296907243 0.5069923996925354 627
1781296907246 0.615070104598999 628
1781296907248 0.42387065291404724 629
1781296907251 0.42955029010772705 630
1781296907253 0.4674484133720398 631
1781296907255 0.26584818959236145 632
1781296907257 0.4643227159976959 633
1781296907260 0.23941972851753235 634
1781296907262 0.17999190092086792 635
1781296907264 0.3282756209373474 636
1781296907266 0.3941580057144165 637
1781296907269 0.41491013765335083 638
1781296907271 0.40400829911231995 639
1781296907273 0.3778173625469208 640
1781296907275 0.37221774458885193 641
1781296907278 0.4392479658126831 642
1781296907280 0.29545122385025024 643
1781296907285 0.37107545137405396 644
1781296907293 0.25691357254981995 645
1781296907295 0.29113832116127014 646
1781296907302 0.26981663703918457 647
1781296907304 0.29831773042678833 648
1781296907307 0.24428680539131165 649
1781296907309 0.32219216227531433 650
1781296907314 0.1759987622499466 651
1781296907319 0.363940954208374 652
1781296907321 0.35679611563682556 653
1781296907323 0.5755689740180969 654
1781296907325 0.2996769845485687 655
1781296907328 0.4146682322025299 656
1781296907330 0.3709339499473572 657
1781296907333 0.2507871985435486 658
1781296907335 0.1619296669960022 659
1781296907337 0.25524306297302246 660
1781296907339 0.49789905548095703 661
1781296907342 0.4881117343902588 662
1781296907344 0.3423476815223694 663
1781296907347 0.5372893214225769 664
1781296907349 0.23676016926765442 665
1781296907351 0.3677346110343933 666
1781296907354 0.40141624212265015 667
1781296907357 0.44625163078308105 668
1781296907359 0.39137598872184753 669
1781296907361 0.39515239000320435 670
1781296907364 0.40030398964881897 671
1781296907366 0.3226769268512726 672
1781296907369 0.503128707408905 673
1781296907371 0.26295071840286255 674
1781296907373 0.3281477093696594 675
1781296907375 0.37940463423728943 676
1781296907377 0.4734210669994354 677
1781296907379 0.25870952010154724 678
1781296907382 0.22326703369617462 679
1781296907385 0.3847264349460602 680
1781296907387 0.4801233112812042 681
1781296907389 0.3474743366241455 682
1781296907392 0.5943424105644226 683
1781296907394 0.34184685349464417 684
1781296907397 0.44305866956710815 685
1781296907399 0.3312239944934845 686
1781296907401 0.42569151520729065 687
1781296907403 0.3928799629211426 688
1781296907406 0.373947411775589 689
1781296907408 0.34690651297569275 690
1781296907410 0.5214800834655762 691
1781296907413 0.24453486502170563 692
1781296907415 0.4683193862438202 693
1781296907417 0.2805755138397217 694
1781296907420 0.39831069111824036 695
1781296907422 0.5322270393371582 696
1781296907424 0.5791987180709839 697
1781296907426 0.23092438280582428 698
1781296907429 0.3820239007472992 699
1781296907432 0.6655501127243042 700
1781296907434 0.28178703784942627 701
1781296907436 0.32405218482017517 702
1781296907438 0.29810452461242676 703
1781296907441 0.4920903444290161 704
1781296907445 0.30657410621643066 705
1781296907447 0.2849295139312744 706
1781296907449 0.23025068640708923 707
1781296907452 0.25153812766075134 708
1781296907454 0.2969028353691101 709
1781296907456 0.19143366813659668 710
1781296907458 0.40708646178245544 711
1781296907461 0.25935351848602295 712
1781296907463 0.5325584411621094 713
1781296907466 0.5314607620239258 714
1781296907468 0.371110737323761 715
1781296907470 0.5585112571716309 716
1781296907472 0.3264402449131012 717
1781296907475 0.3228985667228699 718
1781296907477 0.42894184589385986 719
1781296907479 0.20903080701828003 720
1781296907482 0.29627087712287903 721
1781296907484 0.3466384708881378 722
1781296907486 0.34610146284103394 723
1781296907489 0.5041989088058472 724
1781296907491 0.3050713837146759 725
1781296907493 0.3373638987541199 726
1781296907496 0.2979239821434021 727
1781296907499 0.3891890048980713 728
1781296907501 0.3294302821159363 729
1781296907503 0.5582269430160522 730
1781296907506 0.2584685981273651 731
1781296907508 0.5078946352005005 732
1781296907511 0.43590179085731506 733
1781296907513 0.397795706987381 734
1781296907515 0.6712430119514465 735
1781296907518 0.27820056676864624 736
1781296907520 0.27890270948410034 737
1781296907522 0.7853167057037354 738
1781296907524 0.3136822283267975 739
1781296907527 0.2624238133430481 740
1781296907529 0.7481507658958435 741
1781296907531 0.34840086102485657 742
1781296907534 0.21503271162509918 743
1781296907536 0.5391470193862915 744
1781296907539 0.5960022211074829 745
1781296907541 0.4401751458644867 746
1781296907543 0.31821566820144653 747
1781296907545 0.5779811143875122 748
1781296907549 0.49880656599998474 749
1781296907551 0.3804410994052887 750
1781296907553 0.3405259847640991 751
1781296907556 0.5570244193077087 752
1781296907558 0.6759629249572754 753
1781296907560 0.4395383596420288 754
1781296907563 0.21124839782714844 755
1781296907566 0.2818911671638489 756
1781296907568 0.2520650327205658 757
1781296907570 0.29992321133613586 758
1781296907572 0.33138954639434814 759
1781296907574 0.16876716911792755 760
1781296907577 0.40271714329719543 761
1781296907579 0.3211671710014343 762
1781296907581 0.37978672981262207 763
1781296907584 0.4070986211299896 764
1781296907586 0.2857302129268646 765
1781296907588 0.29327982664108276 766
1781296907590 0.5289862751960754 767
1781296907593 0.35430747270584106 768
1781296907595 0.37859219312667847 769
1781296907597 0.3299064040184021 770
1781296907600 0.3172038495540619 771
1781296907602 0.4574258029460907 772
1781296907605 0.5586518049240112 773
1781296907607 0.6568179130554199 774
1781296907610 0.5428181886672974 775
1781296907613 0.29714885354042053 776
1781296907615 0.27464115619659424 777
1781296907618 0.36480364203453064 778
1781296907620 0.40879592299461365 779
1781296907622 0.5197983980178833 780
1781296907624 0.36603283882141113 781
1781296907626 0.3816257119178772 782
1781296907629 0.6294660568237305 783
1781296907632 0.22014585137367249 784
1781296907634 0.38421496748924255 785
1781296907637 0.35611194372177124 786
1781296907639 0.4534582495689392 787
1781296907641 0.4757184386253357 788
1781296907643 0.3623923063278198 789
1781296907645 0.35782235860824585 790
1781296907648 0.5371496677398682 791
1781296907650 0.3957103490829468 792
1781296907653 0.32388800382614136 793
1781296907655 0.2817566394805908 794
1781296907657 0.2616228461265564 795
1781296907659 0.3032686710357666 796
1781296907662 0.3571684956550598 797
1781296907664 0.23010404407978058 798
1781296907667 0.4289761483669281 799
1781296907670 0.45995619893074036 800
1781296907672 0.46655431389808655 801
1781296907674 0.2072344720363617 802
1781296907677 0.3960958421230316 803
1781296907679 0.35330691933631897 804
1781296907681 0.24427354335784912 805
1781296907684 0.2772814929485321 806
1781296907686 0.23886772990226746 807
1781296907688 0.2808661162853241 808
1781296907690 0.39470845460891724 809
1781296907693 0.20204530656337738 810
1781296907695 0.3553180694580078 811
1781296907698 0.2632504105567932 812
1781296907701 0.27592599391937256 813
1781296907703 0.2678408622741699 814
1781296907705 0.3178541660308838 815
1781296907707 0.25270944833755493 816
1781296907710 0.33556947112083435 817
1781296907712 0.6435221433639526 818
1781296907714 0.2660728693008423 819
1781296907717 0.5814103484153748 820
1781296907719 0.30002743005752563 821
1781296907721 0.3540761172771454 822
1781296907723 0.46177467703819275 823
1781296907726 0.18837639689445496 824
1781296907728 0.5196212530136108 825
1781296907730 0.3449249267578125 826
1781296907733 0.2349376082420349 827
1781296907735 0.48408451676368713 828
1781296907737 0.46820491552352905 829
1781296907740 0.5571416020393372 830
1781296907742 0.2876770496368408 831
1781296907744 0.3715095520019531 832
1781296907746 0.3490844666957855 833
1781296907749 0.2603885233402252 834
1781296907751 0.5894402265548706 835
1781296907753 0.4091862142086029 836
1781296907756 0.5233034491539001 837
1781296907758 0.2829127311706543 838
1781296907760 0.3374747633934021 839
1781296907763 0.49469050765037537 840
1781296907765 0.21068379282951355 841
1781296907768 0.16698475182056427 842
1781296907770 0.6115363240242004 843
1781296907772 0.21407550573349 844
1781296907775 0.22979173064231873 845
1781296907777 0.2669512629508972 846
1781296907779 0.26874876022338867 847
1781296907782 0.25879114866256714 848
1781296907784 0.39301854372024536 849
1781296907786 0.39054709672927856 850
1781296907789 0.2332639843225479 851
1781296907791 0.5999069809913635 852
1781296907793 0.28880229592323303 853
1781296907796 0.24202358722686768 854
1781296907799 0.2816570997238159 855
1781296907802 0.24051271378993988 856
1781296907804 0.33801475167274475 857
1781296907806 0.2517896890640259 858
1781296907809 0.41649532318115234 859
1781296907811 0.3930073380470276 860
1781296907814 0.5181998610496521 861
1781296907816 0.48826223611831665 862
1781296907818 0.3027839958667755 863
1781296907821 0.331788033246994 864
1781296907823 0.45113617181777954 865
1781296907825 0.2506375312805176 866
1781296907827 0.4328407645225525 867
1781296907830 0.32473352551460266 868
1781296907832 0.6406235694885254 869
1781296907835 0.33813709020614624 870
1781296907837 0.31568676233291626 871
1781296907839 0.172983780503273 872
1781296907842 0.3038156032562256 873
1781296907844 0.2931811213493347 874
1781296907846 0.40993058681488037 875
1781296907850 0.3865315914154053 876
1781296907852 0.2465939074754715 877
1781296907854 0.4539952874183655 878
1781296907857 0.3937342166900635 879
1781296907859 0.27312391996383667 880
1781296907861 0.4198431372642517 881
1781296907863 0.43933460116386414 882
1781296907866 0.32769501209259033 883
1781296907868 0.39141732454299927 884
1781296907870 0.3735353648662567 885
1781296907873 0.3387009799480438 886
1781296907875 0.23246456682682037 887
1781296907877 0.22885647416114807 888
1781296907879 0.4587668776512146 889
1781296907882 0.2279650717973709 890
1781296907884 0.4562545120716095 891
1781296907886 0.2827460467815399 892
1781296907888 0.4065565764904022 893
1781296907891 0.20876125991344452 894
1781296907893 0.3599308729171753 895
1781296907895 0.4973317086696625 896
1781296907898 0.2814531624317169 897
1781296907900 0.5741205215454102 898
1781296907902 0.36002442240715027 899
1781296907904 0.3779312074184418 900
1781296907907 0.2836121618747711 901
1781296907909 0.4424307346343994 902
1781296907911 0.7069630026817322 903
1781296907913 0.2933661937713623 904
1781296907916 0.3268115520477295 905
1781296907918 0.26203933358192444 906
1781296907920 0.5253203511238098 907
1781296907922 0.2651354968547821 908
1781296907924 0.3230116367340088 909
1781296907927 0.3491309583187103 910
1781296907929 0.6423403024673462 911
1781296907931 0.3219541311264038 912
1781296907934 0.34601855278015137 913
1781296907936 0.2703659236431122 914
1781296907938 0.3431739807128906 915
1781296907941 0.45964086055755615 916
1781296907943 0.2252516895532608 917
1781296907945 0.285670667886734 918
1781296907948 0.8473918437957764 919
1781296907951 0.4770042300224304 920
1781296907953 0.37324732542037964 921
1781296907955 0.2569592297077179 922
1781296907957 0.4724864363670349 923
1781296907960 0.3815241754055023 924
1781296907962 0.23483213782310486 925
1781296907965 0.4973253607749939 926
1781296907967 0.4408283829689026 927
1781296907970 0.3336084187030792 928
1781296907972 0.34385204315185547 929
1781296907974 0.2508474886417389 930
1781296907976 0.16799110174179077 931
1781296907979 0.4975953996181488 932
1781296907983 0.30641382932662964 933
1781296907985 0.24236944317817688 934
1781296907987 0.287415087223053 935
1781296907990 0.5392981767654419 936
1781296908135 0.395937442779541 937
1781296908137 0.34890010952949524 938
1781296908140 0.32988250255584717 939
1781296908143 0.5226770043373108 940
1781296908145 0.3999638259410858 941
1781296908148 0.36418381333351135 942
1781296908151 0.4766518771648407 943
1781296908153 0.31677502393722534 944
1781296908155 0.48340511322021484 945
1781296908158 0.4771661162376404 946
1781296908160 0.39326241612434387 947
1781296908162 0.5947461724281311 948
1781296908165 0.26184436678886414 949
1781296908167 0.2831627428531647 950
1781296908170 0.4241286516189575 951
1781296908172 0.33261916041374207 952
1781296908175 0.48218467831611633 953
1781296908177 0.39306724071502686 954
1781296908180 0.3104068338871002 955
1781296908183 0.2742913067340851 956
1781296908185 0.5486769676208496 957
1781296908187 0.19663909077644348 958
1781296908190 0.48662570118904114 959
1781296908192 0.3503630757331848 960
1781296908194 0.47094443440437317 961
1781296908197 0.15300747752189636 962
1781296908199 0.33689478039741516 963
1781296908201 0.32306692004203796 964
1781296908203 0.16809652745723724 965
1781296908206 0.3854692578315735 966
1781296908208 0.29000961780548096 967
1781296908210 0.4574168026447296 968
1781296908213 0.3354854881763458 969
1781296908216 0.3780739903450012 970
1781296908218 0.3835524022579193 971
1781296908220 0.40855082869529724 972
1781296908222 0.47190049290657043 973
1781296908225 0.16472545266151428 974
1781296908227 0.309425413608551 975
1781296908229 0.12452536821365356 976
1781296908231 0.2169373333454132 977
1781296908234 0.21399220824241638 978
1781296908236 0.38758236169815063 979
1781296908239 0.6136151552200317 980
1781296908241 0.6046130061149597 981
1781296908243 0.32714927196502686 982
1781296908245 0.5090091824531555 983
1781296908248 0.27518579363822937 984
1781296908251 0.3303607404232025 985
1781296908253 0.3995688259601593 986
1781296908255 0.2870669662952423 987
1781296908258 0.49594616889953613 988
1781296908260 0.15687422454357147 989
1781296908262 0.16333824396133423 990
1781296908265 0.34205737709999084 991
1781296908267 0.33386868238449097 992
1781296908269 0.3410496115684509 993
1781296908271 0.3369286060333252 994
1781296908274 0.24729683995246887 995
1781296908276 0.35137632489204407 996
1781296908279 0.28450271487236023 997
1781296908281 0.31230470538139343 998
1781296908284 0.3973858058452606 999
1781296908286 0.47760897874832153 1000
1781296908288 0.2584495544433594 1001
1781296908290 0.18605583906173706 1002
1781296908292 0.189124196767807 1003
1781296908295 0.3383788466453552 1004
1781296908299 0.2370036393404007 1005
1781296908301 0.4493907690048218 1006
1781296908304 0.5769926905632019 1007
1781296908306 0.49081021547317505 1008
1781296908308 0.37612083554267883 1009
1781296908311 0.4317370653152466 1010
1781296908313 0.2535479664802551 1011
1781296908316 0.30576983094215393 1012
1781296908318 0.14155153930187225 1013
1781296908320 0.2874875068664551 1014
1781296908322 0.3486844599246979 1015
1781296908325 0.3286246955394745 1016
1781296908327 0.41397109627723694 1017
1781296908329 0.28099799156188965 1018
1781296908332 0.3604840338230133 1019
1781296908334 0.2406107485294342 1020
1781296908336 0.17634418606758118 1021
1781296908338 0.4082934856414795 1022
1781296908340 0.39778995513916016 1023
1781296908342 0.6396464705467224 1024
1781296908345 0.38713693618774414 1025
1781296908347 0.33297213912010193 1026
1781296908350 0.24357059597969055 1027
1781296908352 0.2541261315345764 1028
1781296908354 0.16737347841262817 1029
1781296908356 0.3229941725730896 1030
1781296908358 0.35304975509643555 1031
1781296908360 0.399032860994339 1032
1781296908363 0.37279653549194336 1033
1781296908365 0.2582316994667053 1034
1781296908368 0.27297359704971313 1035
1781296908370 0.31123724579811096 1036
1781296908372 0.3562626242637634 1037
1781296908374 0.33720114827156067 1038
1781296908376 0.25278180837631226 1039
1781296908379 0.4175001084804535 1040
1781296908381 0.3065377473831177 1041
1781296908384 0.13413210213184357 1042
1781296908386 0.4482199549674988 1043
1781296908388 0.5682666301727295 1044
1781296908391 0.27690088748931885 1045
1781296908393 0.24409423768520355 1046
1781296908395 0.2849080264568329 1047
1781296908397 0.3303474485874176 1048
1781296908400 0.36130213737487793 1049
1781296908402 0.3680865168571472 1050
1781296908404 0.40060117840766907 1051
1781296908407 0.3146366775035858 1052
1781296908409 0.37147149443626404 1053
1781296908411 0.18317578732967377 1054
1781296908414 0.27830833196640015 1055
1781296908416 0.4210679233074188 1056
1781296908418 0.37351489067077637 1057
1781296908421 0.4351658821105957 1058
1781296908423 0.30516162514686584 1059
1781296908425 0.4881300628185272 1060
1781296908427 0.4729069471359253 1061
1781296908429 0.301332950592041 1062
1781296908432 0.44755417108535767 1063
1781296908435 0.4557882845401764 1064
1781296908437 0.3078136444091797 1065
1781296908439 0.2737787961959839 1066
1781296908441 0.2761063277721405 1067
1781296908443 0.48691436648368835 1068
1781296908445 0.29587599635124207 1069
1781296908448 0.23485210537910461 1070
1781296908450 0.39089128375053406 1071
1781296908452 0.38281935453414917 1072
1781296908455 0.6998600959777832 1073
1781296908457 0.4168260097503662 1074
1781296908459 0.18553632497787476 1075
1781296908462 0.40744978189468384 1076
1781296908464 0.6568126678466797 1077
1781296908466 0.24213840067386627 1078
1781296908469 0.507495641708374 1079
1781296908471 0.1889389604330063 1080
1781296908473 0.308508038520813 1081
1781296908475 0.304238885641098 1082
1781296908478 0.3625260889530182 1083
1781296908480 0.4030461609363556 1084
1781296908483 0.4208833575248718 1085
1781296908485 0.2971200942993164 1086
1781296908488 0.3283044695854187 1087
1781296908490 0.30920058488845825 1088
1781296908492 0.34752219915390015 1089
1781296908494 0.25954127311706543 1090
1781296908496 0.443687379360199 1091
1781296908499 0.30986833572387695 1092
1781296908501 0.383141428232193 1093
1781296908503 0.21944573521614075 1094
1781296908506 0.39687713980674744 1095
1781296908508 0.24092815816402435 1096
1781296908510 0.453098863363266 1097
1781296908513 0.39733272790908813 1098
1781296908516 0.2078266590833664 1099
1781296908518 0.5588952898979187 1100
1781296908520 0.5227717757225037 1101
1781296908523 0.43112844228744507 1102
1781296908525 0.24036099016666412 1103
1781296908527 0.2961582541465759 1104
1781296908530 0.2256653755903244 1105
1781296908532 0.42785730957984924 1106
1781296908535 0.2879633605480194 1107
1781296908537 0.47056642174720764 1108
1781296908539 0.3356102406978607 1109
1781296908541 0.33770063519477844 1110
1781296908544 0.28680357336997986 1111
1781296908547 0.31818175315856934 1112
1781296908550 0.5284346342086792 1113
1781296908552 0.3731572926044464 1114
1781296908554 0.43200135231018066 1115
1781296908556 0.3187945783138275 1116
1781296908559 0.29134461283683777 1117
1781296908561 0.4777301251888275 1118
1781296908563 0.182653546333313 1119
1781296908566 0.12873700261116028 1120
1781296908568 0.19455310702323914 1121
1781296908570 0.33868056535720825 1122
1781296908572 0.30618816614151 1123
1781296908575 0.2066059559583664 1124
1781296908577 0.22031237185001373 1125
1781296908579 0.4958881437778473 1126
1781296908582 0.43125391006469727 1127
1781296908584 0.4217568039894104 1128
1781296908586 0.47976937890052795 1129
1781296908588 0.20760990679264069 1130
1781296908590 0.3307301998138428 1131
1781296908593 0.48595309257507324 1132
1781296908595 0.2917175590991974 1133
1781296908598 0.38594403862953186 1134
1781296908600 0.29833555221557617 1135
1781296908602 0.2608187198638916 1136
1781296908605 0.3509542644023895 1137
1781296908607 0.4416801631450653 1138
1781296908609 0.33582013845443726 1139
1781296908611 0.45217886567115784 1140
1781296908614 0.2132323831319809 1141
1781296908616 0.29240643978118896 1142
1781296908618 0.3897714614868164 1143
1781296908621 0.3694840371608734 1144
1781296908623 0.27734142541885376 1145
1781296908626 0.22319039702415466 1146
1781296908628 0.3912559449672699 1147
1781296908631 0.3970890939235687 1148
1781296908633 0.48419898748397827 1149
1781296908636 0.3021109998226166 1150
1781296908638 0.19142723083496094 1151
1781296908640 0.2641622722148895 1152
1781296908642 0.46266910433769226 1153
1781296908645 0.22450385987758636 1154
1781296908647 0.27836254239082336 1155
1781296908649 0.5269967913627625 1156
1781296908652 0.4441818296909332 1157
1781296908654 0.3041379153728485 1158
1781296908656 0.4140566885471344 1159
1781296908659 0.48021116852760315 1160
1781296908661 0.49877241253852844 1161
1781296908663 0.5080344080924988 1162
1781296908666 0.19609762728214264 1163
1781296908668 0.423936665058136 1164
1781296908670 0.2034994512796402 1165
1781296908673 0.2272091656923294 1166
1781296908675 0.17052844166755676 1167
1781296908677 0.3023737967014313 1168
1781296908679 0.37737834453582764 1169
1781296908682 0.19592012465000153 1170
1781296908684 0.35742419958114624 1171
1781296908687 0.22113995254039764 1172
1781296908689 0.3768622577190399 1173
1781296908692 0.38067933917045593 1174
1781296908694 0.3083702325820923 1175
1781296908697 0.3355257213115692 1176
1781296908699 0.23332035541534424 1177
1781296908702 0.3595188856124878 1178
1781296908704 0.392855703830719 1179
1781296908706 0.29184961318969727 1180
1781296908708 0.20223785936832428 1181
1781296908711 0.4134421646595001 1182
1781296908713 0.43032780289649963 1183
1781296908715 0.531198263168335 1184
1781296908718 0.3048418164253235 1185
1781296908720 0.28090202808380127 1186
1781296908722 0.2908085286617279 1187
1781296908724 0.2692521810531616 1188
1781296908726 0.27722200751304626 1189
1781296908728 0.2770799398422241 1190
1781296908731 0.3469078540802002 1191
1781296908734 0.2786162197589874 1192
1781296908736 0.3254905939102173 1193
1781296908738 0.25581854581832886 1194
1781296908740 0.2839653193950653 1195
1781296908743 0.24132302403450012 1196
1781296908745 0.23030921816825867 1197
1781296908748 0.5841986536979675 1198
1781296908750 0.363040030002594 1199
1781296908752 0.6205070614814758 1200
1781296908755 0.4375706911087036 1201
1781296908757 0.39708927273750305 1202
1781296908759 0.6523984670639038 1203
1781296908762 0.2838191092014313 1204
1781296908764 0.39457741379737854 1205
1781296908766 0.4625001549720764 1206
1781296908769 0.2887142598628998 1207
1781296908771 0.2295324206352234 1208
1781296908773 0.2611359655857086 1209
1781296908775 0.3385911285877228 1210
1781296908778 0.20794613659381866 1211
1781296908780 0.5853659510612488 1212
1781296908783 0.34557944536209106 1213
1781296908786 0.372354656457901 1214
1781296908788 0.2968091666698456 1215
1781296908790 0.16667479276657104 1216
1781296908792 0.27563926577568054 1217
1781296908794 0.1690952479839325 1218
1781296908797 0.2882000803947449 1219
1781296908799 0.40279150009155273 1220
1781296908802 0.3836759924888611 1221
1781296908804 0.32912471890449524 1222
1781296908806 0.2852250933647156 1223
1781296908808 0.24716167151927948 1224
1781296908810 0.46015214920043945 1225
1781296908813 0.3319152593612671 1226
1781296908816 0.454159140586853 1227
1781296908819 0.3764055669307709 1228
1781296908821 0.552480936050415 1229
1781296908823 0.19110694527626038 1230
1781296908825 0.40171846747398376 1231
1781296908828 0.42160406708717346 1232
1781296908830 0.2602410614490509 1233
1781296908832 0.2980335056781769 1234
1781296908835 0.5007945895195007 1235
1781296908837 0.2434355467557907 1236
1781296908839 0.2653508484363556 1237
1781296908841 0.24103930592536926 1238
1781296908843 0.42453327775001526 1239
1781296908846 0.4557000994682312 1240
1781296908849 0.37892332673072815 1241
1781296908851 0.33731716871261597 1242
1781296908853 0.2833021581172943 1243
1781296908855 0.3219837546348572 1244
1781296908858 0.29414018988609314 1245
1781296908860 0.46135735511779785 1246
1781296908862 0.23198285698890686 1247
1781296908865 0.2898431718349457 1248
1781296908867 0.3197539150714874 1249
1781296908869 0.28662848472595215 1250
1781296908871 0.19084005057811737 1251
1781296908875 0.3561736047267914 1252
1781296908877 0.3725496530532837 1253
1781296908879 0.2750578820705414 1254
1781296908882 0.32399067282676697 1255
1781296908884 0.47846880555152893 1256
1781296908886 0.4376480281352997 1257
1781296908889 0.17994248867034912 1258
1781296908891 0.507022500038147 1259
1781296908893 0.30779871344566345 1260
1781296908896 0.3375380039215088 1261
1781296908899 0.22457543015480042 1262
1781296908901 0.2558346688747406 1263
1781296908903 0.277809202671051 1264
1781296908906 0.2609860301017761 1265
1781296908908 0.2770855128765106 1266
1781296908910 0.5359836220741272 1267
1781296908912 0.37638476490974426 1268
1781296908915 0.20927348732948303 1269
1781296908918 0.15371446311473846 1270
1781296908920 0.28971007466316223 1271
1781296908922 0.582263708114624 1272
1781296908924 0.3912726938724518 1273
1781296908926 0.3625779449939728 1274
1781296908929 0.43306607007980347 1275
1781296908931 0.4156736731529236 1276
1781296908934 0.5378934741020203 1277
1781296908936 0.535733699798584 1278
1781296908939 0.45739009976387024 1279
1781296908941 0.38671958446502686 1280
1781296908943 0.35167476534843445 1281
1781296908946 0.308498740196228 1282
1781296908948 0.5996407866477966 1283
1781296908950 0.16671428084373474 1284
1781296908952 0.46645355224609375 1285
1781296908954 0.2781601548194885 1286
1781296908957 0.38859954476356506 1287
1781296908959 0.4529240131378174 1288
1781296908961 0.3503057360649109 1289
1781296908964 0.286800742149353 1290
1781296908966 0.21488656103610992 1291
1781296908968 0.3421992361545563 1292
1781296908970 0.18789136409759521 1293
1781296908973 0.3757667541503906 1294
1781296908975 0.4439705014228821 1295
1781296908977 0.29039236903190613 1296
1781296908980 0.5981376767158508 1297
1781296908982 0.3148641884326935 1298
1781296908985 0.14690715074539185 1299
1781296908987 0.4714002311229706 1300
1781296908989 0.30152085423469543 1301
1781296908992 0.2794136106967926 1302
1781296908994 0.21099230647087097 1303
1781296908996 0.37533676624298096 1304
1781296908999 0.406726211309433 1305
1781296909001 0.40866023302078247 1306
1781296909003 0.15947502851486206 1307
1781296909005 0.4365618824958801 1308
1781296909008 0.5692421197891235 1309
1781296909010 0.3388328552246094 1310
1781296909012 0.1432584971189499 1311
1781296909017 0.28062254190444946 1312
1781296909019 0.2953750193119049 1313
1781296909021 0.326134592294693 1314
1781296909023 0.2918248474597931 1315
1781296909026 0.29631876945495605 1316
1781296909028 0.24139705300331116 1317
1781296909030 0.3235867917537689 1318
1781296909033 0.3080771267414093 1319
1781296909035 0.24886415898799896 1320
1781296909037 0.5189073085784912 1321
1781296909040 0.5519967079162598 1322
1781296909042 0.3346421420574188 1323
1781296909044 0.18189039826393127 1324
1781296909047 0.2765427231788635 1325
1781296909049 0.15360449254512787 1326
1781296909052 0.2537236213684082 1327
1781296909054 0.34282806515693665 1328
1781296909056 0.20557110011577606 1329
1781296909058 0.17469947040081024 1330
1781296909061 0.4697727560997009 1331
1781296909063 0.20281049609184265 1332
1781296909066 0.3379889726638794 1333
1781296909068 0.39912736415863037 1334
1781296909070 0.37055930495262146 1335
1781296909073 0.4586220681667328 1336
1781296909075 0.3148810565471649 1337
1781296909077 0.3655111789703369 1338
1781296909080 0.3632546663284302 1339
1781296909082 0.2409002035856247 1340
1781296909085 0.47345593571662903 1341
1781296909087 0.38048055768013 1342
1781296909089 0.4831203818321228 1343
1781296909092 0.2599753737449646 1344
1781296909094 0.2782624661922455 1345
1781296909097 0.2267192304134369 1346
1781296909099 0.4028056859970093 1347
1781296909102 0.5894755125045776 1348
1781296909104 0.24395862221717834 1349
1781296909106 0.44781386852264404 1350
1781296909108 0.2156466692686081 1351
1781296909111 0.44453519582748413 1352
1781296909113 0.520629346370697 1353
1781296909116 0.32200562953948975 1354
1781296909118 0.4505579471588135 1355
1781296909120 0.28874361515045166 1356
1781296909123 0.3254050016403198 1357
1781296909125 0.2053038328886032 1358
1781296909127 0.34727150201797485 1359
1781296909130 0.4295934736728668 1360
1781296909132 0.3307088613510132 1361
1781296909134 0.37440669536590576 1362
1781296909137 0.3764289617538452 1363
1781296909139 0.4214538633823395 1364
1781296909141 0.33041802048683167 1365
1781296909143 0.5113398432731628 1366
1781296909146 0.37947705388069153 1367
1781296909149 0.31451162695884705 1368
1781296909151 0.35946884751319885 1369
1781296909153 0.4726746082305908 1370
1781296909157 0.26162606477737427 1371
1781296909159 0.3158789873123169 1372
1781296909161 0.2753504514694214 1373
1781296909163 0.23845411837100983 1374
1781296909166 0.266941100358963 1375
1781296909168 0.4473353922367096 1376
1781296909170 0.2576915919780731 1377
1781296909173 0.2892144024372101 1378
1781296909175 0.4553757607936859 1379
1781296909177 0.433881551027298 1380
1781296909180 0.25082358717918396 1381
1781296909183 0.37476179003715515 1382
1781296909186 0.32350441813468933 1383
1781296909189 0.28173336386680603 1384
1781296909191 0.28051355481147766 1385
1781296909194 0.6304726600646973 1386
1781296909197 0.6235264539718628 1387
1781296909200 0.3964862525463104 1388
1781296909203 0.24987269937992096 1389
1781296909205 0.40539196133613586 1390
1781296909207 0.24363945424556732 1391
1781296909210 0.34641632437705994 1392
1781296909212 0.23887473344802856 1393
1781296909215 0.2789354920387268 1394
1781296909217 0.43874481320381165 1395
1781296909219 0.3391193151473999 1396
1781296909221 0.39433038234710693 1397
1781296909224 0.3110412657260895 1398
1781296909226 0.3704031705856323 1399
1781296909228 0.32713693380355835 1400
1781296909231 0.2843625843524933 1401
1781296909234 0.511163592338562 1402
1781296909236 0.22529947757720947 1403
1781296909238 0.4357510507106781 1404
1781296909240 0.2636241316795349 1405
1781296909242 0.34949690103530884 1406
1781296909245 0.17287671566009521 1407
1781296909249 0.40403392910957336 1408
1781296909251 0.1909160017967224 1409
1781296909254 0.12608622014522552 1410
1781296909256 0.28881746530532837 1411
1781296909258 0.47833073139190674 1412
1781296909260 0.29015451669692993 1413
1781296909263 0.32633835077285767 1414
1781296909265 0.26092877984046936 1415
1781296909268 0.3170739412307739 1416
1781296909270 0.3106784224510193 1417
1781296909272 0.30535924434661865 1418
1781296909274 0.35263392329216003 1419
1781296909277 0.4292714595794678 1420
1781296909279 0.43281030654907227 1421
1781296909282 0.22653768956661224 1422
1781296909284 0.2626012861728668 1423
1781296909286 0.25787046551704407 1424
1781296909288 0.4841834604740143 1425
1781296909290 0.3330303728580475 1426
1781296909293 0.22279991209506989 1427
1781296909295 0.3447352945804596 1428
1781296909298 0.26544031500816345 1429
1781296909300 0.2668510377407074 1430
1781296909303 0.12471021711826324 1431
1781296909305 0.32151517271995544 1432
1781296909307 0.32190173864364624 1433
1781296909309 0.29671984910964966 1434
1781296909312 0.33143287897109985 1435
1781296909315 0.5423197150230408 1436
1781296909317 0.383402019739151 1437
1781296909319 0.2272702306509018 1438
1781296909322 0.3431525230407715 1439
1781296909324 0.30154505372047424 1440
1781296909326 0.3618323802947998 1441
1781296909328 0.2829245328903198 1442
1781296909332 0.31302329897880554 1443
1781296909334 0.2684084177017212 1444
1781296909337 0.3058919906616211 1445
1781296909339 0.2881045639514923 1446
1781296909341 0.18923033773899078 1447
1781296909343 0.3382120132446289 1448
1781296909346 0.36758896708488464 1449
1781296909348 0.3572293221950531 1450
1781296909351 0.3222867250442505 1451
1781296909353 0.5482697486877441 1452
1781296909355 0.3296842575073242 1453
1781296909357 0.3484376072883606 1454
1781296909359 0.28375717997550964 1455
1781296909362 0.33241456747055054 1456
1781296909364 0.3223443031311035 1457
1781296909367 0.3231215476989746 1458
1781296909369 0.3526206910610199 1459
1781296909371 0.217426136136055 1460
1781296909373 0.23757731914520264 1461
1781296909376 0.23859111964702606 1462
1781296909378 0.16531632840633392 1463
1781296909380 0.32638320326805115 1464
1781296909383 0.37311655282974243 1465
1781296909385 0.6438422203063965 1466
1781296909387 0.3508329689502716 1467
1781296909389 0.5474315285682678 1468
1781296909392 0.16390790045261383 1469
1781296909394 0.18029624223709106 1470
1781296909396 0.15736545622348785 1471
1781296909399 0.17079567909240723 1472
1781296909401 0.3082462251186371 1473
1781296909403 0.4235903024673462 1474
1781296909405 0.2998006045818329 1475
1781296909407 0.24893371760845184 1476
1781296909410 0.19125841557979584 1477
1781296909412 0.4927241802215576 1478
1781296909415 0.3896743953227997 1479
1781296909417 0.3542715013027191 1480
1781296909419 0.5109682083129883 1481
1781296909421 0.5237990021705627 1482
1781296909424 0.29272332787513733 1483
1781296909426 0.28459054231643677 1484
1781296909428 0.4309554994106293 1485
1781296909431 0.27623406052589417 1486
1781296909433 0.4289068281650543 1487
1781296909435 0.29659056663513184 1488
1781296909437 0.4202752113342285 1489
1781296909440 0.329500675201416 1490
1781296909442 0.20626327395439148 1491
1781296909444 0.4263380467891693 1492
1781296909447 0.34999504685401917 1493
1781296909449 0.19512657821178436 1494
1781296909451 0.410523384809494 1495
1781296909454 0.35296615958213806 1496
1781296909456 0.3295445144176483 1497
1781296909458 0.21963359415531158 1498
1781296909460 0.18642155826091766 1499
1781296909463 0.41691234707832336 1500
1781296909465 0.23577484488487244 1501
1781296909467 0.3718931972980499 1502
1781296909470 0.2637067437171936 1503
1781296909472 0.38417690992355347 1504
1781296909475 0.34242770075798035 1505
1781296909477 0.2672841548919678 1506
1781296909479 0.42390766739845276 1507
1781296909482 0.2594994902610779 1508
1781296909484 0.24973948299884796 1509
1781296909486 0.2547774910926819 1510
1781296909488 0.39345014095306396 1511
1781296909490 0.4414951801300049 1512
1781296909493 0.32891473174095154 1513
1781296909495 0.30861952900886536 1514
1781296909498 0.6765750646591187 1515
1781296909500 0.24949653446674347 1516
1781296909502 0.1772371530532837 1517
1781296909505 0.3970063328742981 1518
1781296909507 0.2952939569950104 1519
1781296909509 0.5118403434753418 1520
1781296909511 0.319912850856781 1521
1781296909514 0.27396509051322937 1522
1781296909517 0.38555726408958435 1523
1781296909519 0.6002156138420105 1524
1781296909522 0.269470751285553 1525
1781296909524 0.33845430612564087 1526
1781296909526 0.44240453839302063 1527
1781296909528 0.48362305760383606 1528
1781296909531 0.44838109612464905 1529
1781296909533 0.34714722633361816 1530
1781296909536 0.32225409150123596 1531
1781296909538 0.26025325059890747 1532
1781296909540 0.41940271854400635 1533
1781296909542 0.19633302092552185 1534
1781296909544 0.26851704716682434 1535
1781296909547 0.25450292229652405 1536
1781296909550 0.2908845543861389 1537
1781296909552 0.3145439028739929 1538
1781296909554 0.28408005833625793 1539
1781296909556 0.35268434882164 1540
1781296909559 0.4946958124637604 1541
1781296909561 0.253524512052536 1542
1781296909563 0.09532979130744934 1543
1781296909566 0.3439849317073822 1544
1781296909568 0.42416617274284363 1545
1781296909570 0.4178808927536011 1546
1781296909572 0.3342844247817993 1547
1781296909575 0.21159039437770844 1548
1781296909577 0.45035654306411743 1549
1781296909579 0.3450221121311188 1550
1781296909582 0.22488054633140564 1551
1781296909584 0.44364219903945923 1552
1781296909586 0.3329162895679474 1553
1781296909589 0.29909828305244446 1554
1781296909591 0.27655401825904846 1555
1781296909593 0.32392802834510803 1556
1781296909596 0.21384719014167786 1557
1781296909599 0.29898256063461304 1558
1781296909601 0.379477858543396 1559
1781296909603 0.3169495165348053 1560
1781296909605 0.32561466097831726 1561
1781296909608 0.19158637523651123 1562
1781296909610 0.23992623388767242 1563
1781296909612 0.3213493227958679 1564
1781296909616 0.15774177014827728 1565
1781296909618 0.2857716381549835 1566
1781296909621 0.29895341396331787 1567
1781296909624 0.20289796590805054 1568
1781296909626 0.11249955743551254 1569
1781296909629 0.40627798438072205 1570
1781296909633 0.42404186725616455 1571
1781296909636 0.4544055163860321 1572
1781296909638 0.2022199034690857 1573
1781296909641 0.22796130180358887 1574
1781296909645 0.3142012357711792 1575
1781296909649 0.31806784868240356 1576
1781296909652 0.5870758295059204 1577
1781296909655 0.19903451204299927 1578
1781296909657 0.1367647796869278 1579
1781296909659 0.2809612452983856 1580
1781296909661 0.46275249123573303 1581
1781296909664 0.31022554636001587 1582
1781296909667 0.39911994338035583 1583
1781296909669 0.3014504313468933 1584
1781296909671 0.3027871549129486 1585
1781296909673 0.4505094885826111 1586
1781296909676 0.268449068069458 1587
1781296909678 0.5284993648529053 1588
1781296909681 0.5153120160102844 1589
1781296909683 0.17531299591064453 1590
1781296909686 0.21129435300827026 1591
1781296909688 0.2519429922103882 1592
1781296909690 0.3814619779586792 1593
1781296909692 0.3480098247528076 1594
1781296909694 0.35725581645965576 1595
1781296909697 0.2706950008869171 1596
1781296909699 0.4873683750629425 1597
1781296909702 0.23640216886997223 1598
1781296909704 0.3581927418708801 1599
1781296909706 0.46431276202201843 1600
1781296909708 0.20136983692646027 1601
1781296909710 0.513848602771759 1602
1781296909713 0.37594860792160034 1603
1781296909715 0.30538037419319153 1604
1781296909718 0.26100802421569824 1605
1781296909720 0.17703811824321747 1606
1781296909722 0.476916640996933 1607
1781296909725 0.24450282752513885 1608
1781296909727 0.17935265600681305 1609
1781296909729 0.2543328106403351 1610
1781296909731 0.2281273901462555 1611
1781296909734 0.3311784863471985 1612
1781296909736 0.24955911934375763 1613
1781296909738 0.3943387567996979 1614
1781296909740 0.4369853436946869 1615
1781296909742 0.4788159430027008 1616
1781296909745 0.3760697543621063 1617
1781296909748 0.3660440742969513 1618
1781296909750 0.49496498703956604 1619
1781296909753 0.2574005126953125 1620
1781296909755 0.2579789161682129 1621
1781296909757 0.1479083001613617 1622
1781296909759 0.32155641913414 1623
1781296909762 0.3197321891784668 1624
1781296909764 0.25170522928237915 1625
1781296909767 0.3631913959980011 1626
1781296909769 0.34097129106521606 1627
1781296909771 0.4474867880344391 1628
1781296909774 0.3391443192958832 1629
1781296909776 0.3295791447162628 1630
1781296909778 0.3657793700695038 1631
1781296909781 0.44362378120422363 1632
1781296909783 0.21208316087722778 1633
1781296909785 0.24734584987163544 1634
1781296909787 0.2871423065662384 1635
1781296909791 0.22834797203540802 1636
1781296909793 0.15087614953517914 1637
1781296909796 0.29539352655410767 1638
1781296909798 0.2240498960018158 1639
1781296909801 0.45580044388771057 1640
1781296909803 0.23227599263191223 1641
1781296909805 0.2550394833087921 1642
1781296909807 0.35755103826522827 1643
1781296909810 0.20861327648162842 1644
1781296909812 0.340192973613739 1645
1781296909815 0.5011154413223267 1646
1781296909817 0.6483996510505676 1647
1781296909819 0.29418784379959106 1648
1781296909821 0.2404254525899887 1649
1781296909823 0.18261027336120605 1650
1781296909825 0.29681795835494995 1651
1781296909828 0.48677846789360046 1652
1781296909830 0.2191324681043625 1653
1781296909833 0.20493271946907043 1654
1781296909835 0.21141883730888367 1655
1781296909837 0.2599644660949707 1656
1781296909840 0.46904629468917847 1657
1781296909842 0.4550536274909973 1658
1781296909844 0.357765793800354 1659
1781296909847 0.31796446442604065 1660
1781296909849 0.43785226345062256 1661
1781296909851 0.2504381835460663 1662
1781296909853 0.2766302227973938 1663
1781296909856 0.5125104188919067 1664
1781296909858 0.3318857252597809 1665
1781296909860 0.2959321141242981 1666
1781296909862 0.2576024830341339 1667
1781296909865 0.287096232175827 1668
1781296909868 0.24508178234100342 1669
1781296909870 0.2266520857810974 1670
1781296909872 0.2987344264984131 1671
1781296909874 0.24005857110023499 1672
1781296909878 0.455649733543396 1673
1781296909881 0.6466854214668274 1674
1781296909883 0.30957645177841187 1675
1781296909885 0.19513975083827972 1676
1781296909888 0.418310284614563 1677
1781296909890 0.25937914848327637 1678
1781296909893 0.3309735953807831 1679
1781296909895 0.25604259967803955 1680
1781296909898 0.3308736979961395 1681
1781296909900 0.3881200850009918 1682
1781296909902 0.34796950221061707 1683
1781296909904 0.5888821482658386 1684
1781296909906 0.3762630224227905 1685
1781296909909 0.19113238155841827 1686
1781296909911 0.3266935348510742 1687
1781296909914 0.5136446952819824 1688
1781296909916 0.3034307360649109 1689
1781296909918 0.21130074560642242 1690
1781296909920 0.3647024631500244 1691
1781296909924 0.24372774362564087 1692
1781296909926 0.2817439138889313 1693
1781296909928 0.3330962657928467 1694
1781296909931 0.3870115280151367 1695
1781296909934 0.2528630495071411 1696
1781296909936 0.30128899216651917 1697
1781296909938 0.36811691522598267 1698
1781296909941 0.4464690685272217 1699
1781296909943 0.3723878562450409 1700
1781296909946 0.6034972667694092 1701
1781296909948 0.27106159925460815 1702
1781296909950 0.3729328215122223 1703
1781296909953 0.28610721230506897 1704
1781296909955 0.5915573239326477 1705
1781296909957 0.34619420766830444 1706
1781296909960 0.502029538154602 1707
1781296909963 0.3408080041408539 1708
1781296909966 0.1781594455242157 1709
1781296909968 0.26427921652793884 1710
1781296909971 0.20673498511314392 1711
1781296909973 0.30094170570373535 1712
1781296909975 0.3975581228733063 1713
1781296909977 0.43499791622161865 1714
1781296909980 0.37720176577568054 1715
1781296909982 0.2545388638973236 1716
1781296909985 0.3630785644054413 1717
1781296909987 0.3431091010570526 1718
1781296909989 0.4836481213569641 1719
1781296909991 0.2090776562690735 1720
1781296909994 0.18385049700737 1721
1781296909996 0.37954726815223694 1722
1781296909999 0.30168217420578003 1723
1781296910001 0.41234123706817627 1724
1781296910003 0.4368966817855835 1725
1781296910005 0.29310378432273865 1726
1781296910007 0.30690887570381165 1727
1781296910010 0.24944736063480377 1728
1781296910012 0.2448880523443222 1729
1781296910015 0.4397161900997162 1730
1781296910017 0.19617263972759247 1731
1781296910019 0.2587890625 1732
1781296910023 0.252981036901474 1733
1781296910025 0.5179410576820374 1734
1781296910027 0.3500385880470276 1735
1781296910030 0.32933029532432556 1736
1781296910032 0.3882546126842499 1737
1781296910034 0.34631580114364624 1738
1781296910037 0.24597033858299255 1739
1781296910039 0.16351599991321564 1740
1781296910041 0.23677325248718262 1741
1781296910043 0.30152806639671326 1742
1781296910046 0.35081249475479126 1743
1781296910048 0.40031129121780396 1744
1781296910050 0.2691669464111328 1745
1781296910053 0.16264203190803528 1746
1781296910055 0.2514732778072357 1747
1781296910057 0.4674823582172394 1748
1781296910060 0.35025569796562195 1749
1781296910062 0.11962886154651642 1750
1781296910065 0.2014368176460266 1751
1781296910067 0.2227979600429535 1752
1781296910069 0.2792525887489319 1753
1781296910072 0.4361143112182617 1754
1781296910074 0.293397456407547 1755
1781296910077 0.26405036449432373 1756
1781296910079 0.1562843769788742 1757
1781296910082 0.2838829755783081 1758
1781296910084 0.39047572016716003 1759
1781296910086 0.12172891199588776 1760
1781296910088 0.16365835070610046 1761
1781296910091 0.3617999255657196 1762
1781296910093 0.15496940910816193 1763
1781296910095 0.18226952850818634 1764
1781296910098 0.40125536918640137 1765
1781296910101 0.360174298286438 1766
1781296910103 0.23025840520858765 1767
1781296910105 0.22716501355171204 1768
1781296910107 0.26785895228385925 1769
1781296910110 0.45397821068763733 1770
1781296910112 0.515698254108429 1771
1781296910114 0.2408168613910675 1772
1781296910117 0.20943477749824524 1773
1781296910119 0.389507532119751 1774
1781296910121 0.31682875752449036 1775
1781296910124 0.28581881523132324 1776
1781296910126 0.23511038720607758 1777
1781296910129 0.2884044051170349 1778
1781296910131 0.346842885017395 1779
1781296910134 0.243737131357193 1780
1781296910136 0.17709170281887054 1781
1781296910138 0.4271688461303711 1782
1781296910141 0.23793542385101318 1783
1781296910143 0.2420242577791214 1784
1781296910146 0.3267182409763336 1785
1781296910148 0.5054360628128052 1786
1781296910151 0.22724686563014984 1787
1781296910153 0.2711130380630493 1788
1781296910155 0.3906339704990387 1789
1781296910157 0.33254504203796387 1790
1781296910159 0.22314423322677612 1791
1781296910162 0.4064226746559143 1792
1781296910164 0.3029939532279968 1793
1781296910167 0.39899441599845886 1794
1781296910170 0.5305851697921753 1795
1781296910172 0.42629924416542053 1796
1781296910175 0.08792556822299957 1797
1781296910177 0.4913940131664276 1798
1781296910179 0.1828194111585617 1799
1781296910182 0.48205724358558655 1800
1781296910184 0.3245092034339905 1801
1781296910187 0.31258419156074524 1802
1781296910189 0.28444239497184753 1803
1781296910191 0.43504196405410767 1804
1781296910193 0.17614354193210602 1805
1781296910196 0.2997105121612549 1806
1781296910199 0.2807375490665436 1807
1781296910202 0.4355386793613434 1808
1781296910204 0.23699137568473816 1809
1781296910206 0.3382042348384857 1810
1781296910210 0.36220166087150574 1811
1781296910213 0.6933625936508179 1812
1781296910216 0.2945699393749237 1813
1781296910220 0.47889769077301025 1814
1781296910222 0.31982260942459106 1815
1781296910225 0.22960498929023743 1816
1781296910229 0.4906209707260132 1817
1781296910231 0.23713938891887665 1818
1781296910233 0.274719774723053 1819
1781296910236 0.27561745047569275 1820
1781296910238 0.3590623736381531 1821
1781296910240 0.28348520398139954 1822
1781296910242 0.33680108189582825 1823
1781296910246 0.30760008096694946 1824
1781296910248 0.3481777310371399 1825
1781296910251 0.3215511739253998 1826
1781296910253 0.3606645166873932 1827
1781296910255 0.3569244146347046 1828
1781296910257 0.2763902246952057 1829
1781296910259 0.2242135852575302 1830
1781296910261 0.33956000208854675 1831
1781296910264 0.22029909491539001 1832
1781296910266 0.3523820638656616 1833
1781296910268 0.23329459130764008 1834
1781296910270 0.26358696818351746 1835
1781296910273 0.15685135126113892 1836
1781296910275 0.5564457774162292 1837
1781296910277 0.2459704726934433 1838
1781296910279 0.21216727793216705 1839
1781296910282 0.2723093628883362 1840
1781296910284 0.36373573541641235 1841
1781296910287 0.4758440852165222 1842
1781296910289 0.36514514684677124 1843
1781296910291 0.449652761220932 1844
1781296910293 0.31665199995040894 1845
1781296910296 0.29545858502388 1846
1781296910298 0.3045543432235718 1847
1781296910301 0.2008470892906189 1848
1781296910303 0.257865846157074 1849
1781296910305 0.2870090901851654 1850
1781296910307 0.14981909096240997 1851
1781296910310 0.3206147849559784 1852
1781296910313 0.17649202048778534 1853
1781296910316 0.42437970638275146 1854
1781296910318 0.5437672138214111 1855
1781296910320 0.49725064635276794 1856
1781296910322 0.2596568763256073 1857
1781296910324 0.265733927488327 1858
1781296910327 0.40686944127082825 1859
1781296910329 0.2744736075401306 1860
1781296910331 0.4611402451992035 1861
1781296910334 0.2848619520664215 1862
1781296910336 0.4120281934738159 1863
1781296910338 0.26023030281066895 1864
1781296910341 0.31356364488601685 1865
1781296910343 0.27958351373672485 1866
1781296910345 0.21901656687259674 1867
1781296910348 0.367790162563324 1868
1781296910350 0.4188291132450104 1869
1781296910352 0.1661510020494461 1870
1781296910355 0.38536638021469116 1871
1781296910357 0.4537508189678192 1872
1781296910359 0.2067233771085739 1873
1781296910507 0.23523610830307007 1874
1781296910510 0.2532429099082947 1875
1781296910512 0.5008481740951538 1876
1781296910514 0.24342507123947144 1877
1781296910517 0.2945898175239563 1878
1781296910519 0.22483395040035248 1879
1781296910521 0.22505474090576172 1880
1781296910523 0.2406032532453537 1881
1781296910526 0.3270225524902344 1882
1781296910528 0.3101266026496887 1883
1781296910530 0.20167899131774902 1884
1781296910533 0.2047700434923172 1885
1781296910535 0.2691666781902313 1886
1781296910537 0.34913337230682373 1887
1781296910539 0.23517949879169464 1888
1781296910541 0.32579487562179565 1889
1781296910543 0.3212844431400299 1890
1781296910546 0.4022054672241211 1891
1781296910548 0.18499453365802765 1892
1781296910551 0.3204311728477478 1893
1781296910553 0.20667098462581635 1894
1781296910555 0.23522557318210602 1895
1781296910557 0.5491211414337158 1896
1781296910560 0.19770748913288116 1897
1781296910562 0.20751717686653137 1898
1781296910565 0.2752493619918823 1899
1781296910567 0.3922578692436218 1900
1781296910569 0.5038647651672363 1901
1781296910571 0.4260441064834595 1902
1781296910574 0.22511112689971924 1903
1781296910576 0.17109443247318268 1904
1781296910578 0.3451404571533203 1905
1781296910580 0.4968828856945038 1906
1781296910583 0.30217990279197693 1907
1781296910585 0.22992922365665436 1908
1781296910588 0.27631646394729614 1909
1781296910590 0.2550780177116394 1910
1781296910592 0.5045211315155029 1911
1781296910594 0.2864900529384613 1912
1781296910597 0.5771019458770752 1913
1781296910599 0.4539508819580078 1914
1781296910602 0.2940714657306671 1915
1781296910604 0.27877166867256165 1916
1781296910606 0.312595397233963 1917
1781296910608 0.45592930912971497 1918
1781296910611 0.37500616908073425 1919
1781296910613 0.21755725145339966 1920
1781296910616 0.16501374542713165 1921
1781296910618 0.24259531497955322 1922
1781296910620 0.277521550655365 1923
1781296910622 0.45252835750579834 1924
1781296910624 0.18220099806785583 1925
1781296910627 0.43290719389915466 1926
1781296910629 0.20077911019325256 1927
1781296910632 0.2801362872123718 1928
1781296910634 0.3313848674297333 1929
1781296910636 0.34659141302108765 1930
1781296910638 0.46203264594078064 1931
1781296910640 0.26245108246803284 1932
1781296910642 0.5824384689331055 1933
1781296910644 0.4124123752117157 1934
1781296910647 0.22099515795707703 1935
1781296910650 0.38962680101394653 1936
1781296910652 0.31973767280578613 1937
1781296910654 0.35131052136421204 1938
1781296910656 0.24380458891391754 1939
1781296910658 0.6091605424880981 1940
1781296910661 0.22281640768051147 1941
1781296910665 0.2868429124355316 1942
1781296910667 0.650650143623352 1943
1781296910670 0.16649170219898224 1944
1781296910672 0.3012228310108185 1945
1781296910674 0.18835073709487915 1946
1781296910676 0.28576672077178955 1947
1781296910679 0.1967848837375641 1948
1781296910681 0.30608537793159485 1949
1781296910683 0.3626561462879181 1950
1781296910685 0.17497357726097107 1951
1781296910688 0.3605346977710724 1952
1781296910691 0.2712668180465698 1953
1781296910693 0.573656439781189 1954
1781296910696 0.2560792565345764 1955
1781296910699 0.5450491309165955 1956
1781296910701 0.2574591338634491 1957
1781296910703 0.5830662846565247 1958
1781296910705 0.24630847573280334 1959
1781296910707 0.4100927412509918 1960
1781296910710 0.21383172273635864 1961
1781296910712 0.17349344491958618 1962
1781296910715 0.3928079903125763 1963
1781296910718 0.2288064807653427 1964
1781296910720 0.2668127715587616 1965
1781296910723 0.47613176703453064 1966
1781296910725 0.22790437936782837 1967
1781296910727 0.1528952568769455 1968
1781296910730 0.2845827043056488 1969
1781296910732 0.27000191807746887 1970
1781296910734 0.23778532445430756 1971
1781296910737 0.2762173116207123 1972
1781296910739 0.2649710476398468 1973
1781296910741 0.3300599157810211 1974
1781296910744 0.24542297422885895 1975
1781296910746 0.4820348024368286 1976
1781296910749 0.3325638771057129 1977
1781296910751 0.30624836683273315 1978
1781296910753 0.271761953830719 1979
1781296910756 0.31706205010414124 1980
1781296910758 0.3504147529602051 1981
1781296910760 0.20926113426685333 1982
1781296910763 0.33682575821876526 1983
1781296910765 0.268018513917923 1984
1781296910767 0.23265504837036133 1985
1781296910769 0.26532796025276184 1986
1781296910772 0.29916563630104065 1987
1781296910774 0.3135555684566498 1988
1781296910776 0.2953847646713257 1989
1781296910779 0.1907179206609726 1990
1781296910781 0.2939136326313019 1991
1781296910784 0.46149030327796936 1992
1781296910786 0.34049075841903687 1993
1781296910789 0.35911422967910767 1994
1781296910791 0.25434350967407227 1995
1781296910793 0.25792431831359863 1996
1781296910796 0.3494609594345093 1997
1781296910798 0.39502963423728943 1998
1781296910800 0.20851843059062958 1999
1781296910803 0.3078586161136627 2000
1781296910805 0.2762416899204254 2001
1781296910807 0.25430944561958313 2002
1781296910809 0.3144056499004364 2003
1781296910812 0.3868866562843323 2004
1781296910814 0.12680189311504364 2005
1781296910817 0.24924439191818237 2006
1781296910819 0.16850817203521729 2007
1781296910821 0.39711204171180725 2008
1781296910823 0.2190771996974945 2009
1781296910826 0.22366493940353394 2010
1781296910828 0.36172398924827576 2011
1781296910831 0.37340155243873596 2012
1781296910833 0.45675504207611084 2013
1781296910836 0.4994972348213196 2014
1781296910838 0.24121615290641785 2015
1781296910840 0.43991750478744507 2016
1781296910842 0.3221810758113861 2017
1781296910845 0.4439191520214081 2018
1781296910847 0.28216108679771423 2019
1781296910850 0.3664923310279846 2020
1781296910852 0.43196359276771545 2021
1781296910855 0.34614938497543335 2022
1781296910857 0.4068280756473541 2023
1781296910859 0.30403992533683777 2024
1781296910861 0.1710776537656784 2025
1781296910864 0.2681320905685425 2026
1781296910866 0.315261572599411 2027
1781296910869 0.26751360297203064 2028
1781296910871 0.1837519109249115 2029
1781296910873 0.24205486476421356 2030
1781296910875 0.1717689484357834 2031
1781296910878 0.3265390694141388 2032
1781296910880 0.37091654539108276 2033
1781296910883 0.2730000615119934 2034
1781296910885 0.20314349234104156 2035
1781296910887 0.3281165659427643 2036
1781296910889 0.2589055597782135 2037
1781296910892 0.3341749906539917 2038
1781296910894 0.17947296798229218 2039
1781296910896 0.37971070408821106 2040
1781296910899 0.24517342448234558 2041
1781296910901 0.29176923632621765 2042
1781296910903 0.40462303161621094 2043
1781296910905 0.37750664353370667 2044
1781296910907 0.27829107642173767 2045
1781296910910 0.5318740606307983 2046
1781296910913 0.35556095838546753 2047
1781296910915 0.4099442958831787 2048
1781296910917 0.32956641912460327 2049
1781296910919 0.3464842736721039 2050
1781296910922 0.35509365797042847 2051
1781296910924 0.29982686042785645 2052
1781296910926 0.3937831521034241 2053
1781296910928 0.23497280478477478 2054
1781296910931 0.34310436248779297 2055
1781296910933 0.35743874311447144 2056
1781296910936 0.3511578440666199 2057
1781296910938 0.4594660699367523 2058
1781296910940 0.3547794818878174 2059
1781296910943 0.4039195477962494 2060
1781296910945 0.13150441646575928 2061
1781296910948 0.2066388875246048 2062
1781296910950 0.18488271534442902 2063
1781296910952 0.28218740224838257 2064
1781296910955 0.40571942925453186 2065
1781296910957 0.3895910978317261 2066
1781296910959 0.2580236792564392 2067
1781296910961 0.3077397644519806 2068
1781296910964 0.19144876301288605 2069
1781296910967 0.2246423363685608 2070
1781296910969 0.3989517390727997 2071
1781296910971 0.1300344616174698 2072
1781296910974 0.2555672824382782 2073
1781296910976 0.1681445986032486 2074
1781296910978 0.4299831688404083 2075
1781296910981 0.2797417640686035 2076
1781296910984 0.38474977016448975 2077
1781296910986 0.25947141647338867 2078
1781296910988 0.20847737789154053 2079
1781296910991 0.2494041919708252 2080
1781296910993 0.405422568321228 2081
1781296910995 0.2648501396179199 2082
1781296910998 0.35173943638801575 2083
1781296911000 0.3932059705257416 2084
1781296911002 0.3791966140270233 2085
1781296911005 0.2998024523258209 2086
1781296911007 0.3324888348579407 2087
1781296911009 0.18558131158351898 2088
1781296911012 0.2176458239555359 2089
1781296911014 0.5022685527801514 2090
1781296911017 0.30402517318725586 2091
1781296911020 0.29404833912849426 2092
1781296911022 0.3789668083190918 2093
1781296911025 0.17218293249607086 2094
1781296911027 0.33872443437576294 2095
1781296911029 0.1961582452058792 2096
1781296911032 0.5683814883232117 2097
1781296911035 0.40004000067710876 2098
1781296911038 0.22849813103675842 2099
1781296911040 0.27447018027305603 2100
1781296911042 0.42804282903671265 2101
1781296911044 0.3896466791629791 2102
1781296911047 0.23307456076145172 2103
1781296911049 0.30282706022262573 2104
1781296911051 0.26454514265060425 2105
1781296911054 0.39116841554641724 2106
1781296911056 0.3287145793437958 2107
1781296911058 0.264860600233078 2108
1781296911060 0.44633185863494873 2109
1781296911063 0.24747490882873535 2110
1781296911066 0.4362613260746002 2111
1781296911068 0.26771652698516846 2112
1781296911070 0.29960691928863525 2113
1781296911073 0.2095889151096344 2114
1781296911075 0.22665943205356598 2115
1781296911077 0.38524580001831055 2116
1781296911080 0.09306944161653519 2117
1781296911082 0.43060439825057983 2118
1781296911084 0.2661145031452179 2119
1781296911086 0.5310983657836914 2120
1781296911089 0.16421830654144287 2121
1781296911091 0.19083672761917114 2122
1781296911093 0.35448509454727173 2123
1781296911096 0.40905627608299255 2124
1781296911098 0.3027293086051941 2125
1781296911100 0.19299253821372986 2126
1781296911102 0.39118754863739014 2127
1781296911105 0.3427514433860779 2128
1781296911107 0.3312188386917114 2129
1781296911110 0.18789826333522797 2130
1781296911113 0.3009951412677765 2131
1781296911116 0.23990179598331451 2132
1781296911118 0.2870233356952667 2133
1781296911120 0.3776312470436096 2134
1781296911122 0.22989971935749054 2135
1781296911125 0.19169476628303528 2136
1781296911127 0.14954037964344025 2137
1781296911129 0.20574164390563965 2138
1781296911132 0.43912795186042786 2139
1781296911134 0.4868937134742737 2140
1781296911136 0.2515656352043152 2141
1781296911139 0.41737982630729675 2142
1781296911141 0.1500287503004074 2143
1781296911143 0.36307111382484436 2144
1781296911146 0.25882488489151 2145
1781296911148 0.3733176589012146 2146
1781296911150 0.2470148205757141 2147
1781296911152 0.4366416335105896 2148
1781296911154 0.23577150702476501 2149
1781296911157 0.36660245060920715 2150
1781296911159 0.33696630597114563 2151
1781296911161 0.15041621029376984 2152
1781296911163 0.23164278268814087 2153
1781296911166 0.4104838967323303 2154
1781296911168 0.23252040147781372 2155
1781296911170 0.3359323740005493 2156
1781296911172 0.34530162811279297 2157
1781296911175 0.2598104178905487 2158
1781296911177 0.19104616343975067 2159
1781296911179 0.41556474566459656 2160
1781296911182 0.3480234742164612 2161
1781296911185 0.2563364803791046 2162
1781296911187 0.5012156367301941 2163
1781296911189 0.280813604593277 2164
1781296911192 0.2509150207042694 2165
1781296911194 0.2576667070388794 2166
1781296911196 0.2804092764854431 2167
1781296911199 0.2651141583919525 2168
1781296911201 0.20178380608558655 2169
1781296911203 0.28154030442237854 2170
1781296911206 0.25926485657691956 2171
1781296911208 0.15136107802391052 2172
1781296911210 0.265905499458313 2173
1781296911213 0.20955470204353333 2174
1781296911216 0.28011199831962585 2175
1781296911219 0.2720297873020172 2176
1781296911221 0.35197368264198303 2177
1781296911223 0.30647772550582886 2178
1781296911225 0.30600595474243164 2179
1781296911227 0.4529784321784973 2180
1781296911230 0.2536562979221344 2181
1781296911232 0.4159451425075531 2182
1781296911234 0.45905959606170654 2183
1781296911236 0.16791829466819763 2184
1781296911238 0.3492127060890198 2185
1781296911242 0.18689016997814178 2186
1781296911244 0.3258579969406128 2187
1781296911248 0.4401347041130066 2188
1781296911250 0.29562681913375854 2189
1781296911252 0.18407440185546875 2190
1781296911254 0.19729235768318176 2191
1781296911257 0.43321865797042847 2192
1781296911259 0.2160913497209549 2193
1781296911261 0.25171926617622375 2194
1781296911264 0.28775182366371155 2195
1781296911266 0.2896449863910675 2196
1781296911268 0.2546682357788086 2197
1781296911270 0.1386498659849167 2198
1781296911272 0.4574267268180847 2199
1781296911275 0.30732405185699463 2200
1781296911277 0.35622167587280273 2201
1781296911279 0.20326784253120422 2202
1781296911282 0.36204439401626587 2203
1781296911284 0.25799551606178284 2204
1781296911286 0.5177182555198669 2205
1781296911412 0.5266038775444031 2206
1781296911415 0.28123757243156433 2207
1781296911418 0.4729405343532562 2208
1781296911420 0.38513967394828796 2209
1781296911423 0.2360275238752365 2210
1781296911425 0.20504403114318848 2211
1781296911426 0.5633997917175293 2212
1781296911429 0.4581192433834076 2213
1781296911431 0.1669110804796219 2214
1781296911433 0.27619999647140503 2215
1781296911435 0.24126960337162018 2216
1781296911437 0.18766629695892334 2217
1781296911439 0.40227600932121277 2218
1781296911441 0.2991505563259125 2219
1781296911443 0.41897305846214294 2220
1781296911446 0.24694320559501648 2221
1781296911448 0.2682492733001709 2222
1781296911450 0.3761538863182068 2223
1781296911452 0.2567046582698822 2224
1781296911455 0.24207079410552979 2225
1781296911457 0.6151123642921448 2226
1781296911459 0.2593369483947754 2227
1781296911461 0.40610823035240173 2228
1781296911464 0.36579379439353943 2229
1781296911466 0.6020278930664062 2230
1781296911468 0.2341040074825287 2231
1781296911470 0.3207351863384247 2232
1781296911472 0.32769840955734253 2233
1781296911475 0.5149527788162231 2234
1781296911477 0.34850138425827026 2235
1781296911479 0.1283198595046997 2236
1781296911482 0.36485305428504944 2237
1781296911484 0.32435452938079834 2238
1781296911486 0.32913076877593994 2239
1781296911488 0.4493503272533417 2240
1781296911491 0.324485182762146 2241
1781296911493 0.16268283128738403 2242
1781296911495 0.2605787217617035 2243
1781296911498 0.3495483994483948 2244
1781296911500 0.2282642275094986 2245
1781296911502 0.30647316575050354 2246
1781296911504 0.5222565531730652 2247
1781296911506 0.6231207251548767 2248
1781296911508 0.2020523101091385 2249
1781296911511 0.3051941990852356 2250
1781296911513 0.2778591513633728 2251
1781296911516 0.2216596007347107 2252
1781296911518 0.26636457443237305 2253
1781296911521 0.42410263419151306 2254
1781296911523 0.24996061623096466 2255
1781296911525 0.21747171878814697 2256
1781296911528 0.21532925963401794 2257
1781296911531 0.34427276253700256 2258
1781296911534 0.29559066891670227 2259
1781296911536 0.3356408178806305 2260
1781296911538 0.17419308423995972 2261
1781296911540 0.26349493861198425 2262
1781296911543 0.28094977140426636 2263
1781296911545 0.17376916110515594 2264
1781296911548 0.19786858558654785 2265
1781296911550 0.32396355271339417 2266
1781296911552 0.2015921175479889 2267
1781296911555 0.3045666217803955 2268
1781296911557 0.2776065170764923 2269
1781296911559 0.33473068475723267 2270
1781296911562 0.24830105900764465 2271
1781296911565 0.5087461471557617 2272
1781296911567 0.31188854575157166 2273
1781296911569 0.33598780632019043 2274
1781296911572 0.40735915303230286 2275
1781296911574 0.16738517582416534 2276
1781296911576 0.3100602328777313 2277
1781296911578 0.47948575019836426 2278
1781296911581 0.2841283679008484 2279
1781296911583 0.258876770734787 2280
1781296911585 0.3822658061981201 2281
1781296911588 0.3604915142059326 2282
1781296911590 0.2845515012741089 2283
1781296911592 0.1326846331357956 2284
1781296911594 0.7013027667999268 2285
1781296911597 0.15837307274341583 2286
1781296911599 0.49390527606010437 2287
1781296911601 0.17827776074409485 2288
1781296911604 0.21057040989398956 2289
1781296911606 0.5119995474815369 2290
1781296911608 0.5415850281715393 2291
1781296911611 0.3027925491333008 2292
1781296911614 0.30556368827819824 2293
1781296911616 0.5454888939857483 2294
1781296911619 0.2549227774143219 2295
1781296911621 0.3084900975227356 2296
1781296911623 0.4763333797454834 2297
1781296911625 0.37451210618019104 2298
1781296911628 0.1969931274652481 2299
1781296911630 0.3320470154285431 2300
1781296911632 0.15266098082065582 2301
1781296911635 0.27824273705482483 2302
1781296911637 0.497874915599823 2303
1781296911639 0.6603724360466003 2304
1781296911641 0.14927352964878082 2305
1781296911643 0.5386772155761719 2306
1781296911646 0.21452395617961884 2307
1781296911648 0.28881677985191345 2308
1781296911651 0.3107423782348633 2309
1781296911653 0.45231133699417114 2310
1781296911655 0.2123192697763443 2311
1781296911657 0.27090001106262207 2312
1781296911659 0.4470299184322357 2313
1781296911662 0.28914839029312134 2314
1781296911664 0.1961415708065033 2315
1781296911667 0.342465877532959 2316
1781296911669 0.2426217496395111 2317
1781296911671 0.29896777868270874 2318
1781296911673 0.5787050724029541 2319
1781296911676 0.20074301958084106 2320
1781296911678 0.2280281037092209 2321
1781296911682 0.5678759217262268 2322
1781296911684 0.23612558841705322 2323
1781296911686 0.2202063351869583 2324
1781296911689 0.3449852764606476 2325
1781296911691 0.23890484869480133 2326
1781296911693 0.2459782063961029 2327
1781296911696 0.30386897921562195 2328
1781296911698 0.45537590980529785 2329
1781296911701 0.2864964008331299 2330
1781296911703 0.2276044636964798 2331
1781296911705 0.30786585807800293 2332
1781296911707 0.27080968022346497 2333
1781296911709 0.4217160940170288 2334
1781296911712 0.48377764225006104 2335
1781296911715 0.18960979580879211 2336
1781296911717 0.5352421998977661 2337
1781296911720 0.34412679076194763 2338
1781296911722 0.243739515542984 2339
1781296911724 0.3545466363430023 2340
1781296911726 0.34683915972709656 2341
1781296911729 0.40100377798080444 2342
1781296911731 0.34414130449295044 2343
1781296911733 0.4709380567073822 2344
1781296911735 0.3814132511615753 2345
1781296911738 0.3324372470378876 2346
1781296911740 0.4569818079471588 2347
1781296911742 0.16730211675167084 2348
1781296911745 0.5066778659820557 2349
1781296911747 0.512708842754364 2350
1781296911750 0.23505167663097382 2351
1781296911752 0.25479447841644287 2352
1781296911754 0.13243721425533295 2353
1781296911757 0.12859834730625153 2354
1781296911759 0.21438774466514587 2355
1781296911761 0.5317382216453552 2356
1781296911763 0.1644151359796524 2357
1781296911766 0.3299303650856018 2358
1781296911768 0.2829720079898834 2359
1781296911770 0.23611754179000854 2360
1781296911772 0.272718608379364 2361
1781296911775 0.1468089371919632 2362
1781296911777 0.3279244303703308 2363
1781296911780 0.34783074259757996 2364
1781296911782 0.3191292881965637 2365
1781296911785 0.18501508235931396 2366
1781296911787 0.29604023694992065 2367
1781296911789 0.2587871551513672 2368
1781296911791 0.1838037520647049 2369
1781296911793 0.3831254839897156 2370
1781296911796 0.4625503718852997 2371
1781296911798 0.1730874627828598 2372
1781296911800 0.4052249491214752 2373
1781296911803 0.37002137303352356 2374
1781296911805 0.2797640264034271 2375
1781296911807 0.17223256826400757 2376
1781296911810 0.24439017474651337 2377
1781296911812 0.24553130567073822 2378
1781296911815 0.6316298246383667 2379
1781296911817 0.33225762844085693 2380
1781296911819 0.5754554271697998 2381
1781296911822 0.46343886852264404 2382
1781296911824 0.28145766258239746 2383
1781296911826 0.19549009203910828 2384
1781296911829 0.18872876465320587 2385
1781296911831 0.24071335792541504 2386
1781296911833 0.27247893810272217 2387
1781296911835 0.425266832113266 2388
1781296911837 0.40932902693748474 2389
1781296911840 0.597325325012207 2390
1781296911842 0.32067635655403137 2391
1781296911844 0.15640504658222198 2392
1781296911847 0.3486543893814087 2393
1781296911849 0.4972895383834839 2394
1781296911852 0.3315177261829376 2395
1781296911854 0.35510578751564026 2396
1781296911856 0.2261267453432083 2397
1781296911859 0.1851218044757843 2398
1781296911862 0.33818385004997253 2399
1781296911864 0.27824926376342773 2400
1781296911868 0.20823708176612854 2401
1781296911870 0.38668525218963623 2402
1781296911872 0.3515826165676117 2403
1781296911874 0.30132201313972473 2404
1781296911877 0.29558688402175903 2405
1781296911879 0.27883681654930115 2406
1781296911881 0.5764827132225037 2407
1781296911884 0.18609870970249176 2408
1781296911886 0.2812788188457489 2409
1781296911888 0.3772834241390228 2410
1781296911891 0.2558732032775879 2411
1781296911893 0.2830144762992859 2412
1781296911895 0.539804220199585 2413
1781296911898 0.15970855951309204 2414
1781296911900 0.40584424138069153 2415
1781296911902 0.20465287566184998 2416
1781296911904 0.3381125032901764 2417
1781296911907 0.2292296588420868 2418
1781296911909 0.29785314202308655 2419
1781296911911 0.223588764667511 2420
1781296911914 0.33629539608955383 2421
1781296911917 0.3497086763381958 2422
1781296911920 0.13314522802829742 2423
1781296911922 0.2354205846786499 2424
1781296911925 0.3721671402454376 2425
1781296911927 0.22967949509620667 2426
1781296911930 0.29447105526924133 2427
1781296911932 0.39797893166542053 2428
1781296911935 0.348025918006897 2429
1781296911937 0.20018532872200012 2430
1781296911939 0.18708710372447968 2431
1781296911942 0.14814813435077667 2432
1781296911944 0.17810724675655365 2433
1781296911946 0.2855856120586395 2434
1781296911949 0.29083195328712463 2435
1781296911951 0.2913980484008789 2436
1781296911953 0.4478170871734619 2437
1781296911955 0.21378807723522186 2438
1781296911957 0.5107096433639526 2439
1781296911960 0.42271003127098083 2440
1781296911962 0.31352826952934265 2441
1781296911965 0.3238319158554077 2442
1781296911967 0.16782177984714508 2443
1781296911969 0.25870710611343384 2444
1781296911971 0.1662716269493103 2445
1781296911974 0.24068255722522736 2446
1781296911976 0.26575472950935364 2447
1781296911978 0.3514976501464844 2448
1781296911981 0.4264659583568573 2449
1781296911983 0.2979012727737427 2450
1781296911985 0.24914632737636566 2451
1781296911988 0.3492885231971741 2452
1781296911990 0.4421031177043915 2453
1781296911992 0.2439684420824051 2454
1781296911994 0.13072827458381653 2455
1781296911997 0.21421954035758972 2456
1781296911999 0.3454294800758362 2457
1781296912002 0.15941013395786285 2458
1781296912004 0.30342763662338257 2459
1781296912006 0.17820529639720917 2460
1781296912009 0.34791842103004456 2461
1781296912011 0.4077637195587158 2462
1781296912013 0.2085040956735611 2463
1781296912016 0.4330061674118042 2464
1781296912019 0.49420472979545593 2465
1781296912021 0.34061866998672485 2466
1781296912023 0.20483988523483276 2467
1781296912025 0.15095579624176025 2468
1781296912028 0.5009026527404785 2469
1781296912030 0.2033156007528305 2470
1781296912032 0.4157584011554718 2471
1781296912034 0.2552764117717743 2472
1781296912037 0.2410539835691452 2473
1781296912039 0.29142454266548157 2474
1781296912041 0.2468743473291397 2475
1781296912043 0.22411447763442993 2476
1781296912045 0.1503450572490692 2477
1781296912048 0.321043998003006 2478
1781296912050 0.2387508749961853 2479
1781296912053 0.31606894731521606 2480
1781296912055 0.6012647151947021 2481
1781296912057 0.3290163576602936 2482
1781296912059 0.42878100275993347 2483
1781296912062 0.25893110036849976 2484
1781296912065 0.25628384947776794 2485
1781296912067 0.34683293104171753 2486
1781296912070 0.22597864270210266 2487
1781296912072 0.23630677163600922 2488
1781296912074 0.37169504165649414 2489
1781296912077 0.28499969840049744 2490
1781296912079 0.3159664571285248 2491
1781296912083 0.1616760790348053 2492
1781296912085 0.409769207239151 2493
1781296912088 0.28426945209503174 2494
1781296912090 0.3276642858982086 2495
1781296912092 0.4621826112270355 2496
1781296912095 0.19772487878799438 2497
1781296912097 0.22214855253696442 2498
1781296912099 0.19964554905891418 2499
1781296912102 0.19585996866226196 2500
1781296912104 0.29755863547325134 2501
1781296912107 0.37308165431022644 2502
1781296912109 0.4493010640144348 2503
1781296912112 0.43883705139160156 2504
1781296912114 0.4059079587459564 2505
1781296912118 0.14459925889968872 2506
1781296912120 0.496157705783844 2507
1781296912122 0.47119298577308655 2508
1781296912124 0.34956249594688416 2509
1781296912126 0.21495819091796875 2510
1781296912129 0.23397698998451233 2511
1781296912131 0.41854745149612427 2512
1781296912133 0.1857040822505951 2513
1781296912135 0.4504372477531433 2514
1781296912138 0.4056773781776428 2515
1781296912140 0.2604798972606659 2516
1781296912142 0.347679078578949 2517
1781296912145 0.20739255845546722 2518
1781296912147 0.38825246691703796 2519
1781296912150 0.5447247624397278 2520
1781296912153 0.5147335529327393 2521
1781296912156 0.1423199325799942 2522
1781296912158 0.34672996401786804 2523
1781296912160 0.39193782210350037 2524
1781296912162 0.5033944845199585 2525
1781296912165 0.19949118793010712 2526
1781296912167 0.4574683606624603 2527
1781296912172 0.49072542786598206 2528
1781296912174 0.3733430504798889 2529
1781296912177 0.2361631691455841 2530
1781296912179 0.5246024131774902 2531
1781296912182 0.33787965774536133 2532
1781296912184 0.2605239748954773 2533
1781296912187 0.1631723940372467 2534
1781296912189 0.1340886354446411 2535
1781296912191 0.4835699498653412 2536
1781296912194 0.4211905300617218 2537
1781296912196 0.3817560374736786 2538
1781296912199 0.5755038261413574 2539
1781296912201 0.24924156069755554 2540
1781296912203 0.28560739755630493 2541
1781296912205 0.43262237310409546 2542
1781296912208 0.19835136830806732 2543
1781296912210 0.5676758885383606 2544
1781296912212 0.5321172475814819 2545
1781296912215 0.35175204277038574 2546
1781296912217 0.17873577773571014 2547
1781296912220 0.4035167992115021 2548
1781296912222 0.37306949496269226 2549
1781296912224 0.18625131249427795 2550
1781296912226 0.23360563814640045 2551
1781296912229 0.15757417678833008 2552
1781296912231 0.3207673132419586 2553
1781296912233 0.32507389783859253 2554
1781296912235 0.25848230719566345 2555
1781296912238 0.25447773933410645 2556
1781296912240 0.5952951312065125 2557
1781296912242 0.24585816264152527 2558
1781296912244 0.1450287103652954 2559
1781296912247 0.24898622930049896 2560
1781296912250 0.16832895576953888 2561
1781296912252 0.5125133395195007 2562
1781296912254 0.3216415345668793 2563
1781296912257 0.3060266375541687 2564
1781296912259 0.1755736917257309 2565
1781296912261 0.4222016930580139 2566
1781296912264 0.2907352149486542 2567
1781296912266 0.22800663113594055 2568
1781296912268 0.15312889218330383 2569
1781296912270 0.40937069058418274 2570
1781296912273 0.2602643668651581 2571
1781296912275 0.3761439323425293 2572
1781296912278 0.12131931632757187 2573
1781296912280 0.5389376878738403 2574
1781296912283 0.2606021761894226 2575
1781296912285 0.3452923893928528 2576
1781296912287 0.48838645219802856 2577
1781296912289 0.3520771563053131 2578
1781296912292 0.24041256308555603 2579
1781296912294 0.27896547317504883 2580
1781296912296 0.3006460666656494 2581
1781296912299 0.18523626029491425 2582
1781296912301 0.3711714744567871 2583
1781296912303 0.30675166845321655 2584
1781296912305 0.2294514775276184 2585
1781296912308 0.4635503590106964 2586
1781296912310 0.44951826333999634 2587
1781296912312 0.1787654161453247 2588
1781296912315 0.3279617428779602 2589
1781296912318 0.3709571361541748 2590
1781296912320 0.32436466217041016 2591
1781296912322 0.36649641394615173 2592
1781296912325 0.32258474826812744 2593
1781296912327 0.17980481684207916 2594
1781296912329 0.28374847769737244 2595
1781296912331 0.46080806851387024 2596
1781296912334 0.39265888929367065 2597
1781296912336 0.2504305839538574 2598
1781296912338 0.43323686718940735 2599
1781296912341 0.4303746223449707 2600
1781296912343 0.23830559849739075 2601
1781296912346 0.3785179853439331 2602
1781296912348 0.26998355984687805 2603
1781296912350 0.2102281004190445 2604
1781296912353 0.41203880310058594 2605
1781296912355 0.34830620884895325 2606
1781296912357 0.400387167930603 2607
1781296912360 0.2219075709581375 2608
1781296912362 0.17872804403305054 2609
1781296912365 0.47119298577308655 2610
1781296912367 0.24628636240959167 2611
1781296912369 0.2997715175151825 2612
1781296912371 0.34273597598075867 2613
1781296912374 0.2625908851623535 2614
1781296912376 0.18533265590667725 2615
1781296912378 0.1813546121120453 2616
1781296912381 0.2461882382631302 2617
1781296912383 0.20609481632709503 2618
1781296912385 0.3488684892654419 2619
1781296912388 0.23661145567893982 2620
1781296912390 0.2670912742614746 2621
1781296912392 0.34378522634506226 2622
1781296912394 0.31673550605773926 2623
1781296912397 0.3008033335208893 2624
1781296912399 0.6973132491111755 2625
1781296912401 0.3635183870792389 2626
1781296912403 0.22618986666202545 2627
1781296912405 0.18126559257507324 2628
1781296912408 0.3675631582736969 2629
1781296912410 0.21107786893844604 2630
1781296912412 0.27496394515037537 2631
1781296912415 0.4210880994796753 2632
1781296912418 0.1656082272529602 2633
1781296912420 0.20939773321151733 2634
1781296912423 0.2938409447669983 2635
1781296912425 0.22743767499923706 2636
1781296912427 0.2897815704345703 2637
1781296912430 0.24052946269512177 2638
1781296912432 0.47690990567207336 2639
1781296912434 0.24100150167942047 2640
1781296912436 0.19727763533592224 2641
1781296912439 0.28078988194465637 2642
1781296912441 0.3605124056339264 2643
1781296912443 0.338123083114624 2644
1781296912445 0.2093268483877182 2645
1781296912447 0.5935908555984497 2646
1781296912450 0.31623509526252747 2647
1781296912452 0.2599997818470001 2648
1781296912455 0.3098454773426056 2649
1781296912457 0.31138843297958374 2650
1781296912459 0.33182159066200256 2651
1781296912462 0.15771602094173431 2652
1781296912464 0.41841715574264526 2653
1781296912467 0.32230526208877563 2654
1781296912469 0.27811768651008606 2655
1781296912471 0.3641871213912964 2656
1781296912474 0.21034103631973267 2657
1781296912476 0.37135323882102966 2658
1781296912478 0.21074068546295166 2659
1781296912481 0.32429730892181396 2660
1781296912484 0.35838964581489563 2661
1781296912486 0.44032609462738037 2662
1781296912488 0.18977384269237518 2663
1781296912490 0.1392941027879715 2664
1781296912492 0.33068981766700745 2665
1781296912495 0.31443023681640625 2666
1781296912497 0.490318238735199 2667
1781296912500 0.1677604615688324 2668
1781296912502 0.22270114719867706 2669
1781296912504 0.2627744674682617 2670
1781296912507 0.31657978892326355 2671
1781296912509 0.17887425422668457 2672
1781296912511 0.24922074377536774 2673
1781296912514 0.23877911269664764 2674
1781296912516 0.3128962814807892 2675
1781296912519 0.28458109498023987 2676
1781296912521 0.2647702395915985 2677
1781296912523 0.27883580327033997 2678
1781296912525 0.3386087715625763 2679
1781296912527 0.3704243302345276 2680
1781296912529 0.5313531756401062 2681
1781296912532 0.5013211369514465 2682
1781296912534 0.37744542956352234 2683
1781296912536 0.32726141810417175 2684
1781296912538 0.18480192124843597 2685
1781296912540 0.4178089201450348 2686
1781296912542 0.40031108260154724 2687
1781296912545 0.199025958776474 2688
1781296912547 0.5388460159301758 2689
1781296912549 0.1661444902420044 2690
1781296912552 0.3253851532936096 2691
1781296912554 0.18560682237148285 2692
1781296912556 0.4563235342502594 2693
1781296912559 0.2715829908847809 2694
1781296912561 0.22826410830020905 2695
1781296912563 0.31954526901245117 2696
1781296912566 0.409249871969223 2697
1781296912568 0.4576224088668823 2698
1781296912571 0.2475014328956604 2699
1781296912573 0.38563814759254456 2700
1781296912575 0.6021139025688171 2701
1781296912577 0.36778825521469116 2702
1781296912580 0.22180938720703125 2703
1781296912583 0.2960525453090668 2704
1781296912585 0.1516297459602356 2705
1781296912587 0.614507257938385 2706
1781296912589 0.4937269985675812 2707
1781296912591 0.2960030436515808 2708
1781296912594 0.2087276726961136 2709
1781296912596 0.2744368314743042 2710
1781296912600 0.43945446610450745 2711
1781296912602 0.45482516288757324 2712
1781296912605 0.23916815221309662 2713
1781296912607 0.11952744424343109 2714
1781296912609 0.21115925908088684 2715
1781296912611 0.23347489535808563 2716
1781296912614 0.20196080207824707 2717
1781296912616 0.16389451920986176 2718
1781296912619 0.1591973900794983 2719
1781296912621 0.373805969953537 2720
1781296912623 0.3532162010669708 2721
1781296912625 0.13273926079273224 2722
1781296912628 0.2972588539123535 2723
1781296912630 0.12842132151126862 2724
1781296912632 0.2346634715795517 2725
1781296912634 0.4509587287902832 2726
1781296912637 0.18685361742973328 2727
1781296912639 0.2209596186876297 2728
1781296912641 0.27091753482818604 2729
1781296912643 0.5225900411605835 2730
1781296912645 0.4415895342826843 2731
1781296912648 0.4625113606452942 2732
1781296912650 0.26962730288505554 2733
1781296912653 0.30702465772628784 2734
1781296912655 0.26896771788597107 2735
1781296912657 0.402910977602005 2736
1781296912659 0.2297353744506836 2737
1781296912662 0.2917678654193878 2738
1781296912665 0.16958178579807281 2739
1781296912667 0.19335629045963287 2740
1781296912669 0.2989078760147095 2741
1781296912672 0.24653826653957367 2742
1781296912674 0.24374884366989136 2743
1781296912676 0.4006105065345764 2744
1781296912679 0.3954443037509918 2745
1781296912682 0.3594321012496948 2746
1781296912684 0.346566766500473 2747
1781296912686 0.1998593509197235 2748
1781296912689 0.2807144820690155 2749
1781296912691 0.18298104405403137 2750
1781296912693 0.3193691074848175 2751
1781296912696 0.29937389492988586 2752
1781296912698 0.36540400981903076 2753
1781296912701 0.4090307354927063 2754
1781296912703 0.3792537450790405 2755
1781296912706 0.29608309268951416 2756
1781296912708 0.45562994480133057 2757
1781296912710 0.2490338236093521 2758
1781296912712 0.4931422770023346 2759
1781296912715 0.18627390265464783 2760
1781296912717 0.35113969445228577 2761
1781296912720 0.30309686064720154 2762
1781296912722 0.30240267515182495 2763
1781296912724 0.23736299574375153 2764
1781296912727 0.40458428859710693 2765
1781296912729 0.33096981048583984 2766
1781296912731 0.272789865732193 2767
1781296912734 0.3351576030254364 2768
1781296912736 0.2885149121284485 2769
1781296912738 0.2507578432559967 2770
1781296912740 0.4584731459617615 2771
1781296912743 0.23623958230018616 2772
1781296912745 0.4681906998157501 2773
1781296912748 0.22184056043624878 2774
1781296912750 0.24095909297466278 2775
1781296912752 0.2307998239994049 2776
1781296912755 0.19818644225597382 2777
1781296912758 0.10081278532743454 2778
1781296912760 0.36687013506889343 2779
1781296912763 0.2760910391807556 2780
1781296912766 0.20288211107254028 2781
1781296912769 0.21382910013198853 2782
1781296912772 0.26853516697883606 2783
1781296912775 0.28364235162734985 2784
1781296912777 0.21832425892353058 2785
1781296912779 0.3065185844898224 2786
1781296912782 0.3598666191101074 2787
1781296912784 0.18306034803390503 2788
1781296912786 0.37060800194740295 2789
1781296912788 0.443737268447876 2790
1781296912791 0.3380432724952698 2791
1781296912793 0.43221336603164673 2792
1781296912795 0.2542724311351776 2793
1781296912798 0.2313482165336609 2794
1781296912800 0.32366201281547546 2795
1781296912802 0.21406081318855286 2796
1781296912805 0.3612798750400543 2797
1781296912807 0.2094956934452057 2798
1781296912810 0.18695016205310822 2799
1781296912812 0.34406742453575134 2800
1781296912815 0.36734235286712646 2801
1781296912817 0.17055007815361023 2802
1781296912819 0.3523315191268921 2803
1781296912822 0.2865215241909027 2804
1781296912824 0.37661799788475037 2805
1781296912826 0.6258041858673096 2806
1781296912829 0.22404873371124268 2807
1781296912831 0.34391701221466064 2808
1781296912833 0.45626193284988403 2809
1781296912835 0.37317436933517456 2810
