1781357309588 2.799739122390747 0
1781357309597 3.185800075531006 1
1781357309602 3.9014134407043457 2
1781357309607 4.175052165985107 3
1781357309613 5.0671467781066895 4
1781357309619 5.8326311111450195 5
1781357309624 7.107845306396484 6
1781357309630 7.6895904541015625 7
1781357309636 8.038484573364258 8
1781357309641 9.577775001525879 9
1781357309646 11.510908126831055 10
1781357309651 12.50042724609375 11
1781357309656 14.703514099121094 12
1781357309661 14.041808128356934 13
1781357309666 15.419556617736816 14
1781357309673 20.07381820678711 15
1781357309680 20.096874237060547 16
1781357309686 21.70824432373047 17
1781357309693 24.080677032470703 18
1781357309698 22.8576602935791 19
1781357309703 24.705211639404297 20
1781357309709 30.274005889892578 21
1781357309713 35.88056945800781 22
1781357309719 29.30218505859375 23
1781357309725 33.4901237487793 24
1781357309731 41.56568908691406 25
1781357309736 41.016868591308594 26
1781357309742 44.713294982910156 27
1781357309747 49.78822708129883 28
1781357309754 56.54834747314453 29
1781357309759 52.39762878417969 30
1781357309765 56.12140655517578 31
1781357309772 59.4910774230957 32
1781357309778 68.18000030517578 33
1781357309783 68.73795318603516 34
1781357309789 82.27505493164062 35
1781357309794 81.16268920898438 36
1781357309800 81.43392944335938 37
1781357309808 87.0707778930664 38
1781357309814 90.0098876953125 39
1781357309820 94.0866470336914 40
1781357309826 95.52229309082031 41
1781357309831 105.45911407470703 42
1781357309837 105.68141174316406 43
1781357309843 108.55770874023438 44
1781357309847 116.75127410888672 45
1781357309854 117.7178955078125 46
1781357309860 105.99246978759766 47
1781357309867 129.4295196533203 48
1781357309873 133.78878784179688 49
1781357309877 136.9656219482422 50
1781357309883 135.96890258789062 51
1781357309889 135.87692260742188 52
1781357309893 141.86184692382812 53
1781357309899 150.5404052734375 54
1781357309904 146.49346923828125 55
1781357309909 129.0532989501953 56
1781357309916 147.61236572265625 57
1781357309921 143.2519989013672 58
1781357309926 143.4609375 59
1781357309932 147.535400390625 60
1781357309938 133.4506072998047 61
1781357309943 149.5182342529297 62
1781357309950 156.84616088867188 63
1781357309956 159.0323486328125 64
1781357309963 154.5123748779297 65
1781357309969 142.94363403320312 66
1781357309975 157.36474609375 67
1781357309981 159.09429931640625 68
1781357309986 164.51907348632812 69
1781357309993 150.24014282226562 70
1781357309998 152.85983276367188 71
1781357310003 138.37057495117188 72
1781357310010 147.51345825195312 73
1781357310017 153.19668579101562 74
1781357310023 132.98146057128906 75
1781357310028 133.20745849609375 76
1781357310033 144.50047302246094 77
1781357310041 139.66754150390625 78
1781357310047 143.39181518554688 79
1781357310053 149.1353302001953 80
1781357310059 152.03721618652344 81
1781357310065 132.35653686523438 82
1781357310070 126.53512573242188 83
1781357310076 135.49774169921875 84
1781357310081 125.2861328125 85
1781357310086 133.61117553710938 86
1781357310092 138.73025512695312 87
1781357310098 128.88653564453125 88
1781357310102 125.41651153564453 89
1781357310108 132.90261840820312 90
1781357310113 123.16304779052734 91
1781357310118 137.18817138671875 92
1781357310123 133.60008239746094 93
1781357310129 124.05584716796875 94
1781357310133 114.30530548095703 95
1781357310140 126.18876647949219 96
1781357310145 124.13101196289062 97
1781357310150 117.32916259765625 98
1781357310157 117.57243347167969 99
1781357310161 118.47259521484375 100
1781357310166 124.05180358886719 101
1781357310174 117.92503356933594 102
1781357310179 115.24376678466797 103
1781357310184 117.68474578857422 104
1781357310191 120.54740905761719 105
1781357310196 119.25377655029297 106
1781357310201 108.92298126220703 107
1781357310207 109.25535583496094 108
1781357310212 104.17504119873047 109
1781357310218 108.19367218017578 110
1781357310224 108.6578598022461 111
1781357310229 103.06202697753906 112
1781357310235 101.35563659667969 113
1781357310240 97.37564086914062 114
1781357310245 105.791748046875 115
1781357310251 96.67098236083984 116
1781357310256 97.37931060791016 117
1781357310261 91.40247344970703 118
1781357310267 92.68487548828125 119
1781357310272 98.87239074707031 120
1781357310277 94.04840850830078 121
1781357310283 89.73148345947266 122
1781357310290 88.03862762451172 123
1781357310295 86.4169921875 124
1781357310300 80.62696838378906 125
1781357310306 86.18466186523438 126
1781357310311 87.55901336669922 127
1781357310317 88.75489807128906 128
1781357310322 87.68814086914062 129
1781357310327 80.86664581298828 130
1781357310332 84.42123413085938 131
1781357310338 81.77410888671875 132
1781357310342 72.78230285644531 133
1781357310350 74.0176773071289 134
1781357310358 79.96726989746094 135
1781357310363 75.72704315185547 136
1781357310369 73.40326690673828 137
1781357310374 76.43021392822266 138
1781357310380 74.30542755126953 139
1781357310385 72.58294677734375 140
1781357310391 70.62505340576172 141
1781357310399 67.89664459228516 142
1781357310404 68.23322296142578 143
1781357310409 66.19363403320312 144
1781357310414 68.97796630859375 145
1781357310419 67.98883819580078 146
1781357310423 62.884429931640625 147
1781357310429 65.18392181396484 148
1781357310434 63.61077117919922 149
1781357310438 62.01578140258789 150
1781357310445 59.6238899230957 151
1781357310450 61.34244155883789 152
1781357310456 57.46648406982422 153
1781357310461 60.208763122558594 154
1781357310467 54.77833938598633 155
1781357310475 54.33476638793945 156
1781357310481 56.73331832885742 157
1781357310486 56.37334442138672 158
1781357310491 56.15214538574219 159
1781357310496 49.32823944091797 160
1781357310501 52.111629486083984 161
1781357310506 50.122772216796875 162
1781357310512 45.13240432739258 163
1781357310517 49.20661163330078 164
1781357310522 48.19752502441406 165
1781357310528 42.998146057128906 166
1781357310532 47.94489669799805 167
1781357310537 44.139827728271484 168
1781357310542 44.14190673828125 169
1781357310547 43.86168670654297 170
1781357310553 38.608951568603516 171
1781357310558 41.28141403198242 172
1781357310564 38.99672317504883 173
1781357310570 34.653133392333984 174
1781357310576 39.46942138671875 175
1781357310582 34.85675811767578 176
1781357310587 34.96579360961914 177
1781357310592 35.49114227294922 178
1781357310597 34.585506439208984 179
1781357310601 32.68980407714844 180
1781357310607 33.2413330078125 181
1781357310612 35.68262481689453 182
1781357310616 29.45108413696289 183
1781357310624 27.36687469482422 184
1781357310628 29.390501022338867 185
1781357310633 26.12684440612793 186
1781357310639 28.192543029785156 187
1781357310644 27.031919479370117 188
1781357310649 27.094396591186523 189
1781357310655 25.091304779052734 190
1781357310660 25.211753845214844 191
1781357310667 23.585689544677734 192
1781357310672 23.0216121673584 193
1781357310676 22.299068450927734 194
1781357310681 21.72437286376953 195
1781357310688 20.967910766601562 196
1781357310693 18.95561981201172 197
1781357310698 18.458972930908203 198
1781357310702 16.65789794921875 199
1781357310707 17.565744400024414 200
1781357310712 16.49101448059082 201
1781357310718 15.106002807617188 202
1781357310722 13.400221824645996 203
1781357310728 13.138077735900879 204
1781357310733 12.409475326538086 205
1781357310738 10.217665672302246 206
1781357310742 10.963053703308105 207
1781357310748 9.589624404907227 208
1781357310753 9.209267616271973 209
1781357310758 8.012121200561523 210
1781357310764 6.183409690856934 211
1781357310769 7.108684539794922 212
1781357310774 6.963242053985596 213
1781357310779 5.717825889587402 214
1781357310784 4.406713485717773 215
1781357310789 4.262886047363281 216
1781357310793 3.3029375076293945 217
1781357310798 3.5008950233459473 218
1781357310804 1.5756731033325195 219
1781357310809 2.953911542892456 220
1781357310814 3.277310848236084 221
1781357310819 2.1730079650878906 222
1781357310824 2.0947976112365723 223
1781357310829 2.964871644973755 224
1781357310834 2.270064353942871 225
1781357310839 2.44284725189209 226
1781357310845 2.126723051071167 227
1781357310850 2.776836395263672 228
1781357310854 0.8441770076751709 229
1781357310860 1.9455071687698364 230
1781357310865 1.0752389430999756 231
1781357310869 2.3521981239318848 232
1781357310874 1.3970917463302612 233
1781357310880 1.851934552192688 234
1781357310884 2.178662061691284 235
1781357310889 1.8918274641036987 236
1781357310896 1.1421936750411987 237
1781357310901 0.9665878415107727 238
1781357310905 1.7013099193572998 239
1781357310912 1.5080277919769287 240
1781357310917 1.2884684801101685 241
1781357310922 1.5420228242874146 242
1781357310927 1.677900791168213 243
1781357310932 2.0136306285858154 244
1781357310937 1.8787720203399658 245
1781357310943 1.2837693691253662 246
1781357310948 1.3986010551452637 247
1781357310953 1.2362009286880493 248
1781357310958 2.2140941619873047 249
1781357310963 0.7183018922805786 250
1781357310969 0.7525736689567566 251
1781357310974 1.0359734296798706 252
1781357310979 0.8672683835029602 253
1781357310984 1.1811443567276 254
1781357310989 0.8645703792572021 255
1781357310994 0.8781939148902893 256
1781357310999 1.2813193798065186 257
1781357311004 1.2545080184936523 258
1781357311010 0.6984775066375732 259
1781357311016 1.07808518409729 260
1781357311022 1.5444214344024658 261
1781357311027 1.078035593032837 262
1781357311031 0.8470627069473267 263
1781357311038 1.9254798889160156 264
1781357311042 0.5462828278541565 265
1781357311047 0.7743006944656372 266
1781357311054 0.7649991512298584 267
1781357311059 0.3763098120689392 268
1781357311064 1.5360828638076782 269
1781357311070 1.0043739080429077 270
1781357311076 0.9343445301055908 271
1781357311080 1.2553160190582275 272
1781357311085 1.721968650817871 273
1781357311090 0.7216411828994751 274
1781357311095 1.0090994834899902 275
1781357311099 1.2364109754562378 276
1781357311104 1.063232660293579 277
1781357311109 1.1845910549163818 278
1781357311116 1.0513273477554321 279
1781357311122 1.1549503803253174 280
1781357311128 1.3222413063049316 281
1781357311134 1.0698127746582031 282
1781357311139 0.8971168398857117 283
1781357311144 1.281055212020874 284
1781357311149 0.3326053321361542 285
1781357311154 0.5210874080657959 286
1781357311158 1.1290005445480347 287
1781357311163 0.37339654564857483 288
1781357311168 0.7840110063552856 289
1781357311172 1.0171425342559814 290
1781357311178 0.5558969378471375 291
1781357311184 1.299585223197937 292
1781357311189 1.5701074600219727 293
1781357311194 0.945205569267273 294
1781357311199 1.6099554300308228 295
1781357311204 1.2787927389144897 296
1781357311209 1.3493486642837524 297
1781357311214 0.7974133491516113 298
1781357311219 1.2420166730880737 299
1781357311223 0.3766753673553467 300
1781357311229 1.2183659076690674 301
1781357311234 0.7993248105049133 302
1781357311239 0.7204591035842896 303
1781357311246 0.4887940287590027 304
1781357311250 1.0273691415786743 305
1781357311255 0.9231086373329163 306
1781357311261 1.4744924306869507 307
1781357311266 0.7355911135673523 308
1781357311272 0.561693012714386 309
1781357311278 0.5476601719856262 310
1781357311283 0.9659247398376465 311
1781357311287 0.605279803276062 312
1781357311292 1.1429983377456665 313
1781357311297 0.7751661539077759 314
1781357311302 1.1085419654846191 315
1781357311307 0.5237627625465393 316
1781357311313 0.8144589066505432 317
1781357311318 0.5684614777565002 318
1781357311322 0.7309105396270752 319
1781357311328 0.7823489904403687 320
1781357311333 0.6050944924354553 321
1781357311338 0.3187609016895294 322
1781357311343 0.4099113643169403 323
1781357311348 0.48563769459724426 324
1781357311353 0.7093427181243896 325
1781357311360 0.9386195540428162 326
1781357311364 0.7485423684120178 327
1781357311370 0.6829034686088562 328
1781357311376 0.3575610816478729 329
1781357311381 0.6475271582603455 330
1781357311386 1.1238833665847778 331
1781357311392 0.6268612146377563 332
1781357311396 0.5920396447181702 333
1781357311401 0.47868260741233826 334
1781357311407 0.2992286682128906 335
1781357311412 0.688755989074707 336
1781357311416 0.7821592688560486 337
1781357311421 0.5038667917251587 338
1781357311426 0.586653470993042 339
1781357311431 0.8855795860290527 340
1781357311435 0.20743238925933838 341
1781357311441 0.5558280348777771 342
1781357311446 0.49008306860923767 343
1781357311451 0.6925526261329651 344
1781357311456 0.5664471387863159 345
1781357311460 0.5460390448570251 346
1781357311465 0.48312389850616455 347
1781357311470 0.8011174201965332 348
1781357311475 1.3880062103271484 349
1781357311480 0.5596449375152588 350
1781357311485 0.47828084230422974 351
1781357311490 0.9322649240493774 352
1781357311494 0.6787185668945312 353
1781357311500 0.1651630401611328 354
1781357311505 0.46902167797088623 355
1781357311510 0.15442661941051483 356
1781357311515 0.48546302318573 357
1781357311521 1.0978307723999023 358
1781357311526 0.5097551941871643 359
1781357311530 0.6703262329101562 360
1781357311536 0.12259162217378616 361
1781357311541 0.5124831199645996 362
1781357311546 0.39884862303733826 363
1781357311552 0.47839170694351196 364
1781357311556 0.7190346121788025 365
1781357311561 0.3162378966808319 366
1781357311567 0.551957368850708 367
1781357311572 0.4181736707687378 368
1781357311577 0.46272632479667664 369
1781357311582 0.7505238652229309 370
1781357311588 0.35623374581336975 371
1781357311592 0.5818087458610535 372
1781357311597 0.5195015668869019 373
1781357311602 0.387820839881897 374
1781357311607 0.6606629490852356 375
1781357311611 0.32875311374664307 376
1781357311616 0.48349422216415405 377
1781357311621 0.41907644271850586 378
1781357311626 0.5614902377128601 379
1781357311632 0.5263344049453735 380
1781357311637 0.2937101423740387 381
1781357311641 0.23559972643852234 382
1781357311647 0.33611348271369934 383
1781357311651 0.40997186303138733 384
1781357311659 0.45707637071609497 385
1781357311664 0.32428544759750366 386
1781357311669 0.1975988745689392 387
1781357311673 0.3580380976200104 388
1781357311679 0.2547033429145813 389
1781357311684 0.6800026297569275 390
1781357311688 0.3326077461242676 391
1781357311694 0.3217924237251282 392
1781357311699 0.30898892879486084 393
1781357311704 0.7842658162117004 394
1781357311710 0.4878543019294739 395
1781357311715 0.2498658299446106 396
1781357311719 0.23590002954006195 397
1781357311724 0.4803471863269806 398
1781357311729 0.4059377610683441 399
1781357311735 0.2622339427471161 400
1781357311740 0.1687549352645874 401
1781357311745 0.2929794192314148 402
1781357311750 0.20433005690574646 403
1781357311755 0.5781975388526917 404
1781357311760 0.2317749559879303 405
1781357311765 0.3216898441314697 406
1781357311769 0.5098415017127991 407
1781357311776 0.1804092824459076 408
1781357311780 0.3171772360801697 409
1781357311785 0.23733848333358765 410
1781357311790 0.35163652896881104 411
1781357311795 0.48738157749176025 412
1781357311799 0.3505170941352844 413
1781357311804 0.3026212751865387 414
1781357311809 0.22248654067516327 415
1781357311813 0.22814416885375977 416
1781357311818 0.18927901983261108 417
1781357311824 0.29477569460868835 418
1781357311829 0.48669153451919556 419
1781357311833 0.23118528723716736 420
1781357311838 0.23475788533687592 421
1781357311843 0.2446361631155014 422
1781357311848 0.18418508768081665 423
1781357311853 0.33695003390312195 424
1781357311859 0.6262677907943726 425
1781357311863 0.2516613304615021 426
1781357311867 0.18281146883964539 427
1781357311873 0.1864258050918579 428
1781357311877 0.29998794198036194 429
1781357311882 0.32520025968551636 430
1781357311888 0.24237971007823944 431
1781357311893 0.27407902479171753 432
1781357311897 0.22760796546936035 433
1781357311903 0.30377447605133057 434
1781357311908 0.328766793012619 435
1781357311913 0.26668232679367065 436
1781357311918 0.24279791116714478 437
1781357311923 0.11638951301574707 438
1781357311927 0.22922693192958832 439
1781357311932 0.17126573622226715 440
1781357311938 0.26661261916160583 441
1781357311942 0.19835418462753296 442
1781357311947 0.2533525824546814 443
1781357311952 0.2591840922832489 444
1781357311957 0.2451609969139099 445
1781357311962 0.2733895778656006 446
1781357311967 0.20468808710575104 447
1781357311972 0.1530698537826538 448
1781357311976 0.20544061064720154 449
1781357311981 0.23552089929580688 450
1781357311987 0.24528157711029053 451
1781357311992 0.17745956778526306 452
1781357311997 0.12237554788589478 453
1781357312002 0.19346290826797485 454
1781357312007 0.2661862373352051 455
1781357312012 0.2152411937713623 456
1781357312017 0.20218129456043243 457
1781357312022 0.2232634425163269 458
1781357312026 0.182392880320549 459
1781357312033 0.21476775407791138 460
1781357312037 0.192196786403656 461
1781357312042 0.22786322236061096 462
1781357312047 0.19241651892662048 463
1781357312052 0.1126634031534195 464
1781357312057 0.1978132277727127 465
1781357312061 0.23528775572776794 466
1781357312067 0.25694072246551514 467
1781357312072 0.2031932771205902 468
1781357312077 0.18300732970237732 469
1781357312082 0.20750069618225098 470
1781357312086 0.16279853880405426 471
1781357312092 0.18552492558956146 472
1781357312098 0.14026619493961334 473
1781357312102 0.17962771654129028 474
1781357312107 0.10996558517217636 475
1781357312112 0.1925884485244751 476
1781357312117 0.19500109553337097 477
1781357312122 0.17751219868659973 478
1781357312127 0.18794317543506622 479
1781357312132 0.18076801300048828 480
1781357312137 0.15443885326385498 481
1781357312142 0.14854353666305542 482
1781357312147 0.2023838758468628 483
1781357312152 0.18844181299209595 484
1781357312156 0.10341446101665497 485
1781357312162 0.20251117646694183 486
1781357312167 0.16439493000507355 487
1781357312172 0.17974278330802917 488
1781357312177 0.22154147922992706 489
1781357312181 0.1760416477918625 490
1781357312186 0.11835260689258575 491
1781357312193 0.17651796340942383 492
1781357312198 0.1552194356918335 493
1781357312202 0.21048516035079956 494
1781357312208 0.18628764152526855 495
1781357312213 0.13501878082752228 496
1781357312217 0.20465263724327087 497
1781357312223 0.1100129783153534 498
1781357312228 0.11490637063980103 499
1781357312233 0.17784491181373596 500
1781357312239 0.14906379580497742 501
1781357312243 0.21506601572036743 502
1781357312248 0.17011861503124237 503
1781357312253 0.12464914470911026 504
1781357312260 0.1471586376428604 505
1781357312265 0.13719521462917328 506
1781357312270 0.14670109748840332 507
1781357312275 0.13872161507606506 508
1781357312280 0.14593280851840973 509
1781357312284 0.11566999554634094 510
1781357312291 0.1339419186115265 511
1781357312295 0.12002091854810715 512
1781357312300 0.14939184486865997 513
1781357312306 0.1677657961845398 514
1781357312311 0.18939197063446045 515
1781357312315 0.1386408805847168 516
1781357312320 0.17323575913906097 517
1781357312325 0.15382561087608337 518
1781357312330 0.15842461585998535 519
1781357312334 0.25848838686943054 520
1781357312340 0.12048792093992233 521
1781357312344 0.15894871950149536 522
1781357312349 0.16524392366409302 523
1781357312354 0.10612259060144424 524
1781357312360 0.15777373313903809 525
1781357312364 0.12818822264671326 526
1781357312370 0.1363302320241928 527
1781357312374 0.17067185044288635 528
1781357312379 0.11204163730144501 529
1781357312384 0.15035194158554077 530
1781357312389 0.15146276354789734 531
1781357312395 0.12390710413455963 532
1781357312400 0.11411360651254654 533
1781357312405 0.15433457493782043 534
1781357312412 0.10462900996208191 535
1781357312418 0.12734174728393555 536
1781357312422 0.14463722705841064 537
1781357312427 0.18096187710762024 538
1781357312432 0.16301308572292328 539
1781357312437 0.11019231379032135 540
1781357312442 0.12395069748163223 541
1781357312447 0.15530315041542053 542
1781357312452 0.111565500497818 543
1781357312457 0.10741795599460602 544
1781357312461 0.13444244861602783 545
1781357312467 0.12377601116895676 546
1781357312472 0.11194334924221039 547
1781357312476 0.1682150810956955 548
1781357312482 0.17251694202423096 549
1781357312487 0.0934307724237442 550
1781357312491 0.14701935648918152 551
1781357312497 0.12408318370580673 552
1781357312502 0.13016320765018463 553
1781357312507 0.10635988414287567 554
1781357312513 0.1501721441745758 555
1781357312518 0.1524381935596466 556
1781357312523 0.1449321210384369 557
1781357312528 0.16223040223121643 558
1781357312533 0.1182502955198288 559
1781357312537 0.15346089005470276 560
1781357312542 0.14324617385864258 561
1781357312547 0.08602029085159302 562
1781357312551 0.11383388936519623 563
1781357312556 0.10988371074199677 564
1781357312562 0.10417990386486053 565
1781357312567 0.10430584847927094 566
1781357312572 0.11753563582897186 567
1781357312577 0.14875385165214539 568
1781357312582 0.08556179702281952 569
1781357312587 0.08966217935085297 570
1781357312591 0.12193108350038528 571
1781357312596 0.07261237502098083 572
1781357312601 0.12570810317993164 573
1781357312605 0.1248885840177536 574
1781357312611 0.12689954042434692 575
1781357312617 0.0839187353849411 576
1781357312622 0.11052538454532623 577
1781357312627 0.14282609522342682 578
1781357312632 0.1343613713979721 579
1781357312637 0.10695622861385345 580
1781357312642 0.10584165155887604 581
1781357312648 0.09201961010694504 582
1781357312652 0.08602280914783478 583
1781357312657 0.08726027607917786 584
1781357312662 0.14133861660957336 585
1781357312667 0.15800537168979645 586
1781357312673 0.14511626958847046 587
1781357312678 0.11512184143066406 588
1781357312682 0.136521115899086 589
1781357312686 0.12117599695920944 590
1781357312691 0.13679391145706177 591
1781357312696 0.07732179760932922 592
1781357312700 0.12147291004657745 593
1781357312706 0.10685942322015762 594
1781357312711 0.10380752384662628 595
1781357312715 0.12912574410438538 596
1781357312720 0.1667313575744629 597
1781357312725 0.12380703538656235 598
1781357312730 0.12647584080696106 599
1781357312735 0.20732992887496948 600
1781357312740 0.09364742785692215 601
1781357312745 0.16545090079307556 602
1781357312750 0.10165923088788986 603
1781357312756 0.06880588829517365 604
1781357312760 0.09710763394832611 605
1781357312765 0.14594924449920654 606
1781357312770 0.12872785329818726 607
1781357312775 0.12504741549491882 608
1781357312780 0.06543156504631042 609
1781357312785 0.11802713572978973 610
1781357312790 0.1344253271818161 611
1781357312795 0.07181762903928757 612
1781357312799 0.14164887368679047 613
1781357312805 0.12632055580615997 614
1781357312811 0.08928430080413818 615
1781357312816 0.09608633816242218 616
1781357312821 0.0830678939819336 617
1781357312825 0.11149056255817413 618
1781357312830 0.16555127501487732 619
1781357312835 0.07724078744649887 620
1781357312840 0.08746318519115448 621
1781357312844 0.09572465717792511 622
1781357312849 0.1145227700471878 623
1781357312854 0.11951380968093872 624
1781357312859 0.11270211637020111 625
1781357312863 0.12464642524719238 626
1781357312868 0.11547242850065231 627
1781357312873 0.15237125754356384 628
1781357312877 0.09665943682193756 629
1781357312882 0.11408489942550659 630
1781357312888 0.1611240655183792 631
1781357312892 0.07232725620269775 632
1781357312899 0.13569986820220947 633
1781357312904 0.0960504561662674 634
1781357312909 0.12894359230995178 635
1781357312915 0.0957944467663765 636
1781357312920 0.08311895281076431 637
1781357312924 0.09912323951721191 638
1781357312930 0.10349254310131073 639
1781357312935 0.13416287302970886 640
1781357312940 0.10457569360733032 641
1781357312944 0.07744748890399933 642
1781357312950 0.148127481341362 643
1781357312954 0.11345155537128448 644
1781357312959 0.0797334760427475 645
1781357312965 0.08524549007415771 646
1781357312969 0.11014100909233093 647
1781357312974 0.08965681493282318 648
1781357312980 0.12089700996875763 649
1781357312985 0.1266094595193863 650
1781357312989 0.1369301676750183 651
1781357312995 0.069520965218544 652
1781357312999 0.10696969926357269 653
1781357313004 0.09494524449110031 654
1781357313009 0.0894501656293869 655
1781357313014 0.09516105055809021 656
1781357313019 0.1232576072216034 657
1781357313024 0.10554514825344086 658
1781357313029 0.13882075250148773 659
1781357313034 0.08362235873937607 660
1781357313039 0.07588176429271698 661
1781357313044 0.1343756914138794 662
1781357313049 0.09271936118602753 663
1781357313053 0.11318070441484451 664
1781357313059 0.08498615026473999 665
1781357313064 0.10584098100662231 666
1781357313069 0.0874180942773819 667
1781357313075 0.1060633733868599 668
1781357313080 0.13454201817512512 669
1781357313086 0.10108335316181183 670
1781357313093 0.05512634292244911 671
1781357313097 0.10889246314764023 672
1781357313102 0.11982804536819458 673
1781357313108 0.09293374419212341 674
1781357313113 0.08392034471035004 675
1781357313117 0.13498742878437042 676
1781357313122 0.09751690924167633 677
1781357313128 0.0771758109331131 678
1781357313133 0.1546843945980072 679
1781357313139 0.16344989836215973 680
1781357313144 0.05716169625520706 681
1781357313149 0.09789233654737473 682
1781357313155 0.09613249450922012 683
1781357313160 0.09168858081102371 684
1781357313164 0.08692291378974915 685
1781357313169 0.10275665670633316 686
1781357313175 0.10455812513828278 687
1781357313181 0.09208058565855026 688
1781357313185 0.07272729277610779 689
1781357313190 0.07346875220537186 690
1781357313195 0.05637757480144501 691
1781357313200 0.1392640322446823 692
1781357313205 0.0641549825668335 693
1781357313211 0.06902500987052917 694
1781357313216 0.055556077510118484 695
1781357313221 0.1360400915145874 696
1781357313226 0.0579705536365509 697
1781357313231 0.060886792838573456 698
1781357313238 0.05385436862707138 699
1781357313242 0.14302462339401245 700
1781357313247 0.07441802322864532 701
1781357313253 0.06541675329208374 702
1781357313258 0.10406052321195602 703
1781357313263 0.09882709383964539 704
1781357313269 0.1155586987733841 705
1781357313273 0.060759156942367554 706
1781357313278 0.044958941638469696 707
1781357313284 0.07119696587324142 708
1781357313289 0.09614846855401993 709
1781357313293 0.10519295185804367 710
1781357313299 0.06207174062728882 711
1781357313304 0.092503622174263 712
1781357313308 0.0819394588470459 713
1781357313313 0.06270328164100647 714
1781357313319 0.1003735214471817 715
1781357313323 0.05641649663448334 716
1781357313329 0.07837779819965363 717
1781357313334 0.08921726047992706 718
1781357313339 0.04711073637008667 719
1781357313343 0.1315033733844757 720
1781357313349 0.13696452975273132 721
1781357313353 0.08944101631641388 722
1781357313358 0.14473284780979156 723
1781357313363 0.06680704653263092 724
1781357313368 0.08861123025417328 725
1781357313373 0.06290194392204285 726
1781357313377 0.045512955635786057 727
1781357313383 0.0951274186372757 728
1781357313387 0.09606174379587173 729
1781357313392 0.11721623688936234 730
1781357313397 0.05248884856700897 731
1781357313402 0.09468652307987213 732
1781357313406 0.12838977575302124 733
1781357313412 0.054092008620500565 734
1781357313416 0.08674778789281845 735
1781357313421 0.10779213905334473 736
1781357313425 0.044558506458997726 737
1781357313431 0.14062240719795227 738
1781357313435 0.0688544511795044 739
1781357313440 0.047903984785079956 740
1781357313445 0.07704104483127594 741
1781357313450 0.08741645514965057 742
1781357313455 0.1119823157787323 743
1781357313460 0.07267588376998901 744
1781357313466 0.0879138708114624 745
1781357313470 0.10752134770154953 746
1781357313475 0.09905000030994415 747
1781357313481 0.07481927424669266 748
1781357313485 0.07955221831798553 749
1781357313492 0.14236149191856384 750
1781357313496 0.08282631635665894 751
1781357313501 0.10249195992946625 752
1781357313506 0.0831230953335762 753
1781357313512 0.06733503192663193 754
1781357313516 0.062328677624464035 755
1781357313521 0.042559098452329636 756
1781357313526 0.08793137222528458 757
1781357313531 0.0759897232055664 758
1781357313536 0.09240792691707611 759
1781357313541 0.06605041772127151 760
1781357313546 0.13240471482276917 761
1781357313551 0.06253582239151001 762
1781357313557 0.10757820308208466 763
1781357313561 0.06712928414344788 764
1781357313566 0.07615110278129578 765
1781357313571 0.05704501271247864 766
1781357313576 0.06758297979831696 767
1781357313581 0.0413813516497612 768
1781357313586 0.07167430967092514 769
1781357313591 0.06862099468708038 770
1781357313595 0.045768626034259796 771
1781357313600 0.06307009607553482 772
1781357313605 0.10995770990848541 773
1781357313610 0.09487208724021912 774
1781357313615 0.07390563935041428 775
1781357313620 0.07530582696199417 776
1781357313625 0.05451073497533798 777
1781357313629 0.06442403793334961 778
1781357313634 0.06659453362226486 779
1781357313639 0.11147351562976837 780
1781357313643 0.07089672237634659 781
1781357313648 0.05086877942085266 782
1781357313654 0.0920199453830719 783
1781357313658 0.0521150603890419 784
1781357313663 0.06670284271240234 785
1781357313668 0.07386112958192825 786
1781357313673 0.07836353778839111 787
1781357313678 0.07604654133319855 788
1781357313683 0.04081571847200394 789
1781357313687 0.11199937760829926 790
1781357313692 0.08488593250513077 791
1781357313697 0.07818394154310226 792
1781357313702 0.09665282815694809 793
1781357313707 0.06836438179016113 794
1781357313711 0.06629550457000732 795
1781357313717 0.12357839941978455 796
1781357313722 0.055414967238903046 797
1781357313726 0.07323251664638519 798
1781357313732 0.07922074943780899 799
1781357313737 0.04162464290857315 800
1781357313743 0.06250110268592834 801
1781357313748 0.04011360555887222 802
1781357313753 0.0828515812754631 803
1781357313758 0.06034327298402786 804
1781357313763 0.061415091156959534 805
1781357313768 0.05472065508365631 806
1781357313773 0.05791636183857918 807
1781357313777 0.026187509298324585 808
1781357313782 0.09916694462299347 809
1781357313787 0.03750797361135483 810
1781357313792 0.05650259181857109 811
1781357313798 0.0963684692978859 812
1781357313802 0.0450039803981781 813
1781357313807 0.0747159793972969 814
1781357313812 0.06965585052967072 815
1781357313817 0.07210318744182587 816
1781357313822 0.06251226365566254 817
1781357313826 0.08142422139644623 818
1781357313831 0.05981661379337311 819
1781357313836 0.057225801050662994 820
1781357313840 0.07197824865579605 821
1781357313845 0.1196068823337555 822
1781357313850 0.06500260531902313 823
1781357313855 0.07832029461860657 824
1781357313860 0.04565856605768204 825
1781357313865 0.07716596871614456 826
1781357313869 0.06139561906456947 827
1781357313874 0.05338398367166519 828
1781357313879 0.03445162996649742 829
1781357313884 0.053796593099832535 830
1781357313889 0.09051814675331116 831
1781357313894 0.1067221611738205 832
1781357313899 0.09043866395950317 833
1781357313903 0.08970879018306732 834
1781357313909 0.049927689135074615 835
1781357313913 0.10954082012176514 836
1781357313918 0.128390833735466 837
1781357313922 0.08647383749485016 838
1781357313928 0.07196035981178284 839
1781357313933 0.07567477971315384 840
1781357313937 0.09350776672363281 841
1781357313942 0.05184654891490936 842
1781357313947 0.06752270460128784 843
1781357313951 0.13438835740089417 844
1781357313957 0.06404384970664978 845
1781357313961 0.07873040437698364 846
1781357313966 0.05774352699518204 847
1781357313971 0.06293810904026031 848
1781357313976 0.061873018741607666 849
1781357313981 0.03453643620014191 850
1781357313985 0.09751946479082108 851
1781357313991 0.038694385439157486 852
1781357313996 0.06725095957517624 853
1781357314000 0.08353444933891296 854
1781357314006 0.1042550802230835 855
1781357314011 0.09013071656227112 856
1781357314015 0.07061678171157837 857
1781357314020 0.06504631787538528 858
1781357314025 0.062451187521219254 859
1781357314030 0.046799976378679276 860
1781357314034 0.10014842450618744 861
1781357314039 0.04295148700475693 862
1781357314044 0.04541537165641785 863
1781357314048 0.06604508310556412 864
1781357314054 0.04346311837434769 865
1781357314059 0.06466894596815109 866
1781357314063 0.06963024288415909 867
1781357314068 0.10524531453847885 868
1781357314074 0.0807560384273529 869
1781357314078 0.04657972604036331 870
1781357314083 0.058951787650585175 871
1781357314090 0.03329344093799591 872
1781357314094 0.07601212710142136 873
1781357314099 0.06226078420877457 874
1781357314105 0.07888755202293396 875
1781357314109 0.0440090149641037 876
1781357314114 0.12162119895219803 877
1781357314119 0.035342320799827576 878
1781357314124 0.03348169103264809 879
1781357314129 0.09275344759225845 880
1781357314135 0.059365831315517426 881
1781357314140 0.03649862855672836 882
1781357314144 0.08501165360212326 883
1781357314150 0.025555860251188278 884
1781357314154 0.06042589247226715 885
1781357314159 0.09987068176269531 886
1781357314164 0.04665867239236832 887
1781357314169 0.06248261779546738 888
1781357314173 0.09954840689897537 889
1781357314178 0.08223998546600342 890
1781357314183 0.09151459485292435 891
1781357314188 0.038720276206731796 892
1781357314192 0.04186088219285011 893
1781357314197 0.04537337273359299 894
1781357314202 0.1155565083026886 895
1781357314207 0.10612368583679199 896
1781357314212 0.06859854608774185 897
1781357314217 0.03736861050128937 898
1781357314222 0.05284586176276207 899
1781357314226 0.13226240873336792 900
1781357314231 0.0554959662258625 901
1781357314236 0.07011962682008743 902
1781357314242 0.06776466965675354 903
1781357314247 0.05995901674032211 904
1781357314252 0.06432364135980606 905
1781357314257 0.09641844779253006 906
1781357314261 0.09483952075242996 907
1781357314266 0.038534145802259445 908
1781357314271 0.10430236160755157 909
1781357314275 0.051060017198324203 910
1781357314281 0.0366891585290432 911
1781357314286 0.0455985888838768 912
1781357314290 0.039919380098581314 913
1781357314295 0.030852297320961952 914
1781357314300 0.043801285326480865 915
1781357314306 0.0822979211807251 916
1781357314312 0.05307468771934509 917
1781357314317 0.05114138126373291 918
1781357314321 0.09749909490346909 919
1781357314326 0.05127697065472603 920
1781357314330 0.0397992767393589 921
1781357314335 0.04574090242385864 922
1781357314340 0.11505480855703354 923
1781357314345 0.05373732000589371 924
1781357314351 0.11820024251937866 925
1781357314355 0.05723318085074425 926
1781357314361 0.08540956676006317 927
1781357314366 0.057746902108192444 928
1781357314370 0.09406188130378723 929
1781357314375 0.07633208483457565 930
1781357314380 0.04136413335800171 931
1781357314385 0.10112477093935013 932
1781357314390 0.023644592612981796 933
1781357314395 0.10623233020305634 934
1781357314399 0.06256519258022308 935
1781357314404 0.06786397844552994 936
1781357314681 0.054881058633327484 937
1781357314686 0.07239796221256256 938
1781357314690 0.09674075990915298 939
1781357314696 0.06302665919065475 940
1781357314700 0.07749006897211075 941
1781357314705 0.05778472498059273 942
1781357314709 0.09724797308444977 943
1781357314714 0.07943490892648697 944
1781357314719 0.039903804659843445 945
1781357314723 0.053263548761606216 946
1781357314728 0.04851999133825302 947
1781357314733 0.04623056948184967 948
1781357314737 0.05076242983341217 949
1781357314742 0.0632442831993103 950
1781357314747 0.042859792709350586 951
1781357314751 0.0377163328230381 952
1781357314756 0.07487323135137558 953
1781357314761 0.029774880036711693 954
1781357314766 0.0537521094083786 955
1781357314770 0.10378968715667725 956
1781357314775 0.05200659856200218 957
1781357314780 0.04940362274646759 958
1781357314785 0.03343041613698006 959
1781357314790 0.04854223132133484 960
1781357314795 0.05350469797849655 961
1781357314800 0.05112592130899429 962
1781357314804 0.056470707058906555 963
1781357314809 0.03730861097574234 964
1781357314814 0.04833657667040825 965
1781357314818 0.041387416422367096 966
1781357314823 0.10945108532905579 967
1781357314828 0.05100405961275101 968
1781357314834 0.04092162847518921 969
1781357314839 0.08379998803138733 970
1781357314844 0.07949121296405792 971
1781357314848 0.09405456483364105 972
1781357314853 0.0589616596698761 973
1781357314858 0.05469457805156708 974
1781357314863 0.11026947945356369 975
1781357314867 0.07348748296499252 976
1781357314872 0.05528591573238373 977
1781357314877 0.04415157437324524 978
1781357314882 0.07097279280424118 979
1781357314886 0.025386452674865723 980
1781357314891 0.06996767222881317 981
1781357314896 0.1072733998298645 982
1781357314901 0.10002399981021881 983
1781357314906 0.04081094264984131 984
1781357314910 0.04844183474779129 985
1781357314915 0.07932202517986298 986
1781357314920 0.019257081672549248 987
1781357314925 0.04475667327642441 988
1781357314930 0.04279625415802002 989
1781357314935 0.05834037438035011 990
1781357314940 0.054001837968826294 991
1781357314945 0.08623381704092026 992
1781357314949 0.12306837737560272 993
1781357314955 0.05504912883043289 994
1781357314960 0.06305685639381409 995
1781357314965 0.054212767630815506 996
1781357314971 0.04026392847299576 997
1781357314976 0.07384426146745682 998
1781357314981 0.05369691550731659 999
1781357314987 0.018877170979976654 1000
1781357314992 0.06695150583982468 1001
1781357314996 0.09448745846748352 1002
1781357315002 0.05653603374958038 1003
1781357315006 0.037008628249168396 1004
1781357315011 0.03708098083734512 1005
1781357315016 0.06485800445079803 1006
1781357315021 0.08968038856983185 1007
1781357315026 0.06415651738643646 1008
1781357315032 0.0623081773519516 1009
1781357315038 0.030449016019701958 1010
1781357315043 0.04369713366031647 1011
1781357315049 0.07573328167200089 1012
1781357315055 0.0571964792907238 1013
1781357315060 0.11064913868904114 1014
1781357315066 0.06647457927465439 1015
1781357315072 0.08507725596427917 1016
1781357315078 0.06683633476495743 1017
1781357315084 0.0750504583120346 1018
1781357315088 0.07805174589157104 1019
1781357315093 0.03193951025605202 1020
1781357315098 0.04725128412246704 1021
1781357315102 0.05830901861190796 1022
1781357315107 0.11512929201126099 1023
1781357315112 0.04867139458656311 1024
1781357315117 0.05753304809331894 1025
1781357315122 0.04603210464119911 1026
1781357315128 0.05758064240217209 1027
1781357315133 0.029717937111854553 1028
1781357315138 0.09488596767187119 1029
1781357315142 0.06312190741300583 1030
1781357315147 0.06212744861841202 1031
1781357315153 0.06694868206977844 1032
1781357315158 0.05120058357715607 1033
1781357315164 0.08285294473171234 1034
1781357315168 0.06640903651714325 1035
1781357315173 0.0408206582069397 1036
1781357315179 0.034828461706638336 1037
1781357315184 0.04856901615858078 1038
1781357315188 0.06308617442846298 1039
1781357315193 0.0372537299990654 1040
1781357315198 0.058050453662872314 1041
1781357315203 0.022106099873781204 1042
1781357315208 0.08426032960414886 1043
1781357315213 0.11030922830104828 1044
1781357315218 0.058067891746759415 1045
1781357315224 0.03522498905658722 1046
1781357315229 0.04134032875299454 1047
1781357315235 0.05670291557908058 1048
1781357315242 0.04038776457309723 1049
1781357315248 0.05552902817726135 1050
1781357315254 0.033143773674964905 1051
1781357315259 0.04545075073838234 1052
1781357315265 0.05865268036723137 1053
1781357315270 0.05597938969731331 1054
1781357315276 0.08997583389282227 1055
1781357315280 0.038362301886081696 1056
1781357315286 0.08214008808135986 1057
1781357315292 0.06930747628211975 1058
1781357315298 0.07491203397512436 1059
1781357315304 0.058175913989543915 1060
1781357315310 0.06658460199832916 1061
1781357315315 0.05522030219435692 1062
1781357315323 0.09134861826896667 1063
1781357315328 0.06851735711097717 1064
1781357315334 0.06533673405647278 1065
1781357315340 0.13659191131591797 1066
1781357315346 0.057483602315187454 1067
1781357315352 0.06824016571044922 1068
1781357315358 0.04905286803841591 1069
1781357315363 0.05259917676448822 1070
1781357315371 0.08327635377645493 1071
1781357315378 0.06510599702596664 1072
1781357315383 0.09226053208112717 1073
1781357315388 0.07991808652877808 1074
1781357315392 0.08287159353494644 1075
1781357315398 0.0752178505063057 1076
1781357315405 0.045386672019958496 1077
1781357315410 0.0834459662437439 1078
1781357315416 0.03943825140595436 1079
1781357315422 0.061743684113025665 1080
1781357315428 0.0791819617152214 1081
1781357315433 0.04297294467687607 1082
1781357315439 0.059946682304143906 1083
1781357315445 0.03444628790020943 1084
1781357315452 0.05485028773546219 1085
1781357315457 0.1364724487066269 1086
1781357315462 0.08775653690099716 1087
1781357315471 0.020423639565706253 1088
1781357315478 0.06592444330453873 1089
1781357315485 0.08362554013729095 1090
1781357315490 0.054292112588882446 1091
1781357315495 0.06296367943286896 1092
1781357315500 0.04994890093803406 1093
1781357315505 0.05456455796957016 1094
1781357315511 0.11395178735256195 1095
1781357315516 0.05307632312178612 1096
1781357315522 0.026886124163866043 1097
1781357315527 0.039657991379499435 1098
1781357315533 0.07440455257892609 1099
1781357315539 0.0431053526699543 1100
1781357315544 0.06480710953474045 1101
1781357315552 0.024187438189983368 1102
1781357315558 0.12852567434310913 1103
1781357315564 0.12310323864221573 1104
1781357315569 0.06960011273622513 1105
1781357315573 0.03854626044631004 1106
1781357315578 0.060908667743206024 1107
1781357315584 0.04614397883415222 1108
1781357315589 0.025532951578497887 1109
1781357315595 0.034077394753694534 1110
1781357315601 0.03377386927604675 1111
1781357315606 0.06850136816501617 1112
1781357315613 0.095007985830307 1113
1781357315618 0.08125705271959305 1114
1781357315622 0.08423483371734619 1115
1781357315628 0.08421333134174347 1116
1781357315632 0.046087078750133514 1117
1781357315637 0.039023518562316895 1118
1781357315644 0.09971323609352112 1119
1781357315649 0.05013001337647438 1120
1781357315653 0.04713263362646103 1121
1781357315659 0.11236635595560074 1122
1781357315665 0.02683451399207115 1123
1781357315669 0.05625072494149208 1124
1781357315674 0.028115950524806976 1125
1781357315679 0.07477866113185883 1126
1781357315683 0.09474727511405945 1127
1781357315688 0.0656980350613594 1128
1781357315693 0.053469814360141754 1129
1781357315699 0.056325964629650116 1130
1781357315703 0.032817959785461426 1131
1781357315709 0.09669697284698486 1132
1781357315713 0.07806213200092316 1133
1781357315718 0.04438335448503494 1134
1781357315723 0.04537287354469299 1135
1781357315728 0.025792298838496208 1136
1781357315733 0.04197683557868004 1137
1781357315738 0.08355925977230072 1138
1781357315743 0.04914356395602226 1139
1781357315748 0.08265721052885056 1140
1781357315752 0.02969842031598091 1141
1781357315758 0.055452462285757065 1142
1781357315764 0.06432733684778214 1143
1781357315768 0.03809357061982155 1144
1781357315773 0.029469914734363556 1145
1781357315778 0.07747060805559158 1146
1781357315782 0.07184372842311859 1147
1781357315788 0.08687890321016312 1148
1781357315793 0.14021088182926178 1149
1781357315797 0.05303845554590225 1150
1781357315802 0.11573358625173569 1151
1781357315807 0.04398499056696892 1152
1781357315811 0.04141418635845184 1153
1781357315816 0.02326313778758049 1154
1781357315821 0.05167698487639427 1155
1781357315826 0.03823181241750717 1156
1781357315830 0.04271315783262253 1157
1781357315835 0.028876470401883125 1158
1781357315840 0.05168423801660538 1159
1781357315845 0.038466088473796844 1160
1781357315851 0.024641454219818115 1161
1781357315856 0.04433397948741913 1162
1781357315861 0.029426410794258118 1163
1781357315865 0.02995344251394272 1164
1781357315870 0.031185753643512726 1165
1781357315874 0.027455618605017662 1166
1781357315879 0.08709369599819183 1167
1781357315885 0.057045646011829376 1168
1781357315890 0.04034652188420296 1169
1781357315895 0.0954451784491539 1170
1781357315900 0.07468172907829285 1171
1781357315905 0.018980547785758972 1172
1781357315910 0.036560799926519394 1173
1781357315915 0.07668966054916382 1174
1781357315920 0.02613530121743679 1175
1781357315924 0.04848405346274376 1176
1781357315930 0.02422105334699154 1177
1781357315935 0.03158747777342796 1178
1781357315940 0.1281910240650177 1179
1781357315945 0.10856509953737259 1180
1781357315950 0.0498654730618 1181
1781357315955 0.12976209819316864 1182
1781357315959 0.13015256822109222 1183
1781357315964 0.04587307199835777 1184
1781357315968 0.11202910542488098 1185
1781357315973 0.054799385368824005 1186
1781357315978 0.055309463292360306 1187
1781357315983 0.01653105951845646 1188
1781357315988 0.09662802517414093 1189
1781357315992 0.07640138268470764 1190
1781357315998 0.07312281429767609 1191
1781357316002 0.15344804525375366 1192
1781357316007 0.07580801844596863 1193
1781357316012 0.07666761428117752 1194
1781357316017 0.05842911824584007 1195
1781357316022 0.0498012937605381 1196
1781357316027 0.04030202701687813 1197
1781357316032 0.08010797202587128 1198
1781357316038 0.04791318252682686 1199
1781357316045 0.02168608456850052 1200
1781357316050 0.027520369738340378 1201
1781357316054 0.056997209787368774 1202
1781357316060 0.03616158664226532 1203
1781357316064 0.02987074851989746 1204
1781357316069 0.04841219633817673 1205
1781357316076 0.07280170917510986 1206
1781357316081 0.036576323211193085 1207
1781357316085 0.020851463079452515 1208
1781357316091 0.05938318744301796 1209
1781357316096 0.013803811743855476 1210
1781357316101 0.059890665113925934 1211
1781357316105 0.03147698938846588 1212
1781357316110 0.028732173144817352 1213
1781357316115 0.02018139138817787 1214
1781357316120 0.05717012286186218 1215
1781357316125 0.04116426408290863 1216
1781357316130 0.034933894872665405 1217
1781357316134 0.036260996013879776 1218
1781357316139 0.08562413603067398 1219
1781357316144 0.032408300787210464 1220
1781357316149 0.08969669789075851 1221
1781357316153 0.061149146407842636 1222
1781357316159 0.028484947979450226 1223
1781357316163 0.06093855947256088 1224
1781357316168 0.04010632634162903 1225
1781357316173 0.031117897480726242 1226
1781357316177 0.09361471235752106 1227
1781357316182 0.03621275722980499 1228
1781357316186 0.026690157130360603 1229
1781357316192 0.029370123520493507 1230
1781357316196 0.030791863799095154 1231
1781357316200 0.1159062534570694 1232
1781357316205 0.027663778513669968 1233
1781357316210 0.03603995963931084 1234
1781357316214 0.07350295037031174 1235
1781357316219 0.08067253977060318 1236
1781357316224 0.04622500389814377 1237
1781357316229 0.15076640248298645 1238
1781357316233 0.05116371065378189 1239
1781357316238 0.059564270079135895 1240
1781357316243 0.017960427328944206 1241
1781357316248 0.04706503823399544 1242
1781357316252 0.06912535429000854 1243
1781357316257 0.09078219532966614 1244
1781357316262 0.056686677038669586 1245
1781357316267 0.10662864148616791 1246
1781357316272 0.09776845574378967 1247
1781357316277 0.11894111335277557 1248
1781357316282 0.09800872951745987 1249
1781357316287 0.03840220719575882 1250
1781357316292 0.04157979041337967 1251
1781357316296 0.038614045828580856 1252
1781357316301 0.061488330364227295 1253
1781357316306 0.03958604484796524 1254
1781357316310 0.03379318490624428 1255
1781357316316 0.04671688377857208 1256
1781357316321 0.07293057441711426 1257
1781357316325 0.05734343081712723 1258
1781357316330 0.09239675849676132 1259
1781357316335 0.04173094034194946 1260
1781357316340 0.06594473868608475 1261
1781357316344 0.04700837284326553 1262
1781357316349 0.017690161243081093 1263
1781357316354 0.06677834689617157 1264
1781357316359 0.03727060183882713 1265
1781357316365 0.10012051463127136 1266
1781357316370 0.08557091653347015 1267
1781357316375 0.04037358611822128 1268
1781357316381 0.1299206018447876 1269
1781357316386 0.07198220491409302 1270
1781357316392 0.030901338905096054 1271
1781357316397 0.05893198028206825 1272
1781357316403 0.1059364527463913 1273
1781357316408 0.03844604641199112 1274
1781357316413 0.1267269253730774 1275
1781357316417 0.029612485319375992 1276
1781357316422 0.027000434696674347 1277
1781357316428 0.04525841027498245 1278
1781357316433 0.0407974049448967 1279
1781357316438 0.03897510841488838 1280
1781357316442 0.028088316321372986 1281
1781357316447 0.06033916026353836 1282
1781357316451 0.01930215395987034 1283
1781357316456 0.04393424838781357 1284
1781357316460 0.14502683281898499 1285
1781357316465 0.04371378570795059 1286
1781357316470 0.06713100522756577 1287
1781357316474 0.07433546334505081 1288
1781357316481 0.031966324895620346 1289
1781357316486 0.04641588404774666 1290
1781357316490 0.07081349939107895 1291
1781357316495 0.11587715893983841 1292
1781357316501 0.07316308468580246 1293
1781357316505 0.07173918932676315 1294
1781357316510 0.042314767837524414 1295
1781357316515 0.07150604575872421 1296
1781357316519 0.04132342338562012 1297
1781357316525 0.021275628358125687 1298
1781357316530 0.1503768414258957 1299
1781357316534 0.04940493404865265 1300
1781357316541 0.03227768465876579 1301
1781357316546 0.025297245010733604 1302
1781357316551 0.09612981975078583 1303
1781357316556 0.028727984055876732 1304
1781357316561 0.07613097876310349 1305
1781357316566 0.0211142860352993 1306
1781357316571 0.05585730820894241 1307
1781357316576 0.051681824028491974 1308
1781357316581 0.055040016770362854 1309
1781357316586 0.15882804989814758 1310
1781357316591 0.06481318920850754 1311
1781357316596 0.03252468258142471 1312
1781357316601 0.06455175578594208 1313
1781357316606 0.06754754483699799 1314
1781357316610 0.041986290365457535 1315
1781357316615 0.05102800577878952 1316
1781357316619 0.04137471318244934 1317
1781357316625 0.029998183250427246 1318
1781357316629 0.04033394530415535 1319
1781357316634 0.08392450958490372 1320
1781357316638 0.030399054288864136 1321
1781357316642 0.05853061378002167 1322
1781357316647 0.024891477078199387 1323
1781357316651 0.062033504247665405 1324
1781357316656 0.06293068826198578 1325
1781357316661 0.08563501387834549 1326
1781357316665 0.03819825500249863 1327
1781357316671 0.08935361355543137 1328
1781357316675 0.054924674332141876 1329
1781357316680 0.033902738243341446 1330
1781357316685 0.05472970008850098 1331
1781357316690 0.07269266247749329 1332
1781357316694 0.07709331810474396 1333
1781357316699 0.07164278626441956 1334
1781357316704 0.09606494009494781 1335
1781357316709 0.15885373950004578 1336
1781357316714 0.050547871738672256 1337
1781357316719 0.05665489286184311 1338
1781357316724 0.036791302263736725 1339
1781357316728 0.019390391185879707 1340
1781357316733 0.13619795441627502 1341
1781357316737 0.026706859469413757 1342
1781357316742 0.08260348439216614 1343
1781357316746 0.032221172004938126 1344
1781357316752 0.02397458627820015 1345
1781357316757 0.039236005395650864 1346
1781357316761 0.023541521281003952 1347
1781357316766 0.07563115656375885 1348
1781357316772 0.07943806052207947 1349
1781357316776 0.040902577340602875 1350
1781357316782 0.03219671919941902 1351
1781357316787 0.03128422051668167 1352
1781357316791 0.09387658536434174 1353
1781357316797 0.13266944885253906 1354
1781357316802 0.02488058991730213 1355
1781357316808 0.04214382544159889 1356
1781357316815 0.0833074226975441 1357
1781357316820 0.03868934139609337 1358
1781357316824 0.039992526173591614 1359
1781357316830 0.024957340210676193 1360
1781357316835 0.05999942496418953 1361
1781357316839 0.11527718603610992 1362
1781357316845 0.029545249417424202 1363
1781357316852 0.051328033208847046 1364
1781357316856 0.07323282957077026 1365
1781357316862 0.033944521099328995 1366
1781357316867 0.03784286230802536 1367
1781357316873 0.09485790133476257 1368
1781357316879 0.06816457211971283 1369
1781357316883 0.09237353503704071 1370
1781357316888 0.06793804466724396 1371
1781357316893 0.029089458286762238 1372
1781357316898 0.03046516515314579 1373
1781357316902 0.048600029200315475 1374
1781357316907 0.1210252195596695 1375
1781357316913 0.08951682597398758 1376
1781357316917 0.0609884038567543 1377
1781357316922 0.05252213776111603 1378
1781357316926 0.05634777247905731 1379
1781357316931 0.02079269103705883 1380
1781357316936 0.042811568826436996 1381
1781357316940 0.0594375804066658 1382
1781357316945 0.025901447981595993 1383
1781357316950 0.040099136531353 1384
1781357316955 0.06849469244480133 1385
1781357316960 0.041881538927555084 1386
1781357316965 0.04874115437269211 1387
1781357316969 0.07123851776123047 1388
1781357316975 0.037132177501916885 1389
1781357316980 0.054730676114559174 1390
1781357316985 0.0305174607783556 1391
1781357316991 0.05671028047800064 1392
1781357316995 0.03894812613725662 1393
1781357317000 0.1098833829164505 1394
1781357317004 0.07298451662063599 1395
1781357317010 0.04318399727344513 1396
1781357317015 0.07520958036184311 1397
1781357317021 0.05084299296140671 1398
1781357317026 0.0818716362118721 1399
1781357317030 0.047477297484874725 1400
1781357317035 0.013218954205513 1401
1781357317042 0.06305055320262909 1402
1781357317047 0.07608182728290558 1403
1781357317051 0.039872296154499054 1404
1781357317057 0.10447116941213608 1405
1781357317062 0.03775372728705406 1406
1781357317066 0.017852257937192917 1407
1781357317072 0.061617448925971985 1408
1781357317076 0.09310847520828247 1409
1781357317081 0.09175519645214081 1410
1781357317086 0.06325560808181763 1411
1781357317091 0.02999536693096161 1412
1781357317095 0.04473667964339256 1413
1781357317100 0.08881056308746338 1414
1781357317106 0.05494144186377525 1415
1781357317111 0.04195898771286011 1416
1781357317115 0.09100364148616791 1417
1781357317121 0.05030099302530289 1418
1781357317125 0.03754091262817383 1419
1781357317130 0.01588619314134121 1420
1781357317135 0.07827385514974594 1421
1781357317140 0.08390932530164719 1422
1781357317144 0.04777569696307182 1423
1781357317149 0.020788799971342087 1424
1781357317154 0.031057726591825485 1425
1781357317159 0.042284172028303146 1426
1781357317165 0.03800256922841072 1427
1781357317170 0.015544245950877666 1428
1781357317175 0.0718914046883583 1429
1781357317180 0.08283479511737823 1430
1781357317185 0.12786346673965454 1431
1781357317190 0.06707719713449478 1432
1781357317195 0.05280207097530365 1433
1781357317200 0.066665418446064 1434
1781357317205 0.05405905842781067 1435
1781357317210 0.06157051771879196 1436
1781357317215 0.10516099631786346 1437
1781357317219 0.06903926283121109 1438
1781357317224 0.05262892320752144 1439
1781357317230 0.06233184039592743 1440
1781357317235 0.08089082688093185 1441
1781357317239 0.046234019100666046 1442
1781357317244 0.028648242354393005 1443
1781357317250 0.019449494779109955 1444
1781357317255 0.0678277313709259 1445
1781357317260 0.06573440879583359 1446
1781357317265 0.024200430139899254 1447
1781357317270 0.09891670197248459 1448
1781357317275 0.13480478525161743 1449
1781357317280 0.02426622435450554 1450
1781357317285 0.03408097103238106 1451
1781357317290 0.05536438897252083 1452
1781357317294 0.02757568284869194 1453
1781357317300 0.042536716908216476 1454
1781357317304 0.16324719786643982 1455
1781357317309 0.03027956187725067 1456
1781357317315 0.07875914871692657 1457
1781357317320 0.03559460490942001 1458
1781357317324 0.04982730746269226 1459
1781357317329 0.049083415418863297 1460
1781357317334 0.023955723270773888 1461
1781357317339 0.0305566918104887 1462
1781357317344 0.056492891162633896 1463
1781357317349 0.046080537140369415 1464
1781357317353 0.0763251781463623 1465
1781357317359 0.049829766154289246 1466
1781357317364 0.047435738146305084 1467
1781357317369 0.041611164808273315 1468
1781357317374 0.02416984550654888 1469
1781357317379 0.06483288109302521 1470
1781357317384 0.037723444402217865 1471
1781357317389 0.0394255667924881 1472
1781357317394 0.11766061186790466 1473
1781357317399 0.1312379688024521 1474
1781357317404 0.02578001283109188 1475
1781357317408 0.0238486360758543 1476
1781357317413 0.016124220564961433 1477
1781357317417 0.09084469825029373 1478
1781357317423 0.09786763787269592 1479
1781357317428 0.02502160705626011 1480
1781357317432 0.05349867418408394 1481
1781357317437 0.03856481984257698 1482
1781357317443 0.04544346034526825 1483
1781357317447 0.04727371782064438 1484
1781357317452 0.099195696413517 1485
1781357317457 0.03718269243836403 1486
1781357317462 0.04047299548983574 1487
1781357317467 0.0295502170920372 1488
1781357317472 0.031613800674676895 1489
1781357317477 0.047695308923721313 1490
1781357317481 0.06398776173591614 1491
1781357317486 0.045749910175800323 1492
1781357317491 0.009251528419554234 1493
1781357317495 0.06332187354564667 1494
1781357317500 0.14953987300395966 1495
1781357317505 0.03995969891548157 1496
1781357317509 0.048960089683532715 1497
1781357317514 0.027137331664562225 1498
1781357317519 0.03413037583231926 1499
1781357317524 0.07309524714946747 1500
1781357317528 0.01933462917804718 1501
1781357317533 0.053507544100284576 1502
1781357317538 0.05758321285247803 1503
1781357317543 0.0541987344622612 1504
1781357317548 0.07175514847040176 1505
1781357317554 0.10120382159948349 1506
1781357317559 0.05063747614622116 1507
1781357317563 0.07250954210758209 1508
1781357317570 0.08526027202606201 1509
1781357317575 0.13287492096424103 1510
1781357317581 0.042022109031677246 1511
1781357317586 0.06684524565935135 1512
1781357317591 0.029079986736178398 1513
1781357317595 0.07181370258331299 1514
1781357317600 0.04486661031842232 1515
1781357317605 0.05520128086209297 1516
1781357317610 0.020961137488484383 1517
1781357317614 0.06729650497436523 1518
1781357317620 0.048088572919368744 1519
1781357317624 0.073792465031147 1520
1781357317629 0.04309098422527313 1521
1781357317634 0.026307087391614914 1522
1781357317638 0.11894053965806961 1523
1781357317643 0.08197502791881561 1524
1781357317649 0.08120354264974594 1525
1781357317654 0.04052376747131348 1526
1781357317658 0.09336075186729431 1527
1781357317663 0.08506385236978531 1528
1781357317668 0.0204821415245533 1529
1781357317673 0.0512249656021595 1530
1781357317677 0.03397625684738159 1531
1781357317683 0.0473410040140152 1532
1781357317688 0.021810412406921387 1533
1781357317693 0.03969764709472656 1534
1781357317698 0.05425556004047394 1535
1781357317702 0.046771492809057236 1536
1781357317707 0.06536179780960083 1537
1781357317712 0.06541301310062408 1538
1781357317717 0.09617157280445099 1539
1781357317721 0.044594645500183105 1540
1781357317726 0.08162583410739899 1541
1781357317731 0.05255621671676636 1542
1781357317736 0.027382539585232735 1543
1781357317741 0.041691094636917114 1544
1781357317746 0.057576462626457214 1545
1781357317751 0.05175855755805969 1546
1781357317756 0.07140158861875534 1547
1781357317761 0.03987758606672287 1548
1781357317766 0.07706110179424286 1549
1781357317770 0.05701043829321861 1550
1781357317775 0.07324641197919846 1551
1781357317780 0.09702170640230179 1552
1781357317785 0.09299411624670029 1553
1781357317789 0.08664914220571518 1554
1781357317794 0.061219509690999985 1555
1781357317799 0.020756756886839867 1556
1781357317804 0.07613976299762726 1557
1781357317810 0.07226832211017609 1558
1781357317814 0.07916563749313354 1559
1781357317819 0.032706357538700104 1560
1781357317824 0.05002900958061218 1561
1781357317829 0.043096356093883514 1562
1781357317834 0.017968764528632164 1563
1781357317840 0.09392516314983368 1564
1781357317845 0.029651189222931862 1565
1781357317849 0.05244634300470352 1566
1781357317854 0.07755081355571747 1567
1781357317859 0.05806791037321091 1568
1781357317864 0.03888201713562012 1569
1781357317868 0.055078066885471344 1570
1781357317873 0.03987560421228409 1571
1781357317878 0.06015622615814209 1572
1781357317882 0.0959007740020752 1573
1781357317887 0.0646371990442276 1574
1781357317892 0.0449703149497509 1575
1781357317896 0.08047758042812347 1576
1781357317901 0.088205486536026 1577
1781357317906 0.06502433121204376 1578
1781357317911 0.054184556007385254 1579
1781357317916 0.04951557517051697 1580
1781357317921 0.051719557493925095 1581
1781357317926 0.10635104030370712 1582
1781357317931 0.058520350605249405 1583
1781357317936 0.1216496005654335 1584
1781357317941 0.07011491805315018 1585
1781357317946 0.08435406535863876 1586
1781357317950 0.033153656870126724 1587
1781357317955 0.06833385676145554 1588
1781357317960 0.049910128116607666 1589
1781357317964 0.02710849791765213 1590
1781357317971 0.08854633569717407 1591
1781357317975 0.05848482996225357 1592
1781357317980 0.07932515442371368 1593
1781357317984 0.019922500476241112 1594
1781357317989 0.04304352030158043 1595
1781357317994 0.024489695206284523 1596
1781357317999 0.03942697495222092 1597
1781357318004 0.03940999507904053 1598
1781357318009 0.04852902889251709 1599
1781357318014 0.023968564346432686 1600
1781357318019 0.0478782020509243 1601
1781357318024 0.05112340673804283 1602
1781357318029 0.06932830065488815 1603
1781357318035 0.10272642970085144 1604
1781357318040 0.05282308906316757 1605
1781357318044 0.04192877560853958 1606
1781357318050 0.03213728964328766 1607
1781357318057 0.07097678631544113 1608
1781357318061 0.06550473719835281 1609
1781357318067 0.049884192645549774 1610
1781357318072 0.029133113101124763 1611
1781357318077 0.020415063947439194 1612
1781357318082 0.10686582326889038 1613
1781357318087 0.03558356314897537 1614
1781357318092 0.013488459400832653 1615
1781357318097 0.022075194865465164 1616
1781357318102 0.03396764025092125 1617
1781357318106 0.04435459524393082 1618
1781357318111 0.0437699630856514 1619
1781357318117 0.04330582171678543 1620
1781357318121 0.06364934891462326 1621
1781357318126 0.07671109586954117 1622
1781357318132 0.04734662547707558 1623
1781357318136 0.07111154496669769 1624
1781357318141 0.06473391503095627 1625
1781357318147 0.08904867619276047 1626
1781357318151 0.05796671658754349 1627
1781357318156 0.08573279529809952 1628
1781357318161 0.06662879884243011 1629
1781357318166 0.1417044699192047 1630
1781357318171 0.03292497619986534 1631
1781357318176 0.08733436465263367 1632
1781357318180 0.06370844691991806 1633
1781357318185 0.1063571572303772 1634
1781357318190 0.04129364714026451 1635
1781357318195 0.05126350745558739 1636
1781357318200 0.046808402985334396 1637
1781357318205 0.05338039994239807 1638
1781357318210 0.08585403859615326 1639
1781357318215 0.044697102159261703 1640
1781357318220 0.04030719771981239 1641
1781357318224 0.025306470692157745 1642
1781357318229 0.07838065922260284 1643
1781357318234 0.0739196240901947 1644
1781357318238 0.034498486667871475 1645
1781357318245 0.09097462892532349 1646
1781357318250 0.07368257641792297 1647
1781357318255 0.02832149714231491 1648
1781357318260 0.04830498248338699 1649
1781357318265 0.04004264995455742 1650
1781357318270 0.061458151787519455 1651
1781357318274 0.028015999123454094 1652
1781357318280 0.0979318767786026 1653
1781357318286 0.04002276062965393 1654
1781357318292 0.06891518086194992 1655
1781357318297 0.10100940614938736 1656
1781357318302 0.026141516864299774 1657
1781357318307 0.08674536645412445 1658
1781357318312 0.036558106541633606 1659
1781357318316 0.0537901371717453 1660
1781357318321 0.03270204737782478 1661
1781357318326 0.04847933351993561 1662
1781357318331 0.05117109417915344 1663
1781357318336 0.06760556995868683 1664
1781357318341 0.03572084754705429 1665
1781357318346 0.07963347434997559 1666
1781357318350 0.055379629135131836 1667
1781357318356 0.06244580075144768 1668
1781357318361 0.12130352109670639 1669
1781357318366 0.12482339143753052 1670
1781357318372 0.06431616097688675 1671
1781357318377 0.057050324976444244 1672
1781357318381 0.08452518284320831 1673
1781357318386 0.0465879812836647 1674
1781357318391 0.05313597619533539 1675
1781357318397 0.09128597378730774 1676
1781357318402 0.062374748289585114 1677
1781357318407 0.03687947615981102 1678
1781357318412 0.10474443435668945 1679
1781357318417 0.07854856550693512 1680
1781357318422 0.02455323003232479 1681
1781357318427 0.1724659502506256 1682
1781357318432 0.06482112407684326 1683
1781357318437 0.043498970568180084 1684
1781357318442 0.09104546904563904 1685
1781357318447 0.027631381526589394 1686
1781357318452 0.04995867982506752 1687
1781357318457 0.09999636560678482 1688
1781357318461 0.0624636746942997 1689
1781357318466 0.052655357867479324 1690
1781357318470 0.04949582368135452 1691
1781357318475 0.018241863697767258 1692
1781357318479 0.05775735527276993 1693
1781357318485 0.04273001104593277 1694
1781357318489 0.04812481254339218 1695
1781357318494 0.050798699259757996 1696
1781357318500 0.04227372631430626 1697
1781357318505 0.21043334901332855 1698
1781357318509 0.14357204735279083 1699
1781357318514 0.05328752100467682 1700
1781357318519 0.04112415015697479 1701
1781357318524 0.09516441076993942 1702
1781357318529 0.07612594962120056 1703
1781357318534 0.034864380955696106 1704
1781357318539 0.04088933765888214 1705
1781357318543 0.0739247053861618 1706
1781357318549 0.03454722464084625 1707
1781357318554 0.037720371037721634 1708
1781357318560 0.08385153114795685 1709
1781357318566 0.062447383999824524 1710
1781357318571 0.052326664328575134 1711
1781357318575 0.0370943583548069 1712
1781357318580 0.04027719050645828 1713
1781357318585 0.1202210858464241 1714
1781357318589 0.0753403902053833 1715
1781357318594 0.03649153187870979 1716
1781357318599 0.04493434354662895 1717
1781357318604 0.03795243054628372 1718
1781357318609 0.05617307871580124 1719
1781357318614 0.06772606074810028 1720
1781357318619 0.03682075813412666 1721
1781357318623 0.0489797368645668 1722
1781357318629 0.0971076637506485 1723
1781357318634 0.022031299769878387 1724
1781357318639 0.038172103464603424 1725
1781357318645 0.11247725039720535 1726
1781357318650 0.06958785653114319 1727
1781357318654 0.05938384309411049 1728
1781357318659 0.07840447872877121 1729
1781357318664 0.08165256679058075 1730
1781357318668 0.13217441737651825 1731
1781357318672 0.05596257746219635 1732
1781357318678 0.07213414460420609 1733
1781357318683 0.051025763154029846 1734
1781357318688 0.1026807501912117 1735
1781357318693 0.0729130432009697 1736
1781357318698 0.042822111397981644 1737
1781357318702 0.09730049967765808 1738
1781357318708 0.06088164448738098 1739
1781357318712 0.09888263791799545 1740
1781357318717 0.03167814761400223 1741
1781357318722 0.1239243745803833 1742
1781357318727 0.0601700022816658 1743
1781357318732 0.12100644409656525 1744
1781357318737 0.07667943835258484 1745
1781357318742 0.09077473729848862 1746
1781357318747 0.09528791904449463 1747
1781357318751 0.12040464580059052 1748
1781357318756 0.03326661139726639 1749
1781357318760 0.0922134518623352 1750
1781357318765 0.036693036556243896 1751
1781357318769 0.05148398131132126 1752
1781357318775 0.02691361866891384 1753
1781357318779 0.08967621624469757 1754
1781357318784 0.06772536039352417 1755
1781357318790 0.08552093803882599 1756
1781357318795 0.053679458796978 1757
1781357318799 0.08982864767313004 1758
1781357318804 0.04647894203662872 1759
1781357318809 0.04299389570951462 1760
1781357318814 0.024825554341077805 1761
1781357318819 0.0330887995660305 1762
1781357318824 0.03905881196260452 1763
1781357318828 0.0734851211309433 1764
1781357318833 0.0637819766998291 1765
1781357318839 0.0681215450167656 1766
1781357318844 0.02484557218849659 1767
1781357318848 0.07523372769355774 1768
1781357318853 0.08518154174089432 1769
1781357318859 0.0773526132106781 1770
1781357318864 0.11542274057865143 1771
1781357318869 0.06108417361974716 1772
1781357318874 0.12584616243839264 1773
1781357318878 0.09886349737644196 1774
1781357318883 0.09861854463815689 1775
1781357318889 0.05539911240339279 1776
1781357318894 0.12586869299411774 1777
1781357318900 0.12906552851200104 1778
1781357318905 0.11699418723583221 1779
1781357318910 0.1062796339392662 1780
1781357318915 0.08346476405858994 1781
1781357318920 0.09768516570329666 1782
1781357318925 0.03187976032495499 1783
1781357318930 0.10414909571409225 1784
1781357318935 0.13939860463142395 1785
1781357318940 0.05424095317721367 1786
1781357318945 0.03844089061021805 1787
1781357318950 0.09671486914157867 1788
1781357318955 0.010338298976421356 1789
1781357318960 0.03923874348402023 1790
1781357318965 0.06444575637578964 1791
1781357318970 0.05933977663516998 1792
1781357318975 0.17619732022285461 1793
1781357318981 0.10114172101020813 1794
1781357318986 0.060882966965436935 1795
1781357318991 0.037355080246925354 1796
1781357318995 0.08644852042198181 1797
1781357319001 0.03315107151865959 1798
1781357319005 0.10538618266582489 1799
1781357319010 0.1401102989912033 1800
1781357319016 0.07997208833694458 1801
1781357319022 0.11986953765153885 1802
1781357319027 0.07865603268146515 1803
1781357319033 0.08660870790481567 1804
1781357319040 0.03506862372159958 1805
1781357319045 0.058272480964660645 1806
1781357319050 0.10749659687280655 1807
1781357319057 0.05170746520161629 1808
1781357319063 0.06836535036563873 1809
1781357319068 0.06707815825939178 1810
1781357319072 0.05138414353132248 1811
1781357319077 0.04503917321562767 1812
1781357319083 0.0633508712053299 1813
1781357319088 0.09439919143915176 1814
1781357319094 0.02830583229660988 1815
1781357319099 0.05135957524180412 1816
1781357319103 0.12151052057743073 1817
1781357319109 0.08962364494800568 1818
1781357319114 0.04750286042690277 1819
1781357319120 0.08632537722587585 1820
1781357319125 0.0770188719034195 1821
1781357319130 0.08855798840522766 1822
1781357319135 0.10843774676322937 1823
1781357319139 0.11354010552167892 1824
1781357319144 0.03630556911230087 1825
1781357319148 0.11764262616634369 1826
1781357319153 0.06952596455812454 1827
1781357319158 0.12479305267333984 1828
1781357319163 0.06428682059049606 1829
1781357319168 0.14926716685295105 1830
1781357319174 0.13774925470352173 1831
1781357319179 0.12434066832065582 1832
1781357319183 0.049008436501026154 1833
1781357319188 0.12879875302314758 1834
1781357319193 0.08061735332012177 1835
1781357319199 0.07201769948005676 1836
1781357319203 0.04017964377999306 1837
1781357319209 0.12457656115293503 1838
1781357319213 0.122803695499897 1839
1781357319218 0.12521159648895264 1840
1781357319224 0.14830997586250305 1841
1781357319229 0.030240358784794807 1842
1781357319234 0.08710455894470215 1843
1781357319239 0.1630692481994629 1844
1781357319244 0.12469976395368576 1845
1781357319248 0.03864628076553345 1846
1781357319253 0.08853115141391754 1847
1781357319259 0.05654517188668251 1848
1781357319263 0.11496954411268234 1849
1781357319268 0.03299544006586075 1850
1781357319274 0.08823167532682419 1851
1781357319279 0.07242072373628616 1852
1781357319285 0.05436360090970993 1853
1781357319290 0.04477514326572418 1854
1781357319294 0.16351142525672913 1855
1781357319299 0.053423523902893066 1856
1781357319305 0.12298698723316193 1857
1781357319310 0.09291672706604004 1858
1781357319315 0.09050635993480682 1859
1781357319321 0.0486002042889595 1860
1781357319326 0.07222896069288254 1861
1781357319332 0.1455550491809845 1862
1781357319337 0.08115130662918091 1863
1781357319342 0.13288800418376923 1864
1781357319346 0.15993735194206238 1865
1781357319352 0.04833104461431503 1866
1781357319357 0.06367499381303787 1867
1781357319362 0.07133960723876953 1868
1781357319368 0.05565567687153816 1869
1781357319373 0.0704735666513443 1870
1781357319378 0.03527526557445526 1871
1781357319384 0.09416572749614716 1872
1781357319389 0.15723387897014618 1873
1781357319658 0.03579016774892807 1874
1781357319663 0.08274935930967331 1875
1781357319668 0.08374214172363281 1876
1781357319674 0.07324793934822083 1877
1781357319678 0.0761934295296669 1878
1781357319683 0.12682661414146423 1879
1781357319688 0.019253496080636978 1880
1781357319693 0.022281698882579803 1881
1781357319698 0.111932672560215 1882
1781357319703 0.05822158604860306 1883
1781357319707 0.1265961229801178 1884
1781357319713 0.07649939507246017 1885
1781357319717 0.05898001417517662 1886
1781357319723 0.10859149694442749 1887
1781357319728 0.15105606615543365 1888
1781357319733 0.0307297483086586 1889
1781357319738 0.0487607941031456 1890
1781357319743 0.11083050072193146 1891
1781357319748 0.09962400048971176 1892
1781357319754 0.051772695034742355 1893
1781357319759 0.07197863608598709 1894
1781357319763 0.07259130477905273 1895
1781357319769 0.10500527173280716 1896
1781357319774 0.09082998335361481 1897
1781357319779 0.16112931072711945 1898
1781357319784 0.14456163346767426 1899
1781357319790 0.10723038017749786 1900
1781357319795 0.14345312118530273 1901
1781357319802 0.045261844992637634 1902
1781357319807 0.11172785609960556 1903
1781357319812 0.05039844289422035 1904
1781357319816 0.08498646318912506 1905
1781357319821 0.13620315492153168 1906
1781357319825 0.08094652742147446 1907
1781357319832 0.05167994648218155 1908
1781357319837 0.13791324198246002 1909
1781357319843 0.17547829449176788 1910
1781357319848 0.1270013153553009 1911
1781357319853 0.038972239941358566 1912
1781357319858 0.07901374995708466 1913
1781357319864 0.10831119120121002 1914
1781357319869 0.07169784605503082 1915
1781357319874 0.12607505917549133 1916
1781357319880 0.12528525292873383 1917
1781357319885 0.23186221718788147 1918
1781357319891 0.16890238225460052 1919
1781357319896 0.10740829259157181 1920
1781357319901 0.1271028071641922 1921
1781357319907 0.1404561698436737 1922
1781357319912 0.08501701802015305 1923
1781357319917 0.13571271300315857 1924
1781357319922 0.087440624833107 1925
1781357319927 0.07033083587884903 1926
1781357319932 0.09527488052845001 1927
1781357319937 0.03703726455569267 1928
1781357319941 0.12431097030639648 1929
1781357319946 0.07061532139778137 1930
1781357319951 0.04099871590733528 1931
1781357319956 0.23427322506904602 1932
1781357319960 0.11484880745410919 1933
1781357319964 0.13120073080062866 1934
1781357319969 0.09373053908348083 1935
1781357319973 0.10385426133871078 1936
1781357319978 0.11364196240901947 1937
1781357319982 0.04841136187314987 1938
1781357319987 0.043224990367889404 1939
1781357319991 0.09026572853326797 1940
1781357319996 0.05948935076594353 1941
1781357320000 0.1437343806028366 1942
1781357320005 0.1619998663663864 1943
1781357320009 0.06014065444469452 1944
1781357320014 0.12159527093172073 1945
1781357320018 0.1310247778892517 1946
1781357320023 0.07429516315460205 1947
1781357320028 0.12137053161859512 1948
1781357320033 0.04668864980340004 1949
1781357320037 0.1832631379365921 1950
1781357320041 0.14387160539627075 1951
1781357320046 0.11473289132118225 1952
1781357320051 0.15222536027431488 1953
1781357320055 0.1384265422821045 1954
1781357320061 0.08357860147953033 1955
1781357320065 0.0499601773917675 1956
1781357320070 0.1264854371547699 1957
1781357320075 0.2702637016773224 1958
1781357320079 0.09805336594581604 1959
1781357320084 0.07337872684001923 1960
1781357320089 0.09263479709625244 1961
1781357320093 0.08620849251747131 1962
1781357320098 0.09215935319662094 1963
1781357320103 0.08750515431165695 1964
1781357320108 0.12466415762901306 1965
1781357320112 0.1609298288822174 1966
1781357320116 0.10826504975557327 1967
1781357320121 0.11038096249103546 1968
1781357320125 0.08276048302650452 1969
1781357320129 0.17440715432167053 1970
1781357320136 0.1311582624912262 1971
1781357320140 0.10707549750804901 1972
1781357320144 0.09316623210906982 1973
1781357320149 0.08976132422685623 1974
1781357320154 0.08252142369747162 1975
1781357320159 0.07271818816661835 1976
1781357320164 0.15880848467350006 1977
1781357320169 0.15179479122161865 1978
1781357320173 0.18592369556427002 1979
1781357320178 0.11991512030363083 1980
1781357320183 0.16143512725830078 1981
1781357320187 0.1275719702243805 1982
1781357320193 0.1269039660692215 1983
1781357320198 0.10687296837568283 1984
1781357320202 0.1589818000793457 1985
1781357320207 0.057330336421728134 1986
1781357320211 0.1800643801689148 1987
1781357320216 0.18497726321220398 1988
1781357320220 0.06488897651433945 1989
1781357320226 0.11752290278673172 1990
1781357320230 0.09787118434906006 1991
1781357320234 0.14807596802711487 1992
1781357320239 0.1348486691713333 1993
1781357320244 0.10372292250394821 1994
1781357320248 0.0902184396982193 1995
1781357320253 0.07915352284908295 1996
1781357320258 0.08855082094669342 1997
1781357320262 0.08556614816188812 1998
1781357320266 0.07115185260772705 1999
1781357320271 0.049114421010017395 2000
1781357320275 0.07665004581212997 2001
1781357320280 0.08860747516155243 2002
1781357320285 0.17691925168037415 2003
1781357320290 0.05193430185317993 2004
1781357320294 0.20553722977638245 2005
1781357320300 0.15430951118469238 2006
1781357320304 0.03772004693746567 2007
1781357320308 0.36842361092567444 2008
1781357320314 0.2105381041765213 2009
1781357320319 0.15902768075466156 2010
1781357320323 0.12169911712408066 2011
1781357320328 0.15747737884521484 2012
1781357320333 0.11546021699905396 2013
1781357320338 0.10451159626245499 2014
1781357320343 0.16446340084075928 2015
1781357320347 0.12888824939727783 2016
1781357320351 0.11500969529151917 2017
1781357320356 0.1343318372964859 2018
1781357320361 0.17233170568943024 2019
1781357320365 0.1418485939502716 2020
1781357320370 0.07300837337970734 2021
1781357320374 0.20708125829696655 2022
1781357320380 0.1266240030527115 2023
1781357320384 0.16893577575683594 2024
1781357320389 0.11589239537715912 2025
1781357320393 0.14184755086898804 2026
1781357320398 0.1519675850868225 2027
1781357320403 0.13811345398426056 2028
1781357320407 0.07492133229970932 2029
1781357320412 0.14248888194561005 2030
1781357320417 0.1863897740840912 2031
1781357320421 0.16855783760547638 2032
1781357320426 0.22730430960655212 2033
1781357320430 0.16729901731014252 2034
1781357320435 0.19991622865200043 2035
1781357320439 0.2545804977416992 2036
1781357320443 0.17200732231140137 2037
1781357320448 0.06099268049001694 2038
1781357320452 0.11507298052310944 2039
1781357320456 0.18977361917495728 2040
1781357320461 0.22301092743873596 2041
1781357320465 0.12346708029508591 2042
1781357320470 0.12352870404720306 2043
1781357320474 0.07774548977613449 2044
1781357320479 0.07591117918491364 2045
1781357320483 0.12140455096960068 2046
1781357320488 0.10242845863103867 2047
1781357320493 0.15104056894779205 2048
1781357320497 0.17642463743686676 2049
1781357320502 0.1251138150691986 2050
1781357320507 0.16443605720996857 2051
1781357320511 0.2101219743490219 2052
1781357320515 0.1489083468914032 2053
1781357320519 0.18114131689071655 2054
1781357320525 0.23168638348579407 2055
1781357320530 0.2126762568950653 2056
1781357320534 0.20574936270713806 2057
1781357320538 0.30627238750457764 2058
1781357320542 0.11549422144889832 2059
1781357320547 0.14662201702594757 2060
1781357320551 0.1369330734014511 2061
1781357320555 0.20362478494644165 2062
1781357320560 0.2812870144844055 2063
1781357320566 0.20136618614196777 2064
1781357320571 0.20756688714027405 2065
1781357320575 0.10219462960958481 2066
1781357320580 0.15472403168678284 2067
1781357320585 0.13020092248916626 2068
1781357320589 0.1908763200044632 2069
1781357320594 0.12920479476451874 2070
1781357320598 0.14435601234436035 2071
1781357320602 0.1574375033378601 2072
1781357320607 0.09965571016073227 2073
1781357320612 0.3105340898036957 2074
1781357320617 0.12168694287538528 2075
1781357320621 0.2037835717201233 2076
1781357320625 0.20401999354362488 2077
1781357320629 0.1251499354839325 2078
1781357320633 0.15395325422286987 2079
1781357320637 0.22056962549686432 2080
1781357320642 0.17930340766906738 2081
1781357320646 0.22878146171569824 2082
1781357320651 0.32536447048187256 2083
1781357320655 0.1287267804145813 2084
1781357320660 0.19490011036396027 2085
1781357320665 0.1314079314470291 2086
1781357320669 0.20129117369651794 2087
1781357320674 0.16451412439346313 2088
1781357320679 0.21386337280273438 2089
1781357320683 0.14274147152900696 2090
1781357320688 0.2219146490097046 2091
1781357320693 0.28793707489967346 2092
1781357320697 0.1647598147392273 2093
1781357320702 0.13730096817016602 2094
1781357320706 0.1726895570755005 2095
1781357320711 0.1867186278104782 2096
1781357320715 0.10798509418964386 2097
1781357320719 0.20236341655254364 2098
1781357320723 0.19788387417793274 2099
1781357320728 0.2901729941368103 2100
1781357320733 0.25820088386535645 2101
1781357320738 0.37071165442466736 2102
1781357320743 0.11440281569957733 2103
1781357320747 0.31839483976364136 2104
1781357320752 0.2522534430027008 2105
1781357320756 0.19447797536849976 2106
1781357320761 0.17978736758232117 2107
1781357320766 0.24652400612831116 2108
1781357320770 0.12863752245903015 2109
1781357320775 0.23978547751903534 2110
1781357320780 0.13916249573230743 2111
1781357320784 0.3678975999355316 2112
1781357320790 0.11926794052124023 2113
1781357320795 0.17410995066165924 2114
1781357320799 0.11931268125772476 2115
1781357320803 0.18625733256340027 2116
1781357320807 0.14685717225074768 2117
1781357320814 0.15585267543792725 2118
1781357320818 0.35845786333084106 2119
1781357320823 0.19165673851966858 2120
1781357320827 0.11299654096364975 2121
1781357320832 0.2997496724128723 2122
1781357320837 0.16395455598831177 2123
1781357320842 0.24450184404850006 2124
1781357320846 0.3683735728263855 2125
1781357320850 0.2223931849002838 2126
1781357320855 0.23188284039497375 2127
1781357320860 0.1949836015701294 2128
1781357320864 0.24135853350162506 2129
1781357320870 0.20109036564826965 2130
1781357320874 0.20521561801433563 2131
1781357320879 0.38717153668403625 2132
1781357320884 0.19346635043621063 2133
1781357320888 0.16388878226280212 2134
1781357320892 0.21358636021614075 2135
1781357320897 0.3079051971435547 2136
1781357320901 0.28963300585746765 2137
1781357320906 0.2776621878147125 2138
1781357320910 0.2681117653846741 2139
1781357320915 0.2795422077178955 2140
1781357320920 0.24473965167999268 2141
1781357320924 0.17199082672595978 2142
1781357320929 0.22722375392913818 2143
1781357320933 0.19167831540107727 2144
1781357320937 0.2409866750240326 2145
1781357320942 0.3395969867706299 2146
1781357320947 0.25223806500434875 2147
1781357320951 0.5364965796470642 2148
1781357320955 0.37244313955307007 2149
1781357320961 0.16361123323440552 2150
1781357320965 0.16406035423278809 2151
1781357320969 0.3837380111217499 2152
1781357320974 0.2518894374370575 2153
1781357320978 0.331958532333374 2154
1781357320983 0.1767899990081787 2155
1781357320987 0.18756839632987976 2156
1781357320991 0.30215173959732056 2157
1781357320996 0.2709033787250519 2158
1781357321000 0.29455938935279846 2159
1781357321005 0.3460814356803894 2160
1781357321009 0.3111805319786072 2161
1781357321013 0.31545937061309814 2162
1781357321018 0.27976128458976746 2163
1781357321023 0.2902860641479492 2164
1781357321028 0.27831730246543884 2165
1781357321033 0.2270215004682541 2166
1781357321038 0.3644353151321411 2167
1781357321042 0.3676493167877197 2168
1781357321046 0.330900639295578 2169
1781357321052 0.29258766770362854 2170
1781357321056 0.3155125379562378 2171
1781357321061 0.21418115496635437 2172
1781357321065 0.13904550671577454 2173
1781357321070 0.38122206926345825 2174
1781357321074 0.26575395464897156 2175
1781357321080 0.5062059760093689 2176
1781357321084 0.44316285848617554 2177
1781357321089 0.24894863367080688 2178
1781357321095 0.32751065492630005 2179
1781357321099 0.5519409775733948 2180
1781357321103 0.2841591536998749 2181
1781357321108 0.3628454804420471 2182
1781357321113 0.40584421157836914 2183
1781357321117 0.2834782600402832 2184
1781357321121 0.2995145916938782 2185
1781357321126 0.26783475279808044 2186
1781357321130 0.40886929631233215 2187
1781357321135 0.42451828718185425 2188
1781357321140 0.3574167490005493 2189
1781357321145 0.3267967402935028 2190
1781357321149 0.478372186422348 2191
1781357321154 0.3337964117527008 2192
1781357321158 0.18959705531597137 2193
1781357321163 0.37452954053878784 2194
1781357321167 0.23870030045509338 2195
1781357321171 0.38424956798553467 2196
1781357321176 0.24020899832248688 2197
1781357321181 0.3937801122665405 2198
1781357321185 0.4582638740539551 2199
1781357321190 0.26811307668685913 2200
1781357321194 0.4562416076660156 2201
1781357321199 0.4521465599536896 2202
1781357321204 0.3698262572288513 2203
1781357321208 0.38153067231178284 2204
1781357321213 0.3427232503890991 2205
1781357321217 0.35546451807022095 2206
1781357321223 0.44764891266822815 2207
1781357321228 0.3404502272605896 2208
1781357321232 0.3139728605747223 2209
1781357321237 0.4026710093021393 2210
1781357321241 0.4914044141769409 2211
1781357321246 0.3574584722518921 2212
1781357321250 0.41289424896240234 2213
1781357321254 0.6068594455718994 2214
1781357321259 0.40799903869628906 2215
1781357321263 0.38113778829574585 2216
1781357321267 0.33079105615615845 2217
1781357321272 0.42957428097724915 2218
1781357321276 0.45657819509506226 2219
1781357321281 0.3434150218963623 2220
1781357321285 0.5259286761283875 2221
1781357321290 0.6239837408065796 2222
1781357321294 0.5497210025787354 2223
1781357321298 0.3997966945171356 2224
1781357321303 0.6196817755699158 2225
1781357321308 0.5390132665634155 2226
1781357321313 0.37552645802497864 2227
1781357321318 0.46366018056869507 2228
1781357321323 0.31048163771629333 2229
1781357321327 0.5251720547676086 2230
1781357321332 0.3780919909477234 2231
1781357321336 0.6045998930931091 2232
1781357321341 0.4021907150745392 2233
1781357321345 0.5688639879226685 2234
1781357321349 0.5112219452857971 2235
1781357321354 0.6275156140327454 2236
1781357321358 0.45854026079177856 2237
1781357321363 0.580729067325592 2238
1781357321367 0.6018906831741333 2239
1781357321372 0.3722325563430786 2240
1781357321376 0.4907265901565552 2241
1781357321381 0.43833988904953003 2242
1781357321385 0.7823752164840698 2243
1781357321390 0.6351070404052734 2244
1781357321395 0.6307139992713928 2245
1781357321399 0.5453944802284241 2246
1781357321404 0.426845520734787 2247
1781357321408 0.7518354058265686 2248
1781357321413 0.5323096513748169 2249
1781357321417 0.39191725850105286 2250
1781357321422 0.7823256254196167 2251
1781357321426 0.6465182304382324 2252
1781357321430 0.4379609227180481 2253
1781357321435 0.6427866220474243 2254
1781357321439 0.579940676689148 2255
1781357321443 0.8774245381355286 2256
1781357321447 0.4473588466644287 2257
1781357321452 0.7375786900520325 2258
1781357321456 0.5556780099868774 2259
1781357321461 0.5647910833358765 2260
1781357321465 0.728587806224823 2261
1781357321470 0.43775269389152527 2262
1781357321474 0.5629979968070984 2263
1781357321478 0.5583375096321106 2264
1781357321483 1.0662755966186523 2265
1781357321488 0.6888189911842346 2266
1781357321492 0.5204082131385803 2267
1781357321497 0.6934983730316162 2268
1781357321502 0.3841080665588379 2269
1781357321506 0.48968082666397095 2270
1781357321510 0.7057368755340576 2271
1781357321515 0.6979366540908813 2272
1781357321520 0.5488015413284302 2273
1781357321524 0.6119832992553711 2274
1781357321529 0.850500762462616 2275
1781357321533 0.5921831727027893 2276
1781357321538 0.5059150457382202 2277
1781357321542 0.5880899429321289 2278
1781357321547 0.7263907194137573 2279
1781357321551 0.6723313331604004 2280
1781357321556 0.3981425166130066 2281
1781357321561 0.7071800827980042 2282
1781357321565 0.737460732460022 2283
1781357321570 0.5154820680618286 2284
1781357321575 0.6812730431556702 2285
1781357321580 0.7540443539619446 2286
1781357321584 0.37203171849250793 2287
1781357321589 0.7406169176101685 2288
1781357321593 0.44128280878067017 2289
1781357321598 0.5220328569412231 2290
1781357321603 0.6589793562889099 2291
1781357321608 0.7716251611709595 2292
1781357321612 0.7719371914863586 2293
1781357321616 0.8271214365959167 2294
1781357321622 0.7644012570381165 2295
1781357321626 1.0547667741775513 2296
1781357321632 0.865033745765686 2297
1781357321637 0.7694880962371826 2298
1781357321641 0.7361611723899841 2299
1781357321646 0.5225250720977783 2300
1781357321651 0.5251632332801819 2301
1781357321656 0.48288142681121826 2302
1781357321661 0.638573408126831 2303
1781357321665 0.853183388710022 2304
1781357321670 0.4730362296104431 2305
1781357321674 0.6567526459693909 2306
1781357321679 0.5834481120109558 2307
1781357321683 0.9032996892929077 2308
1781357321689 0.8076069355010986 2309
1781357321695 0.6555377840995789 2310
1781357321699 0.686873733997345 2311
1781357321704 0.8428776264190674 2312
1781357321708 0.5612770915031433 2313
1781357321712 0.5856907367706299 2314
1781357321716 0.674761176109314 2315
1781357321721 0.843199610710144 2316
1781357321726 0.8080804944038391 2317
1781357321730 0.6853191256523132 2318
1781357321734 0.8649066090583801 2319
1781357321740 0.509945273399353 2320
1781357321745 0.7797260880470276 2321
1781357321749 0.6032397747039795 2322
1781357321754 0.7294238209724426 2323
1781357321759 0.5492006540298462 2324
1781357321763 0.5924530029296875 2325
1781357321769 0.5375583171844482 2326
1781357321773 0.6847577095031738 2327
1781357321779 0.5976483821868896 2328
1781357321783 0.5974080562591553 2329
1781357321788 0.6921924352645874 2330
1781357321792 0.7374054193496704 2331
1781357321797 0.5089865922927856 2332
1781357321801 0.5169506072998047 2333
1781357321805 0.6402738094329834 2334
1781357321810 0.4769115447998047 2335
1781357321814 0.620324432849884 2336
1781357321819 0.5773982405662537 2337
1781357321823 0.6439465284347534 2338
1781357321829 0.5772522687911987 2339
1781357321833 0.6560070514678955 2340
1781357321837 0.5039809346199036 2341
1781357321843 0.6856527924537659 2342
1781357321847 0.6242983341217041 2343
1781357321852 0.5339689254760742 2344
1781357321856 0.7208654880523682 2345
1781357321861 0.6521756649017334 2346
1781357321865 0.8083606958389282 2347
1781357321870 0.7741050720214844 2348
1781357321875 0.7252397537231445 2349
1781357321879 0.4659721851348877 2350
1781357321883 0.7088203430175781 2351
1781357321888 0.5522769093513489 2352
1781357321893 0.6378931403160095 2353
1781357321897 0.5969675779342651 2354
1781357321904 0.5405995845794678 2355
1781357321908 0.6627100706100464 2356
1781357321913 0.6929782032966614 2357
1781357321919 0.6280937194824219 2358
1781357321924 0.5246632695198059 2359
1781357321928 0.51991868019104 2360
1781357321933 0.636155366897583 2361
1781357321938 0.6106747388839722 2362
1781357321942 0.4820183515548706 2363
1781357321947 0.604548454284668 2364
1781357321952 0.8171907663345337 2365
1781357321956 0.6237107515335083 2366
1781357321961 0.6076837778091431 2367
1781357321966 0.7671305537223816 2368
1781357321970 0.5844415426254272 2369
1781357321975 0.48865848779678345 2370
1781357321980 0.4837866723537445 2371
1781357321985 0.5123416781425476 2372
1781357321989 0.6079692840576172 2373
1781357321994 0.4691803455352783 2374
1781357321999 0.5138972401618958 2375
1781357322005 0.39987069368362427 2376
1781357322010 0.7084494233131409 2377
1781357322016 0.8068596124649048 2378
1781357322022 0.545505940914154 2379
1781357322027 0.6139147281646729 2380
1781357322032 0.5088464021682739 2381
1781357322038 0.7215030193328857 2382
1781357322043 0.4420837163925171 2383
1781357322047 0.606234073638916 2384
1781357322052 0.6041964292526245 2385
1781357322057 0.5395140051841736 2386
1781357322061 0.5780293345451355 2387
1781357322066 0.5927703380584717 2388
1781357322070 0.7490211725234985 2389
1781357322074 0.568411111831665 2390
1781357322079 0.6218613982200623 2391
1781357322084 0.5284222364425659 2392
1781357322088 0.44049781560897827 2393
1781357322092 0.6149559020996094 2394
1781357322097 0.5238959789276123 2395
1781357322102 0.7090415954589844 2396
1781357322106 0.8432358503341675 2397
1781357322110 0.6421615481376648 2398
1781357322116 0.7391083240509033 2399
1781357322120 0.6912733912467957 2400
1781357322126 0.6422132253646851 2401
1781357322131 0.6405951380729675 2402
1781357322135 0.7177053689956665 2403
1781357322139 0.6198872923851013 2404
1781357322146 0.6797866821289062 2405
1781357322150 0.588231086730957 2406
1781357322154 0.5937607288360596 2407
1781357322159 0.6364006996154785 2408
1781357322163 0.7444259524345398 2409
1781357322168 0.6834616661071777 2410
1781357322173 0.7589269876480103 2411
1781357322178 0.8860818147659302 2412
1781357322182 0.7794369459152222 2413
1781357322187 0.6896535158157349 2414
1781357322191 0.6774088144302368 2415
1781357322196 0.6231868267059326 2416
1781357322201 0.7282719612121582 2417
1781357322206 0.8757885694503784 2418
1781357322210 0.697150707244873 2419
1781357322215 0.6199212074279785 2420
1781357322220 0.7011227607727051 2421
1781357322224 0.669451892375946 2422
1781357322229 0.651698112487793 2423
1781357322234 0.695843517780304 2424
1781357322238 0.8232021331787109 2425
1781357322244 0.6670864224433899 2426
1781357322248 0.9118503332138062 2427
1781357322252 0.8273277282714844 2428
1781357322257 0.7808575630187988 2429
1781357322261 0.6644890308380127 2430
1781357322266 0.900506854057312 2431
1781357322271 0.7614660263061523 2432
1781357322275 0.6194537281990051 2433
1781357322280 0.8659489154815674 2434
1781357322285 0.835748553276062 2435
1781357322289 0.8238211870193481 2436
1781357322295 0.9025976657867432 2437
1781357322300 0.7145953178405762 2438
1781357322305 0.8316022157669067 2439
1781357322311 0.774427056312561 2440
1781357322315 0.8866536617279053 2441
1781357322320 0.8078973293304443 2442
1781357322325 0.8604124784469604 2443
1781357322329 0.7873079776763916 2444
1781357322334 0.9266345500946045 2445
1781357322339 0.7743504047393799 2446
1781357322343 0.7225542664527893 2447
1781357322347 0.9383410215377808 2448
1781357322352 0.8151625394821167 2449
1781357322358 0.9473063945770264 2450
1781357322362 0.7835723161697388 2451
1781357322368 0.8355717658996582 2452
1781357322373 0.8213339447975159 2453
1781357322377 0.8809407949447632 2454
1781357322384 0.7751055359840393 2455
1781357322388 0.7099242210388184 2456
1781357322393 0.7096476554870605 2457
1781357322398 0.802822470664978 2458
1781357322402 0.8764573335647583 2459
1781357322407 0.6507620215415955 2460
1781357322413 0.7828461527824402 2461
1781357322417 0.995558500289917 2462
1781357322421 0.8275393843650818 2463
1781357322426 0.843098521232605 2464
1781357322431 0.9722815752029419 2465
1781357322435 0.6737473011016846 2466
1781357322441 0.7049139142036438 2467
1781357322445 0.8836392760276794 2468
1781357322450 0.9577850699424744 2469
1781357322454 0.8214858770370483 2470
1781357322459 0.7515852451324463 2471
1781357322463 0.7938640117645264 2472
1781357322468 0.7220523357391357 2473
1781357322472 0.8845942616462708 2474
1781357322477 0.7311425805091858 2475
1781357322481 0.9178708791732788 2476
1781357322485 0.7149826288223267 2477
1781357322491 0.8279502391815186 2478
1781357322495 0.7107329368591309 2479
1781357322499 0.8866899013519287 2480
1781357322504 0.7592626810073853 2481
1781357322508 0.7387826442718506 2482
1781357322513 0.8632463216781616 2483
1781357322517 0.8065744638442993 2484
1781357322522 0.6886159181594849 2485
1781357322526 0.9100959897041321 2486
1781357322531 0.7546792030334473 2487
1781357322536 0.7724798321723938 2488
1781357322541 0.9187889695167542 2489
1781357322545 0.9068739414215088 2490
1781357322550 0.7789998054504395 2491
1781357322554 0.8684468269348145 2492
1781357322559 0.837942898273468 2493
1781357322564 0.8259385824203491 2494
1781357322569 0.9132537841796875 2495
1781357322573 0.8297024965286255 2496
1781357322578 0.7985880374908447 2497
1781357322582 0.8133198022842407 2498
1781357322586 0.6487381458282471 2499
1781357322591 0.8133885860443115 2500
1781357322596 0.8596270084381104 2501
1781357322601 0.9177350997924805 2502
1781357322605 0.8238734006881714 2503
1781357322609 0.9329986572265625 2504
1781357322614 0.872069239616394 2505
1781357322618 0.7927273511886597 2506
1781357322623 0.7140742540359497 2507
1781357322628 0.7214166522026062 2508
1781357322633 0.7856255769729614 2509
1781357322639 0.8981695771217346 2510
1781357322644 0.7063016295433044 2511
1781357322649 1.014909267425537 2512
1781357322654 0.8443808555603027 2513
1781357322658 0.7089521884918213 2514
1781357322662 0.6314023733139038 2515
1781357322668 0.9446398615837097 2516
1781357322672 0.8297238349914551 2517
1781357322676 0.7781336307525635 2518
1781357322681 0.8588139414787292 2519
1781357322686 0.7917454242706299 2520
1781357322690 0.7615396976470947 2521
1781357322694 0.9037152528762817 2522
1781357322699 0.7463146448135376 2523
1781357322704 0.7256113290786743 2524
1781357322708 0.6186773180961609 2525
1781357322713 0.6977270841598511 2526
1781357322717 0.6553045511245728 2527
1781357322721 0.8063181638717651 2528
1781357322726 0.7629729509353638 2529
1781357322731 0.6776626110076904 2530
1781357322735 0.6888996958732605 2531
1781357322739 0.7908446192741394 2532
1781357322745 0.5440200567245483 2533
1781357322749 0.8089964985847473 2534
1781357322754 0.6687422394752502 2535
1781357322760 0.6314613819122314 2536
1781357322764 0.5571168661117554 2537
1781357322769 0.570425271987915 2538
1781357322774 0.5851618051528931 2539
1781357322779 0.7036501169204712 2540
1781357322783 0.574502170085907 2541
1781357322788 0.7116771936416626 2542
1781357322792 0.582421064376831 2543
1781357322796 0.546861469745636 2544
1781357322800 0.6252411007881165 2545
1781357322805 0.5971553325653076 2546
1781357322810 0.47393161058425903 2547
1781357322814 0.6416733264923096 2548
1781357322820 0.5558861494064331 2549
1781357322824 0.6973129510879517 2550
1781357322829 0.7116588950157166 2551
1781357322834 0.5871659517288208 2552
1781357322839 0.6683008670806885 2553
1781357322844 0.5708299279212952 2554
1781357322849 0.4903513789176941 2555
1781357322854 0.5036801099777222 2556
1781357322858 0.5908298492431641 2557
1781357322863 0.4806394577026367 2558
1781357322868 0.6146607398986816 2559
1781357322872 0.5617320537567139 2560
1781357322877 0.5560950040817261 2561
1781357322882 0.5508930683135986 2562
1781357322886 0.4895278513431549 2563
1781357322892 0.5953705310821533 2564
1781357322897 0.5389024615287781 2565
1781357322901 0.6495550870895386 2566
1781357322905 0.6791326403617859 2567
1781357322911 0.7240817546844482 2568
1781357322915 0.6895178556442261 2569
1781357322919 0.46897146105766296 2570
1781357322924 0.6633278727531433 2571
1781357322929 0.6111904382705688 2572
1781357322934 0.5835952162742615 2573
1781357322939 0.6517479419708252 2574
1781357322944 0.5152889490127563 2575
1781357322948 0.6283685564994812 2576
1781357322953 0.6656685471534729 2577
1781357322957 0.7011019587516785 2578
1781357322962 0.6922707557678223 2579
1781357322966 0.7233138680458069 2580
1781357322970 0.7176392078399658 2581
1781357322975 0.7184315919876099 2582
1781357322979 0.7857948541641235 2583
1781357322984 0.9121849536895752 2584
1781357322989 0.8093564510345459 2585
1781357322993 0.6391517519950867 2586
1781357322998 0.6803557872772217 2587
1781357323003 0.7836949825286865 2588
1781357323007 0.7309398651123047 2589
1781357323013 0.6643544435501099 2590
1781357323017 0.8678009510040283 2591
1781357323022 0.8495063781738281 2592
1781357323027 0.6473555564880371 2593
1781357323032 0.8650577068328857 2594
1781357323036 0.6667925119400024 2595
1781357323041 0.7562049031257629 2596
1781357323046 0.8696383237838745 2597
1781357323050 0.7020190954208374 2598
1781357323055 0.8773143887519836 2599
1781357323059 0.7245627641677856 2600
1781357323063 0.7353568077087402 2601
1781357323067 0.740976095199585 2602
1781357323072 0.793344259262085 2603
1781357323077 0.7982182502746582 2604
1781357323082 0.6998655796051025 2605
1781357323086 0.7781622409820557 2606
1781357323092 0.8327755331993103 2607
1781357323097 0.8187321424484253 2608
1781357323103 0.8245006799697876 2609
1781357323109 0.8611161708831787 2610
1781357323114 0.8730864524841309 2611
1781357323120 0.9051957130432129 2612
1781357323124 0.9813253879547119 2613
1781357323128 0.8240748643875122 2614
1781357323133 0.8628571033477783 2615
1781357323138 0.9672155976295471 2616
1781357323143 0.9089334011077881 2617
1781357323148 0.9125893712043762 2618
1781357323154 1.0077171325683594 2619
1781357323158 0.8870452046394348 2620
1781357323163 0.8077744841575623 2621
1781357323168 0.9571825265884399 2622
1781357323172 1.0137743949890137 2623
1781357323177 0.9058566689491272 2624
1781357323182 0.8383054733276367 2625
1781357323186 0.8635676503181458 2626
1781357323191 0.8968695402145386 2627
1781357323196 0.7851430177688599 2628
1781357323200 0.7898502349853516 2629
1781357323204 0.9808171987533569 2630
1781357323210 0.9205721020698547 2631
1781357323214 0.7532820105552673 2632
1781357323218 0.6529725193977356 2633
1781357323223 0.7183548212051392 2634
1781357323228 0.7858060598373413 2635
1781357323232 0.6937642097473145 2636
1781357323237 0.6224600672721863 2637
1781357323241 0.8097544312477112 2638
1781357323245 0.6537843942642212 2639
1781357323249 0.6027811765670776 2640
1781357323254 0.7017334699630737 2641
1781357323258 0.6177007555961609 2642
1781357323262 0.5600754022598267 2643
1781357323267 0.7626741528511047 2644
1781357323272 0.48215222358703613 2645
1781357323276 0.5456082820892334 2646
1781357323281 0.5758308172225952 2647
1781357323286 0.6464930176734924 2648
1781357323291 0.5230532884597778 2649
1781357323296 0.6003724336624146 2650
1781357323301 0.550283670425415 2651
1781357323306 0.5851858854293823 2652
1781357323311 0.5259073376655579 2653
1781357323316 0.5846339464187622 2654
1781357323320 0.5616694092750549 2655
1781357323325 0.6527761220932007 2656
1781357323329 0.552383303642273 2657
1781357323334 0.5356076955795288 2658
1781357323338 0.5002051591873169 2659
1781357323343 0.7329305410385132 2660
1781357323348 0.7186295390129089 2661
1781357323352 0.4847843050956726 2662
1781357323358 0.6031033992767334 2663
1781357323362 0.6173001527786255 2664
1781357323366 0.5456142425537109 2665
1781357323372 0.5857312679290771 2666
1781357323377 0.5906041264533997 2667
1781357323381 0.6863750219345093 2668
1781357323386 0.5265871286392212 2669
1781357323391 0.5265266299247742 2670
1781357323395 0.5682480335235596 2671
1781357323399 0.6103326082229614 2672
1781357323405 0.7679488062858582 2673
1781357323409 0.6561585664749146 2674
1781357323414 0.6400281190872192 2675
1781357323419 0.6075602173805237 2676
1781357323424 0.6407362222671509 2677
1781357323428 0.6583241820335388 2678
1781357323434 0.7122088074684143 2679
1781357323438 0.6913681030273438 2680
1781357323443 0.5565025806427002 2681
1781357323449 0.6552879214286804 2682
1781357323453 0.8680698275566101 2683
1781357323457 0.6800494194030762 2684
1781357323463 0.6424897313117981 2685
1781357323467 0.8287089467048645 2686
1781357323471 0.7530691623687744 2687
1781357323476 0.6114876866340637 2688
1781357323481 0.7307430505752563 2689
1781357323485 0.5885268449783325 2690
1781357323489 0.7795423269271851 2691
1781357323494 0.637579083442688 2692
1781357323499 0.7680056691169739 2693
1781357323503 0.8342089653015137 2694
1781357323507 0.7698293924331665 2695
1781357323512 0.7990331649780273 2696
1781357323516 0.8109346628189087 2697
1781357323521 0.77450031042099 2698
1781357323525 0.8181726932525635 2699
1781357323530 0.7866517305374146 2700
1781357323535 0.7209913730621338 2701
1781357323541 0.8191440105438232 2702
1781357323545 1.0541497468948364 2703
1781357323549 0.9938669800758362 2704
1781357323554 0.7969751954078674 2705
1781357323559 1.0573294162750244 2706
1781357323564 1.1855130195617676 2707
1781357323569 1.0750675201416016 2708
1781357323574 1.3608572483062744 2709
1781357323578 1.1730365753173828 2710
1781357323583 1.245500087738037 2711
1781357323587 1.0209243297576904 2712
1781357323593 1.1966309547424316 2713
1781357323598 1.2317452430725098 2714
1781357323603 1.5808312892913818 2715
1781357323607 1.570192813873291 2716
1781357323612 1.6559730768203735 2717
1781357323619 1.475388765335083 2718
1781357323624 1.652693510055542 2719
1781357323629 1.6919291019439697 2720
1781357323634 2.2950220108032227 2721
1781357323638 1.9632288217544556 2722
1781357323643 1.756054162979126 2723
1781357323648 2.15667724609375 2724
1781357323652 1.9238115549087524 2725
1781357323657 1.9774720668792725 2726
1781357323662 1.7204314470291138 2727
1781357323667 1.772653579711914 2728
1781357323671 2.2528936862945557 2729
1781357323676 1.965200424194336 2730
1781357323681 1.821603775024414 2731
1781357323685 1.9388612508773804 2732
1781357323690 1.9775547981262207 2733
1781357323694 1.7531452178955078 2734
1781357323698 1.8228063583374023 2735
1781357323703 1.8869926929473877 2736
1781357323707 1.8018162250518799 2737
1781357323712 1.6471936702728271 2738
1781357323716 1.8088915348052979 2739
1781357323722 1.641356348991394 2740
1781357323727 1.6492676734924316 2741
1781357323733 1.3158330917358398 2742
1781357323737 1.2562576532363892 2743
1781357323741 1.382188081741333 2744
1781357323746 1.17583167552948 2745
1781357323750 1.2965693473815918 2746
1781357323755 1.264007806777954 2747
1781357323759 1.1892590522766113 2748
1781357323764 1.0037851333618164 2749
1781357323768 0.9926509857177734 2750
1781357323773 1.047452449798584 2751
1781357323777 1.1793996095657349 2752
1781357323782 1.1848888397216797 2753
1781357323786 0.8865893483161926 2754
1781357323790 0.9926121234893799 2755
1781357323795 0.974144697189331 2756
1781357323800 0.9416249394416809 2757
1781357323804 0.7682927250862122 2758
1781357323810 0.8433065414428711 2759
1781357323816 0.7589369416236877 2760
1781357323820 0.7480224967002869 2761
1781357323825 0.6516479849815369 2762
1781357323830 0.7589758038520813 2763
1781357323834 0.6587011814117432 2764
1781357323839 0.8424055576324463 2765
1781357323843 0.6586011648178101 2766
1781357323848 0.7154077291488647 2767
1781357323852 0.7574698328971863 2768
1781357323857 0.7441279292106628 2769
1781357323861 0.619099497795105 2770
1781357323865 0.5012316703796387 2771
1781357323870 0.465495765209198 2772
1781357323874 0.4916028380393982 2773
1781357323878 0.5583715438842773 2774
1781357323883 0.5024541020393372 2775
1781357323887 0.4844816029071808 2776
1781357323892 0.5266450643539429 2777
1781357323897 0.40377146005630493 2778
1781357323903 0.4667750597000122 2779
1781357323907 0.5323339104652405 2780
1781357323912 0.4901491403579712 2781
1781357323918 0.41573333740234375 2782
1781357323923 0.46816855669021606 2783
1781357323928 0.4960091710090637 2784
1781357323933 0.5004137754440308 2785
1781357323937 0.45914074778556824 2786
1781357323942 0.37386131286621094 2787
1781357323946 0.37542518973350525 2788
1781357323951 0.5673640966415405 2789
1781357323955 0.4652004837989807 2790
1781357323960 0.29805290699005127 2791
1781357323964 0.5882311463356018 2792
1781357323969 0.42828014492988586 2793
1781357323974 0.41876715421676636 2794
1781357323979 0.3461047410964966 2795
1781357323983 0.4438246488571167 2796
1781357323988 0.3608677387237549 2797
1781357323993 0.4267251491546631 2798
1781357323997 0.35918429493904114 2799
1781357324002 0.41776108741760254 2800
1781357324007 0.3955947756767273 2801
1781357324011 0.4440332055091858 2802
1781357324016 0.4695172607898712 2803
1781357324021 0.4583601653575897 2804
1781357324026 0.3016533851623535 2805
1781357324030 0.5211601257324219 2806
1781357324036 0.38272273540496826 2807
1781357324040 0.30212515592575073 2808
1781357324044 0.4283939003944397 2809
1781357324049 0.3821456730365753 2810
